"p^n-2_i,j","p^n-2_i-1,j","p^n-2_i+1,j","p^n-2_i,j-1","p^n-2_i,j+1","p^n-1_i,j","p^n-1_i-1,j","p^n-1_i+1,j","p^n-1_i,j-1","p^n-1_i,j+1","p^n_i,j","p^n_i-1,j","p^n_i+1,j","p^n_i,j-1","p^n_i,j+1","p^n+1_i,j","p^n+1_i-1,j","p^n+1_i+1,j","p^n+1_i,j-1","p^n+1_i,j+1"
0.00000e+00,0.00000e+00,0.00000e+00,0.00000e+00,0.00000e+00,0.00000e+00,0.00000e+00,0.00000e+00,0.00000e+00,0.00000e+00,1.03844e-02,2.00569e-02,3.68685e-04,7.02367e-03,1.15629e-02,1.88656e-02,3.18286e-02,5.40466e-03,4.96505e-02,2.69619e-02
0.00000e+00,0.00000e+00,0.00000e+00,0.00000e+00,0.00000e+00,0.00000e+00,0.00000e+00,0.00000e+00,0.00000e+00,0.00000e+00,1.15629e-02,2.22460e-02,4.56882e-04,1.03844e-02,1.19756e-02,2.69619e-02,4.51873e-02,6.42864e-03,1.88656e-02,3.28191e-02
0.00000e+00,0.00000e+00,0.00000e+00,0.00000e+00,0.00000e+00,0.00000e+00,0.00000e+00,0.00000e+00,0.00000e+00,0.00000e+00,1.19756e-02,2.29997e-02,4.94853e-04,1.15629e-02,1.21200e-02,3.28191e-02,5.52426e-02,7.10110e-03,2.69619e-02,3.58916e-02
0.00000e+00,0.00000e+00,0.00000e+00,0.00000e+00,0.00000e+00,0.00000e+00,0.00000e+00,0.00000e+00,0.00000e+00,0.00000e+00,1.21200e-02,2.32594e-02,5.10474e-04,1.19756e-02,1.21705e-02,3.58916e-02,6.04168e-02,7.48105e-03,3.28191e-02,3.73125e-02
0.00000e+00,0.00000e+00,0.00000e+00,0.00000e+00,0.00000e+00,0.00000e+00,0.00000e+00,0.00000e+00,0.00000e+00,0.00000e+00,1.21705e-02,2.33490e-02,5.16707e-04,1.21200e-02,1.21882e-02,3.73125e-02,6.27381e-02,7.67520e-03,3.58916e-02,3.79262e-02
0.00000e+00,0.00000e+00,0.00000e+00,0.00000e+00,0.00000e+00,0.00000e+00,0.00000e+00,0.00000e+00,0.00000e+00,0.00000e+00,1.21882e-02,2.33799e-02,5.19140e-04,1.21705e-02,1.21944e-02,3.79262e-02,6.37082e-02,7.76776e-03,3.73125e-02,3.81800e-02
0.00000e+00,0.00000e+00,0.00000e+00,0.00000e+00,0.00000e+00,0.00000e+00,0.00000e+00,0.00000e+00,0.00000e+00,0.00000e+00,1.21944e-02,2.33906e-02,5.20073e-04,1.21882e-02,1.21966e-02,3.81800e-02,6.40963e-02,7.80967e-03,3.79262e-02,3.82813e-02
0.00000e+00,0.00000e+00,0.00000e+00,0.00000e+00,0.00000e+00,0.00000e+00,0.00000e+00,0.00000e+00,0.00000e+00,0.00000e+00,1.21966e-02,2.33942e-02,5.20424e-04,1.21944e-02,1.21973e-02,3.82813e-02,6.42463e-02,7.82781e-03,3.81800e-02,3.83192e-02
0.00000e+00,0.00000e+00,0.00000e+00,0.00000e+00,0.00000e+00,0.00000e+00,0.00000e+00,0.00000e+00,0.00000e+00,0.00000e+00,1.21973e-02,2.33955e-02,5.20550e-04,1.21966e-02,1.21975e-02,3.83192e-02,6.43009e-02,7.83506e-03,3.82813e-02,3.83288e-02
0.00000e+00,0.00000e+00,0.00000e+00,0.00000e+00,0.00000e+00,0.00000e+00,0.00000e+00,0.00000e+00,0.00000e+00,0.00000e+00,1.21975e-02,2.33958e-02,5.20581e-04,1.21973e-02,1.21973e-02,3.83288e-02,6.43145e-02,7.83698e-03,3.83192e-02,3.83192e-02
0.00000e+00,0.00000e+00,0.00000e+00,0.00000e+00,0.00000e+00,0.00000e+00,0.00000e+00,0.00000e+00,0.00000e+00,0.00000e+00,1.21973e-02,2.33955e-02,5.20550e-04,1.21975e-02,1.21966e-02,3.83192e-02,6.43009e-02,7.83506e-03,3.83288e-02,3.82813e-02
0.00000e+00,0.00000e+00,0.00000e+00,0.00000e+00,0.00000e+00,0.00000e+00,0.00000e+00,0.00000e+00,0.00000e+00,0.00000e+00,1.21966e-02,2.33942e-02,5.20424e-04,1.21973e-02,1.21944e-02,3.82813e-02,6.42463e-02,7.82781e-03,3.83192e-02,3.81800e-02
0.00000e+00,0.00000e+00,0.00000e+00,0.00000e+00,0.00000e+00,0.00000e+00,0.00000e+00,0.00000e+00,0.00000e+00,0.00000e+00,1.21944e-02,2.33906e-02,5.20073e-04,1.21966e-02,1.21882e-02,3.81800e-02,6.40963e-02,7.80967e-03,3.82813e-02,3.79262e-02
0.00000e+00,0.00000e+00,0.00000e+00,0.00000e+00,0.00000e+00,0.00000e+00,0.00000e+00,0.00000e+00,0.00000e+00,0.00000e+00,1.21882e-02,2.33799e-02,5.19140e-04,1.21944e-02,1.21705e-02,3.79262e-02,6.37082e-02,7.76776e-03,3.81800e-02,3.73125e-02
0.00000e+00,0.00000e+00,0.00000e+00,0.00000e+00,0.00000e+00,0.00000e+00,0.00000e+00,0.00000e+00,0.00000e+00,0.00000e+00,1.21705e-02,2.33490e-02,5.16707e-04,1.21882e-02,1.21200e-02,3.73125e-02,6.27381e-02,7.67520e-03,3.79262e-02,3.58916e-02
0.00000e+00,0.00000e+00,0.00000e+00,0.00000e+00,0.00000e+00,0.00000e+00,0.00000e+00,0.00000e+00,0.00000e+00,0.00000e+00,1.21200e-02,2.32594e-02,5.10474e-04,1.21705e-02,1.19756e-02,3.58916e-02,6.04168e-02,7.48105e-03,3.73125e-02,3.28191e-02
0.00000e+00,0.00000e+00,0.00000e+00,0.00000e+00,0.00000e+00,0.00000e+00,0.00000e+00,0.00000e+00,0.00000e+00,0.00000e+00,1.19756e-02,2.29997e-02,4.94853e-04,1.21200e-02,1.15629e-02,3.28191e-02,5.52426e-02,7.10110e-03,3.58916e-02,2.69619e-02
0.00000e+00,0.00000e+00,0.00000e+00,0.00000e+00,0.00000e+00,0.00000e+00,0.00000e+00,0.00000e+00,0.00000e+00,0.00000e+00,1.15629e-02,2.22460e-02,4.56882e-04,1.19756e-02,1.03844e-02,2.69619e-02,4.51873e-02,6.42864e-03,3.28191e-02,1.88656e-02
0.00000e+00,0.00000e+00,0.00000e+00,0.00000e+00,0.00000e+00,0.00000e+00,0.00000e+00,0.00000e+00,0.00000e+00,0.00000e+00,1.03844e-02,2.00569e-02,3.68685e-04,1.15629e-02,7.02367e-03,1.88656e-02,3.18286e-02,5.40466e-03,2.69619e-02,4.96505e-02
0.00000e+00,0.00000e+00,0.00000e+00,0.00000e+00,0.00000e+00,0.00000e+00,0.00000e+00,0.00000e+00,0.00000e+00,0.00000e+00,3.68685e-04,1.03844e-02,1.31859e-05,1.78398e-04,4.56882e-04,5.40466e-03,1.88656e-02,1.24222e-03,5.30292e-03,6.42864e-03
0.00000e+00,0.00000e+00,0.00000e+00,0.00000e+00,0.00000e+00,0.00000e+00,0.00000e+00,0.00000e+00,0.00000e+00,0.00000e+00,4.56882e-04,1.15629e-02,1.76515e-05,3.68685e-04,4.94853e-04,6.42864e-03,2.69619e-02,1.53194e-03,5.40466e-03,7.10110e-03
0.00000e+00,0.00000e+00,0.00000e+00,0.00000e+00,0.00000e+00,0.00000e+00,0.00000e+00,0.00000e+00,0.00000e+00,0.00000e+00,4.94853e-04,1.19756e-02,1.99407e-05,4.56882e-04,5.10474e-04,7.10110e-03,3.28191e-02,1.67204e-03,6.42864e-03,7.48105e-03
0.00000e+00,0.00000e+00,0.00000e+00,0.00000e+00,0.00000e+00,0.00000e+00,0.00000e+00,0.00000e+00,0.00000e+00,0.00000e+00,5.10474e-04,1.21200e-02,2.10280e-05,4.94853e-04,5.16707e-04,7.48105e-03,3.58916e-02,1.73827e-03,7.10110e-03,7.67520e-03
0.00000e+00,0.00000e+00,0.00000e+00,0.00000e+00,0.00000e+00,0.00000e+00,0.00000e+00,0.00000e+00,0.00000e+00,0.00000e+00,5.16707e-04,1.21705e-02,2.15179e-05,5.10474e-04,5.19140e-04,7.67520e-03,3.73125e-02,1.76900e-03,7.48105e-03,7.76776e-03
0.00000e+00,0.00000e+00,0.00000e+00,0.00000e+00,0.00000e+00,0.00000e+00,0.00000e+00,0.00000e+00,0.00000e+00,0.00000e+00,5.19140e-04,1.21882e-02,2.17304e-05,5.16707e-04,5.20073e-04,7.76776e-03,3.79262e-02,1.78298e-03,7.67520e-03,7.80967e-03
0.00000e+00,0.00000e+00,0.00000e+00,0.00000e+00,0.00000e+00,0.00000e+00,0.00000e+00,0.00000e+00,0.00000e+00,0.00000e+00,5.20073e-04,1.21944e-02,2.18197e-05,5.19140e-04,5.20424e-04,7.80967e-03,3.81800e-02,1.78922e-03,7.76776e-03,7.82781e-03
0.00000e+00,0.00000e+00,0.00000e+00,0.00000e+00,0.00000e+00,0.00000e+00,0.00000e+00,0.00000e+00,0.00000e+00,0.00000e+00,5.20424e-04,1.21966e-02,2.18562e-05,5.20073e-04,5.20550e-04,7.82781e-03,3.82813e-02,1.79192e-03,7.80967e-03,7.83506e-03
0.00000e+00,0.00000e+00,0.00000e+00,0.00000e+00,0.00000e+00,0.00000e+00,0.00000e+00,0.00000e+00,0.00000e+00,0.00000e+00,5.20550e-04,1.21973e-02,2.18702e-05,5.20424e-04,5.20581e-04,7.83506e-03,3.83192e-02,1.79302e-03,7.82781e-03,7.83698e-03
0.00000e+00,0.00000e+00,0.00000e+00,0.00000e+00,0.00000e+00,0.00000e+00,0.00000e+00,0.00000e+00,0.00000e+00,0.00000e+00,5.20581e-04,1.21975e-02,2.18738e-05,5.20550e-04,5.20550e-04,7.83698e-03,3.83288e-02,1.79331e-03,7.83506e-03,7.83506e-03
0.00000e+00,0.00000e+00,0.00000e+00,0.00000e+00,0.00000e+00,0.00000e+00,0.00000e+00,0.00000e+00,0.00000e+00,0.00000e+00,5.20550e-04,1.21973e-02,2.18702e-05,5.20581e-04,5.20424e-04,7.83506e-03,3.83192e-02,1.79302e-03,7.83698e-03,7.82781e-03
0.00000e+00,0.00000e+00,0.00000e+00,0.00000e+00,0.00000e+00,0.00000e+00,0.00000e+00,0.00000e+00,0.00000e+00,0.00000e+00,5.20424e-04,1.21966e-02,2.18562e-05,5.20550e-04,5.20073e-04,7.82781e-03,3.82813e-02,1.79192e-03,7.83506e-03,7.80967e-03
0.00000e+00,0.00000e+00,0.00000e+00,0.00000e+00,0.00000e+00,0.00000e+00,0.00000e+00,0.00000e+00,0.00000e+00,0.00000e+00,5.20073e-04,1.21944e-02,2.18197e-05,5.20424e-04,5.19140e-04,7.80967e-03,3.81800e-02,1.78922e-03,7.82781e-03,7.76776e-03
0.00000e+00,0.00000e+00,0.00000e+00,0.00000e+00,0.00000e+00,0.00000e+00,0.00000e+00,0.00000e+00,0.00000e+00,0.00000e+00,5.19140e-04,1.21882e-02,2.17304e-05,5.20073e-04,5.16707e-04,7.76776e-03,3.79262e-02,1.78298e-03,7.80967e-03,7.67520e-03
0.00000e+00,0.00000e+00,0.00000e+00,0.00000e+00,0.00000e+00,0.00000e+00,0.00000e+00,0.00000e+00,0.00000e+00,0.00000e+00,5.16707e-04,1.21705e-02,2.15179e-05,5.19140e-04,5.10474e-04,7.67520e-03,3.73125e-02,1.76900e-03,7.76776e-03,7.48105e-03
0.00000e+00,0.00000e+00,0.00000e+00,0.00000e+00,0.00000e+00,0.00000e+00,0.00000e+00,0.00000e+00,0.00000e+00,0.00000e+00,5.10474e-04,1.21200e-02,2.10280e-05,5.16707e-04,4.94853e-04,7.48105e-03,3.58916e-02,1.73827e-03,7.67520e-03,7.10110e-03
0.00000e+00,0.00000e+00,0.00000e+00,0.00000e+00,0.00000e+00,0.00000e+00,0.00000e+00,0.00000e+00,0.00000e+00,0.00000e+00,4.94853e-04,1.19756e-02,1.99407e-05,5.10474e-04,4.56882e-04,7.10110e-03,3.28191e-02,1.67204e-03,7.48105e-03,6.42864e-03
0.00000e+00,0.00000e+00,0.00000e+00,0.00000e+00,0.00000e+00,0.00000e+00,0.00000e+00,0.00000e+00,0.00000e+00,0.00000e+00,4.56882e-04,1.15629e-02,1.76515e-05,4.94853e-04,3.68685e-04,6.42864e-03,2.69619e-02,1.53194e-03,7.10110e-03,5.40466e-03
0.00000e+00,0.00000e+00,0.00000e+00,0.00000e+00,0.00000e+00,0.00000e+00,0.00000e+00,0.00000e+00,0.00000e+00,0.00000e+00,3.68685e-04,1.03844e-02,1.31859e-05,4.56882e-04,1.78398e-04,5.40466e-03,1.88656e-02,1.24222e-03,6.42864e-03,5.30292e-03
0.00000e+00,0.00000e+00,0.00000e+00,0.00000e+00,0.00000e+00,0.00000e+00,0.00000e+00,0.00000e+00,0.00000e+00,0.00000e+00,1.31859e-05,3.68685e-04,4.84379e-07,5.39171e-06,1.76515e-05,1.24222e-03,5.40466e-03,8.27055e-05,6.90316e-04,1.53194e-03
0.00000e+00,0.00000e+00,0.00000e+00,0.00000e+00,0.00000e+00,0.00000e+00,0.00000e+00,0.00000e+00,0.00000e+00,0.00000e+00,1.76515e-05,4.56882e-04,6.85286e-07,1.31859e-05,1.99407e-05,1.53194e-03,6.42864e-03,1.10039e-04,1.24222e-03,1.67204e-03
0.00000e+00,0.00000e+00,0.00000e+00,0.00000e+00,0.00000e+00,0.00000e+00,0.00000e+00,0.00000e+00,0.00000e+00,0.00000e+00,1.99407e-05,4.94853e-04,8.02621e-07,1.76515e-05,2.10280e-05,1.67204e-03,7.10110e-03,1.24680e-04,1.53194e-03,1.73827e-03
0.00000e+00,0.00000e+00,0.00000e+00,0.00000e+00,0.00000e+00,0.00000e+00,0.00000e+00,0.00000e+00,0.00000e+00,0.00000e+00,2.10280e-05,5.10474e-04,8.65276e-07,1.99407e-05,2.15179e-05,1.73827e-03,7.48105e-03,1.32057e-04,1.67204e-03,1.76900e-03
0.00000e+00,0.00000e+00,0.00000e+00,0.00000e+00,0.00000e+00,0.00000e+00,0.00000e+00,0.00000e+00,0.00000e+00,0.00000e+00,2.15179e-05,5.16707e-04,8.96631e-07,2.10280e-05,2.17304e-05,1.76900e-03,7.67520e-03,1.35624e-04,1.73827e-03,1.78298e-03
0.00000e+00,0.00000e+00,0.00000e+00,0.00000e+00,0.00000e+00,0.00000e+00,0.00000e+00,0.00000e+00,0.00000e+00,0.00000e+00,2.17304e-05,5.19140e-04,9.11566e-07,2.15179e-05,2.18197e-05,1.78298e-03,7.76776e-03,1.37297e-04,1.76900e-03,1.78922e-03
0.00000e+00,0.00000e+00,0.00000e+00,0.00000e+00,0.00000e+00,0.00000e+00,0.00000e+00,0.00000e+00,0.00000e+00,0.00000e+00,2.18197e-05,5.20073e-04,9.18401e-07,2.17304e-05,2.18562e-05,1.78922e-03,7.80967e-03,1.38062e-04,1.78298e-03,1.79192e-03
0.00000e+00,0.00000e+00,0.00000e+00,0.00000e+00,0.00000e+00,0.00000e+00,0.00000e+00,0.00000e+00,0.00000e+00,0.00000e+00,2.18562e-05,5.20424e-04,9.21409e-07,2.18197e-05,2.18702e-05,1.79192e-03,7.82781e-03,1.38402e-04,1.78922e-03,1.79302e-03
0.00000e+00,0.00000e+00,0.00000e+00,0.00000e+00,0.00000e+00,0.00000e+00,0.00000e+00,0.00000e+00,0.00000e+00,0.00000e+00,2.18702e-05,5.20550e-04,9.22633e-07,2.18562e-05,2.18738e-05,1.79302e-03,7.83506e-03,1.38542e-04,1.79192e-03,1.79331e-03
0.00000e+00,0.00000e+00,0.00000e+00,0.00000e+00,0.00000e+00,0.00000e+00,0.00000e+00,0.00000e+00,0.00000e+00,0.00000e+00,2.18738e-05,5.20581e-04,9.22960e-07,2.18702e-05,2.18702e-05,1.79331e-03,7.83698e-03,1.38580e-04,1.79302e-03,1.79302e-03
0.00000e+00,0.00000e+00,0.00000e+00,0.00000e+00,0.00000e+00,0.00000e+00,0.00000e+00,0.00000e+00,0.00000e+00,0.00000e+00,2.18702e-05,5.20550e-04,9.22633e-07,2.18738e-05,2.18562e-05,1.79302e-03,7.83506e-03,1.38542e-04,1.79331e-03,1.79192e-03
0.00000e+00,0.00000e+00,0.00000e+00,0.00000e+00,0.00000e+00,0.00000e+00,0.00000e+00,0.00000e+00,0.00000e+00,0.00000e+00,2.18562e-05,5.20424e-04,9.21409e-07,2.18702e-05,2.18197e-05,1.79192e-03,7.82781e-03,1.38402e-04,1.79302e-03,1.78922e-03
0.00000e+00,0.00000e+00,0.00000e+00,0.00000e+00,0.00000e+00,0.00000e+00,0.00000e+00,0.00000e+00,0.00000e+00,0.00000e+00,2.18197e-05,5.20073e-04,9.18401e-07,2.18562e-05,2.17304e-05,1.78922e-03,7.80967e-03,1.38062e-04,1.79192e-03,1.78298e-03
0.00000e+00,0.00000e+00,0.00000e+00,0.00000e+00,0.00000e+00,0.00000e+00,0.00000e+00,0.00000e+00,0.00000e+00,0.00000e+00,2.17304e-05,5.19140e-04,9.11566e-07,2.18197e-05,2.15179e-05,1.78298e-03,7.76776e-03,1.37297e-04,1.78922e-03,1.76900e-03
0.00000e+00,0.00000e+00,0.00000e+00,0.00000e+00,0.00000e+00,0.00000e+00,0.00000e+00,0.00000e+00,0.00000e+00,0.00000e+00,2.15179e-05,5.16707e-04,8.96631e-07,2.17304e-05,2.10280e-05,1.76900e-03,7.67520e-03,1.35624e-04,1.78298e-03,1.73827e-03
0.00000e+00,0.00000e+00,0.00000e+00,0.00000e+00,0.00000e+00,0.00000e+00,0.00000e+00,0.00000e+00,0.00000e+00,0.00000e+00,2.10280e-05,5.10474e-04,8.65276e-07,2.15179e-05,1.99407e-05,1.73827e-03,7.48105e-03,1.32057e-04,1.76900e-03,1.67204e-03
0.00000e+00,0.00000e+00,0.00000e+00,0.00000e+00,0.00000e+00,0.00000e+00,0.00000e+00,0.00000e+00,0.00000e+00,0.00000e+00,1.99407e-05,4.94853e-04,8.02621e-07,2.10280e-05,1.76515e-05,1.67204e-03,7.10110e-03,1.24680e-04,1.73827e-03,1.53194e-03
0.00000e+00,0.00000e+00,0.00000e+00,0.00000e+00,0.00000e+00,0.00000e+00,0.00000e+00,0.00000e+00,0.00000e+00,0.00000e+00,1.76515e-05,4.56882e-04,6.85286e-07,1.99407e-05,1.31859e-05,1.53194e-03,6.42864e-03,1.10039e-04,1.67204e-03,1.24222e-03
0.00000e+00,0.00000e+00,0.00000e+00,0.00000e+00,0.00000e+00,0.00000e+00,0.00000e+00,0.00000e+00,0.00000e+00,0.00000e+00,1.31859e-05,3.68685e-04,4.84379e-07,1.76515e-05,5.39171e-06,1.24222e-03,5.40466e-03,8.27055e-05,1.53194e-03,6.90316e-04
0.00000e+00,0.00000e+00,0.00000e+00,0.00000e+00,0.00000e+00,0.00000e+00,0.00000e+00,0.00000e+00,0.00000e+00,0.00000e+00,4.84379e-07,1.31859e-05,1.82284e-08,1.82477e-07,6.85286e-07,8.27055e-05,1.24222e-03,4.44493e-06,3.77595e-05,1.10039e-04
0.00000e+00,0.00000e+00,0.00000e+00,0.00000e+00,0.00000e+00,0.00000e+00,0.00000e+00,0.00000e+00,0.00000e+00,0.00000e+00,6.85286e-07,1.76515e-05,2.67609e-08,4.84379e-07,8.02621e-07,1.10039e-04,1.53194e-03,6.23290e-06,8.27055e-05,1.24680e-04
0.00000e+00,0.00000e+00,0.00000e+00,0.00000e+00,0.00000e+00,0.00000e+00,0.00000e+00,0.00000e+00,0.00000e+00,0.00000e+00,8.02621e-07,1.99407e-05,3.22600e-08,6.85286e-07,8.65276e-07,1.24680e-04,1.67204e-03,7.30322e-06,1.10039e-04,1.32057e-04
0.00000e+00,0.00000e+00,0.00000e+00,0.00000e+00,0.00000e+00,0.00000e+00,0.00000e+00,0.00000e+00,0.00000e+00,0.00000e+00,8.65276e-07,2.10280e-05,3.54860e-08,8.02621e-07,8.96631e-07,1.32057e-04,1.73827e-03,7.89377e-06,1.24680e-04,1.35624e-04
0.00000e+00,0.00000e+00,0.00000e+00,0.00000e+00,0.00000e+00,0.00000e+00,0.00000e+00,0.00000e+00,0.00000e+00,0.00000e+00,8.96631e-07,2.15179e-05,3.72485e-08,8.65276e-07,9.11566e-07,1.35624e-04,1.76900e-03,8.20134e-06,1.32057e-04,1.37297e-04
0.00000e+00,0.00000e+00,0.00000e+00,0.00000e+00,0.00000e+00,0.00000e+00,0.00000e+00,0.00000e+00,0.00000e+00,0.00000e+00,9.11566e-07,2.17304e-05,3.81591e-08,8.96631e-07,9.18401e-07,1.37297e-04,1.78298e-03,8.35477e-06,1.35624e-04,1.38062e-04
0.00000e+00,0.00000e+00,0.00000e+00,0.00000e+00,0.00000e+00,0.00000e+00,0.00000e+00,0.00000e+00,0.00000e+00,0.00000e+00,9.18401e-07,2.18197e-05,3.86082e-08,9.11566e-07,9.21409e-07,1.38062e-04,1.78922e-03,8.42864e-06,1.37297e-04,1.38402e-04
0.00000e+00,0.00000e+00,0.00000e+00,0.00000e+00,0.00000e+00,0.00000e+00,0.00000e+00,0.00000e+00,0.00000e+00,0.00000e+00,9.21409e-07,2.18562e-05,3.88194e-08,9.18401e-07,9.22633e-07,1.38402e-04,1.79192e-03,8.46288e-06,1.38062e-04,1.38542e-04
0.00000e+00,0.00000e+00,0.00000e+00,0.00000e+00,0.00000e+00,0.00000e+00,0.00000e+00,0.00000e+00,0.00000e+00,0.00000e+00,9.22633e-07,2.18702e-05,3.89103e-08,9.21409e-07,9.22960e-07,1.38542e-04,1.79302e-03,8.47751e-06,1.38402e-04,1.38580e-04
0.00000e+00,0.00000e+00,0.00000e+00,0.00000e+00,0.00000e+00,0.00000e+00,0.00000e+00,0.00000e+00,0.00000e+00,0.00000e+00,9.22960e-07,2.18738e-05,3.89354e-08,9.22633e-07,9.22633e-07,1.38580e-04,1.79331e-03,8.48153e-06,1.38542e-04,1.38542e-04
0.00000e+00,0.00000e+00,0.00000e+00,0.00000e+00,0.00000e+00,0.00000e+00,0.00000e+00,0.00000e+00,0.00000e+00,0.00000e+00,9.22633e-07,2.18702e-05,3.89103e-08,9.22960e-07,9.21409e-07,1.38542e-04,1.79302e-03,8.47751e-06,1.38580e-04,1.38402e-04
0.00000e+00,0.00000e+00,0.00000e+00,0.00000e+00,0.00000e+00,0.00000e+00,0.00000e+00,0.00000e+00,0.00000e+00,0.00000e+00,9.21409e-07,2.18562e-05,3.88195e-08,9.22633e-07,9.18401e-07,1.38402e-04,1.79192e-03,8.46288e-06,1.38542e-04,1.38062e-04
0.00000e+00,0.00000e+00,0.00000e+00,0.00000e+00,0.00000e+00,0.00000e+00,0.00000e+00,0.00000e+00,0.00000e+00,0.00000e+00,9.18401e-07,2.18197e-05,3.86082e-08,9.21409e-07,9.11566e-07,1.38062e-04,1.78922e-03,8.42864e-06,1.38402e-04,1.37297e-04
0.00000e+00,0.00000e+00,0.00000e+00,0.00000e+00,0.00000e+00,0.00000e+00,0.00000e+00,0.00000e+00,0.00000e+00,0.00000e+00,9.11566e-07,2.17304e-05,3.81591e-08,9.18401e-07,8.96631e-07,1.37297e-04,1.78298e-03,8.35477e-06,1.38062e-04,1.35624e-04
0.00000e+00,0.00000e+00,0.00000e+00,0.00000e+00,0.00000e+00,0.00000e+00,0.00000e+00,0.00000e+00,0.00000e+00,0.00000e+00,8.96631e-07,2.15179e-05,3.72485e-08,9.11566e-07,8.65276e-07,1.35624e-04,1.76900e-03,8.20134e-06,1.37297e-04,1.32057e-04
0.00000e+00,0.00000e+00,0.00000e+00,0.00000e+00,0.00000e+00,0.00000e+00,0.00000e+00,0.00000e+00,0.00000e+00,0.00000e+00,8.65276e-07,2.10280e-05,3.54861e-08,8.96631e-07,8.02621e-07,1.32057e-04,1.73827e-03,7.89377e-06,1.35624e-04,1.24680e-04
0.00000e+00,0.00000e+00,0.00000e+00,0.00000e+00,0.00000e+00,0.00000e+00,0.00000e+00,0.00000e+00,0.00000e+00,0.00000e+00,8.02621e-07,1.99407e-05,3.22601e-08,8.65276e-07,6.85286e-07,1.24680e-04,1.67204e-03,7.30322e-06,1.32057e-04,1.10039e-04
0.00000e+00,0.00000e+00,0.00000e+00,0.00000e+00,0.00000e+00,0.00000e+00,0.00000e+00,0.00000e+00,0.00000e+00,0.00000e+00,6.85286e-07,1.76515e-05,2.67609e-08,8.02621e-07,4.84379e-07,1.10039e-04,1.53194e-03,6.23290e-06,1.24680e-04,8.27055e-05
0.00000e+00,0.00000e+00,0.00000e+00,0.00000e+00,0.00000e+00,0.00000e+00,0.00000e+00,0.00000e+00,0.00000e+00,0.00000e+00,4.84379e-07,1.31859e-05,1.82285e-08,6.85286e-07,1.82477e-07,8.27055e-05,1.24222e-03,4.44493e-06,1.10039e-04,3.77595e-05
0.00000e+00,0.00000e+00,0.00000e+00,0.00000e+00,0.00000e+00,0.00000e+00,0.00000e+00,0.00000e+00,0.00000e+00,0.00000e+00,1.82284e-08,4.84379e-07,6.99131e-10,6.59319e-09,2.67609e-08,4.44493e-06,8.27055e-05,2.20233e-07,1.84395e-06,6.23290e-06
0.00000e+00,0.00000e+00,0.00000e+00,0.00000e+00,0.00000e+00,0.00000e+00,0.00000e+00,0.00000e+00,0.00000e+00,0.00000e+00,2.67609e-08,6.85286e-07,1.05241e-09,1.82284e-08,3.22600e-08,6.23290e-06,1.10039e-04,3.20190e-07,4.44493e-06,7.30322e-06
0.00000e+00,0.00000e+00,0.00000e+00,0.00000e+00,0.00000e+00,0.00000e+00,0.00000e+00,0.00000e+00,0.00000e+00,0.00000e+00,3.22600e-08,8.02621e-07,1.29754e-09,2.67609e-08,3.54860e-08,7.30322e-06,1.24680e-04,3.85618e-07,6.23290e-06,7.89377e-06
0.00000e+00,0.00000e+00,0.00000e+00,0.00000e+00,0.00000e+00,0.00000e+00,0.00000e+00,0.00000e+00,0.00000e+00,0.00000e+00,3.54860e-08,8.65276e-07,1.45255e-09,3.22600e-08,3.72485e-08,7.89377e-06,1.32057e-04,4.24805e-07,7.30322e-06,8.20134e-06
0.00000e+00,0.00000e+00,0.00000e+00,0.00000e+00,0.00000e+00,0.00000e+00,0.00000e+00,0.00000e+00,0.00000e+00,0.00000e+00,3.72485e-08,8.96631e-07,1.54365e-09,3.54860e-08,3.81591e-08,8.20134e-06,1.35624e-04,4.46770e-07,7.89377e-06,8.35477e-06
0.00000e+00,0.00000e+00,0.00000e+00,0.00000e+00,0.00000e+00,0.00000e+00,0.00000e+00,0.00000e+00,0.00000e+00,0.00000e+00,3.81591e-08,9.11566e-07,1.59410e-09,3.72485e-08,3.86082e-08,8.35477e-06,1.37297e-04,4.58463e-07,8.20134e-06,8.42864e-06
0.00000e+00,0.00000e+00,0.00000e+00,0.00000e+00,0.00000e+00,0.00000e+00,0.00000e+00,0.00000e+00,0.00000e+00,0.00000e+00,3.86082e-08,9.18401e-07,1.62066e-09,3.81591e-08,3.88194e-08,8.42864e-06,1.38062e-04,4.64425e-07,8.35477e-06,8.46288e-06
0.00000e+00,0.00000e+00,0.00000e+00,0.00000e+00,0.00000e+00,0.00000e+00,0.00000e+00,0.00000e+00,0.00000e+00,0.00000e+00,3.88194e-08,9.21409e-07,1.63391e-09,3.86082e-08,3.89103e-08,8.46288e-06,1.38402e-04,4.67328e-07,8.42864e-06,8.47751e-06
0.00000e+00,0.00000e+00,0.00000e+00,0.00000e+00,0.00000e+00,0.00000e+00,0.00000e+00,0.00000e+00,0.00000e+00,0.00000e+00,3.89103e-08,9.22633e-07,1.63989e-09,3.88194e-08,3.89354e-08,8.47751e-06,1.38542e-04,4.68616e-07,8.46288e-06,8.48153e-06
0.00000e+00,0.00000e+00,0.00000e+00,0.00000e+00,0.00000e+00,0.00000e+00,0.00000e+00,0.00000e+00,0.00000e+00,0.00000e+00,3.89354e-08,9.22960e-07,1.64159e-09,3.89103e-08,3.89103e-08,8.48153e-06,1.38580e-04,4.68979e-07,8.47751e-06,8.47751e-06
0.00000e+00,0.00000e+00,0.00000e+00,0.00000e+00,0.00000e+00,0.00000e+00,0.00000e+00,0.00000e+00,0.00000e+00,0.00000e+00,3.89103e-08,9.22633e-07,1.63990e-09,3.89354e-08,3.88195e-08,8.47751e-06,1.38542e-04,4.68616e-07,8.48153e-06,8.46288e-06
0.00000e+00,0.00000e+00,0.00000e+00,0.00000e+00,0.00000e+00,0.00000e+00,0.00000e+00,0.00000e+00,0.00000e+00,0.00000e+00,3.88195e-08,9.21409e-07,1.63392e-09,3.89103e-08,3.86082e-08,8.46288e-06,1.38402e-04,4.67328e-07,8.47751e-06,8.42864e-06
0.00000e+00,0.00000e+00,0.00000e+00,0.00000e+00,0.00000e+00,0.00000e+00,0.00000e+00,0.00000e+00,0.00000e+00,0.00000e+00,3.86082e-08,9.18401e-07,1.62067e-09,3.88195e-08,3.81591e-08,8.42864e-06,1.38062e-04,4.64425e-07,8.46288e-06,8.35477e-06
0.00000e+00,0.00000e+00,0.00000e+00,0.00000e+00,0.00000e+00,0.00000e+00,0.00000e+00,0.00000e+00,0.00000e+00,0.00000e+00,3.81591e-08,9.11566e-07,1.59411e-09,3.86082e-08,3.72485e-08,8.35477e-06,1.37297e-04,4.58463e-07,8.42864e-06,8.20134e-06
0.00000e+00,0.00000e+00,0.00000e+00,0.00000e+00,0.00000e+00,0.00000e+00,0.00000e+00,0.00000e+00,0.00000e+00,0.00000e+00,3.72485e-08,8.96631e-07,1.54365e-09,3.81591e-08,3.54861e-08,8.20134e-06,1.35624e-04,4.46770e-07,8.35477e-06,7.89377e-06
0.00000e+00,0.00000e+00,0.00000e+00,0.00000e+00,0.00000e+00,0.00000e+00,0.00000e+00,0.00000e+00,0.00000e+00,0.00000e+00,3.54861e-08,8.65276e-07,1.45255e-09,3.72485e-08,3.22601e-08,7.89377e-06,1.32057e-04,4.24805e-07,8.20134e-06,7.30322e-06
0.00000e+00,0.00000e+00,0.00000e+00,0.00000e+00,0.00000e+00,0.00000e+00,0.00000e+00,0.00000e+00,0.00000e+00,0.00000e+00,3.22601e-08,8.02621e-07,1.29755e-09,3.54861e-08,2.67609e-08,7.30322e-06,1.24680e-04,3.85618e-07,7.89377e-06,6.23290e-06
0.00000e+00,0.00000e+00,0.00000e+00,0.00000e+00,0.00000e+00,0.00000e+00,0.00000e+00,0.00000e+00,0.00000e+00,0.00000e+00,2.67609e-08,6.85286e-07,1.05242e-09,3.22601e-08,1.82285e-08,6.23290e-06,1.10039e-04,3.20190e-07,7.30322e-06,4.44493e-06
0.00000e+00,0.00000e+00,0.00000e+00,0.00000e+00,0.00000e+00,0.00000e+00,0.00000e+00,0.00000e+00,0.00000e+00,0.00000e+00,1.82285e-08,4.84379e-07,6.99139e-10,2.67609e-08,6.59322e-09,4.44493e-06,8.27055e-05,2.20233e-07,6.23290e-06,1.84395e-06
0.00000e+00,0.00000e+00,0.00000e+00,0.00000e+00,0.00000e+00,0.00000e+00,0.00000e+00,0.00000e+00,0.00000e+00,0.00000e+00,6.99131e-10,1.82284e-08,2.72045e-11,2.47438e-10,1.05241e-09,2.20233e-07,4.44493e-06,1.04775e-08,8.68491e-08,3.20190e-07
0.00000e+00,0.00000e+00,0.00000e+00,0.00000e+00,0.00000e+00,0.00000e+00,0.00000e+00,0.00000e+00,0.00000e+00,0.00000e+00,1.05241e-09,2.67609e-08,4.16732e-11,6.99131e-10,1.29754e-09,3.20190e-07,6.23290e-06,1.56159e-08,2.20233e-07,3.85618e-07
0.00000e+00,0.00000e+00,0.00000e+00,0.00000e+00,0.00000e+00,0.00000e+00,0.00000e+00,0.00000e+00,0.00000e+00,0.00000e+00,1.29754e-09,3.22600e-08,5.22869e-11,1.05241e-09,1.45255e-09,3.85618e-07,7.30322e-06,1.92192e-08,3.20190e-07,4.24805e-07
0.00000e+00,0.00000e+00,0.00000e+00,0.00000e+00,0.00000e+00,0.00000e+00,0.00000e+00,0.00000e+00,0.00000e+00,0.00000e+00,1.45255e-09,3.54860e-08,5.94133e-11,1.29754e-09,1.54365e-09,4.24805e-07,7.89377e-06,2.15306e-08,3.85618e-07,4.46770e-07
0.00000e+00,0.00000e+00,0.00000e+00,0.00000e+00,0.00000e+00,0.00000e+00,0.00000e+00,0.00000e+00,0.00000e+00,0.00000e+00,1.54365e-09,3.72485e-08,6.38634e-11,1.45255e-09,1.59410e-09,4.46770e-07,8.20134e-06,2.29133e-08,4.24805e-07,4.58463e-07
0.00000e+00,0.00000e+00,0.00000e+00,0.00000e+00,0.00000e+00,0.00000e+00,0.00000e+00,0.00000e+00,0.00000e+00,0.00000e+00,1.59410e-09,3.81591e-08,6.64787e-11,1.54365e-09,1.62066e-09,4.58463e-07,8.35477e-06,2.36953e-08,4.46770e-07,4.64425e-07
0.00000e+00,0.00000e+00,0.00000e+00,0.00000e+00,0.00000e+00,0.00000e+00,0.00000e+00,0.00000e+00,0.00000e+00,0.00000e+00,1.62066e-09,3.86082e-08,6.79353e-11,1.59410e-09,1.63391e-09,4.64425e-07,8.42864e-06,2.41166e-08,4.58463e-07,4.67328e-07
0.00000e+00,0.00000e+00,0.00000e+00,0.00000e+00,0.00000e+00,0.00000e+00,0.00000e+00,0.00000e+00,0.00000e+00,0.00000e+00,1.63391e-09,3.88194e-08,6.87003e-11,1.62066e-09,1.63989e-09,4.67328e-07,8.46288e-06,2.43320e-08,4.64425e-07,4.68616e-07
0.00000e+00,0.00000e+00,0.00000e+00,0.00000e+00,0.00000e+00,0.00000e+00,0.00000e+00,0.00000e+00,0.00000e+00,0.00000e+00,1.63989e-09,3.89103e-08,6.90602e-11,1.63391e-09,1.64159e-09,4.68616e-07,8.47751e-06,2.44313e-08,4.67328e-07,4.68979e-07
0.00000e+00,0.00000e+00,0.00000e+00,0.00000e+00,0.00000e+00,0.00000e+00,0.00000e+00,0.00000e+00,0.00000e+00,0.00000e+00,1.64159e-09,3.89354e-08,6.91649e-11,1.63989e-09,1.63990e-09,4.68979e-07,8.48153e-06,2.44598e-08,4.68616e-07,4.68616e-07
0.00000e+00,0.00000e+00,0.00000e+00,0.00000e+00,0.00000e+00,0.00000e+00,0.00000e+00,0.00000e+00,0.00000e+00,0.00000e+00,1.63990e-09,3.89103e-08,6.90603e-11,1.64159e-09,1.63392e-09,4.68616e-07,8.47751e-06,2.44313e-08,4.68979e-07,4.67328e-07
0.00000e+00,0.00000e+00,0.00000e+00,0.00000e+00,0.00000e+00,0.00000e+00,0.00000e+00,0.00000e+00,0.00000e+00,0.00000e+00,1.63392e-09,3.88195e-08,6.87005e-11,1.63990e-09,1.62067e-09,4.67328e-07,8.46288e-06,2.43320e-08,4.68616e-07,4.64425e-07
0.00000e+00,0.00000e+00,0.00000e+00,0.00000e+00,0.00000e+00,0.00000e+00,0.00000e+00,0.00000e+00,0.00000e+00,0.00000e+00,1.62067e-09,3.86082e-08,6.79356e-11,1.63392e-09,1.59411e-09,4.64425e-07,8.42864e-06,2.41166e-08,4.67328e-07,4.58463e-07
0.00000e+00,0.00000e+00,0.00000e+00,0.00000e+00,0.00000e+00,0.00000e+00,0.00000e+00,0.00000e+00,0.00000e+00,0.00000e+00,1.59411e-09,3.81591e-08,6.64791e-11,1.62067e-09,1.54365e-09,4.58463e-07,8.35477e-06,2.36954e-08,4.64425e-07,4.46770e-07
0.00000e+00,0.00000e+00,0.00000e+00,0.00000e+00,0.00000e+00,0.00000e+00,0.00000e+00,0.00000e+00,0.00000e+00,0.00000e+00,1.54365e-09,3.72485e-08,6.38640e-11,1.59411e-09,1.45255e-09,4.46770e-07,8.20134e-06,2.29134e-08,4.58463e-07,4.24805e-07
0.00000e+00,0.00000e+00,0.00000e+00,0.00000e+00,0.00000e+00,0.00000e+00,0.00000e+00,0.00000e+00,0.00000e+00,0.00000e+00,1.45255e-09,3.54861e-08,5.94141e-11,1.54365e-09,1.29755e-09,4.24805e-07,7.89377e-06,2.15306e-08,4.46770e-07,3.85618e-07
0.00000e+00,0.00000e+00,0.00000e+00,0.00000e+00,0.00000e+00,0.00000e+00,0.00000e+00,0.00000e+00,0.00000e+00,0.00000e+00,1.29755e-09,3.22601e-08,5.22877e-11,1.45255e-09,1.05242e-09,3.85618e-07,7.30322e-06,1.92192e-08,4.24805e-07,3.20190e-07
0.00000e+00,0.00000e+00,0.00000e+00,0.00000e+00,0.00000e+00,0.00000e+00,0.00000e+00,0.00000e+00,0.00000e+00,0.00000e+00,1.05242e-09,2.67609e-08,4.16740e-11,1.29755e-09,6.99139e-10,3.20190e-07,6.23290e-06,1.56159e-08,3.85618e-07,2.20233e-07
0.00000e+00,0.00000e+00,0.00000e+00,0.00000e+00,0.00000e+00,0.00000e+00,0.00000e+00,0.00000e+00,0.00000e+00,0.00000e+00,6.99139e-10,1.82285e-08,2.72052e-11,1.05242e-09,2.47441e-10,2.20233e-07,4.44493e-06,1.04775e-08,3.20190e-07,8.68492e-08
0.00000e+00,0.00000e+00,0.00000e+00,0.00000e+00,0.00000e+00,0.00000e+00,0.00000e+00,0.00000e+00,0.00000e+00,0.00000e+00,2.72045e-11,6.99131e-10,1.07031e-12,9.50604e-12,4.16732e-11,1.04775e-08,2.20233e-07,4.86673e-10,4.01173e-09,1.56159e-08
0.00000e+00,0.00000e+00,0.00000e+00,0.00000e+00,0.00000e+00,0.00000e+00,0.00000e+00,0.00000e+00,0.00000e+00,0.00000e+00,4.16732e-11,1.05241e-09,1.66039e-12,2.72045e-11,5.22869e-11,1.56159e-08,3.20190e-07,7.38179e-10,1.04775e-08,1.92192e-08
0.00000e+00,0.00000e+00,0.00000e+00,0.00000e+00,0.00000e+00,0.00000e+00,0.00000e+00,0.00000e+00,0.00000e+00,0.00000e+00,5.22869e-11,1.29754e-09,2.11208e-12,4.16732e-11,5.94133e-11,1.92192e-08,3.85618e-07,9.24101e-10,1.56159e-08,2.15306e-08
0.00000e+00,0.00000e+00,0.00000e+00,0.00000e+00,0.00000e+00,0.00000e+00,0.00000e+00,0.00000e+00,0.00000e+00,0.00000e+00,5.94133e-11,1.45255e-09,2.43033e-12,5.22869e-11,6.38634e-11,2.15306e-08,4.24805e-07,1.05024e-09,1.92192e-08,2.29133e-08
0.00000e+00,0.00000e+00,0.00000e+00,0.00000e+00,0.00000e+00,0.00000e+00,0.00000e+00,0.00000e+00,0.00000e+00,0.00000e+00,6.38634e-11,1.54365e-09,2.63934e-12,5.94133e-11,6.64787e-11,2.29133e-08,4.46770e-07,1.13004e-09,2.15306e-08,2.36953e-08
0.00000e+00,0.00000e+00,0.00000e+00,0.00000e+00,0.00000e+00,0.00000e+00,0.00000e+00,0.00000e+00,0.00000e+00,0.00000e+00,6.64787e-11,1.59410e-09,2.76853e-12,6.38634e-11,6.79353e-11,2.36953e-08,4.58463e-07,1.17766e-09,2.29133e-08,2.41166e-08
0.00000e+00,0.00000e+00,0.00000e+00,0.00000e+00,0.00000e+00,0.00000e+00,0.00000e+00,0.00000e+00,0.00000e+00,0.00000e+00,6.79353e-11,1.62066e-09,2.84408e-12,6.64787e-11,6.87003e-11,2.41166e-08,4.64425e-07,1.20464e-09,2.36953e-08,2.43320e-08
0.00000e+00,0.00000e+00,0.00000e+00,0.00000e+00,0.00000e+00,0.00000e+00,0.00000e+00,0.00000e+00,0.00000e+00,0.00000e+00,6.87003e-11,1.63391e-09,2.88557e-12,6.79353e-11,6.90602e-11,2.43320e-08,4.67328e-07,1.21906e-09,2.41166e-08,2.44313e-08
0.00000e+00,0.00000e+00,0.00000e+00,0.00000e+00,0.00000e+00,0.00000e+00,0.00000e+00,0.00000e+00,0.00000e+00,0.00000e+00,6.90602e-11,1.63989e-09,2.90580e-12,6.87003e-11,6.91649e-11,2.44313e-08,4.68616e-07,1.22595e-09,2.43320e-08,2.44598e-08
0.00000e+00,0.00000e+00,0.00000e+00,0.00000e+00,0.00000e+00,0.00000e+00,0.00000e+00,0.00000e+00,0.00000e+00,0.00000e+00,6.91649e-11,1.64159e-09,2.91181e-12,6.90602e-11,6.90603e-11,2.44598e-08,4.68979e-07,1.22797e-09,2.44313e-08,2.44313e-08
0.00000e+00,0.00000e+00,0.00000e+00,0.00000e+00,0.00000e+00,0.00000e+00,0.00000e+00,0.00000e+00,0.00000e+00,0.00000e+00,6.90603e-11,1.63990e-09,2.90581e-12,6.91649e-11,6.87005e-11,2.44313e-08,4.68616e-07,1.22595e-09,2.44598e-08,2.43320e-08
0.00000e+00,0.00000e+00,0.00000e+00,0.00000e+00,0.00000e+00,0.00000e+00,0.00000e+00,0.00000e+00,0.00000e+00,0.00000e+00,6.87005e-11,1.63392e-09,2.88558e-12,6.90603e-11,6.79356e-11,2.43320e-08,4.67328e-07,1.21906e-09,2.44313e-08,2.41166e-08
0.00000e+00,0.00000e+00,0.00000e+00,0.00000e+00,0.00000e+00,0.00000e+00,0.00000e+00,0.00000e+00,0.00000e+00,0.00000e+00,6.79356e-11,1.62067e-09,2.84410e-12,6.87005e-11,6.64791e-11,2.41166e-08,4.64425e-07,1.20464e-09,2.43320e-08,2.36954e-08
0.00000e+00,0.00000e+00,0.00000e+00,0.00000e+00,0.00000e+00,0.00000e+00,0.00000e+00,0.00000e+00,0.00000e+00,0.00000e+00,6.64791e-11,1.59411e-09,2.76856e-12,6.79356e-11,6.38640e-11,2.36954e-08,4.58463e-07,1.17766e-09,2.41166e-08,2.29134e-08
0.00000e+00,0.00000e+00,0.00000e+00,0.00000e+00,0.00000e+00,0.00000e+00,0.00000e+00,0.00000e+00,0.00000e+00,0.00000e+00,6.38640e-11,1.54365e-09,2.63937e-12,6.64791e-11,5.94141e-11,2.29134e-08,4.46770e-07,1.13004e-09,2.36954e-08,2.15306e-08
0.00000e+00,0.00000e+00,0.00000e+00,0.00000e+00,0.00000e+00,0.00000e+00,0.00000e+00,0.00000e+00,0.00000e+00,0.00000e+00,5.94141e-11,1.45255e-09,2.43038e-12,6.38640e-11,5.22877e-11,2.15306e-08,4.24805e-07,1.05025e-09,2.29134e-08,1.92192e-08
0.00000e+00,0.00000e+00,0.00000e+00,0.00000e+00,0.00000e+00,0.00000e+00,0.00000e+00,0.00000e+00,0.00000e+00,0.00000e+00,5.22877e-11,1.29755e-09,2.11213e-12,5.94141e-11,4.16740e-11,1.92192e-08,3.85618e-07,9.24102e-10,2.15306e-08,1.56159e-08
0.00000e+00,0.00000e+00,0.00000e+00,0.00000e+00,0.00000e+00,0.00000e+00,0.00000e+00,0.00000e+00,0.00000e+00,0.00000e+00,4.16740e-11,1.05242e-09,1.66044e-12,5.22877e-11,2.72052e-11,1.56159e-08,3.20190e-07,7.38181e-10,1.92192e-08,1.04775e-08
0.00000e+00,0.00000e+00,0.00000e+00,0.00000e+00,0.00000e+00,0.00000e+00,0.00000e+00,0.00000e+00,0.00000e+00,0.00000e+00,2.72052e-11,6.99139e-10,1.07035e-12,4.16740e-11,9.50631e-12,1.04775e-08,2.20233e-07,4.86674e-10,1.56159e-08,4.01174e-09
0.00000e+00,0.00000e+00,0.00000e+00,0.00000e+00,0.00000e+00,0.00000e+00,0.00000e+00,0.00000e+00,0.00000e+00,0.00000e+00,1.07031e-12,2.72045e-11,4.24705e-14,3.70927e-13,1.66039e-12,4.86673e-10,1.04775e-08,2.22523e-11,1.82840e-10,7.38179e-10
0.00000e+00,0.00000e+00,0.00000e+00,0.00000e+00,0.00000e+00,0.00000e+00,0.00000e+00,0.00000e+00,0.00000e+00,0.00000e+00,1.66039e-12,4.16732e-11,6.65104e-14,1.07031e-12,2.11208e-12,7.38179e-10,1.56159e-08,3.41872e-11,4.86673e-10,9.24101e-10
0.00000e+00,0.00000e+00,0.00000e+00,0.00000e+00,0.00000e+00,0.00000e+00,0.00000e+00,0.00000e+00,0.00000e+00,0.00000e+00,2.11208e-12,5.22869e-11,8.55331e-14,1.66039e-12,2.43033e-12,9.24101e-10,1.92192e-08,4.33767e-11,7.38179e-10,1.05024e-09
0.00000e+00,0.00000e+00,0.00000e+00,0.00000e+00,0.00000e+00,0.00000e+00,0.00000e+00,0.00000e+00,0.00000e+00,0.00000e+00,2.43033e-12,5.94133e-11,9.94695e-14,2.11208e-12,2.63934e-12,1.05024e-09,2.15306e-08,4.99028e-11,9.24101e-10,1.13004e-09
0.00000e+00,0.00000e+00,0.00000e+00,0.00000e+00,0.00000e+00,0.00000e+00,0.00000e+00,0.00000e+00,0.00000e+00,0.00000e+00,2.63934e-12,6.38634e-11,1.09015e-13,2.43033e-12,2.76853e-12,1.13004e-09,2.29133e-08,5.42313e-11,1.05024e-09,1.17766e-09
0.00000e+00,0.00000e+00,0.00000e+00,0.00000e+00,0.00000e+00,0.00000e+00,0.00000e+00,0.00000e+00,0.00000e+00,0.00000e+00,2.76853e-12,6.64787e-11,1.15175e-13,2.63934e-12,2.84408e-12,1.17766e-09,2.36953e-08,5.69381e-11,1.13004e-09,1.20464e-09
0.00000e+00,0.00000e+00,0.00000e+00,0.00000e+00,0.00000e+00,0.00000e+00,0.00000e+00,0.00000e+00,0.00000e+00,0.00000e+00,2.84408e-12,6.79353e-11,1.18932e-13,2.76853e-12,2.88557e-12,1.20464e-09,2.41166e-08,5.85415e-11,1.17766e-09,1.21906e-09
0.00000e+00,0.00000e+00,0.00000e+00,0.00000e+00,0.00000e+00,0.00000e+00,0.00000e+00,0.00000e+00,0.00000e+00,0.00000e+00,2.88557e-12,6.87003e-11,1.21076e-13,2.84408e-12,2.90580e-12,1.21906e-09,2.43320e-08,5.94337e-11,1.20464e-09,1.22595e-09
0.00000e+00,0.00000e+00,0.00000e+00,0.00000e+00,0.00000e+00,0.00000e+00,0.00000e+00,0.00000e+00,0.00000e+00,0.00000e+00,2.90580e-12,6.90602e-11,1.22155e-13,2.88557e-12,2.91181e-12,1.22595e-09,2.44313e-08,5.98739e-11,1.21906e-09,1.22797e-09
0.00000e+00,0.00000e+00,0.00000e+00,0.00000e+00,0.00000e+00,0.00000e+00,0.00000e+00,0.00000e+00,0.00000e+00,0.00000e+00,2.91181e-12,6.91649e-11,1.22481e-13,2.90580e-12,2.90581e-12,1.22797e-09,2.44598e-08,6.00055e-11,1.22595e-09,1.22595e-09
0.00000e+00,0.00000e+00,0.00000e+00,0.00000e+00,0.00000e+00,0.00000e+00,0.00000e+00,0.00000e+00,0.00000e+00,0.00000e+00,2.90581e-12,6.90603e-11,1.22155e-13,2.91181e-12,2.88558e-12,1.22595e-09,2.44313e-08,5.98739e-11,1.22797e-09,1.21906e-09
0.00000e+00,0.00000e+00,0.00000e+00,0.00000e+00,0.00000e+00,0.00000e+00,0.00000e+00,0.00000e+00,0.00000e+00,0.00000e+00,2.88558e-12,6.87005e-11,1.21077e-13,2.90581e-12,2.84410e-12,1.21906e-09,2.43320e-08,5.94338e-11,1.22595e-09,1.20464e-09
0.00000e+00,0.00000e+00,0.00000e+00,0.00000e+00,0.00000e+00,0.00000e+00,0.00000e+00,0.00000e+00,0.00000e+00,0.00000e+00,2.84410e-12,6.79356e-11,1.18933e-13,2.88558e-12,2.76856e-12,1.20464e-09,2.41166e-08,5.85416e-11,1.21906e-09,1.17766e-09
0.00000e+00,0.00000e+00,0.00000e+00,0.00000e+00,0.00000e+00,0.00000e+00,0.00000e+00,0.00000e+00,0.00000e+00,0.00000e+00,2.76856e-12,6.64791e-11,1.15177e-13,2.84410e-12,2.63937e-12,1.17766e-09,2.36954e-08,5.69382e-11,1.20464e-09,1.13004e-09
0.00000e+00,0.00000e+00,0.00000e+00,0.00000e+00,0.00000e+00,0.00000e+00,0.00000e+00,0.00000e+00,0.00000e+00,0.00000e+00,2.63937e-12,6.38640e-11,1.09017e-13,2.76856e-12,2.43038e-12,1.13004e-09,2.29134e-08,5.42314e-11,1.17766e-09,1.05025e-09
0.00000e+00,0.00000e+00,0.00000e+00,0.00000e+00,0.00000e+00,0.00000e+00,0.00000e+00,0.00000e+00,0.00000e+00,0.00000e+00,2.43038e-12,5.94141e-11,9.94722e-14,2.63937e-12,2.11213e-12,1.05025e-09,2.15306e-08,4.99029e-11,1.13004e-09,9.24102e-10
0.00000e+00,0.00000e+00,0.00000e+00,0.00000e+00,0.00000e+00,0.00000e+00,0.00000e+00,0.00000e+00,0.00000e+00,0.00000e+00,2.11213e-12,5.22877e-11,8.55361e-14,2.43038e-12,1.66044e-12,9.24102e-10,1.92192e-08,4.33768e-11,1.05025e-09,7.38181e-10
0.00000e+00,0.00000e+00,0.00000e+00,0.00000e+00,0.00000e+00,0.00000e+00,0.00000e+00,0.00000e+00,0.00000e+00,0.00000e+00,1.66044e-12,4.16740e-11,6.65134e-14,2.11213e-12,1.07035e-12,7.38181e-10,1.56159e-08,3.41874e-11,9.24102e-10,4.86674e-10
0.00000e+00,0.00000e+00,0.00000e+00,0.00000e+00,0.00000e+00,0.00000e+00,0.00000e+00,0.00000e+00,0.00000e+00,0.00000e+00,1.07035e-12,2.72052e-11,4.24729e-14,1.66044e-12,3.70945e-13,4.86674e-10,1.04775e-08,2.22524e-11,7.38181e-10,1.82841e-10
0.00000e+00,0.00000e+00,0.00000e+00,0.00000e+00,0.00000e+00,0.00000e+00,0.00000e+00,0.00000e+00,0.00000e+00,0.00000e+00,4.24705e-14,1.07031e-12,1.69668e-15,1.46344e-14,6.65104e-14,2.22523e-11,4.86673e-10,1.00612e-12,8.24965e-12,3.41872e-11
0.00000e+00,0.00000e+00,0.00000e+00,0.00000e+00,0.00000e+00,0.00000e+00,0.00000e+00,0.00000e+00,0.00000e+00,0.00000e+00,6.65104e-14,1.66039e-12,2.67650e-15,4.24705e-14,8.55331e-14,3.41872e-11,7.38179e-10,1.56079e-12,2.22523e-11,4.33767e-11
0.00000e+00,0.00000e+00,0.00000e+00,0.00000e+00,0.00000e+00,0.00000e+00,0.00000e+00,0.00000e+00,0.00000e+00,0.00000e+00,8.55331e-14,2.11208e-12,3.47249e-15,6.65104e-14,9.94695e-14,4.33767e-11,9.24101e-10,2.00171e-12,3.41872e-11,4.99028e-11
0.00000e+00,0.00000e+00,0.00000e+00,0.00000e+00,0.00000e+00,0.00000e+00,0.00000e+00,0.00000e+00,0.00000e+00,0.00000e+00,9.94695e-14,2.43033e-12,4.07457e-15,8.55331e-14,1.09015e-13,4.99028e-11,1.05024e-09,2.32674e-12,4.33767e-11,5.42313e-11
0.00000e+00,0.00000e+00,0.00000e+00,0.00000e+00,0.00000e+00,0.00000e+00,0.00000e+00,0.00000e+00,0.00000e+00,0.00000e+00,1.09015e-13,2.63934e-12,4.50177e-15,9.94695e-14,1.15175e-13,5.42313e-11,1.13004e-09,2.55111e-12,4.99028e-11,5.69381e-11
0.00000e+00,0.00000e+00,0.00000e+00,0.00000e+00,0.00000e+00,0.00000e+00,0.00000e+00,0.00000e+00,0.00000e+00,0.00000e+00,1.15175e-13,2.76853e-12,4.78774e-15,1.09015e-13,1.18932e-13,5.69381e-11,1.17766e-09,2.69721e-12,5.42313e-11,5.85415e-11
0.00000e+00,0.00000e+00,0.00000e+00,0.00000e+00,0.00000e+00,0.00000e+00,0.00000e+00,0.00000e+00,0.00000e+00,0.00000e+00,1.18932e-13,2.84408e-12,4.96859e-15,1.15175e-13,1.21076e-13,5.85415e-11,1.20464e-09,2.78721e-12,5.69381e-11,5.94337e-11
0.00000e+00,0.00000e+00,0.00000e+00,0.00000e+00,0.00000e+00,0.00000e+00,0.00000e+00,0.00000e+00,0.00000e+00,0.00000e+00,1.21076e-13,2.88557e-12,5.07531e-15,1.18932e-13,1.22155e-13,5.94337e-11,1.21906e-09,2.83911e-12,5.85415e-11,5.98739e-11
0.00000e+00,0.00000e+00,0.00000e+00,0.00000e+00,0.00000e+00,0.00000e+00,0.00000e+00,0.00000e+00,0.00000e+00,0.00000e+00,1.22155e-13,2.90580e-12,5.13044e-15,1.21076e-13,1.22481e-13,5.98739e-11,1.22595e-09,2.86544e-12,5.94337e-11,6.00055e-11
0.00000e+00,0.00000e+00,0.00000e+00,0.00000e+00,0.00000e+00,0.00000e+00,0.00000e+00,0.00000e+00,0.00000e+00,0.00000e+00,1.22481e-13,2.91181e-12,5.14736e-15,1.22155e-13,1.22155e-13,6.00055e-11,1.22797e-09,2.87344e-12,5.98739e-11,5.98739e-11
0.00000e+00,0.00000e+00,0.00000e+00,0.00000e+00,0.00000e+00,0.00000e+00,0.00000e+00,0.00000e+00,0.00000e+00,0.00000e+00,1.22155e-13,2.90581e-12,5.13046e-15,1.22481e-13,1.21077e-13,5.98739e-11,1.22595e-09,2.86544e-12,6.00055e-11,5.94338e-11
0.00000e+00,0.00000e+00,0.00000e+00,0.00000e+00,0.00000e+00,0.00000e+00,0.00000e+00,0.00000e+00,0.00000e+00,0.00000e+00,1.21077e-13,2.88558e-12,5.07534e-15,1.22155e-13,1.18933e-13,5.94338e-11,1.21906e-09,2.83911e-12,5.98739e-11,5.85416e-11
0.00000e+00,0.00000e+00,0.00000e+00,0.00000e+00,0.00000e+00,0.00000e+00,0.00000e+00,0.00000e+00,0.00000e+00,0.00000e+00,1.18933e-13,2.84410e-12,4.96865e-15,1.21077e-13,1.15177e-13,5.85416e-11,1.20464e-09,2.78722e-12,5.94338e-11,5.69382e-11
0.00000e+00,0.00000e+00,0.00000e+00,0.00000e+00,0.00000e+00,0.00000e+00,0.00000e+00,0.00000e+00,0.00000e+00,0.00000e+00,1.15177e-13,2.76856e-12,4.78783e-15,1.18933e-13,1.09017e-13,5.69382e-11,1.17766e-09,2.69722e-12,5.85416e-11,5.42314e-11
0.00000e+00,0.00000e+00,0.00000e+00,0.00000e+00,0.00000e+00,0.00000e+00,0.00000e+00,0.00000e+00,0.00000e+00,0.00000e+00,1.09017e-13,2.63937e-12,4.50188e-15,1.15177e-13,9.94722e-14,5.42314e-11,1.13004e-09,2.55112e-12,5.69382e-11,4.99029e-11
0.00000e+00,0.00000e+00,0.00000e+00,0.00000e+00,0.00000e+00,0.00000e+00,0.00000e+00,0.00000e+00,0.00000e+00,0.00000e+00,9.94722e-14,2.43038e-12,4.07472e-15,1.09017e-13,8.55361e-14,4.99029e-11,1.05025e-09,2.32676e-12,5.42314e-11,4.33768e-11
0.00000e+00,0.00000e+00,0.00000e+00,0.00000e+00,0.00000e+00,0.00000e+00,0.00000e+00,0.00000e+00,0.00000e+00,0.00000e+00,8.55361e-14,2.11213e-12,3.47265e-15,9.94722e-14,6.65134e-14,4.33768e-11,9.24102e-10,2.00172e-12,4.99029e-11,3.41874e-11
0.00000e+00,0.00000e+00,0.00000e+00,0.00000e+00,0.00000e+00,0.00000e+00,0.00000e+00,0.00000e+00,0.00000e+00,0.00000e+00,6.65134e-14,1.66044e-12,2.67666e-15,8.55361e-14,4.24729e-14,3.41874e-11,7.38181e-10,1.56080e-12,4.33768e-11,2.22524e-11
0.00000e+00,0.00000e+00,0.00000e+00,0.00000e+00,0.00000e+00,0.00000e+00,0.00000e+00,0.00000e+00,0.00000e+00,0.00000e+00,4.24729e-14,1.07035e-12,1.69680e-15,6.65134e-14,1.46354e-14,2.22524e-11,4.86674e-10,1.00612e-12,3.41874e-11,8.24971e-12
0.00000e+00,0.00000e+00,0.00000e+00,0.00000e+00,0.00000e+00,0.00000e+00,0.00000e+00,0.00000e+00,0.00000e+00,0.00000e+00,1.69668e-15,4.24705e-14,6.81525e-17,5.82175e-16,2.67650e-15,1.00612e-12,2.22523e-11,4.51102e-14,3.69313e-13,1.56079e-12
0.00000e+00,0.00000e+00,0.00000e+00,0.00000e+00,0.00000e+00,0.00000e+00,0.00000e+00,0.00000e+00,0.00000e+00,0.00000e+00,2.67650e-15,6.65104e-14,1.08132e-16,1.69668e-15,3.47249e-15,1.56079e-12,3.41872e-11,7.05097e-14,1.00612e-12,2.00171e-12
0.00000e+00,0.00000e+00,0.00000e+00,0.00000e+00,0.00000e+00,0.00000e+00,0.00000e+00,0.00000e+00,0.00000e+00,0.00000e+00,3.47249e-15,8.55331e-14,1.41308e-16,2.67650e-15,4.07457e-15,2.00171e-12,4.33767e-11,9.12193e-14,1.56079e-12,2.32674e-12
0.00000e+00,0.00000e+00,0.00000e+00,0.00000e+00,0.00000e+00,0.00000e+00,0.00000e+00,0.00000e+00,0.00000e+00,0.00000e+00,4.07457e-15,9.94695e-14,1.67073e-16,3.47249e-15,4.50177e-15,2.32674e-12,4.99028e-11,1.06962e-13,2.00171e-12,2.55111e-12
0.00000e+00,0.00000e+00,0.00000e+00,0.00000e+00,0.00000e+00,0.00000e+00,0.00000e+00,0.00000e+00,0.00000e+00,0.00000e+00,4.50177e-15,1.09015e-13,1.85905e-16,4.07457e-15,4.78774e-15,2.55111e-12,5.42313e-11,1.18202e-13,2.32674e-12,2.69721e-12
0.00000e+00,0.00000e+00,0.00000e+00,0.00000e+00,0.00000e+00,0.00000e+00,0.00000e+00,0.00000e+00,0.00000e+00,0.00000e+00,4.78774e-15,1.15175e-13,1.98914e-16,4.50177e-15,4.96859e-15,2.69721e-12,5.69381e-11,1.25781e-13,2.55111e-12,2.78721e-12
0.00000e+00,0.00000e+00,0.00000e+00,0.00000e+00,0.00000e+00,0.00000e+00,0.00000e+00,0.00000e+00,0.00000e+00,0.00000e+00,4.96859e-15,1.18932e-13,2.07402e-16,4.78774e-15,5.07531e-15,2.78721e-12,5.85415e-11,1.30612e-13,2.69721e-12,2.83911e-12
0.00000e+00,0.00000e+00,0.00000e+00,0.00000e+00,0.00000e+00,0.00000e+00,0.00000e+00,0.00000e+00,0.00000e+00,0.00000e+00,5.07531e-15,1.21076e-13,2.12556e-16,4.96859e-15,5.13044e-15,2.83911e-12,5.94337e-11,1.33485e-13,2.78721e-12,2.86544e-12
0.00000e+00,0.00000e+00,0.00000e+00,0.00000e+00,0.00000e+00,0.00000e+00,0.00000e+00,0.00000e+00,0.00000e+00,0.00000e+00,5.13044e-15,1.22155e-13,2.15281e-16,5.07531e-15,5.14736e-15,2.86544e-12,5.98739e-11,1.34980e-13,2.83911e-12,2.87344e-12
0.00000e+00,0.00000e+00,0.00000e+00,0.00000e+00,0.00000e+00,0.00000e+00,0.00000e+00,0.00000e+00,0.00000e+00,0.00000e+00,5.14736e-15,1.22481e-13,2.16127e-16,5.13044e-15,5.13046e-15,2.87344e-12,6.00055e-11,1.35440e-13,2.86544e-12,2.86544e-12
0.00000e+00,0.00000e+00,0.00000e+00,0.00000e+00,0.00000e+00,0.00000e+00,0.00000e+00,0.00000e+00,0.00000e+00,0.00000e+00,5.13046e-15,1.22155e-13,2.15282e-16,5.14736e-15,5.07534e-15,2.86544e-12,5.98739e-11,1.34980e-13,2.87344e-12,2.83911e-12
0.00000e+00,0.00000e+00,0.00000e+00,0.00000e+00,0.00000e+00,0.00000e+00,0.00000e+00,0.00000e+00,0.00000e+00,0.00000e+00,5.07534e-15,1.21077e-13,2.12558e-16,5.13046e-15,4.96865e-15,2.83911e-12,5.94338e-11,1.33485e-13,2.86544e-12,2.78722e-12
0.00000e+00,0.00000e+00,0.00000e+00,0.00000e+00,0.00000e+00,0.00000e+00,0.00000e+00,0.00000e+00,0.00000e+00,0.00000e+00,4.96865e-15,1.18933e-13,2.07405e-16,5.07534e-15,4.78783e-15,2.78722e-12,5.85416e-11,1.30612e-13,2.83911e-12,2.69722e-12
0.00000e+00,0.00000e+00,0.00000e+00,0.00000e+00,0.00000e+00,0.00000e+00,0.00000e+00,0.00000e+00,0.00000e+00,0.00000e+00,4.78783e-15,1.15177e-13,1.98919e-16,4.96865e-15,4.50188e-15,2.69722e-12,5.69382e-11,1.25781e-13,2.78722e-12,2.55112e-12
0.00000e+00,0.00000e+00,0.00000e+00,0.00000e+00,0.00000e+00,0.00000e+00,0.00000e+00,0.00000e+00,0.00000e+00,0.00000e+00,4.50188e-15,1.09017e-13,1.85911e-16,4.78783e-15,4.07472e-15,2.55112e-12,5.42314e-11,1.18202e-13,2.69722e-12,2.32676e-12
0.00000e+00,0.00000e+00,0.00000e+00,0.00000e+00,0.00000e+00,0.00000e+00,0.00000e+00,0.00000e+00,0.00000e+00,0.00000e+00,4.07472e-15,9.94722e-14,1.67080e-16,4.50188e-15,3.47265e-15,2.32676e-12,4.99029e-11,1.06963e-13,2.55112e-12,2.00172e-12
0.00000e+00,0.00000e+00,0.00000e+00,0.00000e+00,0.00000e+00,0.00000e+00,0.00000e+00,0.00000e+00,0.00000e+00,0.00000e+00,3.47265e-15,8.55361e-14,1.41316e-16,4.07472e-15,2.67666e-15,2.00172e-12,4.33768e-11,9.12201e-14,2.32676e-12,1.56080e-12
0.00000e+00,0.00000e+00,0.00000e+00,0.00000e+00,0.00000e+00,0.00000e+00,0.00000e+00,0.00000e+00,0.00000e+00,0.00000e+00,2.67666e-15,6.65134e-14,1.08140e-16,3.47265e-15,1.69680e-15,1.56080e-12,3.41874e-11,7.05105e-14,2.00172e-12,1.00612e-12
0.00000e+00,0.00000e+00,0.00000e+00,0.00000e+00,0.00000e+00,0.00000e+00,0.00000e+00,0.00000e+00,0.00000e+00,0.00000e+00,1.69680e-15,4.24729e-14,6.81582e-17,2.67666e-15,5.82222e-16,1.00612e-12,2.22524e-11,4.51107e-14,1.56080e-12,3.69317e-13
0.00000e+00,0.00000e+00,0.00000e+00,0.00000e+00,0.00000e+00,0.00000e+00,0.00000e+00,0.00000e+00,0.00000e+00,0.00000e+00,6.81525e-17,1.69668e-15,2.74984e-18,2.33090e-17,1.08132e-16,4.51102e-14,1.00612e-12,2.00936e-15,1.64303e-14,7.05097e-14
0.00000e+00,0.00000e+00,0.00000e+00,0.00000e+00,0.00000e+00,0.00000e+00,0.00000e+00,0.00000e+00,0.00000e+00,0.00000e+00,1.08132e-16,2.67650e-15,4.38341e-18,6.81525e-17,1.41308e-16,7.05097e-14,1.56079e-12,3.15974e-15,4.51102e-14,9.12193e-14
0.00000e+00,0.00000e+00,0.00000e+00,0.00000e+00,0.00000e+00,0.00000e+00,0.00000e+00,0.00000e+00,0.00000e+00,0.00000e+00,1.41308e-16,3.47249e-15,5.76272e-18,1.08132e-16,1.67073e-16,9.12193e-14,2.00171e-12,4.11718e-15,7.05097e-14,1.06962e-13
0.00000e+00,0.00000e+00,0.00000e+00,0.00000e+00,0.00000e+00,0.00000e+00,0.00000e+00,0.00000e+00,0.00000e+00,0.00000e+00,1.67073e-16,4.07457e-15,6.85780e-18,1.41308e-16,1.85905e-16,1.06962e-13,2.32674e-12,4.86379e-15,9.12193e-14,1.18202e-13
0.00000e+00,0.00000e+00,0.00000e+00,0.00000e+00,0.00000e+00,0.00000e+00,0.00000e+00,0.00000e+00,0.00000e+00,0.00000e+00,1.85905e-16,4.50177e-15,7.67867e-18,1.67073e-16,1.98914e-16,1.18202e-13,2.55111e-12,5.41229e-15,1.06962e-13,1.25781e-13
0.00000e+00,0.00000e+00,0.00000e+00,0.00000e+00,0.00000e+00,0.00000e+00,0.00000e+00,0.00000e+00,0.00000e+00,0.00000e+00,1.98914e-16,4.78774e-15,8.26116e-18,1.85905e-16,2.07402e-16,1.25781e-13,2.69721e-12,5.79342e-15,1.18202e-13,1.30612e-13
0.00000e+00,0.00000e+00,0.00000e+00,0.00000e+00,0.00000e+00,0.00000e+00,0.00000e+00,0.00000e+00,0.00000e+00,0.00000e+00,2.07402e-16,4.96859e-15,8.65158e-18,1.98914e-16,2.12556e-16,1.30612e-13,2.78721e-12,6.04369e-15,1.25781e-13,1.33485e-13
0.00000e+00,0.00000e+00,0.00000e+00,0.00000e+00,0.00000e+00,0.00000e+00,0.00000e+00,0.00000e+00,0.00000e+00,0.00000e+00,2.12556e-16,5.07531e-15,8.89458e-18,2.07402e-16,2.15281e-16,1.33485e-13,2.83911e-12,6.19663e-15,1.30612e-13,1.34980e-13
0.00000e+00,0.00000e+00,0.00000e+00,0.00000e+00,0.00000e+00,0.00000e+00,0.00000e+00,0.00000e+00,0.00000e+00,0.00000e+00,2.15281e-16,5.13044e-15,9.02555e-18,2.12556e-16,2.16127e-16,1.34980e-13,2.86544e-12,6.27788e-15,1.33485e-13,1.35440e-13
0.00000e+00,0.00000e+00,0.00000e+00,0.00000e+00,0.00000e+00,0.00000e+00,0.00000e+00,0.00000e+00,0.00000e+00,0.00000e+00,2.16127e-16,5.14736e-15,9.06672e-18,2.15281e-16,2.15282e-16,1.35440e-13,2.87344e-12,6.30321e-15,1.34980e-13,1.34980e-13
0.00000e+00,0.00000e+00,0.00000e+00,0.00000e+00,0.00000e+00,0.00000e+00,0.00000e+00,0.00000e+00,0.00000e+00,0.00000e+00,2.15282e-16,5.13046e-15,9.02560e-18,2.16127e-16,2.12558e-16,1.34980e-13,2.86544e-12,6.27789e-15,1.35440e-13,1.33485e-13
0.00000e+00,0.00000e+00,0.00000e+00,0.00000e+00,0.00000e+00,0.00000e+00,0.00000e+00,0.00000e+00,0.00000e+00,0.00000e+00,2.12558e-16,5.07534e-15,8.89469e-18,2.15282e-16,2.07405e-16,1.33485e-13,2.83911e-12,6.19664e-15,1.34980e-13,1.30612e-13
0.00000e+00,0.00000e+00,0.00000e+00,0.00000e+00,0.00000e+00,0.00000e+00,0.00000e+00,0.00000e+00,0.00000e+00,0.00000e+00,2.07405e-16,4.96865e-15,8.65175e-18,2.12558e-16,1.98919e-16,1.30612e-13,2.78722e-12,6.04372e-15,1.33485e-13,1.25781e-13
0.00000e+00,0.00000e+00,0.00000e+00,0.00000e+00,0.00000e+00,0.00000e+00,0.00000e+00,0.00000e+00,0.00000e+00,0.00000e+00,1.98919e-16,4.78783e-15,8.26139e-18,2.07405e-16,1.85911e-16,1.25781e-13,2.69722e-12,5.79346e-15,1.30612e-13,1.18202e-13
0.00000e+00,0.00000e+00,0.00000e+00,0.00000e+00,0.00000e+00,0.00000e+00,0.00000e+00,0.00000e+00,0.00000e+00,0.00000e+00,1.85911e-16,4.50188e-15,7.67896e-18,1.98919e-16,1.67080e-16,1.18202e-13,2.55112e-12,5.41233e-15,1.25781e-13,1.06963e-13
0.00000e+00,0.00000e+00,0.00000e+00,0.00000e+00,0.00000e+00,0.00000e+00,0.00000e+00,0.00000e+00,0.00000e+00,0.00000e+00,1.67080e-16,4.07472e-15,6.85814e-18,1.85911e-16,1.41316e-16,1.06963e-13,2.32676e-12,4.86384e-15,1.18202e-13,9.12201e-14
0.00000e+00,0.00000e+00,0.00000e+00,0.00000e+00,0.00000e+00,0.00000e+00,0.00000e+00,0.00000e+00,0.00000e+00,0.00000e+00,1.41316e-16,3.47265e-15,5.76309e-18,1.67080e-16,1.08140e-16,9.12201e-14,2.00172e-12,4.11723e-15,1.06963e-13,7.05105e-14
0.00000e+00,0.00000e+00,0.00000e+00,0.00000e+00,0.00000e+00,0.00000e+00,0.00000e+00,0.00000e+00,0.00000e+00,0.00000e+00,1.08140e-16,2.67666e-15,4.38376e-18,1.41316e-16,6.81582e-17,7.05105e-14,1.56080e-12,3.15979e-15,9.12201e-14,4.51107e-14
0.00000e+00,0.00000e+00,0.00000e+00,0.00000e+00,0.00000e+00,0.00000e+00,0.00000e+00,0.00000e+00,0.00000e+00,0.00000e+00,6.81582e-17,1.69680e-15,2.75011e-18,1.08140e-16,2.33112e-17,4.51107e-14,1.00612e-12,2.00939e-15,7.05105e-14,1.64305e-14
0.00000e+00,0.00000e+00,0.00000e+00,0.00000e+00,0.00000e+00,0.00000e+00,0.00000e+00,0.00000e+00,0.00000e+00,0.00000e+00,2.74984e-18,6.81525e-17,1.11366e-19,9.38051e-19,4.38341e-18,2.00936e-15,4.51102e-14,8.90336e-17,7.27264e-16,3.15974e-15
0.00000e+00,0.00000e+00,0.00000e+00,0.00000e+00,0.00000e+00,0.00000e+00,0.00000e+00,0.00000e+00,0.00000e+00,0.00000e+00,4.38341e-18,1.08132e-16,1.78210e-19,2.74984e-18,5.76272e-18,3.15974e-15,7.05097e-14,1.40699e-16,2.00936e-15,4.11718e-15
0.00000e+00,0.00000e+00,0.00000e+00,0.00000e+00,0.00000e+00,0.00000e+00,0.00000e+00,0.00000e+00,0.00000e+00,0.00000e+00,5.76272e-18,1.41308e-16,2.35471e-19,4.38341e-18,6.85780e-18,4.11718e-15,9.12193e-14,1.84430e-16,3.15974e-15,4.86379e-15
0.00000e+00,0.00000e+00,0.00000e+00,0.00000e+00,0.00000e+00,0.00000e+00,0.00000e+00,0.00000e+00,0.00000e+00,0.00000e+00,6.85780e-18,1.67073e-16,2.81785e-19,5.76272e-18,7.67867e-18,4.86379e-15,1.06962e-13,2.19267e-16,4.11718e-15,5.41229e-15
0.00000e+00,0.00000e+00,0.00000e+00,0.00000e+00,0.00000e+00,0.00000e+00,0.00000e+00,0.00000e+00,0.00000e+00,0.00000e+00,7.67867e-18,1.85905e-16,3.17256e-19,6.85780e-18,8.26116e-18,5.41229e-15,1.18202e-13,2.45491e-16,4.86379e-15,5.79342e-15
0.00000e+00,0.00000e+00,0.00000e+00,0.00000e+00,0.00000e+00,0.00000e+00,0.00000e+00,0.00000e+00,0.00000e+00,0.00000e+00,8.26116e-18,1.98914e-16,3.43015e-19,7.67867e-18,8.65158e-18,5.79342e-15,1.25781e-13,2.64190e-16,5.41229e-15,6.04369e-15
0.00000e+00,0.00000e+00,0.00000e+00,0.00000e+00,0.00000e+00,0.00000e+00,0.00000e+00,0.00000e+00,0.00000e+00,0.00000e+00,8.65158e-18,2.07402e-16,3.60686e-19,8.26116e-18,8.89458e-18,6.04369e-15,1.30612e-13,2.76789e-16,5.79342e-15,6.19663e-15
0.00000e+00,0.00000e+00,0.00000e+00,0.00000e+00,0.00000e+00,0.00000e+00,0.00000e+00,0.00000e+00,0.00000e+00,0.00000e+00,8.89458e-18,2.12556e-16,3.71920e-19,8.65158e-18,9.02555e-18,6.19663e-15,1.33485e-13,2.84670e-16,6.04369e-15,6.27788e-15
0.00000e+00,0.00000e+00,0.00000e+00,0.00000e+00,0.00000e+00,0.00000e+00,0.00000e+00,0.00000e+00,0.00000e+00,0.00000e+00,9.02555e-18,2.15281e-16,3.78077e-19,8.89458e-18,9.06672e-18,6.27788e-15,1.34980e-13,2.88936e-16,6.19663e-15,6.30321e-15
0.00000e+00,0.00000e+00,0.00000e+00,0.00000e+00,0.00000e+00,0.00000e+00,0.00000e+00,0.00000e+00,0.00000e+00,0.00000e+00,9.06672e-18,2.16127e-16,3.80031e-19,9.02555e-18,9.02560e-18,6.30321e-15,1.35440e-13,2.90279e-16,6.27788e-15,6.27789e-15
0.00000e+00,0.00000e+00,0.00000e+00,0.00000e+00,0.00000e+00,0.00000e+00,0.00000e+00,0.00000e+00,0.00000e+00,0.00000e+00,9.02560e-18,2.15282e-16,3.78080e-19,9.06672e-18,8.89469e-18,6.27789e-15,1.34980e-13,2.88936e-16,6.30321e-15,6.19664e-15
0.00000e+00,0.00000e+00,0.00000e+00,0.00000e+00,0.00000e+00,0.00000e+00,0.00000e+00,0.00000e+00,0.00000e+00,0.00000e+00,8.89469e-18,2.12558e-16,3.71926e-19,9.02560e-18,8.65175e-18,6.19664e-15,1.33485e-13,2.84671e-16,6.27789e-15,6.04372e-15
0.00000e+00,0.00000e+00,0.00000e+00,0.00000e+00,0.00000e+00,0.00000e+00,0.00000e+00,0.00000e+00,0.00000e+00,0.00000e+00,8.65175e-18,2.07405e-16,3.60695e-19,8.89469e-18,8.26139e-18,6.04372e-15,1.30612e-13,2.76790e-16,6.19664e-15,5.79346e-15
0.00000e+00,0.00000e+00,0.00000e+00,0.00000e+00,0.00000e+00,0.00000e+00,0.00000e+00,0.00000e+00,0.00000e+00,0.00000e+00,8.26139e-18,1.98919e-16,3.43027e-19,8.65175e-18,7.67896e-18,5.79346e-15,1.25781e-13,2.64192e-16,6.04372e-15,5.41233e-15
0.00000e+00,0.00000e+00,0.00000e+00,0.00000e+00,0.00000e+00,0.00000e+00,0.00000e+00,0.00000e+00,0.00000e+00,0.00000e+00,7.67896e-18,1.85911e-16,3.17271e-19,8.26139e-18,6.85814e-18,5.41233e-15,1.18202e-13,2.45493e-16,5.79346e-15,4.86384e-15
0.00000e+00,0.00000e+00,0.00000e+00,0.00000e+00,0.00000e+00,0.00000e+00,0.00000e+00,0.00000e+00,0.00000e+00,0.00000e+00,6.85814e-18,1.67080e-16,2.81802e-19,7.67896e-18,5.76309e-18,4.86384e-15,1.06963e-13,2.19269e-16,5.41233e-15,4.11723e-15
0.00000e+00,0.00000e+00,0.00000e+00,0.00000e+00,0.00000e+00,0.00000e+00,0.00000e+00,0.00000e+00,0.00000e+00,0.00000e+00,5.76309e-18,1.41316e-16,2.35490e-19,6.85814e-18,4.38376e-18,4.11723e-15,9.12201e-14,1.84432e-16,4.86384e-15,3.15979e-15
0.00000e+00,0.00000e+00,0.00000e+00,0.00000e+00,0.00000e+00,0.00000e+00,0.00000e+00,0.00000e+00,0.00000e+00,0.00000e+00,4.38376e-18,1.08140e-16,1.78227e-19,5.76309e-18,2.75011e-18,3.15979e-15,7.05105e-14,1.40701e-16,4.11723e-15,2.00939e-15
0.00000e+00,0.00000e+00,0.00000e+00,0.00000e+00,0.00000e+00,0.00000e+00,0.00000e+00,0.00000e+00,0.00000e+00,0.00000e+00,2.75011e-18,6.81582e-17,1.11379e-19,4.38376e-18,9.38157e-19,2.00939e-15,4.51107e-14,8.90354e-17,3.15979e-15,7.27278e-16
0.00000e+00,0.00000e+00,0.00000e+00,0.00000e+00,0.00000e+00,0.00000e+00,0.00000e+00,0.00000e+00,0.00000e+00,0.00000e+00,1.11366e-19,2.74984e-18,4.52444e-21,3.79105e-20,1.78210e-19,8.90336e-17,2.00936e-15,3.92801e-18,3.20566e-17,1.40699e-16
0.00000e+00,0.00000e+00,0.00000e+00,0.00000e+00,0.00000e+00,0.00000e+00,0.00000e+00,0.00000e+00,0.00000e+00,0.00000e+00,1.78210e-19,4.38341e-18,7.26355e-21,1.11366e-19,2.35471e-19,1.40699e-16,3.15974e-15,6.23286e-18,8.90336e-17,1.84430e-16
0.00000e+00,0.00000e+00,0.00000e+00,0.00000e+00,0.00000e+00,0.00000e+00,0.00000e+00,0.00000e+00,0.00000e+00,0.00000e+00,2.35471e-19,5.76272e-18,9.63864e-21,1.78210e-19,2.81785e-19,1.84430e-16,4.11718e-15,8.21137e-18,1.40699e-16,2.19267e-16
0.00000e+00,0.00000e+00,0.00000e+00,0.00000e+00,0.00000e+00,0.00000e+00,0.00000e+00,0.00000e+00,0.00000e+00,0.00000e+00,2.81785e-19,6.85780e-18,1.15902e-20,2.35471e-19,3.17256e-19,2.19267e-16,4.86379e-15,9.81617e-18,1.84430e-16,2.45491e-16
0.00000e+00,0.00000e+00,0.00000e+00,0.00000e+00,0.00000e+00,0.00000e+00,0.00000e+00,0.00000e+00,0.00000e+00,0.00000e+00,3.17256e-19,7.67867e-18,1.31127e-20,2.81785e-19,3.43015e-19,2.45491e-16,5.41229e-15,1.10496e-17,2.19267e-16,2.64190e-16
0.00000e+00,0.00000e+00,0.00000e+00,0.00000e+00,0.00000e+00,0.00000e+00,0.00000e+00,0.00000e+00,0.00000e+00,0.00000e+00,3.43015e-19,8.26116e-18,1.42405e-20,3.17256e-19,3.60686e-19,2.64190e-16,5.79342e-15,1.19489e-17,2.45491e-16,2.76789e-16
0.00000e+00,0.00000e+00,0.00000e+00,0.00000e+00,0.00000e+00,0.00000e+00,0.00000e+00,0.00000e+00,0.00000e+00,0.00000e+00,3.60686e-19,8.65158e-18,1.50299e-20,3.43015e-19,3.71920e-19,2.76789e-16,6.04369e-15,1.25685e-17,2.64190e-16,2.84670e-16
0.00000e+00,0.00000e+00,0.00000e+00,0.00000e+00,0.00000e+00,0.00000e+00,0.00000e+00,0.00000e+00,0.00000e+00,0.00000e+00,3.71920e-19,8.89458e-18,1.55410e-20,3.60686e-19,3.78077e-19,2.84670e-16,6.19663e-15,1.29641e-17,2.76789e-16,2.88936e-16
0.00000e+00,0.00000e+00,0.00000e+00,0.00000e+00,0.00000e+00,0.00000e+00,0.00000e+00,0.00000e+00,0.00000e+00,0.00000e+00,3.78077e-19,9.02555e-18,1.58251e-20,3.71920e-19,3.80031e-19,2.88936e-16,6.27788e-15,1.31816e-17,2.84670e-16,2.90279e-16
0.00000e+00,0.00000e+00,0.00000e+00,0.00000e+00,0.00000e+00,0.00000e+00,0.00000e+00,0.00000e+00,0.00000e+00,0.00000e+00,3.80031e-19,9.06672e-18,1.59160e-20,3.78077e-19,3.78080e-19,2.90279e-16,6.30321e-15,1.32507e-17,2.88936e-16,2.88936e-16
0.00000e+00,0.00000e+00,0.00000e+00,0.00000e+00,0.00000e+00,0.00000e+00,0.00000e+00,0.00000e+00,0.00000e+00,0.00000e+00,3.78080e-19,9.02560e-18,1.58253e-20,3.80031e-19,3.71926e-19,2.88936e-16,6.27789e-15,1.31816e-17,2.90279e-16,2.84671e-16
0.00000e+00,0.00000e+00,0.00000e+00,0.00000e+00,0.00000e+00,0.00000e+00,0.00000e+00,0.00000e+00,0.00000e+00,0.00000e+00,3.71926e-19,8.89469e-18,1.55413e-20,3.78080e-19,3.60695e-19,2.84671e-16,6.19664e-15,1.29641e-17,2.88936e-16,2.76790e-16
0.00000e+00,0.00000e+00,0.00000e+00,0.00000e+00,0.00000e+00,0.00000e+00,0.00000e+00,0.00000e+00,0.00000e+00,0.00000e+00,3.60695e-19,8.65175e-18,1.50303e-20,3.71926e-19,3.43027e-19,2.76790e-16,6.04372e-15,1.25686e-17,2.84671e-16,2.64192e-16
0.00000e+00,0.00000e+00,0.00000e+00,0.00000e+00,0.00000e+00,0.00000e+00,0.00000e+00,0.00000e+00,0.00000e+00,0.00000e+00,3.43027e-19,8.26139e-18,1.42412e-20,3.60695e-19,3.17271e-19,2.64192e-16,5.79346e-15,1.19490e-17,2.76790e-16,2.45493e-16
0.00000e+00,0.00000e+00,0.00000e+00,0.00000e+00,0.00000e+00,0.00000e+00,0.00000e+00,0.00000e+00,0.00000e+00,0.00000e+00,3.17271e-19,7.67896e-18,1.31134e-20,3.43027e-19,2.81802e-19,2.45493e-16,5.41233e-15,1.10497e-17,2.64192e-16,2.19269e-16
0.00000e+00,0.00000e+00,0.00000e+00,0.00000e+00,0.00000e+00,0.00000e+00,0.00000e+00,0.00000e+00,0.00000e+00,0.00000e+00,2.81802e-19,6.85814e-18,1.15911e-20,3.17271e-19,2.35490e-19,2.19269e-16,4.86384e-15,9.81631e-18,2.45493e-16,1.84432e-16
0.00000e+00,0.00000e+00,0.00000e+00,0.00000e+00,0.00000e+00,0.00000e+00,0.00000e+00,0.00000e+00,0.00000e+00,0.00000e+00,2.35490e-19,5.76309e-18,9.63956e-21,2.81802e-19,1.78227e-19,1.84432e-16,4.11723e-15,8.21152e-18,2.19269e-16,1.40701e-16
0.00000e+00,0.00000e+00,0.00000e+00,0.00000e+00,0.00000e+00,0.00000e+00,0.00000e+00,0.00000e+00,0.00000e+00,0.00000e+00,1.78227e-19,4.38376e-18,7.26439e-21,2.35490e-19,1.11379e-19,1.40701e-16,3.15979e-15,6.23299e-18,1.84432e-16,8.90354e-17
0.00000e+00,0.00000e+00,0.00000e+00,0.00000e+00,0.00000e+00,0.00000e+00,0.00000e+00,0.00000e+00,0.00000e+00,0.00000e+00,1.11379e-19,2.75011e-18,4.52508e-21,1.78227e-19,3.79156e-20,8.90354e-17,2.00939e-15,3.92810e-18,1.40701e-16,3.20574e-17
0.00000e+00,0.00000e+00,0.00000e+00,0.00000e+00,0.00000e+00,0.00000e+00,0.00000e+00,0.00000e+00,0.00000e+00,0.00000e+00,4.52444e-21,1.11366e-19,1.84308e-22,1.53750e-21,7.26355e-21,3.92801e-18,8.90336e-17,1.72669e-19,1.40803e-18,6.23286e-18
0.00000e+00,0.00000e+00,0.00000e+00,0.00000e+00,0.00000e+00,0.00000e+00,0.00000e+00,0.00000e+00,0.00000e+00,0.00000e+00,7.26355e-21,1.78210e-19,2.96700e-22,4.52444e-21,9.63864e-21,6.23286e-18,1.40699e-16,2.74936e-19,3.92801e-18,8.21137e-18
0.00000e+00,0.00000e+00,0.00000e+00,0.00000e+00,0.00000e+00,0.00000e+00,0.00000e+00,0.00000e+00,0.00000e+00,0.00000e+00,9.63864e-21,2.35471e-19,3.95168e-22,7.26355e-21,1.15902e-20,8.21137e-18,1.84430e-16,3.63768e-19,6.23286e-18,9.81617e-18
0.00000e+00,0.00000e+00,0.00000e+00,0.00000e+00,0.00000e+00,0.00000e+00,0.00000e+00,0.00000e+00,0.00000e+00,0.00000e+00,1.15902e-20,2.81785e-19,4.77176e-22,9.63864e-21,1.31127e-20,9.81617e-18,2.19267e-16,4.36934e-19,8.21137e-18,1.10496e-17
0.00000e+00,0.00000e+00,0.00000e+00,0.00000e+00,0.00000e+00,0.00000e+00,0.00000e+00,0.00000e+00,0.00000e+00,0.00000e+00,1.31127e-20,3.17256e-19,5.42175e-22,1.15902e-20,1.42405e-20,1.10496e-17,2.45491e-16,4.94182e-19,9.81617e-18,1.19489e-17
0.00000e+00,0.00000e+00,0.00000e+00,0.00000e+00,0.00000e+00,0.00000e+00,0.00000e+00,0.00000e+00,0.00000e+00,0.00000e+00,1.42405e-20,3.43015e-19,5.91165e-22,1.31127e-20,1.50299e-20,1.19489e-17,2.64190e-16,5.36737e-19,1.10496e-17,1.25685e-17
0.00000e+00,0.00000e+00,0.00000e+00,0.00000e+00,0.00000e+00,0.00000e+00,0.00000e+00,0.00000e+00,0.00000e+00,0.00000e+00,1.50299e-20,3.60686e-19,6.26049e-22,1.42405e-20,1.55410e-20,1.25685e-17,2.76789e-16,5.66627e-19,1.19489e-17,1.29641e-17
0.00000e+00,0.00000e+00,0.00000e+00,0.00000e+00,0.00000e+00,0.00000e+00,0.00000e+00,0.00000e+00,0.00000e+00,0.00000e+00,1.55410e-20,3.71920e-19,6.48996e-22,1.50299e-20,1.58251e-20,1.29641e-17,2.84670e-16,5.86046e-19,1.25685e-17,1.31816e-17
0.00000e+00,0.00000e+00,0.00000e+00,0.00000e+00,0.00000e+00,0.00000e+00,0.00000e+00,0.00000e+00,0.00000e+00,0.00000e+00,1.58251e-20,3.78077e-19,6.61910e-22,1.55410e-20,1.59160e-20,1.31816e-17,2.88936e-16,5.96871e-19,1.29641e-17,1.32507e-17
0.00000e+00,0.00000e+00,0.00000e+00,0.00000e+00,0.00000e+00,0.00000e+00,0.00000e+00,0.00000e+00,0.00000e+00,0.00000e+00,1.59160e-20,3.80031e-19,6.66069e-22,1.58251e-20,1.58253e-20,1.32507e-17,2.90279e-16,6.00337e-19,1.31816e-17,1.31816e-17
0.00000e+00,0.00000e+00,0.00000e+00,0.00000e+00,0.00000e+00,0.00000e+00,0.00000e+00,0.00000e+00,0.00000e+00,0.00000e+00,1.58253e-20,3.78080e-19,6.61919e-22,1.59160e-20,1.55413e-20,1.31816e-17,2.88936e-16,5.96873e-19,1.32507e-17,1.29641e-17
0.00000e+00,0.00000e+00,0.00000e+00,0.00000e+00,0.00000e+00,0.00000e+00,0.00000e+00,0.00000e+00,0.00000e+00,0.00000e+00,1.55413e-20,3.71926e-19,6.49014e-22,1.58253e-20,1.50303e-20,1.29641e-17,2.84671e-16,5.86049e-19,1.31816e-17,1.25686e-17
0.00000e+00,0.00000e+00,0.00000e+00,0.00000e+00,0.00000e+00,0.00000e+00,0.00000e+00,0.00000e+00,0.00000e+00,0.00000e+00,1.50303e-20,3.60695e-19,6.26075e-22,1.55413e-20,1.42412e-20,1.25686e-17,2.76790e-16,5.66631e-19,1.29641e-17,1.19490e-17
0.00000e+00,0.00000e+00,0.00000e+00,0.00000e+00,0.00000e+00,0.00000e+00,0.00000e+00,0.00000e+00,0.00000e+00,0.00000e+00,1.42412e-20,3.43027e-19,5.91199e-22,1.50303e-20,1.31134e-20,1.19490e-17,2.64192e-16,5.36743e-19,1.25686e-17,1.10497e-17
0.00000e+00,0.00000e+00,0.00000e+00,0.00000e+00,0.00000e+00,0.00000e+00,0.00000e+00,0.00000e+00,0.00000e+00,0.00000e+00,1.31134e-20,3.17271e-19,5.42216e-22,1.42412e-20,1.15911e-20,1.10497e-17,2.45493e-16,4.94189e-19,1.19490e-17,9.81631e-18
0.00000e+00,0.00000e+00,0.00000e+00,0.00000e+00,0.00000e+00,0.00000e+00,0.00000e+00,0.00000e+00,0.00000e+00,0.00000e+00,1.15911e-20,2.81802e-19,4.77221e-22,1.31134e-20,9.63956e-21,9.81631e-18,2.19269e-16,4.36942e-19,1.10497e-17,8.21152e-18
0.00000e+00,0.00000e+00,0.00000e+00,0.00000e+00,0.00000e+00,0.00000e+00,0.00000e+00,0.00000e+00,0.00000e+00,0.00000e+00,9.63956e-21,2.35490e-19,3.95215e-22,1.15911e-20,7.26439e-21,8.21152e-18,1.84432e-16,3.63775e-19,9.81631e-18,6.23299e-18
0.00000e+00,0.00000e+00,0.00000e+00,0.00000e+00,0.00000e+00,0.00000e+00,0.00000e+00,0.00000e+00,0.00000e+00,0.00000e+00,7.26439e-21,1.78227e-19,2.96743e-22,9.63956e-21,4.52508e-21,6.23299e-18,1.40701e-16,2.74943e-19,8.21152e-18,3.92810e-18
0.00000e+00,0.00000e+00,0.00000e+00,0.00000e+00,0.00000e+00,0.00000e+00,0.00000e+00,0.00000e+00,0.00000e+00,0.00000e+00,4.52508e-21,1.11379e-19,1.84340e-22,7.26439e-21,1.53775e-21,3.92810e-18,8.90354e-17,1.72674e-19,6.23299e-18,1.40807e-18
0.00000e+00,0.00000e+00,0.00000e+00,0.00000e+00,0.00000e+00,0.00000e+00,0.00000e+00,0.00000e+00,0.00000e+00,0.00000e+00,1.84308e-22,4.52444e-21,7.52538e-24,6.25400e-23,2.96700e-22,1.72669e-19,3.92801e-18,7.56682e-21,6.16596e-20,2.74936e-19
0.00000e+00,0.00000e+00,0.00000e+00,0.00000e+00,0.00000e+00,0.00000e+00,0.00000e+00,0.00000e+00,0.00000e+00,0.00000e+00,2.96700e-22,7.26355e-21,1.21429e-23,1.84308e-22,3.95168e-22,2.74936e-19,6.23286e-18,1.20841e-20,1.72669e-19,3.63768e-19
0.00000e+00,0.00000e+00,0.00000e+00,0.00000e+00,0.00000e+00,0.00000e+00,0.00000e+00,0.00000e+00,0.00000e+00,0.00000e+00,3.95168e-22,9.63864e-21,1.62243e-23,2.96700e-22,4.77176e-22,3.63768e-19,8.21137e-18,1.60475e-20,2.74936e-19,4.36934e-19
0.00000e+00,0.00000e+00,0.00000e+00,0.00000e+00,0.00000e+00,0.00000e+00,0.00000e+00,0.00000e+00,0.00000e+00,0.00000e+00,4.77176e-22,1.15902e-20,1.96632e-23,3.95168e-22,5.42175e-22,4.36934e-19,9.81617e-18,1.93553e-20,3.63768e-19,4.94182e-19
0.00000e+00,0.00000e+00,0.00000e+00,0.00000e+00,0.00000e+00,0.00000e+00,0.00000e+00,0.00000e+00,0.00000e+00,0.00000e+00,5.42175e-22,1.31127e-20,2.24265e-23,4.77176e-22,5.91165e-22,4.94182e-19,1.10496e-17,2.19836e-20,4.36934e-19,5.36737e-19
0.00000e+00,0.00000e+00,0.00000e+00,0.00000e+00,0.00000e+00,0.00000e+00,0.00000e+00,0.00000e+00,0.00000e+00,0.00000e+00,5.91165e-22,1.42405e-20,2.45405e-23,5.42175e-22,6.26049e-22,5.36737e-19,1.19489e-17,2.39702e-20,4.94182e-19,5.66627e-19
0.00000e+00,0.00000e+00,0.00000e+00,0.00000e+00,0.00000e+00,0.00000e+00,0.00000e+00,0.00000e+00,0.00000e+00,0.00000e+00,6.26049e-22,1.50299e-20,2.60685e-23,5.91165e-22,6.48996e-22,5.66627e-19,1.25685e-17,2.53891e-20,5.36737e-19,5.86046e-19
0.00000e+00,0.00000e+00,0.00000e+00,0.00000e+00,0.00000e+00,0.00000e+00,0.00000e+00,0.00000e+00,0.00000e+00,0.00000e+00,6.48996e-22,1.55410e-20,2.70874e-23,6.26049e-22,6.61910e-22,5.86046e-19,1.29641e-17,2.63250e-20,5.66627e-19,5.96871e-19
0.00000e+00,0.00000e+00,0.00000e+00,0.00000e+00,0.00000e+00,0.00000e+00,0.00000e+00,0.00000e+00,0.00000e+00,0.00000e+00,6.61910e-22,1.58251e-20,2.76669e-23,6.48996e-22,6.66069e-22,5.96871e-19,1.31816e-17,2.68529e-20,5.86046e-19,6.00337e-19
0.00000e+00,0.00000e+00,0.00000e+00,0.00000e+00,0.00000e+00,0.00000e+00,0.00000e+00,0.00000e+00,0.00000e+00,0.00000e+00,6.66069e-22,1.59160e-20,2.78546e-23,6.61910e-22,6.61919e-22,6.00337e-19,1.32507e-17,2.70230e-20,5.96871e-19,5.96873e-19
0.00000e+00,0.00000e+00,0.00000e+00,0.00000e+00,0.00000e+00,0.00000e+00,0.00000e+00,0.00000e+00,0.00000e+00,0.00000e+00,6.61919e-22,1.58253e-20,2.76674e-23,6.66069e-22,6.49014e-22,5.96873e-19,1.31816e-17,2.68530e-20,6.00337e-19,5.86049e-19
0.00000e+00,0.00000e+00,0.00000e+00,0.00000e+00,0.00000e+00,0.00000e+00,0.00000e+00,0.00000e+00,0.00000e+00,0.00000e+00,6.49014e-22,1.55413e-20,2.70884e-23,6.61919e-22,6.26075e-22,5.86049e-19,1.29641e-17,2.63252e-20,5.96873e-19,5.66631e-19
0.00000e+00,0.00000e+00,0.00000e+00,0.00000e+00,0.00000e+00,0.00000e+00,0.00000e+00,0.00000e+00,0.00000e+00,0.00000e+00,6.26075e-22,1.50303e-20,2.60699e-23,6.49014e-22,5.91199e-22,5.66631e-19,1.25686e-17,2.53893e-20,5.86049e-19,5.36743e-19
0.00000e+00,0.00000e+00,0.00000e+00,0.00000e+00,0.00000e+00,0.00000e+00,0.00000e+00,0.00000e+00,0.00000e+00,0.00000e+00,5.91199e-22,1.42412e-20,2.45423e-23,6.26075e-22,5.42216e-22,5.36743e-19,1.19490e-17,2.39705e-20,5.66631e-19,4.94189e-19
0.00000e+00,0.00000e+00,0.00000e+00,0.00000e+00,0.00000e+00,0.00000e+00,0.00000e+00,0.00000e+00,0.00000e+00,0.00000e+00,5.42216e-22,1.31134e-20,2.24286e-23,5.91199e-22,4.77221e-22,4.94189e-19,1.10497e-17,2.19840e-20,5.36743e-19,4.36942e-19
0.00000e+00,0.00000e+00,0.00000e+00,0.00000e+00,0.00000e+00,0.00000e+00,0.00000e+00,0.00000e+00,0.00000e+00,0.00000e+00,4.77221e-22,1.15911e-20,1.96655e-23,5.42216e-22,3.95215e-22,4.36942e-19,9.81631e-18,1.93557e-20,4.94189e-19,3.63775e-19
0.00000e+00,0.00000e+00,0.00000e+00,0.00000e+00,0.00000e+00,0.00000e+00,0.00000e+00,0.00000e+00,0.00000e+00,0.00000e+00,3.95215e-22,9.63956e-21,1.62266e-23,4.77221e-22,2.96743e-22,3.63775e-19,8.21152e-18,1.60480e-20,4.36942e-19,2.74943e-19
0.00000e+00,0.00000e+00,0.00000e+00,0.00000e+00,0.00000e+00,0.00000e+00,0.00000e+00,0.00000e+00,0.00000e+00,0.00000e+00,2.96743e-22,7.26439e-21,1.21450e-23,3.95215e-22,1.84340e-22,2.74943e-19,6.23299e-18,1.20844e-20,3.63775e-19,1.72674e-19
0.00000e+00,0.00000e+00,0.00000e+00,0.00000e+00,0.00000e+00,0.00000e+00,0.00000e+00,0.00000e+00,0.00000e+00,0.00000e+00,1.84340e-22,4.52508e-21,7.52697e-24,2.96743e-22,6.25524e-23,1.72674e-19,3.92810e-18,7.56708e-21,2.74943e-19,6.16617e-20
0.00000e+00,0.00000e+00,0.00000e+00,0.00000e+00,0.00000e+00,0.00000e+00,0.00000e+00,0.00000e+00,0.00000e+00,0.00000e+00,7.52538e-24,1.84308e-22,3.07882e-25,2.55035e-24,1.21429e-23,7.56682e-21,1.72669e-19,3.30713e-22,2.69314e-21,1.20841e-20
0.00000e+00,0.00000e+00,0.00000e+00,0.00000e+00,0.00000e+00,0.00000e+00,0.00000e+00,0.00000e+00,0.00000e+00,0.00000e+00,1.21429e-23,2.96700e-22,4.97804e-25,7.52538e-24,1.62243e-23,1.20841e-20,2.74936e-19,5.29489e-22,7.56682e-21,1.60475e-20
0.00000e+00,0.00000e+00,0.00000e+00,0.00000e+00,0.00000e+00,0.00000e+00,0.00000e+00,0.00000e+00,0.00000e+00,0.00000e+00,1.62243e-23,3.95168e-22,6.66962e-25,1.21429e-23,1.96632e-23,1.60475e-20,3.63768e-19,7.05409e-22,1.20841e-20,1.93553e-20
0.00000e+00,0.00000e+00,0.00000e+00,0.00000e+00,0.00000e+00,0.00000e+00,0.00000e+00,0.00000e+00,0.00000e+00,0.00000e+00,1.96632e-23,4.77176e-22,8.10935e-25,1.62243e-23,2.24265e-23,1.93553e-20,4.36934e-19,8.53898e-22,1.60475e-20,2.19836e-20
0.00000e+00,0.00000e+00,0.00000e+00,0.00000e+00,0.00000e+00,0.00000e+00,0.00000e+00,0.00000e+00,0.00000e+00,0.00000e+00,2.24265e-23,5.42175e-22,9.28010e-25,1.96632e-23,2.45405e-23,2.19836e-20,4.94182e-19,9.73473e-22,1.93553e-20,2.39702e-20
0.00000e+00,0.00000e+00,0.00000e+00,0.00000e+00,0.00000e+00,0.00000e+00,0.00000e+00,0.00000e+00,0.00000e+00,0.00000e+00,2.45405e-23,5.91165e-22,1.01874e-24,2.24265e-23,2.60685e-23,2.39702e-20,5.36737e-19,1.06517e-21,2.19836e-20,2.53891e-20
0.00000e+00,0.00000e+00,0.00000e+00,0.00000e+00,0.00000e+00,0.00000e+00,0.00000e+00,0.00000e+00,0.00000e+00,0.00000e+00,2.60685e-23,6.26049e-22,1.08518e-24,2.45405e-23,2.70874e-23,2.53891e-20,5.66627e-19,1.13162e-21,2.39702e-20,2.63250e-20
0.00000e+00,0.00000e+00,0.00000e+00,0.00000e+00,0.00000e+00,0.00000e+00,0.00000e+00,0.00000e+00,0.00000e+00,0.00000e+00,2.70874e-23,6.48996e-22,1.13001e-24,2.60685e-23,2.76669e-23,2.63250e-20,5.86046e-19,1.17603e-21,2.53891e-20,2.68529e-20
0.00000e+00,0.00000e+00,0.00000e+00,0.00000e+00,0.00000e+00,0.00000e+00,0.00000e+00,0.00000e+00,0.00000e+00,0.00000e+00,2.76669e-23,6.61910e-22,1.15573e-24,2.70874e-23,2.78546e-23,2.68529e-20,5.96871e-19,1.20134e-21,2.63250e-20,2.70230e-20
0.00000e+00,0.00000e+00,0.00000e+00,0.00000e+00,0.00000e+00,0.00000e+00,0.00000e+00,0.00000e+00,0.00000e+00,0.00000e+00,2.78546e-23,6.66069e-22,1.16411e-24,2.76669e-23,2.76674e-23,2.70230e-20,6.00337e-19,1.20954e-21,2.68529e-20,2.68530e-20
0.00000e+00,0.00000e+00,0.00000e+00,0.00000e+00,0.00000e+00,0.00000e+00,0.00000e+00,0.00000e+00,0.00000e+00,0.00000e+00,2.76674e-23,6.61919e-22,1.15576e-24,2.78546e-23,2.70884e-23,2.68530e-20,5.96873e-19,1.20134e-21,2.70230e-20,2.63252e-20
0.00000e+00,0.00000e+00,0.00000e+00,0.00000e+00,0.00000e+00,0.00000e+00,0.00000e+00,0.00000e+00,0.00000e+00,0.00000e+00,2.70884e-23,6.49014e-22,1.13006e-24,2.76674e-23,2.60699e-23,2.63252e-20,5.86049e-19,1.17604e-21,2.68530e-20,2.53893e-20
0.00000e+00,0.00000e+00,0.00000e+00,0.00000e+00,0.00000e+00,0.00000e+00,0.00000e+00,0.00000e+00,0.00000e+00,0.00000e+00,2.60699e-23,6.26075e-22,1.08525e-24,2.70884e-23,2.45423e-23,2.53893e-20,5.66631e-19,1.13163e-21,2.63252e-20,2.39705e-20
0.00000e+00,0.00000e+00,0.00000e+00,0.00000e+00,0.00000e+00,0.00000e+00,0.00000e+00,0.00000e+00,0.00000e+00,0.00000e+00,2.45423e-23,5.91199e-22,1.01883e-24,2.60699e-23,2.24286e-23,2.39705e-20,5.36743e-19,1.06519e-21,2.53893e-20,2.19840e-20
0.00000e+00,0.00000e+00,0.00000e+00,0.00000e+00,0.00000e+00,0.00000e+00,0.00000e+00,0.00000e+00,0.00000e+00,0.00000e+00,2.24286e-23,5.42216e-22,9.28120e-25,2.45423e-23,1.96655e-23,2.19840e-20,4.94189e-19,9.73493e-22,2.39705e-20,1.93557e-20
0.00000e+00,0.00000e+00,0.00000e+00,0.00000e+00,0.00000e+00,0.00000e+00,0.00000e+00,0.00000e+00,0.00000e+00,0.00000e+00,1.96655e-23,4.77221e-22,8.11055e-25,2.24286e-23,1.62266e-23,1.93557e-20,4.36942e-19,8.53920e-22,2.19840e-20,1.60480e-20
0.00000e+00,0.00000e+00,0.00000e+00,0.00000e+00,0.00000e+00,0.00000e+00,0.00000e+00,0.00000e+00,0.00000e+00,0.00000e+00,1.62266e-23,3.95215e-22,6.67083e-25,1.96655e-23,1.21450e-23,1.60480e-20,3.63775e-19,7.05431e-22,1.93557e-20,1.20844e-20
0.00000e+00,0.00000e+00,0.00000e+00,0.00000e+00,0.00000e+00,0.00000e+00,0.00000e+00,0.00000e+00,0.00000e+00,0.00000e+00,1.21450e-23,2.96743e-22,4.97912e-25,1.62266e-23,7.52697e-24,1.20844e-20,2.74943e-19,5.29507e-22,1.60480e-20,7.56708e-21
0.00000e+00,0.00000e+00,0.00000e+00,0.00000e+00,0.00000e+00,0.00000e+00,0.00000e+00,0.00000e+00,0.00000e+00,0.00000e+00,7.52697e-24,1.84340e-22,3.07961e-25,1.21450e-23,2.55096e-24,7.56708e-21,1.72674e-19,3.30726e-22,1.20844e-20,2.69324e-21
0.00000e+00,0.00000e+00,0.00000e+00,0.00000e+00,0.00000e+00,0.00000e+00,0.00000e+00,0.00000e+00,0.00000e+00,0.00000e+00,3.07882e-25,7.52538e-24,1.26183e-26,1.04229e-25,4.97804e-25,3.30713e-22,7.56682e-21,1.44202e-23,1.17362e-22,5.29489e-22
0.00000e+00,0.00000e+00,0.00000e+00,0.00000e+00,0.00000e+00,0.00000e+00,0.00000e+00,0.00000e+00,0.00000e+00,0.00000e+00,4.97804e-25,1.21429e-23,2.04381e-26,3.07882e-25,6.66962e-25,5.29489e-22,1.20841e-20,2.31387e-23,3.30713e-22,7.05409e-22
0.00000e+00,0.00000e+00,0.00000e+00,0.00000e+00,0.00000e+00,0.00000e+00,0.00000e+00,0.00000e+00,0.00000e+00,0.00000e+00,6.66962e-25,1.62243e-23,2.74494e-26,4.97804e-25,8.10935e-25,7.05409e-22,1.60475e-20,3.09126e-23,5.29489e-22,8.53898e-22
0.00000e+00,0.00000e+00,0.00000e+00,0.00000e+00,0.00000e+00,0.00000e+00,0.00000e+00,0.00000e+00,0.00000e+00,0.00000e+00,8.10935e-25,1.96632e-23,3.34693e-26,6.66962e-25,9.28010e-25,8.53898e-22,1.93553e-20,3.75390e-23,7.05409e-22,9.73473e-22
0.00000e+00,0.00000e+00,0.00000e+00,0.00000e+00,0.00000e+00,0.00000e+00,0.00000e+00,0.00000e+00,0.00000e+00,0.00000e+00,9.28010e-25,2.24265e-23,3.84156e-26,8.10935e-25,1.01874e-24,9.73473e-22,2.19836e-20,4.29374e-23,8.53898e-22,1.06517e-21
0.00000e+00,0.00000e+00,0.00000e+00,0.00000e+00,0.00000e+00,0.00000e+00,0.00000e+00,0.00000e+00,0.00000e+00,0.00000e+00,1.01874e-24,2.45405e-23,4.22923e-26,9.28010e-25,1.08518e-24,1.06517e-21,2.39702e-20,4.71297e-23,9.73473e-22,1.13162e-21
0.00000e+00,0.00000e+00,0.00000e+00,0.00000e+00,0.00000e+00,0.00000e+00,0.00000e+00,0.00000e+00,0.00000e+00,0.00000e+00,1.08518e-24,2.60685e-23,4.51633e-26,1.01874e-24,1.13001e-24,1.13162e-21,2.53891e-20,5.02062e-23,1.06517e-21,1.17603e-21
0.00000e+00,0.00000e+00,0.00000e+00,0.00000e+00,0.00000e+00,0.00000e+00,0.00000e+00,0.00000e+00,0.00000e+00,0.00000e+00,1.13001e-24,2.70874e-23,4.71200e-26,1.08518e-24,1.15573e-24,1.17603e-21,2.63250e-20,5.22858e-23,1.13162e-21,1.20134e-21
0.00000e+00,0.00000e+00,0.00000e+00,0.00000e+00,0.00000e+00,0.00000e+00,0.00000e+00,0.00000e+00,0.00000e+00,0.00000e+00,1.15573e-24,2.76669e-23,4.82517e-26,1.13001e-24,1.16411e-24,1.20134e-21,2.68529e-20,5.34810e-23,1.17603e-21,1.20954e-21
0.00000e+00,0.00000e+00,0.00000e+00,0.00000e+00,0.00000e+00,0.00000e+00,0.00000e+00,0.00000e+00,0.00000e+00,0.00000e+00,1.16411e-24,2.78546e-23,4.86218e-26,1.15573e-24,1.15576e-24,1.20954e-21,2.70230e-20,5.38702e-23,1.20134e-21,1.20134e-21
0.00000e+00,0.00000e+00,0.00000e+00,0.00000e+00,0.00000e+00,0.00000e+00,0.00000e+00,0.00000e+00,0.00000e+00,0.00000e+00,1.15576e-24,2.76674e-23,4.82530e-26,1.16411e-24,1.13006e-24,1.20134e-21,2.68530e-20,5.34813e-23,1.20954e-21,1.17604e-21
0.00000e+00,0.00000e+00,0.00000e+00,0.00000e+00,0.00000e+00,0.00000e+00,0.00000e+00,0.00000e+00,0.00000e+00,0.00000e+00,1.13006e-24,2.70884e-23,4.71225e-26,1.15576e-24,1.08525e-24,1.17604e-21,2.63252e-20,5.22863e-23,1.20134e-21,1.13163e-21
0.00000e+00,0.00000e+00,0.00000e+00,0.00000e+00,0.00000e+00,0.00000e+00,0.00000e+00,0.00000e+00,0.00000e+00,0.00000e+00,1.08525e-24,2.60699e-23,4.51669e-26,1.13006e-24,1.01883e-24,1.13163e-21,2.53893e-20,5.02069e-23,1.17604e-21,1.06519e-21
0.00000e+00,0.00000e+00,0.00000e+00,0.00000e+00,0.00000e+00,0.00000e+00,0.00000e+00,0.00000e+00,0.00000e+00,0.00000e+00,1.01883e-24,2.45423e-23,4.22970e-26,1.08525e-24,9.28120e-25,1.06519e-21,2.39705e-20,4.71306e-23,1.13163e-21,9.73493e-22
0.00000e+00,0.00000e+00,0.00000e+00,0.00000e+00,0.00000e+00,0.00000e+00,0.00000e+00,0.00000e+00,0.00000e+00,0.00000e+00,9.28120e-25,2.24286e-23,3.84211e-26,1.01883e-24,8.11055e-25,9.73493e-22,2.19840e-20,4.29384e-23,1.06519e-21,8.53920e-22
0.00000e+00,0.00000e+00,0.00000e+00,0.00000e+00,0.00000e+00,0.00000e+00,0.00000e+00,0.00000e+00,0.00000e+00,0.00000e+00,8.11055e-25,1.96655e-23,3.34753e-26,9.28120e-25,6.67083e-25,8.53920e-22,1.93557e-20,3.75401e-23,9.73493e-22,7.05431e-22
0.00000e+00,0.00000e+00,0.00000e+00,0.00000e+00,0.00000e+00,0.00000e+00,0.00000e+00,0.00000e+00,0.00000e+00,0.00000e+00,6.67083e-25,1.62266e-23,2.74554e-26,8.11055e-25,4.97912e-25,7.05431e-22,1.60480e-20,3.09137e-23,8.53920e-22,5.29507e-22
0.00000e+00,0.00000e+00,0.00000e+00,0.00000e+00,0.00000e+00,0.00000e+00,0.00000e+00,0.00000e+00,0.00000e+00,0.00000e+00,4.97912e-25,1.21450e-23,2.04435e-26,6.67083e-25,3.07961e-25,5.29507e-22,1.20844e-20,2.31397e-23,7.05431e-22,3.30726e-22
0.00000e+00,0.00000e+00,0.00000e+00,0.00000e+00,0.00000e+00,0.00000e+00,0.00000e+00,0.00000e+00,0.00000e+00,0.00000e+00,3.07961e-25,7.52697e-24,1.26222e-26,4.97912e-25,1.04259e-25,3.30726e-22,7.56708e-21,1.44209e-23,5.29507e-22,1.17367e-22
0.00000e+00,0.00000e+00,0.00000e+00,0.00000e+00,0.00000e+00,0.00000e+00,0.00000e+00,0.00000e+00,0.00000e+00,0.00000e+00,1.26183e-26,3.07882e-25,5.17950e-28,4.26778e-27,2.04381e-26,1.44202e-23,3.30713e-22,6.27470e-25,5.10411e-24,2.31387e-23
0.00000e+00,0.00000e+00,0.00000e+00,0.00000e+00,0.00000e+00,0.00000e+00,0.00000e+00,0.00000e+00,0.00000e+00,0.00000e+00,2.04381e-26,4.97804e-25,8.40226e-28,1.26183e-26,2.74494e-26,2.31387e-23,5.29489e-22,1.00879e-24,1.44202e-23,3.09126e-23
0.00000e+00,0.00000e+00,0.00000e+00,0.00000e+00,0.00000e+00,0.00000e+00,0.00000e+00,0.00000e+00,0.00000e+00,0.00000e+00,2.74494e-26,6.66962e-25,1.13086e-27,2.04381e-26,3.34693e-26,3.09126e-23,7.05409e-22,1.35101e-24,2.31387e-23,3.75390e-23
0.00000e+00,0.00000e+00,0.00000e+00,0.00000e+00,0.00000e+00,0.00000e+00,0.00000e+00,0.00000e+00,0.00000e+00,0.00000e+00,3.34693e-26,8.10935e-25,1.38232e-27,2.74494e-26,3.84156e-26,3.75390e-23,8.53898e-22,1.64523e-24,3.09126e-23,4.29374e-23
0.00000e+00,0.00000e+00,0.00000e+00,0.00000e+00,0.00000e+00,0.00000e+00,0.00000e+00,0.00000e+00,0.00000e+00,0.00000e+00,3.84156e-26,9.28010e-25,1.59080e-27,3.34693e-26,4.22923e-26,4.29374e-23,9.73473e-22,1.88735e-24,3.75390e-23,4.71297e-23
0.00000e+00,0.00000e+00,0.00000e+00,0.00000e+00,0.00000e+00,0.00000e+00,0.00000e+00,0.00000e+00,0.00000e+00,0.00000e+00,4.22923e-26,1.01874e-24,1.75583e-27,3.84156e-26,4.51633e-26,4.71297e-23,1.06517e-21,2.07746e-24,4.29374e-23,5.02062e-23
0.00000e+00,0.00000e+00,0.00000e+00,0.00000e+00,0.00000e+00,0.00000e+00,0.00000e+00,0.00000e+00,0.00000e+00,0.00000e+00,4.51633e-26,1.08518e-24,1.87924e-27,4.22923e-26,4.71200e-26,5.02062e-23,1.13162e-21,2.21849e-24,4.71297e-23,5.22858e-23
0.00000e+00,0.00000e+00,0.00000e+00,0.00000e+00,0.00000e+00,0.00000e+00,0.00000e+00,0.00000e+00,0.00000e+00,0.00000e+00,4.71200e-26,1.13001e-24,1.96409e-27,4.51633e-26,4.82517e-26,5.22858e-23,1.17603e-21,2.31478e-24,5.02062e-23,5.34810e-23
0.00000e+00,0.00000e+00,0.00000e+00,0.00000e+00,0.00000e+00,0.00000e+00,0.00000e+00,0.00000e+00,0.00000e+00,0.00000e+00,4.82517e-26,1.15573e-24,2.01349e-27,4.71200e-26,4.86218e-26,5.34810e-23,1.20134e-21,2.37053e-24,5.22858e-23,5.38702e-23
0.00000e+00,0.00000e+00,0.00000e+00,0.00000e+00,0.00000e+00,0.00000e+00,0.00000e+00,0.00000e+00,0.00000e+00,0.00000e+00,4.86218e-26,1.16411e-24,2.02971e-27,4.82517e-26,4.82530e-26,5.38702e-23,1.20954e-21,2.38875e-24,5.34810e-23,5.34813e-23
0.00000e+00,0.00000e+00,0.00000e+00,0.00000e+00,0.00000e+00,0.00000e+00,0.00000e+00,0.00000e+00,0.00000e+00,0.00000e+00,4.82530e-26,1.15576e-24,2.01356e-27,4.86218e-26,4.71225e-26,5.34813e-23,1.20134e-21,2.37054e-24,5.38702e-23,5.22863e-23
0.00000e+00,0.00000e+00,0.00000e+00,0.00000e+00,0.00000e+00,0.00000e+00,0.00000e+00,0.00000e+00,0.00000e+00,0.00000e+00,4.71225e-26,1.13006e-24,1.96421e-27,4.82530e-26,4.51669e-26,5.22863e-23,1.17604e-21,2.31480e-24,5.34813e-23,5.02069e-23
0.00000e+00,0.00000e+00,0.00000e+00,0.00000e+00,0.00000e+00,0.00000e+00,0.00000e+00,0.00000e+00,0.00000e+00,0.00000e+00,4.51669e-26,1.08525e-24,1.87942e-27,4.71225e-26,4.22970e-26,5.02069e-23,1.13163e-21,2.21853e-24,5.22863e-23,4.71306e-23
0.00000e+00,0.00000e+00,0.00000e+00,0.00000e+00,0.00000e+00,0.00000e+00,0.00000e+00,0.00000e+00,0.00000e+00,0.00000e+00,4.22970e-26,1.01883e-24,1.75606e-27,4.51669e-26,3.84211e-26,4.71306e-23,1.06519e-21,2.07750e-24,5.02069e-23,4.29384e-23
0.00000e+00,0.00000e+00,0.00000e+00,0.00000e+00,0.00000e+00,0.00000e+00,0.00000e+00,0.00000e+00,0.00000e+00,0.00000e+00,3.84211e-26,9.28120e-25,1.59108e-27,4.22970e-26,3.34753e-26,4.29384e-23,9.73493e-22,1.88741e-24,4.71306e-23,3.75401e-23
0.00000e+00,0.00000e+00,0.00000e+00,0.00000e+00,0.00000e+00,0.00000e+00,0.00000e+00,0.00000e+00,0.00000e+00,0.00000e+00,3.34753e-26,8.11055e-25,1.38261e-27,3.84211e-26,2.74554e-26,3.75401e-23,8.53920e-22,1.64529e-24,4.29384e-23,3.09137e-23
0.00000e+00,0.00000e+00,0.00000e+00,0.00000e+00,0.00000e+00,0.00000e+00,0.00000e+00,0.00000e+00,0.00000e+00,0.00000e+00,2.74554e-26,6.67083e-25,1.13115e-27,3.34753e-26,2.04435e-26,3.09137e-23,7.05431e-22,1.35107e-24,3.75401e-23,2.31397e-23
0.00000e+00,0.00000e+00,0.00000e+00,0.00000e+00,0.00000e+00,0.00000e+00,0.00000e+00,0.00000e+00,0.00000e+00,0.00000e+00,2.04435e-26,4.97912e-25,8.40483e-28,2.74554e-26,1.26222e-26,2.31397e-23,5.29507e-22,1.00884e-24,3.09137e-23,1.44209e-23
0.00000e+00,0.00000e+00,0.00000e+00,0.00000e+00,0.00000e+00,0.00000e+00,0.00000e+00,0.00000e+00,0.00000e+00,0.00000e+00,1.26222e-26,3.07961e-25,5.18135e-28,2.04435e-26,4.26926e-27,1.44209e-23,3.30726e-22,6.27504e-25,2.31397e-23,5.10437e-24
0.00000e+00,0.00000e+00,0.00000e+00,0.00000e+00,0.00000e+00,0.00000e+00,0.00000e+00,0.00000e+00,0.00000e+00,0.00000e+00,5.17950e-28,1.26183e-26,2.12894e-29,1.75039e-28,8.40226e-28,6.27470e-25,1.44202e-23,2.72527e-26,2.21580e-25,1.00879e-24
0.00000e+00,0.00000e+00,0.00000e+00,0.00000e+00,0.00000e+00,0.00000e+00,0.00000e+00,0.00000e+00,0.00000e+00,0.00000e+00,8.40226e-28,2.04381e-26,3.45827e-29,5.17950e-28,1.13086e-27,1.00879e-24,2.31387e-23,4.38894e-26,6.27470e-25,1.35101e-24
0.00000e+00,0.00000e+00,0.00000e+00,0.00000e+00,0.00000e+00,0.00000e+00,0.00000e+00,0.00000e+00,0.00000e+00,0.00000e+00,1.13086e-27,2.74494e-26,4.66318e-29,8.40226e-28,1.38232e-27,1.35101e-24,3.09126e-23,5.89048e-26,1.00879e-24,1.64523e-24
0.00000e+00,0.00000e+00,0.00000e+00,0.00000e+00,0.00000e+00,0.00000e+00,0.00000e+00,0.00000e+00,0.00000e+00,0.00000e+00,1.38232e-27,3.34693e-26,5.71269e-29,1.13086e-27,1.59080e-27,1.64523e-24,3.75390e-23,7.19108e-26,1.35101e-24,1.88735e-24
0.00000e+00,0.00000e+00,0.00000e+00,0.00000e+00,0.00000e+00,0.00000e+00,0.00000e+00,0.00000e+00,0.00000e+00,0.00000e+00,1.59080e-27,3.84156e-26,6.58979e-29,1.38232e-27,1.75583e-27,1.88735e-24,4.29374e-23,8.27091e-26,1.64523e-24,2.07746e-24
0.00000e+00,0.00000e+00,0.00000e+00,0.00000e+00,0.00000e+00,0.00000e+00,0.00000e+00,0.00000e+00,0.00000e+00,0.00000e+00,1.75583e-27,4.22923e-26,7.29000e-29,1.59080e-27,1.87924e-27,2.07746e-24,4.71297e-23,9.12690e-26,1.88735e-24,2.21849e-24
0.00000e+00,0.00000e+00,0.00000e+00,0.00000e+00,0.00000e+00,0.00000e+00,0.00000e+00,0.00000e+00,0.00000e+00,0.00000e+00,1.87924e-27,4.51633e-26,7.81814e-29,1.75583e-27,1.96409e-27,2.21849e-24,5.02062e-23,9.76803e-26,2.07746e-24,2.31478e-24
0.00000e+00,0.00000e+00,0.00000e+00,0.00000e+00,0.00000e+00,0.00000e+00,0.00000e+00,0.00000e+00,0.00000e+00,0.00000e+00,1.96409e-27,4.71200e-26,8.18403e-29,1.87924e-27,2.01349e-27,2.31478e-24,5.22858e-23,1.02094e-25,2.21849e-24,2.37053e-24
0.00000e+00,0.00000e+00,0.00000e+00,0.00000e+00,0.00000e+00,0.00000e+00,0.00000e+00,0.00000e+00,0.00000e+00,0.00000e+00,2.01349e-27,4.82517e-26,8.39832e-29,1.96409e-27,2.02971e-27,2.37053e-24,5.34810e-23,1.04667e-25,2.31478e-24,2.38875e-24
0.00000e+00,0.00000e+00,0.00000e+00,0.00000e+00,0.00000e+00,0.00000e+00,0.00000e+00,0.00000e+00,0.00000e+00,0.00000e+00,2.02971e-27,4.86218e-26,8.46888e-29,2.01349e-27,2.01356e-27,2.38875e-24,5.38702e-23,1.05511e-25,2.37053e-24,2.37054e-24
0.00000e+00,0.00000e+00,0.00000e+00,0.00000e+00,0.00000e+00,0.00000e+00,0.00000e+00,0.00000e+00,0.00000e+00,0.00000e+00,2.01356e-27,4.82530e-26,8.39861e-29,2.02971e-27,1.96421e-27,2.37054e-24,5.34813e-23,1.04668e-25,2.38875e-24,2.31480e-24
0.00000e+00,0.00000e+00,0.00000e+00,0.00000e+00,0.00000e+00,0.00000e+00,0.00000e+00,0.00000e+00,0.00000e+00,0.00000e+00,1.96421e-27,4.71225e-26,8.18463e-29,2.01356e-27,1.87942e-27,2.31480e-24,5.22863e-23,1.02096e-25,2.37054e-24,2.21853e-24
0.00000e+00,0.00000e+00,0.00000e+00,0.00000e+00,0.00000e+00,0.00000e+00,0.00000e+00,0.00000e+00,0.00000e+00,0.00000e+00,1.87942e-27,4.51669e-26,7.81900e-29,1.96421e-27,1.75606e-27,2.21853e-24,5.02069e-23,9.76823e-26,2.31480e-24,2.07750e-24
0.00000e+00,0.00000e+00,0.00000e+00,0.00000e+00,0.00000e+00,0.00000e+00,0.00000e+00,0.00000e+00,0.00000e+00,0.00000e+00,1.75606e-27,4.22970e-26,7.29111e-29,1.87942e-27,1.59108e-27,2.07750e-24,4.71306e-23,9.12715e-26,2.21853e-24,1.88741e-24
0.00000e+00,0.00000e+00,0.00000e+00,0.00000e+00,0.00000e+00,0.00000e+00,0.00000e+00,0.00000e+00,0.00000e+00,0.00000e+00,1.59108e-27,3.84211e-26,6.59108e-29,1.75606e-27,1.38261e-27,1.88741e-24,4.29384e-23,8.27120e-26,2.07750e-24,1.64529e-24
0.00000e+00,0.00000e+00,0.00000e+00,0.00000e+00,0.00000e+00,0.00000e+00,0.00000e+00,0.00000e+00,0.00000e+00,0.00000e+00,1.38261e-27,3.34753e-26,5.71409e-29,1.59108e-27,1.13115e-27,1.64529e-24,3.75401e-23,7.19139e-26,1.88741e-24,1.35107e-24
0.00000e+00,0.00000e+00,0.00000e+00,0.00000e+00,0.00000e+00,0.00000e+00,0.00000e+00,0.00000e+00,0.00000e+00,0.00000e+00,1.13115e-27,2.74554e-26,4.66456e-29,1.38261e-27,8.40483e-28,1.35107e-24,3.09137e-23,5.89077e-26,1.64529e-24,1.00884e-24
0.00000e+00,0.00000e+00,0.00000e+00,0.00000e+00,0.00000e+00,0.00000e+00,0.00000e+00,0.00000e+00,0.00000e+00,0.00000e+00,8.40483e-28,2.04435e-26,3.45948e-29,1.13115e-27,5.18135e-28,1.00884e-24,2.31397e-23,4.38919e-26,1.35107e-24,6.27504e-25
0.00000e+00,0.00000e+00,0.00000e+00,0.00000e+00,0.00000e+00,0.00000e+00,0.00000e+00,0.00000e+00,0.00000e+00,0.00000e+00,5.18135e-28,1.26222e-26,2.12981e-29,8.40483e-28,1.75110e-28,6.27504e-25,1.44209e-23,2.72543e-26,1.00884e-24,2.21593e-25
0.00000e+00,0.00000e+00,0.00000e+00,0.00000e+00,0.00000e+00,0.00000e+00,0.00000e+00,0.00000e+00,0.00000e+00,0.00000e+00,2.12894e-29,5.17950e-28,8.76117e-31,7.18958e-30,3.45827e-29,2.72527e-26,6.27470e-25,1.18167e-27,9.60361e-27,4.38894e-26
0.00000e+00,0.00000e+00,0.00000e+00,0.00000e+00,0.00000e+00,0.00000e+00,0.00000e+00,0.00000e+00,0.00000e+00,0.00000e+00,3.45827e-29,8.40226e-28,1.42487e-30,2.12894e-29,4.66318e-29,4.38894e-26,1.00879e-24,1.90592e-27,2.72527e-26,5.89048e-26
0.00000e+00,0.00000e+00,0.00000e+00,0.00000e+00,0.00000e+00,0.00000e+00,0.00000e+00,0.00000e+00,0.00000e+00,0.00000e+00,4.66318e-29,1.13086e-27,1.92448e-30,3.45827e-29,5.71269e-29,5.89048e-26,1.35101e-24,2.56284e-27,4.38894e-26,7.19108e-26
0.00000e+00,0.00000e+00,0.00000e+00,0.00000e+00,0.00000e+00,0.00000e+00,0.00000e+00,0.00000e+00,0.00000e+00,0.00000e+00,5.71269e-29,1.38232e-27,2.36223e-30,4.66318e-29,6.58979e-29,7.19108e-26,1.64523e-24,3.13559e-27,5.89048e-26,8.27091e-26
0.00000e+00,0.00000e+00,0.00000e+00,0.00000e+00,0.00000e+00,0.00000e+00,0.00000e+00,0.00000e+00,0.00000e+00,0.00000e+00,6.58979e-29,1.59080e-27,2.73062e-30,5.71269e-29,7.29000e-29,8.27091e-26,1.88735e-24,3.61481e-27,7.19108e-26,9.12690e-26
0.00000e+00,0.00000e+00,0.00000e+00,0.00000e+00,0.00000e+00,0.00000e+00,0.00000e+00,0.00000e+00,0.00000e+00,0.00000e+00,7.29000e-29,1.75583e-27,3.02693e-30,6.58979e-29,7.81814e-29,9.12690e-26,2.07746e-24,3.99788e-27,8.27091e-26,9.76803e-26
0.00000e+00,0.00000e+00,0.00000e+00,0.00000e+00,0.00000e+00,0.00000e+00,0.00000e+00,0.00000e+00,0.00000e+00,0.00000e+00,7.81814e-29,1.87924e-27,3.25209e-30,7.29000e-29,8.18403e-29,9.76803e-26,2.21849e-24,4.28719e-27,9.12690e-26,1.02094e-25
0.00000e+00,0.00000e+00,0.00000e+00,0.00000e+00,0.00000e+00,0.00000e+00,0.00000e+00,0.00000e+00,0.00000e+00,0.00000e+00,8.18403e-29,1.96409e-27,3.40911e-30,7.81814e-29,8.39832e-29,1.02094e-25,2.31478e-24,4.48785e-27,9.76803e-26,1.04667e-25
0.00000e+00,0.00000e+00,0.00000e+00,0.00000e+00,0.00000e+00,0.00000e+00,0.00000e+00,0.00000e+00,0.00000e+00,0.00000e+00,8.39832e-29,2.01349e-27,3.50153e-30,8.18403e-29,8.46888e-29,1.04667e-25,2.37053e-24,4.60545e-27,1.02094e-25,1.05511e-25
0.00000e+00,0.00000e+00,0.00000e+00,0.00000e+00,0.00000e+00,0.00000e+00,0.00000e+00,0.00000e+00,0.00000e+00,0.00000e+00,8.46888e-29,2.02971e-27,3.53205e-30,8.39832e-29,8.39861e-29,1.05511e-25,2.38875e-24,4.64415e-27,1.04667e-25,1.04668e-25
0.00000e+00,0.00000e+00,0.00000e+00,0.00000e+00,0.00000e+00,0.00000e+00,0.00000e+00,0.00000e+00,0.00000e+00,0.00000e+00,8.39861e-29,2.01356e-27,3.50167e-30,8.46888e-29,8.18463e-29,1.04668e-25,2.37054e-24,4.60549e-27,1.05511e-25,1.02096e-25
0.00000e+00,0.00000e+00,0.00000e+00,0.00000e+00,0.00000e+00,0.00000e+00,0.00000e+00,0.00000e+00,0.00000e+00,0.00000e+00,8.18463e-29,1.96421e-27,3.40939e-30,8.39861e-29,7.81900e-29,1.02096e-25,2.31480e-24,4.48792e-27,1.04668e-25,9.76823e-26
0.00000e+00,0.00000e+00,0.00000e+00,0.00000e+00,0.00000e+00,0.00000e+00,0.00000e+00,0.00000e+00,0.00000e+00,0.00000e+00,7.81900e-29,1.87942e-27,3.25249e-30,8.18463e-29,7.29111e-29,9.76823e-26,2.21853e-24,4.28729e-27,1.02096e-25,9.12715e-26
0.00000e+00,0.00000e+00,0.00000e+00,0.00000e+00,0.00000e+00,0.00000e+00,0.00000e+00,0.00000e+00,0.00000e+00,0.00000e+00,7.29111e-29,1.75606e-27,3.02744e-30,7.81900e-29,6.59108e-29,9.12715e-26,2.07750e-24,3.99801e-27,9.76823e-26,8.27120e-26
0.00000e+00,0.00000e+00,0.00000e+00,0.00000e+00,0.00000e+00,0.00000e+00,0.00000e+00,0.00000e+00,0.00000e+00,0.00000e+00,6.59108e-29,1.59108e-27,2.73122e-30,7.29111e-29,5.71409e-29,8.27120e-26,1.88741e-24,3.61495e-27,9.12715e-26,7.19139e-26
0.00000e+00,0.00000e+00,0.00000e+00,0.00000e+00,0.00000e+00,0.00000e+00,0.00000e+00,0.00000e+00,0.00000e+00,0.00000e+00,5.71409e-29,1.38261e-27,2.36288e-30,6.59108e-29,4.66456e-29,7.19139e-26,1.64529e-24,3.13574e-27,8.27120e-26,5.89077e-26
0.00000e+00,0.00000e+00,0.00000e+00,0.00000e+00,0.00000e+00,0.00000e+00,0.00000e+00,0.00000e+00,0.00000e+00,0.00000e+00,4.66456e-29,1.13115e-27,1.92512e-30,5.71409e-29,3.45948e-29,5.89077e-26,1.35107e-24,2.56299e-27,7.19139e-26,4.38919e-26
0.00000e+00,0.00000e+00,0.00000e+00,0.00000e+00,0.00000e+00,0.00000e+00,0.00000e+00,0.00000e+00,0.00000e+00,0.00000e+00,3.45948e-29,8.40483e-28,1.42542e-30,4.66456e-29,2.12981e-29,4.38919e-26,1.00884e-24,1.90605e-27,5.89077e-26,2.72543e-26
0.00000e+00,0.00000e+00,0.00000e+00,0.00000e+00,0.00000e+00,0.00000e+00,0.00000e+00,0.00000e+00,0.00000e+00,0.00000e+00,2.12981e-29,5.18135e-28,8.76513e-31,3.45948e-29,7.19285e-30,2.72543e-26,6.27504e-25,1.18176e-27,4.38919e-26,9.60429e-27
0.00000e+00,0.00000e+00,0.00000e+00,0.00000e+00,0.00000e+00,0.00000e+00,0.00000e+00,0.00000e+00,0.00000e+00,0.00000e+00,8.76117e-31,2.12894e-29,3.60929e-32,2.95686e-31,1.42487e-30,1.18167e-27,2.72527e-26,5.11594e-29,4.15621e-28,1.90592e-27
0.00000e+00,0.00000e+00,0.00000e+00,0.00000e+00,0.00000e+00,0.00000e+00,0.00000e+00,0.00000e+00,0.00000e+00,0.00000e+00,1.42487e-30,3.45827e-29,5.87612e-32,8.76117e-31,1.92448e-30,1.90592e-27,4.38894e-26,8.26260e-29,1.18167e-27,2.56284e-27
0.00000e+00,0.00000e+00,0.00000e+00,0.00000e+00,0.00000e+00,0.00000e+00,0.00000e+00,0.00000e+00,0.00000e+00,0.00000e+00,1.92448e-30,4.66318e-29,7.94811e-32,1.42487e-30,2.36223e-30,2.56284e-27,5.89048e-26,1.11292e-28,1.90592e-27,3.13559e-27
0.00000e+00,0.00000e+00,0.00000e+00,0.00000e+00,0.00000e+00,0.00000e+00,0.00000e+00,0.00000e+00,0.00000e+00,0.00000e+00,2.36223e-30,5.71269e-29,9.77298e-32,1.92448e-30,2.73062e-30,3.13559e-27,7.19108e-26,1.36429e-28,2.56284e-27,3.61481e-27
0.00000e+00,0.00000e+00,0.00000e+00,0.00000e+00,0.00000e+00,0.00000e+00,0.00000e+00,0.00000e+00,0.00000e+00,0.00000e+00,2.73062e-30,6.58979e-29,1.13181e-31,2.36223e-30,3.02693e-30,3.61481e-27,8.27091e-26,1.57605e-28,3.13559e-27,3.99788e-27
0.00000e+00,0.00000e+00,0.00000e+00,0.00000e+00,0.00000e+00,0.00000e+00,0.00000e+00,0.00000e+00,0.00000e+00,0.00000e+00,3.02693e-30,7.29000e-29,1.25691e-31,2.73062e-30,3.25209e-30,3.99788e-27,9.12690e-26,1.74657e-28,3.61481e-27,4.28719e-27
0.00000e+00,0.00000e+00,0.00000e+00,0.00000e+00,0.00000e+00,0.00000e+00,0.00000e+00,0.00000e+00,0.00000e+00,0.00000e+00,3.25209e-30,7.81814e-29,1.35259e-31,3.02693e-30,3.40911e-30,4.28719e-27,9.76803e-26,1.87629e-28,3.99788e-27,4.48785e-27
0.00000e+00,0.00000e+00,0.00000e+00,0.00000e+00,0.00000e+00,0.00000e+00,0.00000e+00,0.00000e+00,0.00000e+00,0.00000e+00,3.40911e-30,8.18403e-29,1.41970e-31,3.25209e-30,3.50153e-30,4.48785e-27,1.02094e-25,1.96683e-28,4.28719e-27,4.60545e-27
0.00000e+00,0.00000e+00,0.00000e+00,0.00000e+00,0.00000e+00,0.00000e+00,0.00000e+00,0.00000e+00,0.00000e+00,0.00000e+00,3.50153e-30,8.39832e-29,1.45938e-31,3.40911e-30,3.53205e-30,4.60545e-27,1.04667e-25,2.02016e-28,4.48785e-27,4.64415e-27
0.00000e+00,0.00000e+00,0.00000e+00,0.00000e+00,0.00000e+00,0.00000e+00,0.00000e+00,0.00000e+00,0.00000e+00,0.00000e+00,3.53205e-30,8.46888e-29,1.47251e-31,3.50153e-30,3.50167e-30,4.64415e-27,1.05511e-25,2.03775e-28,4.60545e-27,4.60549e-27
0.00000e+00,0.00000e+00,0.00000e+00,0.00000e+00,0.00000e+00,0.00000e+00,0.00000e+00,0.00000e+00,0.00000e+00,0.00000e+00,3.50167e-30,8.39861e-29,1.45944e-31,3.53205e-30,3.40939e-30,4.60549e-27,1.04668e-25,2.02018e-28,4.64415e-27,4.48792e-27
0.00000e+00,0.00000e+00,0.00000e+00,0.00000e+00,0.00000e+00,0.00000e+00,0.00000e+00,0.00000e+00,0.00000e+00,0.00000e+00,3.40939e-30,8.18463e-29,1.41983e-31,3.50167e-30,3.25249e-30,4.48792e-27,1.02096e-25,1.96687e-28,4.60549e-27,4.28729e-27
0.00000e+00,0.00000e+00,0.00000e+00,0.00000e+00,0.00000e+00,0.00000e+00,0.00000e+00,0.00000e+00,0.00000e+00,0.00000e+00,3.25249e-30,7.81900e-29,1.35278e-31,3.40939e-30,3.02744e-30,4.28729e-27,9.76823e-26,1.87634e-28,4.48792e-27,3.99801e-27
0.00000e+00,0.00000e+00,0.00000e+00,0.00000e+00,0.00000e+00,0.00000e+00,0.00000e+00,0.00000e+00,0.00000e+00,0.00000e+00,3.02744e-30,7.29111e-29,1.25715e-31,3.25249e-30,2.73122e-30,3.99801e-27,9.12715e-26,1.74663e-28,4.28729e-27,3.61495e-27
0.00000e+00,0.00000e+00,0.00000e+00,0.00000e+00,0.00000e+00,0.00000e+00,0.00000e+00,0.00000e+00,0.00000e+00,0.00000e+00,2.73122e-30,6.59108e-29,1.13209e-31,3.02744e-30,2.36288e-30,3.61495e-27,8.27120e-26,1.57613e-28,3.99801e-27,3.13574e-27
0.00000e+00,0.00000e+00,0.00000e+00,0.00000e+00,0.00000e+00,0.00000e+00,0.00000e+00,0.00000e+00,0.00000e+00,0.00000e+00,2.36288e-30,5.71409e-29,9.77593e-32,2.73122e-30,1.92512e-30,3.13574e-27,7.19139e-26,1.36437e-28,3.61495e-27,2.56299e-27
0.00000e+00,0.00000e+00,0.00000e+00,0.00000e+00,0.00000e+00,0.00000e+00,0.00000e+00,0.00000e+00,0.00000e+00,0.00000e+00,1.92512e-30,4.66456e-29,7.95100e-32,2.36288e-30,1.42542e-30,2.56299e-27,5.89077e-26,1.11299e-28,3.13574e-27,1.90605e-27
0.00000e+00,0.00000e+00,0.00000e+00,0.00000e+00,0.00000e+00,0.00000e+00,0.00000e+00,0.00000e+00,0.00000e+00,0.00000e+00,1.42542e-30,3.45948e-29,5.87864e-32,1.92512e-30,8.76513e-31,1.90605e-27,4.38919e-26,8.26321e-29,2.56299e-27,1.18176e-27
0.00000e+00,0.00000e+00,0.00000e+00,0.00000e+00,0.00000e+00,0.00000e+00,0.00000e+00,0.00000e+00,0.00000e+00,0.00000e+00,8.76513e-31,2.12981e-29,3.61108e-32,1.42542e-30,2.95835e-31,1.18176e-27,2.72543e-26,5.11636e-29,1.90605e-27,4.15654e-28
0.00000e+00,0.00000e+00,0.00000e+00,0.00000e+00,0.00000e+00,0.00000e+00,0.00000e+00,0.00000e+00,0.00000e+00,0.00000e+00,3.60929e-32,8.76117e-31,1.48830e-33,1.21745e-32,5.87612e-32,5.11594e-29,1.18167e-27,2.21181e-30,1.79627e-29,8.26260e-29
0.00000e+00,0.00000e+00,0.00000e+00,0.00000e+00,0.00000e+00,0.00000e+00,0.00000e+00,0.00000e+00,0.00000e+00,0.00000e+00,5.87612e-32,1.42487e-30,2.42530e-33,3.60929e-32,7.94811e-32,8.26260e-29,1.90592e-27,3.57650e-30,5.11594e-29,1.11292e-28
0.00000e+00,0.00000e+00,0.00000e+00,0.00000e+00,0.00000e+00,0.00000e+00,0.00000e+00,0.00000e+00,0.00000e+00,0.00000e+00,7.94811e-32,1.92448e-30,3.28474e-33,5.87612e-32,9.77298e-32,1.11292e-28,2.56284e-27,4.82453e-30,8.26260e-29,1.36429e-28
0.00000e+00,0.00000e+00,0.00000e+00,0.00000e+00,0.00000e+00,0.00000e+00,0.00000e+00,0.00000e+00,0.00000e+00,0.00000e+00,9.77298e-32,2.36223e-30,4.04515e-33,7.94811e-32,1.13181e-31,1.36429e-28,3.13559e-27,5.92450e-30,1.11292e-28,1.57605e-28
0.00000e+00,0.00000e+00,0.00000e+00,0.00000e+00,0.00000e+00,0.00000e+00,0.00000e+00,0.00000e+00,0.00000e+00,0.00000e+00,1.13181e-31,2.73062e-30,4.69246e-33,9.77298e-32,1.25691e-31,1.57605e-28,3.61481e-27,6.85666e-30,1.36429e-28,1.74657e-28
0.00000e+00,0.00000e+00,0.00000e+00,0.00000e+00,0.00000e+00,0.00000e+00,0.00000e+00,0.00000e+00,0.00000e+00,0.00000e+00,1.25691e-31,3.02693e-30,5.21959e-33,1.13181e-31,1.35259e-31,1.74657e-28,3.99788e-27,7.61212e-30,1.57605e-28,1.87629e-28
0.00000e+00,0.00000e+00,0.00000e+00,0.00000e+00,0.00000e+00,0.00000e+00,0.00000e+00,0.00000e+00,0.00000e+00,0.00000e+00,1.35259e-31,3.25209e-30,5.62505e-33,1.25691e-31,1.41970e-31,1.87629e-28,4.28719e-27,8.19045e-30,1.74657e-28,1.96683e-28
0.00000e+00,0.00000e+00,0.00000e+00,0.00000e+00,0.00000e+00,0.00000e+00,0.00000e+00,0.00000e+00,0.00000e+00,0.00000e+00,1.41970e-31,3.40911e-30,5.91086e-33,1.35259e-31,1.45938e-31,1.96683e-28,4.48785e-27,8.59642e-30,1.87629e-28,2.02016e-28
0.00000e+00,0.00000e+00,0.00000e+00,0.00000e+00,0.00000e+00,0.00000e+00,0.00000e+00,0.00000e+00,0.00000e+00,0.00000e+00,1.45938e-31,3.50153e-30,6.08044e-33,1.41970e-31,1.47251e-31,2.02016e-28,4.60545e-27,8.83649e-30,1.96683e-28,2.03775e-28
0.00000e+00,0.00000e+00,0.00000e+00,0.00000e+00,0.00000e+00,0.00000e+00,0.00000e+00,0.00000e+00,0.00000e+00,0.00000e+00,1.47251e-31,3.53205e-30,6.13670e-33,1.45938e-31,1.45944e-31,2.03775e-28,4.64415e-27,8.91589e-30,2.02016e-28,2.02018e-28
0.00000e+00,0.00000e+00,0.00000e+00,0.00000e+00,0.00000e+00,0.00000e+00,0.00000e+00,0.00000e+00,0.00000e+00,0.00000e+00,1.45944e-31,3.50167e-30,6.08073e-33,1.47251e-31,1.41983e-31,2.02018e-28,4.60549e-27,8.83658e-30,2.03775e-28,1.96687e-28
0.00000e+00,0.00000e+00,0.00000e+00,0.00000e+00,0.00000e+00,0.00000e+00,0.00000e+00,0.00000e+00,0.00000e+00,0.00000e+00,1.41983e-31,3.40939e-30,5.91143e-33,1.45944e-31,1.35278e-31,1.96687e-28,4.48792e-27,8.59659e-30,2.02018e-28,1.87634e-28
0.00000e+00,0.00000e+00,0.00000e+00,0.00000e+00,0.00000e+00,0.00000e+00,0.00000e+00,0.00000e+00,0.00000e+00,0.00000e+00,1.35278e-31,3.25249e-30,5.62588e-33,1.41983e-31,1.25715e-31,1.87634e-28,4.28729e-27,8.19071e-30,1.96687e-28,1.74663e-28
0.00000e+00,0.00000e+00,0.00000e+00,0.00000e+00,0.00000e+00,0.00000e+00,0.00000e+00,0.00000e+00,0.00000e+00,0.00000e+00,1.25715e-31,3.02744e-30,5.22065e-33,1.35278e-31,1.13209e-31,1.74663e-28,3.99801e-27,7.61244e-30,1.87634e-28,1.57613e-28
0.00000e+00,0.00000e+00,0.00000e+00,0.00000e+00,0.00000e+00,0.00000e+00,0.00000e+00,0.00000e+00,0.00000e+00,0.00000e+00,1.13209e-31,2.73122e-30,4.69369e-33,1.25715e-31,9.77593e-32,1.57613e-28,3.61495e-27,6.85703e-30,1.74663e-28,1.36437e-28
0.00000e+00,0.00000e+00,0.00000e+00,0.00000e+00,0.00000e+00,0.00000e+00,0.00000e+00,0.00000e+00,0.00000e+00,0.00000e+00,9.77593e-32,2.36288e-30,4.04647e-33,1.13209e-31,7.95100e-32,1.36437e-28,3.13574e-27,5.92488e-30,1.57613e-28,1.11299e-28
0.00000e+00,0.00000e+00,0.00000e+00,0.00000e+00,0.00000e+00,0.00000e+00,0.00000e+00,0.00000e+00,0.00000e+00,0.00000e+00,7.95100e-32,1.92512e-30,3.28603e-33,9.77593e-32,5.87864e-32,1.11299e-28,2.56299e-27,4.82488e-30,1.36437e-28,8.26321e-29
0.00000e+00,0.00000e+00,0.00000e+00,0.00000e+00,0.00000e+00,0.00000e+00,0.00000e+00,0.00000e+00,0.00000e+00,0.00000e+00,5.87864e-32,1.42542e-30,2.42642e-33,7.95100e-32,3.61108e-32,8.26321e-29,1.90605e-27,3.57680e-30,1.11299e-28,5.11636e-29
0.00000e+00,0.00000e+00,0.00000e+00,0.00000e+00,0.00000e+00,0.00000e+00,0.00000e+00,0.00000e+00,0.00000e+00,0.00000e+00,3.61108e-32,8.76513e-31,1.48910e-33,5.87864e-32,1.21812e-32,5.11636e-29,1.18176e-27,2.21201e-30,8.26321e-29,1.79643e-29
0.00000e+00,0.00000e+00,0.00000e+00,0.00000e+00,0.00000e+00,0.00000e+00,0.00000e+00,0.00000e+00,0.00000e+00,0.00000e+00,1.48830e-33,3.60929e-32,6.14222e-35,5.01775e-34,2.42530e-33,2.21181e-30,5.11594e-29,9.55017e-32,7.75360e-31,3.57650e-30
0.00000e+00,0.00000e+00,0.00000e+00,0.00000e+00,0.00000e+00,0.00000e+00,0.00000e+00,0.00000e+00,0.00000e+00,0.00000e+00,2.42530e-33,5.87612e-32,1.00175e-34,1.48830e-33,3.28474e-33,3.57650e-30,8.26260e-29,1.54592e-31,2.21181e-30,4.82453e-30
0.00000e+00,0.00000e+00,0.00000e+00,0.00000e+00,0.00000e+00,0.00000e+00,0.00000e+00,0.00000e+00,0.00000e+00,0.00000e+00,3.28474e-33,7.94811e-32,1.35829e-34,2.42530e-33,4.04515e-33,4.82453e-30,1.11292e-28,2.08814e-31,3.57650e-30,5.92450e-30
0.00000e+00,0.00000e+00,0.00000e+00,0.00000e+00,0.00000e+00,0.00000e+00,0.00000e+00,0.00000e+00,0.00000e+00,0.00000e+00,4.04515e-33,9.77298e-32,1.67503e-34,3.28474e-33,4.69246e-33,5.92450e-30,1.36429e-28,2.56819e-31,4.82453e-30,6.85666e-30
0.00000e+00,0.00000e+00,0.00000e+00,0.00000e+00,0.00000e+00,0.00000e+00,0.00000e+00,0.00000e+00,0.00000e+00,0.00000e+00,4.69246e-33,1.13181e-31,1.94594e-34,4.04515e-33,5.21959e-33,6.85666e-30,1.57605e-28,2.97714e-31,5.92450e-30,7.61212e-30
0.00000e+00,0.00000e+00,0.00000e+00,0.00000e+00,0.00000e+00,0.00000e+00,0.00000e+00,0.00000e+00,0.00000e+00,0.00000e+00,5.21959e-33,1.25691e-31,2.16768e-34,4.69246e-33,5.62505e-33,7.61212e-30,1.74657e-28,3.31044e-31,6.85666e-30,8.19045e-30
0.00000e+00,0.00000e+00,0.00000e+00,0.00000e+00,0.00000e+00,0.00000e+00,0.00000e+00,0.00000e+00,0.00000e+00,0.00000e+00,5.62505e-33,1.35259e-31,2.33908e-34,5.21959e-33,5.91086e-33,8.19045e-30,1.87629e-28,3.56701e-31,7.61212e-30,8.59642e-30
0.00000e+00,0.00000e+00,0.00000e+00,0.00000e+00,0.00000e+00,0.00000e+00,0.00000e+00,0.00000e+00,0.00000e+00,0.00000e+00,5.91086e-33,1.41970e-31,2.46043e-34,5.62505e-33,6.08044e-33,8.59642e-30,1.96683e-28,3.74799e-31,8.19045e-30,8.83649e-30
0.00000e+00,0.00000e+00,0.00000e+00,0.00000e+00,0.00000e+00,0.00000e+00,0.00000e+00,0.00000e+00,0.00000e+00,0.00000e+00,6.08044e-33,1.45938e-31,2.53267e-34,5.91086e-33,6.13670e-33,8.83649e-30,2.02016e-28,3.85541e-31,8.59642e-30,8.91589e-30
0.00000e+00,0.00000e+00,0.00000e+00,0.00000e+00,0.00000e+00,0.00000e+00,0.00000e+00,0.00000e+00,0.00000e+00,0.00000e+00,6.13670e-33,1.47251e-31,2.55667e-34,6.08044e-33,6.08073e-33,8.91589e-30,2.03775e-28,3.89101e-31,8.83649e-30,8.83658e-30
0.00000e+00,0.00000e+00,0.00000e+00,0.00000e+00,0.00000e+00,0.00000e+00,0.00000e+00,0.00000e+00,0.00000e+00,0.00000e+00,6.08073e-33,1.45944e-31,2.53280e-34,6.13670e-33,5.91143e-33,8.83658e-30,2.02018e-28,3.85546e-31,8.91589e-30,8.59659e-30
0.00000e+00,0.00000e+00,0.00000e+00,0.00000e+00,0.00000e+00,0.00000e+00,0.00000e+00,0.00000e+00,0.00000e+00,0.00000e+00,5.91143e-33,1.41983e-31,2.46069e-34,6.08073e-33,5.62588e-33,8.59659e-30,1.96687e-28,3.74808e-31,8.83658e-30,8.19071e-30
0.00000e+00,0.00000e+00,0.00000e+00,0.00000e+00,0.00000e+00,0.00000e+00,0.00000e+00,0.00000e+00,0.00000e+00,0.00000e+00,5.62588e-33,1.35278e-31,2.33945e-34,5.91143e-33,5.22065e-33,8.19071e-30,1.87634e-28,3.56714e-31,8.59659e-30,7.61244e-30
0.00000e+00,0.00000e+00,0.00000e+00,0.00000e+00,0.00000e+00,0.00000e+00,0.00000e+00,0.00000e+00,0.00000e+00,0.00000e+00,5.22065e-33,1.25715e-31,2.16815e-34,5.62588e-33,4.69369e-33,7.61244e-30,1.74663e-28,3.31060e-31,8.19071e-30,6.85703e-30
0.00000e+00,0.00000e+00,0.00000e+00,0.00000e+00,0.00000e+00,0.00000e+00,0.00000e+00,0.00000e+00,0.00000e+00,0.00000e+00,4.69369e-33,1.13209e-31,1.94649e-34,5.22065e-33,4.04647e-33,6.85703e-30,1.57613e-28,2.97732e-31,7.61244e-30,5.92488e-30
0.00000e+00,0.00000e+00,0.00000e+00,0.00000e+00,0.00000e+00,0.00000e+00,0.00000e+00,0.00000e+00,0.00000e+00,0.00000e+00,4.04647e-33,9.77593e-32,1.67562e-34,4.69369e-33,3.28603e-33,5.92488e-30,1.36437e-28,2.56837e-31,6.85703e-30,4.82488e-30
0.00000e+00,0.00000e+00,0.00000e+00,0.00000e+00,0.00000e+00,0.00000e+00,0.00000e+00,0.00000e+00,0.00000e+00,0.00000e+00,3.28603e-33,7.95100e-32,1.35886e-34,4.04647e-33,2.42642e-33,4.82488e-30,1.11299e-28,2.08831e-31,5.92488e-30,3.57680e-30
0.00000e+00,0.00000e+00,0.00000e+00,0.00000e+00,0.00000e+00,0.00000e+00,0.00000e+00,0.00000e+00,0.00000e+00,0.00000e+00,2.42642e-33,5.87864e-32,1.00224e-34,3.28603e-33,1.48910e-33,3.57680e-30,8.26321e-29,1.54606e-31,4.82488e-30,2.21201e-30
0.00000e+00,0.00000e+00,0.00000e+00,0.00000e+00,0.00000e+00,0.00000e+00,0.00000e+00,0.00000e+00,0.00000e+00,0.00000e+00,1.48910e-33,3.61108e-32,6.14573e-35,2.42642e-33,5.02072e-34,2.21201e-30,5.11636e-29,9.55114e-32,3.57680e-30,7.75439e-31
0.00000e+00,0.00000e+00,0.00000e+00,0.00000e+00,0.00000e+00,0.00000e+00,0.00000e+00,0.00000e+00,0.00000e+00,0.00000e+00,6.14222e-35,1.48830e-33,2.53677e-36,2.06993e-35,1.00175e-34,9.55017e-32,2.21181e-30,4.11865e-33,3.34296e-32,1.54592e-31
0.00000e+00,0.00000e+00,0.00000e+00,0.00000e+00,0.00000e+00,0.00000e+00,0.00000e+00,0.00000e+00,0.00000e+00,0.00000e+00,1.00175e-34,2.42530e-33,4.14032e-36,6.14222e-35,1.35829e-34,1.54592e-31,3.57650e-30,6.67340e-33,9.55017e-32,2.08814e-31
0.00000e+00,0.00000e+00,0.00000e+00,0.00000e+00,0.00000e+00,0.00000e+00,0.00000e+00,0.00000e+00,0.00000e+00,0.00000e+00,1.35829e-34,3.28474e-33,5.61970e-36,1.00175e-34,1.67503e-34,2.08814e-31,4.82453e-30,9.02475e-33,1.54592e-31,2.56819e-31
0.00000e+00,0.00000e+00,0.00000e+00,0.00000e+00,0.00000e+00,0.00000e+00,0.00000e+00,0.00000e+00,0.00000e+00,0.00000e+00,1.67503e-34,4.04515e-33,6.93864e-36,1.35829e-34,1.94594e-34,2.56819e-31,5.92450e-30,1.11147e-32,2.08814e-31,2.97714e-31
0.00000e+00,0.00000e+00,0.00000e+00,0.00000e+00,0.00000e+00,0.00000e+00,0.00000e+00,0.00000e+00,0.00000e+00,0.00000e+00,1.94594e-34,4.69246e-33,8.07146e-36,1.67503e-34,2.16768e-34,2.97714e-31,6.85666e-30,1.29034e-32,2.56819e-31,3.31044e-31
0.00000e+00,0.00000e+00,0.00000e+00,0.00000e+00,0.00000e+00,0.00000e+00,0.00000e+00,0.00000e+00,0.00000e+00,0.00000e+00,2.16768e-34,5.21959e-33,9.00280e-36,1.94594e-34,2.33908e-34,3.31044e-31,7.61212e-30,1.43685e-32,2.97714e-31,3.56701e-31
0.00000e+00,0.00000e+00,0.00000e+00,0.00000e+00,0.00000e+00,0.00000e+00,0.00000e+00,0.00000e+00,0.00000e+00,0.00000e+00,2.33908e-34,5.62505e-33,9.72586e-36,2.16768e-34,2.46043e-34,3.56701e-31,8.19045e-30,1.55018e-32,3.31044e-31,3.74799e-31
0.00000e+00,0.00000e+00,0.00000e+00,0.00000e+00,0.00000e+00,0.00000e+00,0.00000e+00,0.00000e+00,0.00000e+00,0.00000e+00,2.46043e-34,5.91086e-33,1.02397e-35,2.33908e-34,2.53267e-34,3.74799e-31,8.59642e-30,1.63045e-32,3.56701e-31,3.85541e-31
0.00000e+00,0.00000e+00,0.00000e+00,0.00000e+00,0.00000e+00,0.00000e+00,0.00000e+00,0.00000e+00,0.00000e+00,0.00000e+00,2.53267e-34,6.08044e-33,1.05465e-35,2.46043e-34,2.55667e-34,3.85541e-31,8.83649e-30,1.67825e-32,3.74799e-31,3.89101e-31
0.00000e+00,0.00000e+00,0.00000e+00,0.00000e+00,0.00000e+00,0.00000e+00,0.00000e+00,0.00000e+00,0.00000e+00,0.00000e+00,2.55667e-34,6.13670e-33,1.06486e-35,2.53267e-34,2.53280e-34,3.89101e-31,8.91589e-30,1.69412e-32,3.85541e-31,3.85546e-31
0.00000e+00,0.00000e+00,0.00000e+00,0.00000e+00,0.00000e+00,0.00000e+00,0.00000e+00,0.00000e+00,0.00000e+00,0.00000e+00,2.53280e-34,6.08073e-33,1.05471e-35,2.55667e-34,2.46069e-34,3.85546e-31,8.83658e-30,1.67827e-32,3.89101e-31,3.74808e-31
0.00000e+00,0.00000e+00,0.00000e+00,0.00000e+00,0.00000e+00,0.00000e+00,0.00000e+00,0.00000e+00,0.00000e+00,0.00000e+00,2.46069e-34,5.91143e-33,1.02409e-35,2.53280e-34,2.33945e-34,3.74808e-31,8.59659e-30,1.63050e-32,3.85546e-31,3.56714e-31
0.00000e+00,0.00000e+00,0.00000e+00,0.00000e+00,0.00000e+00,0.00000e+00,0.00000e+00,0.00000e+00,0.00000e+00,0.00000e+00,2.33945e-34,5.62588e-33,9.72753e-36,2.46069e-34,2.16815e-34,3.56714e-31,8.19071e-30,1.55024e-32,3.74808e-31,3.31060e-31
0.00000e+00,0.00000e+00,0.00000e+00,0.00000e+00,0.00000e+00,0.00000e+00,0.00000e+00,0.00000e+00,0.00000e+00,0.00000e+00,2.16815e-34,5.22065e-33,9.00491e-36,2.33945e-34,1.94649e-34,3.31060e-31,7.61244e-30,1.43693e-32,3.56714e-31,2.97732e-31
0.00000e+00,0.00000e+00,0.00000e+00,0.00000e+00,0.00000e+00,0.00000e+00,0.00000e+00,0.00000e+00,0.00000e+00,0.00000e+00,1.94649e-34,4.69369e-33,8.07389e-36,2.16815e-34,1.67562e-34,2.97732e-31,6.85703e-30,1.29043e-32,3.31060e-31,2.56837e-31
0.00000e+00,0.00000e+00,0.00000e+00,0.00000e+00,0.00000e+00,0.00000e+00,0.00000e+00,0.00000e+00,0.00000e+00,0.00000e+00,1.67562e-34,4.04647e-33,6.94123e-36,1.94649e-34,1.35886e-34,2.56837e-31,5.92488e-30,1.11156e-32,2.97732e-31,2.08831e-31
0.00000e+00,0.00000e+00,0.00000e+00,0.00000e+00,0.00000e+00,0.00000e+00,0.00000e+00,0.00000e+00,0.00000e+00,0.00000e+00,1.35886e-34,3.28603e-33,5.62223e-36,1.67562e-34,1.00224e-34,2.08831e-31,4.82488e-30,9.02557e-33,2.56837e-31,1.54606e-31
0.00000e+00,0.00000e+00,0.00000e+00,0.00000e+00,0.00000e+00,0.00000e+00,0.00000e+00,0.00000e+00,0.00000e+00,0.00000e+00,1.00224e-34,2.42642e-33,4.14252e-36,1.35886e-34,6.14573e-35,1.54606e-31,3.57680e-30,6.67408e-33,2.08831e-31,9.55114e-32
0.00000e+00,0.00000e+00,0.00000e+00,0.00000e+00,0.00000e+00,0.00000e+00,0.00000e+00,0.00000e+00,0.00000e+00,0.00000e+00,6.14573e-35,1.48910e-33,2.53832e-36,1.00224e-34,2.07124e-35,9.55114e-32,2.21201e-30,4.11911e-33,1.54606e-31,3.34334e-32
0.00000e+00,0.00000e+00,0.00000e+00,0.00000e+00,0.00000e+00,0.00000e+00,0.00000e+00,0.00000e+00,0.00000e+00,0.00000e+00,2.53677e-36,6.14222e-35,1.04839e-37,8.54560e-37,4.14032e-36,4.11865e-33,9.55017e-32,1.77425e-34,1.43975e-33,6.67340e-33
0.00000e+00,0.00000e+00,0.00000e+00,0.00000e+00,0.00000e+00,0.00000e+00,0.00000e+00,0.00000e+00,0.00000e+00,0.00000e+00,4.14032e-36,1.00175e-34,1.71222e-37,2.53677e-36,5.61970e-36,6.67340e-33,1.54592e-31,2.87727e-34,4.11865e-33,9.02475e-33
0.00000e+00,0.00000e+00,0.00000e+00,0.00000e+00,0.00000e+00,0.00000e+00,0.00000e+00,0.00000e+00,0.00000e+00,0.00000e+00,5.61970e-36,1.35829e-34,2.32614e-37,4.14032e-36,6.93864e-36,9.02475e-33,2.08814e-31,3.89519e-34,6.67340e-33,1.11147e-32
0.00000e+00,0.00000e+00,0.00000e+00,0.00000e+00,0.00000e+00,0.00000e+00,0.00000e+00,0.00000e+00,0.00000e+00,0.00000e+00,6.93864e-36,1.67503e-34,2.87521e-37,5.61970e-36,8.07146e-36,1.11147e-32,2.56819e-31,4.80311e-34,9.02475e-33,1.29034e-32
0.00000e+00,0.00000e+00,0.00000e+00,0.00000e+00,0.00000e+00,0.00000e+00,0.00000e+00,0.00000e+00,0.00000e+00,0.00000e+00,8.07146e-36,1.94594e-34,3.34855e-37,6.93864e-36,9.00280e-36,1.29034e-32,2.97714e-31,5.58336e-34,1.11147e-32,1.43685e-32
0.00000e+00,0.00000e+00,0.00000e+00,0.00000e+00,0.00000e+00,0.00000e+00,0.00000e+00,0.00000e+00,0.00000e+00,0.00000e+00,9.00280e-36,2.16768e-34,3.73924e-37,8.07146e-36,9.72586e-36,1.43685e-32,3.31044e-31,6.22522e-34,1.29034e-32,1.55018e-32
0.00000e+00,0.00000e+00,0.00000e+00,0.00000e+00,0.00000e+00,0.00000e+00,0.00000e+00,0.00000e+00,0.00000e+00,0.00000e+00,9.72586e-36,2.33908e-34,4.04371e-37,9.00280e-36,1.02397e-35,1.55018e-32,3.56701e-31,6.72382e-34,1.43685e-32,1.63045e-32
0.00000e+00,0.00000e+00,0.00000e+00,0.00000e+00,0.00000e+00,0.00000e+00,0.00000e+00,0.00000e+00,0.00000e+00,0.00000e+00,1.02397e-35,2.46043e-34,4.26082e-37,9.72586e-36,1.05465e-35,1.63045e-32,3.74799e-31,7.07833e-34,1.55018e-32,1.67825e-32
0.00000e+00,0.00000e+00,0.00000e+00,0.00000e+00,0.00000e+00,0.00000e+00,0.00000e+00,0.00000e+00,0.00000e+00,0.00000e+00,1.05465e-35,2.53267e-34,4.39076e-37,1.02397e-35,1.06486e-35,1.67825e-32,3.85541e-31,7.28999e-34,1.63045e-32,1.69412e-32
0.00000e+00,0.00000e+00,0.00000e+00,0.00000e+00,0.00000e+00,0.00000e+00,0.00000e+00,0.00000e+00,0.00000e+00,0.00000e+00,1.06486e-35,2.55667e-34,4.43407e-37,1.05465e-35,1.05471e-35,1.69412e-32,3.89101e-31,7.36037e-34,1.67825e-32,1.67827e-32
0.00000e+00,0.00000e+00,0.00000e+00,0.00000e+00,0.00000e+00,0.00000e+00,0.00000e+00,0.00000e+00,0.00000e+00,0.00000e+00,1.05471e-35,2.53280e-34,4.39102e-37,1.06486e-35,1.02409e-35,1.67827e-32,3.85546e-31,7.29010e-34,1.69412e-32,1.63050e-32
0.00000e+00,0.00000e+00,0.00000e+00,0.00000e+00,0.00000e+00,0.00000e+00,0.00000e+00,0.00000e+00,0.00000e+00,0.00000e+00,1.02409e-35,2.46069e-34,4.26134e-37,1.05471e-35,9.72753e-36,1.63050e-32,3.74808e-31,7.07853e-34,1.67827e-32,1.55024e-32
0.00000e+00,0.00000e+00,0.00000e+00,0.00000e+00,0.00000e+00,0.00000e+00,0.00000e+00,0.00000e+00,0.00000e+00,0.00000e+00,9.72753e-36,2.33945e-34,4.04446e-37,1.02409e-35,9.00491e-36,1.55024e-32,3.56714e-31,6.72411e-34,1.63050e-32,1.43693e-32
0.00000e+00,0.00000e+00,0.00000e+00,0.00000e+00,0.00000e+00,0.00000e+00,0.00000e+00,0.00000e+00,0.00000e+00,0.00000e+00,9.00491e-36,2.16815e-34,3.74018e-37,9.72753e-36,8.07389e-36,1.43693e-32,3.31060e-31,6.22558e-34,1.55024e-32,1.29043e-32
0.00000e+00,0.00000e+00,0.00000e+00,0.00000e+00,0.00000e+00,0.00000e+00,0.00000e+00,0.00000e+00,0.00000e+00,0.00000e+00,8.07389e-36,1.94649e-34,3.34964e-37,9.00491e-36,6.94123e-36,1.29043e-32,2.97732e-31,5.58376e-34,1.43693e-32,1.11156e-32
0.00000e+00,0.00000e+00,0.00000e+00,0.00000e+00,0.00000e+00,0.00000e+00,0.00000e+00,0.00000e+00,0.00000e+00,0.00000e+00,6.94123e-36,1.67562e-34,2.87636e-37,8.07389e-36,5.62223e-36,1.11156e-32,2.56837e-31,4.80353e-34,1.29043e-32,9.02557e-33
0.00000e+00,0.00000e+00,0.00000e+00,0.00000e+00,0.00000e+00,0.00000e+00,0.00000e+00,0.00000e+00,0.00000e+00,0.00000e+00,5.62223e-36,1.35886e-34,2.32726e-37,6.94123e-36,4.14252e-36,9.02557e-33,2.08831e-31,3.89557e-34,1.11156e-32,6.67408e-33
0.00000e+00,0.00000e+00,0.00000e+00,0.00000e+00,0.00000e+00,0.00000e+00,0.00000e+00,0.00000e+00,0.00000e+00,0.00000e+00,4.14252e-36,1.00224e-34,1.71320e-37,5.62223e-36,2.53832e-36,6.67408e-33,1.54606e-31,2.87759e-34,9.02557e-33,4.11911e-33
0.00000e+00,0.00000e+00,0.00000e+00,0.00000e+00,0.00000e+00,0.00000e+00,0.00000e+00,0.00000e+00,0.00000e+00,0.00000e+00,2.53832e-36,6.14573e-35,1.04908e-37,4.14252e-36,8.55140e-37,4.11911e-33,9.55114e-32,1.77446e-34,6.67408e-33,1.43993e-33
0.00000e+00,0.00000e+00,0.00000e+00,0.00000e+00,0.00000e+00,0.00000e+00,0.00000e+00,0.00000e+00,0.00000e+00,0.00000e+00,1.04839e-37,2.53677e-36,4.33524e-39,3.53047e-38,1.71222e-37,1.77425e-34,4.11865e-33,7.63519e-36,6.19447e-35,2.87727e-34
0.00000e+00,0.00000e+00,0.00000e+00,0.00000e+00,0.00000e+00,0.00000e+00,0.00000e+00,0.00000e+00,0.00000e+00,0.00000e+00,1.71222e-37,4.14032e-36,7.08446e-39,1.04839e-37,2.32614e-37,2.87727e-34,6.67340e-33,1.23915e-35,1.77425e-34,3.89519e-34
0.00000e+00,0.00000e+00,0.00000e+00,0.00000e+00,0.00000e+00,0.00000e+00,0.00000e+00,0.00000e+00,0.00000e+00,0.00000e+00,2.32614e-37,5.61970e-36,9.63243e-39,1.71222e-37,2.87521e-37,3.89519e-34,9.02475e-33,1.67912e-35,2.87727e-34,4.80311e-34
0.00000e+00,0.00000e+00,0.00000e+00,0.00000e+00,0.00000e+00,0.00000e+00,0.00000e+00,0.00000e+00,0.00000e+00,0.00000e+00,2.87521e-37,6.93864e-36,1.19177e-38,2.32614e-37,3.34855e-37,4.80311e-34,1.11147e-32,2.07276e-35,3.89519e-34,5.58336e-34
0.00000e+00,0.00000e+00,0.00000e+00,0.00000e+00,0.00000e+00,0.00000e+00,0.00000e+00,0.00000e+00,0.00000e+00,0.00000e+00,3.34855e-37,8.07146e-36,1.38942e-38,2.87521e-37,3.73924e-37,5.58336e-34,1.29034e-32,2.41227e-35,4.80311e-34,6.22522e-34
0.00000e+00,0.00000e+00,0.00000e+00,0.00000e+00,0.00000e+00,0.00000e+00,0.00000e+00,0.00000e+00,0.00000e+00,0.00000e+00,3.73924e-37,9.00280e-36,1.55313e-38,3.34855e-37,4.04371e-37,6.22522e-34,1.43685e-32,2.69264e-35,5.58336e-34,6.72382e-34
0.00000e+00,0.00000e+00,0.00000e+00,0.00000e+00,0.00000e+00,0.00000e+00,0.00000e+00,0.00000e+00,0.00000e+00,0.00000e+00,4.04371e-37,9.72586e-36,1.68114e-38,3.73924e-37,4.26082e-37,6.72382e-34,1.55018e-32,2.91125e-35,6.22522e-34,7.07833e-34
0.00000e+00,0.00000e+00,0.00000e+00,0.00000e+00,0.00000e+00,0.00000e+00,0.00000e+00,0.00000e+00,0.00000e+00,0.00000e+00,4.26082e-37,1.02397e-35,1.77268e-38,4.04371e-37,4.39076e-37,7.07833e-34,1.63045e-32,3.06719e-35,6.72382e-34,7.28999e-34
0.00000e+00,0.00000e+00,0.00000e+00,0.00000e+00,0.00000e+00,0.00000e+00,0.00000e+00,0.00000e+00,0.00000e+00,0.00000e+00,4.39076e-37,1.05465e-35,1.82759e-38,4.26082e-37,4.43407e-37,7.28999e-34,1.67825e-32,3.16051e-35,7.07833e-34,7.36037e-34
0.00000e+00,0.00000e+00,0.00000e+00,0.00000e+00,0.00000e+00,0.00000e+00,0.00000e+00,0.00000e+00,0.00000e+00,0.00000e+00,4.43407e-37,1.06486e-35,1.84592e-38,4.39076e-37,4.39102e-37,7.36037e-34,1.69412e-32,3.19158e-35,7.28999e-34,7.29010e-34
0.00000e+00,0.00000e+00,0.00000e+00,0.00000e+00,0.00000e+00,0.00000e+00,0.00000e+00,0.00000e+00,0.00000e+00,0.00000e+00,4.39102e-37,1.05471e-35,1.82771e-38,4.43407e-37,4.26134e-37,7.29010e-34,1.67827e-32,3.16056e-35,7.36037e-34,7.07853e-34
0.00000e+00,0.00000e+00,0.00000e+00,0.00000e+00,0.00000e+00,0.00000e+00,0.00000e+00,0.00000e+00,0.00000e+00,0.00000e+00,4.26134e-37,1.02409e-35,1.77292e-38,4.39102e-37,4.04446e-37,7.07853e-34,1.63050e-32,3.06728e-35,7.29010e-34,6.72411e-34
0.00000e+00,0.00000e+00,0.00000e+00,0.00000e+00,0.00000e+00,0.00000e+00,0.00000e+00,0.00000e+00,0.00000e+00,0.00000e+00,4.04446e-37,9.72753e-36,1.68148e-38,4.26134e-37,3.74018e-37,6.72411e-34,1.55024e-32,2.91139e-35,7.07853e-34,6.22558e-34
0.00000e+00,0.00000e+00,0.00000e+00,0.00000e+00,0.00000e+00,0.00000e+00,0.00000e+00,0.00000e+00,0.00000e+00,0.00000e+00,3.74018e-37,9.00491e-36,1.55356e-38,4.04446e-37,3.34964e-37,6.22558e-34,1.43693e-32,2.69281e-35,6.72411e-34,5.58376e-34
0.00000e+00,0.00000e+00,0.00000e+00,0.00000e+00,0.00000e+00,0.00000e+00,0.00000e+00,0.00000e+00,0.00000e+00,0.00000e+00,3.34964e-37,8.07389e-36,1.38991e-38,3.74018e-37,2.87636e-37,5.58376e-34,1.29043e-32,2.41246e-35,6.22558e-34,4.80353e-34
0.00000e+00,0.00000e+00,0.00000e+00,0.00000e+00,0.00000e+00,0.00000e+00,0.00000e+00,0.00000e+00,0.00000e+00,0.00000e+00,2.87636e-37,6.94123e-36,1.19229e-38,3.34964e-37,2.32726e-37,4.80353e-34,1.11156e-32,2.07296e-35,5.58376e-34,3.89557e-34
0.00000e+00,0.00000e+00,0.00000e+00,0.00000e+00,0.00000e+00,0.00000e+00,0.00000e+00,0.00000e+00,0.00000e+00,0.00000e+00,2.32726e-37,5.62223e-36,9.63751e-39,2.87636e-37,1.71320e-37,3.89557e-34,9.02557e-33,1.67930e-35,4.80353e-34,2.87759e-34
0.00000e+00,0.00000e+00,0.00000e+00,0.00000e+00,0.00000e+00,0.00000e+00,0.00000e+00,0.00000e+00,0.00000e+00,0.00000e+00,1.71320e-37,4.14252e-36,7.08887e-39,2.32726e-37,1.04908e-37,2.87759e-34,6.67408e-33,1.23930e-35,3.89557e-34,1.77446e-34
0.00000e+00,0.00000e+00,0.00000e+00,0.00000e+00,0.00000e+00,0.00000e+00,0.00000e+00,0.00000e+00,0.00000e+00,0.00000e+00,1.04908e-37,2.53832e-36,4.33836e-39,1.71320e-37,3.53306e-38,1.77446e-34,4.11911e-33,7.63620e-36,2.87759e-34,6.19529e-35
0.00000e+00,0.00000e+00,0.00000e+00,0.00000e+00,0.00000e+00,0.00000e+00,0.00000e+00,0.00000e+00,0.00000e+00,0.00000e+00,4.33524e-39,1.04839e-37,1.79361e-40,1.45945e-39,7.08446e-39,7.63519e-36,1.77425e-34,3.28245e-37,2.66258e-36,1.23915e-35
0.00000e+00,0.00000e+00,0.00000e+00,0.00000e+00,0.00000e+00,0.00000e+00,0.00000e+00,0.00000e+00,0.00000e+00,0.00000e+00,7.08446e-39,1.71222e-37,2.93257e-40,4.33524e-39,9.63243e-39,1.23915e-35,2.87727e-34,5.33094e-37,7.63519e-36,1.67912e-35
0.00000e+00,0.00000e+00,0.00000e+00,0.00000e+00,0.00000e+00,0.00000e+00,0.00000e+00,0.00000e+00,0.00000e+00,0.00000e+00,9.63243e-39,2.32614e-37,3.99020e-40,7.08446e-39,1.19177e-38,1.67912e-35,3.89519e-34,7.22984e-37,1.23915e-35,2.07276e-35
0.00000e+00,0.00000e+00,0.00000e+00,0.00000e+00,0.00000e+00,0.00000e+00,0.00000e+00,0.00000e+00,0.00000e+00,0.00000e+00,1.19177e-38,2.87521e-37,4.94115e-40,9.63243e-39,1.38942e-38,2.07276e-35,4.80311e-34,8.93348e-37,1.67912e-35,2.41227e-35
0.00000e+00,0.00000e+00,0.00000e+00,0.00000e+00,0.00000e+00,0.00000e+00,0.00000e+00,0.00000e+00,0.00000e+00,0.00000e+00,1.38942e-38,3.34855e-37,5.76601e-40,1.19177e-38,1.55313e-38,2.41227e-35,5.58336e-34,1.04075e-36,2.07276e-35,2.69264e-35
0.00000e+00,0.00000e+00,0.00000e+00,0.00000e+00,0.00000e+00,0.00000e+00,0.00000e+00,0.00000e+00,0.00000e+00,0.00000e+00,1.55313e-38,3.73924e-37,6.45130e-40,1.38942e-38,1.68114e-38,2.69264e-35,6.22522e-34,1.16289e-36,2.41227e-35,2.91125e-35
0.00000e+00,0.00000e+00,0.00000e+00,0.00000e+00,0.00000e+00,0.00000e+00,0.00000e+00,0.00000e+00,0.00000e+00,0.00000e+00,1.68114e-38,4.04371e-37,6.98875e-40,1.55313e-38,1.77268e-38,2.91125e-35,6.72382e-34,1.25844e-36,2.69264e-35,3.06719e-35
0.00000e+00,0.00000e+00,0.00000e+00,0.00000e+00,0.00000e+00,0.00000e+00,0.00000e+00,0.00000e+00,0.00000e+00,0.00000e+00,1.77268e-38,4.26082e-37,7.37410e-40,1.68114e-38,1.82759e-38,3.06719e-35,7.07833e-34,1.32679e-36,2.91125e-35,3.16051e-35
0.00000e+00,0.00000e+00,0.00000e+00,0.00000e+00,0.00000e+00,0.00000e+00,0.00000e+00,0.00000e+00,0.00000e+00,0.00000e+00,1.82759e-38,4.39076e-37,7.60567e-40,1.77268e-38,1.84592e-38,3.16051e-35,7.28999e-34,1.36778e-36,3.06719e-35,3.19158e-35
0.00000e+00,0.00000e+00,0.00000e+00,0.00000e+00,0.00000e+00,0.00000e+00,0.00000e+00,0.00000e+00,0.00000e+00,0.00000e+00,1.84592e-38,4.43407e-37,7.68306e-40,1.82759e-38,1.82771e-38,3.19158e-35,7.36037e-34,1.38144e-36,3.16051e-35,3.16056e-35
0.00000e+00,0.00000e+00,0.00000e+00,0.00000e+00,0.00000e+00,0.00000e+00,0.00000e+00,0.00000e+00,0.00000e+00,0.00000e+00,1.82771e-38,4.39102e-37,7.60623e-40,1.84592e-38,1.77292e-38,3.16056e-35,7.29010e-34,1.36780e-36,3.19158e-35,3.06728e-35
0.00000e+00,0.00000e+00,0.00000e+00,0.00000e+00,0.00000e+00,0.00000e+00,0.00000e+00,0.00000e+00,0.00000e+00,0.00000e+00,1.77292e-38,4.26134e-37,7.37519e-40,1.82771e-38,1.68148e-38,3.06728e-35,7.07853e-34,1.32683e-36,3.16056e-35,2.91139e-35
0.00000e+00,0.00000e+00,0.00000e+00,0.00000e+00,0.00000e+00,0.00000e+00,0.00000e+00,0.00000e+00,0.00000e+00,0.00000e+00,1.68148e-38,4.04446e-37,6.99033e-40,1.77292e-38,1.55356e-38,2.91139e-35,6.72411e-34,1.25850e-36,3.06728e-35,2.69281e-35
0.00000e+00,0.00000e+00,0.00000e+00,0.00000e+00,0.00000e+00,0.00000e+00,0.00000e+00,0.00000e+00,0.00000e+00,0.00000e+00,1.55356e-38,3.74018e-37,6.45328e-40,1.68148e-38,1.38991e-38,2.69281e-35,6.22558e-34,1.16297e-36,2.91139e-35,2.41246e-35
0.00000e+00,0.00000e+00,0.00000e+00,0.00000e+00,0.00000e+00,0.00000e+00,0.00000e+00,0.00000e+00,0.00000e+00,0.00000e+00,1.38991e-38,3.34964e-37,5.76828e-40,1.55356e-38,1.19229e-38,2.41246e-35,5.58376e-34,1.04084e-36,2.69281e-35,2.07296e-35
0.00000e+00,0.00000e+00,0.00000e+00,0.00000e+00,0.00000e+00,0.00000e+00,0.00000e+00,0.00000e+00,0.00000e+00,0.00000e+00,1.19229e-38,2.87636e-37,4.94354e-40,1.38991e-38,9.63751e-39,2.07296e-35,4.80353e-34,8.93438e-37,2.41246e-35,1.67930e-35
0.00000e+00,0.00000e+00,0.00000e+00,0.00000e+00,0.00000e+00,0.00000e+00,0.00000e+00,0.00000e+00,0.00000e+00,0.00000e+00,9.63751e-39,2.32726e-37,3.99252e-40,1.19229e-38,7.08887e-39,1.67930e-35,3.89557e-34,7.23068e-37,2.07296e-35,1.23930e-35
0.00000e+00,0.00000e+00,0.00000e+00,0.00000e+00,0.00000e+00,0.00000e+00,0.00000e+00,0.00000e+00,0.00000e+00,0.00000e+00,7.08887e-39,1.71320e-37,2.93459e-40,9.63751e-39,4.33836e-39,1.23930e-35,2.87759e-34,5.33163e-37,1.67930e-35,7.63620e-36
0.00000e+00,0.00000e+00,0.00000e+00,0.00000e+00,0.00000e+00,0.00000e+00,0.00000e+00,0.00000e+00,0.00000e+00,0.00000e+00,4.33836e-39,1.04908e-37,1.79503e-40,7.08887e-39,1.46062e-39,7.63620e-36,1.77446e-34,3.28291e-37,1.23930e-35,2.66297e-36
0.00000e+00,0.00000e+00,0.00000e+00,0.00000e+00,0.00000e+00,0.00000e+00,0.00000e+00,0.00000e+00,0.00000e+00,0.00000e+00,1.79361e-40,4.33524e-39,7.42398e-42,6.03647e-41,2.93257e-40,3.28245e-37,7.63519e-36,1.40984e-38,1.14343e-37,5.33094e-37
0.00000e+00,0.00000e+00,0.00000e+00,0.00000e+00,0.00000e+00,0.00000e+00,0.00000e+00,0.00000e+00,0.00000e+00,0.00000e+00,2.93257e-40,7.08446e-39,1.21440e-41,1.79361e-40,3.99020e-40,5.33094e-37,1.23915e-35,2.29114e-38,3.28245e-37,7.22984e-37
0.00000e+00,0.00000e+00,0.00000e+00,0.00000e+00,0.00000e+00,0.00000e+00,0.00000e+00,0.00000e+00,0.00000e+00,0.00000e+00,3.99020e-40,9.63243e-39,1.65345e-41,2.93257e-40,4.94115e-40,7.22984e-37,1.67912e-35,3.10960e-38,5.33094e-37,8.93348e-37
0.00000e+00,0.00000e+00,0.00000e+00,0.00000e+00,0.00000e+00,0.00000e+00,0.00000e+00,0.00000e+00,0.00000e+00,0.00000e+00,4.94115e-40,1.19177e-38,2.04909e-41,3.99020e-40,5.76601e-40,8.93348e-37,2.07276e-35,3.84569e-38,7.22984e-37,1.04075e-36
0.00000e+00,0.00000e+00,0.00000e+00,0.00000e+00,0.00000e+00,0.00000e+00,0.00000e+00,0.00000e+00,0.00000e+00,0.00000e+00,5.76601e-40,1.38942e-38,2.39316e-41,4.94115e-40,6.45130e-40,1.04075e-36,2.41227e-35,4.48439e-38,8.93348e-37,1.16289e-36
0.00000e+00,0.00000e+00,0.00000e+00,0.00000e+00,0.00000e+00,0.00000e+00,0.00000e+00,0.00000e+00,0.00000e+00,0.00000e+00,6.45130e-40,1.55313e-38,2.67978e-41,5.76601e-40,6.98875e-40,1.16289e-36,2.69264e-35,5.01520e-38,1.04075e-36,1.25844e-36
0.00000e+00,0.00000e+00,0.00000e+00,0.00000e+00,0.00000e+00,0.00000e+00,0.00000e+00,0.00000e+00,0.00000e+00,0.00000e+00,6.98875e-40,1.68114e-38,2.90516e-41,6.45130e-40,7.37410e-40,1.25844e-36,2.91125e-35,5.43162e-38,1.16289e-36,1.32679e-36
0.00000e+00,0.00000e+00,0.00000e+00,0.00000e+00,0.00000e+00,0.00000e+00,0.00000e+00,0.00000e+00,0.00000e+00,0.00000e+00,7.37410e-40,1.77268e-38,3.06713e-41,6.98875e-40,7.60567e-40,1.32679e-36,3.06719e-35,5.73026e-38,1.25844e-36,1.36778e-36
0.00000e+00,0.00000e+00,0.00000e+00,0.00000e+00,0.00000e+00,0.00000e+00,0.00000e+00,0.00000e+00,0.00000e+00,0.00000e+00,7.60567e-40,1.82759e-38,3.16462e-41,7.37410e-40,7.68306e-40,1.36778e-36,3.16051e-35,5.90970e-38,1.32679e-36,1.38144e-36
0.00000e+00,0.00000e+00,0.00000e+00,0.00000e+00,0.00000e+00,0.00000e+00,0.00000e+00,0.00000e+00,0.00000e+00,0.00000e+00,7.68306e-40,1.84592e-38,3.19724e-41,7.60567e-40,7.60623e-40,1.38144e-36,3.19158e-35,5.96956e-38,1.36778e-36,1.36780e-36
0.00000e+00,0.00000e+00,0.00000e+00,0.00000e+00,0.00000e+00,0.00000e+00,0.00000e+00,0.00000e+00,0.00000e+00,0.00000e+00,7.60623e-40,1.82771e-38,3.16489e-41,7.68306e-40,7.37519e-40,1.36780e-36,3.16056e-35,5.90981e-38,1.38144e-36,1.32683e-36
0.00000e+00,0.00000e+00,0.00000e+00,0.00000e+00,0.00000e+00,0.00000e+00,0.00000e+00,0.00000e+00,0.00000e+00,0.00000e+00,7.37519e-40,1.77292e-38,3.06764e-41,7.60623e-40,6.99033e-40,1.32683e-36,3.06728e-35,5.73046e-38,1.36780e-36,1.25850e-36
0.00000e+00,0.00000e+00,0.00000e+00,0.00000e+00,0.00000e+00,0.00000e+00,0.00000e+00,0.00000e+00,0.00000e+00,0.00000e+00,6.99033e-40,1.68148e-38,2.90590e-41,7.37519e-40,6.45328e-40,1.25850e-36,2.91139e-35,5.43192e-38,1.32683e-36,1.16297e-36
0.00000e+00,0.00000e+00,0.00000e+00,0.00000e+00,0.00000e+00,0.00000e+00,0.00000e+00,0.00000e+00,0.00000e+00,0.00000e+00,6.45328e-40,1.55356e-38,2.68071e-41,6.99033e-40,5.76828e-40,1.16297e-36,2.69281e-35,5.01556e-38,1.25850e-36,1.04084e-36
0.00000e+00,0.00000e+00,0.00000e+00,0.00000e+00,0.00000e+00,0.00000e+00,0.00000e+00,0.00000e+00,0.00000e+00,0.00000e+00,5.76828e-40,1.38991e-38,2.39422e-41,6.45328e-40,4.94354e-40,1.04084e-36,2.41246e-35,4.48480e-38,1.16297e-36,8.93438e-37
0.00000e+00,0.00000e+00,0.00000e+00,0.00000e+00,0.00000e+00,0.00000e+00,0.00000e+00,0.00000e+00,0.00000e+00,0.00000e+00,4.94354e-40,1.19229e-38,2.05021e-41,5.76828e-40,3.99252e-40,8.93438e-37,2.07296e-35,3.84611e-38,1.04084e-36,7.23068e-37
0.00000e+00,0.00000e+00,0.00000e+00,0.00000e+00,0.00000e+00,0.00000e+00,0.00000e+00,0.00000e+00,0.00000e+00,0.00000e+00,3.99252e-40,9.63751e-39,1.65453e-41,4.94354e-40,2.93459e-40,7.23068e-37,1.67930e-35,3.10999e-38,8.93438e-37,5.33163e-37
0.00000e+00,0.00000e+00,0.00000e+00,0.00000e+00,0.00000e+00,0.00000e+00,0.00000e+00,0.00000e+00,0.00000e+00,0.00000e+00,2.93459e-40,7.08887e-39,1.21534e-41,3.99252e-40,1.79503e-40,5.33163e-37,1.23930e-35,2.29146e-38,7.23068e-37,3.28291e-37
0.00000e+00,0.00000e+00,0.00000e+00,0.00000e+00,0.00000e+00,0.00000e+00,0.00000e+00,0.00000e+00,0.00000e+00,0.00000e+00,1.79503e-40,4.33836e-39,7.43058e-42,2.93459e-40,6.04183e-41,3.28291e-37,7.63620e-36,1.41006e-38,5.33163e-37,1.14360e-37
0.00000e+00,0.00000e+00,0.00000e+00,0.00000e+00,0.00000e+00,0.00000e+00,0.00000e+00,0.00000e+00,0.00000e+00,0.00000e+00,7.42398e-42,1.79361e-40,3.07410e-43,2.49795e-42,1.21440e-41,1.40984e-38,3.28245e-37,6.05008e-40,4.90615e-39,2.29114e-38
0.00000e+00,0.00000e+00,0.00000e+00,0.00000e+00,0.00000e+00,0.00000e+00,0.00000e+00,0.00000e+00,0.00000e+00,0.00000e+00,1.21440e-41,2.93257e-40,5.03069e-43,7.42398e-42,1.65345e-41,2.29114e-38,5.33094e-37,9.83760e-40,1.40984e-38,3.10960e-38
0.00000e+00,0.00000e+00,0.00000e+00,0.00000e+00,0.00000e+00,0.00000e+00,0.00000e+00,0.00000e+00,0.00000e+00,0.00000e+00,1.65345e-41,3.99020e-40,6.85345e-43,1.21440e-41,2.04909e-41,3.10960e-38,7.22984e-37,1.33609e-39,2.29114e-38,3.84569e-38
0.00000e+00,0.00000e+00,0.00000e+00,0.00000e+00,0.00000e+00,0.00000e+00,0.00000e+00,0.00000e+00,0.00000e+00,0.00000e+00,2.04909e-41,4.94115e-40,8.49928e-43,1.65345e-41,2.39316e-41,3.84569e-38,8.93348e-37,1.65365e-39,3.10960e-38,4.48439e-38
0.00000e+00,0.00000e+00,0.00000e+00,0.00000e+00,0.00000e+00,0.00000e+00,0.00000e+00,0.00000e+00,0.00000e+00,0.00000e+00,2.39316e-41,5.76601e-40,9.93382e-43,2.04909e-41,2.67978e-41,4.48439e-38,1.04075e-36,1.92988e-39,3.84569e-38,5.01520e-38
0.00000e+00,0.00000e+00,0.00000e+00,0.00000e+00,0.00000e+00,0.00000e+00,0.00000e+00,0.00000e+00,0.00000e+00,0.00000e+00,2.67978e-41,6.45130e-40,1.11317e-42,2.39316e-41,2.90516e-41,5.01520e-38,1.16289e-36,2.16006e-39,4.48439e-38,5.43162e-38
0.00000e+00,0.00000e+00,0.00000e+00,0.00000e+00,0.00000e+00,0.00000e+00,0.00000e+00,0.00000e+00,0.00000e+00,0.00000e+00,2.90516e-41,6.98875e-40,1.20758e-42,2.67978e-41,3.06713e-41,5.43162e-38,1.25844e-36,2.34109e-39,5.01520e-38,5.73026e-38
0.00000e+00,0.00000e+00,0.00000e+00,0.00000e+00,0.00000e+00,0.00000e+00,0.00000e+00,0.00000e+00,0.00000e+00,0.00000e+00,3.06713e-41,7.37410e-40,1.27557e-42,2.90516e-41,3.16462e-41,5.73026e-38,1.32679e-36,2.47121e-39,5.43162e-38,5.90970e-38
0.00000e+00,0.00000e+00,0.00000e+00,0.00000e+00,0.00000e+00,0.00000e+00,0.00000e+00,0.00000e+00,0.00000e+00,0.00000e+00,3.16462e-41,7.60567e-40,1.31655e-42,3.06713e-41,3.19724e-41,5.90970e-38,1.36778e-36,2.54951e-39,5.73026e-38,5.96956e-38
0.00000e+00,0.00000e+00,0.00000e+00,0.00000e+00,0.00000e+00,0.00000e+00,0.00000e+00,0.00000e+00,0.00000e+00,0.00000e+00,3.19724e-41,7.68306e-40,1.33028e-42,3.16462e-41,3.16489e-41,5.96956e-38,1.38144e-36,2.57566e-39,5.90970e-38,5.90981e-38
0.00000e+00,0.00000e+00,0.00000e+00,0.00000e+00,0.00000e+00,0.00000e+00,0.00000e+00,0.00000e+00,0.00000e+00,0.00000e+00,3.16489e-41,7.60623e-40,1.31668e-42,3.19724e-41,3.06764e-41,5.90981e-38,1.36780e-36,2.54956e-39,5.96956e-38,5.73046e-38
0.00000e+00,0.00000e+00,0.00000e+00,0.00000e+00,0.00000e+00,0.00000e+00,0.00000e+00,0.00000e+00,0.00000e+00,0.00000e+00,3.06764e-41,7.37519e-40,1.27581e-42,3.16489e-41,2.90590e-41,5.73046e-38,1.32683e-36,2.47130e-39,5.90981e-38,5.43192e-38
0.00000e+00,0.00000e+00,0.00000e+00,0.00000e+00,0.00000e+00,0.00000e+00,0.00000e+00,0.00000e+00,0.00000e+00,0.00000e+00,2.90590e-41,6.99033e-40,1.20794e-42,3.06764e-41,2.68071e-41,5.43192e-38,1.25850e-36,2.34123e-39,5.73046e-38,5.01556e-38
0.00000e+00,0.00000e+00,0.00000e+00,0.00000e+00,0.00000e+00,0.00000e+00,0.00000e+00,0.00000e+00,0.00000e+00,0.00000e+00,2.68071e-41,6.45328e-40,1.11361e-42,2.90590e-41,2.39422e-41,5.01556e-38,1.16297e-36,2.16023e-39,5.43192e-38,4.48480e-38
0.00000e+00,0.00000e+00,0.00000e+00,0.00000e+00,0.00000e+00,0.00000e+00,0.00000e+00,0.00000e+00,0.00000e+00,0.00000e+00,2.39422e-41,5.76828e-40,9.93883e-43,2.68071e-41,2.05021e-41,4.48480e-38,1.04084e-36,1.93007e-39,5.01556e-38,3.84611e-38
0.00000e+00,0.00000e+00,0.00000e+00,0.00000e+00,0.00000e+00,0.00000e+00,0.00000e+00,0.00000e+00,0.00000e+00,0.00000e+00,2.05021e-41,4.94354e-40,8.50454e-43,2.39422e-41,1.65453e-41,3.84611e-38,8.93438e-37,1.65384e-39,4.48480e-38,3.10999e-38
0.00000e+00,0.00000e+00,0.00000e+00,0.00000e+00,0.00000e+00,0.00000e+00,0.00000e+00,0.00000e+00,0.00000e+00,0.00000e+00,1.65453e-41,3.99252e-40,6.85854e-43,2.05021e-41,1.21534e-41,3.10999e-38,7.23068e-37,1.33627e-39,3.84611e-38,2.29146e-38
0.00000e+00,0.00000e+00,0.00000e+00,0.00000e+00,0.00000e+00,0.00000e+00,0.00000e+00,0.00000e+00,0.00000e+00,0.00000e+00,1.21534e-41,2.93459e-40,5.03508e-43,1.65453e-41,7.43058e-42,2.29146e-38,5.33163e-37,9.83907e-40,3.10999e-38,1.41006e-38
0.00000e+00,0.00000e+00,0.00000e+00,0.00000e+00,0.00000e+00,0.00000e+00,0.00000e+00,0.00000e+00,0.00000e+00,0.00000e+00,7.43058e-42,1.79503e-40,3.07720e-43,1.21534e-41,2.50043e-42,1.41006e-38,3.28291e-37,6.05106e-40,2.29146e-38,4.90695e-39
0.00000e+00,0.00000e+00,0.00000e+00,0.00000e+00,0.00000e+00,0.00000e+00,0.00000e+00,0.00000e+00,0.00000e+00,0.00000e+00,3.07410e-43,7.42398e-42,1.27336e-44,1.03411e-43,5.03069e-43,6.05008e-40,1.40984e-38,2.59410e-41,2.10337e-40,9.83760e-40
0.00000e+00,0.00000e+00,0.00000e+00,0.00000e+00,0.00000e+00,0.00000e+00,0.00000e+00,0.00000e+00,0.00000e+00,0.00000e+00,5.03069e-43,1.21440e-41,2.08461e-44,3.07410e-43,6.85345e-43,9.83760e-40,2.29114e-38,4.22026e-41,6.05008e-40,1.33609e-39
0.00000e+00,0.00000e+00,0.00000e+00,0.00000e+00,0.00000e+00,0.00000e+00,0.00000e+00,0.00000e+00,0.00000e+00,0.00000e+00,6.85345e-43,1.65345e-41,2.84141e-44,5.03069e-43,8.49928e-43,1.33609e-39,3.10960e-38,5.73522e-41,9.83760e-40,1.65365e-39
0.00000e+00,0.00000e+00,0.00000e+00,0.00000e+00,0.00000e+00,0.00000e+00,0.00000e+00,0.00000e+00,0.00000e+00,0.00000e+00,8.49928e-43,2.04909e-41,3.52596e-44,6.85345e-43,9.93382e-43,1.65365e-39,3.84569e-38,7.10329e-41,1.33609e-39,1.92988e-39
0.00000e+00,0.00000e+00,0.00000e+00,0.00000e+00,0.00000e+00,0.00000e+00,0.00000e+00,0.00000e+00,0.00000e+00,0.00000e+00,9.93382e-43,2.39316e-41,4.12383e-44,8.49928e-43,1.11317e-42,1.92988e-39,4.48439e-38,8.29595e-41,1.65365e-39,2.16006e-39
0.00000e+00,0.00000e+00,0.00000e+00,0.00000e+00,0.00000e+00,0.00000e+00,0.00000e+00,0.00000e+00,0.00000e+00,0.00000e+00,1.11317e-42,2.67978e-41,4.62415e-44,9.93382e-43,1.20758e-42,2.16006e-39,5.01520e-38,9.29208e-41,1.92988e-39,2.34109e-39
0.00000e+00,0.00000e+00,0.00000e+00,0.00000e+00,0.00000e+00,0.00000e+00,0.00000e+00,0.00000e+00,0.00000e+00,0.00000e+00,1.20758e-42,2.90516e-41,5.01928e-44,1.11317e-42,1.27557e-42,2.34109e-39,5.43162e-38,1.00773e-40,2.16006e-39,2.47121e-39
0.00000e+00,0.00000e+00,0.00000e+00,0.00000e+00,0.00000e+00,0.00000e+00,0.00000e+00,0.00000e+00,0.00000e+00,0.00000e+00,1.27557e-42,3.06713e-41,5.30430e-44,1.20758e-42,1.31655e-42,2.47121e-39,5.73026e-38,1.06427e-40,2.34109e-39,2.54951e-39
0.00000e+00,0.00000e+00,0.00000e+00,0.00000e+00,0.00000e+00,0.00000e+00,0.00000e+00,0.00000e+00,0.00000e+00,0.00000e+00,1.31655e-42,3.16462e-41,5.47638e-44,1.27557e-42,1.33028e-42,2.54951e-39,5.90970e-38,1.09835e-40,2.47121e-39,2.57566e-39
0.00000e+00,0.00000e+00,0.00000e+00,0.00000e+00,0.00000e+00,0.00000e+00,0.00000e+00,0.00000e+00,0.00000e+00,0.00000e+00,1.33028e-42,3.19724e-41,5.53409e-44,1.31655e-42,1.31668e-42,2.57566e-39,5.96956e-38,1.10974e-40,2.54951e-39,2.54956e-39
0.00000e+00,0.00000e+00,0.00000e+00,0.00000e+00,0.00000e+00,0.00000e+00,0.00000e+00,0.00000e+00,0.00000e+00,0.00000e+00,1.31668e-42,3.16489e-41,5.47699e-44,1.33028e-42,1.27581e-42,2.54956e-39,5.90981e-38,1.09838e-40,2.57566e-39,2.47130e-39
0.00000e+00,0.00000e+00,0.00000e+00,0.00000e+00,0.00000e+00,0.00000e+00,0.00000e+00,0.00000e+00,0.00000e+00,0.00000e+00,1.27581e-42,3.06764e-41,5.30549e-44,1.31668e-42,1.20794e-42,2.47130e-39,5.73046e-38,1.06432e-40,2.54956e-39,2.34123e-39
0.00000e+00,0.00000e+00,0.00000e+00,0.00000e+00,0.00000e+00,0.00000e+00,0.00000e+00,0.00000e+00,0.00000e+00,0.00000e+00,1.20794e-42,2.90590e-41,5.02098e-44,1.27581e-42,1.11361e-42,2.34123e-39,5.43192e-38,1.00779e-40,2.47130e-39,2.16023e-39
0.00000e+00,0.00000e+00,0.00000e+00,0.00000e+00,0.00000e+00,0.00000e+00,0.00000e+00,0.00000e+00,0.00000e+00,0.00000e+00,1.11361e-42,2.68071e-41,4.62626e-44,1.20794e-42,9.93883e-43,2.16023e-39,5.01556e-38,9.29287e-41,2.34123e-39,1.93007e-39
0.00000e+00,0.00000e+00,0.00000e+00,0.00000e+00,0.00000e+00,0.00000e+00,0.00000e+00,0.00000e+00,0.00000e+00,0.00000e+00,9.93883e-43,2.39422e-41,4.12623e-44,1.11361e-42,8.50454e-43,1.93007e-39,4.48480e-38,8.29683e-41,2.16023e-39,1.65384e-39
0.00000e+00,0.00000e+00,0.00000e+00,0.00000e+00,0.00000e+00,0.00000e+00,0.00000e+00,0.00000e+00,0.00000e+00,0.00000e+00,8.50454e-43,2.05021e-41,3.52846e-44,9.93883e-43,6.85854e-43,1.65384e-39,3.84611e-38,7.10418e-41,1.93007e-39,1.33627e-39
0.00000e+00,0.00000e+00,0.00000e+00,0.00000e+00,0.00000e+00,0.00000e+00,0.00000e+00,0.00000e+00,0.00000e+00,0.00000e+00,6.85854e-43,1.65453e-41,2.84382e-44,8.50454e-43,5.03508e-43,1.33627e-39,3.10999e-38,5.73605e-41,1.65384e-39,9.83907e-40
0.00000e+00,0.00000e+00,0.00000e+00,0.00000e+00,0.00000e+00,0.00000e+00,0.00000e+00,0.00000e+00,0.00000e+00,0.00000e+00,5.03508e-43,1.21534e-41,2.08669e-44,6.85854e-43,3.07720e-43,9.83907e-40,2.29146e-38,4.22094e-41,1.33627e-39,6.05106e-40
0.00000e+00,0.00000e+00,0.00000e+00,0.00000e+00,0.00000e+00,0.00000e+00,0.00000e+00,0.00000e+00,0.00000e+00,0.00000e+00,3.07720e-43,7.43058e-42,1.27482e-44,5.03508e-43,1.03527e-43,6.05106e-40,1.41006e-38,2.59455e-41,9.83907e-40,2.10374e-40
0.00000e+00,0.00000e+00,0.00000e+00,0.00000e+00,0.00000e+00,0.00000e+00,0.00000e+00,0.00000e+00,0.00000e+00,0.00000e+00,1.27336e-44,3.07410e-43,5.27615e-46,4.28263e-45,2.08461e-44,2.59410e-41,6.05008e-40,1.11138e-42,9.01054e-42,4.22026e-41
0.00000e+00,0.00000e+00,0.00000e+00,0.00000e+00,0.00000e+00,0.00000e+00,0.00000e+00,0.00000e+00,0.00000e+00,0.00000e+00,2.08461e-44,5.03069e-43,8.64052e-46,1.27336e-44,2.84141e-44,4.22026e-41,9.83760e-40,1.80892e-42,2.59410e-41,5.73522e-41
0.00000e+00,0.00000e+00,0.00000e+00,0.00000e+00,0.00000e+00,0.00000e+00,0.00000e+00,0.00000e+00,0.00000e+00,0.00000e+00,2.84141e-44,6.85345e-43,1.17829e-45,2.08461e-44,3.52596e-44,5.73522e-41,1.33609e-39,2.45962e-42,4.22026e-41,7.10329e-41
0.00000e+00,0.00000e+00,0.00000e+00,0.00000e+00,0.00000e+00,0.00000e+00,0.00000e+00,0.00000e+00,0.00000e+00,0.00000e+00,3.52596e-44,8.49928e-43,1.46297e-45,2.84141e-44,4.12383e-44,7.10329e-41,1.65365e-39,3.04822e-42,5.73522e-41,8.29595e-41
0.00000e+00,0.00000e+00,0.00000e+00,0.00000e+00,0.00000e+00,0.00000e+00,0.00000e+00,0.00000e+00,0.00000e+00,0.00000e+00,4.12383e-44,9.93382e-43,1.71206e-45,3.52596e-44,4.62415e-44,8.29595e-41,1.92988e-39,3.56237e-42,7.10329e-41,9.29208e-41
0.00000e+00,0.00000e+00,0.00000e+00,0.00000e+00,0.00000e+00,0.00000e+00,0.00000e+00,0.00000e+00,0.00000e+00,0.00000e+00,4.62415e-44,1.11317e-42,1.92090e-45,4.12383e-44,5.01928e-44,9.29208e-41,2.16006e-39,3.99268e-42,8.29595e-41,1.00773e-40
0.00000e+00,0.00000e+00,0.00000e+00,0.00000e+00,0.00000e+00,0.00000e+00,0.00000e+00,0.00000e+00,0.00000e+00,0.00000e+00,5.01928e-44,1.20758e-42,2.08613e-45,4.62415e-44,5.30430e-44,1.00773e-40,2.34109e-39,4.33255e-42,9.29208e-41,1.06427e-40
0.00000e+00,0.00000e+00,0.00000e+00,0.00000e+00,0.00000e+00,0.00000e+00,0.00000e+00,0.00000e+00,0.00000e+00,0.00000e+00,5.30430e-44,1.27557e-42,2.20551e-45,5.01928e-44,5.47638e-44,1.06427e-40,2.47121e-39,4.57770e-42,1.00773e-40,1.09835e-40
0.00000e+00,0.00000e+00,0.00000e+00,0.00000e+00,0.00000e+00,0.00000e+00,0.00000e+00,0.00000e+00,0.00000e+00,0.00000e+00,5.47638e-44,1.31655e-42,2.27767e-45,5.30430e-44,5.53409e-44,1.09835e-40,2.54951e-39,4.72564e-42,1.06427e-40,1.10974e-40
0.00000e+00,0.00000e+00,0.00000e+00,0.00000e+00,0.00000e+00,0.00000e+00,0.00000e+00,0.00000e+00,0.00000e+00,0.00000e+00,5.53409e-44,1.33028e-42,2.30190e-45,5.47638e-44,5.47699e-44,1.10974e-40,2.57566e-39,4.77512e-42,1.09835e-40,1.09838e-40
0.00000e+00,0.00000e+00,0.00000e+00,0.00000e+00,0.00000e+00,0.00000e+00,0.00000e+00,0.00000e+00,0.00000e+00,0.00000e+00,5.47699e-44,1.31668e-42,2.27797e-45,5.53409e-44,5.30549e-44,1.09838e-40,2.54956e-39,4.72575e-42,1.10974e-40,1.06432e-40
0.00000e+00,0.00000e+00,0.00000e+00,0.00000e+00,0.00000e+00,0.00000e+00,0.00000e+00,0.00000e+00,0.00000e+00,0.00000e+00,5.30549e-44,1.27581e-42,2.20609e-45,5.47699e-44,5.02098e-44,1.06432e-40,2.47130e-39,4.57791e-42,1.09838e-40,1.00779e-40
0.00000e+00,0.00000e+00,0.00000e+00,0.00000e+00,0.00000e+00,0.00000e+00,0.00000e+00,0.00000e+00,0.00000e+00,0.00000e+00,5.02098e-44,1.20794e-42,2.08695e-45,5.30549e-44,4.62626e-44,1.00779e-40,2.34123e-39,4.33285e-42,1.06432e-40,9.29287e-41
0.00000e+00,0.00000e+00,0.00000e+00,0.00000e+00,0.00000e+00,0.00000e+00,0.00000e+00,0.00000e+00,0.00000e+00,0.00000e+00,4.62626e-44,1.11361e-42,1.92192e-45,5.02098e-44,4.12623e-44,9.29287e-41,2.16023e-39,3.99305e-42,1.00779e-40,8.29683e-41
0.00000e+00,0.00000e+00,0.00000e+00,0.00000e+00,0.00000e+00,0.00000e+00,0.00000e+00,0.00000e+00,0.00000e+00,0.00000e+00,4.12623e-44,9.93883e-43,1.71321e-45,4.62626e-44,3.52846e-44,8.29683e-41,1.93007e-39,3.56278e-42,9.29287e-41,7.10418e-41
0.00000e+00,0.00000e+00,0.00000e+00,0.00000e+00,0.00000e+00,0.00000e+00,0.00000e+00,0.00000e+00,0.00000e+00,0.00000e+00,3.52846e-44,8.50454e-43,1.46417e-45,4.12623e-44,2.84382e-44,7.10418e-41,1.65384e-39,3.04864e-42,8.29683e-41,5.73605e-41
0.00000e+00,0.00000e+00,0.00000e+00,0.00000e+00,0.00000e+00,0.00000e+00,0.00000e+00,0.00000e+00,0.00000e+00,0.00000e+00,2.84382e-44,6.85854e-43,1.17944e-45,3.52846e-44,2.08669e-44,5.73605e-41,1.33627e-39,2.46000e-42,7.10418e-41,4.22094e-41
0.00000e+00,0.00000e+00,0.00000e+00,0.00000e+00,0.00000e+00,0.00000e+00,0.00000e+00,0.00000e+00,0.00000e+00,0.00000e+00,2.08669e-44,5.03508e-43,8.65037e-46,2.84382e-44,1.27482e-44,4.22094e-41,9.83907e-40,1.80924e-42,5.73605e-41,2.59455e-41
0.00000e+00,0.00000e+00,0.00000e+00,0.00000e+00,0.00000e+00,0.00000e+00,0.00000e+00,0.00000e+00,0.00000e+00,0.00000e+00,1.27482e-44,3.07720e-43,5.28306e-46,2.08669e-44,4.28812e-45,2.59455e-41,6.05106e-40,1.11159e-42,4.22094e-41,9.01226e-42
0.00000e+00,0.00000e+00,0.00000e+00,0.00000e+00,0.00000e+00,0.00000e+00,0.00000e+00,0.00000e+00,0.00000e+00,0.00000e+00,5.27615e-46,1.27336e-44,2.18676e-47,1.77418e-46,8.64052e-46,1.11138e-42,2.59410e-41,4.75783e-44,3.85709e-43,1.80892e-42
0.00000e+00,0.00000e+00,0.00000e+00,0.00000e+00,0.00000e+00,0.00000e+00,0.00000e+00,0.00000e+00,0.00000e+00,0.00000e+00,8.64052e-46,2.08461e-44,3.58226e-47,5.27615e-46,1.17829e-45,1.80892e-42,4.22026e-41,7.74731e-44,1.11138e-42,2.45962e-42
0.00000e+00,0.00000e+00,0.00000e+00,0.00000e+00,0.00000e+00,0.00000e+00,0.00000e+00,0.00000e+00,0.00000e+00,0.00000e+00,1.17829e-45,2.84141e-44,4.88710e-47,8.64052e-46,1.46297e-45,2.45962e-42,5.73522e-41,1.05393e-43,1.80892e-42,3.04822e-42
0.00000e+00,0.00000e+00,0.00000e+00,0.00000e+00,0.00000e+00,0.00000e+00,0.00000e+00,0.00000e+00,0.00000e+00,0.00000e+00,1.46297e-45,3.52596e-44,6.07089e-47,1.17829e-45,1.71206e-45,3.04822e-42,7.10329e-41,1.30687e-43,2.45962e-42,3.56237e-42
0.00000e+00,0.00000e+00,0.00000e+00,0.00000e+00,0.00000e+00,0.00000e+00,0.00000e+00,0.00000e+00,0.00000e+00,0.00000e+00,1.71206e-45,4.12383e-44,7.10834e-47,1.46297e-45,1.92090e-45,3.56237e-42,8.29595e-41,1.52819e-43,3.04822e-42,3.99268e-42
0.00000e+00,0.00000e+00,0.00000e+00,0.00000e+00,0.00000e+00,0.00000e+00,0.00000e+00,0.00000e+00,0.00000e+00,0.00000e+00,1.92090e-45,4.62415e-44,7.97961e-47,1.71206e-45,2.08613e-45,3.99268e-42,9.29208e-41,1.71377e-43,3.56237e-42,4.33255e-42
0.00000e+00,0.00000e+00,0.00000e+00,0.00000e+00,0.00000e+00,0.00000e+00,0.00000e+00,0.00000e+00,0.00000e+00,0.00000e+00,2.08613e-45,5.01928e-44,8.67005e-47,1.92090e-45,2.20551e-45,4.33255e-42,1.00773e-40,1.86059e-43,3.99268e-42,4.57770e-42
0.00000e+00,0.00000e+00,0.00000e+00,0.00000e+00,0.00000e+00,0.00000e+00,0.00000e+00,0.00000e+00,0.00000e+00,0.00000e+00,2.20551e-45,5.30430e-44,9.16960e-47,2.08613e-45,2.27767e-45,4.57770e-42,1.06427e-40,1.96666e-43,4.33255e-42,4.72564e-42
0.00000e+00,0.00000e+00,0.00000e+00,0.00000e+00,0.00000e+00,0.00000e+00,0.00000e+00,0.00000e+00,0.00000e+00,0.00000e+00,2.27767e-45,5.47638e-44,9.47190e-47,2.20551e-45,2.30190e-45,4.72564e-42,1.09835e-40,2.03074e-43,4.57770e-42,4.77512e-42
0.00000e+00,0.00000e+00,0.00000e+00,0.00000e+00,0.00000e+00,0.00000e+00,0.00000e+00,0.00000e+00,0.00000e+00,0.00000e+00,2.30190e-45,5.53409e-44,9.57351e-47,2.27767e-45,2.27797e-45,4.77512e-42,1.10974e-40,2.05218e-43,4.72564e-42,4.72575e-42
0.00000e+00,0.00000e+00,0.00000e+00,0.00000e+00,0.00000e+00,0.00000e+00,0.00000e+00,0.00000e+00,0.00000e+00,0.00000e+00,2.27797e-45,5.47699e-44,9.47332e-47,2.30190e-45,2.20609e-45,4.72575e-42,1.09838e-40,2.03079e-43,4.77512e-42,4.57791e-42
0.00000e+00,0.00000e+00,0.00000e+00,0.00000e+00,0.00000e+00,0.00000e+00,0.00000e+00,0.00000e+00,0.00000e+00,0.00000e+00,2.20609e-45,5.30549e-44,9.17236e-47,2.27797e-45,2.08695e-45,4.57791e-42,1.06432e-40,1.96676e-43,4.72575e-42,4.33285e-42
0.00000e+00,0.00000e+00,0.00000e+00,0.00000e+00,0.00000e+00,0.00000e+00,0.00000e+00,0.00000e+00,0.00000e+00,0.00000e+00,2.08695e-45,5.02098e-44,8.67398e-47,2.20609e-45,1.92192e-45,4.33285e-42,1.00779e-40,1.86073e-43,4.57791e-42,3.99305e-42
0.00000e+00,0.00000e+00,0.00000e+00,0.00000e+00,0.00000e+00,0.00000e+00,0.00000e+00,0.00000e+00,0.00000e+00,0.00000e+00,1.92192e-45,4.62626e-44,7.98447e-47,2.08695e-45,1.71321e-45,3.99305e-42,9.29287e-41,1.71394e-43,4.33285e-42,3.56278e-42
0.00000e+00,0.00000e+00,0.00000e+00,0.00000e+00,0.00000e+00,0.00000e+00,0.00000e+00,0.00000e+00,0.00000e+00,0.00000e+00,1.71321e-45,4.12623e-44,7.11383e-47,1.92192e-45,1.46417e-45,3.56278e-42,8.29683e-41,1.52838e-43,3.99305e-42,3.04864e-42
0.00000e+00,0.00000e+00,0.00000e+00,0.00000e+00,0.00000e+00,0.00000e+00,0.00000e+00,0.00000e+00,0.00000e+00,0.00000e+00,1.46417e-45,3.52846e-44,6.07660e-47,1.71321e-45,1.17944e-45,3.04864e-42,7.10418e-41,1.30706e-43,3.56278e-42,2.46000e-42
0.00000e+00,0.00000e+00,0.00000e+00,0.00000e+00,0.00000e+00,0.00000e+00,0.00000e+00,0.00000e+00,0.00000e+00,0.00000e+00,1.17944e-45,2.84382e-44,4.89257e-47,1.46417e-45,8.65037e-46,2.46000e-42,5.73605e-41,1.05411e-43,3.04864e-42,1.80924e-42
0.00000e+00,0.00000e+00,0.00000e+00,0.00000e+00,0.00000e+00,0.00000e+00,0.00000e+00,0.00000e+00,0.00000e+00,0.00000e+00,8.65037e-46,2.08669e-44,3.58693e-47,1.17944e-45,5.28306e-46,1.80924e-42,4.22094e-41,7.74877e-44,2.46000e-42,1.11159e-42
0.00000e+00,0.00000e+00,0.00000e+00,0.00000e+00,0.00000e+00,0.00000e+00,0.00000e+00,0.00000e+00,0.00000e+00,0.00000e+00,5.28306e-46,1.27482e-44,2.19003e-47,8.65037e-46,1.77677e-46,1.11159e-42,2.59455e-41,4.75880e-44,1.80924e-42,3.85789e-43
0.00000e+00,0.00000e+00,0.00000e+00,0.00000e+00,0.00000e+00,0.00000e+00,0.00000e+00,0.00000e+00,0.00000e+00,0.00000e+00,2.18676e-47,5.27615e-46,9.06546e-49,7.35208e-48,3.58226e-47,4.75783e-44,1.11138e-42,2.03533e-45,1.64990e-44,7.74731e-44
0.00000e+00,0.00000e+00,0.00000e+00,0.00000e+00,0.00000e+00,0.00000e+00,0.00000e+00,0.00000e+00,0.00000e+00,0.00000e+00,3.58226e-47,8.64052e-46,1.48547e-48,2.18676e-47,4.88710e-47,7.74731e-44,1.80892e-42,3.31548e-45,4.75783e-44,1.05393e-43
0.00000e+00,0.00000e+00,0.00000e+00,0.00000e+00,0.00000e+00,0.00000e+00,0.00000e+00,0.00000e+00,0.00000e+00,0.00000e+00,4.88710e-47,1.17829e-45,2.02732e-48,3.58226e-47,6.07089e-47,1.05393e-43,2.45962e-42,4.51230e-45,7.74731e-44,1.30687e-43
0.00000e+00,0.00000e+00,0.00000e+00,0.00000e+00,0.00000e+00,0.00000e+00,0.00000e+00,0.00000e+00,0.00000e+00,0.00000e+00,6.07089e-47,1.46297e-45,2.51952e-48,4.88710e-47,7.10834e-47,1.30687e-43,3.04822e-42,5.59801e-45,1.05393e-43,1.52819e-43
0.00000e+00,0.00000e+00,0.00000e+00,0.00000e+00,0.00000e+00,0.00000e+00,0.00000e+00,0.00000e+00,0.00000e+00,0.00000e+00,7.10834e-47,1.71206e-45,2.95149e-48,6.07089e-47,7.97961e-47,1.52819e-43,3.56237e-42,6.54950e-45,1.30687e-43,1.71377e-43
0.00000e+00,0.00000e+00,0.00000e+00,0.00000e+00,0.00000e+00,0.00000e+00,0.00000e+00,0.00000e+00,0.00000e+00,0.00000e+00,7.97961e-47,1.92090e-45,3.31480e-48,7.10834e-47,8.67005e-47,1.71377e-43,3.99268e-42,7.34858e-45,1.52819e-43,1.86059e-43
0.00000e+00,0.00000e+00,0.00000e+00,0.00000e+00,0.00000e+00,0.00000e+00,0.00000e+00,0.00000e+00,0.00000e+00,0.00000e+00,8.67005e-47,2.08613e-45,3.60313e-48,7.97961e-47,9.16960e-47,1.86059e-43,4.33255e-42,7.98179e-45,1.71377e-43,1.96666e-43
0.00000e+00,0.00000e+00,0.00000e+00,0.00000e+00,0.00000e+00,0.00000e+00,0.00000e+00,0.00000e+00,0.00000e+00,0.00000e+00,9.16960e-47,2.20551e-45,3.81201e-48,8.67005e-47,9.47190e-47,1.96666e-43,4.57770e-42,8.43983e-45,1.86059e-43,2.03074e-43
0.00000e+00,0.00000e+00,0.00000e+00,0.00000e+00,0.00000e+00,0.00000e+00,0.00000e+00,0.00000e+00,0.00000e+00,0.00000e+00,9.47190e-47,2.27767e-45,3.93853e-48,9.16960e-47,9.57351e-47,2.03074e-43,4.72564e-42,8.71681e-45,1.96666e-43,2.05218e-43
0.00000e+00,0.00000e+00,0.00000e+00,0.00000e+00,0.00000e+00,0.00000e+00,0.00000e+00,0.00000e+00,0.00000e+00,0.00000e+00,9.57351e-47,2.30190e-45,3.98111e-48,9.47190e-47,9.47332e-47,2.05218e-43,4.77512e-42,8.80955e-45,2.03074e-43,2.03079e-43
0.00000e+00,0.00000e+00,0.00000e+00,0.00000e+00,0.00000e+00,0.00000e+00,0.00000e+00,0.00000e+00,0.00000e+00,0.00000e+00,9.47332e-47,2.27797e-45,3.93921e-48,9.57351e-47,9.17236e-47,2.03079e-43,4.72575e-42,8.71705e-45,2.05218e-43,1.96676e-43
0.00000e+00,0.00000e+00,0.00000e+00,0.00000e+00,0.00000e+00,0.00000e+00,0.00000e+00,0.00000e+00,0.00000e+00,0.00000e+00,9.17236e-47,2.20609e-45,3.81332e-48,9.47332e-47,8.67398e-47,1.96676e-43,4.57791e-42,8.44029e-45,2.03079e-43,1.86073e-43
0.00000e+00,0.00000e+00,0.00000e+00,0.00000e+00,0.00000e+00,0.00000e+00,0.00000e+00,0.00000e+00,0.00000e+00,0.00000e+00,8.67398e-47,2.08695e-45,3.60501e-48,9.17236e-47,7.98447e-47,1.86073e-43,4.33285e-42,7.98245e-45,1.96676e-43,1.71394e-43
0.00000e+00,0.00000e+00,0.00000e+00,0.00000e+00,0.00000e+00,0.00000e+00,0.00000e+00,0.00000e+00,0.00000e+00,0.00000e+00,7.98447e-47,1.92192e-45,3.31713e-48,8.67398e-47,7.11383e-47,1.71394e-43,3.99305e-42,7.34939e-45,1.86073e-43,1.52838e-43
0.00000e+00,0.00000e+00,0.00000e+00,0.00000e+00,0.00000e+00,0.00000e+00,0.00000e+00,0.00000e+00,0.00000e+00,0.00000e+00,7.11383e-47,1.71321e-45,2.95410e-48,7.98447e-47,6.07660e-47,1.52838e-43,3.56278e-42,6.55039e-45,1.71394e-43,1.30706e-43
0.00000e+00,0.00000e+00,0.00000e+00,0.00000e+00,0.00000e+00,0.00000e+00,0.00000e+00,0.00000e+00,0.00000e+00,0.00000e+00,6.07660e-47,1.46417e-45,2.52223e-48,7.11383e-47,4.89257e-47,1.30706e-43,3.04864e-42,5.59891e-45,1.52838e-43,1.05411e-43
0.00000e+00,0.00000e+00,0.00000e+00,0.00000e+00,0.00000e+00,0.00000e+00,0.00000e+00,0.00000e+00,0.00000e+00,0.00000e+00,4.89257e-47,1.17944e-45,2.02991e-48,6.07660e-47,3.58693e-47,1.05411e-43,2.46000e-42,4.51313e-45,1.30706e-43,7.74877e-44
0.00000e+00,0.00000e+00,0.00000e+00,0.00000e+00,0.00000e+00,0.00000e+00,0.00000e+00,0.00000e+00,0.00000e+00,0.00000e+00,3.58693e-47,8.65037e-46,1.48768e-48,4.89257e-47,2.19003e-47,7.74877e-44,1.80924e-42,3.31617e-45,1.05411e-43,4.75880e-44
0.00000e+00,0.00000e+00,0.00000e+00,0.00000e+00,0.00000e+00,0.00000e+00,0.00000e+00,0.00000e+00,0.00000e+00,0.00000e+00,2.19003e-47,5.28306e-46,9.08084e-49,3.58693e-47,7.36427e-48,4.75880e-44,1.11159e-42,2.03579e-45,7.74877e-44,1.65027e-44
0.00000e+00,0.00000e+00,0.00000e+00,0.00000e+00,0.00000e+00,0.00000e+00,0.00000e+00,0.00000e+00,0.00000e+00,0.00000e+00,9.06546e-49,2.18676e-47,3.75898e-50,3.04743e-49,1.48547e-48,2.03533e-45,4.75783e-44,8.70078e-47,7.05270e-46,3.31548e-45
0.00000e+00,0.00000e+00,0.00000e+00,0.00000e+00,0.00000e+00,0.00000e+00,0.00000e+00,0.00000e+00,0.00000e+00,0.00000e+00,1.48547e-48,3.58226e-47,6.16100e-50,9.06546e-49,2.02732e-48,3.31548e-45,7.74731e-44,1.41783e-46,2.03533e-45,4.51230e-45
0.00000e+00,0.00000e+00,0.00000e+00,0.00000e+00,0.00000e+00,0.00000e+00,0.00000e+00,0.00000e+00,0.00000e+00,0.00000e+00,2.02732e-48,4.88710e-47,8.41116e-50,1.48547e-48,2.51952e-48,4.51230e-45,1.05393e-43,1.93039e-46,3.31548e-45,5.59801e-45
0.00000e+00,0.00000e+00,0.00000e+00,0.00000e+00,0.00000e+00,0.00000e+00,0.00000e+00,0.00000e+00,0.00000e+00,0.00000e+00,2.51952e-48,6.07089e-47,1.04574e-49,2.02732e-48,2.95149e-48,5.59801e-45,1.30687e-43,2.39593e-46,4.51230e-45,6.54950e-45
0.00000e+00,0.00000e+00,0.00000e+00,0.00000e+00,0.00000e+00,0.00000e+00,0.00000e+00,0.00000e+00,0.00000e+00,0.00000e+00,2.95149e-48,7.10834e-47,1.22556e-49,2.51952e-48,3.31480e-48,6.54950e-45,1.52819e-43,2.80448e-46,5.59801e-45,7.34858e-45
0.00000e+00,0.00000e+00,0.00000e+00,0.00000e+00,0.00000e+00,0.00000e+00,0.00000e+00,0.00000e+00,0.00000e+00,0.00000e+00,3.31480e-48,7.97961e-47,1.37700e-49,2.95149e-48,3.60313e-48,7.34858e-45,1.71377e-43,3.14808e-46,6.54950e-45,7.98179e-45
0.00000e+00,0.00000e+00,0.00000e+00,0.00000e+00,0.00000e+00,0.00000e+00,0.00000e+00,0.00000e+00,0.00000e+00,0.00000e+00,3.60313e-48,8.67005e-47,1.49733e-49,3.31480e-48,3.81201e-48,7.98179e-45,1.86059e-43,3.42072e-46,7.34858e-45,8.43983e-45
0.00000e+00,0.00000e+00,0.00000e+00,0.00000e+00,0.00000e+00,0.00000e+00,0.00000e+00,0.00000e+00,0.00000e+00,0.00000e+00,3.81201e-48,9.16960e-47,1.58461e-49,3.60313e-48,3.93853e-48,8.43983e-45,1.96666e-43,3.61817e-46,7.98179e-45,8.71681e-45
0.00000e+00,0.00000e+00,0.00000e+00,0.00000e+00,0.00000e+00,0.00000e+00,0.00000e+00,0.00000e+00,0.00000e+00,0.00000e+00,3.93853e-48,9.47190e-47,1.63752e-49,3.81201e-48,3.98111e-48,8.71681e-45,2.03074e-43,3.73768e-46,8.43983e-45,8.80955e-45
0.00000e+00,0.00000e+00,0.00000e+00,0.00000e+00,0.00000e+00,0.00000e+00,0.00000e+00,0.00000e+00,0.00000e+00,0.00000e+00,3.98111e-48,9.57351e-47,1.65535e-49,3.93853e-48,3.93921e-48,8.80955e-45,2.05218e-43,3.77771e-46,8.71681e-45,8.71705e-45
0.00000e+00,0.00000e+00,0.00000e+00,0.00000e+00,0.00000e+00,0.00000e+00,0.00000e+00,0.00000e+00,0.00000e+00,0.00000e+00,3.93921e-48,9.47332e-47,1.63785e-49,3.98111e-48,3.81332e-48,8.71705e-45,2.03079e-43,3.73779e-46,8.80955e-45,8.44029e-45
0.00000e+00,0.00000e+00,0.00000e+00,0.00000e+00,0.00000e+00,0.00000e+00,0.00000e+00,0.00000e+00,0.00000e+00,0.00000e+00,3.81332e-48,9.17236e-47,1.58523e-49,3.93921e-48,3.60501e-48,8.44029e-45,1.96676e-43,3.61839e-46,8.71705e-45,7.98245e-45
0.00000e+00,0.00000e+00,0.00000e+00,0.00000e+00,0.00000e+00,0.00000e+00,0.00000e+00,0.00000e+00,0.00000e+00,0.00000e+00,3.60501e-48,8.67398e-47,1.49823e-49,3.81332e-48,3.31713e-48,7.98245e-45,1.86073e-43,3.42103e-46,8.44029e-45,7.34939e-45
0.00000e+00,0.00000e+00,0.00000e+00,0.00000e+00,0.00000e+00,0.00000e+00,0.00000e+00,0.00000e+00,0.00000e+00,0.00000e+00,3.31713e-48,7.98447e-47,1.37810e-49,3.60501e-48,2.95410e-48,7.34939e-45,1.71394e-43,3.14846e-46,7.98245e-45,6.55039e-45
0.00000e+00,0.00000e+00,0.00000e+00,0.00000e+00,0.00000e+00,0.00000e+00,0.00000e+00,0.00000e+00,0.00000e+00,0.00000e+00,2.95410e-48,7.11383e-47,1.22679e-49,3.31713e-48,2.52223e-48,6.55039e-45,1.52838e-43,2.80490e-46,7.34939e-45,5.59891e-45
0.00000e+00,0.00000e+00,0.00000e+00,0.00000e+00,0.00000e+00,0.00000e+00,0.00000e+00,0.00000e+00,0.00000e+00,0.00000e+00,2.52223e-48,6.07660e-47,1.04702e-49,2.95410e-48,2.02991e-48,5.59891e-45,1.30706e-43,2.39636e-46,6.55039e-45,4.51313e-45
0.00000e+00,0.00000e+00,0.00000e+00,0.00000e+00,0.00000e+00,0.00000e+00,0.00000e+00,0.00000e+00,0.00000e+00,0.00000e+00,2.02991e-48,4.89257e-47,8.42335e-50,2.52223e-48,1.48768e-48,4.51313e-45,1.05411e-43,1.93078e-46,5.59891e-45,3.31617e-45
0.00000e+00,0.00000e+00,0.00000e+00,0.00000e+00,0.00000e+00,0.00000e+00,0.00000e+00,0.00000e+00,0.00000e+00,0.00000e+00,1.48768e-48,3.58693e-47,6.17137e-50,2.02991e-48,9.08084e-49,3.31617e-45,7.74877e-44,1.41815e-46,4.51313e-45,2.03579e-45
0.00000e+00,0.00000e+00,0.00000e+00,0.00000e+00,0.00000e+00,0.00000e+00,0.00000e+00,0.00000e+00,0.00000e+00,0.00000e+00,9.08084e-49,2.19003e-47,3.76618e-50,1.48768e-48,3.05316e-49,2.03579e-45,4.75880e-44,8.70291e-47,3.31617e-45,7.05444e-46
0.00000e+00,0.00000e+00,0.00000e+00,0.00000e+00,0.00000e+00,0.00000e+00,0.00000e+00,0.00000e+00,0.00000e+00,0.00000e+00,3.75898e-50,9.06546e-49,1.55894e-51,1.26344e-50,6.16100e-50,8.70078e-47,2.03533e-45,3.71697e-48,3.01277e-47,1.41783e-46
0.00000e+00,0.00000e+00,0.00000e+00,0.00000e+00,0.00000e+00,0.00000e+00,0.00000e+00,0.00000e+00,0.00000e+00,0.00000e+00,6.16100e-50,1.48547e-48,2.55568e-51,3.75898e-50,8.41116e-50,1.41783e-46,3.31548e-45,6.05890e-48,8.70078e-47,1.93039e-46
0.00000e+00,0.00000e+00,0.00000e+00,0.00000e+00,0.00000e+00,0.00000e+00,0.00000e+00,0.00000e+00,0.00000e+00,0.00000e+00,8.41116e-50,2.02732e-48,3.49014e-51,6.16100e-50,1.04574e-49,1.93039e-46,4.51230e-45,8.25221e-48,1.41783e-46,2.39593e-46
0.00000e+00,0.00000e+00,0.00000e+00,0.00000e+00,0.00000e+00,0.00000e+00,0.00000e+00,0.00000e+00,0.00000e+00,0.00000e+00,1.04574e-49,2.51952e-48,4.34077e-51,8.41116e-50,1.22556e-49,2.39593e-46,5.59801e-45,1.02464e-47,1.93039e-46,2.80448e-46
0.00000e+00,0.00000e+00,0.00000e+00,0.00000e+00,0.00000e+00,0.00000e+00,0.00000e+00,0.00000e+00,0.00000e+00,0.00000e+00,1.22556e-49,2.95149e-48,5.08913e-51,1.04574e-49,1.37700e-49,2.80448e-46,6.54950e-45,1.19986e-47,2.39593e-46,3.14808e-46
0.00000e+00,0.00000e+00,0.00000e+00,0.00000e+00,0.00000e+00,0.00000e+00,0.00000e+00,0.00000e+00,0.00000e+00,0.00000e+00,1.37700e-49,3.31480e-48,5.72014e-51,1.22556e-49,1.49733e-49,3.14808e-46,7.34858e-45,1.34742e-47,2.80448e-46,3.42072e-46
0.00000e+00,0.00000e+00,0.00000e+00,0.00000e+00,0.00000e+00,0.00000e+00,0.00000e+00,0.00000e+00,0.00000e+00,0.00000e+00,1.49733e-49,3.60313e-48,6.22212e-51,1.37700e-49,1.58461e-49,3.42072e-46,7.98179e-45,1.46464e-47,3.14808e-46,3.61817e-46
0.00000e+00,0.00000e+00,0.00000e+00,0.00000e+00,0.00000e+00,0.00000e+00,0.00000e+00,0.00000e+00,0.00000e+00,0.00000e+00,1.58461e-49,3.81201e-48,6.58654e-51,1.49733e-49,1.63752e-49,3.61817e-46,8.43983e-45,1.54962e-47,3.42072e-46,3.73768e-46
0.00000e+00,0.00000e+00,0.00000e+00,0.00000e+00,0.00000e+00,0.00000e+00,0.00000e+00,0.00000e+00,0.00000e+00,0.00000e+00,1.63752e-49,3.93853e-48,6.80769e-51,1.58461e-49,1.65535e-49,3.73768e-46,8.71681e-45,1.60109e-47,3.61817e-46,3.77771e-46
0.00000e+00,0.00000e+00,0.00000e+00,0.00000e+00,0.00000e+00,0.00000e+00,0.00000e+00,0.00000e+00,0.00000e+00,0.00000e+00,1.65535e-49,3.98111e-48,6.88227e-51,1.63752e-49,1.63785e-49,3.77771e-46,8.80955e-45,1.61835e-47,3.73768e-46,3.73779e-46
0.00000e+00,0.00000e+00,0.00000e+00,0.00000e+00,0.00000e+00,0.00000e+00,0.00000e+00,0.00000e+00,0.00000e+00,0.00000e+00,1.63785e-49,3.93921e-48,6.80920e-51,1.65535e-49,1.58523e-49,3.73779e-46,8.71705e-45,1.60115e-47,3.77771e-46,3.61839e-46
0.00000e+00,0.00000e+00,0.00000e+00,0.00000e+00,0.00000e+00,0.00000e+00,0.00000e+00,0.00000e+00,0.00000e+00,0.00000e+00,1.58523e-49,3.81332e-48,6.58948e-51,1.63785e-49,1.49823e-49,3.61839e-46,8.44029e-45,1.54972e-47,3.73779e-46,3.42103e-46
0.00000e+00,0.00000e+00,0.00000e+00,0.00000e+00,0.00000e+00,0.00000e+00,0.00000e+00,0.00000e+00,0.00000e+00,0.00000e+00,1.49823e-49,3.60501e-48,6.22630e-51,1.58523e-49,1.37810e-49,3.42103e-46,7.98245e-45,1.46479e-47,3.61839e-46,3.14846e-46
0.00000e+00,0.00000e+00,0.00000e+00,0.00000e+00,0.00000e+00,0.00000e+00,0.00000e+00,0.00000e+00,0.00000e+00,0.00000e+00,1.37810e-49,3.31713e-48,5.72530e-51,1.49823e-49,1.22679e-49,3.14846e-46,7.34939e-45,1.34759e-47,3.42103e-46,2.80490e-46
0.00000e+00,0.00000e+00,0.00000e+00,0.00000e+00,0.00000e+00,0.00000e+00,0.00000e+00,0.00000e+00,0.00000e+00,0.00000e+00,1.22679e-49,2.95410e-48,5.09493e-51,1.37810e-49,1.04702e-49,2.80490e-46,6.55039e-45,1.20006e-47,3.14846e-46,2.39636e-46
0.00000e+00,0.00000e+00,0.00000e+00,0.00000e+00,0.00000e+00,0.00000e+00,0.00000e+00,0.00000e+00,0.00000e+00,0.00000e+00,1.04702e-49,2.52223e-48,4.34678e-51,1.22679e-49,8.42335e-50,2.39636e-46,5.59891e-45,1.02484e-47,2.80490e-46,1.93078e-46
0.00000e+00,0.00000e+00,0.00000e+00,0.00000e+00,0.00000e+00,0.00000e+00,0.00000e+00,0.00000e+00,0.00000e+00,0.00000e+00,8.42335e-50,2.02991e-48,3.49585e-51,1.04702e-49,6.17137e-50,1.93078e-46,4.51313e-45,8.25405e-48,2.39636e-46,1.41815e-46
0.00000e+00,0.00000e+00,0.00000e+00,0.00000e+00,0.00000e+00,0.00000e+00,0.00000e+00,0.00000e+00,0.00000e+00,0.00000e+00,6.17137e-50,1.48768e-48,2.56052e-51,8.42335e-50,3.76618e-50,1.41815e-46,3.31617e-45,6.06040e-48,1.93078e-46,8.70291e-47
0.00000e+00,0.00000e+00,0.00000e+00,0.00000e+00,0.00000e+00,0.00000e+00,0.00000e+00,0.00000e+00,0.00000e+00,0.00000e+00,3.76618e-50,9.08084e-49,1.56229e-51,6.17137e-50,1.26612e-50,8.70291e-47,2.03579e-45,3.71796e-48,1.41815e-46,3.01358e-47
0.00000e+00,0.00000e+00,0.00000e+00,0.00000e+00,0.00000e+00,0.00000e+00,0.00000e+00,0.00000e+00,0.00000e+00,0.00000e+00,1.55894e-51,3.75898e-50,6.46633e-53,5.23917e-52,2.55568e-51,3.71697e-48,8.70078e-47,1.58686e-49,1.28617e-48,6.05890e-48
0.00000e+00,0.00000e+00,0.00000e+00,0.00000e+00,0.00000e+00,0.00000e+00,0.00000e+00,0.00000e+00,0.00000e+00,0.00000e+00,2.55568e-51,6.16100e-50,1.06029e-52,1.55894e-51,3.49014e-51,6.05890e-48,1.41783e-46,2.58745e-49,3.71697e-48,8.25221e-48
0.00000e+00,0.00000e+00,0.00000e+00,0.00000e+00,0.00000e+00,0.00000e+00,0.00000e+00,0.00000e+00,0.00000e+00,0.00000e+00,3.49014e-51,8.41116e-50,1.44836e-52,2.55568e-51,4.34077e-51,8.25221e-48,1.93039e-46,3.52523e-49,6.05890e-48,1.02464e-47
0.00000e+00,0.00000e+00,0.00000e+00,0.00000e+00,0.00000e+00,0.00000e+00,0.00000e+00,0.00000e+00,0.00000e+00,0.00000e+00,4.34077e-51,1.04574e-49,1.80194e-52,3.49014e-51,5.08913e-51,1.02464e-47,2.39593e-46,4.37869e-49,8.25221e-48,1.19986e-47
0.00000e+00,0.00000e+00,0.00000e+00,0.00000e+00,0.00000e+00,0.00000e+00,0.00000e+00,0.00000e+00,0.00000e+00,0.00000e+00,5.08913e-51,1.22556e-49,2.11333e-52,4.34077e-51,5.72014e-51,1.19986e-47,2.80448e-46,5.12939e-49,1.02464e-47,1.34742e-47
0.00000e+00,0.00000e+00,0.00000e+00,0.00000e+00,0.00000e+00,0.00000e+00,0.00000e+00,0.00000e+00,0.00000e+00,0.00000e+00,5.72014e-51,1.37700e-49,2.37616e-52,5.08913e-51,6.22212e-51,1.34742e-47,3.14808e-46,5.76226e-49,1.19986e-47,1.46464e-47
0.00000e+00,0.00000e+00,0.00000e+00,0.00000e+00,0.00000e+00,0.00000e+00,0.00000e+00,0.00000e+00,0.00000e+00,0.00000e+00,6.22212e-51,1.49733e-49,2.58547e-52,5.72014e-51,6.58654e-51,1.46464e-47,3.42072e-46,6.26559e-49,1.34742e-47,1.54962e-47
0.00000e+00,0.00000e+00,0.00000e+00,0.00000e+00,0.00000e+00,0.00000e+00,0.00000e+00,0.00000e+00,0.00000e+00,0.00000e+00,6.58654e-51,1.58461e-49,2.73756e-52,6.22212e-51,6.80769e-51,1.54962e-47,3.61817e-46,6.63081e-49,1.46464e-47,1.60109e-47
0.00000e+00,0.00000e+00,0.00000e+00,0.00000e+00,0.00000e+00,0.00000e+00,0.00000e+00,0.00000e+00,0.00000e+00,0.00000e+00,6.80769e-51,1.63752e-49,2.82992e-52,6.58654e-51,6.88227e-51,1.60109e-47,3.73768e-46,6.85218e-49,1.54962e-47,1.61835e-47
0.00000e+00,0.00000e+00,0.00000e+00,0.00000e+00,0.00000e+00,0.00000e+00,0.00000e+00,0.00000e+00,0.00000e+00,0.00000e+00,6.88227e-51,1.65535e-49,2.86110e-52,6.80769e-51,6.80920e-51,1.61835e-47,3.77771e-46,6.92641e-49,1.60109e-47,1.60115e-47
0.00000e+00,0.00000e+00,0.00000e+00,0.00000e+00,0.00000e+00,0.00000e+00,0.00000e+00,0.00000e+00,0.00000e+00,0.00000e+00,6.80920e-51,1.63785e-49,2.83062e-52,6.88227e-51,6.58948e-51,1.60115e-47,3.73779e-46,6.85243e-49,1.61835e-47,1.54972e-47
0.00000e+00,0.00000e+00,0.00000e+00,0.00000e+00,0.00000e+00,0.00000e+00,0.00000e+00,0.00000e+00,0.00000e+00,0.00000e+00,6.58948e-51,1.58523e-49,2.73893e-52,6.80920e-51,6.22630e-51,1.54972e-47,3.61839e-46,6.63130e-49,1.60115e-47,1.46479e-47
0.00000e+00,0.00000e+00,0.00000e+00,0.00000e+00,0.00000e+00,0.00000e+00,0.00000e+00,0.00000e+00,0.00000e+00,0.00000e+00,6.22630e-51,1.49823e-49,2.58742e-52,6.58948e-51,5.72530e-51,1.46479e-47,3.42103e-46,6.26628e-49,1.54972e-47,1.34759e-47
0.00000e+00,0.00000e+00,0.00000e+00,0.00000e+00,0.00000e+00,0.00000e+00,0.00000e+00,0.00000e+00,0.00000e+00,0.00000e+00,5.72530e-51,1.37810e-49,2.37857e-52,6.22630e-51,5.09493e-51,1.34759e-47,3.14846e-46,5.76311e-49,1.46479e-47,1.20006e-47
0.00000e+00,0.00000e+00,0.00000e+00,0.00000e+00,0.00000e+00,0.00000e+00,0.00000e+00,0.00000e+00,0.00000e+00,0.00000e+00,5.09493e-51,1.22679e-49,2.11603e-52,5.72530e-51,4.34678e-51,1.20006e-47,2.80490e-46,5.13032e-49,1.34759e-47,1.02484e-47
0.00000e+00,0.00000e+00,0.00000e+00,0.00000e+00,0.00000e+00,0.00000e+00,0.00000e+00,0.00000e+00,0.00000e+00,0.00000e+00,4.34678e-51,1.04702e-49,1.80474e-52,5.09493e-51,3.49585e-51,1.02484e-47,2.39636e-46,4.37963e-49,1.20006e-47,8.25405e-48
0.00000e+00,0.00000e+00,0.00000e+00,0.00000e+00,0.00000e+00,0.00000e+00,0.00000e+00,0.00000e+00,0.00000e+00,0.00000e+00,3.49585e-51,8.42335e-50,1.45101e-52,4.34678e-51,2.56052e-51,8.25405e-48,1.93078e-46,3.52609e-49,1.02484e-47,6.06040e-48
0.00000e+00,0.00000e+00,0.00000e+00,0.00000e+00,0.00000e+00,0.00000e+00,0.00000e+00,0.00000e+00,0.00000e+00,0.00000e+00,2.56052e-51,6.17137e-50,1.06253e-52,3.49585e-51,1.56229e-51,6.06040e-48,1.41815e-46,2.58815e-49,8.25405e-48,3.71796e-48
0.00000e+00,0.00000e+00,0.00000e+00,0.00000e+00,0.00000e+00,0.00000e+00,0.00000e+00,0.00000e+00,0.00000e+00,0.00000e+00,1.56229e-51,3.76618e-50,6.48186e-53,2.56052e-51,5.25159e-52,3.71796e-48,8.70291e-47,1.58732e-49,6.06040e-48,1.28655e-48
0.00000e+00,0.00000e+00,0.00000e+00,0.00000e+00,0.00000e+00,0.00000e+00,0.00000e+00,0.00000e+00,0.00000e+00,0.00000e+00,6.46633e-53,1.55894e-51,2.68254e-54,2.17292e-53,1.06029e-52,1.58686e-49,3.71697e-48,6.77044e-51,5.48738e-50,2.58745e-49
0.00000e+00,0.00000e+00,0.00000e+00,0.00000e+00,0.00000e+00,0.00000e+00,0.00000e+00,0.00000e+00,0.00000e+00,0.00000e+00,1.06029e-52,2.55568e-51,4.39937e-54,6.46633e-53,1.44836e-52,2.58745e-49,6.05890e-48,1.10425e-50,1.58686e-49,3.52523e-49
0.00000e+00,0.00000e+00,0.00000e+00,0.00000e+00,0.00000e+00,0.00000e+00,0.00000e+00,0.00000e+00,0.00000e+00,0.00000e+00,1.44836e-52,3.49014e-51,6.01107e-54,1.06029e-52,1.80194e-52,3.52523e-49,8.25221e-48,1.50491e-50,2.58745e-49,4.37869e-49
0.00000e+00,0.00000e+00,0.00000e+00,0.00000e+00,0.00000e+00,0.00000e+00,0.00000e+00,0.00000e+00,0.00000e+00,0.00000e+00,1.80194e-52,4.34077e-51,7.48068e-54,1.44836e-52,2.11333e-52,4.37869e-49,1.02464e-47,1.86984e-50,3.52523e-49,5.12939e-49
0.00000e+00,0.00000e+00,0.00000e+00,0.00000e+00,0.00000e+00,0.00000e+00,0.00000e+00,0.00000e+00,0.00000e+00,0.00000e+00,2.11333e-52,5.08913e-51,8.77608e-54,1.80194e-52,2.37616e-52,5.12939e-49,1.19986e-47,2.19115e-50,4.37869e-49,5.76226e-49
0.00000e+00,0.00000e+00,0.00000e+00,0.00000e+00,0.00000e+00,0.00000e+00,0.00000e+00,0.00000e+00,0.00000e+00,0.00000e+00,2.37616e-52,5.72014e-51,9.87056e-54,2.11333e-52,2.58547e-52,5.76226e-49,1.34742e-47,2.46229e-50,5.12939e-49,6.26559e-49
0.00000e+00,0.00000e+00,0.00000e+00,0.00000e+00,0.00000e+00,0.00000e+00,0.00000e+00,0.00000e+00,0.00000e+00,0.00000e+00,2.58547e-52,6.22212e-51,1.07429e-53,2.37616e-52,2.73756e-52,6.26559e-49,1.46464e-47,2.67814e-50,5.76226e-49,6.63081e-49
0.00000e+00,0.00000e+00,0.00000e+00,0.00000e+00,0.00000e+00,0.00000e+00,0.00000e+00,0.00000e+00,0.00000e+00,0.00000e+00,2.73756e-52,6.58654e-51,1.13773e-53,2.58547e-52,2.82992e-52,6.63081e-49,1.54962e-47,2.83489e-50,6.26559e-49,6.85218e-49
0.00000e+00,0.00000e+00,0.00000e+00,0.00000e+00,0.00000e+00,0.00000e+00,0.00000e+00,0.00000e+00,0.00000e+00,0.00000e+00,2.82992e-52,6.80769e-51,1.17629e-53,2.73756e-52,2.86110e-52,6.85218e-49,1.60109e-47,2.92995e-50,6.63081e-49,6.92641e-49
0.00000e+00,0.00000e+00,0.00000e+00,0.00000e+00,0.00000e+00,0.00000e+00,0.00000e+00,0.00000e+00,0.00000e+00,0.00000e+00,2.86110e-52,6.88227e-51,1.18932e-53,2.82992e-52,2.83062e-52,6.92641e-49,1.61835e-47,2.96185e-50,6.85218e-49,6.85243e-49
0.00000e+00,0.00000e+00,0.00000e+00,0.00000e+00,0.00000e+00,0.00000e+00,0.00000e+00,0.00000e+00,0.00000e+00,0.00000e+00,2.83062e-52,6.80920e-51,1.17661e-53,2.86110e-52,2.73893e-52,6.85243e-49,1.60115e-47,2.93007e-50,6.92641e-49,6.63130e-49
0.00000e+00,0.00000e+00,0.00000e+00,0.00000e+00,0.00000e+00,0.00000e+00,0.00000e+00,0.00000e+00,0.00000e+00,0.00000e+00,2.73893e-52,6.58948e-51,1.13837e-53,2.83062e-52,2.58742e-52,6.63130e-49,1.54972e-47,2.83512e-50,6.85243e-49,6.26628e-49
0.00000e+00,0.00000e+00,0.00000e+00,0.00000e+00,0.00000e+00,0.00000e+00,0.00000e+00,0.00000e+00,0.00000e+00,0.00000e+00,2.58742e-52,6.22630e-51,1.07520e-53,2.73893e-52,2.37857e-52,6.26628e-49,1.46479e-47,2.67847e-50,6.63130e-49,5.76311e-49
0.00000e+00,0.00000e+00,0.00000e+00,0.00000e+00,0.00000e+00,0.00000e+00,0.00000e+00,0.00000e+00,0.00000e+00,0.00000e+00,2.37857e-52,5.72530e-51,9.88170e-54,2.58742e-52,2.11603e-52,5.76311e-49,1.34759e-47,2.46269e-50,6.26628e-49,5.13032e-49
0.00000e+00,0.00000e+00,0.00000e+00,0.00000e+00,0.00000e+00,0.00000e+00,0.00000e+00,0.00000e+00,0.00000e+00,0.00000e+00,2.11603e-52,5.09493e-51,8.78857e-54,2.37857e-52,1.80474e-52,5.13032e-49,1.20006e-47,2.19159e-50,5.76311e-49,4.37963e-49
0.00000e+00,0.00000e+00,0.00000e+00,0.00000e+00,0.00000e+00,0.00000e+00,0.00000e+00,0.00000e+00,0.00000e+00,0.00000e+00,1.80474e-52,4.34678e-51,7.49358e-54,2.11603e-52,1.45101e-52,4.37963e-49,1.02484e-47,1.87028e-50,5.13032e-49,3.52609e-49
0.00000e+00,0.00000e+00,0.00000e+00,0.00000e+00,0.00000e+00,0.00000e+00,0.00000e+00,0.00000e+00,0.00000e+00,0.00000e+00,1.45101e-52,3.49585e-51,6.02330e-54,1.80474e-52,1.06253e-52,3.52609e-49,8.25405e-48,1.50531e-50,4.37963e-49,2.58815e-49
0.00000e+00,0.00000e+00,0.00000e+00,0.00000e+00,0.00000e+00,0.00000e+00,0.00000e+00,0.00000e+00,0.00000e+00,0.00000e+00,1.06253e-52,2.56052e-51,4.40972e-54,1.45101e-52,6.48186e-53,2.58815e-49,6.06040e-48,1.10458e-50,3.52609e-49,1.58732e-49
0.00000e+00,0.00000e+00,0.00000e+00,0.00000e+00,0.00000e+00,0.00000e+00,0.00000e+00,0.00000e+00,0.00000e+00,0.00000e+00,6.48186e-53,1.56229e-51,2.68969e-54,1.06253e-52,2.17866e-53,1.58732e-49,3.71796e-48,6.77263e-51,2.58815e-49,5.48916e-50
0.00000e+00,0.00000e+00,0.00000e+00,0.00000e+00,0.00000e+00,0.00000e+00,0.00000e+00,0.00000e+00,0.00000e+00,0.00000e+00,2.68254e-54,6.46633e-53,1.11297e-55,9.01338e-55,4.39937e-54,6.77044e-51,1.58686e-49,2.88693e-52,2.33977e-51,1.10425e-50
0.00000e+00,0.00000e+00,0.00000e+00,0.00000e+00,0.00000e+00,0.00000e+00,0.00000e+00,0.00000e+00,0.00000e+00,0.00000e+00,4.39937e-54,1.06029e-52,1.82558e-55,2.68254e-54,6.01107e-54,1.10425e-50,2.58745e-49,4.70973e-52,6.77044e-51,1.50491e-50
0.00000e+00,0.00000e+00,0.00000e+00,0.00000e+00,0.00000e+00,0.00000e+00,0.00000e+00,0.00000e+00,0.00000e+00,0.00000e+00,6.01107e-54,1.44836e-52,2.49493e-55,4.39937e-54,7.48068e-54,1.50491e-50,3.52523e-49,6.42021e-52,1.10425e-50,1.86984e-50
0.00000e+00,0.00000e+00,0.00000e+00,0.00000e+00,0.00000e+00,0.00000e+00,0.00000e+00,0.00000e+00,0.00000e+00,0.00000e+00,7.48068e-54,1.80194e-52,3.10571e-55,6.01107e-54,8.77608e-54,1.86984e-50,4.37869e-49,7.97938e-52,1.50491e-50,2.19115e-50
0.00000e+00,0.00000e+00,0.00000e+00,0.00000e+00,0.00000e+00,0.00000e+00,0.00000e+00,0.00000e+00,0.00000e+00,0.00000e+00,8.77608e-54,2.11333e-52,3.64453e-55,7.48068e-54,9.87056e-54,2.19115e-50,5.12939e-49,9.35333e-52,1.86984e-50,2.46229e-50
0.00000e+00,0.00000e+00,0.00000e+00,0.00000e+00,0.00000e+00,0.00000e+00,0.00000e+00,0.00000e+00,0.00000e+00,0.00000e+00,9.87056e-54,2.37616e-52,4.10016e-55,8.77608e-54,1.07429e-53,2.46229e-50,5.76226e-49,1.05138e-51,2.19115e-50,2.67814e-50
0.00000e+00,0.00000e+00,0.00000e+00,0.00000e+00,0.00000e+00,0.00000e+00,0.00000e+00,0.00000e+00,0.00000e+00,0.00000e+00,1.07429e-53,2.58547e-52,4.46363e-55,9.87056e-54,1.13773e-53,2.67814e-50,6.26559e-49,1.14384e-51,2.46229e-50,2.83489e-50
0.00000e+00,0.00000e+00,0.00000e+00,0.00000e+00,0.00000e+00,0.00000e+00,0.00000e+00,0.00000e+00,0.00000e+00,0.00000e+00,1.13773e-53,2.73756e-52,4.72814e-55,1.07429e-53,1.17629e-53,2.83489e-50,6.63081e-49,1.21103e-51,2.67814e-50,2.92995e-50
0.00000e+00,0.00000e+00,0.00000e+00,0.00000e+00,0.00000e+00,0.00000e+00,0.00000e+00,0.00000e+00,0.00000e+00,0.00000e+00,1.17629e-53,2.82992e-52,4.88899e-55,1.13773e-53,1.18932e-53,2.92995e-50,6.85218e-49,1.25180e-51,2.83489e-50,2.96185e-50
0.00000e+00,0.00000e+00,0.00000e+00,0.00000e+00,0.00000e+00,0.00000e+00,0.00000e+00,0.00000e+00,0.00000e+00,0.00000e+00,1.18932e-53,2.86110e-52,4.94343e-55,1.17629e-53,1.17661e-53,2.96185e-50,6.92641e-49,1.26549e-51,2.92995e-50,2.93007e-50
0.00000e+00,0.00000e+00,0.00000e+00,0.00000e+00,0.00000e+00,0.00000e+00,0.00000e+00,0.00000e+00,0.00000e+00,0.00000e+00,1.17661e-53,2.83062e-52,4.89050e-55,1.18932e-53,1.13837e-53,2.93007e-50,6.85243e-49,1.25186e-51,2.96185e-50,2.83512e-50
0.00000e+00,0.00000e+00,0.00000e+00,0.00000e+00,0.00000e+00,0.00000e+00,0.00000e+00,0.00000e+00,0.00000e+00,0.00000e+00,1.13837e-53,2.73893e-52,4.73106e-55,1.17661e-53,1.07520e-53,2.83512e-50,6.63130e-49,1.21114e-51,2.93007e-50,2.67847e-50
0.00000e+00,0.00000e+00,0.00000e+00,0.00000e+00,0.00000e+00,0.00000e+00,0.00000e+00,0.00000e+00,0.00000e+00,0.00000e+00,1.07520e-53,2.58742e-52,4.46778e-55,1.13837e-53,9.88170e-54,2.67847e-50,6.26628e-49,1.14399e-51,2.83512e-50,2.46269e-50
0.00000e+00,0.00000e+00,0.00000e+00,0.00000e+00,0.00000e+00,0.00000e+00,0.00000e+00,0.00000e+00,0.00000e+00,0.00000e+00,9.88170e-54,2.37857e-52,4.10529e-55,1.07520e-53,8.78857e-54,2.46269e-50,5.76311e-49,1.05157e-51,2.67847e-50,2.19159e-50
0.00000e+00,0.00000e+00,0.00000e+00,0.00000e+00,0.00000e+00,0.00000e+00,0.00000e+00,0.00000e+00,0.00000e+00,0.00000e+00,8.78857e-54,2.11603e-52,3.65028e-55,9.88170e-54,7.49358e-54,2.19159e-50,5.13032e-49,9.35538e-52,2.46269e-50,1.87028e-50
0.00000e+00,0.00000e+00,0.00000e+00,0.00000e+00,0.00000e+00,0.00000e+00,0.00000e+00,0.00000e+00,0.00000e+00,0.00000e+00,7.49358e-54,1.80474e-52,3.11164e-55,8.78857e-54,6.02330e-54,1.87028e-50,4.37963e-49,7.98146e-52,2.19159e-50,1.50531e-50
0.00000e+00,0.00000e+00,0.00000e+00,0.00000e+00,0.00000e+00,0.00000e+00,0.00000e+00,0.00000e+00,0.00000e+00,0.00000e+00,6.02330e-54,1.45101e-52,2.50055e-55,7.49358e-54,4.40972e-54,1.50531e-50,3.52609e-49,6.42212e-52,1.87028e-50,1.10458e-50
0.00000e+00,0.00000e+00,0.00000e+00,0.00000e+00,0.00000e+00,0.00000e+00,0.00000e+00,0.00000e+00,0.00000e+00,0.00000e+00,4.40972e-54,1.06253e-52,1.83033e-55,6.02330e-54,2.68969e-54,1.10458e-50,2.58815e-49,4.71128e-52,1.50531e-50,6.77263e-51
0.00000e+00,0.00000e+00,0.00000e+00,0.00000e+00,0.00000e+00,0.00000e+00,0.00000e+00,0.00000e+00,0.00000e+00,0.00000e+00,2.68969e-54,6.48186e-53,1.11625e-55,4.40972e-54,9.03979e-55,6.77263e-51,1.58732e-49,2.88795e-52,1.10458e-50,2.34061e-51
0.00000e+00,0.00000e+00,0.00000e+00,0.00000e+00,0.00000e+00,0.00000e+00,0.00000e+00,0.00000e+00,0.00000e+00,0.00000e+00,1.11297e-55,2.68254e-54,4.61808e-57,3.73924e-56,1.82558e-55,2.88693e-52,6.77044e-51,1.23028e-53,9.97091e-53,4.70973e-52
0.00000e+00,0.00000e+00,0.00000e+00,0.00000e+00,0.00000e+00,0.00000e+00,0.00000e+00,0.00000e+00,0.00000e+00,0.00000e+00,1.82558e-55,4.39937e-54,7.57607e-57,1.11297e-55,2.49493e-55,4.70973e-52,1.10425e-50,2.00754e-53,2.88693e-52,6.42021e-52
0.00000e+00,0.00000e+00,0.00000e+00,0.00000e+00,0.00000e+00,0.00000e+00,0.00000e+00,0.00000e+00,0.00000e+00,0.00000e+00,2.49493e-55,6.01107e-54,1.03560e-56,1.82558e-55,3.10571e-55,6.42021e-52,1.50491e-50,2.73728e-53,4.70973e-52,7.97938e-52
0.00000e+00,0.00000e+00,0.00000e+00,0.00000e+00,0.00000e+00,0.00000e+00,0.00000e+00,0.00000e+00,0.00000e+00,0.00000e+00,3.10571e-55,7.48068e-54,1.28943e-56,2.49493e-55,3.64453e-55,7.97938e-52,1.86984e-50,3.40291e-53,6.42021e-52,9.35333e-52
0.00000e+00,0.00000e+00,0.00000e+00,0.00000e+00,0.00000e+00,0.00000e+00,0.00000e+00,0.00000e+00,0.00000e+00,0.00000e+00,3.64453e-55,8.77608e-54,1.51351e-56,3.10571e-55,4.10016e-55,9.35333e-52,2.19115e-50,3.98992e-53,7.97938e-52,1.05138e-51
0.00000e+00,0.00000e+00,0.00000e+00,0.00000e+00,0.00000e+00,0.00000e+00,0.00000e+00,0.00000e+00,0.00000e+00,0.00000e+00,4.10016e-55,9.87056e-54,1.70315e-56,3.64453e-55,4.46363e-55,1.05138e-51,2.46229e-50,4.48611e-53,9.35333e-52,1.14384e-51
0.00000e+00,0.00000e+00,0.00000e+00,0.00000e+00,0.00000e+00,0.00000e+00,0.00000e+00,0.00000e+00,0.00000e+00,0.00000e+00,4.46363e-55,1.07429e-53,1.85454e-56,4.10016e-55,4.72814e-55,1.14384e-51,2.67814e-50,4.88173e-53,1.05138e-51,1.21103e-51
0.00000e+00,0.00000e+00,0.00000e+00,0.00000e+00,0.00000e+00,0.00000e+00,0.00000e+00,0.00000e+00,0.00000e+00,0.00000e+00,4.72814e-55,1.13773e-53,1.96478e-56,4.46363e-55,4.88899e-55,1.21103e-51,2.83489e-50,5.16943e-53,1.14384e-51,1.25180e-51
0.00000e+00,0.00000e+00,0.00000e+00,0.00000e+00,0.00000e+00,0.00000e+00,0.00000e+00,0.00000e+00,0.00000e+00,0.00000e+00,4.88899e-55,1.17629e-53,2.03187e-56,4.72814e-55,4.94343e-55,1.25180e-51,2.92995e-50,5.34409e-53,1.21103e-51,1.26549e-51
0.00000e+00,0.00000e+00,0.00000e+00,0.00000e+00,0.00000e+00,0.00000e+00,0.00000e+00,0.00000e+00,0.00000e+00,0.00000e+00,4.94343e-55,1.18932e-53,2.05459e-56,4.88899e-55,4.89050e-55,1.26549e-51,2.96185e-50,5.40273e-53,1.25180e-51,1.25186e-51
0.00000e+00,0.00000e+00,0.00000e+00,0.00000e+00,0.00000e+00,0.00000e+00,0.00000e+00,0.00000e+00,0.00000e+00,0.00000e+00,4.89050e-55,1.17661e-53,2.03256e-56,4.94343e-55,4.73106e-55,1.25186e-51,2.93007e-50,5.34435e-53,1.26549e-51,1.21114e-51
0.00000e+00,0.00000e+00,0.00000e+00,0.00000e+00,0.00000e+00,0.00000e+00,0.00000e+00,0.00000e+00,0.00000e+00,0.00000e+00,4.73106e-55,1.13837e-53,1.96612e-56,4.89050e-55,4.46778e-55,1.21114e-51,2.83512e-50,5.16994e-53,1.25186e-51,1.14399e-51
0.00000e+00,0.00000e+00,0.00000e+00,0.00000e+00,0.00000e+00,0.00000e+00,0.00000e+00,0.00000e+00,0.00000e+00,0.00000e+00,4.46778e-55,1.07520e-53,1.85644e-56,4.73106e-55,4.10529e-55,1.14399e-51,2.67847e-50,4.88245e-53,1.21114e-51,1.05157e-51
0.00000e+00,0.00000e+00,0.00000e+00,0.00000e+00,0.00000e+00,0.00000e+00,0.00000e+00,0.00000e+00,0.00000e+00,0.00000e+00,4.10529e-55,9.88170e-54,1.70550e-56,4.46778e-55,3.65028e-55,1.05157e-51,2.46269e-50,4.48698e-53,1.14399e-51,9.35538e-52
0.00000e+00,0.00000e+00,0.00000e+00,0.00000e+00,0.00000e+00,0.00000e+00,0.00000e+00,0.00000e+00,0.00000e+00,0.00000e+00,3.65028e-55,8.78857e-54,1.51615e-56,4.10529e-55,3.11164e-55,9.35538e-52,2.19159e-50,3.99088e-53,1.05157e-51,7.98146e-52
0.00000e+00,0.00000e+00,0.00000e+00,0.00000e+00,0.00000e+00,0.00000e+00,0.00000e+00,0.00000e+00,0.00000e+00,0.00000e+00,3.11164e-55,7.49358e-54,1.29214e-56,3.65028e-55,2.50055e-55,7.98146e-52,1.87028e-50,3.40388e-53,9.35538e-52,6.42212e-52
0.00000e+00,0.00000e+00,0.00000e+00,0.00000e+00,0.00000e+00,0.00000e+00,0.00000e+00,0.00000e+00,0.00000e+00,0.00000e+00,2.50055e-55,6.02330e-54,1.03817e-56,3.11164e-55,1.83033e-55,6.42212e-52,1.50531e-50,2.73817e-53,7.98146e-52,4.71128e-52
0.00000e+00,0.00000e+00,0.00000e+00,0.00000e+00,0.00000e+00,0.00000e+00,0.00000e+00,0.00000e+00,0.00000e+00,0.00000e+00,1.83033e-55,4.40972e-54,7.59786e-57,2.50055e-55,1.11625e-55,4.71128e-52,1.10458e-50,2.00826e-53,6.42212e-52,2.88795e-52
0.00000e+00,0.00000e+00,0.00000e+00,0.00000e+00,0.00000e+00,0.00000e+00,0.00000e+00,0.00000e+00,0.00000e+00,0.00000e+00,1.11625e-55,2.68969e-54,4.63312e-57,1.83033e-55,3.75137e-56,2.88795e-52,6.77263e-51,1.23076e-53,4.71128e-52,9.97481e-53
0.00000e+00,0.00000e+00,0.00000e+00,0.00000e+00,0.00000e+00,0.00000e+00,0.00000e+00,0.00000e+00,0.00000e+00,0.00000e+00,4.61808e-57,1.11297e-55,1.91632e-58,1.55139e-57,7.57607e-57,1.23028e-53,2.88693e-52,5.24000e-55,4.24675e-54,2.00754e-53
0.00000e+00,0.00000e+00,0.00000e+00,0.00000e+00,0.00000e+00,0.00000e+00,0.00000e+00,0.00000e+00,0.00000e+00,0.00000e+00,7.57607e-57,1.82558e-55,3.14422e-58,4.61808e-57,1.03560e-56,2.00754e-53,4.70973e-52,8.55230e-55,1.23028e-53,2.73728e-53
0.00000e+00,0.00000e+00,0.00000e+00,0.00000e+00,0.00000e+00,0.00000e+00,0.00000e+00,0.00000e+00,0.00000e+00,0.00000e+00,1.03560e-56,2.49493e-55,4.29874e-58,7.57607e-57,1.28943e-56,2.73728e-53,6.42021e-52,1.16635e-54,2.00754e-53,3.40291e-53
0.00000e+00,0.00000e+00,0.00000e+00,0.00000e+00,0.00000e+00,0.00000e+00,0.00000e+00,0.00000e+00,0.00000e+00,0.00000e+00,1.28943e-56,3.10571e-55,5.35355e-58,1.03560e-56,1.51351e-56,3.40291e-53,7.97938e-52,1.45032e-54,2.73728e-53,3.98992e-53
0.00000e+00,0.00000e+00,0.00000e+00,0.00000e+00,0.00000e+00,0.00000e+00,0.00000e+00,0.00000e+00,0.00000e+00,0.00000e+00,1.51351e-56,3.64453e-55,6.28538e-58,1.28943e-56,1.70315e-56,3.98992e-53,9.35333e-52,1.70090e-54,3.40291e-53,4.48611e-53
0.00000e+00,0.00000e+00,0.00000e+00,0.00000e+00,0.00000e+00,0.00000e+00,0.00000e+00,0.00000e+00,0.00000e+00,0.00000e+00,1.70315e-56,4.10016e-55,7.07449e-58,1.51351e-56,1.85454e-56,4.48611e-53,1.05138e-51,1.91287e-54,3.98992e-53,4.88173e-53
0.00000e+00,0.00000e+00,0.00000e+00,0.00000e+00,0.00000e+00,0.00000e+00,0.00000e+00,0.00000e+00,0.00000e+00,0.00000e+00,1.85454e-56,4.46363e-55,7.70486e-58,1.70315e-56,1.96478e-56,4.88173e-53,1.14384e-51,2.08199e-54,4.48611e-53,5.16943e-53
0.00000e+00,0.00000e+00,0.00000e+00,0.00000e+00,0.00000e+00,0.00000e+00,0.00000e+00,0.00000e+00,0.00000e+00,0.00000e+00,1.96478e-56,4.72814e-55,8.16420e-58,1.85454e-56,2.03187e-56,5.16943e-53,1.21103e-51,2.20504e-54,4.88173e-53,5.34409e-53
0.00000e+00,0.00000e+00,0.00000e+00,0.00000e+00,0.00000e+00,0.00000e+00,0.00000e+00,0.00000e+00,0.00000e+00,0.00000e+00,2.03187e-56,4.88899e-55,8.44387e-58,1.96478e-56,2.05459e-56,5.34409e-53,1.25180e-51,2.27978e-54,5.16943e-53,5.40273e-53
0.00000e+00,0.00000e+00,0.00000e+00,0.00000e+00,0.00000e+00,0.00000e+00,0.00000e+00,0.00000e+00,0.00000e+00,0.00000e+00,2.05459e-56,4.94343e-55,8.53873e-58,2.03187e-56,2.03256e-56,5.40273e-53,1.26549e-51,2.30488e-54,5.34409e-53,5.34435e-53
0.00000e+00,0.00000e+00,0.00000e+00,0.00000e+00,0.00000e+00,0.00000e+00,0.00000e+00,0.00000e+00,0.00000e+00,0.00000e+00,2.03256e-56,4.89050e-55,8.44702e-58,2.05459e-56,1.96612e-56,5.34435e-53,1.25186e-51,2.27990e-54,5.40273e-53,5.16994e-53
0.00000e+00,0.00000e+00,0.00000e+00,0.00000e+00,0.00000e+00,0.00000e+00,0.00000e+00,0.00000e+00,0.00000e+00,0.00000e+00,1.96612e-56,4.73106e-55,8.17031e-58,2.03256e-56,1.85644e-56,5.16994e-53,1.21114e-51,2.20528e-54,5.34435e-53,4.88245e-53
0.00000e+00,0.00000e+00,0.00000e+00,0.00000e+00,0.00000e+00,0.00000e+00,0.00000e+00,0.00000e+00,0.00000e+00,0.00000e+00,1.85644e-56,4.46778e-55,7.71357e-58,1.96612e-56,1.70550e-56,4.88245e-53,1.14399e-51,2.08232e-54,5.16994e-53,4.48698e-53
0.00000e+00,0.00000e+00,0.00000e+00,0.00000e+00,0.00000e+00,0.00000e+00,0.00000e+00,0.00000e+00,0.00000e+00,0.00000e+00,1.70550e-56,4.10529e-55,7.08523e-58,1.85644e-56,1.51615e-56,4.48698e-53,1.05157e-51,1.91328e-54,4.88245e-53,3.99088e-53
0.00000e+00,0.00000e+00,0.00000e+00,0.00000e+00,0.00000e+00,0.00000e+00,0.00000e+00,0.00000e+00,0.00000e+00,0.00000e+00,1.51615e-56,3.65028e-55,6.29742e-58,1.70550e-56,1.29214e-56,3.99088e-53,9.35538e-52,1.70135e-54,4.48698e-53,3.40388e-53
0.00000e+00,0.00000e+00,0.00000e+00,0.00000e+00,0.00000e+00,0.00000e+00,0.00000e+00,0.00000e+00,0.00000e+00,0.00000e+00,1.29214e-56,3.11164e-55,5.36599e-58,1.51615e-56,1.03817e-56,3.40388e-53,7.98146e-52,1.45077e-54,3.99088e-53,2.73817e-53
0.00000e+00,0.00000e+00,0.00000e+00,0.00000e+00,0.00000e+00,0.00000e+00,0.00000e+00,0.00000e+00,0.00000e+00,0.00000e+00,1.03817e-56,2.50055e-55,4.31054e-58,1.29214e-56,7.59786e-57,2.73817e-53,6.42212e-52,1.16677e-54,3.40388e-53,2.00826e-53
0.00000e+00,0.00000e+00,0.00000e+00,0.00000e+00,0.00000e+00,0.00000e+00,0.00000e+00,0.00000e+00,0.00000e+00,0.00000e+00,7.59786e-57,1.83033e-55,3.15420e-58,1.03817e-56,4.63312e-57,2.00826e-53,4.71128e-52,8.55567e-55,2.73817e-53,1.23076e-53
0.00000e+00,0.00000e+00,0.00000e+00,0.00000e+00,0.00000e+00,0.00000e+00,0.00000e+00,0.00000e+00,0.00000e+00,0.00000e+00,4.63312e-57,1.11625e-55,1.92321e-58,7.59786e-57,1.55695e-57,1.23076e-53,2.88795e-52,5.24223e-55,2.00826e-53,4.24856e-54
0.00000e+00,0.00000e+00,0.00000e+00,0.00000e+00,0.00000e+00,0.00000e+00,0.00000e+00,0.00000e+00,0.00000e+00,0.00000e+00,1.91632e-58,4.61808e-57,7.95237e-60,6.43713e-59,3.14422e-58,5.24000e-55,1.23028e-53,2.23062e-56,1.80778e-55,8.55230e-55
0.00000e+00,0.00000e+00,0.00000e+00,0.00000e+00,0.00000e+00,0.00000e+00,0.00000e+00,0.00000e+00,0.00000e+00,0.00000e+00,3.14422e-58,7.57607e-57,1.30497e-59,1.91632e-58,4.29874e-58,8.55230e-55,2.00754e-53,3.64134e-56,5.24000e-55,1.16635e-54
0.00000e+00,0.00000e+00,0.00000e+00,0.00000e+00,0.00000e+00,0.00000e+00,0.00000e+00,0.00000e+00,0.00000e+00,0.00000e+00,4.29874e-58,1.03560e-56,1.78445e-59,3.14422e-58,5.35355e-58,1.16635e-54,2.73728e-53,4.96699e-56,8.55230e-55,1.45032e-54
0.00000e+00,0.00000e+00,0.00000e+00,0.00000e+00,0.00000e+00,0.00000e+00,0.00000e+00,0.00000e+00,0.00000e+00,0.00000e+00,5.35355e-58,1.28943e-56,2.22275e-59,4.29874e-58,6.28538e-58,1.45032e-54,3.40291e-53,6.17753e-56,1.16635e-54,1.70090e-54
0.00000e+00,0.00000e+00,0.00000e+00,0.00000e+00,0.00000e+00,0.00000e+00,0.00000e+00,0.00000e+00,0.00000e+00,0.00000e+00,6.28538e-58,1.51351e-56,2.61019e-59,5.35355e-58,7.07449e-58,1.70090e-54,3.98992e-53,7.24644e-56,1.45032e-54,1.91287e-54
0.00000e+00,0.00000e+00,0.00000e+00,0.00000e+00,0.00000e+00,0.00000e+00,0.00000e+00,0.00000e+00,0.00000e+00,0.00000e+00,7.07449e-58,1.70315e-56,2.93849e-59,6.28538e-58,7.70486e-58,1.91287e-54,4.48611e-53,8.15117e-56,1.70090e-54,2.08199e-54
0.00000e+00,0.00000e+00,0.00000e+00,0.00000e+00,0.00000e+00,0.00000e+00,0.00000e+00,0.00000e+00,0.00000e+00,0.00000e+00,7.70486e-58,1.85454e-56,3.20091e-59,7.07449e-58,8.16420e-58,2.08199e-54,4.88173e-53,8.87345e-56,1.91287e-54,2.20504e-54
0.00000e+00,0.00000e+00,0.00000e+00,0.00000e+00,0.00000e+00,0.00000e+00,0.00000e+00,0.00000e+00,0.00000e+00,0.00000e+00,8.16420e-58,1.96478e-56,3.39224e-59,7.70486e-58,8.44387e-58,2.20504e-54,5.16943e-53,9.39925e-56,2.08199e-54,2.27978e-54
0.00000e+00,0.00000e+00,0.00000e+00,0.00000e+00,0.00000e+00,0.00000e+00,0.00000e+00,0.00000e+00,0.00000e+00,0.00000e+00,8.44387e-58,2.03187e-56,3.50880e-59,8.16420e-58,8.53873e-58,2.27978e-54,5.34409e-53,9.71873e-56,2.20504e-54,2.30488e-54
0.00000e+00,0.00000e+00,0.00000e+00,0.00000e+00,0.00000e+00,0.00000e+00,0.00000e+00,0.00000e+00,0.00000e+00,0.00000e+00,8.53873e-58,2.05459e-56,3.54839e-59,8.44387e-58,8.44702e-58,2.30488e-54,5.40273e-53,9.82607e-56,2.27978e-54,2.27990e-54
0.00000e+00,0.00000e+00,0.00000e+00,0.00000e+00,0.00000e+00,0.00000e+00,0.00000e+00,0.00000e+00,0.00000e+00,0.00000e+00,8.44702e-58,2.03256e-56,3.51024e-59,8.53873e-58,8.17031e-58,2.27990e-54,5.34435e-53,9.71931e-56,2.30488e-54,2.20528e-54
0.00000e+00,0.00000e+00,0.00000e+00,0.00000e+00,0.00000e+00,0.00000e+00,0.00000e+00,0.00000e+00,0.00000e+00,0.00000e+00,8.17031e-58,1.96612e-56,3.39504e-59,8.44702e-58,7.71357e-58,2.20528e-54,5.16994e-53,9.40037e-56,2.27990e-54,2.08232e-54
0.00000e+00,0.00000e+00,0.00000e+00,0.00000e+00,0.00000e+00,0.00000e+00,0.00000e+00,0.00000e+00,0.00000e+00,0.00000e+00,7.71357e-58,1.85644e-56,3.20489e-59,8.17031e-58,7.08523e-58,2.08232e-54,4.88245e-53,8.87502e-56,2.20528e-54,1.91328e-54
0.00000e+00,0.00000e+00,0.00000e+00,0.00000e+00,0.00000e+00,0.00000e+00,0.00000e+00,0.00000e+00,0.00000e+00,0.00000e+00,7.08523e-58,1.70550e-56,2.94341e-59,7.71357e-58,6.29742e-58,1.91328e-54,4.48698e-53,8.15308e-56,2.08232e-54,1.70135e-54
0.00000e+00,0.00000e+00,0.00000e+00,0.00000e+00,0.00000e+00,0.00000e+00,0.00000e+00,0.00000e+00,0.00000e+00,0.00000e+00,6.29742e-58,1.51615e-56,2.61570e-59,7.08523e-58,5.36599e-58,1.70135e-54,3.99088e-53,7.24853e-56,1.91328e-54,1.45077e-54
0.00000e+00,0.00000e+00,0.00000e+00,0.00000e+00,0.00000e+00,0.00000e+00,0.00000e+00,0.00000e+00,0.00000e+00,0.00000e+00,5.36599e-58,1.29214e-56,2.22844e-59,6.29742e-58,4.31054e-58,1.45077e-54,3.40388e-53,6.17964e-56,1.70135e-54,1.16677e-54
0.00000e+00,0.00000e+00,0.00000e+00,0.00000e+00,0.00000e+00,0.00000e+00,0.00000e+00,0.00000e+00,0.00000e+00,0.00000e+00,4.31054e-58,1.03817e-56,1.78985e-59,5.36599e-58,3.15420e-58,1.16677e-54,2.73817e-53,4.96892e-56,1.45077e-54,8.55567e-55
0.00000e+00,0.00000e+00,0.00000e+00,0.00000e+00,0.00000e+00,0.00000e+00,0.00000e+00,0.00000e+00,0.00000e+00,0.00000e+00,3.15420e-58,7.59786e-57,1.30954e-59,4.31054e-58,1.92321e-58,8.55567e-55,2.00826e-53,3.64291e-56,1.16677e-54,5.24223e-55
0.00000e+00,0.00000e+00,0.00000e+00,0.00000e+00,0.00000e+00,0.00000e+00,0.00000e+00,0.00000e+00,0.00000e+00,0.00000e+00,1.92321e-58,4.63312e-57,7.98395e-60,3.15420e-58,6.46258e-59,5.24223e-55,1.23076e-53,2.23166e-56,8.55567e-55,1.80863e-55
0.00000e+00,0.00000e+00,0.00000e+00,0.00000e+00,0.00000e+00,0.00000e+00,0.00000e+00,0.00000e+00,0.00000e+00,0.00000e+00,7.95237e-60,1.91632e-58,3.30017e-61,2.67106e-60,1.30497e-59,2.23062e-56,5.24000e-55,9.49062e-58,7.69153e-57,3.64134e-56
0.00000e+00,0.00000e+00,0.00000e+00,0.00000e+00,0.00000e+00,0.00000e+00,0.00000e+00,0.00000e+00,0.00000e+00,0.00000e+00,1.30497e-59,3.14422e-58,5.41622e-61,7.95237e-60,1.78445e-59,3.64134e-56,8.55230e-55,1.54956e-57,2.23062e-56,4.96699e-56
0.00000e+00,0.00000e+00,0.00000e+00,0.00000e+00,0.00000e+00,0.00000e+00,0.00000e+00,0.00000e+00,0.00000e+00,0.00000e+00,1.78445e-59,4.29874e-58,7.40749e-61,1.30497e-59,2.22275e-59,4.96699e-56,1.16635e-54,2.11406e-57,3.64134e-56,6.17753e-56
0.00000e+00,0.00000e+00,0.00000e+00,0.00000e+00,0.00000e+00,0.00000e+00,0.00000e+00,0.00000e+00,0.00000e+00,0.00000e+00,2.22275e-59,5.35355e-58,9.22866e-61,1.78445e-59,2.61019e-59,6.17753e-56,1.45032e-54,2.62978e-57,4.96699e-56,7.24644e-56
0.00000e+00,0.00000e+00,0.00000e+00,0.00000e+00,0.00000e+00,0.00000e+00,0.00000e+00,0.00000e+00,0.00000e+00,0.00000e+00,2.61019e-59,6.28538e-58,1.08394e-60,2.22275e-59,2.93849e-59,7.24644e-56,1.70090e-54,3.08541e-57,6.17753e-56,8.15117e-56
0.00000e+00,0.00000e+00,0.00000e+00,0.00000e+00,0.00000e+00,0.00000e+00,0.00000e+00,0.00000e+00,0.00000e+00,0.00000e+00,2.93849e-59,7.07449e-58,1.22050e-60,2.61019e-59,3.20091e-59,8.15117e-56,1.91287e-54,3.47127e-57,7.24644e-56,8.87345e-56
0.00000e+00,0.00000e+00,0.00000e+00,0.00000e+00,0.00000e+00,0.00000e+00,0.00000e+00,0.00000e+00,0.00000e+00,0.00000e+00,3.20091e-59,7.70486e-58,1.32972e-60,2.93849e-59,3.39224e-59,8.87345e-56,2.08199e-54,3.77948e-57,8.15117e-56,9.39925e-56
0.00000e+00,0.00000e+00,0.00000e+00,0.00000e+00,0.00000e+00,0.00000e+00,0.00000e+00,0.00000e+00,0.00000e+00,0.00000e+00,3.39224e-59,8.16420e-58,1.40940e-60,3.20091e-59,3.50880e-59,9.39925e-56,2.20504e-54,4.00395e-57,8.87345e-56,9.71873e-56
0.00000e+00,0.00000e+00,0.00000e+00,0.00000e+00,0.00000e+00,0.00000e+00,0.00000e+00,0.00000e+00,0.00000e+00,0.00000e+00,3.50880e-59,8.44387e-58,1.45796e-60,3.39224e-59,3.54839e-59,9.71873e-56,2.27978e-54,4.14038e-57,9.39925e-56,9.82607e-56
0.00000e+00,0.00000e+00,0.00000e+00,0.00000e+00,0.00000e+00,0.00000e+00,0.00000e+00,0.00000e+00,0.00000e+00,0.00000e+00,3.54839e-59,8.53873e-58,1.47448e-60,3.50880e-59,3.51024e-59,9.82607e-56,2.30488e-54,4.18624e-57,9.71873e-56,9.71931e-56
0.00000e+00,0.00000e+00,0.00000e+00,0.00000e+00,0.00000e+00,0.00000e+00,0.00000e+00,0.00000e+00,0.00000e+00,0.00000e+00,3.51024e-59,8.44702e-58,1.45862e-60,3.54839e-59,3.39504e-59,9.71931e-56,2.27990e-54,4.14065e-57,9.82607e-56,9.40037e-56
0.00000e+00,0.00000e+00,0.00000e+00,0.00000e+00,0.00000e+00,0.00000e+00,0.00000e+00,0.00000e+00,0.00000e+00,0.00000e+00,3.39504e-59,8.17031e-58,1.41068e-60,3.51024e-59,3.20489e-59,9.40037e-56,2.20528e-54,4.00446e-57,9.71931e-56,8.87502e-56
0.00000e+00,0.00000e+00,0.00000e+00,0.00000e+00,0.00000e+00,0.00000e+00,0.00000e+00,0.00000e+00,0.00000e+00,0.00000e+00,3.20489e-59,7.71357e-58,1.33155e-60,3.39504e-59,2.94341e-59,8.87502e-56,2.08232e-54,3.78021e-57,9.40037e-56,8.15308e-56
0.00000e+00,0.00000e+00,0.00000e+00,0.00000e+00,0.00000e+00,0.00000e+00,0.00000e+00,0.00000e+00,0.00000e+00,0.00000e+00,2.94341e-59,7.08523e-58,1.22275e-60,3.20489e-59,2.61570e-59,8.15308e-56,1.91328e-54,3.47216e-57,8.87502e-56,7.24853e-56
0.00000e+00,0.00000e+00,0.00000e+00,0.00000e+00,0.00000e+00,0.00000e+00,0.00000e+00,0.00000e+00,0.00000e+00,0.00000e+00,2.61570e-59,6.29742e-58,1.08646e-60,2.94341e-59,2.22844e-59,7.24853e-56,1.70135e-54,3.08638e-57,8.15308e-56,6.17964e-56
0.00000e+00,0.00000e+00,0.00000e+00,0.00000e+00,0.00000e+00,0.00000e+00,0.00000e+00,0.00000e+00,0.00000e+00,0.00000e+00,2.22844e-59,5.36599e-58,9.25475e-61,2.61570e-59,1.78985e-59,6.17964e-56,1.45077e-54,2.63076e-57,7.24853e-56,4.96892e-56
0.00000e+00,0.00000e+00,0.00000e+00,0.00000e+00,0.00000e+00,0.00000e+00,0.00000e+00,0.00000e+00,0.00000e+00,0.00000e+00,1.78985e-59,4.31054e-58,7.43224e-61,2.22844e-59,1.30954e-59,4.96892e-56,1.16677e-54,2.11495e-57,6.17964e-56,3.64291e-56
0.00000e+00,0.00000e+00,0.00000e+00,0.00000e+00,0.00000e+00,0.00000e+00,0.00000e+00,0.00000e+00,0.00000e+00,0.00000e+00,1.30954e-59,3.15420e-58,5.43717e-61,1.78985e-59,7.98395e-60,3.64291e-56,8.55567e-55,1.55029e-57,4.96892e-56,2.23166e-56
0.00000e+00,0.00000e+00,0.00000e+00,0.00000e+00,0.00000e+00,0.00000e+00,0.00000e+00,0.00000e+00,0.00000e+00,0.00000e+00,7.98395e-60,1.92321e-58,3.31466e-61,1.30954e-59,2.68273e-60,2.23166e-56,5.24223e-55,9.49543e-58,3.64291e-56,7.69546e-57
0.00000e+00,0.00000e+00,0.00000e+00,0.00000e+00,0.00000e+00,0.00000e+00,0.00000e+00,0.00000e+00,0.00000e+00,0.00000e+00,3.30017e-61,7.95237e-60,1.36956e-62,1.10838e-61,5.41622e-61,9.49062e-58,2.23062e-56,4.03595e-59,3.27087e-58,1.54956e-57
0.00000e+00,0.00000e+00,0.00000e+00,0.00000e+00,0.00000e+00,0.00000e+00,0.00000e+00,0.00000e+00,0.00000e+00,0.00000e+00,5.41622e-61,1.30497e-59,2.24799e-62,3.30017e-61,7.40749e-61,1.54956e-57,3.64134e-56,6.59074e-59,9.49062e-58,2.11406e-57
0.00000e+00,0.00000e+00,0.00000e+00,0.00000e+00,0.00000e+00,0.00000e+00,0.00000e+00,0.00000e+00,0.00000e+00,0.00000e+00,7.40749e-61,1.78445e-59,3.07493e-62,5.41622e-61,9.22866e-61,2.11406e-57,4.96699e-56,8.99312e-59,1.54956e-57,2.62978e-57
0.00000e+00,0.00000e+00,0.00000e+00,0.00000e+00,0.00000e+00,0.00000e+00,0.00000e+00,0.00000e+00,0.00000e+00,0.00000e+00,9.22866e-61,2.22275e-59,3.83159e-62,7.40749e-61,1.08394e-60,2.62978e-57,6.17753e-56,1.11889e-58,2.11406e-57,3.08541e-57
0.00000e+00,0.00000e+00,0.00000e+00,0.00000e+00,0.00000e+00,0.00000e+00,0.00000e+00,0.00000e+00,0.00000e+00,0.00000e+00,1.08394e-60,2.61019e-59,4.50115e-62,9.22866e-61,1.22050e-60,3.08541e-57,7.24644e-56,1.31297e-58,2.62978e-57,3.47127e-57
0.00000e+00,0.00000e+00,0.00000e+00,0.00000e+00,0.00000e+00,0.00000e+00,0.00000e+00,0.00000e+00,0.00000e+00,0.00000e+00,1.22050e-60,2.93849e-59,5.06914e-62,1.08394e-60,1.32972e-60,3.47127e-57,8.15117e-56,1.47741e-58,3.08541e-57,3.77948e-57
0.00000e+00,0.00000e+00,0.00000e+00,0.00000e+00,0.00000e+00,0.00000e+00,0.00000e+00,0.00000e+00,0.00000e+00,0.00000e+00,1.32972e-60,3.20091e-59,5.52364e-62,1.22050e-60,1.40940e-60,3.77948e-57,8.87345e-56,1.60882e-58,3.47127e-57,4.00395e-57
0.00000e+00,0.00000e+00,0.00000e+00,0.00000e+00,0.00000e+00,0.00000e+00,0.00000e+00,0.00000e+00,0.00000e+00,0.00000e+00,1.40940e-60,3.39224e-59,5.85535e-62,1.32972e-60,1.45796e-60,4.00395e-57,9.39925e-56,1.70457e-58,3.77948e-57,4.14038e-57
0.00000e+00,0.00000e+00,0.00000e+00,0.00000e+00,0.00000e+00,0.00000e+00,0.00000e+00,0.00000e+00,0.00000e+00,0.00000e+00,1.45796e-60,3.50880e-59,6.05766e-62,1.40940e-60,1.47448e-60,4.14038e-57,9.71873e-56,1.76279e-58,4.00395e-57,4.18624e-57
0.00000e+00,0.00000e+00,0.00000e+00,0.00000e+00,0.00000e+00,0.00000e+00,0.00000e+00,0.00000e+00,0.00000e+00,0.00000e+00,1.47448e-60,3.54839e-59,6.12657e-62,1.45796e-60,1.45862e-60,4.18624e-57,9.82607e-56,1.78236e-58,4.14038e-57,4.14065e-57
0.00000e+00,0.00000e+00,0.00000e+00,0.00000e+00,0.00000e+00,0.00000e+00,0.00000e+00,0.00000e+00,0.00000e+00,0.00000e+00,1.45862e-60,3.51024e-59,6.06069e-62,1.47448e-60,1.41068e-60,4.14065e-57,9.71931e-56,1.76291e-58,4.18624e-57,4.00446e-57
0.00000e+00,0.00000e+00,0.00000e+00,0.00000e+00,0.00000e+00,0.00000e+00,0.00000e+00,0.00000e+00,0.00000e+00,0.00000e+00,1.41068e-60,3.39504e-59,5.86124e-62,1.45862e-60,1.33155e-60,4.00446e-57,9.40037e-56,1.70481e-58,4.14065e-57,3.78021e-57
0.00000e+00,0.00000e+00,0.00000e+00,0.00000e+00,0.00000e+00,0.00000e+00,0.00000e+00,0.00000e+00,0.00000e+00,0.00000e+00,1.33155e-60,3.20489e-59,5.53201e-62,1.41068e-60,1.22275e-60,3.78021e-57,8.87502e-56,1.60916e-58,4.00446e-57,3.47216e-57
0.00000e+00,0.00000e+00,0.00000e+00,0.00000e+00,0.00000e+00,0.00000e+00,0.00000e+00,0.00000e+00,0.00000e+00,0.00000e+00,1.22275e-60,2.94341e-59,5.07947e-62,1.33155e-60,1.08646e-60,3.47216e-57,8.15308e-56,1.47782e-58,3.78021e-57,3.08638e-57
0.00000e+00,0.00000e+00,0.00000e+00,0.00000e+00,0.00000e+00,0.00000e+00,0.00000e+00,0.00000e+00,0.00000e+00,0.00000e+00,1.08646e-60,2.61570e-59,4.51274e-62,1.22275e-60,9.25475e-61,3.08638e-57,7.24853e-56,1.31342e-58,3.47216e-57,2.63076e-57
0.00000e+00,0.00000e+00,0.00000e+00,0.00000e+00,0.00000e+00,0.00000e+00,0.00000e+00,0.00000e+00,0.00000e+00,0.00000e+00,9.25475e-61,2.22844e-59,3.84357e-62,1.08646e-60,7.43224e-61,2.63076e-57,6.17964e-56,1.11934e-58,3.08638e-57,2.11495e-57
0.00000e+00,0.00000e+00,0.00000e+00,0.00000e+00,0.00000e+00,0.00000e+00,0.00000e+00,0.00000e+00,0.00000e+00,0.00000e+00,7.43224e-61,1.78985e-59,3.08630e-62,9.25475e-61,5.43717e-61,2.11495e-57,4.96892e-56,8.99727e-59,2.63076e-57,1.55029e-57
0.00000e+00,0.00000e+00,0.00000e+00,0.00000e+00,0.00000e+00,0.00000e+00,0.00000e+00,0.00000e+00,0.00000e+00,0.00000e+00,5.43717e-61,1.30954e-59,2.25761e-62,7.43224e-61,3.31466e-61,1.55029e-57,3.64291e-56,6.59411e-59,2.11495e-57,9.49543e-58
0.00000e+00,0.00000e+00,0.00000e+00,0.00000e+00,0.00000e+00,0.00000e+00,0.00000e+00,0.00000e+00,0.00000e+00,0.00000e+00,3.31466e-61,7.98395e-60,1.37622e-62,5.43717e-61,1.11374e-61,9.49543e-58,2.23166e-56,4.03818e-59,1.55029e-57,3.27269e-58
0.00000e+00,0.00000e+00,0.00000e+00,0.00000e+00,0.00000e+00,0.00000e+00,0.00000e+00,0.00000e+00,0.00000e+00,0.00000e+00,1.36956e-62,3.30017e-61,5.68355e-64,4.59935e-63,2.24799e-62,4.03595e-59,9.49062e-58,1.71549e-60,1.39029e-59,6.59074e-59
0.00000e+00,0.00000e+00,0.00000e+00,0.00000e+00,0.00000e+00,0.00000e+00,0.00000e+00,0.00000e+00,0.00000e+00,0.00000e+00,2.24799e-62,5.41622e-61,9.33008e-64,1.36956e-62,3.07493e-62,6.59074e-59,1.54956e-57,2.80184e-60,4.03595e-59,8.99312e-59
0.00000e+00,0.00000e+00,0.00000e+00,0.00000e+00,0.00000e+00,0.00000e+00,0.00000e+00,0.00000e+00,0.00000e+00,0.00000e+00,3.07493e-62,7.40749e-61,1.27641e-63,2.24799e-62,3.83159e-62,8.99312e-59,2.11406e-57,3.82369e-60,6.59074e-59,1.11889e-58
0.00000e+00,0.00000e+00,0.00000e+00,0.00000e+00,0.00000e+00,0.00000e+00,0.00000e+00,0.00000e+00,0.00000e+00,0.00000e+00,3.83159e-62,9.22866e-61,1.59076e-63,3.07493e-62,4.50115e-62,1.11889e-58,2.62978e-57,4.75799e-60,8.99312e-59,1.31297e-58
0.00000e+00,0.00000e+00,0.00000e+00,0.00000e+00,0.00000e+00,0.00000e+00,0.00000e+00,0.00000e+00,0.00000e+00,0.00000e+00,4.50115e-62,1.08394e-60,1.86906e-63,3.83159e-62,5.06914e-62,1.31297e-58,3.08541e-57,5.58417e-60,1.11889e-58,1.47741e-58
0.00000e+00,0.00000e+00,0.00000e+00,0.00000e+00,0.00000e+00,0.00000e+00,0.00000e+00,0.00000e+00,0.00000e+00,0.00000e+00,5.06914e-62,1.22050e-60,2.10527e-63,4.50115e-62,5.52364e-62,1.47741e-58,3.47127e-57,6.28451e-60,1.31297e-58,1.60882e-58
0.00000e+00,0.00000e+00,0.00000e+00,0.00000e+00,0.00000e+00,0.00000e+00,0.00000e+00,0.00000e+00,0.00000e+00,0.00000e+00,5.52364e-62,1.32972e-60,2.29436e-63,5.06914e-62,5.85535e-62,1.60882e-58,3.77948e-57,6.84440e-60,1.47741e-58,1.70457e-58
0.00000e+00,0.00000e+00,0.00000e+00,0.00000e+00,0.00000e+00,0.00000e+00,0.00000e+00,0.00000e+00,0.00000e+00,0.00000e+00,5.85535e-62,1.40940e-60,2.43244e-63,5.52364e-62,6.05766e-62,1.70457e-58,4.00395e-57,7.25248e-60,1.60882e-58,1.76279e-58
0.00000e+00,0.00000e+00,0.00000e+00,0.00000e+00,0.00000e+00,0.00000e+00,0.00000e+00,0.00000e+00,0.00000e+00,0.00000e+00,6.05766e-62,1.45796e-60,2.51671e-63,5.85535e-62,6.12657e-62,1.76279e-58,4.14038e-57,7.50067e-60,1.70457e-58,1.78236e-58
0.00000e+00,0.00000e+00,0.00000e+00,0.00000e+00,0.00000e+00,0.00000e+00,0.00000e+00,0.00000e+00,0.00000e+00,0.00000e+00,6.12657e-62,1.47448e-60,2.54546e-63,6.05766e-62,6.06069e-62,1.78236e-58,4.18624e-57,7.58413e-60,1.76279e-58,1.76291e-58
0.00000e+00,0.00000e+00,0.00000e+00,0.00000e+00,0.00000e+00,0.00000e+00,0.00000e+00,0.00000e+00,0.00000e+00,0.00000e+00,6.06069e-62,1.45862e-60,2.51810e-63,6.12657e-62,5.86124e-62,1.76291e-58,4.14065e-57,7.50125e-60,1.78236e-58,1.70481e-58
0.00000e+00,0.00000e+00,0.00000e+00,0.00000e+00,0.00000e+00,0.00000e+00,0.00000e+00,0.00000e+00,0.00000e+00,0.00000e+00,5.86124e-62,1.41068e-60,2.43515e-63,6.06069e-62,5.53201e-62,1.70481e-58,4.00446e-57,7.25359e-60,1.76291e-58,1.60916e-58
0.00000e+00,0.00000e+00,0.00000e+00,0.00000e+00,0.00000e+00,0.00000e+00,0.00000e+00,0.00000e+00,0.00000e+00,0.00000e+00,5.53201e-62,1.33155e-60,2.29822e-63,5.86124e-62,5.07947e-62,1.60916e-58,3.78021e-57,6.84596e-60,1.70481e-58,1.47782e-58
0.00000e+00,0.00000e+00,0.00000e+00,0.00000e+00,0.00000e+00,0.00000e+00,0.00000e+00,0.00000e+00,0.00000e+00,0.00000e+00,5.07947e-62,1.22275e-60,2.11002e-63,5.53201e-62,4.51274e-62,1.47782e-58,3.47216e-57,6.28641e-60,1.60916e-58,1.31342e-58
0.00000e+00,0.00000e+00,0.00000e+00,0.00000e+00,0.00000e+00,0.00000e+00,0.00000e+00,0.00000e+00,0.00000e+00,0.00000e+00,4.51274e-62,1.08646e-60,1.87440e-63,5.07947e-62,3.84357e-62,1.31342e-58,3.08638e-57,5.58626e-60,1.47782e-58,1.11934e-58
0.00000e+00,0.00000e+00,0.00000e+00,0.00000e+00,0.00000e+00,0.00000e+00,0.00000e+00,0.00000e+00,0.00000e+00,0.00000e+00,3.84357e-62,9.25475e-61,1.59628e-63,4.51274e-62,3.08630e-62,1.11934e-58,2.63076e-57,4.76009e-60,1.31342e-58,8.99727e-59
0.00000e+00,0.00000e+00,0.00000e+00,0.00000e+00,0.00000e+00,0.00000e+00,0.00000e+00,0.00000e+00,0.00000e+00,0.00000e+00,3.08630e-62,7.43224e-61,1.28165e-63,3.84357e-62,2.25761e-62,8.99727e-59,2.11495e-57,3.82561e-60,1.11934e-58,6.59411e-59
0.00000e+00,0.00000e+00,0.00000e+00,0.00000e+00,0.00000e+00,0.00000e+00,0.00000e+00,0.00000e+00,0.00000e+00,0.00000e+00,2.25761e-62,5.43717e-61,9.37441e-64,3.08630e-62,1.37622e-62,6.59411e-59,1.55029e-57,2.80340e-60,8.99727e-59,4.03818e-59
0.00000e+00,0.00000e+00,0.00000e+00,0.00000e+00,0.00000e+00,0.00000e+00,0.00000e+00,0.00000e+00,0.00000e+00,0.00000e+00,1.37622e-62,3.31466e-61,5.71423e-64,2.25761e-62,4.62399e-63,4.03818e-59,9.49543e-58,1.71652e-60,6.59411e-59,1.39113e-59
0.00000e+00,0.00000e+00,0.00000e+00,0.00000e+00,0.00000e+00,0.00000e+00,0.00000e+00,0.00000e+00,0.00000e+00,0.00000e+00,5.68355e-64,1.36956e-62,2.35856e-65,1.90854e-64,9.33008e-64,1.71549e-60,4.03595e-59,7.28830e-62,5.90667e-61,2.80184e-60
0.00000e+00,0.00000e+00,0.00000e+00,0.00000e+00,0.00000e+00,0.00000e+00,0.00000e+00,0.00000e+00,0.00000e+00,0.00000e+00,9.33008e-64,2.24799e-62,3.87225e-65,5.68355e-64,1.27641e-63,2.80184e-60,6.59074e-59,1.19054e-61,1.71549e-60,3.82369e-60
0.00000e+00,0.00000e+00,0.00000e+00,0.00000e+00,0.00000e+00,0.00000e+00,0.00000e+00,0.00000e+00,0.00000e+00,0.00000e+00,1.27641e-63,3.07493e-62,5.29824e-65,9.33008e-64,1.59076e-63,3.82369e-60,8.99312e-59,1.62496e-61,2.80184e-60,4.75799e-60
0.00000e+00,0.00000e+00,0.00000e+00,0.00000e+00,0.00000e+00,0.00000e+00,0.00000e+00,0.00000e+00,0.00000e+00,0.00000e+00,1.59076e-63,3.83159e-62,6.60411e-65,1.27641e-63,1.86906e-63,4.75799e-60,1.11889e-58,2.02228e-61,3.82369e-60,5.58417e-60
0.00000e+00,0.00000e+00,0.00000e+00,0.00000e+00,0.00000e+00,0.00000e+00,0.00000e+00,0.00000e+00,0.00000e+00,0.00000e+00,1.86906e-63,4.50115e-62,7.76074e-65,1.59076e-63,2.10527e-63,5.58417e-60,1.31297e-58,2.37376e-61,4.75799e-60,6.28451e-60
0.00000e+00,0.00000e+00,0.00000e+00,0.00000e+00,0.00000e+00,0.00000e+00,0.00000e+00,0.00000e+00,0.00000e+00,0.00000e+00,2.10527e-63,5.06914e-62,8.74285e-65,1.86906e-63,2.29436e-63,6.28451e-60,1.47741e-58,2.67182e-61,5.58417e-60,6.84440e-60
0.00000e+00,0.00000e+00,0.00000e+00,0.00000e+00,0.00000e+00,0.00000e+00,0.00000e+00,0.00000e+00,0.00000e+00,0.00000e+00,2.29436e-63,5.52364e-62,9.52948e-65,2.10527e-63,2.43244e-63,6.84440e-60,1.60882e-58,2.91020e-61,6.28451e-60,7.25248e-60
0.00000e+00,0.00000e+00,0.00000e+00,0.00000e+00,0.00000e+00,0.00000e+00,0.00000e+00,0.00000e+00,0.00000e+00,0.00000e+00,2.43244e-63,5.85535e-62,1.01042e-64,2.29436e-63,2.51671e-63,7.25248e-60,1.70457e-58,3.08400e-61,6.84440e-60,7.50067e-60
0.00000e+00,0.00000e+00,0.00000e+00,0.00000e+00,0.00000e+00,0.00000e+00,0.00000e+00,0.00000e+00,0.00000e+00,0.00000e+00,2.51671e-63,6.05766e-62,1.04551e-64,2.43244e-63,2.54546e-63,7.50067e-60,1.76279e-58,3.18973e-61,7.25248e-60,7.58413e-60
0.00000e+00,0.00000e+00,0.00000e+00,0.00000e+00,0.00000e+00,0.00000e+00,0.00000e+00,0.00000e+00,0.00000e+00,0.00000e+00,2.54546e-63,6.12657e-62,1.05750e-64,2.51671e-63,2.51810e-63,7.58413e-60,1.78236e-58,3.22530e-61,7.50067e-60,7.50125e-60
0.00000e+00,0.00000e+00,0.00000e+00,0.00000e+00,0.00000e+00,0.00000e+00,0.00000e+00,0.00000e+00,0.00000e+00,0.00000e+00,2.51810e-63,6.06069e-62,1.04615e-64,2.54546e-63,2.43515e-63,7.50125e-60,1.76291e-58,3.19000e-61,7.58413e-60,7.25359e-60
0.00000e+00,0.00000e+00,0.00000e+00,0.00000e+00,0.00000e+00,0.00000e+00,0.00000e+00,0.00000e+00,0.00000e+00,0.00000e+00,2.43515e-63,5.86124e-62,1.01167e-64,2.51810e-63,2.29822e-63,7.25359e-60,1.70481e-58,3.08451e-61,7.50125e-60,6.84596e-60
0.00000e+00,0.00000e+00,0.00000e+00,0.00000e+00,0.00000e+00,0.00000e+00,0.00000e+00,0.00000e+00,0.00000e+00,0.00000e+00,2.29822e-63,5.53201e-62,9.54729e-65,2.43515e-63,2.11002e-63,6.84596e-60,1.60916e-58,2.91092e-61,7.25359e-60,6.28641e-60
0.00000e+00,0.00000e+00,0.00000e+00,0.00000e+00,0.00000e+00,0.00000e+00,0.00000e+00,0.00000e+00,0.00000e+00,0.00000e+00,2.11002e-63,5.07947e-62,8.76482e-65,2.29822e-63,1.87440e-63,6.28641e-60,1.47782e-58,2.67270e-61,6.84596e-60,5.58626e-60
0.00000e+00,0.00000e+00,0.00000e+00,0.00000e+00,0.00000e+00,0.00000e+00,0.00000e+00,0.00000e+00,0.00000e+00,0.00000e+00,1.87440e-63,4.51274e-62,7.78537e-65,2.11002e-63,1.59628e-63,5.58626e-60,1.31342e-58,2.37473e-61,6.28641e-60,4.76009e-60
0.00000e+00,0.00000e+00,0.00000e+00,0.00000e+00,0.00000e+00,0.00000e+00,0.00000e+00,0.00000e+00,0.00000e+00,0.00000e+00,1.59628e-63,3.84357e-62,6.62958e-65,1.87440e-63,1.28165e-63,4.76009e-60,1.11934e-58,2.02325e-61,5.58626e-60,3.82561e-60
0.00000e+00,0.00000e+00,0.00000e+00,0.00000e+00,0.00000e+00,0.00000e+00,0.00000e+00,0.00000e+00,0.00000e+00,0.00000e+00,1.28165e-63,3.08630e-62,5.32240e-65,1.59628e-63,9.37441e-64,3.82561e-60,8.99727e-59,1.62584e-61,4.76009e-60,2.80340e-60
0.00000e+00,0.00000e+00,0.00000e+00,0.00000e+00,0.00000e+00,0.00000e+00,0.00000e+00,0.00000e+00,0.00000e+00,0.00000e+00,9.37441e-64,2.25761e-62,3.89271e-65,1.28165e-63,5.71423e-64,2.80340e-60,6.59411e-59,1.19126e-61,3.82561e-60,1.71652e-60
0.00000e+00,0.00000e+00,0.00000e+00,0.00000e+00,0.00000e+00,0.00000e+00,0.00000e+00,0.00000e+00,0.00000e+00,0.00000e+00,5.71423e-64,1.37622e-62,2.37271e-65,9.37441e-64,1.91988e-64,1.71652e-60,4.03818e-59,7.29306e-62,2.80340e-60,5.91056e-61
0.00000e+00,0.00000e+00,0.00000e+00,0.00000e+00,0.00000e+00,0.00000e+00,0.00000e+00,0.00000e+00,0.00000e+00,0.00000e+00,2.35856e-65,5.68355e-64,9.78711e-67,7.91939e-66,3.87225e-65,7.28830e-62,1.71549e-60,3.09505e-63,2.50833e-62,1.19054e-61
0.00000e+00,0.00000e+00,0.00000e+00,0.00000e+00,0.00000e+00,0.00000e+00,0.00000e+00,0.00000e+00,0.00000e+00,0.00000e+00,3.87225e-65,9.33008e-64,1.60702e-66,2.35856e-65,5.29824e-65,1.19054e-61,2.80184e-60,5.05646e-63,7.28830e-62,1.62496e-61
0.00000e+00,0.00000e+00,0.00000e+00,0.00000e+00,0.00000e+00,0.00000e+00,0.00000e+00,0.00000e+00,0.00000e+00,0.00000e+00,5.29824e-65,1.27641e-63,2.19913e-66,3.87225e-65,6.60411e-65,1.62496e-61,3.82369e-60,6.90231e-63,1.19054e-61,2.02228e-61
0.00000e+00,0.00000e+00,0.00000e+00,0.00000e+00,0.00000e+00,0.00000e+00,0.00000e+00,0.00000e+00,0.00000e+00,0.00000e+00,6.60411e-65,1.59076e-63,2.74157e-66,5.29824e-65,7.76074e-65,2.02228e-61,4.75799e-60,8.59110e-63,1.62496e-61,2.37376e-61
0.00000e+00,0.00000e+00,0.00000e+00,0.00000e+00,0.00000e+00,0.00000e+00,0.00000e+00,0.00000e+00,0.00000e+00,0.00000e+00,7.76074e-65,1.86906e-63,3.22221e-66,6.60411e-65,8.74285e-65,2.37376e-61,5.58417e-60,1.00855e-62,2.02228e-61,2.67182e-61
0.00000e+00,0.00000e+00,0.00000e+00,0.00000e+00,0.00000e+00,0.00000e+00,0.00000e+00,0.00000e+00,0.00000e+00,0.00000e+00,8.74285e-65,2.10527e-63,3.63052e-66,7.76074e-65,9.52948e-65,2.67182e-61,6.28451e-60,1.13533e-62,2.37376e-61,2.91020e-61
0.00000e+00,0.00000e+00,0.00000e+00,0.00000e+00,0.00000e+00,0.00000e+00,0.00000e+00,0.00000e+00,0.00000e+00,0.00000e+00,9.52948e-65,2.29436e-63,3.95771e-66,8.74285e-65,1.01042e-64,2.91020e-61,6.84440e-60,1.23675e-62,2.67182e-61,3.08400e-61
0.00000e+00,0.00000e+00,0.00000e+00,0.00000e+00,0.00000e+00,0.00000e+00,0.00000e+00,0.00000e+00,0.00000e+00,0.00000e+00,1.01042e-64,2.43244e-63,4.19685e-66,9.52948e-65,1.04551e-64,3.08400e-61,7.25248e-60,1.31072e-62,2.91020e-61,3.18973e-61
0.00000e+00,0.00000e+00,0.00000e+00,0.00000e+00,0.00000e+00,0.00000e+00,0.00000e+00,0.00000e+00,0.00000e+00,0.00000e+00,1.04551e-64,2.51671e-63,4.34297e-66,1.01042e-64,1.05750e-64,3.18973e-61,7.50067e-60,1.35573e-62,3.08400e-61,3.22530e-61
0.00000e+00,0.00000e+00,0.00000e+00,0.00000e+00,0.00000e+00,0.00000e+00,0.00000e+00,0.00000e+00,0.00000e+00,0.00000e+00,1.05750e-64,2.54546e-63,4.39303e-66,1.04551e-64,1.04615e-64,3.22530e-61,7.58413e-60,1.37088e-62,3.18973e-61,3.19000e-61
0.00000e+00,0.00000e+00,0.00000e+00,0.00000e+00,0.00000e+00,0.00000e+00,0.00000e+00,0.00000e+00,0.00000e+00,0.00000e+00,1.04615e-64,2.51810e-63,4.34596e-66,1.05750e-64,1.01167e-64,3.19000e-61,7.50125e-60,1.35585e-62,3.22530e-61,3.08451e-61
0.00000e+00,0.00000e+00,0.00000e+00,0.00000e+00,0.00000e+00,0.00000e+00,0.00000e+00,0.00000e+00,0.00000e+00,0.00000e+00,1.01167e-64,2.43515e-63,4.20265e-66,1.04615e-64,9.54729e-65,3.08451e-61,7.25359e-60,1.31096e-62,3.19000e-61,2.91092e-61
0.00000e+00,0.00000e+00,0.00000e+00,0.00000e+00,0.00000e+00,0.00000e+00,0.00000e+00,0.00000e+00,0.00000e+00,0.00000e+00,9.54729e-65,2.29822e-63,3.96595e-66,1.01167e-64,8.76482e-65,2.91092e-61,6.84596e-60,1.23709e-62,3.08451e-61,2.67270e-61
0.00000e+00,0.00000e+00,0.00000e+00,0.00000e+00,0.00000e+00,0.00000e+00,0.00000e+00,0.00000e+00,0.00000e+00,0.00000e+00,8.76482e-65,2.11002e-63,3.64069e-66,9.54729e-65,7.78537e-65,2.67270e-61,6.28641e-60,1.13573e-62,2.91092e-61,2.37473e-61
0.00000e+00,0.00000e+00,0.00000e+00,0.00000e+00,0.00000e+00,0.00000e+00,0.00000e+00,0.00000e+00,0.00000e+00,0.00000e+00,7.78537e-65,1.87440e-63,3.23361e-66,8.76482e-65,6.62958e-65,2.37473e-61,5.58626e-60,1.00900e-62,2.67270e-61,2.02325e-61
0.00000e+00,0.00000e+00,0.00000e+00,0.00000e+00,0.00000e+00,0.00000e+00,0.00000e+00,0.00000e+00,0.00000e+00,0.00000e+00,6.62958e-65,1.59628e-63,2.75334e-66,7.78537e-65,5.32240e-65,2.02325e-61,4.76009e-60,8.59559e-63,2.37473e-61,1.62584e-61
0.00000e+00,0.00000e+00,0.00000e+00,0.00000e+00,0.00000e+00,0.00000e+00,0.00000e+00,0.00000e+00,0.00000e+00,0.00000e+00,5.32240e-65,1.28165e-63,2.21029e-66,6.62958e-65,3.89271e-65,1.62584e-61,3.82561e-60,6.90642e-63,2.02325e-61,1.19126e-61
0.00000e+00,0.00000e+00,0.00000e+00,0.00000e+00,0.00000e+00,0.00000e+00,0.00000e+00,0.00000e+00,0.00000e+00,0.00000e+00,3.89271e-65,9.37441e-64,1.61647e-66,5.32240e-65,2.37271e-65,1.19126e-61,2.80340e-60,5.05978e-63,1.62584e-61,7.29306e-62
0.00000e+00,0.00000e+00,0.00000e+00,0.00000e+00,0.00000e+00,0.00000e+00,0.00000e+00,0.00000e+00,0.00000e+00,0.00000e+00,2.37271e-65,5.71423e-64,9.85246e-67,3.89271e-65,7.97174e-66,7.29306e-62,1.71652e-60,3.09725e-63,1.19126e-61,2.51013e-62
0.00000e+00,0.00000e+00,0.00000e+00,0.00000e+00,0.00000e+00,0.00000e+00,0.00000e+00,0.00000e+00,0.00000e+00,0.00000e+00,9.78711e-67,2.35856e-65,4.06104e-68,3.28597e-67,1.60702e-66,3.09505e-63,7.28830e-62,1.31377e-64,1.06472e-63,5.05646e-63
0.00000e+00,0.00000e+00,0.00000e+00,0.00000e+00,0.00000e+00,0.00000e+00,0.00000e+00,0.00000e+00,0.00000e+00,0.00000e+00,1.60702e-66,3.87225e-65,6.66891e-68,9.78711e-67,2.19913e-66,5.05646e-63,1.19054e-61,2.14661e-64,3.09505e-63,6.90231e-63
0.00000e+00,0.00000e+00,0.00000e+00,0.00000e+00,0.00000e+00,0.00000e+00,0.00000e+00,0.00000e+00,0.00000e+00,0.00000e+00,2.19913e-66,5.29824e-65,9.12728e-68,1.60702e-66,2.74157e-66,6.90231e-63,1.62496e-61,2.93055e-64,5.05646e-63,8.59110e-63
0.00000e+00,0.00000e+00,0.00000e+00,0.00000e+00,0.00000e+00,0.00000e+00,0.00000e+00,0.00000e+00,0.00000e+00,0.00000e+00,2.74157e-66,6.60411e-65,1.13803e-67,2.19913e-66,3.22221e-66,8.59110e-63,2.02228e-61,3.64798e-64,6.90231e-63,1.00855e-62
0.00000e+00,0.00000e+00,0.00000e+00,0.00000e+00,0.00000e+00,0.00000e+00,0.00000e+00,0.00000e+00,0.00000e+00,0.00000e+00,3.22221e-66,7.76074e-65,1.33775e-67,2.74157e-66,3.63052e-66,1.00855e-62,2.37376e-61,4.28303e-64,8.59110e-63,1.13533e-62
0.00000e+00,0.00000e+00,0.00000e+00,0.00000e+00,0.00000e+00,0.00000e+00,0.00000e+00,0.00000e+00,0.00000e+00,0.00000e+00,3.63052e-66,8.74285e-65,1.50748e-67,3.22221e-66,3.95771e-66,1.13533e-62,2.67182e-61,4.82193e-64,1.00855e-62,1.23675e-62
0.00000e+00,0.00000e+00,0.00000e+00,0.00000e+00,0.00000e+00,0.00000e+00,0.00000e+00,0.00000e+00,0.00000e+00,0.00000e+00,3.95771e-66,9.52948e-65,1.64355e-67,3.63052e-66,4.19685e-66,1.23675e-62,2.91020e-61,5.25318e-64,1.13533e-62,1.31072e-62
0.00000e+00,0.00000e+00,0.00000e+00,0.00000e+00,0.00000e+00,0.00000e+00,0.00000e+00,0.00000e+00,0.00000e+00,0.00000e+00,4.19685e-66,1.01042e-64,1.74305e-67,3.95771e-66,4.34297e-66,1.31072e-62,3.08400e-61,5.56779e-64,1.23675e-62,1.35573e-62
0.00000e+00,0.00000e+00,0.00000e+00,0.00000e+00,0.00000e+00,0.00000e+00,0.00000e+00,0.00000e+00,0.00000e+00,0.00000e+00,4.34297e-66,1.04551e-64,1.80389e-67,4.19685e-66,4.39303e-66,1.35573e-62,3.18973e-61,5.75927e-64,1.31072e-62,1.37088e-62
0.00000e+00,0.00000e+00,0.00000e+00,0.00000e+00,0.00000e+00,0.00000e+00,0.00000e+00,0.00000e+00,0.00000e+00,0.00000e+00,4.39303e-66,1.05750e-64,1.82478e-67,4.34297e-66,4.34596e-66,1.37088e-62,3.22530e-61,5.82373e-64,1.35573e-62,1.35585e-62
0.00000e+00,0.00000e+00,0.00000e+00,0.00000e+00,0.00000e+00,0.00000e+00,0.00000e+00,0.00000e+00,0.00000e+00,0.00000e+00,4.34596e-66,1.04615e-64,1.80527e-67,4.39303e-66,4.20265e-66,1.35585e-62,3.19000e-61,5.75984e-64,1.37088e-62,1.31096e-62
0.00000e+00,0.00000e+00,0.00000e+00,0.00000e+00,0.00000e+00,0.00000e+00,0.00000e+00,0.00000e+00,0.00000e+00,0.00000e+00,4.20265e-66,1.01167e-64,1.74574e-67,4.34596e-66,3.96595e-66,1.31096e-62,3.08451e-61,5.56889e-64,1.35585e-62,1.23709e-62
0.00000e+00,0.00000e+00,0.00000e+00,0.00000e+00,0.00000e+00,0.00000e+00,0.00000e+00,0.00000e+00,0.00000e+00,0.00000e+00,3.96595e-66,9.54729e-65,1.64737e-67,4.20265e-66,3.64069e-66,1.23709e-62,2.91092e-61,5.25473e-64,1.31096e-62,1.13573e-62
0.00000e+00,0.00000e+00,0.00000e+00,0.00000e+00,0.00000e+00,0.00000e+00,0.00000e+00,0.00000e+00,0.00000e+00,0.00000e+00,3.64069e-66,8.76482e-65,1.51219e-67,3.96595e-66,3.23361e-66,1.13573e-62,2.67270e-61,4.82380e-64,1.23709e-62,1.00900e-62
0.00000e+00,0.00000e+00,0.00000e+00,0.00000e+00,0.00000e+00,0.00000e+00,0.00000e+00,0.00000e+00,0.00000e+00,0.00000e+00,3.23361e-66,7.78537e-65,1.34302e-67,3.64069e-66,2.75334e-66,1.00900e-62,2.37473e-61,4.28509e-64,1.13573e-62,8.59559e-63
0.00000e+00,0.00000e+00,0.00000e+00,0.00000e+00,0.00000e+00,0.00000e+00,0.00000e+00,0.00000e+00,0.00000e+00,0.00000e+00,2.75334e-66,6.62958e-65,1.14348e-67,3.23361e-66,2.21029e-66,8.59559e-63,2.02325e-61,3.65005e-64,1.00900e-62,6.90642e-63
0.00000e+00,0.00000e+00,0.00000e+00,0.00000e+00,0.00000e+00,0.00000e+00,0.00000e+00,0.00000e+00,0.00000e+00,0.00000e+00,2.21029e-66,5.32240e-65,9.17894e-68,2.75334e-66,1.61647e-66,6.90642e-63,1.62584e-61,2.93244e-64,8.59559e-63,5.05978e-63
0.00000e+00,0.00000e+00,0.00000e+00,0.00000e+00,0.00000e+00,0.00000e+00,0.00000e+00,0.00000e+00,0.00000e+00,0.00000e+00,1.61647e-66,3.89271e-65,6.71260e-68,2.21029e-66,9.85246e-67,5.05978e-63,1.19126e-61,2.14814e-64,6.90642e-63,3.09725e-63
0.00000e+00,0.00000e+00,0.00000e+00,0.00000e+00,0.00000e+00,0.00000e+00,0.00000e+00,0.00000e+00,0.00000e+00,0.00000e+00,9.85246e-67,2.37271e-65,4.09123e-68,1.61647e-66,3.31014e-67,3.09725e-63,7.29306e-62,1.31478e-64,5.05978e-63,1.06555e-63
0.00000e+00,0.00000e+00,0.00000e+00,0.00000e+00,0.00000e+00,0.00000e+00,0.00000e+00,0.00000e+00,0.00000e+00,0.00000e+00,4.06104e-68,9.78711e-67,1.68477e-69,1.36336e-68,6.66891e-68,1.31377e-64,3.09505e-63,5.57343e-66,4.51756e-65,2.14661e-64
0.00000e+00,0.00000e+00,0.00000e+00,0.00000e+00,0.00000e+00,0.00000e+00,0.00000e+00,0.00000e+00,0.00000e+00,0.00000e+00,6.66891e-68,1.60702e-66,2.76708e-69,4.06104e-68,9.12728e-68,2.14661e-64,5.05646e-63,9.10799e-66,1.31377e-64,2.93055e-64
0.00000e+00,0.00000e+00,0.00000e+00,0.00000e+00,0.00000e+00,0.00000e+00,0.00000e+00,0.00000e+00,0.00000e+00,0.00000e+00,9.12728e-68,2.19913e-66,3.78764e-69,6.66891e-68,1.13803e-67,2.93055e-64,6.90231e-63,1.24356e-65,2.14661e-64,3.64798e-64
0.00000e+00,0.00000e+00,0.00000e+00,0.00000e+00,0.00000e+00,0.00000e+00,0.00000e+00,0.00000e+00,0.00000e+00,0.00000e+00,1.13803e-67,2.74157e-66,4.72327e-69,9.12728e-68,1.33775e-67,3.64798e-64,8.59110e-63,1.54815e-65,2.93055e-64,4.28303e-64
0.00000e+00,0.00000e+00,0.00000e+00,0.00000e+00,0.00000e+00,0.00000e+00,0.00000e+00,0.00000e+00,0.00000e+00,0.00000e+00,1.33775e-67,3.22221e-66,5.55297e-69,1.13803e-67,1.50748e-67,4.28303e-64,1.00855e-62,1.81785e-65,3.64798e-64,4.82193e-64
0.00000e+00,0.00000e+00,0.00000e+00,0.00000e+00,0.00000e+00,0.00000e+00,0.00000e+00,0.00000e+00,0.00000e+00,0.00000e+00,1.50748e-67,3.63052e-66,6.25840e-69,1.33775e-67,1.64355e-67,4.82193e-64,1.13533e-62,2.04677e-65,4.28303e-64,5.25318e-64
0.00000e+00,0.00000e+00,0.00000e+00,0.00000e+00,0.00000e+00,0.00000e+00,0.00000e+00,0.00000e+00,0.00000e+00,0.00000e+00,1.64355e-67,3.95771e-66,6.82417e-69,1.50748e-67,1.74305e-67,5.25318e-64,1.23675e-62,2.23002e-65,4.82193e-64,5.56779e-64
0.00000e+00,0.00000e+00,0.00000e+00,0.00000e+00,0.00000e+00,0.00000e+00,0.00000e+00,0.00000e+00,0.00000e+00,0.00000e+00,1.74305e-67,4.19685e-66,7.23810e-69,1.64355e-67,1.80389e-67,5.56779e-64,1.31072e-62,2.36373e-65,5.25318e-64,5.75927e-64
0.00000e+00,0.00000e+00,0.00000e+00,0.00000e+00,0.00000e+00,0.00000e+00,0.00000e+00,0.00000e+00,0.00000e+00,0.00000e+00,1.80389e-67,4.34297e-66,7.49137e-69,1.74305e-67,1.82478e-67,5.75927e-64,1.35573e-62,2.44513e-65,5.56779e-64,5.82373e-64
0.00000e+00,0.00000e+00,0.00000e+00,0.00000e+00,0.00000e+00,0.00000e+00,0.00000e+00,0.00000e+00,0.00000e+00,0.00000e+00,1.82478e-67,4.39303e-66,7.57858e-69,1.80389e-67,1.80527e-67,5.82373e-64,1.37088e-62,2.47254e-65,5.75927e-64,5.75984e-64
0.00000e+00,0.00000e+00,0.00000e+00,0.00000e+00,0.00000e+00,0.00000e+00,0.00000e+00,0.00000e+00,0.00000e+00,0.00000e+00,1.80527e-67,4.34596e-66,7.49780e-69,1.82478e-67,1.74574e-67,5.75984e-64,1.35585e-62,2.44540e-65,5.82373e-64,5.56889e-64
0.00000e+00,0.00000e+00,0.00000e+00,0.00000e+00,0.00000e+00,0.00000e+00,0.00000e+00,0.00000e+00,0.00000e+00,0.00000e+00,1.74574e-67,4.20265e-66,7.25057e-69,1.80527e-67,1.64737e-67,5.56889e-64,1.31096e-62,2.36424e-65,5.75984e-64,5.25473e-64
0.00000e+00,0.00000e+00,0.00000e+00,0.00000e+00,0.00000e+00,0.00000e+00,0.00000e+00,0.00000e+00,0.00000e+00,0.00000e+00,1.64737e-67,3.96595e-66,6.84190e-69,1.74574e-67,1.51219e-67,5.25473e-64,1.23709e-62,2.23073e-65,5.56889e-64,4.82380e-64
0.00000e+00,0.00000e+00,0.00000e+00,0.00000e+00,0.00000e+00,0.00000e+00,0.00000e+00,0.00000e+00,0.00000e+00,0.00000e+00,1.51219e-67,3.64069e-66,6.28025e-69,1.64737e-67,1.34302e-67,4.82380e-64,1.13573e-62,2.04764e-65,5.25473e-64,4.28509e-64
0.00000e+00,0.00000e+00,0.00000e+00,0.00000e+00,0.00000e+00,0.00000e+00,0.00000e+00,0.00000e+00,0.00000e+00,0.00000e+00,1.34302e-67,3.23361e-66,5.57743e-69,1.51219e-67,1.14348e-67,4.28509e-64,1.00900e-62,1.81880e-65,4.82380e-64,3.65005e-64
0.00000e+00,0.00000e+00,0.00000e+00,0.00000e+00,0.00000e+00,0.00000e+00,0.00000e+00,0.00000e+00,0.00000e+00,0.00000e+00,1.14348e-67,2.75334e-66,4.74851e-69,1.34302e-67,9.17894e-68,3.65005e-64,8.59559e-63,1.54911e-65,4.28509e-64,2.93244e-64
0.00000e+00,0.00000e+00,0.00000e+00,0.00000e+00,0.00000e+00,0.00000e+00,0.00000e+00,0.00000e+00,0.00000e+00,0.00000e+00,9.17894e-68,2.21029e-66,3.81154e-69,1.14348e-67,6.71260e-68,2.93244e-64,6.90642e-63,1.24443e-65,3.65005e-64,2.14814e-64
0.00000e+00,0.00000e+00,0.00000e+00,0.00000e+00,0.00000e+00,0.00000e+00,0.00000e+00,0.00000e+00,0.00000e+00,0.00000e+00,6.71260e-68,1.61647e-66,2.78727e-69,9.17894e-68,4.09123e-68,2.14814e-64,5.05978e-63,9.11509e-66,2.93244e-64,1.31478e-64
0.00000e+00,0.00000e+00,0.00000e+00,0.00000e+00,0.00000e+00,0.00000e+00,0.00000e+00,0.00000e+00,0.00000e+00,0.00000e+00,4.09123e-68,9.85246e-67,1.69871e-69,6.71260e-68,1.37452e-68,1.31478e-64,3.09725e-63,5.57812e-66,2.14814e-64,4.52138e-65
0.00000e+00,0.00000e+00,0.00000e+00,0.00000e+00,0.00000e+00,0.00000e+00,0.00000e+00,0.00000e+00,0.00000e+00,0.00000e+00,1.68477e-69,4.06104e-68,1.33884e-70,5.65386e-70,2.76708e-69,5.57343e-66,1.31377e-64,4.50115e-67,1.91515e-66,9.10799e-66
0.00000e+00,0.00000e+00,0.00000e+00,0.00000e+00,0.00000e+00,0.00000e+00,0.00000e+00,0.00000e+00,0.00000e+00,0.00000e+00,2.76708e-69,6.66891e-68,2.20073e-70,1.68477e-69,3.78764e-69,9.10799e-66,2.14661e-64,7.37576e-67,5.57343e-66,1.24356e-65
0.00000e+00,0.00000e+00,0.00000e+00,0.00000e+00,0.00000e+00,0.00000e+00,0.00000e+00,0.00000e+00,0.00000e+00,0.00000e+00,3.78764e-69,9.12728e-68,3.01318e-70,2.76708e-69,4.72327e-69,1.24356e-65,2.93055e-64,1.00810e-66,9.10799e-66,1.54815e-65
0.00000e+00,0.00000e+00,0.00000e+00,0.00000e+00,0.00000e+00,0.00000e+00,0.00000e+00,0.00000e+00,0.00000e+00,0.00000e+00,4.72327e-69,1.13803e-67,3.75813e-70,3.78764e-69,5.55297e-69,1.54815e-65,3.64798e-64,1.25574e-66,1.24356e-65,1.81785e-65
0.00000e+00,0.00000e+00,0.00000e+00,0.00000e+00,0.00000e+00,0.00000e+00,0.00000e+00,0.00000e+00,0.00000e+00,0.00000e+00,5.55297e-69,1.33775e-67,4.41893e-70,4.72327e-69,6.25840e-69,1.81785e-65,4.28303e-64,1.47505e-66,1.54815e-65,2.04677e-65
0.00000e+00,0.00000e+00,0.00000e+00,0.00000e+00,0.00000e+00,0.00000e+00,0.00000e+00,0.00000e+00,0.00000e+00,0.00000e+00,6.25840e-69,1.50748e-67,4.98095e-70,5.55297e-69,6.82417e-69,2.04677e-65,4.82193e-64,1.66125e-66,1.81785e-65,2.23002e-65
0.00000e+00,0.00000e+00,0.00000e+00,0.00000e+00,0.00000e+00,0.00000e+00,0.00000e+00,0.00000e+00,0.00000e+00,0.00000e+00,6.82417e-69,1.64355e-67,5.43188e-70,6.25840e-69,7.23810e-69,2.23002e-65,5.25318e-64,1.81033e-66,2.04677e-65,2.36373e-65
0.00000e+00,0.00000e+00,0.00000e+00,0.00000e+00,0.00000e+00,0.00000e+00,0.00000e+00,0.00000e+00,0.00000e+00,0.00000e+00,7.23810e-69,1.74305e-67,5.76196e-70,6.82417e-69,7.49137e-69,2.36373e-65,5.56779e-64,1.91913e-66,2.23002e-65,2.44513e-65
0.00000e+00,0.00000e+00,0.00000e+00,0.00000e+00,0.00000e+00,0.00000e+00,0.00000e+00,0.00000e+00,0.00000e+00,0.00000e+00,7.49137e-69,1.80389e-67,5.96407e-70,7.23810e-69,7.57858e-69,2.44513e-65,5.75927e-64,1.98538e-66,2.36373e-65,2.47254e-65
0.00000e+00,0.00000e+00,0.00000e+00,0.00000e+00,0.00000e+00,0.00000e+00,0.00000e+00,0.00000e+00,0.00000e+00,0.00000e+00,7.57858e-69,1.82478e-67,6.03387e-70,7.49137e-69,7.49780e-69,2.47254e-65,5.82373e-64,2.00769e-66,2.44513e-65,2.44540e-65
0.00000e+00,0.00000e+00,0.00000e+00,0.00000e+00,0.00000e+00,0.00000e+00,0.00000e+00,0.00000e+00,0.00000e+00,0.00000e+00,7.49780e-69,1.80527e-67,5.96977e-70,7.57858e-69,7.25057e-69,2.44540e-65,5.75984e-64,1.98561e-66,2.47254e-65,2.36424e-65
0.00000e+00,0.00000e+00,0.00000e+00,0.00000e+00,0.00000e+00,0.00000e+00,0.00000e+00,0.00000e+00,0.00000e+00,0.00000e+00,7.25057e-69,1.74574e-67,5.77300e-70,7.49780e-69,6.84190e-69,2.36424e-65,5.56889e-64,1.91958e-66,2.44540e-65,2.23073e-65
0.00000e+00,0.00000e+00,0.00000e+00,0.00000e+00,0.00000e+00,0.00000e+00,0.00000e+00,0.00000e+00,0.00000e+00,0.00000e+00,6.84190e-69,1.64737e-67,5.44757e-70,7.25057e-69,6.28025e-69,2.23073e-65,5.25473e-64,1.81095e-66,2.36424e-65,2.04764e-65
0.00000e+00,0.00000e+00,0.00000e+00,0.00000e+00,0.00000e+00,0.00000e+00,0.00000e+00,0.00000e+00,0.00000e+00,0.00000e+00,6.28025e-69,1.51219e-67,5.00027e-70,6.84190e-69,5.57743e-69,2.04764e-65,4.82380e-64,1.66200e-66,2.23073e-65,1.81880e-65
0.00000e+00,0.00000e+00,0.00000e+00,0.00000e+00,0.00000e+00,0.00000e+00,0.00000e+00,0.00000e+00,0.00000e+00,0.00000e+00,5.57743e-69,1.34302e-67,4.44054e-70,6.28025e-69,4.74851e-69,1.81880e-65,4.28509e-64,1.47588e-66,2.04764e-65,1.54911e-65
0.00000e+00,0.00000e+00,0.00000e+00,0.00000e+00,0.00000e+00,0.00000e+00,0.00000e+00,0.00000e+00,0.00000e+00,0.00000e+00,4.74851e-69,1.14348e-67,3.78042e-70,5.57743e-69,3.81154e-69,1.54911e-65,3.65005e-64,1.25658e-66,1.81880e-65,1.24443e-65
0.00000e+00,0.00000e+00,0.00000e+00,0.00000e+00,0.00000e+00,0.00000e+00,0.00000e+00,0.00000e+00,0.00000e+00,0.00000e+00,3.81154e-69,9.17894e-68,3.03427e-70,4.74851e-69,2.78727e-69,1.24443e-65,2.93244e-64,1.00887e-66,1.54911e-65,9.11509e-66
0.00000e+00,0.00000e+00,0.00000e+00,0.00000e+00,0.00000e+00,0.00000e+00,0.00000e+00,0.00000e+00,0.00000e+00,0.00000e+00,2.78727e-69,6.71260e-68,2.21853e-70,3.81154e-69,1.69871e-69,9.11509e-66,2.14814e-64,7.38195e-67,1.24443e-65,5.57812e-66
0.00000e+00,0.00000e+00,0.00000e+00,0.00000e+00,0.00000e+00,0.00000e+00,0.00000e+00,0.00000e+00,0.00000e+00,0.00000e+00,1.69871e-69,4.09123e-68,1.35111e-70,2.78727e-69,5.70533e-70,5.57812e-66,1.31478e-64,4.50523e-67,9.11509e-66,1.91692e-66
0.00000e+00,0.00000e+00,0.00000e+00,0.00000e+00,0.00000e+00,1.03844e-02,2.00569e-02,3.68685e-04,7.02367e-03,1.15629e-02,1.88656e-02,3.18286e-02,5.40466e-03,4.96505e-02,2.69619e-02,3.10875e-01,8.11650e-01,2.55220e-02,-1.33105e-01,1.21163e-01
0.00000e+00,0.00000e+00,0.00000e+00,0.00000e+00,0.00000e+00,1.15629e-02,2.22460e-02,4.56882e-04,1.03844e-02,1.19756e-02,2.69619e-02,4.51873e-02,6.42864e-03,1.88656e-02,3.28191e-02,1.21163e-01,2.83270e-01,2.09920e-02,3.10875e-01,5.79807e-02
0.00000e+00,0.00000e+00,0.00000e+00,0.00000e+00,0.00000e+00,1.19756e-02,2.29997e-02,4.94853e-04,1.15629e-02,1.21200e-02,3.28191e-02,5.52426e-02,7.10110e-03,2.69619e-02,3.58916e-02,5.79807e-02,1.07157e-01,2.13152e-02,1.21163e-01,5.45175e-02
0.00000e+00,0.00000e+00,0.00000e+00,0.00000e+00,0.00000e+00,1.21200e-02,2.32594e-02,5.10474e-04,1.19756e-02,1.21705e-02,3.58916e-02,6.04168e-02,7.48105e-03,3.28191e-02,3.73125e-02,5.45175e-02,8.53046e-02,2.34729e-02,5.79807e-02,6.31260e-02
0.00000e+00,0.00000e+00,0.00000e+00,0.00000e+00,0.00000e+00,1.21705e-02,2.33490e-02,5.16707e-04,1.21200e-02,1.21882e-02,3.73125e-02,6.27381e-02,7.67520e-03,3.58916e-02,3.79262e-02,6.31260e-02,9.56922e-02,2.54859e-02,5.45175e-02,7.04111e-02
0.00000e+00,0.00000e+00,0.00000e+00,0.00000e+00,0.00000e+00,1.21882e-02,2.33799e-02,5.19140e-04,1.21705e-02,1.21944e-02,3.79262e-02,6.37082e-02,7.76776e-03,3.73125e-02,3.81800e-02,7.04111e-02,1.06296e-01,2.68424e-02,6.31260e-02,7.46578e-02
0.00000e+00,0.00000e+00,0.00000e+00,0.00000e+00,0.00000e+00,1.21944e-02,2.33906e-02,5.20073e-04,1.21882e-02,1.21966e-02,3.81800e-02,6.40963e-02,7.80967e-03,3.79262e-02,3.82813e-02,7.46578e-02,1.12516e-01,2.76196e-02,7.04111e-02,7.67661e-02
0.00000e+00,0.00000e+00,0.00000e+00,0.00000e+00,0.00000e+00,1.21966e-02,2.33942e-02,5.20424e-04,1.21944e-02,1.21973e-02,3.82813e-02,6.42463e-02,7.82781e-03,3.81800e-02,3.83192e-02,7.67661e-02,1.15536e-01,2.80180e-02,7.46578e-02,7.76779e-02
0.00000e+00,0.00000e+00,0.00000e+00,0.00000e+00,0.00000e+00,1.21973e-02,2.33955e-02,5.20550e-04,1.21966e-02,1.21975e-02,3.83192e-02,6.43009e-02,7.83506e-03,3.82813e-02,3.83288e-02,7.76779e-02,1.16809e-01,2.81976e-02,7.67661e-02,7.79274e-02
0.00000e+00,0.00000e+00,0.00000e+00,0.00000e+00,0.00000e+00,1.21975e-02,2.33958e-02,5.20581e-04,1.21973e-02,1.21973e-02,3.83288e-02,6.43145e-02,7.83698e-03,3.83192e-02,3.83192e-02,7.79274e-02,1.17151e-01,2.82481e-02,7.76779e-02,7.76780e-02
0.00000e+00,0.00000e+00,0.00000e+00,0.00000e+00,0.00000e+00,1.21973e-02,2.33955e-02,5.20550e-04,1.21975e-02,1.21966e-02,3.83192e-02,6.43009e-02,7.83506e-03,3.83288e-02,3.82813e-02,7.76780e-02,1.16809e-01,2.81976e-02,7.79274e-02,7.67664e-02
0.00000e+00,0.00000e+00,0.00000e+00,0.00000e+00,0.00000e+00,1.21966e-02,2.33942e-02,5.20424e-04,1.21973e-02,1.21944e-02,3.82813e-02,6.42463e-02,7.82781e-03,3.83192e-02,3.81800e-02,7.67664e-02,1.15537e-01,2.80180e-02,7.76780e-02,7.46589e-02
0.00000e+00,0.00000e+00,0.00000e+00,0.00000e+00,0.00000e+00,1.21944e-02,2.33906e-02,5.20073e-04,1.21966e-02,1.21882e-02,3.81800e-02,6.40963e-02,7.80967e-03,3.82813e-02,3.79262e-02,7.46589e-02,1.12519e-01,2.76197e-02,7.67664e-02,7.04148e-02
0.00000e+00,0.00000e+00,0.00000e+00,0.00000e+00,0.00000e+00,1.21882e-02,2.33799e-02,5.19140e-04,1.21944e-02,1.21705e-02,3.79262e-02,6.37082e-02,7.76776e-03,3.81800e-02,3.73125e-02,7.04148e-02,1.06308e-01,2.68429e-02,7.46589e-02,6.31393e-02
0.00000e+00,0.00000e+00,0.00000e+00,0.00000e+00,0.00000e+00,1.21705e-02,2.33490e-02,5.16707e-04,1.21882e-02,1.21200e-02,3.73125e-02,6.27381e-02,7.67520e-03,3.79262e-02,3.58916e-02,6.31393e-02,9.57374e-02,2.54872e-02,7.04148e-02,5.45645e-02
0.00000e+00,0.00000e+00,0.00000e+00,0.00000e+00,0.00000e+00,1.21200e-02,2.32594e-02,5.10474e-04,1.21705e-02,1.19756e-02,3.58916e-02,6.04168e-02,7.48105e-03,3.73125e-02,3.28191e-02,5.45645e-02,8.54839e-02,2.34770e-02,6.31393e-02,5.81462e-02
0.00000e+00,0.00000e+00,0.00000e+00,0.00000e+00,0.00000e+00,1.19756e-02,2.29997e-02,4.94853e-04,1.21200e-02,1.15629e-02,3.28191e-02,5.52426e-02,7.10110e-03,3.58916e-02,2.69619e-02,5.81462e-02,1.07869e-01,2.13275e-02,5.45645e-02,1.21737e-01
0.00000e+00,0.00000e+00,0.00000e+00,0.00000e+00,0.00000e+00,1.15629e-02,2.22460e-02,4.56882e-04,1.19756e-02,1.03844e-02,2.69619e-02,4.51873e-02,6.42864e-03,3.28191e-02,1.88656e-02,1.21737e-01,2.85905e-01,2.10282e-02,5.81462e-02,3.12754e-01
0.00000e+00,0.00000e+00,0.00000e+00,0.00000e+00,0.00000e+00,1.03844e-02,2.00569e-02,3.68685e-04,1.15629e-02,7.02367e-03,1.88656e-02,3.18286e-02,5.40466e-03,2.69619e-02,4.96505e-02,3.12754e-01,8.20614e-01,2.56173e-02,1.21737e-01,-1.29620e-01
0.00000e+00,0.00000e+00,0.00000e+00,0.00000e+00,0.00000e+00,3.68685e-04,1.03844e-02,1.31859e-05,1.78398e-04,4.56882e-04,5.40466e-03,1.88656e-02,1.24222e-03,5.30292e-03,6.42864e-03,2.55220e-02,3.10875e-01,5.07032e-03,3.22760e-02,2.09920e-02
0.00000e+00,0.00000e+00,0.00000e+00,0.00000e+00,0.00000e+00,4.56882e-04,1.15629e-02,1.76515e-05,3.68685e-04,4.94853e-04,6.42864e-03,2.69619e-02,1.53194e-03,5.40466e-03,7.10110e-03,2.09920e-02,1.21163e-01,6.11078e-03,2.55220e-02,2.13152e-02
0.00000e+00,0.00000e+00,0.00000e+00,0.00000e+00,0.00000e+00,4.94853e-04,1.19756e-02,1.99407e-05,4.56882e-04,5.10474e-04,7.10110e-03,3.28191e-02,1.67204e-03,6.42864e-03,7.48105e-03,2.13152e-02,5.79807e-02,7.88996e-03,2.09920e-02,2.34729e-02
0.00000e+00,0.00000e+00,0.00000e+00,0.00000e+00,0.00000e+00,5.10474e-04,1.21200e-02,2.10280e-05,4.94853e-04,5.16707e-04,7.48105e-03,3.58916e-02,1.73827e-03,7.10110e-03,7.67520e-03,2.34729e-02,5.45175e-02,9.16101e-03,2.13152e-02,2.54859e-02
0.00000e+00,0.00000e+00,0.00000e+00,0.00000e+00,0.00000e+00,5.16707e-04,1.21705e-02,2.15179e-05,5.10474e-04,5.19140e-04,7.67520e-03,3.73125e-02,1.76900e-03,7.48105e-03,7.76776e-03,2.54859e-02,6.31260e-02,9.89076e-03,2.34729e-02,2.68424e-02
0.00000e+00,0.00000e+00,0.00000e+00,0.00000e+00,0.00000e+00,5.19140e-04,1.21882e-02,2.17304e-05,5.16707e-04,5.20073e-04,7.76776e-03,3.79262e-02,1.78298e-03,7.67520e-03,7.80967e-03,2.68424e-02,7.04111e-02,1.02698e-02,2.54859e-02,2.76196e-02
0.00000e+00,0.00000e+00,0.00000e+00,0.00000e+00,0.00000e+00,5.20073e-04,1.21944e-02,2.18197e-05,5.19140e-04,5.20424e-04,7.80967e-03,3.81800e-02,1.78922e-03,7.76776e-03,7.82781e-03,2.76196e-02,7.46578e-02,1.04551e-02,2.68424e-02,2.80180e-02
0.00000e+00,0.00000e+00,0.00000e+00,0.00000e+00,0.00000e+00,5.20424e-04,1.21966e-02,2.18562e-05,5.20073e-04,5.20550e-04,7.82781e-03,3.82813e-02,1.79192e-03,7.80967e-03,7.83506e-03,2.80180e-02,7.67661e-02,1.05412e-02,2.76196e-02,2.81976e-02
0.00000e+00,0.00000e+00,0.00000e+00,0.00000e+00,0.00000e+00,5.20550e-04,1.21973e-02,2.18702e-05,5.20424e-04,5.20581e-04,7.83506e-03,3.83192e-02,1.79302e-03,7.82781e-03,7.83698e-03,2.81976e-02,7.76779e-02,1.05779e-02,2.80180e-02,2.82481e-02
0.00000e+00,0.00000e+00,0.00000e+00,0.00000e+00,0.00000e+00,5.20581e-04,1.21975e-02,2.18738e-05,5.20550e-04,5.20550e-04,7.83698e-03,3.83288e-02,1.79331e-03,7.83506e-03,7.83506e-03,2.82481e-02,7.79274e-02,1.05880e-02,2.81976e-02,2.81976e-02
0.00000e+00,0.00000e+00,0.00000e+00,0.00000e+00,0.00000e+00,5.20550e-04,1.21973e-02,2.18702e-05,5.20581e-04,5.20424e-04,7.83506e-03,3.83192e-02,1.79302e-03,7.83698e-03,7.82781e-03,2.81976e-02,7.76780e-02,1.05779e-02,2.82481e-02,2.80180e-02
0.00000e+00,0.00000e+00,0.00000e+00,0.00000e+00,0.00000e+00,5.20424e-04,1.21966e-02,2.18562e-05,5.20550e-04,5.20073e-04,7.82781e-03,3.82813e-02,1.79192e-03,7.83506e-03,7.80967e-03,2.80180e-02,7.67664e-02,1.05412e-02,2.81976e-02,2.76197e-02
0.00000e+00,0.00000e+00,0.00000e+00,0.00000e+00,0.00000e+00,5.20073e-04,1.21944e-02,2.18197e-05,5.20424e-04,5.19140e-04,7.80967e-03,3.81800e-02,1.78922e-03,7.82781e-03,7.76776e-03,2.76197e-02,7.46589e-02,1.04551e-02,2.80180e-02,2.68429e-02
0.00000e+00,0.00000e+00,0.00000e+00,0.00000e+00,0.00000e+00,5.19140e-04,1.21882e-02,2.17304e-05,5.20073e-04,5.16707e-04,7.76776e-03,3.79262e-02,1.78298e-03,7.80967e-03,7.67520e-03,2.68429e-02,7.04148e-02,1.02698e-02,2.76197e-02,2.54872e-02
0.00000e+00,0.00000e+00,0.00000e+00,0.00000e+00,0.00000e+00,5.16707e-04,1.21705e-02,2.15179e-05,5.19140e-04,5.10474e-04,7.67520e-03,3.73125e-02,1.76900e-03,7.76776e-03,7.48105e-03,2.54872e-02,6.31393e-02,9.89084e-03,2.68429e-02,2.34770e-02
0.00000e+00,0.00000e+00,0.00000e+00,0.00000e+00,0.00000e+00,5.10474e-04,1.21200e-02,2.10280e-05,5.16707e-04,4.94853e-04,7.48105e-03,3.58916e-02,1.73827e-03,7.67520e-03,7.10110e-03,2.34770e-02,5.45645e-02,9.16122e-03,2.54872e-02,2.13275e-02
0.00000e+00,0.00000e+00,0.00000e+00,0.00000e+00,0.00000e+00,4.94853e-04,1.19756e-02,1.99407e-05,5.10474e-04,4.56882e-04,7.10110e-03,3.28191e-02,1.67204e-03,7.48105e-03,6.42864e-03,2.13275e-02,5.81462e-02,7.89048e-03,2.34770e-02,2.10282e-02
0.00000e+00,0.00000e+00,0.00000e+00,0.00000e+00,0.00000e+00,4.56882e-04,1.15629e-02,1.76515e-05,4.94853e-04,3.68685e-04,6.42864e-03,2.69619e-02,1.53194e-03,7.10110e-03,5.40466e-03,2.10282e-02,1.21737e-01,6.11209e-03,2.13275e-02,2.56173e-02
0.00000e+00,0.00000e+00,0.00000e+00,0.00000e+00,0.00000e+00,3.68685e-04,1.03844e-02,1.31859e-05,4.56882e-04,1.78398e-04,5.40466e-03,1.88656e-02,1.24222e-03,6.42864e-03,5.30292e-03,2.56173e-02,3.12754e-01,5.07296e-03,2.10282e-02,3.25437e-02
0.00000e+00,0.00000e+00,0.00000e+00,0.00000e+00,0.00000e+00,1.31859e-05,3.68685e-04,4.84379e-07,5.39171e-06,1.76515e-05,1.24222e-03,5.40466e-03,8.27055e-05,6.90316e-04,1.53194e-03,5.07032e-03,2.55220e-02,1.28619e-03,1.16485e-02,6.11078e-03
0.00000e+00,0.00000e+00,0.00000e+00,0.00000e+00,0.00000e+00,1.76515e-05,4.56882e-04,6.85286e-07,1.31859e-05,1.99407e-05,1.53194e-03,6.42864e-03,1.10039e-04,1.24222e-03,1.67204e-03,6.11078e-03,2.09920e-02,1.53815e-03,5.07032e-03,7.88996e-03
0.00000e+00,0.00000e+00,0.00000e+00,0.00000e+00,0.00000e+00,1.99407e-05,4.94853e-04,8.02621e-07,1.76515e-05,2.10280e-05,1.67204e-03,7.10110e-03,1.24680e-04,1.53194e-03,1.73827e-03,7.88996e-03,2.13152e-02,1.78013e-03,6.11078e-03,9.16101e-03
0.00000e+00,0.00000e+00,0.00000e+00,0.00000e+00,0.00000e+00,2.10280e-05,5.10474e-04,8.65276e-07,1.99407e-05,2.15179e-05,1.73827e-03,7.48105e-03,1.32057e-04,1.67204e-03,1.76900e-03,9.16101e-03,2.34729e-02,1.94871e-03,7.88996e-03,9.89076e-03
0.00000e+00,0.00000e+00,0.00000e+00,0.00000e+00,0.00000e+00,2.15179e-05,5.16707e-04,8.96631e-07,2.10280e-05,2.17304e-05,1.76900e-03,7.67520e-03,1.35624e-04,1.73827e-03,1.78298e-03,9.89076e-03,2.54859e-02,2.04873e-03,9.16101e-03,1.02698e-02
0.00000e+00,0.00000e+00,0.00000e+00,0.00000e+00,0.00000e+00,2.17304e-05,5.19140e-04,9.11566e-07,2.15179e-05,2.18197e-05,1.78298e-03,7.76776e-03,1.37297e-04,1.76900e-03,1.78922e-03,1.02698e-02,2.68424e-02,2.10260e-03,9.89076e-03,1.04551e-02
0.00000e+00,0.00000e+00,0.00000e+00,0.00000e+00,0.00000e+00,2.18197e-05,5.20073e-04,9.18401e-07,2.17304e-05,2.18562e-05,1.78922e-03,7.80967e-03,1.38062e-04,1.78298e-03,1.79192e-03,1.04551e-02,2.76196e-02,2.12974e-03,1.02698e-02,1.05412e-02
0.00000e+00,0.00000e+00,0.00000e+00,0.00000e+00,0.00000e+00,2.18562e-05,5.20424e-04,9.21409e-07,2.18197e-05,2.18702e-05,1.79192e-03,7.82781e-03,1.38402e-04,1.78922e-03,1.79302e-03,1.05412e-02,2.80180e-02,2.14266e-03,1.04551e-02,1.05779e-02
0.00000e+00,0.00000e+00,0.00000e+00,0.00000e+00,0.00000e+00,2.18702e-05,5.20550e-04,9.22633e-07,2.18562e-05,2.18738e-05,1.79302e-03,7.83506e-03,1.38542e-04,1.79192e-03,1.79331e-03,1.05779e-02,2.81976e-02,2.14825e-03,1.05412e-02,1.05880e-02
0.00000e+00,0.00000e+00,0.00000e+00,0.00000e+00,0.00000e+00,2.18738e-05,5.20581e-04,9.22960e-07,2.18702e-05,2.18702e-05,1.79331e-03,7.83698e-03,1.38580e-04,1.79302e-03,1.79302e-03,1.05880e-02,2.82481e-02,2.14980e-03,1.05779e-02,1.05779e-02
0.00000e+00,0.00000e+00,0.00000e+00,0.00000e+00,0.00000e+00,2.18702e-05,5.20550e-04,9.22633e-07,2.18738e-05,2.18562e-05,1.79302e-03,7.83506e-03,1.38542e-04,1.79331e-03,1.79192e-03,1.05779e-02,2.81976e-02,2.14825e-03,1.05880e-02,1.05412e-02
0.00000e+00,0.00000e+00,0.00000e+00,0.00000e+00,0.00000e+00,2.18562e-05,5.20424e-04,9.21409e-07,2.18702e-05,2.18197e-05,1.79192e-03,7.82781e-03,1.38402e-04,1.79302e-03,1.78922e-03,1.05412e-02,2.80180e-02,2.14266e-03,1.05779e-02,1.04551e-02
0.00000e+00,0.00000e+00,0.00000e+00,0.00000e+00,0.00000e+00,2.18197e-05,5.20073e-04,9.18401e-07,2.18562e-05,2.17304e-05,1.78922e-03,7.80967e-03,1.38062e-04,1.79192e-03,1.78298e-03,1.04551e-02,2.76197e-02,2.12974e-03,1.05412e-02,1.02698e-02
0.00000e+00,0.00000e+00,0.00000e+00,0.00000e+00,0.00000e+00,2.17304e-05,5.19140e-04,9.11566e-07,2.18197e-05,2.15179e-05,1.78298e-03,7.76776e-03,1.37297e-04,1.78922e-03,1.76900e-03,1.02698e-02,2.68429e-02,2.10260e-03,1.04551e-02,9.89084e-03
0.00000e+00,0.00000e+00,0.00000e+00,0.00000e+00,0.00000e+00,2.15179e-05,5.16707e-04,8.96631e-07,2.17304e-05,2.10280e-05,1.76900e-03,7.67520e-03,1.35624e-04,1.78298e-03,1.73827e-03,9.89084e-03,2.54872e-02,2.04874e-03,1.02698e-02,9.16122e-03
0.00000e+00,0.00000e+00,0.00000e+00,0.00000e+00,0.00000e+00,2.10280e-05,5.10474e-04,8.65276e-07,2.15179e-05,1.99407e-05,1.73827e-03,7.48105e-03,1.32057e-04,1.76900e-03,1.67204e-03,9.16122e-03,2.34770e-02,1.94872e-03,9.89084e-03,7.89048e-03
0.00000e+00,0.00000e+00,0.00000e+00,0.00000e+00,0.00000e+00,1.99407e-05,4.94853e-04,8.02621e-07,2.10280e-05,1.76515e-05,1.67204e-03,7.10110e-03,1.24680e-04,1.73827e-03,1.53194e-03,7.89048e-03,2.13275e-02,1.78015e-03,9.16122e-03,6.11209e-03
0.00000e+00,0.00000e+00,0.00000e+00,0.00000e+00,0.00000e+00,1.76515e-05,4.56882e-04,6.85286e-07,1.99407e-05,1.31859e-05,1.53194e-03,6.42864e-03,1.10039e-04,1.67204e-03,1.24222e-03,6.11209e-03,2.10282e-02,1.53818e-03,7.89048e-03,5.07296e-03
0.00000e+00,0.00000e+00,0.00000e+00,0.00000e+00,0.00000e+00,1.31859e-05,3.68685e-04,4.84379e-07,1.76515e-05,5.39171e-06,1.24222e-03,5.40466e-03,8.27055e-05,1.53194e-03,6.90316e-04,5.07296e-03,2.56173e-02,1.28625e-03,6.11209e-03,1.16524e-02
0.00000e+00,0.00000e+00,0.00000e+00,0.00000e+00,0.00000e+00,4.84379e-07,1.31859e-05,1.82284e-08,1.82477e-07,6.85286e-07,8.27055e-05,1.24222e-03,4.44493e-06,3.77595e-05,1.10039e-04,1.28619e-03,5.07032e-03,2.32752e-04,1.30195e-03,1.53815e-03
0.00000e+00,0.00000e+00,0.00000e+00,0.00000e+00,0.00000e+00,6.85286e-07,1.76515e-05,2.67609e-08,4.84379e-07,8.02621e-07,1.10039e-04,1.53194e-03,6.23290e-06,8.27055e-05,1.24680e-04,1.53815e-03,6.11078e-03,2.98591e-04,1.28619e-03,1.78013e-03
0.00000e+00,0.00000e+00,0.00000e+00,0.00000e+00,0.00000e+00,8.02621e-07,1.99407e-05,3.22600e-08,6.85286e-07,8.65276e-07,1.24680e-04,1.67204e-03,7.30322e-06,1.10039e-04,1.32057e-04,1.78013e-03,7.88996e-03,3.38794e-04,1.53815e-03,1.94871e-03
0.00000e+00,0.00000e+00,0.00000e+00,0.00000e+00,0.00000e+00,8.65276e-07,2.10280e-05,3.54860e-08,8.02621e-07,8.96631e-07,1.32057e-04,1.73827e-03,7.89377e-06,1.24680e-04,1.35624e-04,1.94871e-03,9.16101e-03,3.61924e-04,1.78013e-03,2.04873e-03
0.00000e+00,0.00000e+00,0.00000e+00,0.00000e+00,0.00000e+00,8.96631e-07,2.15179e-05,3.72485e-08,8.65276e-07,9.11566e-07,1.35624e-04,1.76900e-03,8.20134e-06,1.32057e-04,1.37297e-04,2.04873e-03,9.89076e-03,3.74562e-04,1.94871e-03,2.10260e-03
0.00000e+00,0.00000e+00,0.00000e+00,0.00000e+00,0.00000e+00,9.11566e-07,2.17304e-05,3.81591e-08,8.96631e-07,9.18401e-07,1.37297e-04,1.78298e-03,8.35477e-06,1.35624e-04,1.38062e-04,2.10260e-03,1.02698e-02,3.81163e-04,2.04873e-03,2.12974e-03
0.00000e+00,0.00000e+00,0.00000e+00,0.00000e+00,0.00000e+00,9.18401e-07,2.18197e-05,3.86082e-08,9.11566e-07,9.21409e-07,1.38062e-04,1.78922e-03,8.42864e-06,1.37297e-04,1.38402e-04,2.12974e-03,1.04551e-02,3.84473e-04,2.10260e-03,2.14266e-03
0.00000e+00,0.00000e+00,0.00000e+00,0.00000e+00,0.00000e+00,9.21409e-07,2.18562e-05,3.88194e-08,9.18401e-07,9.22633e-07,1.38402e-04,1.79192e-03,8.46288e-06,1.38062e-04,1.38542e-04,2.14266e-03,1.05412e-02,3.86060e-04,2.12974e-03,2.14825e-03
0.00000e+00,0.00000e+00,0.00000e+00,0.00000e+00,0.00000e+00,9.22633e-07,2.18702e-05,3.89103e-08,9.21409e-07,9.22960e-07,1.38542e-04,1.79302e-03,8.47751e-06,1.38402e-04,1.38580e-04,2.14825e-03,1.05779e-02,3.86755e-04,2.14266e-03,2.14980e-03
0.00000e+00,0.00000e+00,0.00000e+00,0.00000e+00,0.00000e+00,9.22960e-07,2.18738e-05,3.89354e-08,9.22633e-07,9.22633e-07,1.38580e-04,1.79331e-03,8.48153e-06,1.38542e-04,1.38542e-04,2.14980e-03,1.05880e-02,3.86948e-04,2.14825e-03,2.14825e-03
0.00000e+00,0.00000e+00,0.00000e+00,0.00000e+00,0.00000e+00,9.22633e-07,2.18702e-05,3.89103e-08,9.22960e-07,9.21409e-07,1.38542e-04,1.79302e-03,8.47751e-06,1.38580e-04,1.38402e-04,2.14825e-03,1.05779e-02,3.86755e-04,2.14980e-03,2.14266e-03
0.00000e+00,0.00000e+00,0.00000e+00,0.00000e+00,0.00000e+00,9.21409e-07,2.18562e-05,3.88195e-08,9.22633e-07,9.18401e-07,1.38402e-04,1.79192e-03,8.46288e-06,1.38542e-04,1.38062e-04,2.14266e-03,1.05412e-02,3.86060e-04,2.14825e-03,2.12974e-03
0.00000e+00,0.00000e+00,0.00000e+00,0.00000e+00,0.00000e+00,9.18401e-07,2.18197e-05,3.86082e-08,9.21409e-07,9.11566e-07,1.38062e-04,1.78922e-03,8.42864e-06,1.38402e-04,1.37297e-04,2.12974e-03,1.04551e-02,3.84473e-04,2.14266e-03,2.10260e-03
0.00000e+00,0.00000e+00,0.00000e+00,0.00000e+00,0.00000e+00,9.11566e-07,2.17304e-05,3.81591e-08,9.18401e-07,8.96631e-07,1.37297e-04,1.78298e-03,8.35477e-06,1.38062e-04,1.35624e-04,2.10260e-03,1.02698e-02,3.81163e-04,2.12974e-03,2.04874e-03
0.00000e+00,0.00000e+00,0.00000e+00,0.00000e+00,0.00000e+00,8.96631e-07,2.15179e-05,3.72485e-08,9.11566e-07,8.65276e-07,1.35624e-04,1.76900e-03,8.20134e-06,1.37297e-04,1.32057e-04,2.04874e-03,9.89084e-03,3.74562e-04,2.10260e-03,1.94872e-03
0.00000e+00,0.00000e+00,0.00000e+00,0.00000e+00,0.00000e+00,8.65276e-07,2.10280e-05,3.54861e-08,8.96631e-07,8.02621e-07,1.32057e-04,1.73827e-03,7.89377e-06,1.35624e-04,1.24680e-04,1.94872e-03,9.16122e-03,3.61924e-04,2.04874e-03,1.78015e-03
0.00000e+00,0.00000e+00,0.00000e+00,0.00000e+00,0.00000e+00,8.02621e-07,1.99407e-05,3.22601e-08,8.65276e-07,6.85286e-07,1.24680e-04,1.67204e-03,7.30322e-06,1.32057e-04,1.10039e-04,1.78015e-03,7.89048e-03,3.38794e-04,1.94872e-03,1.53818e-03
0.00000e+00,0.00000e+00,0.00000e+00,0.00000e+00,0.00000e+00,6.85286e-07,1.76515e-05,2.67609e-08,8.02621e-07,4.84379e-07,1.10039e-04,1.53194e-03,6.23290e-06,1.24680e-04,8.27055e-05,1.53818e-03,6.11209e-03,2.98592e-04,1.78015e-03,1.28625e-03
0.00000e+00,0.00000e+00,0.00000e+00,0.00000e+00,0.00000e+00,4.84379e-07,1.31859e-05,1.82285e-08,6.85286e-07,1.82477e-07,8.27055e-05,1.24222e-03,4.44493e-06,1.10039e-04,3.77595e-05,1.28625e-03,5.07296e-03,2.32753e-04,1.53818e-03,1.30200e-03
0.00000e+00,0.00000e+00,0.00000e+00,0.00000e+00,0.00000e+00,1.82284e-08,4.84379e-07,6.99131e-10,6.59319e-09,2.67609e-08,4.44493e-06,8.27055e-05,2.20233e-07,1.84395e-06,6.23290e-06,2.32752e-04,1.28619e-03,1.92307e-05,1.37344e-04,2.98591e-04
0.00000e+00,0.00000e+00,0.00000e+00,0.00000e+00,0.00000e+00,2.67609e-08,6.85286e-07,1.05241e-09,1.82284e-08,3.22600e-08,6.23290e-06,1.10039e-04,3.20190e-07,4.44493e-06,7.30322e-06,2.98591e-04,1.53815e-03,2.61447e-05,2.32752e-04,3.38794e-04
0.00000e+00,0.00000e+00,0.00000e+00,0.00000e+00,0.00000e+00,3.22600e-08,8.02621e-07,1.29754e-09,2.67609e-08,3.54860e-08,7.30322e-06,1.24680e-04,3.85618e-07,6.23290e-06,7.89377e-06,3.38794e-04,1.78013e-03,3.04131e-05,2.98591e-04,3.61924e-04
0.00000e+00,0.00000e+00,0.00000e+00,0.00000e+00,0.00000e+00,3.54860e-08,8.65276e-07,1.45255e-09,3.22600e-08,3.72485e-08,7.89377e-06,1.32057e-04,4.24805e-07,7.30322e-06,8.20134e-06,3.61924e-04,1.94871e-03,3.28637e-05,3.38794e-04,3.74562e-04
0.00000e+00,0.00000e+00,0.00000e+00,0.00000e+00,0.00000e+00,3.72485e-08,8.96631e-07,1.54365e-09,3.54860e-08,3.81591e-08,8.20134e-06,1.35624e-04,4.46770e-07,7.89377e-06,8.35477e-06,3.74562e-04,2.04873e-03,3.41998e-05,3.61924e-04,3.81163e-04
0.00000e+00,0.00000e+00,0.00000e+00,0.00000e+00,0.00000e+00,3.81591e-08,9.11566e-07,1.59410e-09,3.72485e-08,3.86082e-08,8.35477e-06,1.37297e-04,4.58463e-07,8.20134e-06,8.42864e-06,3.81163e-04,2.10260e-03,3.48992e-05,3.74562e-04,3.84473e-04
0.00000e+00,0.00000e+00,0.00000e+00,0.00000e+00,0.00000e+00,3.86082e-08,9.18401e-07,1.62066e-09,3.81591e-08,3.88194e-08,8.42864e-06,1.38062e-04,4.64425e-07,8.35477e-06,8.46288e-06,3.84473e-04,2.12974e-03,3.52524e-05,3.81163e-04,3.86060e-04
0.00000e+00,0.00000e+00,0.00000e+00,0.00000e+00,0.00000e+00,3.88194e-08,9.21409e-07,1.63391e-09,3.86082e-08,3.89103e-08,8.46288e-06,1.38402e-04,4.67328e-07,8.42864e-06,8.47751e-06,3.86060e-04,2.14266e-03,3.54236e-05,3.84473e-04,3.86755e-04
0.00000e+00,0.00000e+00,0.00000e+00,0.00000e+00,0.00000e+00,3.89103e-08,9.22633e-07,1.63989e-09,3.88194e-08,3.89354e-08,8.47751e-06,1.38542e-04,4.68616e-07,8.46288e-06,8.48153e-06,3.86755e-04,2.14825e-03,3.54995e-05,3.86060e-04,3.86948e-04
0.00000e+00,0.00000e+00,0.00000e+00,0.00000e+00,0.00000e+00,3.89354e-08,9.22960e-07,1.64159e-09,3.89103e-08,3.89103e-08,8.48153e-06,1.38580e-04,4.68979e-07,8.47751e-06,8.47751e-06,3.86948e-04,2.14980e-03,3.55208e-05,3.86755e-04,3.86755e-04
0.00000e+00,0.00000e+00,0.00000e+00,0.00000e+00,0.00000e+00,3.89103e-08,9.22633e-07,1.63990e-09,3.89354e-08,3.88195e-08,8.47751e-06,1.38542e-04,4.68616e-07,8.48153e-06,8.46288e-06,3.86755e-04,2.14825e-03,3.54995e-05,3.86948e-04,3.86060e-04
0.00000e+00,0.00000e+00,0.00000e+00,0.00000e+00,0.00000e+00,3.88195e-08,9.21409e-07,1.63392e-09,3.89103e-08,3.86082e-08,8.46288e-06,1.38402e-04,4.67328e-07,8.47751e-06,8.42864e-06,3.86060e-04,2.14266e-03,3.54236e-05,3.86755e-04,3.84473e-04
0.00000e+00,0.00000e+00,0.00000e+00,0.00000e+00,0.00000e+00,3.86082e-08,9.18401e-07,1.62067e-09,3.88195e-08,3.81591e-08,8.42864e-06,1.38062e-04,4.64425e-07,8.46288e-06,8.35477e-06,3.84473e-04,2.12974e-03,3.52524e-05,3.86060e-04,3.81163e-04
0.00000e+00,0.00000e+00,0.00000e+00,0.00000e+00,0.00000e+00,3.81591e-08,9.11566e-07,1.59411e-09,3.86082e-08,3.72485e-08,8.35477e-06,1.37297e-04,4.58463e-07,8.42864e-06,8.20134e-06,3.81163e-04,2.10260e-03,3.48992e-05,3.84473e-04,3.74562e-04
0.00000e+00,0.00000e+00,0.00000e+00,0.00000e+00,0.00000e+00,3.72485e-08,8.96631e-07,1.54365e-09,3.81591e-08,3.54861e-08,8.20134e-06,1.35624e-04,4.46770e-07,8.35477e-06,7.89377e-06,3.74562e-04,2.04874e-03,3.41998e-05,3.81163e-04,3.61924e-04
0.00000e+00,0.00000e+00,0.00000e+00,0.00000e+00,0.00000e+00,3.54861e-08,8.65276e-07,1.45255e-09,3.72485e-08,3.22601e-08,7.89377e-06,1.32057e-04,4.24805e-07,8.20134e-06,7.30322e-06,3.61924e-04,1.94872e-03,3.28638e-05,3.74562e-04,3.38794e-04
0.00000e+00,0.00000e+00,0.00000e+00,0.00000e+00,0.00000e+00,3.22601e-08,8.02621e-07,1.29755e-09,3.54861e-08,2.67609e-08,7.30322e-06,1.24680e-04,3.85618e-07,7.89377e-06,6.23290e-06,3.38794e-04,1.78015e-03,3.04131e-05,3.61924e-04,2.98592e-04
0.00000e+00,0.00000e+00,0.00000e+00,0.00000e+00,0.00000e+00,2.67609e-08,6.85286e-07,1.05242e-09,3.22601e-08,1.82285e-08,6.23290e-06,1.10039e-04,3.20190e-07,7.30322e-06,4.44493e-06,2.98592e-04,1.53818e-03,2.61447e-05,3.38794e-04,2.32753e-04
0.00000e+00,0.00000e+00,0.00000e+00,0.00000e+00,0.00000e+00,1.82285e-08,4.84379e-07,6.99139e-10,2.67609e-08,6.59322e-09,4.44493e-06,8.27055e-05,2.20233e-07,6.23290e-06,1.84395e-06,2.32753e-04,1.28625e-03,1.92307e-05,2.98592e-04,1.37344e-04
0.00000e+00,0.00000e+00,0.00000e+00,0.00000e+00,0.00000e+00,6.99131e-10,1.82284e-08,2.72045e-11,2.47438e-10,1.05241e-09,2.20233e-07,4.44493e-06,1.04775e-08,8.68491e-08,3.20190e-07,1.92307e-05,2.32752e-04,1.22211e-06,9.46882e-06,2.61447e-05
0.00000e+00,0.00000e+00,0.00000e+00,0.00000e+00,0.00000e+00,1.05241e-09,2.67609e-08,4.16732e-11,6.99131e-10,1.29754e-09,3.20190e-07,6.23290e-06,1.56159e-08,2.20233e-07,3.85618e-07,2.61447e-05,2.98591e-04,1.72979e-06,1.92307e-05,3.04131e-05
0.00000e+00,0.00000e+00,0.00000e+00,0.00000e+00,0.00000e+00,1.29754e-09,3.22600e-08,5.22869e-11,1.05241e-09,1.45255e-09,3.85618e-07,7.30322e-06,1.92192e-08,3.20190e-07,4.24805e-07,3.04131e-05,3.38794e-04,2.06337e-06,2.61447e-05,3.28637e-05
0.00000e+00,0.00000e+00,0.00000e+00,0.00000e+00,0.00000e+00,1.45255e-09,3.54860e-08,5.94133e-11,1.29754e-09,1.54365e-09,4.24805e-07,7.89377e-06,2.15306e-08,3.85618e-07,4.46770e-07,3.28637e-05,3.61924e-04,2.26467e-06,3.04131e-05,3.41998e-05
0.00000e+00,0.00000e+00,0.00000e+00,0.00000e+00,0.00000e+00,1.54365e-09,3.72485e-08,6.38634e-11,1.45255e-09,1.59410e-09,4.46770e-07,8.20134e-06,2.29133e-08,4.24805e-07,4.58463e-07,3.41998e-05,3.74562e-04,2.37889e-06,3.28637e-05,3.48992e-05
0.00000e+00,0.00000e+00,0.00000e+00,0.00000e+00,0.00000e+00,1.59410e-09,3.81591e-08,6.64787e-11,1.54365e-09,1.62066e-09,4.58463e-07,8.35477e-06,2.36953e-08,4.46770e-07,4.64425e-07,3.48992e-05,3.81163e-04,2.44071e-06,3.41998e-05,3.52524e-05
0.00000e+00,0.00000e+00,0.00000e+00,0.00000e+00,0.00000e+00,1.62066e-09,3.86082e-08,6.79353e-11,1.59410e-09,1.63391e-09,4.64425e-07,8.42864e-06,2.41166e-08,4.58463e-07,4.67328e-07,3.52524e-05,3.84473e-04,2.47286e-06,3.48992e-05,3.54236e-05
0.00000e+00,0.00000e+00,0.00000e+00,0.00000e+00,0.00000e+00,1.63391e-09,3.88194e-08,6.87003e-11,1.62066e-09,1.63989e-09,4.67328e-07,8.46288e-06,2.43320e-08,4.64425e-07,4.68616e-07,3.54236e-05,3.86060e-04,2.48883e-06,3.52524e-05,3.54995e-05
0.00000e+00,0.00000e+00,0.00000e+00,0.00000e+00,0.00000e+00,1.63989e-09,3.89103e-08,6.90602e-11,1.63391e-09,1.64159e-09,4.68616e-07,8.47751e-06,2.44313e-08,4.67328e-07,4.68979e-07,3.54995e-05,3.86755e-04,2.49605e-06,3.54236e-05,3.55208e-05
0.00000e+00,0.00000e+00,0.00000e+00,0.00000e+00,0.00000e+00,1.64159e-09,3.89354e-08,6.91649e-11,1.63989e-09,1.63990e-09,4.68979e-07,8.48153e-06,2.44598e-08,4.68616e-07,4.68616e-07,3.55208e-05,3.86948e-04,2.49810e-06,3.54995e-05,3.54995e-05
0.00000e+00,0.00000e+00,0.00000e+00,0.00000e+00,0.00000e+00,1.63990e-09,3.89103e-08,6.90603e-11,1.64159e-09,1.63392e-09,4.68616e-07,8.47751e-06,2.44313e-08,4.68979e-07,4.67328e-07,3.54995e-05,3.86755e-04,2.49605e-06,3.55208e-05,3.54236e-05
0.00000e+00,0.00000e+00,0.00000e+00,0.00000e+00,0.00000e+00,1.63392e-09,3.88195e-08,6.87005e-11,1.63990e-09,1.62067e-09,4.67328e-07,8.46288e-06,2.43320e-08,4.68616e-07,4.64425e-07,3.54236e-05,3.86060e-04,2.48883e-06,3.54995e-05,3.52524e-05
0.00000e+00,0.00000e+00,0.00000e+00,0.00000e+00,0.00000e+00,1.62067e-09,3.86082e-08,6.79356e-11,1.63392e-09,1.59411e-09,4.64425e-07,8.42864e-06,2.41166e-08,4.67328e-07,4.58463e-07,3.52524e-05,3.84473e-04,2.47286e-06,3.54236e-05,3.48992e-05
0.00000e+00,0.00000e+00,0.00000e+00,0.00000e+00,0.00000e+00,1.59411e-09,3.81591e-08,6.64791e-11,1.62067e-09,1.54365e-09,4.58463e-07,8.35477e-06,2.36954e-08,4.64425e-07,4.46770e-07,3.48992e-05,3.81163e-04,2.44071e-06,3.52524e-05,3.41998e-05
0.00000e+00,0.00000e+00,0.00000e+00,0.00000e+00,0.00000e+00,1.54365e-09,3.72485e-08,6.38640e-11,1.59411e-09,1.45255e-09,4.46770e-07,8.20134e-06,2.29134e-08,4.58463e-07,4.24805e-07,3.41998e-05,3.74562e-04,2.37889e-06,3.48992e-05,3.28638e-05
0.00000e+00,0.00000e+00,0.00000e+00,0.00000e+00,0.00000e+00,1.45255e-09,3.54861e-08,5.94141e-11,1.54365e-09,1.29755e-09,4.24805e-07,7.89377e-06,2.15306e-08,4.46770e-07,3.85618e-07,3.28638e-05,3.61924e-04,2.26467e-06,3.41998e-05,3.04131e-05
0.00000e+00,0.00000e+00,0.00000e+00,0.00000e+00,0.00000e+00,1.29755e-09,3.22601e-08,5.22877e-11,1.45255e-09,1.05242e-09,3.85618e-07,7.30322e-06,1.92192e-08,4.24805e-07,3.20190e-07,3.04131e-05,3.38794e-04,2.06337e-06,3.28638e-05,2.61447e-05
0.00000e+00,0.00000e+00,0.00000e+00,0.00000e+00,0.00000e+00,1.05242e-09,2.67609e-08,4.16740e-11,1.29755e-09,6.99139e-10,3.20190e-07,6.23290e-06,1.56159e-08,3.85618e-07,2.20233e-07,2.61447e-05,2.98592e-04,1.72979e-06,3.04131e-05,1.92307e-05
0.00000e+00,0.00000e+00,0.00000e+00,0.00000e+00,0.00000e+00,6.99139e-10,1.82285e-08,2.72052e-11,1.05242e-09,2.47441e-10,2.20233e-07,4.44493e-06,1.04775e-08,3.20190e-07,8.68492e-08,1.92307e-05,2.32753e-04,1.22211e-06,2.61447e-05,9.46883e-06
0.00000e+00,0.00000e+00,0.00000e+00,0.00000e+00,0.00000e+00,2.72045e-11,6.99131e-10,1.07031e-12,9.50604e-12,4.16732e-11,1.04775e-08,2.20233e-07,4.86673e-10,4.01173e-09,1.56159e-08,1.22211e-06,1.92307e-05,6.84605e-08,5.51377e-07,1.72979e-06
0.00000e+00,0.00000e+00,0.00000e+00,0.00000e+00,0.00000e+00,4.16732e-11,1.05241e-09,1.66039e-12,2.72045e-11,5.22869e-11,1.56159e-08,3.20190e-07,7.38179e-10,1.04775e-08,1.92192e-08,1.72979e-06,2.61447e-05,9.96763e-08,1.22211e-06,2.06337e-06
0.00000e+00,0.00000e+00,0.00000e+00,0.00000e+00,0.00000e+00,5.22869e-11,1.29754e-09,2.11208e-12,4.16732e-11,5.94133e-11,1.92192e-08,3.85618e-07,9.24101e-10,1.56159e-08,2.15306e-08,2.06337e-06,3.04131e-05,1.21467e-07,1.72979e-06,2.26467e-06
0.00000e+00,0.00000e+00,0.00000e+00,0.00000e+00,0.00000e+00,5.94133e-11,1.45255e-09,2.43033e-12,5.22869e-11,6.38634e-11,2.15306e-08,4.24805e-07,1.05024e-09,1.92192e-08,2.29133e-08,2.26467e-06,3.28637e-05,1.35377e-07,2.06337e-06,2.37889e-06
0.00000e+00,0.00000e+00,0.00000e+00,0.00000e+00,0.00000e+00,6.38634e-11,1.54365e-09,2.63934e-12,5.94133e-11,6.64787e-11,2.29133e-08,4.46770e-07,1.13004e-09,2.15306e-08,2.36953e-08,2.37889e-06,3.41998e-05,1.43679e-07,2.26467e-06,2.44071e-06
0.00000e+00,0.00000e+00,0.00000e+00,0.00000e+00,0.00000e+00,6.64787e-11,1.59410e-09,2.76853e-12,6.38634e-11,6.79353e-11,2.36953e-08,4.58463e-07,1.17766e-09,2.29133e-08,2.41166e-08,2.44071e-06,3.48992e-05,1.48377e-07,2.37889e-06,2.47286e-06
0.00000e+00,0.00000e+00,0.00000e+00,0.00000e+00,0.00000e+00,6.79353e-11,1.62066e-09,2.84408e-12,6.64787e-11,6.87003e-11,2.41166e-08,4.64425e-07,1.20464e-09,2.36953e-08,2.43320e-08,2.47286e-06,3.52524e-05,1.50917e-07,2.44071e-06,2.48883e-06
0.00000e+00,0.00000e+00,0.00000e+00,0.00000e+00,0.00000e+00,6.87003e-11,1.63391e-09,2.88557e-12,6.79353e-11,6.90602e-11,2.43320e-08,4.67328e-07,1.21906e-09,2.41166e-08,2.44313e-08,2.48883e-06,3.54236e-05,1.52223e-07,2.47286e-06,2.49605e-06
0.00000e+00,0.00000e+00,0.00000e+00,0.00000e+00,0.00000e+00,6.90602e-11,1.63989e-09,2.90580e-12,6.87003e-11,6.91649e-11,2.44313e-08,4.68616e-07,1.22595e-09,2.43320e-08,2.44598e-08,2.49605e-06,3.54995e-05,1.52829e-07,2.48883e-06,2.49810e-06
0.00000e+00,0.00000e+00,0.00000e+00,0.00000e+00,0.00000e+00,6.91649e-11,1.64159e-09,2.91181e-12,6.90602e-11,6.90603e-11,2.44598e-08,4.68979e-07,1.22797e-09,2.44313e-08,2.44313e-08,2.49810e-06,3.55208e-05,1.53004e-07,2.49605e-06,2.49605e-06
0.00000e+00,0.00000e+00,0.00000e+00,0.00000e+00,0.00000e+00,6.90603e-11,1.63990e-09,2.90581e-12,6.91649e-11,6.87005e-11,2.44313e-08,4.68616e-07,1.22595e-09,2.44598e-08,2.43320e-08,2.49605e-06,3.54995e-05,1.52829e-07,2.49810e-06,2.48883e-06
0.00000e+00,0.00000e+00,0.00000e+00,0.00000e+00,0.00000e+00,6.87005e-11,1.63392e-09,2.88558e-12,6.90603e-11,6.79356e-11,2.43320e-08,4.67328e-07,1.21906e-09,2.44313e-08,2.41166e-08,2.48883e-06,3.54236e-05,1.52223e-07,2.49605e-06,2.47286e-06
0.00000e+00,0.00000e+00,0.00000e+00,0.00000e+00,0.00000e+00,6.79356e-11,1.62067e-09,2.84410e-12,6.87005e-11,6.64791e-11,2.41166e-08,4.64425e-07,1.20464e-09,2.43320e-08,2.36954e-08,2.47286e-06,3.52524e-05,1.50917e-07,2.48883e-06,2.44071e-06
0.00000e+00,0.00000e+00,0.00000e+00,0.00000e+00,0.00000e+00,6.64791e-11,1.59411e-09,2.76856e-12,6.79356e-11,6.38640e-11,2.36954e-08,4.58463e-07,1.17766e-09,2.41166e-08,2.29134e-08,2.44071e-06,3.48992e-05,1.48377e-07,2.47286e-06,2.37889e-06
0.00000e+00,0.00000e+00,0.00000e+00,0.00000e+00,0.00000e+00,6.38640e-11,1.54365e-09,2.63937e-12,6.64791e-11,5.94141e-11,2.29134e-08,4.46770e-07,1.13004e-09,2.36954e-08,2.15306e-08,2.37889e-06,3.41998e-05,1.43679e-07,2.44071e-06,2.26467e-06
0.00000e+00,0.00000e+00,0.00000e+00,0.00000e+00,0.00000e+00,5.94141e-11,1.45255e-09,2.43038e-12,6.38640e-11,5.22877e-11,2.15306e-08,4.24805e-07,1.05025e-09,2.29134e-08,1.92192e-08,2.26467e-06,3.28638e-05,1.35377e-07,2.37889e-06,2.06337e-06
0.00000e+00,0.00000e+00,0.00000e+00,0.00000e+00,0.00000e+00,5.22877e-11,1.29755e-09,2.11213e-12,5.94141e-11,4.16740e-11,1.92192e-08,3.85618e-07,9.24102e-10,2.15306e-08,1.56159e-08,2.06337e-06,3.04131e-05,1.21467e-07,2.26467e-06,1.72979e-06
0.00000e+00,0.00000e+00,0.00000e+00,0.00000e+00,0.00000e+00,4.16740e-11,1.05242e-09,1.66044e-12,5.22877e-11,2.72052e-11,1.56159e-08,3.20190e-07,7.38181e-10,1.92192e-08,1.04775e-08,1.72979e-06,2.61447e-05,9.96763e-08,2.06337e-06,1.22211e-06
0.00000e+00,0.00000e+00,0.00000e+00,0.00000e+00,0.00000e+00,2.72052e-11,6.99139e-10,1.07035e-12,4.16740e-11,9.50631e-12,1.04775e-08,2.20233e-07,4.86674e-10,1.56159e-08,4.01174e-09,1.22211e-06,1.92307e-05,6.84605e-08,1.72979e-06,5.51377e-07
0.00000e+00,0.00000e+00,0.00000e+00,0.00000e+00,0.00000e+00,1.07031e-12,2.72045e-11,4.24705e-14,3.70927e-13,1.66039e-12,4.86673e-10,1.04775e-08,2.22523e-11,1.82840e-10,7.38179e-10,6.84605e-08,1.22211e-06,3.56795e-09,2.94178e-08,9.96763e-08
0.00000e+00,0.00000e+00,0.00000e+00,0.00000e+00,0.00000e+00,1.66039e-12,4.16732e-11,6.65104e-14,1.07031e-12,2.11208e-12,7.38179e-10,1.56159e-08,3.41872e-11,4.86673e-10,9.24101e-10,9.96763e-08,1.72979e-06,5.30064e-09,6.84605e-08,1.21467e-07
0.00000e+00,0.00000e+00,0.00000e+00,0.00000e+00,0.00000e+00,2.11208e-12,5.22869e-11,8.55331e-14,1.66039e-12,2.43033e-12,9.24101e-10,1.92192e-08,4.33767e-11,7.38179e-10,1.05024e-09,1.21467e-07,2.06337e-06,6.57304e-09,9.96763e-08,1.35377e-07
0.00000e+00,0.00000e+00,0.00000e+00,0.00000e+00,0.00000e+00,2.43033e-12,5.94133e-11,9.94695e-14,2.11208e-12,2.63934e-12,1.05024e-09,2.15306e-08,4.99028e-11,9.24101e-10,1.13004e-09,1.35377e-07,2.26467e-06,7.42830e-09,1.21467e-07,1.43679e-07
0.00000e+00,0.00000e+00,0.00000e+00,0.00000e+00,0.00000e+00,2.63934e-12,6.38634e-11,1.09015e-13,2.43033e-12,2.76853e-12,1.13004e-09,2.29133e-08,5.42313e-11,1.05024e-09,1.17766e-09,1.43679e-07,2.37889e-06,7.96455e-09,1.35377e-07,1.48377e-07
0.00000e+00,0.00000e+00,0.00000e+00,0.00000e+00,0.00000e+00,2.76853e-12,6.64787e-11,1.15175e-13,2.63934e-12,2.84408e-12,1.17766e-09,2.36953e-08,5.69381e-11,1.13004e-09,1.20464e-09,1.48377e-07,2.44071e-06,8.28228e-09,1.43679e-07,1.50917e-07
0.00000e+00,0.00000e+00,0.00000e+00,0.00000e+00,0.00000e+00,2.84408e-12,6.79353e-11,1.18932e-13,2.76853e-12,2.88557e-12,1.20464e-09,2.41166e-08,5.85415e-11,1.17766e-09,1.21906e-09,1.50917e-07,2.47286e-06,8.46139e-09,1.48377e-07,1.52223e-07
0.00000e+00,0.00000e+00,0.00000e+00,0.00000e+00,0.00000e+00,2.88557e-12,6.87003e-11,1.21076e-13,2.84408e-12,2.90580e-12,1.21906e-09,2.43320e-08,5.94337e-11,1.20464e-09,1.22595e-09,1.52223e-07,2.48883e-06,8.55686e-09,1.50917e-07,1.52829e-07
0.00000e+00,0.00000e+00,0.00000e+00,0.00000e+00,0.00000e+00,2.90580e-12,6.90602e-11,1.22155e-13,2.88557e-12,2.91181e-12,1.22595e-09,2.44313e-08,5.98739e-11,1.21906e-09,1.22797e-09,1.52829e-07,2.49605e-06,8.60243e-09,1.52223e-07,1.53004e-07
0.00000e+00,0.00000e+00,0.00000e+00,0.00000e+00,0.00000e+00,2.91181e-12,6.91649e-11,1.22481e-13,2.90580e-12,2.90581e-12,1.22797e-09,2.44598e-08,6.00055e-11,1.22595e-09,1.22595e-09,1.53004e-07,2.49810e-06,8.61581e-09,1.52829e-07,1.52829e-07
0.00000e+00,0.00000e+00,0.00000e+00,0.00000e+00,0.00000e+00,2.90581e-12,6.90603e-11,1.22155e-13,2.91181e-12,2.88558e-12,1.22595e-09,2.44313e-08,5.98739e-11,1.22797e-09,1.21906e-09,1.52829e-07,2.49605e-06,8.60244e-09,1.53004e-07,1.52223e-07
0.00000e+00,0.00000e+00,0.00000e+00,0.00000e+00,0.00000e+00,2.88558e-12,6.87005e-11,1.21077e-13,2.90581e-12,2.84410e-12,1.21906e-09,2.43320e-08,5.94338e-11,1.22595e-09,1.20464e-09,1.52223e-07,2.48883e-06,8.55687e-09,1.52829e-07,1.50917e-07
0.00000e+00,0.00000e+00,0.00000e+00,0.00000e+00,0.00000e+00,2.84410e-12,6.79356e-11,1.18933e-13,2.88558e-12,2.76856e-12,1.20464e-09,2.41166e-08,5.85416e-11,1.21906e-09,1.17766e-09,1.50917e-07,2.47286e-06,8.46140e-09,1.52223e-07,1.48377e-07
0.00000e+00,0.00000e+00,0.00000e+00,0.00000e+00,0.00000e+00,2.76856e-12,6.64791e-11,1.15177e-13,2.84410e-12,2.63937e-12,1.17766e-09,2.36954e-08,5.69382e-11,1.20464e-09,1.13004e-09,1.48377e-07,2.44071e-06,8.28229e-09,1.50917e-07,1.43679e-07
0.00000e+00,0.00000e+00,0.00000e+00,0.00000e+00,0.00000e+00,2.63937e-12,6.38640e-11,1.09017e-13,2.76856e-12,2.43038e-12,1.13004e-09,2.29134e-08,5.42314e-11,1.17766e-09,1.05025e-09,1.43679e-07,2.37889e-06,7.96455e-09,1.48377e-07,1.35377e-07
0.00000e+00,0.00000e+00,0.00000e+00,0.00000e+00,0.00000e+00,2.43038e-12,5.94141e-11,9.94722e-14,2.63937e-12,2.11213e-12,1.05025e-09,2.15306e-08,4.99029e-11,1.13004e-09,9.24102e-10,1.35377e-07,2.26467e-06,7.42830e-09,1.43679e-07,1.21467e-07
0.00000e+00,0.00000e+00,0.00000e+00,0.00000e+00,0.00000e+00,2.11213e-12,5.22877e-11,8.55361e-14,2.43038e-12,1.66044e-12,9.24102e-10,1.92192e-08,4.33768e-11,1.05025e-09,7.38181e-10,1.21467e-07,2.06337e-06,6.57304e-09,1.35377e-07,9.96763e-08
0.00000e+00,0.00000e+00,0.00000e+00,0.00000e+00,0.00000e+00,1.66044e-12,4.16740e-11,6.65134e-14,2.11213e-12,1.07035e-12,7.38181e-10,1.56159e-08,3.41874e-11,9.24102e-10,4.86674e-10,9.96763e-08,1.72979e-06,5.30064e-09,1.21467e-07,6.84605e-08
0.00000e+00,0.00000e+00,0.00000e+00,0.00000e+00,0.00000e+00,1.07035e-12,2.72052e-11,4.24729e-14,1.66044e-12,3.70945e-13,4.86674e-10,1.04775e-08,2.22524e-11,7.38181e-10,1.82841e-10,6.84605e-08,1.22211e-06,3.56796e-09,9.96763e-08,2.94178e-08
0.00000e+00,0.00000e+00,0.00000e+00,0.00000e+00,0.00000e+00,4.24705e-14,1.07031e-12,1.69668e-15,1.46344e-14,6.65104e-14,2.22523e-11,4.86673e-10,1.00612e-12,8.24965e-12,3.41872e-11,3.56795e-09,6.84605e-08,1.77612e-10,1.48782e-09,5.30064e-09
0.00000e+00,0.00000e+00,0.00000e+00,0.00000e+00,0.00000e+00,6.65104e-14,1.66039e-12,2.67650e-15,4.24705e-14,8.55331e-14,3.41872e-11,7.38179e-10,1.56079e-12,2.22523e-11,4.33767e-11,5.30064e-09,9.96763e-08,2.67797e-10,3.56795e-09,6.57304e-09
0.00000e+00,0.00000e+00,0.00000e+00,0.00000e+00,0.00000e+00,8.55331e-14,2.11208e-12,3.47249e-15,6.65104e-14,9.94695e-14,4.33767e-11,9.24101e-10,2.00171e-12,3.41872e-11,4.99028e-11,6.57304e-09,1.21467e-07,3.36793e-10,5.30064e-09,7.42830e-09
0.00000e+00,0.00000e+00,0.00000e+00,0.00000e+00,0.00000e+00,9.94695e-14,2.43033e-12,4.07457e-15,8.55331e-14,1.09015e-13,4.99028e-11,1.05024e-09,2.32674e-12,4.33767e-11,5.42313e-11,7.42830e-09,1.35377e-07,3.85279e-10,6.57304e-09,7.96455e-09
0.00000e+00,0.00000e+00,0.00000e+00,0.00000e+00,0.00000e+00,1.09015e-13,2.63934e-12,4.50177e-15,9.94695e-14,1.15175e-13,5.42313e-11,1.13004e-09,2.55111e-12,4.99028e-11,5.69381e-11,7.96455e-09,1.43679e-07,4.17071e-10,7.42830e-09,8.28228e-09
0.00000e+00,0.00000e+00,0.00000e+00,0.00000e+00,0.00000e+00,1.15175e-13,2.76853e-12,4.78774e-15,1.09015e-13,1.18932e-13,5.69381e-11,1.17766e-09,2.69721e-12,5.42313e-11,5.85415e-11,8.28228e-09,1.48377e-07,4.36740e-10,7.96455e-09,8.46139e-09
0.00000e+00,0.00000e+00,0.00000e+00,0.00000e+00,0.00000e+00,1.18932e-13,2.84408e-12,4.96859e-15,1.15175e-13,1.21076e-13,5.85415e-11,1.20464e-09,2.78721e-12,5.69381e-11,5.94337e-11,8.46139e-09,1.50917e-07,4.48283e-10,8.28228e-09,8.55686e-09
0.00000e+00,0.00000e+00,0.00000e+00,0.00000e+00,0.00000e+00,1.21076e-13,2.88557e-12,5.07531e-15,1.18932e-13,1.22155e-13,5.94337e-11,1.21906e-09,2.83911e-12,5.85415e-11,5.98739e-11,8.55686e-09,1.52223e-07,4.54659e-10,8.46139e-09,8.60243e-09
0.00000e+00,0.00000e+00,0.00000e+00,0.00000e+00,0.00000e+00,1.22155e-13,2.90580e-12,5.13044e-15,1.21076e-13,1.22481e-13,5.98739e-11,1.22595e-09,2.86544e-12,5.94337e-11,6.00055e-11,8.60243e-09,1.52829e-07,4.57789e-10,8.55686e-09,8.61581e-09
0.00000e+00,0.00000e+00,0.00000e+00,0.00000e+00,0.00000e+00,1.22481e-13,2.91181e-12,5.14736e-15,1.22155e-13,1.22155e-13,6.00055e-11,1.22797e-09,2.87344e-12,5.98739e-11,5.98739e-11,8.61581e-09,1.53004e-07,4.58722e-10,8.60243e-09,8.60244e-09
0.00000e+00,0.00000e+00,0.00000e+00,0.00000e+00,0.00000e+00,1.22155e-13,2.90581e-12,5.13046e-15,1.22481e-13,1.21077e-13,5.98739e-11,1.22595e-09,2.86544e-12,6.00055e-11,5.94338e-11,8.60244e-09,1.52829e-07,4.57789e-10,8.61581e-09,8.55687e-09
0.00000e+00,0.00000e+00,0.00000e+00,0.00000e+00,0.00000e+00,1.21077e-13,2.88558e-12,5.07534e-15,1.22155e-13,1.18933e-13,5.94338e-11,1.21906e-09,2.83911e-12,5.98739e-11,5.85416e-11,8.55687e-09,1.52223e-07,4.54659e-10,8.60244e-09,8.46140e-09
0.00000e+00,0.00000e+00,0.00000e+00,0.00000e+00,0.00000e+00,1.18933e-13,2.84410e-12,4.96865e-15,1.21077e-13,1.15177e-13,5.85416e-11,1.20464e-09,2.78722e-12,5.94338e-11,5.69382e-11,8.46140e-09,1.50917e-07,4.48283e-10,8.55687e-09,8.28229e-09
0.00000e+00,0.00000e+00,0.00000e+00,0.00000e+00,0.00000e+00,1.15177e-13,2.76856e-12,4.78783e-15,1.18933e-13,1.09017e-13,5.69382e-11,1.17766e-09,2.69722e-12,5.85416e-11,5.42314e-11,8.28229e-09,1.48377e-07,4.36740e-10,8.46140e-09,7.96455e-09
0.00000e+00,0.00000e+00,0.00000e+00,0.00000e+00,0.00000e+00,1.09017e-13,2.63937e-12,4.50188e-15,1.15177e-13,9.94722e-14,5.42314e-11,1.13004e-09,2.55112e-12,5.69382e-11,4.99029e-11,7.96455e-09,1.43679e-07,4.17072e-10,8.28229e-09,7.42830e-09
0.00000e+00,0.00000e+00,0.00000e+00,0.00000e+00,0.00000e+00,9.94722e-14,2.43038e-12,4.07472e-15,1.09017e-13,8.55361e-14,4.99029e-11,1.05025e-09,2.32676e-12,5.42314e-11,4.33768e-11,7.42830e-09,1.35377e-07,3.85279e-10,7.96455e-09,6.57304e-09
0.00000e+00,0.00000e+00,0.00000e+00,0.00000e+00,0.00000e+00,8.55361e-14,2.11213e-12,3.47265e-15,9.94722e-14,6.65134e-14,4.33768e-11,9.24102e-10,2.00172e-12,4.99029e-11,3.41874e-11,6.57304e-09,1.21467e-07,3.36794e-10,7.42830e-09,5.30064e-09
0.00000e+00,0.00000e+00,0.00000e+00,0.00000e+00,0.00000e+00,6.65134e-14,1.66044e-12,2.67666e-15,8.55361e-14,4.24729e-14,3.41874e-11,7.38181e-10,1.56080e-12,4.33768e-11,2.22524e-11,5.30064e-09,9.96763e-08,2.67797e-10,6.57304e-09,3.56796e-09
0.00000e+00,0.00000e+00,0.00000e+00,0.00000e+00,0.00000e+00,4.24729e-14,1.07035e-12,1.69680e-15,6.65134e-14,1.46354e-14,2.22524e-11,4.86674e-10,1.00612e-12,3.41874e-11,8.24971e-12,3.56796e-09,6.84605e-08,1.77612e-10,5.30064e-09,1.48782e-09
0.00000e+00,0.00000e+00,0.00000e+00,0.00000e+00,0.00000e+00,1.69668e-15,4.24705e-14,6.81525e-17,5.82175e-16,2.67650e-15,1.00612e-12,2.22523e-11,4.51102e-14,3.69313e-13,1.56079e-12,1.77612e-10,3.56795e-09,8.56911e-12,7.25964e-11,2.67797e-10
0.00000e+00,0.00000e+00,0.00000e+00,0.00000e+00,0.00000e+00,2.67650e-15,6.65104e-14,1.08132e-16,1.69668e-15,3.47249e-15,1.56079e-12,3.41872e-11,7.05097e-14,1.00612e-12,2.00171e-12,2.67797e-10,5.30064e-09,1.30654e-11,1.77612e-10,3.36793e-10
0.00000e+00,0.00000e+00,0.00000e+00,0.00000e+00,0.00000e+00,3.47249e-15,8.55331e-14,1.41308e-16,2.67650e-15,4.07457e-15,2.00171e-12,4.33767e-11,9.12193e-14,1.56079e-12,2.32674e-12,3.36793e-10,6.57304e-09,1.66204e-11,2.67797e-10,3.85279e-10
0.00000e+00,0.00000e+00,0.00000e+00,0.00000e+00,0.00000e+00,4.07457e-15,9.94695e-14,1.67073e-16,3.47249e-15,4.50177e-15,2.32674e-12,4.99028e-11,1.06962e-13,2.00171e-12,2.55111e-12,3.85279e-10,7.42830e-09,1.92144e-11,3.36793e-10,4.17071e-10
0.00000e+00,0.00000e+00,0.00000e+00,0.00000e+00,0.00000e+00,4.50177e-15,1.09015e-13,1.85905e-16,4.07457e-15,4.78774e-15,2.55111e-12,5.42313e-11,1.18202e-13,2.32674e-12,2.69721e-12,4.17071e-10,7.96455e-09,2.09834e-11,3.85279e-10,4.36740e-10
0.00000e+00,0.00000e+00,0.00000e+00,0.00000e+00,0.00000e+00,4.78774e-15,1.15175e-13,1.98914e-16,4.50177e-15,4.96859e-15,2.69721e-12,5.69381e-11,1.25781e-13,2.55111e-12,2.78721e-12,4.36740e-10,8.28228e-09,2.21214e-11,4.17071e-10,4.48283e-10
0.00000e+00,0.00000e+00,0.00000e+00,0.00000e+00,0.00000e+00,4.96859e-15,1.18932e-13,2.07402e-16,4.78774e-15,5.07531e-15,2.78721e-12,5.85415e-11,1.30612e-13,2.69721e-12,2.83911e-12,4.48283e-10,8.46139e-09,2.28146e-11,4.36740e-10,4.54659e-10
0.00000e+00,0.00000e+00,0.00000e+00,0.00000e+00,0.00000e+00,5.07531e-15,1.21076e-13,2.12556e-16,4.96859e-15,5.13044e-15,2.83911e-12,5.94337e-11,1.33485e-13,2.78721e-12,2.86544e-12,4.54659e-10,8.55686e-09,2.32104e-11,4.48283e-10,4.57789e-10
0.00000e+00,0.00000e+00,0.00000e+00,0.00000e+00,0.00000e+00,5.13044e-15,1.22155e-13,2.15281e-16,5.07531e-15,5.14736e-15,2.86544e-12,5.98739e-11,1.34980e-13,2.83911e-12,2.87344e-12,4.57789e-10,8.60243e-09,2.34099e-11,4.54659e-10,4.58722e-10
0.00000e+00,0.00000e+00,0.00000e+00,0.00000e+00,0.00000e+00,5.14736e-15,1.22481e-13,2.16127e-16,5.13044e-15,5.13046e-15,2.87344e-12,6.00055e-11,1.35440e-13,2.86544e-12,2.86544e-12,4.58722e-10,8.61581e-09,2.34702e-11,4.57789e-10,4.57789e-10
0.00000e+00,0.00000e+00,0.00000e+00,0.00000e+00,0.00000e+00,5.13046e-15,1.22155e-13,2.15282e-16,5.14736e-15,5.07534e-15,2.86544e-12,5.98739e-11,1.34980e-13,2.87344e-12,2.83911e-12,4.57789e-10,8.60244e-09,2.34099e-11,4.58722e-10,4.54659e-10
0.00000e+00,0.00000e+00,0.00000e+00,0.00000e+00,0.00000e+00,5.07534e-15,1.21077e-13,2.12558e-16,5.13046e-15,4.96865e-15,2.83911e-12,5.94338e-11,1.33485e-13,2.86544e-12,2.78722e-12,4.54659e-10,8.55687e-09,2.32104e-11,4.57789e-10,4.48283e-10
0.00000e+00,0.00000e+00,0.00000e+00,0.00000e+00,0.00000e+00,4.96865e-15,1.18933e-13,2.07405e-16,5.07534e-15,4.78783e-15,2.78722e-12,5.85416e-11,1.30612e-13,2.83911e-12,2.69722e-12,4.48283e-10,8.46140e-09,2.28146e-11,4.54659e-10,4.36740e-10
0.00000e+00,0.00000e+00,0.00000e+00,0.00000e+00,0.00000e+00,4.78783e-15,1.15177e-13,1.98919e-16,4.96865e-15,4.50188e-15,2.69722e-12,5.69382e-11,1.25781e-13,2.78722e-12,2.55112e-12,4.36740e-10,8.28229e-09,2.21214e-11,4.48283e-10,4.17072e-10
0.00000e+00,0.00000e+00,0.00000e+00,0.00000e+00,0.00000e+00,4.50188e-15,1.09017e-13,1.85911e-16,4.78783e-15,4.07472e-15,2.55112e-12,5.42314e-11,1.18202e-13,2.69722e-12,2.32676e-12,4.17072e-10,7.96455e-09,2.09834e-11,4.36740e-10,3.85279e-10
0.00000e+00,0.00000e+00,0.00000e+00,0.00000e+00,0.00000e+00,4.07472e-15,9.94722e-14,1.67080e-16,4.50188e-15,3.47265e-15,2.32676e-12,4.99029e-11,1.06963e-13,2.55112e-12,2.00172e-12,3.85279e-10,7.42830e-09,1.92144e-11,4.17072e-10,3.36794e-10
0.00000e+00,0.00000e+00,0.00000e+00,0.00000e+00,0.00000e+00,3.47265e-15,8.55361e-14,1.41316e-16,4.07472e-15,2.67666e-15,2.00172e-12,4.33768e-11,9.12201e-14,2.32676e-12,1.56080e-12,3.36794e-10,6.57304e-09,1.66205e-11,3.85279e-10,2.67797e-10
0.00000e+00,0.00000e+00,0.00000e+00,0.00000e+00,0.00000e+00,2.67666e-15,6.65134e-14,1.08140e-16,3.47265e-15,1.69680e-15,1.56080e-12,3.41874e-11,7.05105e-14,2.00172e-12,1.00612e-12,2.67797e-10,5.30064e-09,1.30654e-11,3.36794e-10,1.77612e-10
0.00000e+00,0.00000e+00,0.00000e+00,0.00000e+00,0.00000e+00,1.69680e-15,4.24729e-14,6.81582e-17,2.67666e-15,5.82222e-16,1.00612e-12,2.22524e-11,4.51107e-14,1.56080e-12,3.69317e-13,1.77612e-10,3.56796e-09,8.56913e-12,2.67797e-10,7.25966e-11
0.00000e+00,0.00000e+00,0.00000e+00,0.00000e+00,0.00000e+00,6.81525e-17,1.69668e-15,2.74984e-18,2.33090e-17,1.08132e-16,4.51102e-14,1.00612e-12,2.00936e-15,1.64303e-14,7.05097e-14,8.56911e-12,1.77612e-10,4.04255e-13,3.45323e-12,1.30654e-11
0.00000e+00,0.00000e+00,0.00000e+00,0.00000e+00,0.00000e+00,1.08132e-16,2.67650e-15,4.38341e-18,6.81525e-17,1.41308e-16,7.05097e-14,1.56079e-12,3.15974e-15,4.51102e-14,9.12193e-14,1.30654e-11,2.67797e-10,6.21739e-13,8.56911e-12,1.66204e-11
0.00000e+00,0.00000e+00,0.00000e+00,0.00000e+00,0.00000e+00,1.41308e-16,3.47249e-15,5.76272e-18,1.08132e-16,1.67073e-16,9.12193e-14,2.00171e-12,4.11718e-15,7.05097e-14,1.06962e-13,1.66204e-11,3.36793e-10,7.98342e-13,1.30654e-11,1.92144e-11
0.00000e+00,0.00000e+00,0.00000e+00,0.00000e+00,0.00000e+00,1.67073e-16,4.07457e-15,6.85780e-18,1.41308e-16,1.85905e-16,1.06962e-13,2.32674e-12,4.86379e-15,9.12193e-14,1.18202e-13,1.92144e-11,3.85279e-10,9.31334e-13,1.66204e-11,2.09834e-11
0.00000e+00,0.00000e+00,0.00000e+00,0.00000e+00,0.00000e+00,1.85905e-16,4.50177e-15,7.67867e-18,1.67073e-16,1.98914e-16,1.18202e-13,2.55111e-12,5.41229e-15,1.06962e-13,1.25781e-13,2.09834e-11,4.17071e-10,1.02517e-12,1.92144e-11,2.21214e-11
0.00000e+00,0.00000e+00,0.00000e+00,0.00000e+00,0.00000e+00,1.98914e-16,4.78774e-15,8.26116e-18,1.85905e-16,2.07402e-16,1.25781e-13,2.69721e-12,5.79342e-15,1.18202e-13,1.30612e-13,2.21214e-11,4.36740e-10,1.08767e-12,2.09834e-11,2.28146e-11
0.00000e+00,0.00000e+00,0.00000e+00,0.00000e+00,0.00000e+00,2.07402e-16,4.96859e-15,8.65158e-18,1.98914e-16,2.12556e-16,1.30612e-13,2.78721e-12,6.04369e-15,1.25781e-13,1.33485e-13,2.28146e-11,4.48283e-10,1.12704e-12,2.21214e-11,2.32104e-11
0.00000e+00,0.00000e+00,0.00000e+00,0.00000e+00,0.00000e+00,2.12556e-16,5.07531e-15,8.89458e-18,2.07402e-16,2.15281e-16,1.33485e-13,2.83911e-12,6.19663e-15,1.30612e-13,1.34980e-13,2.32104e-11,4.54659e-10,1.15021e-12,2.28146e-11,2.34099e-11
0.00000e+00,0.00000e+00,0.00000e+00,0.00000e+00,0.00000e+00,2.15281e-16,5.13044e-15,9.02555e-18,2.12556e-16,2.16127e-16,1.34980e-13,2.86544e-12,6.27788e-15,1.33485e-13,1.35440e-13,2.34099e-11,4.57789e-10,1.16217e-12,2.32104e-11,2.34702e-11
0.00000e+00,0.00000e+00,0.00000e+00,0.00000e+00,0.00000e+00,2.16127e-16,5.14736e-15,9.06672e-18,2.15281e-16,2.15282e-16,1.35440e-13,2.87344e-12,6.30321e-15,1.34980e-13,1.34980e-13,2.34702e-11,4.58722e-10,1.16583e-12,2.34099e-11,2.34099e-11
0.00000e+00,0.00000e+00,0.00000e+00,0.00000e+00,0.00000e+00,2.15282e-16,5.13046e-15,9.02560e-18,2.16127e-16,2.12558e-16,1.34980e-13,2.86544e-12,6.27789e-15,1.35440e-13,1.33485e-13,2.34099e-11,4.57789e-10,1.16217e-12,2.34702e-11,2.32104e-11
0.00000e+00,0.00000e+00,0.00000e+00,0.00000e+00,0.00000e+00,2.12558e-16,5.07534e-15,8.89469e-18,2.15282e-16,2.07405e-16,1.33485e-13,2.83911e-12,6.19664e-15,1.34980e-13,1.30612e-13,2.32104e-11,4.54659e-10,1.15021e-12,2.34099e-11,2.28146e-11
0.00000e+00,0.00000e+00,0.00000e+00,0.00000e+00,0.00000e+00,2.07405e-16,4.96865e-15,8.65175e-18,2.12558e-16,1.98919e-16,1.30612e-13,2.78722e-12,6.04372e-15,1.33485e-13,1.25781e-13,2.28146e-11,4.48283e-10,1.12704e-12,2.32104e-11,2.21214e-11
0.00000e+00,0.00000e+00,0.00000e+00,0.00000e+00,0.00000e+00,1.98919e-16,4.78783e-15,8.26139e-18,2.07405e-16,1.85911e-16,1.25781e-13,2.69722e-12,5.79346e-15,1.30612e-13,1.18202e-13,2.21214e-11,4.36740e-10,1.08767e-12,2.28146e-11,2.09834e-11
0.00000e+00,0.00000e+00,0.00000e+00,0.00000e+00,0.00000e+00,1.85911e-16,4.50188e-15,7.67896e-18,1.98919e-16,1.67080e-16,1.18202e-13,2.55112e-12,5.41233e-15,1.25781e-13,1.06963e-13,2.09834e-11,4.17072e-10,1.02518e-12,2.21214e-11,1.92144e-11
0.00000e+00,0.00000e+00,0.00000e+00,0.00000e+00,0.00000e+00,1.67080e-16,4.07472e-15,6.85814e-18,1.85911e-16,1.41316e-16,1.06963e-13,2.32676e-12,4.86384e-15,1.18202e-13,9.12201e-14,1.92144e-11,3.85279e-10,9.31336e-13,2.09834e-11,1.66205e-11
0.00000e+00,0.00000e+00,0.00000e+00,0.00000e+00,0.00000e+00,1.41316e-16,3.47265e-15,5.76309e-18,1.67080e-16,1.08140e-16,9.12201e-14,2.00172e-12,4.11723e-15,1.06963e-13,7.05105e-14,1.66205e-11,3.36794e-10,7.98345e-13,1.92144e-11,1.30654e-11
0.00000e+00,0.00000e+00,0.00000e+00,0.00000e+00,0.00000e+00,1.08140e-16,2.67666e-15,4.38376e-18,1.41316e-16,6.81582e-17,7.05105e-14,1.56080e-12,3.15979e-15,9.12201e-14,4.51107e-14,1.30654e-11,2.67797e-10,6.21742e-13,1.66205e-11,8.56913e-12
0.00000e+00,0.00000e+00,0.00000e+00,0.00000e+00,0.00000e+00,6.81582e-17,1.69680e-15,2.75011e-18,1.08140e-16,2.33112e-17,4.51107e-14,1.00612e-12,2.00939e-15,7.05105e-14,1.64305e-14,8.56913e-12,1.77612e-10,4.04257e-13,1.30654e-11,3.45324e-12
0.00000e+00,0.00000e+00,0.00000e+00,0.00000e+00,0.00000e+00,2.74984e-18,6.81525e-17,1.11366e-19,9.38051e-19,4.38341e-18,2.00936e-15,4.51102e-14,8.90336e-17,7.27264e-16,3.15974e-15,4.04255e-13,8.56911e-12,1.87552e-14,1.61205e-13,6.21739e-13
0.00000e+00,0.00000e+00,0.00000e+00,0.00000e+00,0.00000e+00,4.38341e-18,1.08132e-16,1.78210e-19,2.74984e-18,5.76272e-18,3.15974e-15,7.05097e-14,1.40699e-16,2.00936e-15,4.11718e-15,6.21739e-13,1.30654e-11,2.90449e-14,4.04255e-13,7.98342e-13
0.00000e+00,0.00000e+00,0.00000e+00,0.00000e+00,0.00000e+00,5.76272e-18,1.41308e-16,2.35471e-19,4.38341e-18,6.85780e-18,4.11718e-15,9.12193e-14,1.84430e-16,3.15974e-15,4.86379e-15,7.98342e-13,1.66204e-11,3.75843e-14,6.21739e-13,9.31334e-13
0.00000e+00,0.00000e+00,0.00000e+00,0.00000e+00,0.00000e+00,6.85780e-18,1.67073e-16,2.81785e-19,5.76272e-18,7.67867e-18,4.86379e-15,1.06962e-13,2.19267e-16,4.11718e-15,5.41229e-15,9.31334e-13,1.92144e-11,4.41883e-14,7.98342e-13,1.02517e-12
0.00000e+00,0.00000e+00,0.00000e+00,0.00000e+00,0.00000e+00,7.67867e-18,1.85905e-16,3.17256e-19,6.85780e-18,8.26116e-18,5.41229e-15,1.18202e-13,2.45491e-16,4.86379e-15,5.79342e-15,1.02517e-12,2.09834e-11,4.89870e-14,9.31334e-13,1.08767e-12
0.00000e+00,0.00000e+00,0.00000e+00,0.00000e+00,0.00000e+00,8.26116e-18,1.98914e-16,3.43015e-19,7.67867e-18,8.65158e-18,5.79342e-15,1.25781e-13,2.64190e-16,5.41229e-15,6.04369e-15,1.08767e-12,2.21214e-11,5.22819e-14,1.02517e-12,1.12704e-12
0.00000e+00,0.00000e+00,0.00000e+00,0.00000e+00,0.00000e+00,8.65158e-18,2.07402e-16,3.60686e-19,8.26116e-18,8.89458e-18,6.04369e-15,1.30612e-13,2.76789e-16,5.79342e-15,6.19663e-15,1.12704e-12,2.28146e-11,5.44201e-14,1.08767e-12,1.15021e-12
0.00000e+00,0.00000e+00,0.00000e+00,0.00000e+00,0.00000e+00,8.89458e-18,2.12556e-16,3.71920e-19,8.65158e-18,9.02555e-18,6.19663e-15,1.33485e-13,2.84670e-16,6.04369e-15,6.27788e-15,1.15021e-12,2.32104e-11,5.57131e-14,1.12704e-12,1.16217e-12
0.00000e+00,0.00000e+00,0.00000e+00,0.00000e+00,0.00000e+00,9.02555e-18,2.15281e-16,3.78077e-19,8.89458e-18,9.06672e-18,6.27788e-15,1.34980e-13,2.88936e-16,6.19663e-15,6.30321e-15,1.16217e-12,2.34099e-11,5.63945e-14,1.15021e-12,1.16583e-12
0.00000e+00,0.00000e+00,0.00000e+00,0.00000e+00,0.00000e+00,9.06672e-18,2.16127e-16,3.80031e-19,9.02555e-18,9.02560e-18,6.30321e-15,1.35440e-13,2.90279e-16,6.27788e-15,6.27789e-15,1.16583e-12,2.34702e-11,5.66059e-14,1.16217e-12,1.16217e-12
0.00000e+00,0.00000e+00,0.00000e+00,0.00000e+00,0.00000e+00,9.02560e-18,2.15282e-16,3.78080e-19,9.06672e-18,8.89469e-18,6.27789e-15,1.34980e-13,2.88936e-16,6.30321e-15,6.19664e-15,1.16217e-12,2.34099e-11,5.63945e-14,1.16583e-12,1.15021e-12
0.00000e+00,0.00000e+00,0.00000e+00,0.00000e+00,0.00000e+00,8.89469e-18,2.12558e-16,3.71926e-19,9.02560e-18,8.65175e-18,6.19664e-15,1.33485e-13,2.84671e-16,6.27789e-15,6.04372e-15,1.15021e-12,2.32104e-11,5.57131e-14,1.16217e-12,1.12704e-12
0.00000e+00,0.00000e+00,0.00000e+00,0.00000e+00,0.00000e+00,8.65175e-18,2.07405e-16,3.60695e-19,8.89469e-18,8.26139e-18,6.04372e-15,1.30612e-13,2.76790e-16,6.19664e-15,5.79346e-15,1.12704e-12,2.28146e-11,5.44202e-14,1.15021e-12,1.08767e-12
0.00000e+00,0.00000e+00,0.00000e+00,0.00000e+00,0.00000e+00,8.26139e-18,1.98919e-16,3.43027e-19,8.65175e-18,7.67896e-18,5.79346e-15,1.25781e-13,2.64192e-16,6.04372e-15,5.41233e-15,1.08767e-12,2.21214e-11,5.22820e-14,1.12704e-12,1.02518e-12
0.00000e+00,0.00000e+00,0.00000e+00,0.00000e+00,0.00000e+00,7.67896e-18,1.85911e-16,3.17271e-19,8.26139e-18,6.85814e-18,5.41233e-15,1.18202e-13,2.45493e-16,5.79346e-15,4.86384e-15,1.02518e-12,2.09834e-11,4.89872e-14,1.08767e-12,9.31336e-13
0.00000e+00,0.00000e+00,0.00000e+00,0.00000e+00,0.00000e+00,6.85814e-18,1.67080e-16,2.81802e-19,7.67896e-18,5.76309e-18,4.86384e-15,1.06963e-13,2.19269e-16,5.41233e-15,4.11723e-15,9.31336e-13,1.92144e-11,4.41885e-14,1.02518e-12,7.98345e-13
0.00000e+00,0.00000e+00,0.00000e+00,0.00000e+00,0.00000e+00,5.76309e-18,1.41316e-16,2.35490e-19,6.85814e-18,4.38376e-18,4.11723e-15,9.12201e-14,1.84432e-16,4.86384e-15,3.15979e-15,7.98345e-13,1.66205e-11,3.75845e-14,9.31336e-13,6.21742e-13
0.00000e+00,0.00000e+00,0.00000e+00,0.00000e+00,0.00000e+00,4.38376e-18,1.08140e-16,1.78227e-19,5.76309e-18,2.75011e-18,3.15979e-15,7.05105e-14,1.40701e-16,4.11723e-15,2.00939e-15,6.21742e-13,1.30654e-11,2.90450e-14,7.98345e-13,4.04257e-13
0.00000e+00,0.00000e+00,0.00000e+00,0.00000e+00,0.00000e+00,2.75011e-18,6.81582e-17,1.11379e-19,4.38376e-18,9.38157e-19,2.00939e-15,4.51107e-14,8.90354e-17,3.15979e-15,7.27278e-16,4.04257e-13,8.56913e-12,1.87554e-14,6.21742e-13,1.61206e-13
0.00000e+00,0.00000e+00,0.00000e+00,0.00000e+00,0.00000e+00,1.11366e-19,2.74984e-18,4.52444e-21,3.79105e-20,1.78210e-19,8.90336e-17,2.00936e-15,3.92801e-18,3.20566e-17,1.40699e-16,1.87552e-14,4.04255e-13,8.59066e-16,7.41882e-15,2.90449e-14
0.00000e+00,0.00000e+00,0.00000e+00,0.00000e+00,0.00000e+00,1.78210e-19,4.38341e-18,7.26355e-21,1.11366e-19,2.35471e-19,1.40699e-16,3.15974e-15,6.23286e-18,8.90336e-17,1.84430e-16,2.90449e-14,6.21739e-13,1.33784e-15,1.87552e-14,3.75843e-14
0.00000e+00,0.00000e+00,0.00000e+00,0.00000e+00,0.00000e+00,2.35471e-19,5.76272e-18,9.63864e-21,1.78210e-19,2.81785e-19,1.84430e-16,4.11718e-15,8.21137e-18,1.40699e-16,2.19267e-16,3.75843e-14,7.98342e-13,1.74240e-15,2.90449e-14,4.41883e-14
0.00000e+00,0.00000e+00,0.00000e+00,0.00000e+00,0.00000e+00,2.81785e-19,6.85780e-18,1.15902e-20,2.35471e-19,3.17256e-19,2.19267e-16,4.86379e-15,9.81617e-18,1.84430e-16,2.45491e-16,4.41883e-14,9.31334e-13,2.06237e-15,3.75843e-14,4.89870e-14
0.00000e+00,0.00000e+00,0.00000e+00,0.00000e+00,0.00000e+00,3.17256e-19,7.67867e-18,1.31127e-20,2.81785e-19,3.43015e-19,2.45491e-16,5.41229e-15,1.10496e-17,2.19267e-16,2.64190e-16,4.89870e-14,1.02517e-12,2.30085e-15,4.41883e-14,5.22819e-14
0.00000e+00,0.00000e+00,0.00000e+00,0.00000e+00,0.00000e+00,3.43015e-19,8.26116e-18,1.42405e-20,3.17256e-19,3.60686e-19,2.64190e-16,5.79342e-15,1.19489e-17,2.45491e-16,2.76789e-16,5.22819e-14,1.08767e-12,2.46900e-15,4.89870e-14,5.44201e-14
0.00000e+00,0.00000e+00,0.00000e+00,0.00000e+00,0.00000e+00,3.60686e-19,8.65158e-18,1.50299e-20,3.43015e-19,3.71920e-19,2.76789e-16,6.04369e-15,1.25685e-17,2.64190e-16,2.84670e-16,5.44201e-14,1.12704e-12,2.58103e-15,5.22819e-14,5.57131e-14
0.00000e+00,0.00000e+00,0.00000e+00,0.00000e+00,0.00000e+00,3.71920e-19,8.89458e-18,1.55410e-20,3.60686e-19,3.78077e-19,2.84670e-16,6.19663e-15,1.29641e-17,2.76789e-16,2.88936e-16,5.57131e-14,1.15021e-12,2.65041e-15,5.44201e-14,5.63945e-14
0.00000e+00,0.00000e+00,0.00000e+00,0.00000e+00,0.00000e+00,3.78077e-19,9.02555e-18,1.58251e-20,3.71920e-19,3.80031e-19,2.88936e-16,6.27788e-15,1.31816e-17,2.84670e-16,2.90279e-16,5.63945e-14,1.16217e-12,2.68767e-15,5.57131e-14,5.66059e-14
0.00000e+00,0.00000e+00,0.00000e+00,0.00000e+00,0.00000e+00,3.80031e-19,9.06672e-18,1.59160e-20,3.78077e-19,3.78080e-19,2.90279e-16,6.30321e-15,1.32507e-17,2.88936e-16,2.88936e-16,5.66059e-14,1.16583e-12,2.69935e-15,5.63945e-14,5.63945e-14
0.00000e+00,0.00000e+00,0.00000e+00,0.00000e+00,0.00000e+00,3.78080e-19,9.02560e-18,1.58253e-20,3.80031e-19,3.71926e-19,2.88936e-16,6.27789e-15,1.31816e-17,2.90279e-16,2.84671e-16,5.63945e-14,1.16217e-12,2.68767e-15,5.66059e-14,5.57131e-14
0.00000e+00,0.00000e+00,0.00000e+00,0.00000e+00,0.00000e+00,3.71926e-19,8.89469e-18,1.55413e-20,3.78080e-19,3.60695e-19,2.84671e-16,6.19664e-15,1.29641e-17,2.88936e-16,2.76790e-16,5.57131e-14,1.15021e-12,2.65042e-15,5.63945e-14,5.44202e-14
0.00000e+00,0.00000e+00,0.00000e+00,0.00000e+00,0.00000e+00,3.60695e-19,8.65175e-18,1.50303e-20,3.71926e-19,3.43027e-19,2.76790e-16,6.04372e-15,1.25686e-17,2.84671e-16,2.64192e-16,5.44202e-14,1.12704e-12,2.58104e-15,5.57131e-14,5.22820e-14
0.00000e+00,0.00000e+00,0.00000e+00,0.00000e+00,0.00000e+00,3.43027e-19,8.26139e-18,1.42412e-20,3.60695e-19,3.17271e-19,2.64192e-16,5.79346e-15,1.19490e-17,2.76790e-16,2.45493e-16,5.22820e-14,1.08767e-12,2.46901e-15,5.44202e-14,4.89872e-14
0.00000e+00,0.00000e+00,0.00000e+00,0.00000e+00,0.00000e+00,3.17271e-19,7.67896e-18,1.31134e-20,3.43027e-19,2.81802e-19,2.45493e-16,5.41233e-15,1.10497e-17,2.64192e-16,2.19269e-16,4.89872e-14,1.02518e-12,2.30086e-15,5.22820e-14,4.41885e-14
0.00000e+00,0.00000e+00,0.00000e+00,0.00000e+00,0.00000e+00,2.81802e-19,6.85814e-18,1.15911e-20,3.17271e-19,2.35490e-19,2.19269e-16,4.86384e-15,9.81631e-18,2.45493e-16,1.84432e-16,4.41885e-14,9.31336e-13,2.06239e-15,4.89872e-14,3.75845e-14
0.00000e+00,0.00000e+00,0.00000e+00,0.00000e+00,0.00000e+00,2.35490e-19,5.76309e-18,9.63956e-21,2.81802e-19,1.78227e-19,1.84432e-16,4.11723e-15,8.21152e-18,2.19269e-16,1.40701e-16,3.75845e-14,7.98345e-13,1.74241e-15,4.41885e-14,2.90450e-14
0.00000e+00,0.00000e+00,0.00000e+00,0.00000e+00,0.00000e+00,1.78227e-19,4.38376e-18,7.26439e-21,2.35490e-19,1.11379e-19,1.40701e-16,3.15979e-15,6.23299e-18,1.84432e-16,8.90354e-17,2.90450e-14,6.21742e-13,1.33785e-15,3.75845e-14,1.87554e-14
0.00000e+00,0.00000e+00,0.00000e+00,0.00000e+00,0.00000e+00,1.11379e-19,2.75011e-18,4.52508e-21,1.78227e-19,3.79156e-20,8.90354e-17,2.00939e-15,3.92810e-18,1.40701e-16,3.20574e-17,1.87554e-14,4.04257e-13,8.59075e-16,2.90450e-14,7.41889e-15
0.00000e+00,0.00000e+00,0.00000e+00,0.00000e+00,0.00000e+00,4.52444e-21,1.11366e-19,1.84308e-22,1.53750e-21,7.26355e-21,3.92801e-18,8.90336e-17,1.72669e-19,1.40803e-18,6.23286e-18,8.59066e-16,1.87552e-14,3.89549e-17,3.37646e-16,1.33784e-15
0.00000e+00,0.00000e+00,0.00000e+00,0.00000e+00,0.00000e+00,7.26355e-21,1.78210e-19,2.96700e-22,4.52444e-21,9.63864e-21,6.23286e-18,1.40699e-16,2.74936e-19,3.92801e-18,8.21137e-18,1.33784e-15,2.90449e-14,6.09461e-17,8.59066e-16,1.74240e-15
0.00000e+00,0.00000e+00,0.00000e+00,0.00000e+00,0.00000e+00,9.63864e-21,2.35471e-19,3.95168e-22,7.26355e-21,1.15902e-20,8.21137e-18,1.84430e-16,3.63768e-19,6.23286e-18,9.81617e-18,1.74240e-15,3.75843e-14,7.98106e-17,1.33784e-15,2.06237e-15
0.00000e+00,0.00000e+00,0.00000e+00,0.00000e+00,0.00000e+00,1.15902e-20,2.81785e-19,4.77176e-22,9.63864e-21,1.31127e-20,9.81617e-18,2.19267e-16,4.36934e-19,8.21137e-18,1.10496e-17,2.06237e-15,4.41883e-14,9.50186e-17,1.74240e-15,2.30085e-15
0.00000e+00,0.00000e+00,0.00000e+00,0.00000e+00,0.00000e+00,1.31127e-20,3.17256e-19,5.42175e-22,1.15902e-20,1.42405e-20,1.10496e-17,2.45491e-16,4.94182e-19,9.81617e-18,1.19489e-17,2.30085e-15,4.89870e-14,1.06603e-16,2.06237e-15,2.46900e-15
0.00000e+00,0.00000e+00,0.00000e+00,0.00000e+00,0.00000e+00,1.42405e-20,3.43015e-19,5.91165e-22,1.31127e-20,1.50299e-20,1.19489e-17,2.64190e-16,5.36737e-19,1.10496e-17,1.25685e-17,2.46900e-15,5.22819e-14,1.14964e-16,2.30085e-15,2.58103e-15
0.00000e+00,0.00000e+00,0.00000e+00,0.00000e+00,0.00000e+00,1.50299e-20,3.60686e-19,6.26049e-22,1.42405e-20,1.55410e-20,1.25685e-17,2.76789e-16,5.66627e-19,1.19489e-17,1.29641e-17,2.58103e-15,5.44201e-14,1.20664e-16,2.46900e-15,2.65041e-15
0.00000e+00,0.00000e+00,0.00000e+00,0.00000e+00,0.00000e+00,1.55410e-20,3.71920e-19,6.48996e-22,1.50299e-20,1.58251e-20,1.29641e-17,2.84670e-16,5.86046e-19,1.25685e-17,1.31816e-17,2.65041e-15,5.57131e-14,1.24269e-16,2.58103e-15,2.68767e-15
0.00000e+00,0.00000e+00,0.00000e+00,0.00000e+00,0.00000e+00,1.58251e-20,3.78077e-19,6.61910e-22,1.55410e-20,1.59160e-20,1.31816e-17,2.88936e-16,5.96871e-19,1.29641e-17,1.32507e-17,2.68767e-15,5.63945e-14,1.26237e-16,2.65041e-15,2.69935e-15
0.00000e+00,0.00000e+00,0.00000e+00,0.00000e+00,0.00000e+00,1.59160e-20,3.80031e-19,6.66069e-22,1.58251e-20,1.58253e-20,1.32507e-17,2.90279e-16,6.00337e-19,1.31816e-17,1.31816e-17,2.69935e-15,5.66059e-14,1.26859e-16,2.68767e-15,2.68767e-15
0.00000e+00,0.00000e+00,0.00000e+00,0.00000e+00,0.00000e+00,1.58253e-20,3.78080e-19,6.61919e-22,1.59160e-20,1.55413e-20,1.31816e-17,2.88936e-16,5.96873e-19,1.32507e-17,1.29641e-17,2.68767e-15,5.63945e-14,1.26237e-16,2.69935e-15,2.65042e-15
0.00000e+00,0.00000e+00,0.00000e+00,0.00000e+00,0.00000e+00,1.55413e-20,3.71926e-19,6.49014e-22,1.58253e-20,1.50303e-20,1.29641e-17,2.84671e-16,5.86049e-19,1.31816e-17,1.25686e-17,2.65042e-15,5.57131e-14,1.24269e-16,2.68767e-15,2.58104e-15
0.00000e+00,0.00000e+00,0.00000e+00,0.00000e+00,0.00000e+00,1.50303e-20,3.60695e-19,6.26075e-22,1.55413e-20,1.42412e-20,1.25686e-17,2.76790e-16,5.66631e-19,1.29641e-17,1.19490e-17,2.58104e-15,5.44202e-14,1.20665e-16,2.65042e-15,2.46901e-15
0.00000e+00,0.00000e+00,0.00000e+00,0.00000e+00,0.00000e+00,1.42412e-20,3.43027e-19,5.91199e-22,1.50303e-20,1.31134e-20,1.19490e-17,2.64192e-16,5.36743e-19,1.25686e-17,1.10497e-17,2.46901e-15,5.22820e-14,1.14964e-16,2.58104e-15,2.30086e-15
0.00000e+00,0.00000e+00,0.00000e+00,0.00000e+00,0.00000e+00,1.31134e-20,3.17271e-19,5.42216e-22,1.42412e-20,1.15911e-20,1.10497e-17,2.45493e-16,4.94189e-19,1.19490e-17,9.81631e-18,2.30086e-15,4.89872e-14,1.06604e-16,2.46901e-15,2.06239e-15
0.00000e+00,0.00000e+00,0.00000e+00,0.00000e+00,0.00000e+00,1.15911e-20,2.81802e-19,4.77221e-22,1.31134e-20,9.63956e-21,9.81631e-18,2.19269e-16,4.36942e-19,1.10497e-17,8.21152e-18,2.06239e-15,4.41885e-14,9.50195e-17,2.30086e-15,1.74241e-15
0.00000e+00,0.00000e+00,0.00000e+00,0.00000e+00,0.00000e+00,9.63956e-21,2.35490e-19,3.95215e-22,1.15911e-20,7.26439e-21,8.21152e-18,1.84432e-16,3.63775e-19,9.81631e-18,6.23299e-18,1.74241e-15,3.75845e-14,7.98114e-17,2.06239e-15,1.33785e-15
0.00000e+00,0.00000e+00,0.00000e+00,0.00000e+00,0.00000e+00,7.26439e-21,1.78227e-19,2.96743e-22,9.63956e-21,4.52508e-21,6.23299e-18,1.40701e-16,2.74943e-19,8.21152e-18,3.92810e-18,1.33785e-15,2.90450e-14,6.09469e-17,1.74241e-15,8.59075e-16
0.00000e+00,0.00000e+00,0.00000e+00,0.00000e+00,0.00000e+00,4.52508e-21,1.11379e-19,1.84340e-22,7.26439e-21,1.53775e-21,3.92810e-18,8.90354e-17,1.72674e-19,6.23299e-18,1.40807e-18,8.59075e-16,1.87554e-14,3.89554e-17,1.33785e-15,3.37651e-16
0.00000e+00,0.00000e+00,0.00000e+00,0.00000e+00,0.00000e+00,1.84308e-22,4.52444e-21,7.52538e-24,6.25400e-23,2.96700e-22,1.72669e-19,3.92801e-18,7.56682e-21,6.16596e-20,2.74936e-19,3.89549e-17,8.59066e-16,1.75224e-18,1.52318e-17,6.09461e-17
0.00000e+00,0.00000e+00,0.00000e+00,0.00000e+00,0.00000e+00,2.96700e-22,7.26355e-21,1.21429e-23,1.84308e-22,3.95168e-22,2.74936e-19,6.23286e-18,1.20841e-20,1.72669e-19,3.63768e-19,6.09461e-17,1.33784e-15,2.75208e-18,3.89549e-17,7.98106e-17
0.00000e+00,0.00000e+00,0.00000e+00,0.00000e+00,0.00000e+00,3.95168e-22,9.63864e-21,1.62243e-23,2.96700e-22,4.77176e-22,3.63768e-19,8.21137e-18,1.60475e-20,2.74936e-19,4.36934e-19,7.98106e-17,1.74240e-15,3.62073e-18,6.09461e-17,9.50186e-17
0.00000e+00,0.00000e+00,0.00000e+00,0.00000e+00,0.00000e+00,4.77176e-22,1.15902e-20,1.96632e-23,3.95168e-22,5.42175e-22,4.36934e-19,9.81617e-18,1.93553e-20,3.63768e-19,4.94182e-19,9.50186e-17,2.06237e-15,4.33255e-18,7.98106e-17,1.06603e-16
0.00000e+00,0.00000e+00,0.00000e+00,0.00000e+00,0.00000e+00,5.42175e-22,1.31127e-20,2.24265e-23,4.77176e-22,5.91165e-22,4.94182e-19,1.10496e-17,2.19836e-20,4.36934e-19,5.36737e-19,1.06603e-16,2.30085e-15,4.88511e-18,9.50186e-17,1.14964e-16
0.00000e+00,0.00000e+00,0.00000e+00,0.00000e+00,0.00000e+00,5.91165e-22,1.42405e-20,2.45405e-23,5.42175e-22,6.26049e-22,5.36737e-19,1.19489e-17,2.39702e-20,4.94182e-19,5.66627e-19,1.14964e-16,2.46900e-15,5.29205e-18,1.06603e-16,1.20664e-16
0.00000e+00,0.00000e+00,0.00000e+00,0.00000e+00,0.00000e+00,6.26049e-22,1.50299e-20,2.60685e-23,5.91165e-22,6.48996e-22,5.66627e-19,1.25685e-17,2.53891e-20,5.36737e-19,5.86046e-19,1.20664e-16,2.58103e-15,5.57516e-18,1.14964e-16,1.24269e-16
0.00000e+00,0.00000e+00,0.00000e+00,0.00000e+00,0.00000e+00,6.48996e-22,1.55410e-20,2.70874e-23,6.26049e-22,6.61910e-22,5.86046e-19,1.29641e-17,2.63250e-20,5.66627e-19,5.96871e-19,1.24269e-16,2.65041e-15,5.75751e-18,1.20664e-16,1.26237e-16
0.00000e+00,0.00000e+00,0.00000e+00,0.00000e+00,0.00000e+00,6.61910e-22,1.58251e-20,2.76669e-23,6.48996e-22,6.66069e-22,5.96871e-19,1.31816e-17,2.68529e-20,5.86046e-19,6.00337e-19,1.26237e-16,2.68767e-15,5.85848e-18,1.24269e-16,1.26859e-16
0.00000e+00,0.00000e+00,0.00000e+00,0.00000e+00,0.00000e+00,6.66069e-22,1.59160e-20,2.78546e-23,6.61910e-22,6.61919e-22,6.00337e-19,1.32507e-17,2.70230e-20,5.96871e-19,5.96873e-19,1.26859e-16,2.69935e-15,5.89068e-18,1.26237e-16,1.26237e-16
0.00000e+00,0.00000e+00,0.00000e+00,0.00000e+00,0.00000e+00,6.61919e-22,1.58253e-20,2.76674e-23,6.66069e-22,6.49014e-22,5.96873e-19,1.31816e-17,2.68530e-20,6.00337e-19,5.86049e-19,1.26237e-16,2.68767e-15,5.85848e-18,1.26859e-16,1.24269e-16
0.00000e+00,0.00000e+00,0.00000e+00,0.00000e+00,0.00000e+00,6.49014e-22,1.55413e-20,2.70884e-23,6.61919e-22,6.26075e-22,5.86049e-19,1.29641e-17,2.63252e-20,5.96873e-19,5.66631e-19,1.24269e-16,2.65042e-15,5.75753e-18,1.26237e-16,1.20665e-16
0.00000e+00,0.00000e+00,0.00000e+00,0.00000e+00,0.00000e+00,6.26075e-22,1.50303e-20,2.60699e-23,6.49014e-22,5.91199e-22,5.66631e-19,1.25686e-17,2.53893e-20,5.86049e-19,5.36743e-19,1.20665e-16,2.58104e-15,5.57518e-18,1.24269e-16,1.14964e-16
0.00000e+00,0.00000e+00,0.00000e+00,0.00000e+00,0.00000e+00,5.91199e-22,1.42412e-20,2.45423e-23,6.26075e-22,5.42216e-22,5.36743e-19,1.19490e-17,2.39705e-20,5.66631e-19,4.94189e-19,1.14964e-16,2.46901e-15,5.29208e-18,1.20665e-16,1.06604e-16
0.00000e+00,0.00000e+00,0.00000e+00,0.00000e+00,0.00000e+00,5.42216e-22,1.31134e-20,2.24286e-23,5.91199e-22,4.77221e-22,4.94189e-19,1.10497e-17,2.19840e-20,5.36743e-19,4.36942e-19,1.06604e-16,2.30086e-15,4.88515e-18,1.14964e-16,9.50195e-17
0.00000e+00,0.00000e+00,0.00000e+00,0.00000e+00,0.00000e+00,4.77221e-22,1.15911e-20,1.96655e-23,5.42216e-22,3.95215e-22,4.36942e-19,9.81631e-18,1.93557e-20,4.94189e-19,3.63775e-19,9.50195e-17,2.06239e-15,4.33260e-18,1.06604e-16,7.98114e-17
0.00000e+00,0.00000e+00,0.00000e+00,0.00000e+00,0.00000e+00,3.95215e-22,9.63956e-21,1.62266e-23,4.77221e-22,2.96743e-22,3.63775e-19,8.21152e-18,1.60480e-20,4.36942e-19,2.74943e-19,7.98114e-17,1.74241e-15,3.62078e-18,9.50195e-17,6.09469e-17
0.00000e+00,0.00000e+00,0.00000e+00,0.00000e+00,0.00000e+00,2.96743e-22,7.26439e-21,1.21450e-23,3.95215e-22,1.84340e-22,2.74943e-19,6.23299e-18,1.20844e-20,3.63775e-19,1.72674e-19,6.09469e-17,1.33785e-15,2.75212e-18,7.98114e-17,3.89554e-17
0.00000e+00,0.00000e+00,0.00000e+00,0.00000e+00,0.00000e+00,1.84340e-22,4.52508e-21,7.52697e-24,2.96743e-22,6.25524e-23,1.72674e-19,3.92810e-18,7.56708e-21,2.74943e-19,6.16617e-20,3.89554e-17,8.59075e-16,1.75227e-18,6.09469e-17,1.52320e-17
0.00000e+00,0.00000e+00,0.00000e+00,0.00000e+00,0.00000e+00,7.52538e-24,1.84308e-22,3.07882e-25,2.55035e-24,1.21429e-23,7.56682e-21,1.72669e-19,3.30713e-22,2.69314e-21,1.20841e-20,1.75224e-18,3.89549e-17,7.83013e-20,6.82234e-19,2.75208e-18
0.00000e+00,0.00000e+00,0.00000e+00,0.00000e+00,0.00000e+00,1.21429e-23,2.96700e-22,4.97804e-25,7.52538e-24,1.62243e-23,1.20841e-20,2.74936e-19,5.29489e-22,7.56682e-21,1.60475e-20,2.75208e-18,6.09461e-17,1.23385e-19,1.75224e-18,3.62073e-18
0.00000e+00,0.00000e+00,0.00000e+00,0.00000e+00,0.00000e+00,1.62243e-23,3.95168e-22,6.66962e-25,1.21429e-23,1.96632e-23,1.60475e-20,3.63768e-19,7.05409e-22,1.20841e-20,1.93553e-20,3.62073e-18,7.98106e-17,1.62981e-19,2.75208e-18,4.33255e-18
0.00000e+00,0.00000e+00,0.00000e+00,0.00000e+00,0.00000e+00,1.96632e-23,4.77176e-22,8.10935e-25,1.62243e-23,2.24265e-23,1.93553e-20,4.36934e-19,8.53898e-22,1.60475e-20,2.19836e-20,4.33255e-18,9.50186e-17,1.95886e-19,3.62073e-18,4.88511e-18
0.00000e+00,0.00000e+00,0.00000e+00,0.00000e+00,0.00000e+00,2.24265e-23,5.42175e-22,9.28010e-25,1.96632e-23,2.45405e-23,2.19836e-20,4.94182e-19,9.73473e-22,1.93553e-20,2.39702e-20,4.88511e-18,1.06603e-16,2.21851e-19,4.33255e-18,5.29205e-18
0.00000e+00,0.00000e+00,0.00000e+00,0.00000e+00,0.00000e+00,2.45405e-23,5.91165e-22,1.01874e-24,2.24265e-23,2.60685e-23,2.39702e-20,5.36737e-19,1.06517e-21,2.19836e-20,2.53891e-20,5.29205e-18,1.14964e-16,2.41314e-19,4.88511e-18,5.57516e-18
0.00000e+00,0.00000e+00,0.00000e+00,0.00000e+00,0.00000e+00,2.60685e-23,6.26049e-22,1.08518e-24,2.45405e-23,2.70874e-23,2.53891e-20,5.66627e-19,1.13162e-21,2.39702e-20,2.63250e-20,5.57516e-18,1.20664e-16,2.55095e-19,5.29205e-18,5.75751e-18
0.00000e+00,0.00000e+00,0.00000e+00,0.00000e+00,0.00000e+00,2.70874e-23,6.48996e-22,1.13001e-24,2.60685e-23,2.76669e-23,2.63250e-20,5.86046e-19,1.17603e-21,2.53891e-20,2.68529e-20,5.75751e-18,1.24269e-16,2.64115e-19,5.57516e-18,5.85848e-18
0.00000e+00,0.00000e+00,0.00000e+00,0.00000e+00,0.00000e+00,2.76669e-23,6.61910e-22,1.15573e-24,2.70874e-23,2.78546e-23,2.68529e-20,5.96871e-19,1.20134e-21,2.63250e-20,2.70230e-20,5.85848e-18,1.26237e-16,2.69171e-19,5.75751e-18,5.89068e-18
0.00000e+00,0.00000e+00,0.00000e+00,0.00000e+00,0.00000e+00,2.78546e-23,6.66069e-22,1.16411e-24,2.76669e-23,2.76674e-23,2.70230e-20,6.00337e-19,1.20954e-21,2.68529e-20,2.68530e-20,5.89068e-18,1.26859e-16,2.70795e-19,5.85848e-18,5.85848e-18
0.00000e+00,0.00000e+00,0.00000e+00,0.00000e+00,0.00000e+00,2.76674e-23,6.61919e-22,1.15576e-24,2.78546e-23,2.70884e-23,2.68530e-20,5.96873e-19,1.20134e-21,2.70230e-20,2.63252e-20,5.85848e-18,1.26237e-16,2.69171e-19,5.89068e-18,5.75753e-18
0.00000e+00,0.00000e+00,0.00000e+00,0.00000e+00,0.00000e+00,2.70884e-23,6.49014e-22,1.13006e-24,2.76674e-23,2.60699e-23,2.63252e-20,5.86049e-19,1.17604e-21,2.68530e-20,2.53893e-20,5.75753e-18,1.24269e-16,2.64116e-19,5.85848e-18,5.57518e-18
0.00000e+00,0.00000e+00,0.00000e+00,0.00000e+00,0.00000e+00,2.60699e-23,6.26075e-22,1.08525e-24,2.70884e-23,2.45423e-23,2.53893e-20,5.66631e-19,1.13163e-21,2.63252e-20,2.39705e-20,5.57518e-18,1.20665e-16,2.55097e-19,5.75753e-18,5.29208e-18
0.00000e+00,0.00000e+00,0.00000e+00,0.00000e+00,0.00000e+00,2.45423e-23,5.91199e-22,1.01883e-24,2.60699e-23,2.24286e-23,2.39705e-20,5.36743e-19,1.06519e-21,2.53893e-20,2.19840e-20,5.29208e-18,1.14964e-16,2.41316e-19,5.57518e-18,4.88515e-18
0.00000e+00,0.00000e+00,0.00000e+00,0.00000e+00,0.00000e+00,2.24286e-23,5.42216e-22,9.28120e-25,2.45423e-23,1.96655e-23,2.19840e-20,4.94189e-19,9.73493e-22,2.39705e-20,1.93557e-20,4.88515e-18,1.06604e-16,2.21854e-19,5.29208e-18,4.33260e-18
0.00000e+00,0.00000e+00,0.00000e+00,0.00000e+00,0.00000e+00,1.96655e-23,4.77221e-22,8.11055e-25,2.24286e-23,1.62266e-23,1.93557e-20,4.36942e-19,8.53920e-22,2.19840e-20,1.60480e-20,4.33260e-18,9.50195e-17,1.95889e-19,4.88515e-18,3.62078e-18
0.00000e+00,0.00000e+00,0.00000e+00,0.00000e+00,0.00000e+00,1.62266e-23,3.95215e-22,6.67083e-25,1.96655e-23,1.21450e-23,1.60480e-20,3.63775e-19,7.05431e-22,1.93557e-20,1.20844e-20,3.62078e-18,7.98114e-17,1.62983e-19,4.33260e-18,2.75212e-18
0.00000e+00,0.00000e+00,0.00000e+00,0.00000e+00,0.00000e+00,1.21450e-23,2.96743e-22,4.97912e-25,1.62266e-23,7.52697e-24,1.20844e-20,2.74943e-19,5.29507e-22,1.60480e-20,7.56708e-21,2.75212e-18,6.09469e-17,1.23387e-19,3.62078e-18,1.75227e-18
0.00000e+00,0.00000e+00,0.00000e+00,0.00000e+00,0.00000e+00,7.52697e-24,1.84340e-22,3.07961e-25,1.21450e-23,2.55096e-24,7.56708e-21,1.72674e-19,3.30726e-22,1.20844e-20,2.69324e-21,1.75227e-18,3.89554e-17,7.83028e-20,2.75212e-18,6.82246e-19
0.00000e+00,0.00000e+00,0.00000e+00,0.00000e+00,0.00000e+00,3.07882e-25,7.52538e-24,1.26183e-26,1.04229e-25,4.97804e-25,3.30713e-22,7.56682e-21,1.44202e-23,1.17362e-22,5.29489e-22,7.83013e-20,1.75224e-18,3.47996e-21,3.03779e-20,1.23385e-19
0.00000e+00,0.00000e+00,0.00000e+00,0.00000e+00,0.00000e+00,4.97804e-25,1.21429e-23,2.04381e-26,3.07882e-25,6.66962e-25,5.29489e-22,1.20841e-20,2.31387e-23,3.30713e-22,7.05409e-22,1.23385e-19,2.75208e-18,5.49910e-21,7.83013e-20,1.62981e-19
0.00000e+00,0.00000e+00,0.00000e+00,0.00000e+00,0.00000e+00,6.66962e-25,1.62243e-23,2.74494e-26,4.97804e-25,8.10935e-25,7.05409e-22,1.60475e-20,3.09126e-23,5.29489e-22,8.53898e-22,1.62981e-19,3.62073e-18,7.28904e-21,1.23385e-19,1.95886e-19
0.00000e+00,0.00000e+00,0.00000e+00,0.00000e+00,0.00000e+00,8.10935e-25,1.96632e-23,3.34693e-26,6.66962e-25,9.28010e-25,8.53898e-22,1.93553e-20,3.75390e-23,7.05409e-22,9.73473e-22,1.95886e-19,4.33255e-18,8.79473e-21,1.62981e-19,2.21851e-19
0.00000e+00,0.00000e+00,0.00000e+00,0.00000e+00,0.00000e+00,9.28010e-25,2.24265e-23,3.84156e-26,8.10935e-25,1.01874e-24,9.73473e-22,2.19836e-20,4.29374e-23,8.53898e-22,1.06517e-21,2.21851e-19,4.88511e-18,9.99985e-21,1.95886e-19,2.41314e-19
0.00000e+00,0.00000e+00,0.00000e+00,0.00000e+00,0.00000e+00,1.01874e-24,2.45405e-23,4.22923e-26,9.28010e-25,1.08518e-24,1.06517e-21,2.39702e-20,4.71297e-23,9.73473e-22,1.13162e-21,2.41314e-19,5.29205e-18,1.09172e-20,2.21851e-19,2.55095e-19
0.00000e+00,0.00000e+00,0.00000e+00,0.00000e+00,0.00000e+00,1.08518e-24,2.60685e-23,4.51633e-26,1.01874e-24,1.13001e-24,1.13162e-21,2.53891e-20,5.02062e-23,1.06517e-21,1.17603e-21,2.55095e-19,5.57516e-18,1.15768e-20,2.41314e-19,2.64115e-19
0.00000e+00,0.00000e+00,0.00000e+00,0.00000e+00,0.00000e+00,1.13001e-24,2.70874e-23,4.71200e-26,1.08518e-24,1.15573e-24,1.17603e-21,2.63250e-20,5.22858e-23,1.13162e-21,1.20134e-21,2.64115e-19,5.75751e-18,1.20146e-20,2.55095e-19,2.69171e-19
0.00000e+00,0.00000e+00,0.00000e+00,0.00000e+00,0.00000e+00,1.15573e-24,2.76669e-23,4.82517e-26,1.13001e-24,1.16411e-24,1.20134e-21,2.68529e-20,5.34810e-23,1.17603e-21,1.20954e-21,2.69171e-19,5.85848e-18,1.22626e-20,2.64115e-19,2.70795e-19
0.00000e+00,0.00000e+00,0.00000e+00,0.00000e+00,0.00000e+00,1.16411e-24,2.78546e-23,4.86218e-26,1.15573e-24,1.15576e-24,1.20954e-21,2.70230e-20,5.38702e-23,1.20134e-21,1.20134e-21,2.70795e-19,5.89068e-18,1.23428e-20,2.69171e-19,2.69171e-19
0.00000e+00,0.00000e+00,0.00000e+00,0.00000e+00,0.00000e+00,1.15576e-24,2.76674e-23,4.82530e-26,1.16411e-24,1.13006e-24,1.20134e-21,2.68530e-20,5.34813e-23,1.20954e-21,1.17604e-21,2.69171e-19,5.85848e-18,1.22627e-20,2.70795e-19,2.64116e-19
0.00000e+00,0.00000e+00,0.00000e+00,0.00000e+00,0.00000e+00,1.13006e-24,2.70884e-23,4.71225e-26,1.15576e-24,1.08525e-24,1.17604e-21,2.63252e-20,5.22863e-23,1.20134e-21,1.13163e-21,2.64116e-19,5.75753e-18,1.20146e-20,2.69171e-19,2.55097e-19
0.00000e+00,0.00000e+00,0.00000e+00,0.00000e+00,0.00000e+00,1.08525e-24,2.60699e-23,4.51669e-26,1.13006e-24,1.01883e-24,1.13163e-21,2.53893e-20,5.02069e-23,1.17604e-21,1.06519e-21,2.55097e-19,5.57518e-18,1.15769e-20,2.64116e-19,2.41316e-19
0.00000e+00,0.00000e+00,0.00000e+00,0.00000e+00,0.00000e+00,1.01883e-24,2.45423e-23,4.22970e-26,1.08525e-24,9.28120e-25,1.06519e-21,2.39705e-20,4.71306e-23,1.13163e-21,9.73493e-22,2.41316e-19,5.29208e-18,1.09173e-20,2.55097e-19,2.21854e-19
0.00000e+00,0.00000e+00,0.00000e+00,0.00000e+00,0.00000e+00,9.28120e-25,2.24286e-23,3.84211e-26,1.01883e-24,8.11055e-25,9.73493e-22,2.19840e-20,4.29384e-23,1.06519e-21,8.53920e-22,2.21854e-19,4.88515e-18,9.99998e-21,2.41316e-19,1.95889e-19
0.00000e+00,0.00000e+00,0.00000e+00,0.00000e+00,0.00000e+00,8.11055e-25,1.96655e-23,3.34753e-26,9.28120e-25,6.67083e-25,8.53920e-22,1.93557e-20,3.75401e-23,9.73493e-22,7.05431e-22,1.95889e-19,4.33260e-18,8.79487e-21,2.21854e-19,1.62983e-19
0.00000e+00,0.00000e+00,0.00000e+00,0.00000e+00,0.00000e+00,6.67083e-25,1.62266e-23,2.74554e-26,8.11055e-25,4.97912e-25,7.05431e-22,1.60480e-20,3.09137e-23,8.53920e-22,5.29507e-22,1.62983e-19,3.62078e-18,7.28917e-21,1.95889e-19,1.23387e-19
0.00000e+00,0.00000e+00,0.00000e+00,0.00000e+00,0.00000e+00,4.97912e-25,1.21450e-23,2.04435e-26,6.67083e-25,3.07961e-25,5.29507e-22,1.20844e-20,2.31397e-23,7.05431e-22,3.30726e-22,1.23387e-19,2.75212e-18,5.49922e-21,1.62983e-19,7.83028e-20
0.00000e+00,0.00000e+00,0.00000e+00,0.00000e+00,0.00000e+00,3.07961e-25,7.52697e-24,1.26222e-26,4.97912e-25,1.04259e-25,3.30726e-22,7.56708e-21,1.44209e-23,5.29507e-22,1.17367e-22,7.83028e-20,1.75227e-18,3.48004e-21,1.23387e-19,3.03786e-20
0.00000e+00,0.00000e+00,0.00000e+00,0.00000e+00,0.00000e+00,1.26183e-26,3.07882e-25,5.17950e-28,4.26778e-27,2.04381e-26,1.44202e-23,3.30713e-22,6.27470e-25,5.10411e-24,2.31387e-23,3.47996e-21,7.83013e-20,1.53953e-22,1.34601e-21,5.49910e-21
0.00000e+00,0.00000e+00,0.00000e+00,0.00000e+00,0.00000e+00,2.04381e-26,4.97804e-25,8.40226e-28,1.26183e-26,2.74494e-26,2.31387e-23,5.29489e-22,1.00879e-24,1.44202e-23,3.09126e-23,5.49910e-21,1.23385e-19,2.43873e-22,3.47996e-21,7.28904e-21
0.00000e+00,0.00000e+00,0.00000e+00,0.00000e+00,0.00000e+00,2.74494e-26,6.66962e-25,1.13086e-27,2.04381e-26,3.34693e-26,3.09126e-23,7.05409e-22,1.35101e-24,2.31387e-23,3.75390e-23,7.28904e-21,1.62981e-19,3.24230e-22,5.49910e-21,8.79473e-21
0.00000e+00,0.00000e+00,0.00000e+00,0.00000e+00,0.00000e+00,3.34693e-26,8.10935e-25,1.38232e-27,2.74494e-26,3.84156e-26,3.75390e-23,8.53898e-22,1.64523e-24,3.09126e-23,4.29374e-23,8.79473e-21,1.95886e-19,3.92543e-22,7.28904e-21,9.99985e-21
0.00000e+00,0.00000e+00,0.00000e+00,0.00000e+00,0.00000e+00,3.84156e-26,9.28010e-25,1.59080e-27,3.34693e-26,4.22923e-26,4.29374e-23,9.73473e-22,1.88735e-24,3.75390e-23,4.71297e-23,9.99985e-21,2.21851e-19,4.47902e-22,8.79473e-21,1.09172e-20
0.00000e+00,0.00000e+00,0.00000e+00,0.00000e+00,0.00000e+00,4.22923e-26,1.01874e-24,1.75583e-27,3.84156e-26,4.51633e-26,4.71297e-23,1.06517e-21,2.07746e-24,4.29374e-23,5.02062e-23,1.09172e-20,2.41314e-19,4.90611e-22,9.99985e-21,1.15768e-20
0.00000e+00,0.00000e+00,0.00000e+00,0.00000e+00,0.00000e+00,4.51633e-26,1.08518e-24,1.87924e-27,4.22923e-26,4.71200e-26,5.02062e-23,1.13162e-21,2.21849e-24,4.71297e-23,5.22858e-23,1.15768e-20,2.55095e-19,5.21736e-22,1.09172e-20,1.20146e-20
0.00000e+00,0.00000e+00,0.00000e+00,0.00000e+00,0.00000e+00,4.71200e-26,1.13001e-24,1.96409e-27,4.51633e-26,4.82517e-26,5.22858e-23,1.17603e-21,2.31478e-24,5.02062e-23,5.34810e-23,1.20146e-20,2.64115e-19,5.42644e-22,1.15768e-20,1.22626e-20
0.00000e+00,0.00000e+00,0.00000e+00,0.00000e+00,0.00000e+00,4.82517e-26,1.15573e-24,2.01349e-27,4.71200e-26,4.86218e-26,5.34810e-23,1.20134e-21,2.37053e-24,5.22858e-23,5.38702e-23,1.22626e-20,2.69171e-19,5.54602e-22,1.20146e-20,1.23428e-20
0.00000e+00,0.00000e+00,0.00000e+00,0.00000e+00,0.00000e+00,4.86218e-26,1.16411e-24,2.02971e-27,4.82517e-26,4.82530e-26,5.38702e-23,1.20954e-21,2.38875e-24,5.34810e-23,5.34813e-23,1.23428e-20,2.70795e-19,5.58484e-22,1.22626e-20,1.22627e-20
0.00000e+00,0.00000e+00,0.00000e+00,0.00000e+00,0.00000e+00,4.82530e-26,1.15576e-24,2.01356e-27,4.86218e-26,4.71225e-26,5.34813e-23,1.20134e-21,2.37054e-24,5.38702e-23,5.22863e-23,1.22627e-20,2.69171e-19,5.54603e-22,1.23428e-20,1.20146e-20
0.00000e+00,0.00000e+00,0.00000e+00,0.00000e+00,0.00000e+00,4.71225e-26,1.13006e-24,1.96421e-27,4.82530e-26,4.51669e-26,5.22863e-23,1.17604e-21,2.31480e-24,5.34813e-23,5.02069e-23,1.20146e-20,2.64116e-19,5.42647e-22,1.22627e-20,1.15769e-20
0.00000e+00,0.00000e+00,0.00000e+00,0.00000e+00,0.00000e+00,4.51669e-26,1.08525e-24,1.87942e-27,4.71225e-26,4.22970e-26,5.02069e-23,1.13163e-21,2.21853e-24,5.22863e-23,4.71306e-23,1.15769e-20,2.55097e-19,5.21741e-22,1.20146e-20,1.09173e-20
0.00000e+00,0.00000e+00,0.00000e+00,0.00000e+00,0.00000e+00,4.22970e-26,1.01883e-24,1.75606e-27,4.51669e-26,3.84211e-26,4.71306e-23,1.06519e-21,2.07750e-24,5.02069e-23,4.29384e-23,1.09173e-20,2.41316e-19,4.90617e-22,1.15769e-20,9.99998e-21
0.00000e+00,0.00000e+00,0.00000e+00,0.00000e+00,0.00000e+00,3.84211e-26,9.28120e-25,1.59108e-27,4.22970e-26,3.34753e-26,4.29384e-23,9.73493e-22,1.88741e-24,4.71306e-23,3.75401e-23,9.99998e-21,2.21854e-19,4.47909e-22,1.09173e-20,8.79487e-21
0.00000e+00,0.00000e+00,0.00000e+00,0.00000e+00,0.00000e+00,3.34753e-26,8.11055e-25,1.38261e-27,3.84211e-26,2.74554e-26,3.75401e-23,8.53920e-22,1.64529e-24,4.29384e-23,3.09137e-23,8.79487e-21,1.95889e-19,3.92550e-22,9.99998e-21,7.28917e-21
0.00000e+00,0.00000e+00,0.00000e+00,0.00000e+00,0.00000e+00,2.74554e-26,6.67083e-25,1.13115e-27,3.34753e-26,2.04435e-26,3.09137e-23,7.05431e-22,1.35107e-24,3.75401e-23,2.31397e-23,7.28917e-21,1.62983e-19,3.24237e-22,8.79487e-21,5.49922e-21
0.00000e+00,0.00000e+00,0.00000e+00,0.00000e+00,0.00000e+00,2.04435e-26,4.97912e-25,8.40483e-28,2.74554e-26,1.26222e-26,2.31397e-23,5.29507e-22,1.00884e-24,3.09137e-23,1.44209e-23,5.49922e-21,1.23387e-19,2.43879e-22,7.28917e-21,3.48004e-21
0.00000e+00,0.00000e+00,0.00000e+00,0.00000e+00,0.00000e+00,1.26222e-26,3.07961e-25,5.18135e-28,2.04435e-26,4.26926e-27,1.44209e-23,3.30726e-22,6.27504e-25,2.31397e-23,5.10437e-24,3.48004e-21,7.83028e-20,1.53957e-22,5.49922e-21,1.34605e-21
0.00000e+00,0.00000e+00,0.00000e+00,0.00000e+00,0.00000e+00,5.17950e-28,1.26183e-26,2.12894e-29,1.75039e-28,8.40226e-28,6.27470e-25,1.44202e-23,2.72527e-26,2.21580e-25,1.00879e-24,1.53953e-22,3.47996e-21,6.78432e-24,5.93928e-23,2.43873e-22
0.00000e+00,0.00000e+00,0.00000e+00,0.00000e+00,0.00000e+00,8.40226e-28,2.04381e-26,3.45827e-29,5.17950e-28,1.13086e-27,1.00879e-24,2.31387e-23,4.38894e-26,6.27470e-25,1.35101e-24,2.43873e-22,5.49910e-21,1.07697e-23,1.53953e-22,3.24230e-22
0.00000e+00,0.00000e+00,0.00000e+00,0.00000e+00,0.00000e+00,1.13086e-27,2.74494e-26,4.66318e-29,8.40226e-28,1.38232e-27,1.35101e-24,3.09126e-23,5.89048e-26,1.00879e-24,1.64523e-24,3.24230e-22,7.28904e-21,1.43563e-23,2.43873e-22,3.92543e-22
0.00000e+00,0.00000e+00,0.00000e+00,0.00000e+00,0.00000e+00,1.38232e-27,3.34693e-26,5.71269e-29,1.13086e-27,1.59080e-27,1.64523e-24,3.75390e-23,7.19108e-26,1.35101e-24,1.88735e-24,3.92543e-22,8.79473e-21,1.74334e-23,3.24230e-22,4.47902e-22
0.00000e+00,0.00000e+00,0.00000e+00,0.00000e+00,0.00000e+00,1.59080e-27,3.84156e-26,6.58979e-29,1.38232e-27,1.75583e-27,1.88735e-24,4.29374e-23,8.27091e-26,1.64523e-24,2.07746e-24,4.47902e-22,9.99985e-21,1.99543e-23,3.92543e-22,4.90611e-22
0.00000e+00,0.00000e+00,0.00000e+00,0.00000e+00,0.00000e+00,1.75583e-27,4.22923e-26,7.29000e-29,1.59080e-27,1.87924e-27,2.07746e-24,4.71297e-23,9.12690e-26,1.88735e-24,2.21849e-24,4.90611e-22,1.09172e-20,2.19220e-23,4.47902e-22,5.21736e-22
0.00000e+00,0.00000e+00,0.00000e+00,0.00000e+00,0.00000e+00,1.87924e-27,4.51633e-26,7.81814e-29,1.75583e-27,1.96409e-27,2.21849e-24,5.02062e-23,9.76803e-26,2.07746e-24,2.31478e-24,5.21736e-22,1.15768e-20,2.33730e-23,4.90611e-22,5.42644e-22
0.00000e+00,0.00000e+00,0.00000e+00,0.00000e+00,0.00000e+00,1.96409e-27,4.71200e-26,8.18403e-29,1.87924e-27,2.01349e-27,2.31478e-24,5.22858e-23,1.02094e-25,2.21849e-24,2.37053e-24,5.42644e-22,1.20146e-20,2.43580e-23,5.21736e-22,5.54602e-22
0.00000e+00,0.00000e+00,0.00000e+00,0.00000e+00,0.00000e+00,2.01349e-27,4.82517e-26,8.39832e-29,1.96409e-27,2.02971e-27,2.37053e-24,5.34810e-23,1.04667e-25,2.31478e-24,2.38875e-24,5.54602e-22,1.22626e-20,2.49258e-23,5.42644e-22,5.58484e-22
0.00000e+00,0.00000e+00,0.00000e+00,0.00000e+00,0.00000e+00,2.02971e-27,4.86218e-26,8.46888e-29,2.01349e-27,2.01356e-27,2.38875e-24,5.38702e-23,1.05511e-25,2.37053e-24,2.37054e-24,5.58484e-22,1.23428e-20,2.51110e-23,5.54602e-22,5.54603e-22
0.00000e+00,0.00000e+00,0.00000e+00,0.00000e+00,0.00000e+00,2.01356e-27,4.82530e-26,8.39861e-29,2.02971e-27,1.96421e-27,2.37054e-24,5.34813e-23,1.04668e-25,2.38875e-24,2.31480e-24,5.54603e-22,1.22627e-20,2.49259e-23,5.58484e-22,5.42647e-22
0.00000e+00,0.00000e+00,0.00000e+00,0.00000e+00,0.00000e+00,1.96421e-27,4.71225e-26,8.18463e-29,2.01356e-27,1.87942e-27,2.31480e-24,5.22863e-23,1.02096e-25,2.37054e-24,2.21853e-24,5.42647e-22,1.20146e-20,2.43581e-23,5.54603e-22,5.21741e-22
0.00000e+00,0.00000e+00,0.00000e+00,0.00000e+00,0.00000e+00,1.87942e-27,4.51669e-26,7.81900e-29,1.96421e-27,1.75606e-27,2.21853e-24,5.02069e-23,9.76823e-26,2.31480e-24,2.07750e-24,5.21741e-22,1.15769e-20,2.33732e-23,5.42647e-22,4.90617e-22
0.00000e+00,0.00000e+00,0.00000e+00,0.00000e+00,0.00000e+00,1.75606e-27,4.22970e-26,7.29111e-29,1.87942e-27,1.59108e-27,2.07750e-24,4.71306e-23,9.12715e-26,2.21853e-24,1.88741e-24,4.90617e-22,1.09173e-20,2.19223e-23,5.21741e-22,4.47909e-22
0.00000e+00,0.00000e+00,0.00000e+00,0.00000e+00,0.00000e+00,1.59108e-27,3.84211e-26,6.59108e-29,1.75606e-27,1.38261e-27,1.88741e-24,4.29384e-23,8.27120e-26,2.07750e-24,1.64529e-24,4.47909e-22,9.99998e-21,1.99546e-23,4.90617e-22,3.92550e-22
0.00000e+00,0.00000e+00,0.00000e+00,0.00000e+00,0.00000e+00,1.38261e-27,3.34753e-26,5.71409e-29,1.59108e-27,1.13115e-27,1.64529e-24,3.75401e-23,7.19139e-26,1.88741e-24,1.35107e-24,3.92550e-22,8.79487e-21,1.74338e-23,4.47909e-22,3.24237e-22
0.00000e+00,0.00000e+00,0.00000e+00,0.00000e+00,0.00000e+00,1.13115e-27,2.74554e-26,4.66456e-29,1.38261e-27,8.40483e-28,1.35107e-24,3.09137e-23,5.89077e-26,1.64529e-24,1.00884e-24,3.24237e-22,7.28917e-21,1.43566e-23,3.92550e-22,2.43879e-22
0.00000e+00,0.00000e+00,0.00000e+00,0.00000e+00,0.00000e+00,8.40483e-28,2.04435e-26,3.45948e-29,1.13115e-27,5.18135e-28,1.00884e-24,2.31397e-23,4.38919e-26,1.35107e-24,6.27504e-25,2.43879e-22,5.49922e-21,1.07700e-23,3.24237e-22,1.53957e-22
0.00000e+00,0.00000e+00,0.00000e+00,0.00000e+00,0.00000e+00,5.18135e-28,1.26222e-26,2.12981e-29,8.40483e-28,1.75110e-28,6.27504e-25,1.44209e-23,2.72543e-26,1.00884e-24,2.21593e-25,1.53957e-22,3.48004e-21,6.78454e-24,2.43879e-22,5.93946e-23
0.00000e+00,0.00000e+00,0.00000e+00,0.00000e+00,0.00000e+00,2.12894e-29,5.17950e-28,8.76117e-31,7.18958e-30,3.45827e-29,2.72527e-26,6.27470e-25,1.18167e-27,9.60361e-27,4.38894e-26,6.78432e-24,1.53953e-22,2.97964e-25,2.61140e-24,1.07697e-23
0.00000e+00,0.00000e+00,0.00000e+00,0.00000e+00,0.00000e+00,3.45827e-29,8.40226e-28,1.42487e-30,2.12894e-29,4.66318e-29,4.38894e-26,1.00879e-24,1.90592e-27,2.72527e-26,5.89048e-26,1.07697e-23,2.43873e-22,4.73878e-25,6.78432e-24,1.43563e-23
0.00000e+00,0.00000e+00,0.00000e+00,0.00000e+00,0.00000e+00,4.66318e-29,1.13086e-27,1.92448e-30,3.45827e-29,5.71269e-29,5.89048e-26,1.35101e-24,2.56284e-27,4.38894e-26,7.19108e-26,1.43563e-23,3.24230e-22,6.33163e-25,1.07697e-23,1.74334e-23
0.00000e+00,0.00000e+00,0.00000e+00,0.00000e+00,0.00000e+00,5.71269e-29,1.38232e-27,2.36223e-30,4.66318e-29,6.58979e-29,7.19108e-26,1.64523e-24,3.13559e-27,5.89048e-26,8.27091e-26,1.74334e-23,3.92543e-22,7.70929e-25,1.43563e-23,1.99543e-23
0.00000e+00,0.00000e+00,0.00000e+00,0.00000e+00,0.00000e+00,6.58979e-29,1.59080e-27,2.73062e-30,5.71269e-29,7.29000e-29,8.27091e-26,1.88735e-24,3.61481e-27,7.19108e-26,9.12690e-26,1.99543e-23,4.47902e-22,8.84862e-25,1.74334e-23,2.19220e-23
0.00000e+00,0.00000e+00,0.00000e+00,0.00000e+00,0.00000e+00,7.29000e-29,1.75583e-27,3.02693e-30,6.58979e-29,7.81814e-29,9.12690e-26,2.07746e-24,3.99788e-27,8.27091e-26,9.76803e-26,2.19220e-23,4.90611e-22,9.74718e-25,1.99543e-23,2.33730e-23
0.00000e+00,0.00000e+00,0.00000e+00,0.00000e+00,0.00000e+00,7.81814e-29,1.87924e-27,3.25209e-30,7.29000e-29,8.18403e-29,9.76803e-26,2.21849e-24,4.28719e-27,9.12690e-26,1.02094e-25,2.33730e-23,5.21736e-22,1.04166e-24,2.19220e-23,2.43580e-23
0.00000e+00,0.00000e+00,0.00000e+00,0.00000e+00,0.00000e+00,8.18403e-29,1.96409e-27,3.40911e-30,7.81814e-29,8.39832e-29,1.02094e-25,2.31478e-24,4.48785e-27,9.76803e-26,1.04667e-25,2.43580e-23,5.42644e-22,1.08751e-24,2.33730e-23,2.49258e-23
0.00000e+00,0.00000e+00,0.00000e+00,0.00000e+00,0.00000e+00,8.39832e-29,2.01349e-27,3.50153e-30,8.18403e-29,8.46888e-29,1.04667e-25,2.37053e-24,4.60545e-27,1.02094e-25,1.05511e-25,2.49258e-23,5.54602e-22,1.11414e-24,2.43580e-23,2.51110e-23
0.00000e+00,0.00000e+00,0.00000e+00,0.00000e+00,0.00000e+00,8.46888e-29,2.02971e-27,3.53205e-30,8.39832e-29,8.39861e-29,1.05511e-25,2.38875e-24,4.64415e-27,1.04667e-25,1.04668e-25,2.51110e-23,5.58484e-22,1.12285e-24,2.49258e-23,2.49259e-23
0.00000e+00,0.00000e+00,0.00000e+00,0.00000e+00,0.00000e+00,8.39861e-29,2.01356e-27,3.50167e-30,8.46888e-29,8.18463e-29,1.04668e-25,2.37054e-24,4.60549e-27,1.05511e-25,1.02096e-25,2.49259e-23,5.54603e-22,1.11414e-24,2.51110e-23,2.43581e-23
0.00000e+00,0.00000e+00,0.00000e+00,0.00000e+00,0.00000e+00,8.18463e-29,1.96421e-27,3.40939e-30,8.39861e-29,7.81900e-29,1.02096e-25,2.31480e-24,4.48792e-27,1.04668e-25,9.76823e-26,2.43581e-23,5.42647e-22,1.08752e-24,2.49259e-23,2.33732e-23
0.00000e+00,0.00000e+00,0.00000e+00,0.00000e+00,0.00000e+00,7.81900e-29,1.87942e-27,3.25249e-30,8.18463e-29,7.29111e-29,9.76823e-26,2.21853e-24,4.28729e-27,1.02096e-25,9.12715e-26,2.33732e-23,5.21741e-22,1.04167e-24,2.43581e-23,2.19223e-23
0.00000e+00,0.00000e+00,0.00000e+00,0.00000e+00,0.00000e+00,7.29111e-29,1.75606e-27,3.02744e-30,7.81900e-29,6.59108e-29,9.12715e-26,2.07750e-24,3.99801e-27,9.76823e-26,8.27120e-26,2.19223e-23,4.90617e-22,9.74735e-25,2.33732e-23,1.99546e-23
0.00000e+00,0.00000e+00,0.00000e+00,0.00000e+00,0.00000e+00,6.59108e-29,1.59108e-27,2.73122e-30,7.29111e-29,5.71409e-29,8.27120e-26,1.88741e-24,3.61495e-27,9.12715e-26,7.19139e-26,1.99546e-23,4.47909e-22,8.84882e-25,2.19223e-23,1.74338e-23
0.00000e+00,0.00000e+00,0.00000e+00,0.00000e+00,0.00000e+00,5.71409e-29,1.38261e-27,2.36288e-30,6.59108e-29,4.66456e-29,7.19139e-26,1.64529e-24,3.13574e-27,8.27120e-26,5.89077e-26,1.74338e-23,3.92550e-22,7.70949e-25,1.99546e-23,1.43566e-23
0.00000e+00,0.00000e+00,0.00000e+00,0.00000e+00,0.00000e+00,4.66456e-29,1.13115e-27,1.92512e-30,5.71409e-29,3.45948e-29,5.89077e-26,1.35107e-24,2.56299e-27,7.19139e-26,4.38919e-26,1.43566e-23,3.24237e-22,6.33182e-25,1.74338e-23,1.07700e-23
0.00000e+00,0.00000e+00,0.00000e+00,0.00000e+00,0.00000e+00,3.45948e-29,8.40483e-28,1.42542e-30,4.66456e-29,2.12981e-29,4.38919e-26,1.00884e-24,1.90605e-27,5.89077e-26,2.72543e-26,1.07700e-23,2.43879e-22,4.73895e-25,1.43566e-23,6.78454e-24
0.00000e+00,0.00000e+00,0.00000e+00,0.00000e+00,0.00000e+00,2.12981e-29,5.18135e-28,8.76513e-31,3.45948e-29,7.19285e-30,2.72543e-26,6.27504e-25,1.18176e-27,4.38919e-26,9.60429e-27,6.78454e-24,1.53957e-22,2.97975e-25,1.07700e-23,2.61149e-24
0.00000e+00,0.00000e+00,0.00000e+00,0.00000e+00,0.00000e+00,8.76117e-31,2.12894e-29,3.60929e-32,2.95686e-31,1.42487e-30,1.18167e-27,2.72527e-26,5.11594e-29,4.15621e-28,1.90592e-27,2.97964e-25,6.78432e-24,1.30481e-26,1.14465e-25,4.73878e-25
0.00000e+00,0.00000e+00,0.00000e+00,0.00000e+00,0.00000e+00,1.42487e-30,3.45827e-29,5.87612e-32,8.76117e-31,1.92448e-30,1.90592e-27,4.38894e-26,8.26260e-29,1.18167e-27,2.56284e-27,4.73878e-25,1.07697e-23,2.07855e-26,2.97964e-25,6.33163e-25
0.00000e+00,0.00000e+00,0.00000e+00,0.00000e+00,0.00000e+00,1.92448e-30,4.66318e-29,7.94811e-32,1.42487e-30,2.36223e-30,2.56284e-27,5.89048e-26,1.11292e-28,1.90592e-27,3.13559e-27,6.33163e-25,1.43563e-23,2.78293e-26,4.73878e-25,7.70929e-25
0.00000e+00,0.00000e+00,0.00000e+00,0.00000e+00,0.00000e+00,2.36223e-30,5.71269e-29,9.77298e-32,1.92448e-30,2.73062e-30,3.13559e-27,7.19108e-26,1.36429e-28,2.56284e-27,3.61481e-27,7.70929e-25,1.74334e-23,3.39646e-26,6.33163e-25,8.84862e-25
0.00000e+00,0.00000e+00,0.00000e+00,0.00000e+00,0.00000e+00,2.73062e-30,6.58979e-29,1.13181e-31,2.36223e-30,3.02693e-30,3.61481e-27,8.27091e-26,1.57605e-28,3.13559e-27,3.99788e-27,8.84862e-25,1.99543e-23,3.90810e-26,7.70929e-25,9.74718e-25
0.00000e+00,0.00000e+00,0.00000e+00,0.00000e+00,0.00000e+00,3.02693e-30,7.29000e-29,1.25691e-31,2.73062e-30,3.25209e-30,3.99788e-27,9.12690e-26,1.74657e-28,3.61481e-27,4.28719e-27,9.74718e-25,2.19220e-23,4.31526e-26,8.84862e-25,1.04166e-24
0.00000e+00,0.00000e+00,0.00000e+00,0.00000e+00,0.00000e+00,3.25209e-30,7.81814e-29,1.35259e-31,3.02693e-30,3.40911e-30,4.28719e-27,9.76803e-26,1.87629e-28,3.99788e-27,4.48785e-27,1.04166e-24,2.33730e-23,4.62130e-26,9.74718e-25,1.08751e-24
0.00000e+00,0.00000e+00,0.00000e+00,0.00000e+00,0.00000e+00,3.40911e-30,8.18403e-29,1.41970e-31,3.25209e-30,3.50153e-30,4.48785e-27,1.02094e-25,1.96683e-28,4.28719e-27,4.60545e-27,1.08751e-24,2.43580e-23,4.83264e-26,1.04166e-24,1.11414e-24
0.00000e+00,0.00000e+00,0.00000e+00,0.00000e+00,0.00000e+00,3.50153e-30,8.39832e-29,1.45938e-31,3.40911e-30,3.53205e-30,4.60545e-27,1.04667e-25,2.02016e-28,4.48785e-27,4.64415e-27,1.11414e-24,2.49258e-23,4.95607e-26,1.08751e-24,1.12285e-24
0.00000e+00,0.00000e+00,0.00000e+00,0.00000e+00,0.00000e+00,3.53205e-30,8.46888e-29,1.47251e-31,3.50153e-30,3.50167e-30,4.64415e-27,1.05511e-25,2.03775e-28,4.60545e-27,4.60549e-27,1.12285e-24,2.51110e-23,4.99662e-26,1.11414e-24,1.11414e-24
0.00000e+00,0.00000e+00,0.00000e+00,0.00000e+00,0.00000e+00,3.50167e-30,8.39861e-29,1.45944e-31,3.53205e-30,3.40939e-30,4.60549e-27,1.04668e-25,2.02018e-28,4.64415e-27,4.48792e-27,1.11414e-24,2.49259e-23,4.95610e-26,1.12285e-24,1.08752e-24
0.00000e+00,0.00000e+00,0.00000e+00,0.00000e+00,0.00000e+00,3.40939e-30,8.18463e-29,1.41983e-31,3.50167e-30,3.25249e-30,4.48792e-27,1.02096e-25,1.96687e-28,4.60549e-27,4.28729e-27,1.08752e-24,2.43581e-23,4.83269e-26,1.11414e-24,1.04167e-24
0.00000e+00,0.00000e+00,0.00000e+00,0.00000e+00,0.00000e+00,3.25249e-30,7.81900e-29,1.35278e-31,3.40939e-30,3.02744e-30,4.28729e-27,9.76823e-26,1.87634e-28,4.48792e-27,3.99801e-27,1.04167e-24,2.33732e-23,4.62137e-26,1.08752e-24,9.74735e-25
0.00000e+00,0.00000e+00,0.00000e+00,0.00000e+00,0.00000e+00,3.02744e-30,7.29111e-29,1.25715e-31,3.25249e-30,2.73122e-30,3.99801e-27,9.12715e-26,1.74663e-28,4.28729e-27,3.61495e-27,9.74735e-25,2.19223e-23,4.31535e-26,1.04167e-24,8.84882e-25
0.00000e+00,0.00000e+00,0.00000e+00,0.00000e+00,0.00000e+00,2.73122e-30,6.59108e-29,1.13209e-31,3.02744e-30,2.36288e-30,3.61495e-27,8.27120e-26,1.57613e-28,3.99801e-27,3.13574e-27,8.84882e-25,1.99546e-23,3.90820e-26,9.74735e-25,7.70949e-25
0.00000e+00,0.00000e+00,0.00000e+00,0.00000e+00,0.00000e+00,2.36288e-30,5.71409e-29,9.77593e-32,2.73122e-30,1.92512e-30,3.13574e-27,7.19139e-26,1.36437e-28,3.61495e-27,2.56299e-27,7.70949e-25,1.74338e-23,3.39657e-26,8.84882e-25,6.33182e-25
0.00000e+00,0.00000e+00,0.00000e+00,0.00000e+00,0.00000e+00,1.92512e-30,4.66456e-29,7.95100e-32,2.36288e-30,1.42542e-30,2.56299e-27,5.89077e-26,1.11299e-28,3.13574e-27,1.90605e-27,6.33182e-25,1.43566e-23,2.78303e-26,7.70949e-25,4.73895e-25
0.00000e+00,0.00000e+00,0.00000e+00,0.00000e+00,0.00000e+00,1.42542e-30,3.45948e-29,5.87864e-32,1.92512e-30,8.76513e-31,1.90605e-27,4.38919e-26,8.26321e-29,2.56299e-27,1.18176e-27,4.73895e-25,1.07700e-23,2.07864e-26,6.33182e-25,2.97975e-25
0.00000e+00,0.00000e+00,0.00000e+00,0.00000e+00,0.00000e+00,8.76513e-31,2.12981e-29,3.61108e-32,1.42542e-30,2.95835e-31,1.18176e-27,2.72543e-26,5.11636e-29,1.90605e-27,4.15654e-28,2.97975e-25,6.78454e-24,1.30487e-26,4.73895e-25,1.14470e-25
0.00000e+00,0.00000e+00,0.00000e+00,0.00000e+00,0.00000e+00,3.60929e-32,8.76117e-31,1.48830e-33,1.21745e-32,5.87612e-32,5.11594e-29,1.18167e-27,2.21181e-30,1.79627e-29,8.26260e-29,1.30481e-26,2.97964e-25,5.69916e-28,5.00379e-27,2.07855e-26
0.00000e+00,0.00000e+00,0.00000e+00,0.00000e+00,0.00000e+00,5.87612e-32,1.42487e-30,2.42530e-33,3.60929e-32,7.94811e-32,8.26260e-29,1.90592e-27,3.57650e-30,5.11594e-29,1.11292e-28,2.07855e-26,4.73878e-25,9.09188e-28,1.30481e-26,2.78293e-26
0.00000e+00,0.00000e+00,0.00000e+00,0.00000e+00,0.00000e+00,7.94811e-32,1.92448e-30,3.28474e-33,5.87612e-32,9.77298e-32,1.11292e-28,2.56284e-27,4.82453e-30,8.26260e-29,1.36429e-28,2.78293e-26,6.33163e-25,1.21951e-27,2.07855e-26,3.39646e-26
0.00000e+00,0.00000e+00,0.00000e+00,0.00000e+00,0.00000e+00,9.77298e-32,2.36223e-30,4.04515e-33,7.94811e-32,1.13181e-31,1.36429e-28,3.13559e-27,5.92450e-30,1.11292e-28,1.57605e-28,3.39646e-26,7.70929e-25,1.49149e-27,2.78293e-26,3.90810e-26
0.00000e+00,0.00000e+00,0.00000e+00,0.00000e+00,0.00000e+00,1.13181e-31,2.73062e-30,4.69246e-33,9.77298e-32,1.25691e-31,1.57605e-28,3.61481e-27,6.85666e-30,1.36429e-28,1.74657e-28,3.90810e-26,8.84862e-25,1.71997e-27,3.39646e-26,4.31526e-26
0.00000e+00,0.00000e+00,0.00000e+00,0.00000e+00,0.00000e+00,1.25691e-31,3.02693e-30,5.21959e-33,1.13181e-31,1.35259e-31,1.74657e-28,3.99788e-27,7.61212e-30,1.57605e-28,1.87629e-28,4.31526e-26,9.74718e-25,1.90323e-27,3.90810e-26,4.62130e-26
0.00000e+00,0.00000e+00,0.00000e+00,0.00000e+00,0.00000e+00,1.35259e-31,3.25209e-30,5.62505e-33,1.25691e-31,1.41970e-31,1.87629e-28,4.28719e-27,8.19045e-30,1.74657e-28,1.96683e-28,4.62130e-26,1.04166e-24,2.04206e-27,4.31526e-26,4.83264e-26
0.00000e+00,0.00000e+00,0.00000e+00,0.00000e+00,0.00000e+00,1.41970e-31,3.40911e-30,5.91086e-33,1.35259e-31,1.45938e-31,1.96683e-28,4.48785e-27,8.59642e-30,1.87629e-28,2.02016e-28,4.83264e-26,1.08751e-24,2.13859e-27,4.62130e-26,4.95607e-26
0.00000e+00,0.00000e+00,0.00000e+00,0.00000e+00,0.00000e+00,1.45938e-31,3.50153e-30,6.08044e-33,1.41970e-31,1.47251e-31,2.02016e-28,4.60545e-27,8.83649e-30,1.96683e-28,2.03775e-28,4.95607e-26,1.11414e-24,2.19528e-27,4.83264e-26,4.99662e-26
0.00000e+00,0.00000e+00,0.00000e+00,0.00000e+00,0.00000e+00,1.47251e-31,3.53205e-30,6.13670e-33,1.45938e-31,1.45944e-31,2.03775e-28,4.64415e-27,8.91589e-30,2.02016e-28,2.02018e-28,4.99662e-26,1.12285e-24,2.21395e-27,4.95607e-26,4.95610e-26
0.00000e+00,0.00000e+00,0.00000e+00,0.00000e+00,0.00000e+00,1.45944e-31,3.50167e-30,6.08073e-33,1.47251e-31,1.41983e-31,2.02018e-28,4.60549e-27,8.83658e-30,2.03775e-28,1.96687e-28,4.95610e-26,1.11414e-24,2.19529e-27,4.99662e-26,4.83269e-26
0.00000e+00,0.00000e+00,0.00000e+00,0.00000e+00,0.00000e+00,1.41983e-31,3.40939e-30,5.91143e-33,1.45944e-31,1.35278e-31,1.96687e-28,4.48792e-27,8.59659e-30,2.02018e-28,1.87634e-28,4.83269e-26,1.08752e-24,2.13862e-27,4.95610e-26,4.62137e-26
0.00000e+00,0.00000e+00,0.00000e+00,0.00000e+00,0.00000e+00,1.35278e-31,3.25249e-30,5.62588e-33,1.41983e-31,1.25715e-31,1.87634e-28,4.28729e-27,8.19071e-30,1.96687e-28,1.74663e-28,4.62137e-26,1.04167e-24,2.04210e-27,4.83269e-26,4.31535e-26
0.00000e+00,0.00000e+00,0.00000e+00,0.00000e+00,0.00000e+00,1.25715e-31,3.02744e-30,5.22065e-33,1.35278e-31,1.13209e-31,1.74663e-28,3.99801e-27,7.61244e-30,1.87634e-28,1.57613e-28,4.31535e-26,9.74735e-25,1.90328e-27,4.62137e-26,3.90820e-26
0.00000e+00,0.00000e+00,0.00000e+00,0.00000e+00,0.00000e+00,1.13209e-31,2.73122e-30,4.69369e-33,1.25715e-31,9.77593e-32,1.57613e-28,3.61495e-27,6.85703e-30,1.74663e-28,1.36437e-28,3.90820e-26,8.84882e-25,1.72002e-27,4.31535e-26,3.39657e-26
0.00000e+00,0.00000e+00,0.00000e+00,0.00000e+00,0.00000e+00,9.77593e-32,2.36288e-30,4.04647e-33,1.13209e-31,7.95100e-32,1.36437e-28,3.13574e-27,5.92488e-30,1.57613e-28,1.11299e-28,3.39657e-26,7.70949e-25,1.49154e-27,3.90820e-26,2.78303e-26
0.00000e+00,0.00000e+00,0.00000e+00,0.00000e+00,0.00000e+00,7.95100e-32,1.92512e-30,3.28603e-33,9.77593e-32,5.87864e-32,1.11299e-28,2.56299e-27,4.82488e-30,1.36437e-28,8.26321e-29,2.78303e-26,6.33182e-25,1.21956e-27,3.39657e-26,2.07864e-26
0.00000e+00,0.00000e+00,0.00000e+00,0.00000e+00,0.00000e+00,5.87864e-32,1.42542e-30,2.42642e-33,7.95100e-32,3.61108e-32,8.26321e-29,1.90605e-27,3.57680e-30,1.11299e-28,5.11636e-29,2.07864e-26,4.73895e-25,9.09231e-28,2.78303e-26,1.30487e-26
0.00000e+00,0.00000e+00,0.00000e+00,0.00000e+00,0.00000e+00,3.61108e-32,8.76513e-31,1.48910e-33,5.87864e-32,1.21812e-32,5.11636e-29,1.18176e-27,2.21201e-30,8.26321e-29,1.79643e-29,1.30487e-26,2.97975e-25,5.69945e-28,2.07864e-26,5.00404e-27
0.00000e+00,0.00000e+00,0.00000e+00,0.00000e+00,0.00000e+00,1.48830e-33,3.60929e-32,6.14222e-35,5.01775e-34,2.42530e-33,2.21181e-30,5.11594e-29,9.55017e-32,7.75360e-31,3.57650e-30,5.69916e-28,1.30481e-26,2.48359e-29,2.18218e-28,9.09188e-28
0.00000e+00,0.00000e+00,0.00000e+00,0.00000e+00,0.00000e+00,2.42530e-33,5.87612e-32,1.00175e-34,1.48830e-33,3.28474e-33,3.57650e-30,8.26260e-29,1.54592e-31,2.21181e-30,4.82453e-30,9.09188e-28,2.07855e-26,3.96717e-29,5.69916e-28,1.21951e-27
0.00000e+00,0.00000e+00,0.00000e+00,0.00000e+00,0.00000e+00,3.28474e-33,7.94811e-32,1.35829e-34,2.42530e-33,4.04515e-33,4.82453e-30,1.11292e-28,2.08814e-31,3.57650e-30,5.92450e-30,1.21951e-27,2.78293e-26,5.32982e-29,9.09188e-28,1.49149e-27
0.00000e+00,0.00000e+00,0.00000e+00,0.00000e+00,0.00000e+00,4.04515e-33,9.77298e-32,1.67503e-34,3.28474e-33,4.69246e-33,5.92450e-30,1.36429e-28,2.56819e-31,4.82453e-30,6.85666e-30,1.49149e-27,3.39646e-26,6.53069e-29,1.21951e-27,1.71997e-27
0.00000e+00,0.00000e+00,0.00000e+00,0.00000e+00,0.00000e+00,4.69246e-33,1.13181e-31,1.94594e-34,4.04515e-33,5.21959e-33,6.85666e-30,1.57605e-28,2.97714e-31,5.92450e-30,7.61212e-30,1.71997e-27,3.90810e-26,7.54599e-29,1.49149e-27,1.90323e-27
0.00000e+00,0.00000e+00,0.00000e+00,0.00000e+00,0.00000e+00,5.21959e-33,1.25691e-31,2.16768e-34,4.69246e-33,5.62505e-33,7.61212e-30,1.74657e-28,3.31044e-31,6.85666e-30,8.19045e-30,1.90323e-27,4.31526e-26,8.36604e-29,1.71997e-27,2.04206e-27
0.00000e+00,0.00000e+00,0.00000e+00,0.00000e+00,0.00000e+00,5.62505e-33,1.35259e-31,2.33908e-34,5.21959e-33,5.91086e-33,8.19045e-30,1.87629e-28,3.56701e-31,7.61212e-30,8.59642e-30,2.04206e-27,4.62130e-26,8.99151e-29,1.90323e-27,2.13859e-27
0.00000e+00,0.00000e+00,0.00000e+00,0.00000e+00,0.00000e+00,5.91086e-33,1.41970e-31,2.46043e-34,5.62505e-33,6.08044e-33,8.59642e-30,1.96683e-28,3.74799e-31,8.19045e-30,8.83649e-30,2.13859e-27,4.83264e-26,9.42907e-29,2.04206e-27,2.19528e-27
0.00000e+00,0.00000e+00,0.00000e+00,0.00000e+00,0.00000e+00,6.08044e-33,1.45938e-31,2.53267e-34,5.91086e-33,6.13670e-33,8.83649e-30,2.02016e-28,3.85541e-31,8.59642e-30,8.91589e-30,2.19528e-27,4.95607e-26,9.68716e-29,2.13859e-27,2.21395e-27
0.00000e+00,0.00000e+00,0.00000e+00,0.00000e+00,0.00000e+00,6.13670e-33,1.47251e-31,2.55667e-34,6.08044e-33,6.08073e-33,8.91589e-30,2.03775e-28,3.89101e-31,8.83649e-30,8.83658e-30,2.21395e-27,4.99662e-26,9.77239e-29,2.19528e-27,2.19529e-27
0.00000e+00,0.00000e+00,0.00000e+00,0.00000e+00,0.00000e+00,6.08073e-33,1.45944e-31,2.53280e-34,6.13670e-33,5.91143e-33,8.83658e-30,2.02018e-28,3.85546e-31,8.91589e-30,8.59659e-30,2.19529e-27,4.95610e-26,9.68723e-29,2.21395e-27,2.13862e-27
0.00000e+00,0.00000e+00,0.00000e+00,0.00000e+00,0.00000e+00,5.91143e-33,1.41983e-31,2.46069e-34,6.08073e-33,5.62588e-33,8.59659e-30,1.96687e-28,3.74808e-31,8.83658e-30,8.19071e-30,2.13862e-27,4.83269e-26,9.42921e-29,2.19529e-27,2.04210e-27
0.00000e+00,0.00000e+00,0.00000e+00,0.00000e+00,0.00000e+00,5.62588e-33,1.35278e-31,2.33945e-34,5.91143e-33,5.22065e-33,8.19071e-30,1.87634e-28,3.56714e-31,8.59659e-30,7.61244e-30,2.04210e-27,4.62137e-26,8.99170e-29,2.13862e-27,1.90328e-27
0.00000e+00,0.00000e+00,0.00000e+00,0.00000e+00,0.00000e+00,5.22065e-33,1.25715e-31,2.16815e-34,5.62588e-33,4.69369e-33,7.61244e-30,1.74663e-28,3.31060e-31,8.19071e-30,6.85703e-30,1.90328e-27,4.31535e-26,8.36628e-29,2.04210e-27,1.72002e-27
0.00000e+00,0.00000e+00,0.00000e+00,0.00000e+00,0.00000e+00,4.69369e-33,1.13209e-31,1.94649e-34,5.22065e-33,4.04647e-33,6.85703e-30,1.57613e-28,2.97732e-31,7.61244e-30,5.92488e-30,1.72002e-27,3.90820e-26,7.54626e-29,1.90328e-27,1.49154e-27
0.00000e+00,0.00000e+00,0.00000e+00,0.00000e+00,0.00000e+00,4.04647e-33,9.77593e-32,1.67562e-34,4.69369e-33,3.28603e-33,5.92488e-30,1.36437e-28,2.56837e-31,6.85703e-30,4.82488e-30,1.49154e-27,3.39657e-26,6.53096e-29,1.72002e-27,1.21956e-27
0.00000e+00,0.00000e+00,0.00000e+00,0.00000e+00,0.00000e+00,3.28603e-33,7.95100e-32,1.35886e-34,4.04647e-33,2.42642e-33,4.82488e-30,1.11299e-28,2.08831e-31,5.92488e-30,3.57680e-30,1.21956e-27,2.78303e-26,5.33007e-29,1.49154e-27,9.09231e-28
0.00000e+00,0.00000e+00,0.00000e+00,0.00000e+00,0.00000e+00,2.42642e-33,5.87864e-32,1.00224e-34,3.28603e-33,1.48910e-33,3.57680e-30,8.26321e-29,1.54606e-31,4.82488e-30,2.21201e-30,9.09231e-28,2.07864e-26,3.96739e-29,1.21956e-27,5.69945e-28
0.00000e+00,0.00000e+00,0.00000e+00,0.00000e+00,0.00000e+00,1.48910e-33,3.61108e-32,6.14573e-35,2.42642e-33,5.02072e-34,2.21201e-30,5.11636e-29,9.55114e-32,3.57680e-30,7.75439e-31,5.69945e-28,1.30487e-26,2.48373e-29,9.09231e-28,2.18230e-28
0.00000e+00,0.00000e+00,0.00000e+00,0.00000e+00,0.00000e+00,6.14222e-35,1.48830e-33,2.53677e-36,2.06993e-35,1.00175e-34,9.55017e-32,2.21181e-30,4.11865e-33,3.34296e-32,1.54592e-31,2.48359e-29,5.69916e-28,1.08008e-30,9.49639e-30,3.96717e-29
0.00000e+00,0.00000e+00,0.00000e+00,0.00000e+00,0.00000e+00,1.00175e-34,2.42530e-33,4.14032e-36,6.14222e-35,1.35829e-34,1.54592e-31,3.57650e-30,6.67340e-33,9.55017e-32,2.08814e-31,3.96717e-29,9.09188e-28,1.72725e-30,2.48359e-29,5.32982e-29
0.00000e+00,0.00000e+00,0.00000e+00,0.00000e+00,0.00000e+00,1.35829e-34,3.28474e-33,5.61970e-36,1.00175e-34,1.67503e-34,2.08814e-31,4.82453e-30,9.02475e-33,1.54592e-31,2.56819e-31,5.32982e-29,1.21951e-27,2.32386e-30,3.96717e-29,6.53069e-29
0.00000e+00,0.00000e+00,0.00000e+00,0.00000e+00,0.00000e+00,1.67503e-34,4.04515e-33,6.93864e-36,1.35829e-34,1.94594e-34,2.56819e-31,5.92450e-30,1.11147e-32,2.08814e-31,2.97714e-31,6.53069e-29,1.49149e-27,2.85219e-30,5.32982e-29,7.54599e-29
0.00000e+00,0.00000e+00,0.00000e+00,0.00000e+00,0.00000e+00,1.94594e-34,4.69246e-33,8.07146e-36,1.67503e-34,2.16768e-34,2.97714e-31,6.85666e-30,1.29034e-32,2.56819e-31,3.31044e-31,7.54599e-29,1.71997e-27,3.30143e-30,6.53069e-29,8.36604e-29
0.00000e+00,0.00000e+00,0.00000e+00,0.00000e+00,0.00000e+00,2.16768e-34,5.21959e-33,9.00280e-36,1.94594e-34,2.33908e-34,3.31044e-31,7.61212e-30,1.43685e-32,2.97714e-31,3.56701e-31,8.36604e-29,1.90323e-27,3.66648e-30,7.54599e-29,8.99151e-29
0.00000e+00,0.00000e+00,0.00000e+00,0.00000e+00,0.00000e+00,2.33908e-34,5.62505e-33,9.72586e-36,2.16768e-34,2.46043e-34,3.56701e-31,8.19045e-30,1.55018e-32,3.31044e-31,3.74799e-31,8.99151e-29,2.04206e-27,3.94659e-30,8.36604e-29,9.42907e-29
0.00000e+00,0.00000e+00,0.00000e+00,0.00000e+00,0.00000e+00,2.46043e-34,5.91086e-33,1.02397e-35,2.33908e-34,2.53267e-34,3.74799e-31,8.59642e-30,1.63045e-32,3.56701e-31,3.85541e-31,9.42907e-29,2.13859e-27,4.14359e-30,8.99151e-29,9.68716e-29
0.00000e+00,0.00000e+00,0.00000e+00,0.00000e+00,0.00000e+00,2.53267e-34,6.08044e-33,1.05465e-35,2.46043e-34,2.55667e-34,3.85541e-31,8.83649e-30,1.67825e-32,3.74799e-31,3.89101e-31,9.68716e-29,2.19528e-27,4.26024e-30,9.42907e-29,9.77239e-29
0.00000e+00,0.00000e+00,0.00000e+00,0.00000e+00,0.00000e+00,2.55667e-34,6.13670e-33,1.06486e-35,2.53267e-34,2.53280e-34,3.89101e-31,8.91589e-30,1.69412e-32,3.85541e-31,3.85546e-31,9.77239e-29,2.21395e-27,4.29885e-30,9.68716e-29,9.68723e-29
0.00000e+00,0.00000e+00,0.00000e+00,0.00000e+00,0.00000e+00,2.53280e-34,6.08073e-33,1.05471e-35,2.55667e-34,2.46069e-34,3.85546e-31,8.83658e-30,1.67827e-32,3.89101e-31,3.74808e-31,9.68723e-29,2.19529e-27,4.26028e-30,9.77239e-29,9.42921e-29
0.00000e+00,0.00000e+00,0.00000e+00,0.00000e+00,0.00000e+00,2.46069e-34,5.91143e-33,1.02409e-35,2.53280e-34,2.33945e-34,3.74808e-31,8.59659e-30,1.63050e-32,3.85546e-31,3.56714e-31,9.42921e-29,2.13862e-27,4.14365e-30,9.68723e-29,8.99170e-29
0.00000e+00,0.00000e+00,0.00000e+00,0.00000e+00,0.00000e+00,2.33945e-34,5.62588e-33,9.72753e-36,2.46069e-34,2.16815e-34,3.56714e-31,8.19071e-30,1.55024e-32,3.74808e-31,3.31060e-31,8.99170e-29,2.04210e-27,3.94669e-30,9.42921e-29,8.36628e-29
0.00000e+00,0.00000e+00,0.00000e+00,0.00000e+00,0.00000e+00,2.16815e-34,5.22065e-33,9.00491e-36,2.33945e-34,1.94649e-34,3.31060e-31,7.61244e-30,1.43693e-32,3.56714e-31,2.97732e-31,8.36628e-29,1.90328e-27,3.66660e-30,8.99170e-29,7.54626e-29
0.00000e+00,0.00000e+00,0.00000e+00,0.00000e+00,0.00000e+00,1.94649e-34,4.69369e-33,8.07389e-36,2.16815e-34,1.67562e-34,2.97732e-31,6.85703e-30,1.29043e-32,3.31060e-31,2.56837e-31,7.54626e-29,1.72002e-27,3.30156e-30,8.36628e-29,6.53096e-29
0.00000e+00,0.00000e+00,0.00000e+00,0.00000e+00,0.00000e+00,1.67562e-34,4.04647e-33,6.94123e-36,1.94649e-34,1.35886e-34,2.56837e-31,5.92488e-30,1.11156e-32,2.97732e-31,2.08831e-31,6.53096e-29,1.49154e-27,2.85233e-30,7.54626e-29,5.33007e-29
0.00000e+00,0.00000e+00,0.00000e+00,0.00000e+00,0.00000e+00,1.35886e-34,3.28603e-33,5.62223e-36,1.67562e-34,1.00224e-34,2.08831e-31,4.82488e-30,9.02557e-33,2.56837e-31,1.54606e-31,5.33007e-29,1.21956e-27,2.32399e-30,6.53096e-29,3.96739e-29
0.00000e+00,0.00000e+00,0.00000e+00,0.00000e+00,0.00000e+00,1.00224e-34,2.42642e-33,4.14252e-36,1.35886e-34,6.14573e-35,1.54606e-31,3.57680e-30,6.67408e-33,2.08831e-31,9.55114e-32,3.96739e-29,9.09231e-28,1.72736e-30,5.33007e-29,2.48373e-29
0.00000e+00,0.00000e+00,0.00000e+00,0.00000e+00,0.00000e+00,6.14573e-35,1.48910e-33,2.53832e-36,1.00224e-34,2.07124e-35,9.55114e-32,2.21201e-30,4.11911e-33,1.54606e-31,3.34334e-32,2.48373e-29,5.69945e-28,1.08016e-30,3.96739e-29,9.49700e-30
0.00000e+00,0.00000e+00,0.00000e+00,0.00000e+00,0.00000e+00,2.53677e-36,6.14222e-35,1.04839e-37,8.54560e-37,4.14032e-36,4.11865e-33,9.55017e-32,1.77425e-34,1.43975e-33,6.67340e-33,1.08008e-30,2.48359e-29,4.68848e-32,4.12473e-31,1.72725e-30
0.00000e+00,0.00000e+00,0.00000e+00,0.00000e+00,0.00000e+00,4.14032e-36,1.00175e-34,1.71222e-37,2.53677e-36,5.61970e-36,6.67340e-33,1.54592e-31,2.87727e-34,4.11865e-33,9.02475e-33,1.72725e-30,3.96717e-29,7.50539e-32,1.08008e-30,2.32386e-30
0.00000e+00,0.00000e+00,0.00000e+00,0.00000e+00,0.00000e+00,5.61970e-36,1.35829e-34,2.32614e-37,4.14032e-36,6.93864e-36,9.02475e-33,2.08814e-31,3.89519e-34,6.67340e-33,1.11147e-32,2.32386e-30,5.32982e-29,1.01107e-31,1.72725e-30,2.85219e-30
0.00000e+00,0.00000e+00,0.00000e+00,0.00000e+00,0.00000e+00,6.93864e-36,1.67503e-34,2.87521e-37,5.61970e-36,8.07146e-36,1.11147e-32,2.56819e-31,4.80311e-34,9.02475e-33,1.29034e-32,2.85219e-30,6.53069e-29,1.24278e-31,2.32386e-30,3.30143e-30
0.00000e+00,0.00000e+00,0.00000e+00,0.00000e+00,0.00000e+00,8.07146e-36,1.94594e-34,3.34855e-37,6.93864e-36,9.00280e-36,1.29034e-32,2.97714e-31,5.58336e-34,1.11147e-32,1.43685e-32,3.30143e-30,7.54599e-29,1.44079e-31,2.85219e-30,3.66648e-30
0.00000e+00,0.00000e+00,0.00000e+00,0.00000e+00,0.00000e+00,9.00280e-36,2.16768e-34,3.73924e-37,8.07146e-36,9.72586e-36,1.43685e-32,3.31044e-31,6.22522e-34,1.29034e-32,1.55018e-32,3.66648e-30,8.36604e-29,1.60256e-31,3.30143e-30,3.94659e-30
0.00000e+00,0.00000e+00,0.00000e+00,0.00000e+00,0.00000e+00,9.72586e-36,2.33908e-34,4.04371e-37,9.00280e-36,1.02397e-35,1.55018e-32,3.56701e-31,6.72382e-34,1.43685e-32,1.63045e-32,3.94659e-30,8.99151e-29,1.72734e-31,3.66648e-30,4.14359e-30
0.00000e+00,0.00000e+00,0.00000e+00,0.00000e+00,0.00000e+00,1.02397e-35,2.46043e-34,4.26082e-37,9.72586e-36,1.05465e-35,1.63045e-32,3.74799e-31,7.07833e-34,1.55018e-32,1.67825e-32,4.14359e-30,9.42907e-29,1.81550e-31,3.94659e-30,4.26024e-30
0.00000e+00,0.00000e+00,0.00000e+00,0.00000e+00,0.00000e+00,1.05465e-35,2.53267e-34,4.39076e-37,1.02397e-35,1.06486e-35,1.67825e-32,3.85541e-31,7.28999e-34,1.63045e-32,1.69412e-32,4.26024e-30,9.68716e-29,1.86789e-31,4.14359e-30,4.29885e-30
0.00000e+00,0.00000e+00,0.00000e+00,0.00000e+00,0.00000e+00,1.06486e-35,2.55667e-34,4.43407e-37,1.05465e-35,1.05471e-35,1.69412e-32,3.89101e-31,7.36037e-34,1.67825e-32,1.67827e-32,4.29885e-30,9.77239e-29,1.88526e-31,4.26024e-30,4.26028e-30
0.00000e+00,0.00000e+00,0.00000e+00,0.00000e+00,0.00000e+00,1.05471e-35,2.53280e-34,4.39102e-37,1.06486e-35,1.02409e-35,1.67827e-32,3.85546e-31,7.29010e-34,1.69412e-32,1.63050e-32,4.26028e-30,9.68723e-29,1.86791e-31,4.29885e-30,4.14365e-30
0.00000e+00,0.00000e+00,0.00000e+00,0.00000e+00,0.00000e+00,1.02409e-35,2.46069e-34,4.26134e-37,1.05471e-35,9.72753e-36,1.63050e-32,3.74808e-31,7.07853e-34,1.67827e-32,1.55024e-32,4.14365e-30,9.42921e-29,1.81554e-31,4.26028e-30,3.94669e-30
0.00000e+00,0.00000e+00,0.00000e+00,0.00000e+00,0.00000e+00,9.72753e-36,2.33945e-34,4.04446e-37,1.02409e-35,9.00491e-36,1.55024e-32,3.56714e-31,6.72411e-34,1.63050e-32,1.43693e-32,3.94669e-30,8.99170e-29,1.72739e-31,4.14365e-30,3.66660e-30
0.00000e+00,0.00000e+00,0.00000e+00,0.00000e+00,0.00000e+00,9.00491e-36,2.16815e-34,3.74018e-37,9.72753e-36,8.07389e-36,1.43693e-32,3.31060e-31,6.22558e-34,1.55024e-32,1.29043e-32,3.66660e-30,8.36628e-29,1.60262e-31,3.94669e-30,3.30156e-30
0.00000e+00,0.00000e+00,0.00000e+00,0.00000e+00,0.00000e+00,8.07389e-36,1.94649e-34,3.34964e-37,9.00491e-36,6.94123e-36,1.29043e-32,2.97732e-31,5.58376e-34,1.43693e-32,1.11156e-32,3.30156e-30,7.54626e-29,1.44086e-31,3.66660e-30,2.85233e-30
0.00000e+00,0.00000e+00,0.00000e+00,0.00000e+00,0.00000e+00,6.94123e-36,1.67562e-34,2.87636e-37,8.07389e-36,5.62223e-36,1.11156e-32,2.56837e-31,4.80353e-34,1.29043e-32,9.02557e-33,2.85233e-30,6.53096e-29,1.24285e-31,3.30156e-30,2.32399e-30
0.00000e+00,0.00000e+00,0.00000e+00,0.00000e+00,0.00000e+00,5.62223e-36,1.35886e-34,2.32726e-37,6.94123e-36,4.14252e-36,9.02557e-33,2.08831e-31,3.89557e-34,1.11156e-32,6.67408e-33,2.32399e-30,5.33007e-29,1.01114e-31,2.85233e-30,1.72736e-30
0.00000e+00,0.00000e+00,0.00000e+00,0.00000e+00,0.00000e+00,4.14252e-36,1.00224e-34,1.71320e-37,5.62223e-36,2.53832e-36,6.67408e-33,1.54606e-31,2.87759e-34,9.02557e-33,4.11911e-33,1.72736e-30,3.96739e-29,7.50591e-32,2.32399e-30,1.08016e-30
0.00000e+00,0.00000e+00,0.00000e+00,0.00000e+00,0.00000e+00,2.53832e-36,6.14573e-35,1.04908e-37,4.14252e-36,8.55140e-37,4.11911e-33,9.55114e-32,1.77446e-34,6.67408e-33,1.43993e-33,1.08016e-30,2.48373e-29,4.68883e-32,1.72736e-30,4.12503e-31
0.00000e+00,0.00000e+00,0.00000e+00,0.00000e+00,0.00000e+00,1.04839e-37,2.53677e-36,4.33524e-39,3.53047e-38,1.71222e-37,1.77425e-34,4.11865e-33,7.63519e-36,6.19447e-35,2.87727e-34,4.68848e-32,1.08008e-30,2.03177e-33,1.78846e-32,7.50539e-32
0.00000e+00,0.00000e+00,0.00000e+00,0.00000e+00,0.00000e+00,1.71222e-37,4.14032e-36,7.08446e-39,1.04839e-37,2.32614e-37,2.87727e-34,6.67340e-33,1.23915e-35,1.77425e-34,3.89519e-34,7.50539e-32,1.72725e-30,3.25546e-33,4.68848e-32,1.01107e-31
0.00000e+00,0.00000e+00,0.00000e+00,0.00000e+00,0.00000e+00,2.32614e-37,5.61970e-36,9.63243e-39,1.71222e-37,2.87521e-37,3.89519e-34,9.02475e-33,1.67912e-35,2.87727e-34,4.80311e-34,1.01107e-31,2.32386e-30,4.39054e-33,7.50539e-32,1.24278e-31
0.00000e+00,0.00000e+00,0.00000e+00,0.00000e+00,0.00000e+00,2.87521e-37,6.93864e-36,1.19177e-38,2.32614e-37,3.34855e-37,4.80311e-34,1.11147e-32,2.07276e-35,3.89519e-34,5.58336e-34,1.24278e-31,2.85219e-30,5.40386e-33,1.01107e-31,1.44079e-31
0.00000e+00,0.00000e+00,0.00000e+00,0.00000e+00,0.00000e+00,3.34855e-37,8.07146e-36,1.38942e-38,2.87521e-37,3.73924e-37,5.58336e-34,1.29034e-32,2.41227e-35,4.80311e-34,6.22522e-34,1.44079e-31,3.30143e-30,6.27364e-33,1.24278e-31,1.60256e-31
0.00000e+00,0.00000e+00,0.00000e+00,0.00000e+00,0.00000e+00,3.73924e-37,9.00280e-36,1.55313e-38,3.34855e-37,4.04371e-37,6.22522e-34,1.43685e-32,2.69264e-35,5.58336e-34,6.72382e-34,1.60256e-31,3.66648e-30,6.98760e-33,1.44079e-31,1.72734e-31
0.00000e+00,0.00000e+00,0.00000e+00,0.00000e+00,0.00000e+00,4.04371e-37,9.72586e-36,1.68114e-38,3.73924e-37,4.26082e-37,6.72382e-34,1.55018e-32,2.91125e-35,6.22522e-34,7.07833e-34,1.72734e-31,3.94659e-30,7.54085e-33,1.60256e-31,1.81550e-31
0.00000e+00,0.00000e+00,0.00000e+00,0.00000e+00,0.00000e+00,4.26082e-37,1.02397e-35,1.77268e-38,4.04371e-37,4.39076e-37,7.07833e-34,1.63045e-32,3.06719e-35,6.72382e-34,7.28999e-34,1.81550e-31,4.14359e-30,7.93332e-33,1.72734e-31,1.86789e-31
0.00000e+00,0.00000e+00,0.00000e+00,0.00000e+00,0.00000e+00,4.39076e-37,1.05465e-35,1.82759e-38,4.26082e-37,4.43407e-37,7.28999e-34,1.67825e-32,3.16051e-35,7.07833e-34,7.36037e-34,1.86789e-31,4.26024e-30,8.16723e-33,1.81550e-31,1.88526e-31
0.00000e+00,0.00000e+00,0.00000e+00,0.00000e+00,0.00000e+00,4.43407e-37,1.06486e-35,1.84592e-38,4.39076e-37,4.39102e-37,7.36037e-34,1.69412e-32,3.19158e-35,7.28999e-34,7.29010e-34,1.88526e-31,4.29885e-30,8.24491e-33,1.86789e-31,1.86791e-31
0.00000e+00,0.00000e+00,0.00000e+00,0.00000e+00,0.00000e+00,4.39102e-37,1.05471e-35,1.82771e-38,4.43407e-37,4.26134e-37,7.29010e-34,1.67827e-32,3.16056e-35,7.36037e-34,7.07853e-34,1.86791e-31,4.26028e-30,8.16731e-33,1.88526e-31,1.81554e-31
0.00000e+00,0.00000e+00,0.00000e+00,0.00000e+00,0.00000e+00,4.26134e-37,1.02409e-35,1.77292e-38,4.39102e-37,4.04446e-37,7.07853e-34,1.63050e-32,3.06728e-35,7.29010e-34,6.72411e-34,1.81554e-31,4.14365e-30,7.93348e-33,1.86791e-31,1.72739e-31
0.00000e+00,0.00000e+00,0.00000e+00,0.00000e+00,0.00000e+00,4.04446e-37,9.72753e-36,1.68148e-38,4.26134e-37,3.74018e-37,6.72411e-34,1.55024e-32,2.91139e-35,7.07853e-34,6.22558e-34,1.72739e-31,3.94669e-30,7.54108e-33,1.81554e-31,1.60262e-31
0.00000e+00,0.00000e+00,0.00000e+00,0.00000e+00,0.00000e+00,3.74018e-37,9.00491e-36,1.55356e-38,4.04446e-37,3.34964e-37,6.22558e-34,1.43693e-32,2.69281e-35,6.72411e-34,5.58376e-34,1.60262e-31,3.66660e-30,6.98789e-33,1.72739e-31,1.44086e-31
0.00000e+00,0.00000e+00,0.00000e+00,0.00000e+00,0.00000e+00,3.34964e-37,8.07389e-36,1.38991e-38,3.74018e-37,2.87636e-37,5.58376e-34,1.29043e-32,2.41246e-35,6.22558e-34,4.80353e-34,1.44086e-31,3.30156e-30,6.27396e-33,1.60262e-31,1.24285e-31
0.00000e+00,0.00000e+00,0.00000e+00,0.00000e+00,0.00000e+00,2.87636e-37,6.94123e-36,1.19229e-38,3.34964e-37,2.32726e-37,4.80353e-34,1.11156e-32,2.07296e-35,5.58376e-34,3.89557e-34,1.24285e-31,2.85233e-30,5.40419e-33,1.44086e-31,1.01114e-31
0.00000e+00,0.00000e+00,0.00000e+00,0.00000e+00,0.00000e+00,2.32726e-37,5.62223e-36,9.63751e-39,2.87636e-37,1.71320e-37,3.89557e-34,9.02557e-33,1.67930e-35,4.80353e-34,2.87759e-34,1.01114e-31,2.32399e-30,4.39085e-33,1.24285e-31,7.50591e-32
0.00000e+00,0.00000e+00,0.00000e+00,0.00000e+00,0.00000e+00,1.71320e-37,4.14252e-36,7.08887e-39,2.32726e-37,1.04908e-37,2.87759e-34,6.67408e-33,1.23930e-35,3.89557e-34,1.77446e-34,7.50591e-32,1.72736e-30,3.25571e-33,1.01114e-31,4.68883e-32
0.00000e+00,0.00000e+00,0.00000e+00,0.00000e+00,0.00000e+00,1.04908e-37,2.53832e-36,4.33836e-39,1.71320e-37,3.53306e-38,1.77446e-34,4.11911e-33,7.63620e-36,2.87759e-34,6.19529e-35,4.68883e-32,1.08016e-30,2.03194e-33,7.50591e-32,1.78861e-32
0.00000e+00,0.00000e+00,0.00000e+00,0.00000e+00,0.00000e+00,4.33524e-39,1.04839e-37,1.79361e-40,1.45945e-39,7.08446e-39,7.63519e-36,1.77425e-34,3.28245e-37,2.66258e-36,1.23915e-35,2.03177e-33,4.68848e-32,8.79121e-35,7.74246e-34,3.25546e-33
0.00000e+00,0.00000e+00,0.00000e+00,0.00000e+00,0.00000e+00,7.08446e-39,1.71222e-37,2.93257e-40,4.33524e-39,9.63243e-39,1.23915e-35,2.87727e-34,5.33094e-37,7.63519e-36,1.67912e-35,3.25546e-33,7.50539e-32,1.40975e-34,2.03177e-33,4.39054e-33
0.00000e+00,0.00000e+00,0.00000e+00,0.00000e+00,0.00000e+00,9.63243e-39,2.32614e-37,3.99020e-40,7.08446e-39,1.19177e-38,1.67912e-35,3.89519e-34,7.22984e-37,1.23915e-35,2.07276e-35,4.39054e-33,1.01107e-31,1.90322e-34,3.25546e-33,5.40386e-33
0.00000e+00,0.00000e+00,0.00000e+00,0.00000e+00,0.00000e+00,1.19177e-38,2.87521e-37,4.94115e-40,9.63243e-39,1.38942e-38,2.07276e-35,4.80311e-34,8.93348e-37,1.67912e-35,2.41227e-35,5.40386e-33,1.24278e-31,2.34524e-34,4.39054e-33,6.27364e-33
0.00000e+00,0.00000e+00,0.00000e+00,0.00000e+00,0.00000e+00,1.38942e-38,3.34855e-37,5.76601e-40,1.19177e-38,1.55313e-38,2.41227e-35,5.58336e-34,1.04075e-36,2.07276e-35,2.69264e-35,6.27364e-33,1.44079e-31,2.72614e-34,5.40386e-33,6.98760e-33
0.00000e+00,0.00000e+00,0.00000e+00,0.00000e+00,0.00000e+00,1.55313e-38,3.73924e-37,6.45130e-40,1.38942e-38,1.68114e-38,2.69264e-35,6.22522e-34,1.16289e-36,2.41227e-35,2.91125e-35,6.98760e-33,1.60256e-31,3.04010e-34,6.27364e-33,7.54085e-33
0.00000e+00,0.00000e+00,0.00000e+00,0.00000e+00,0.00000e+00,1.68114e-38,4.04371e-37,6.98875e-40,1.55313e-38,1.77268e-38,2.91125e-35,6.72382e-34,1.25844e-36,2.69264e-35,3.06719e-35,7.54085e-33,1.72734e-31,3.28438e-34,6.98760e-33,7.93332e-33
0.00000e+00,0.00000e+00,0.00000e+00,0.00000e+00,0.00000e+00,1.77268e-38,4.26082e-37,7.37410e-40,1.68114e-38,1.82759e-38,3.06719e-35,7.07833e-34,1.32679e-36,2.91125e-35,3.16051e-35,7.93332e-33,1.81550e-31,3.45828e-34,7.54085e-33,8.16723e-33
0.00000e+00,0.00000e+00,0.00000e+00,0.00000e+00,0.00000e+00,1.82759e-38,4.39076e-37,7.60567e-40,1.77268e-38,1.84592e-38,3.16051e-35,7.28999e-34,1.36778e-36,3.06719e-35,3.19158e-35,8.16723e-33,1.86789e-31,3.56219e-34,7.93332e-33,8.24491e-33
0.00000e+00,0.00000e+00,0.00000e+00,0.00000e+00,0.00000e+00,1.84592e-38,4.43407e-37,7.68306e-40,1.82759e-38,1.82771e-38,3.19158e-35,7.36037e-34,1.38144e-36,3.16051e-35,3.16056e-35,8.24491e-33,1.88526e-31,3.59675e-34,8.16723e-33,8.16731e-33
0.00000e+00,0.00000e+00,0.00000e+00,0.00000e+00,0.00000e+00,1.82771e-38,4.39102e-37,7.60623e-40,1.84592e-38,1.77292e-38,3.16056e-35,7.29010e-34,1.36780e-36,3.19158e-35,3.06728e-35,8.16731e-33,1.86791e-31,3.56223e-34,8.24491e-33,7.93348e-33
0.00000e+00,0.00000e+00,0.00000e+00,0.00000e+00,0.00000e+00,1.77292e-38,4.26134e-37,7.37519e-40,1.82771e-38,1.68148e-38,3.06728e-35,7.07853e-34,1.32683e-36,3.16056e-35,2.91139e-35,7.93348e-33,1.81554e-31,3.45835e-34,8.16731e-33,7.54108e-33
0.00000e+00,0.00000e+00,0.00000e+00,0.00000e+00,0.00000e+00,1.68148e-38,4.04446e-37,6.99033e-40,1.77292e-38,1.55356e-38,2.91139e-35,6.72411e-34,1.25850e-36,3.06728e-35,2.69281e-35,7.54108e-33,1.72739e-31,3.28449e-34,7.93348e-33,6.98789e-33
0.00000e+00,0.00000e+00,0.00000e+00,0.00000e+00,0.00000e+00,1.55356e-38,3.74018e-37,6.45328e-40,1.68148e-38,1.38991e-38,2.69281e-35,6.22558e-34,1.16297e-36,2.91139e-35,2.41246e-35,6.98789e-33,1.60262e-31,3.04024e-34,7.54108e-33,6.27396e-33
0.00000e+00,0.00000e+00,0.00000e+00,0.00000e+00,0.00000e+00,1.38991e-38,3.34964e-37,5.76828e-40,1.55356e-38,1.19229e-38,2.41246e-35,5.58376e-34,1.04084e-36,2.69281e-35,2.07296e-35,6.27396e-33,1.44086e-31,2.72629e-34,6.98789e-33,5.40419e-33
0.00000e+00,0.00000e+00,0.00000e+00,0.00000e+00,0.00000e+00,1.19229e-38,2.87636e-37,4.94354e-40,1.38991e-38,9.63751e-39,2.07296e-35,4.80353e-34,8.93438e-37,2.41246e-35,1.67930e-35,5.40419e-33,1.24285e-31,2.34540e-34,6.27396e-33,4.39085e-33
0.00000e+00,0.00000e+00,0.00000e+00,0.00000e+00,0.00000e+00,9.63751e-39,2.32726e-37,3.99252e-40,1.19229e-38,7.08887e-39,1.67930e-35,3.89557e-34,7.23068e-37,2.07296e-35,1.23930e-35,4.39085e-33,1.01114e-31,1.90337e-34,5.40419e-33,3.25571e-33
0.00000e+00,0.00000e+00,0.00000e+00,0.00000e+00,0.00000e+00,7.08887e-39,1.71320e-37,2.93459e-40,9.63751e-39,4.33836e-39,1.23930e-35,2.87759e-34,5.33163e-37,1.67930e-35,7.63620e-36,3.25571e-33,7.50591e-32,1.40987e-34,4.39085e-33,2.03194e-33
0.00000e+00,0.00000e+00,0.00000e+00,0.00000e+00,0.00000e+00,4.33836e-39,1.04908e-37,1.79503e-40,7.08887e-39,1.46062e-39,7.63620e-36,1.77446e-34,3.28291e-37,1.23930e-35,2.66297e-36,2.03194e-33,4.68883e-32,8.79202e-35,3.25571e-33,7.74315e-34
0.00000e+00,0.00000e+00,0.00000e+00,0.00000e+00,0.00000e+00,1.79361e-40,4.33524e-39,7.42398e-42,6.03647e-41,2.93257e-40,3.28245e-37,7.63519e-36,1.40984e-38,1.14343e-37,5.33094e-37,8.79121e-35,2.03177e-33,3.79845e-36,3.34693e-35,1.40975e-34
0.00000e+00,0.00000e+00,0.00000e+00,0.00000e+00,0.00000e+00,2.93257e-40,7.08446e-39,1.21440e-41,1.79361e-40,3.99020e-40,5.33094e-37,1.23915e-35,2.29114e-38,3.28245e-37,7.22984e-37,1.40975e-34,3.25546e-33,6.09563e-36,8.79121e-35,1.90322e-34
0.00000e+00,0.00000e+00,0.00000e+00,0.00000e+00,0.00000e+00,3.99020e-40,9.63243e-39,1.65345e-41,2.93257e-40,4.94115e-40,7.22984e-37,1.67912e-35,3.10960e-38,5.33094e-37,8.93348e-37,1.90322e-34,4.39054e-33,8.23687e-36,1.40975e-34,2.34524e-34
0.00000e+00,0.00000e+00,0.00000e+00,0.00000e+00,0.00000e+00,4.94115e-40,1.19177e-38,2.04909e-41,3.99020e-40,5.76601e-40,8.93348e-37,2.07276e-35,3.84569e-38,7.22984e-37,1.04075e-36,2.34524e-34,5.40386e-33,1.01606e-35,1.90322e-34,2.72614e-34
0.00000e+00,0.00000e+00,0.00000e+00,0.00000e+00,0.00000e+00,5.76601e-40,1.38942e-38,2.39316e-41,4.94115e-40,6.45130e-40,1.04075e-36,2.41227e-35,4.48439e-38,8.93348e-37,1.16289e-36,2.72614e-34,6.27364e-33,1.18240e-35,2.34524e-34,3.04010e-34
0.00000e+00,0.00000e+00,0.00000e+00,0.00000e+00,0.00000e+00,6.45130e-40,1.55313e-38,2.67978e-41,5.76601e-40,6.98875e-40,1.16289e-36,2.69264e-35,5.01520e-38,1.04075e-36,1.25844e-36,3.04010e-34,6.98760e-33,1.32001e-35,2.72614e-34,3.28438e-34
0.00000e+00,0.00000e+00,0.00000e+00,0.00000e+00,0.00000e+00,6.98875e-40,1.68114e-38,2.90516e-41,6.45130e-40,7.37410e-40,1.25844e-36,2.91125e-35,5.43162e-38,1.16289e-36,1.32679e-36,3.28438e-34,7.54085e-33,1.42747e-35,3.04010e-34,3.45828e-34
0.00000e+00,0.00000e+00,0.00000e+00,0.00000e+00,0.00000e+00,7.37410e-40,1.77268e-38,3.06713e-41,6.98875e-40,7.60567e-40,1.32679e-36,3.06719e-35,5.73026e-38,1.25844e-36,1.36778e-36,3.45828e-34,7.93332e-33,1.50420e-35,3.28438e-34,3.56219e-34
0.00000e+00,0.00000e+00,0.00000e+00,0.00000e+00,0.00000e+00,7.60567e-40,1.82759e-38,3.16462e-41,7.37410e-40,7.68306e-40,1.36778e-36,3.16051e-35,5.90970e-38,1.32679e-36,1.38144e-36,3.56219e-34,8.16723e-33,1.55016e-35,3.45828e-34,3.59675e-34
0.00000e+00,0.00000e+00,0.00000e+00,0.00000e+00,0.00000e+00,7.68306e-40,1.84592e-38,3.19724e-41,7.60567e-40,7.60623e-40,1.38144e-36,3.19158e-35,5.96956e-38,1.36778e-36,1.36780e-36,3.59675e-34,8.24491e-33,1.56546e-35,3.56219e-34,3.56223e-34
0.00000e+00,0.00000e+00,0.00000e+00,0.00000e+00,0.00000e+00,7.60623e-40,1.82771e-38,3.16489e-41,7.68306e-40,7.37519e-40,1.36780e-36,3.16056e-35,5.90981e-38,1.38144e-36,1.32683e-36,3.56223e-34,8.16731e-33,1.55018e-35,3.59675e-34,3.45835e-34
0.00000e+00,0.00000e+00,0.00000e+00,0.00000e+00,0.00000e+00,7.37519e-40,1.77292e-38,3.06764e-41,7.60623e-40,6.99033e-40,1.32683e-36,3.06728e-35,5.73046e-38,1.36780e-36,1.25850e-36,3.45835e-34,7.93348e-33,1.50424e-35,3.56223e-34,3.28449e-34
0.00000e+00,0.00000e+00,0.00000e+00,0.00000e+00,0.00000e+00,6.99033e-40,1.68148e-38,2.90590e-41,7.37519e-40,6.45328e-40,1.25850e-36,2.91139e-35,5.43192e-38,1.32683e-36,1.16297e-36,3.28449e-34,7.54108e-33,1.42752e-35,3.45835e-34,3.04024e-34
0.00000e+00,0.00000e+00,0.00000e+00,0.00000e+00,0.00000e+00,6.45328e-40,1.55356e-38,2.68071e-41,6.99033e-40,5.76828e-40,1.16297e-36,2.69281e-35,5.01556e-38,1.25850e-36,1.04084e-36,3.04024e-34,6.98789e-33,1.32008e-35,3.28449e-34,2.72629e-34
0.00000e+00,0.00000e+00,0.00000e+00,0.00000e+00,0.00000e+00,5.76828e-40,1.38991e-38,2.39422e-41,6.45328e-40,4.94354e-40,1.04084e-36,2.41246e-35,4.48480e-38,1.16297e-36,8.93438e-37,2.72629e-34,6.27396e-33,1.18247e-35,3.04024e-34,2.34540e-34
0.00000e+00,0.00000e+00,0.00000e+00,0.00000e+00,0.00000e+00,4.94354e-40,1.19229e-38,2.05021e-41,5.76828e-40,3.99252e-40,8.93438e-37,2.07296e-35,3.84611e-38,1.04084e-36,7.23068e-37,2.34540e-34,5.40419e-33,1.01613e-35,2.72629e-34,1.90337e-34
0.00000e+00,0.00000e+00,0.00000e+00,0.00000e+00,0.00000e+00,3.99252e-40,9.63751e-39,1.65453e-41,4.94354e-40,2.93459e-40,7.23068e-37,1.67930e-35,3.10999e-38,8.93438e-37,5.33163e-37,1.90337e-34,4.39085e-33,8.23756e-36,2.34540e-34,1.40987e-34
0.00000e+00,0.00000e+00,0.00000e+00,0.00000e+00,0.00000e+00,2.93459e-40,7.08887e-39,1.21534e-41,3.99252e-40,1.79503e-40,5.33163e-37,1.23930e-35,2.29146e-38,7.23068e-37,3.28291e-37,1.40987e-34,3.25571e-33,6.09620e-36,1.90337e-34,8.79202e-35
0.00000e+00,0.00000e+00,0.00000e+00,0.00000e+00,0.00000e+00,1.79503e-40,4.33836e-39,7.43058e-42,2.93459e-40,6.04183e-41,3.28291e-37,7.63620e-36,1.41006e-38,5.33163e-37,1.14360e-37,8.79202e-35,2.03194e-33,3.79883e-36,1.40987e-34,3.34726e-35
0.00000e+00,0.00000e+00,0.00000e+00,0.00000e+00,0.00000e+00,7.42398e-42,1.79361e-40,3.07410e-43,2.49795e-42,1.21440e-41,1.40984e-38,3.28245e-37,6.05008e-40,4.90615e-39,2.29114e-38,3.79845e-36,8.79121e-35,1.63906e-37,1.44489e-36,6.09563e-36
0.00000e+00,0.00000e+00,0.00000e+00,0.00000e+00,0.00000e+00,1.21440e-41,2.93257e-40,5.03069e-43,7.42398e-42,1.65345e-41,2.29114e-38,5.33094e-37,9.83760e-40,1.40984e-38,3.10960e-38,6.09563e-36,1.40975e-34,2.63205e-37,3.79845e-36,8.23687e-36
0.00000e+00,0.00000e+00,0.00000e+00,0.00000e+00,0.00000e+00,1.65345e-41,3.99020e-40,6.85345e-43,1.21440e-41,2.04909e-41,3.10960e-38,7.22984e-37,1.33609e-39,2.29114e-38,3.84569e-38,8.23687e-36,1.90322e-34,3.55951e-37,6.09563e-36,1.01606e-35
0.00000e+00,0.00000e+00,0.00000e+00,0.00000e+00,0.00000e+00,2.04909e-41,4.94115e-40,8.49928e-43,1.65345e-41,2.39316e-41,3.84569e-38,8.93348e-37,1.65365e-39,3.10960e-38,4.48439e-38,1.01606e-35,2.34524e-34,4.39496e-37,8.23687e-36,1.18240e-35
0.00000e+00,0.00000e+00,0.00000e+00,0.00000e+00,0.00000e+00,2.39316e-41,5.76601e-40,9.93382e-43,2.04909e-41,2.67978e-41,4.48439e-38,1.04075e-36,1.92988e-39,3.84569e-38,5.01520e-38,1.18240e-35,2.72614e-34,5.11959e-37,1.01606e-35,1.32001e-35
0.00000e+00,0.00000e+00,0.00000e+00,0.00000e+00,0.00000e+00,2.67978e-41,6.45130e-40,1.11317e-42,2.39316e-41,2.90516e-41,5.01520e-38,1.16289e-36,2.16006e-39,4.48439e-38,5.43162e-38,1.32001e-35,3.04010e-34,5.72103e-37,1.18240e-35,1.42747e-35
0.00000e+00,0.00000e+00,0.00000e+00,0.00000e+00,0.00000e+00,2.90516e-41,6.98875e-40,1.20758e-42,2.67978e-41,3.06713e-41,5.43162e-38,1.25844e-36,2.34109e-39,5.01520e-38,5.73026e-38,1.42747e-35,3.28438e-34,6.19211e-37,1.32001e-35,1.50420e-35
0.00000e+00,0.00000e+00,0.00000e+00,0.00000e+00,0.00000e+00,3.06713e-41,7.37410e-40,1.27557e-42,2.90516e-41,3.16462e-41,5.73026e-38,1.32679e-36,2.47121e-39,5.43162e-38,5.90970e-38,1.50420e-35,3.45828e-34,6.52943e-37,1.42747e-35,1.55016e-35
0.00000e+00,0.00000e+00,0.00000e+00,0.00000e+00,0.00000e+00,3.16462e-41,7.60567e-40,1.31655e-42,3.06713e-41,3.19724e-41,5.90970e-38,1.36778e-36,2.54951e-39,5.73026e-38,5.96956e-38,1.55016e-35,3.56219e-34,6.73187e-37,1.50420e-35,1.56546e-35
0.00000e+00,0.00000e+00,0.00000e+00,0.00000e+00,0.00000e+00,3.19724e-41,7.68306e-40,1.33028e-42,3.16462e-41,3.16489e-41,5.96956e-38,1.38144e-36,2.57566e-39,5.90970e-38,5.90981e-38,1.56546e-35,3.59675e-34,6.79936e-37,1.55016e-35,1.55018e-35
0.00000e+00,0.00000e+00,0.00000e+00,0.00000e+00,0.00000e+00,3.16489e-41,7.60623e-40,1.31668e-42,3.19724e-41,3.06764e-41,5.90981e-38,1.36780e-36,2.54956e-39,5.96956e-38,5.73046e-38,1.55018e-35,3.56223e-34,6.73196e-37,1.56546e-35,1.50424e-35
0.00000e+00,0.00000e+00,0.00000e+00,0.00000e+00,0.00000e+00,3.06764e-41,7.37519e-40,1.27581e-42,3.16489e-41,2.90590e-41,5.73046e-38,1.32683e-36,2.47130e-39,5.90981e-38,5.43192e-38,1.50424e-35,3.45835e-34,6.52961e-37,1.55018e-35,1.42752e-35
0.00000e+00,0.00000e+00,0.00000e+00,0.00000e+00,0.00000e+00,2.90590e-41,6.99033e-40,1.20794e-42,3.06764e-41,2.68071e-41,5.43192e-38,1.25850e-36,2.34123e-39,5.73046e-38,5.01556e-38,1.42752e-35,3.28449e-34,6.19236e-37,1.50424e-35,1.32008e-35
0.00000e+00,0.00000e+00,0.00000e+00,0.00000e+00,0.00000e+00,2.68071e-41,6.45328e-40,1.11361e-42,2.90590e-41,2.39422e-41,5.01556e-38,1.16297e-36,2.16023e-39,5.43192e-38,4.48480e-38,1.32008e-35,3.04024e-34,5.72134e-37,1.42752e-35,1.18247e-35
0.00000e+00,0.00000e+00,0.00000e+00,0.00000e+00,0.00000e+00,2.39422e-41,5.76828e-40,9.93883e-43,2.68071e-41,2.05021e-41,4.48480e-38,1.04084e-36,1.93007e-39,5.01556e-38,3.84611e-38,1.18247e-35,2.72629e-34,5.11993e-37,1.32008e-35,1.01613e-35
0.00000e+00,0.00000e+00,0.00000e+00,0.00000e+00,0.00000e+00,2.05021e-41,4.94354e-40,8.50454e-43,2.39422e-41,1.65453e-41,3.84611e-38,8.93438e-37,1.65384e-39,4.48480e-38,3.10999e-38,1.01613e-35,2.34540e-34,4.39531e-37,1.18247e-35,8.23756e-36
0.00000e+00,0.00000e+00,0.00000e+00,0.00000e+00,0.00000e+00,1.65453e-41,3.99252e-40,6.85854e-43,2.05021e-41,1.21534e-41,3.10999e-38,7.23068e-37,1.33627e-39,3.84611e-38,2.29146e-38,8.23756e-36,1.90337e-34,3.55984e-37,1.01613e-35,6.09620e-36
0.00000e+00,0.00000e+00,0.00000e+00,0.00000e+00,0.00000e+00,1.21534e-41,2.93459e-40,5.03508e-43,1.65453e-41,7.43058e-42,2.29146e-38,5.33163e-37,9.83907e-40,3.10999e-38,1.41006e-38,6.09620e-36,1.40987e-34,2.63232e-37,8.23756e-36,3.79883e-36
0.00000e+00,0.00000e+00,0.00000e+00,0.00000e+00,0.00000e+00,7.43058e-42,1.79503e-40,3.07720e-43,1.21534e-41,2.50043e-42,1.41006e-38,3.28291e-37,6.05106e-40,2.29146e-38,4.90695e-39,3.79883e-36,8.79202e-35,1.63924e-37,6.09620e-36,1.44504e-36
0.00000e+00,0.00000e+00,0.00000e+00,0.00000e+00,0.00000e+00,3.07410e-43,7.42398e-42,1.27336e-44,1.03411e-43,5.03069e-43,6.05008e-40,1.40984e-38,2.59410e-41,2.10337e-40,9.83760e-40,1.63906e-37,3.79845e-36,7.06404e-39,6.22988e-38,2.63205e-37
0.00000e+00,0.00000e+00,0.00000e+00,0.00000e+00,0.00000e+00,5.03069e-43,1.21440e-41,2.08461e-44,3.07410e-43,6.85345e-43,9.83760e-40,2.29114e-38,4.22026e-41,6.05008e-40,1.33609e-39,2.63205e-37,6.09563e-36,1.13504e-38,1.63906e-37,3.55951e-37
0.00000e+00,0.00000e+00,0.00000e+00,0.00000e+00,0.00000e+00,6.85345e-43,1.65345e-41,2.84141e-44,5.03069e-43,8.49928e-43,1.33609e-39,3.10960e-38,5.73522e-41,9.83760e-40,1.65365e-39,3.55951e-37,8.23687e-36,1.53611e-38,2.63205e-37,4.39496e-37
0.00000e+00,0.00000e+00,0.00000e+00,0.00000e+00,0.00000e+00,8.49928e-43,2.04909e-41,3.52596e-44,6.85345e-43,9.93382e-43,1.65365e-39,3.84569e-38,7.10329e-41,1.33609e-39,1.92988e-39,4.39496e-37,1.01606e-35,1.89825e-38,3.55951e-37,5.11959e-37
0.00000e+00,0.00000e+00,0.00000e+00,0.00000e+00,0.00000e+00,9.93382e-43,2.39316e-41,4.12383e-44,8.49928e-43,1.11317e-42,1.92988e-39,4.48439e-38,8.29595e-41,1.65365e-39,2.16006e-39,5.11959e-37,1.18240e-35,2.21320e-38,4.39496e-37,5.72103e-37
0.00000e+00,0.00000e+00,0.00000e+00,0.00000e+00,0.00000e+00,1.11317e-42,2.67978e-41,4.62415e-44,9.93382e-43,1.20758e-42,2.16006e-39,5.01520e-38,9.29208e-41,1.92988e-39,2.34109e-39,5.72103e-37,1.32001e-35,2.47536e-38,5.11959e-37,6.19211e-37
0.00000e+00,0.00000e+00,0.00000e+00,0.00000e+00,0.00000e+00,1.20758e-42,2.90516e-41,5.01928e-44,1.11317e-42,1.27557e-42,2.34109e-39,5.43162e-38,1.00773e-40,2.16006e-39,2.47121e-39,6.19211e-37,1.42747e-35,2.68126e-38,5.72103e-37,6.52943e-37
0.00000e+00,0.00000e+00,0.00000e+00,0.00000e+00,0.00000e+00,1.27557e-42,3.06713e-41,5.30430e-44,1.20758e-42,1.31655e-42,2.47121e-39,5.73026e-38,1.06427e-40,2.34109e-39,2.54951e-39,6.52943e-37,1.50420e-35,2.82905e-38,6.19211e-37,6.73187e-37
0.00000e+00,0.00000e+00,0.00000e+00,0.00000e+00,0.00000e+00,1.31655e-42,3.16462e-41,5.47638e-44,1.27557e-42,1.33028e-42,2.54951e-39,5.90970e-38,1.09835e-40,2.47121e-39,2.57566e-39,6.73187e-37,1.55016e-35,2.91791e-38,6.52943e-37,6.79936e-37
0.00000e+00,0.00000e+00,0.00000e+00,0.00000e+00,0.00000e+00,1.33028e-42,3.19724e-41,5.53409e-44,1.31655e-42,1.31668e-42,2.57566e-39,5.96956e-38,1.10974e-40,2.54951e-39,2.54956e-39,6.79936e-37,1.56546e-35,2.94756e-38,6.73187e-37,6.73196e-37
0.00000e+00,0.00000e+00,0.00000e+00,0.00000e+00,0.00000e+00,1.31668e-42,3.16489e-41,5.47699e-44,1.33028e-42,1.27581e-42,2.54956e-39,5.90981e-38,1.09838e-40,2.57566e-39,2.47130e-39,6.73196e-37,1.55018e-35,2.91795e-38,6.79936e-37,6.52961e-37
0.00000e+00,0.00000e+00,0.00000e+00,0.00000e+00,0.00000e+00,1.27581e-42,3.06764e-41,5.30549e-44,1.31668e-42,1.20794e-42,2.47130e-39,5.73046e-38,1.06432e-40,2.54956e-39,2.34123e-39,6.52961e-37,1.50424e-35,2.82914e-38,6.73196e-37,6.19236e-37
0.00000e+00,0.00000e+00,0.00000e+00,0.00000e+00,0.00000e+00,1.20794e-42,2.90590e-41,5.02098e-44,1.27581e-42,1.11361e-42,2.34123e-39,5.43192e-38,1.00779e-40,2.47130e-39,2.16023e-39,6.19236e-37,1.42752e-35,2.68138e-38,6.52961e-37,5.72134e-37
0.00000e+00,0.00000e+00,0.00000e+00,0.00000e+00,0.00000e+00,1.11361e-42,2.68071e-41,4.62626e-44,1.20794e-42,9.93883e-43,2.16023e-39,5.01556e-38,9.29287e-41,2.34123e-39,1.93007e-39,5.72134e-37,1.32008e-35,2.47551e-38,6.19236e-37,5.11993e-37
0.00000e+00,0.00000e+00,0.00000e+00,0.00000e+00,0.00000e+00,9.93883e-43,2.39422e-41,4.12623e-44,1.11361e-42,8.50454e-43,1.93007e-39,4.48480e-38,8.29683e-41,2.16023e-39,1.65384e-39,5.11993e-37,1.18247e-35,2.21336e-38,5.72134e-37,4.39531e-37
0.00000e+00,0.00000e+00,0.00000e+00,0.00000e+00,0.00000e+00,8.50454e-43,2.05021e-41,3.52846e-44,9.93883e-43,6.85854e-43,1.65384e-39,3.84611e-38,7.10418e-41,1.93007e-39,1.33627e-39,4.39531e-37,1.01613e-35,1.89841e-38,5.11993e-37,3.55984e-37
0.00000e+00,0.00000e+00,0.00000e+00,0.00000e+00,0.00000e+00,6.85854e-43,1.65453e-41,2.84382e-44,8.50454e-43,5.03508e-43,1.33627e-39,3.10999e-38,5.73605e-41,1.65384e-39,9.83907e-40,3.55984e-37,8.23756e-36,1.53627e-38,4.39531e-37,2.63232e-37
0.00000e+00,0.00000e+00,0.00000e+00,0.00000e+00,0.00000e+00,5.03508e-43,1.21534e-41,2.08669e-44,6.85854e-43,3.07720e-43,9.83907e-40,2.29146e-38,4.22094e-41,1.33627e-39,6.05106e-40,2.63232e-37,6.09620e-36,1.13516e-38,3.55984e-37,1.63924e-37
0.00000e+00,0.00000e+00,0.00000e+00,0.00000e+00,0.00000e+00,3.07720e-43,7.43058e-42,1.27482e-44,5.03508e-43,1.03527e-43,6.05106e-40,1.41006e-38,2.59455e-41,9.83907e-40,2.10374e-40,1.63924e-37,3.79883e-36,7.06487e-39,2.63232e-37,6.23061e-38
0.00000e+00,0.00000e+00,0.00000e+00,0.00000e+00,0.00000e+00,1.27336e-44,3.07410e-43,5.27615e-46,4.28263e-45,2.08461e-44,2.59410e-41,6.05008e-40,1.11138e-42,9.01054e-42,4.22026e-41,7.06404e-39,1.63906e-37,3.04100e-40,2.68301e-39,1.13504e-38
0.00000e+00,0.00000e+00,0.00000e+00,0.00000e+00,0.00000e+00,2.08461e-44,5.03069e-43,8.64052e-46,1.27336e-44,2.84141e-44,4.22026e-41,9.83760e-40,1.80892e-42,2.59410e-41,5.73522e-41,1.13504e-38,2.63205e-37,4.88885e-40,7.06404e-39,1.53611e-38
0.00000e+00,0.00000e+00,0.00000e+00,0.00000e+00,0.00000e+00,2.84141e-44,6.85345e-43,1.17829e-45,2.08461e-44,3.52596e-44,5.73522e-41,1.33609e-39,2.45962e-42,4.22026e-41,7.10329e-41,1.53611e-38,3.55951e-37,6.62069e-40,1.13504e-38,1.89825e-38
0.00000e+00,0.00000e+00,0.00000e+00,0.00000e+00,0.00000e+00,3.52596e-44,8.49928e-43,1.46297e-45,2.84141e-44,4.12383e-44,7.10329e-41,1.65365e-39,3.04822e-42,5.73522e-41,8.29595e-41,1.89825e-38,4.39496e-37,8.18765e-40,1.53611e-38,2.21320e-38
0.00000e+00,0.00000e+00,0.00000e+00,0.00000e+00,0.00000e+00,4.12383e-44,9.93382e-43,1.71206e-45,3.52596e-44,4.62415e-44,8.29595e-41,1.92988e-39,3.56237e-42,7.10329e-41,9.29208e-41,2.21320e-38,5.11959e-37,9.55372e-40,1.89825e-38,2.47536e-38
0.00000e+00,0.00000e+00,0.00000e+00,0.00000e+00,0.00000e+00,4.62415e-44,1.11317e-42,1.92090e-45,4.12383e-44,5.01928e-44,9.29208e-41,2.16006e-39,3.99268e-42,8.29595e-41,1.00773e-40,2.47536e-38,5.72103e-37,1.06937e-39,2.21320e-38,2.68126e-38
0.00000e+00,0.00000e+00,0.00000e+00,0.00000e+00,0.00000e+00,5.01928e-44,1.20758e-42,2.08613e-45,4.62415e-44,5.30430e-44,1.00773e-40,2.34109e-39,4.33255e-42,9.29208e-41,1.06427e-40,2.68126e-38,6.19211e-37,1.15912e-39,2.47536e-38,2.82905e-38
0.00000e+00,0.00000e+00,0.00000e+00,0.00000e+00,0.00000e+00,5.30430e-44,1.27557e-42,2.20551e-45,5.01928e-44,5.47638e-44,1.06427e-40,2.47121e-39,4.57770e-42,1.00773e-40,1.09835e-40,2.82905e-38,6.52943e-37,1.22368e-39,2.68126e-38,2.91791e-38
0.00000e+00,0.00000e+00,0.00000e+00,0.00000e+00,0.00000e+00,5.47638e-44,1.31655e-42,2.27767e-45,5.30430e-44,5.53409e-44,1.09835e-40,2.54951e-39,4.72564e-42,1.06427e-40,1.10974e-40,2.91791e-38,6.73187e-37,1.26256e-39,2.82905e-38,2.94756e-38
0.00000e+00,0.00000e+00,0.00000e+00,0.00000e+00,0.00000e+00,5.53409e-44,1.33028e-42,2.30190e-45,5.47638e-44,5.47699e-44,1.10974e-40,2.57566e-39,4.77512e-42,1.09835e-40,1.09838e-40,2.94756e-38,6.79936e-37,1.27554e-39,2.91791e-38,2.91795e-38
0.00000e+00,0.00000e+00,0.00000e+00,0.00000e+00,0.00000e+00,5.47699e-44,1.31668e-42,2.27797e-45,5.53409e-44,5.30549e-44,1.09838e-40,2.54956e-39,4.72575e-42,1.10974e-40,1.06432e-40,2.91795e-38,6.73196e-37,1.26258e-39,2.94756e-38,2.82914e-38
0.00000e+00,0.00000e+00,0.00000e+00,0.00000e+00,0.00000e+00,5.30549e-44,1.27581e-42,2.20609e-45,5.47699e-44,5.02098e-44,1.06432e-40,2.47130e-39,4.57791e-42,1.09838e-40,1.00779e-40,2.82914e-38,6.52961e-37,1.22372e-39,2.91795e-38,2.68138e-38
0.00000e+00,0.00000e+00,0.00000e+00,0.00000e+00,0.00000e+00,5.02098e-44,1.20794e-42,2.08695e-45,5.30549e-44,4.62626e-44,1.00779e-40,2.34123e-39,4.33285e-42,1.06432e-40,9.29287e-41,2.68138e-38,6.19236e-37,1.15918e-39,2.82914e-38,2.47551e-38
0.00000e+00,0.00000e+00,0.00000e+00,0.00000e+00,0.00000e+00,4.62626e-44,1.11361e-42,1.92192e-45,5.02098e-44,4.12623e-44,9.29287e-41,2.16023e-39,3.99305e-42,1.00779e-40,8.29683e-41,2.47551e-38,5.72134e-37,1.06944e-39,2.68138e-38,2.21336e-38
0.00000e+00,0.00000e+00,0.00000e+00,0.00000e+00,0.00000e+00,4.12623e-44,9.93883e-43,1.71321e-45,4.62626e-44,3.52846e-44,8.29683e-41,1.93007e-39,3.56278e-42,9.29287e-41,7.10418e-41,2.21336e-38,5.11993e-37,9.55448e-40,2.47551e-38,1.89841e-38
0.00000e+00,0.00000e+00,0.00000e+00,0.00000e+00,0.00000e+00,3.52846e-44,8.50454e-43,1.46417e-45,4.12623e-44,2.84382e-44,7.10418e-41,1.65384e-39,3.04864e-42,8.29683e-41,5.73605e-41,1.89841e-38,4.39531e-37,8.18841e-40,2.21336e-38,1.53627e-38
0.00000e+00,0.00000e+00,0.00000e+00,0.00000e+00,0.00000e+00,2.84382e-44,6.85854e-43,1.17944e-45,3.52846e-44,2.08669e-44,5.73605e-41,1.33627e-39,2.46000e-42,7.10418e-41,4.22094e-41,1.53627e-38,3.55984e-37,6.62140e-40,1.89841e-38,1.13516e-38
0.00000e+00,0.00000e+00,0.00000e+00,0.00000e+00,0.00000e+00,2.08669e-44,5.03508e-43,8.65037e-46,2.84382e-44,1.27482e-44,4.22094e-41,9.83907e-40,1.80924e-42,5.73605e-41,2.59455e-41,1.13516e-38,2.63232e-37,4.88942e-40,1.53627e-38,7.06487e-39
0.00000e+00,0.00000e+00,0.00000e+00,0.00000e+00,0.00000e+00,1.27482e-44,3.07720e-43,5.28306e-46,2.08669e-44,4.28812e-45,2.59455e-41,6.05106e-40,1.11159e-42,4.22094e-41,9.01226e-42,7.06487e-39,1.63924e-37,3.04138e-40,1.13516e-38,2.68335e-39
0.00000e+00,0.00000e+00,0.00000e+00,0.00000e+00,0.00000e+00,5.27615e-46,1.27336e-44,2.18676e-47,1.77418e-46,8.64052e-46,1.11138e-42,2.59410e-41,4.75783e-44,3.85709e-43,1.80892e-42,3.04100e-40,7.06404e-39,1.30772e-41,1.15423e-40,4.88885e-40
0.00000e+00,0.00000e+00,0.00000e+00,0.00000e+00,0.00000e+00,8.64052e-46,2.08461e-44,3.58226e-47,5.27615e-46,1.17829e-45,1.80892e-42,4.22026e-41,7.74731e-44,1.11138e-42,2.45962e-42,4.88885e-40,1.13504e-38,2.10337e-41,3.04100e-40,6.62069e-40
0.00000e+00,0.00000e+00,0.00000e+00,0.00000e+00,0.00000e+00,1.17829e-45,2.84141e-44,4.88710e-47,8.64052e-46,1.46297e-45,2.45962e-42,5.73522e-41,1.05393e-43,1.80892e-42,3.04822e-42,6.62069e-40,1.53611e-38,2.85014e-41,4.88885e-40,8.18765e-40
0.00000e+00,0.00000e+00,0.00000e+00,0.00000e+00,0.00000e+00,1.46297e-45,3.52596e-44,6.07089e-47,1.17829e-45,1.71206e-45,3.04822e-42,7.10329e-41,1.30687e-43,2.45962e-42,3.56237e-42,8.18765e-40,1.89825e-38,3.52707e-41,6.62069e-40,9.55372e-40
0.00000e+00,0.00000e+00,0.00000e+00,0.00000e+00,0.00000e+00,1.71206e-45,4.12383e-44,7.10834e-47,1.46297e-45,1.92090e-45,3.56237e-42,8.29595e-41,1.52819e-43,3.04822e-42,3.99268e-42,9.55372e-40,2.21320e-38,4.11848e-41,8.18765e-40,1.06937e-39
0.00000e+00,0.00000e+00,0.00000e+00,0.00000e+00,0.00000e+00,1.92090e-45,4.62415e-44,7.97961e-47,1.71206e-45,2.08613e-45,3.99268e-42,9.29208e-41,1.71377e-43,3.56237e-42,4.33255e-42,1.06937e-39,2.47536e-38,4.61311e-41,9.55372e-40,1.15912e-39
0.00000e+00,0.00000e+00,0.00000e+00,0.00000e+00,0.00000e+00,2.08613e-45,5.01928e-44,8.67005e-47,1.92090e-45,2.20551e-45,4.33255e-42,1.00773e-40,1.86059e-43,3.99268e-42,4.57770e-42,1.15912e-39,2.68126e-38,5.00339e-41,1.06937e-39,1.22368e-39
0.00000e+00,0.00000e+00,0.00000e+00,0.00000e+00,0.00000e+00,2.20551e-45,5.30430e-44,9.16960e-47,2.08613e-45,2.27767e-45,4.57770e-42,1.06427e-40,1.96666e-43,4.33255e-42,4.72564e-42,1.22368e-39,2.82905e-38,5.28462e-41,1.15912e-39,1.26256e-39
0.00000e+00,0.00000e+00,0.00000e+00,0.00000e+00,0.00000e+00,2.27767e-45,5.47638e-44,9.47190e-47,2.20551e-45,2.30190e-45,4.72564e-42,1.09835e-40,2.03074e-43,4.57770e-42,4.77512e-42,1.26256e-39,2.91791e-38,5.45420e-41,1.22368e-39,1.27554e-39
0.00000e+00,0.00000e+00,0.00000e+00,0.00000e+00,0.00000e+00,2.30190e-45,5.53409e-44,9.57351e-47,2.27767e-45,2.27797e-45,4.77512e-42,1.10974e-40,2.05218e-43,4.72564e-42,4.72575e-42,1.27554e-39,2.94756e-38,5.51087e-41,1.26256e-39,1.26258e-39
0.00000e+00,0.00000e+00,0.00000e+00,0.00000e+00,0.00000e+00,2.27797e-45,5.47699e-44,9.47332e-47,2.30190e-45,2.20609e-45,4.72575e-42,1.09838e-40,2.03079e-43,4.77512e-42,4.57791e-42,1.26258e-39,2.91795e-38,5.45429e-41,1.27554e-39,1.22372e-39
0.00000e+00,0.00000e+00,0.00000e+00,0.00000e+00,0.00000e+00,2.20609e-45,5.30549e-44,9.17236e-47,2.27797e-45,2.08695e-45,4.57791e-42,1.06432e-40,1.96676e-43,4.72575e-42,4.33285e-42,1.22372e-39,2.82914e-38,5.28481e-41,1.26258e-39,1.15918e-39
0.00000e+00,0.00000e+00,0.00000e+00,0.00000e+00,0.00000e+00,2.08695e-45,5.02098e-44,8.67398e-47,2.20609e-45,1.92192e-45,4.33285e-42,1.00779e-40,1.86073e-43,4.57791e-42,3.99305e-42,1.15918e-39,2.68138e-38,5.00365e-41,1.22372e-39,1.06944e-39
0.00000e+00,0.00000e+00,0.00000e+00,0.00000e+00,0.00000e+00,1.92192e-45,4.62626e-44,7.98447e-47,2.08695e-45,1.71321e-45,3.99305e-42,9.29287e-41,1.71394e-43,4.33285e-42,3.56278e-42,1.06944e-39,2.47551e-38,4.61343e-41,1.15918e-39,9.55448e-40
0.00000e+00,0.00000e+00,0.00000e+00,0.00000e+00,0.00000e+00,1.71321e-45,4.12623e-44,7.11383e-47,1.92192e-45,1.46417e-45,3.56278e-42,8.29683e-41,1.52838e-43,3.99305e-42,3.04864e-42,9.55448e-40,2.21336e-38,4.11883e-41,1.06944e-39,8.18841e-40
0.00000e+00,0.00000e+00,0.00000e+00,0.00000e+00,0.00000e+00,1.46417e-45,3.52846e-44,6.07660e-47,1.71321e-45,1.17944e-45,3.04864e-42,7.10418e-41,1.30706e-43,3.56278e-42,2.46000e-42,8.18841e-40,1.89841e-38,3.52743e-41,9.55448e-40,6.62140e-40
0.00000e+00,0.00000e+00,0.00000e+00,0.00000e+00,0.00000e+00,1.17944e-45,2.84382e-44,4.89257e-47,1.46417e-45,8.65037e-46,2.46000e-42,5.73605e-41,1.05411e-43,3.04864e-42,1.80924e-42,6.62140e-40,1.53627e-38,2.85047e-41,8.18841e-40,4.88942e-40
0.00000e+00,0.00000e+00,0.00000e+00,0.00000e+00,0.00000e+00,8.65037e-46,2.08669e-44,3.58693e-47,1.17944e-45,5.28306e-46,1.80924e-42,4.22094e-41,7.74877e-44,2.46000e-42,1.11159e-42,4.88942e-40,1.13516e-38,2.10364e-41,6.62140e-40,3.04138e-40
0.00000e+00,0.00000e+00,0.00000e+00,0.00000e+00,0.00000e+00,5.28306e-46,1.27482e-44,2.19003e-47,8.65037e-46,1.77677e-46,1.11159e-42,2.59455e-41,4.75880e-44,1.80924e-42,3.85789e-43,3.04138e-40,7.06487e-39,1.30790e-41,4.88942e-40,1.15439e-40
0.00000e+00,0.00000e+00,0.00000e+00,0.00000e+00,0.00000e+00,2.18676e-47,5.27615e-46,9.06546e-49,7.35208e-48,3.58226e-47,4.75783e-44,1.11138e-42,2.03533e-45,1.64990e-44,7.74731e-44,1.30772e-41,3.04100e-40,5.61795e-43,4.96047e-42,2.10337e-41
0.00000e+00,0.00000e+00,0.00000e+00,0.00000e+00,0.00000e+00,3.58226e-47,8.64052e-46,1.48547e-48,2.18676e-47,4.88710e-47,7.74731e-44,1.80892e-42,3.31548e-45,4.75783e-44,1.05393e-43,2.10337e-41,4.88885e-40,9.03999e-43,1.30772e-41,2.85014e-41
0.00000e+00,0.00000e+00,0.00000e+00,0.00000e+00,0.00000e+00,4.88710e-47,1.17829e-45,2.02732e-48,3.58226e-47,6.07089e-47,1.05393e-43,2.45962e-42,4.51230e-45,7.74731e-44,1.30687e-43,2.85014e-41,6.62069e-40,1.22560e-42,2.10337e-41,3.52707e-41
0.00000e+00,0.00000e+00,0.00000e+00,0.00000e+00,0.00000e+00,6.07089e-47,1.46297e-45,2.51952e-48,4.88710e-47,7.10834e-47,1.30687e-43,3.04822e-42,5.59801e-45,1.05393e-43,1.52819e-43,3.52707e-41,8.18765e-40,1.51759e-42,2.85014e-41,4.11848e-41
0.00000e+00,0.00000e+00,0.00000e+00,0.00000e+00,0.00000e+00,7.10834e-47,1.71206e-45,2.95149e-48,6.07089e-47,7.97961e-47,1.52819e-43,3.56237e-42,6.54950e-45,1.30687e-43,1.71377e-43,4.11848e-41,9.55372e-40,1.77319e-42,3.52707e-41,4.61311e-41
0.00000e+00,0.00000e+00,0.00000e+00,0.00000e+00,0.00000e+00,7.97961e-47,1.92090e-45,3.31480e-48,7.10834e-47,8.67005e-47,1.71377e-43,3.99268e-42,7.34858e-45,1.52819e-43,1.86059e-43,4.61311e-41,1.06937e-39,1.98738e-42,4.11848e-41,5.00339e-41
0.00000e+00,0.00000e+00,0.00000e+00,0.00000e+00,0.00000e+00,8.67005e-47,2.08613e-45,3.60313e-48,7.97961e-47,9.16960e-47,1.86059e-43,4.33255e-42,7.98179e-45,1.71377e-43,1.96666e-43,5.00339e-41,1.15912e-39,2.15670e-42,4.61311e-41,5.28462e-41
0.00000e+00,0.00000e+00,0.00000e+00,0.00000e+00,0.00000e+00,9.16960e-47,2.20551e-45,3.81201e-48,8.67005e-47,9.47190e-47,1.96666e-43,4.57770e-42,8.43983e-45,1.86059e-43,2.03074e-43,5.28462e-41,1.22368e-39,2.27892e-42,5.00339e-41,5.45420e-41
0.00000e+00,0.00000e+00,0.00000e+00,0.00000e+00,0.00000e+00,9.47190e-47,2.27767e-45,3.93853e-48,9.16960e-47,9.57351e-47,2.03074e-43,4.72564e-42,8.71681e-45,1.96666e-43,2.05218e-43,5.45420e-41,1.26256e-39,2.35270e-42,5.28462e-41,5.51087e-41
0.00000e+00,0.00000e+00,0.00000e+00,0.00000e+00,0.00000e+00,9.57351e-47,2.30190e-45,3.98111e-48,9.47190e-47,9.47332e-47,2.05218e-43,4.77512e-42,8.80955e-45,2.03074e-43,2.03079e-43,5.51087e-41,1.27554e-39,2.37737e-42,5.45420e-41,5.45429e-41
0.00000e+00,0.00000e+00,0.00000e+00,0.00000e+00,0.00000e+00,9.47332e-47,2.27797e-45,3.93921e-48,9.57351e-47,9.17236e-47,2.03079e-43,4.72575e-42,8.71705e-45,2.05218e-43,1.96676e-43,5.45429e-41,1.26258e-39,2.35274e-42,5.51087e-41,5.28481e-41
0.00000e+00,0.00000e+00,0.00000e+00,0.00000e+00,0.00000e+00,9.17236e-47,2.20609e-45,3.81332e-48,9.47332e-47,8.67398e-47,1.96676e-43,4.57791e-42,8.44029e-45,2.03079e-43,1.86073e-43,5.28481e-41,1.22372e-39,2.27900e-42,5.45429e-41,5.00365e-41
0.00000e+00,0.00000e+00,0.00000e+00,0.00000e+00,0.00000e+00,8.67398e-47,2.08695e-45,3.60501e-48,9.17236e-47,7.98447e-47,1.86073e-43,4.33285e-42,7.98245e-45,1.96676e-43,1.71394e-43,5.00365e-41,1.15918e-39,2.15683e-42,5.28481e-41,4.61343e-41
0.00000e+00,0.00000e+00,0.00000e+00,0.00000e+00,0.00000e+00,7.98447e-47,1.92192e-45,3.31713e-48,8.67398e-47,7.11383e-47,1.71394e-43,3.99305e-42,7.34939e-45,1.86073e-43,1.52838e-43,4.61343e-41,1.06944e-39,1.98753e-42,5.00365e-41,4.11883e-41
0.00000e+00,0.00000e+00,0.00000e+00,0.00000e+00,0.00000e+00,7.11383e-47,1.71321e-45,2.95410e-48,7.98447e-47,6.07660e-47,1.52838e-43,3.56278e-42,6.55039e-45,1.71394e-43,1.30706e-43,4.11883e-41,9.55448e-40,1.77335e-42,4.61343e-41,3.52743e-41
0.00000e+00,0.00000e+00,0.00000e+00,0.00000e+00,0.00000e+00,6.07660e-47,1.46417e-45,2.52223e-48,7.11383e-47,4.89257e-47,1.30706e-43,3.04864e-42,5.59891e-45,1.52838e-43,1.05411e-43,3.52743e-41,8.18841e-40,1.51776e-42,4.11883e-41,2.85047e-41
0.00000e+00,0.00000e+00,0.00000e+00,0.00000e+00,0.00000e+00,4.89257e-47,1.17944e-45,2.02991e-48,6.07660e-47,3.58693e-47,1.05411e-43,2.46000e-42,4.51313e-45,1.30706e-43,7.74877e-44,2.85047e-41,6.62140e-40,1.22575e-42,3.52743e-41,2.10364e-41
0.00000e+00,0.00000e+00,0.00000e+00,0.00000e+00,0.00000e+00,3.58693e-47,8.65037e-46,1.48768e-48,4.89257e-47,2.19003e-47,7.74877e-44,1.80924e-42,3.31617e-45,1.05411e-43,4.75880e-44,2.10364e-41,4.88942e-40,9.04123e-43,2.85047e-41,1.30790e-41
0.00000e+00,0.00000e+00,0.00000e+00,0.00000e+00,0.00000e+00,2.19003e-47,5.28306e-46,9.08084e-49,3.58693e-47,7.36427e-48,4.75880e-44,1.11159e-42,2.03579e-45,7.74877e-44,1.65027e-44,1.30790e-41,3.04138e-40,5.61878e-43,2.10364e-41,4.96119e-42
0.00000e+00,0.00000e+00,0.00000e+00,0.00000e+00,0.00000e+00,9.06546e-49,2.18676e-47,3.75898e-50,3.04743e-49,1.48547e-48,2.03533e-45,4.75783e-44,8.70078e-47,7.05270e-46,3.31548e-45,5.61795e-43,1.30772e-41,2.41118e-44,2.12977e-43,9.03999e-43
0.00000e+00,0.00000e+00,0.00000e+00,0.00000e+00,0.00000e+00,1.48547e-48,3.58226e-47,6.16100e-50,9.06546e-49,2.02732e-48,3.31548e-45,7.74731e-44,1.41783e-46,2.03533e-45,4.51230e-45,9.03999e-43,2.10337e-41,3.88142e-44,5.61795e-43,1.22560e-42
0.00000e+00,0.00000e+00,0.00000e+00,0.00000e+00,0.00000e+00,2.02732e-48,4.88710e-47,8.41116e-50,1.48547e-48,2.51952e-48,4.51230e-45,1.05393e-43,1.93039e-46,3.31548e-45,5.59801e-45,1.22560e-42,2.85014e-41,5.26470e-44,9.03999e-43,1.51759e-42
0.00000e+00,0.00000e+00,0.00000e+00,0.00000e+00,0.00000e+00,2.51952e-48,6.07089e-47,1.04574e-49,2.02732e-48,2.95149e-48,5.59801e-45,1.30687e-43,2.39593e-46,4.51230e-45,6.54950e-45,1.51759e-42,3.52707e-41,6.52253e-44,1.22560e-42,1.77319e-42
0.00000e+00,0.00000e+00,0.00000e+00,0.00000e+00,0.00000e+00,2.95149e-48,7.10834e-47,1.22556e-49,2.51952e-48,3.31480e-48,6.54950e-45,1.52819e-43,2.80448e-46,5.59801e-45,7.34858e-45,1.77319e-42,4.11848e-41,7.62538e-44,1.51759e-42,1.98738e-42
0.00000e+00,0.00000e+00,0.00000e+00,0.00000e+00,0.00000e+00,3.31480e-48,7.97961e-47,1.37700e-49,2.95149e-48,3.60313e-48,7.34858e-45,1.71377e-43,3.14808e-46,6.54950e-45,7.98179e-45,1.98738e-42,4.61311e-41,8.55122e-44,1.77319e-42,2.15670e-42
0.00000e+00,0.00000e+00,0.00000e+00,0.00000e+00,0.00000e+00,3.60313e-48,8.67005e-47,1.49733e-49,3.31480e-48,3.81201e-48,7.98179e-45,1.86059e-43,3.42072e-46,7.34858e-45,8.43983e-45,2.15670e-42,5.00339e-41,9.28434e-44,1.98738e-42,2.27892e-42
0.00000e+00,0.00000e+00,0.00000e+00,0.00000e+00,0.00000e+00,3.81201e-48,9.16960e-47,1.58461e-49,3.60313e-48,3.93853e-48,8.43983e-45,1.96666e-43,3.61817e-46,7.98179e-45,8.71681e-45,2.27892e-42,5.28462e-41,9.81425e-44,2.15670e-42,2.35270e-42
0.00000e+00,0.00000e+00,0.00000e+00,0.00000e+00,0.00000e+00,3.93853e-48,9.47190e-47,1.63752e-49,3.81201e-48,3.98111e-48,8.71681e-45,2.03074e-43,3.73768e-46,8.43983e-45,8.80955e-45,2.35270e-42,5.45420e-41,1.01345e-43,2.27892e-42,2.37737e-42
0.00000e+00,0.00000e+00,0.00000e+00,0.00000e+00,0.00000e+00,3.98111e-48,9.57351e-47,1.65535e-49,3.93853e-48,3.93921e-48,8.80955e-45,2.05218e-43,3.77771e-46,8.71681e-45,8.71705e-45,2.37737e-42,5.51087e-41,1.02417e-43,2.35270e-42,2.35274e-42
0.00000e+00,0.00000e+00,0.00000e+00,0.00000e+00,0.00000e+00,3.93921e-48,9.47332e-47,1.63785e-49,3.98111e-48,3.81332e-48,8.71705e-45,2.03079e-43,3.73779e-46,8.80955e-45,8.44029e-45,2.35274e-42,5.45429e-41,1.01347e-43,2.37737e-42,2.27900e-42
0.00000e+00,0.00000e+00,0.00000e+00,0.00000e+00,0.00000e+00,3.81332e-48,9.17236e-47,1.58523e-49,3.93921e-48,3.60501e-48,8.44029e-45,1.96676e-43,3.61839e-46,8.71705e-45,7.98245e-45,2.27900e-42,5.28481e-41,9.81466e-44,2.35274e-42,2.15683e-42
0.00000e+00,0.00000e+00,0.00000e+00,0.00000e+00,0.00000e+00,3.60501e-48,8.67398e-47,1.49823e-49,3.81332e-48,3.31713e-48,7.98245e-45,1.86073e-43,3.42103e-46,8.44029e-45,7.34939e-45,2.15683e-42,5.00365e-41,9.28491e-44,2.27900e-42,1.98753e-42
0.00000e+00,0.00000e+00,0.00000e+00,0.00000e+00,0.00000e+00,3.31713e-48,7.98447e-47,1.37810e-49,3.60501e-48,2.95410e-48,7.34939e-45,1.71394e-43,3.14846e-46,7.98245e-45,6.55039e-45,1.98753e-42,4.61343e-41,8.55191e-44,2.15683e-42,1.77335e-42
0.00000e+00,0.00000e+00,0.00000e+00,0.00000e+00,0.00000e+00,2.95410e-48,7.11383e-47,1.22679e-49,3.31713e-48,2.52223e-48,6.55039e-45,1.52838e-43,2.80490e-46,7.34939e-45,5.59891e-45,1.77335e-42,4.11883e-41,7.62614e-44,1.98753e-42,1.51776e-42
0.00000e+00,0.00000e+00,0.00000e+00,0.00000e+00,0.00000e+00,2.52223e-48,6.07660e-47,1.04702e-49,2.95410e-48,2.02991e-48,5.59891e-45,1.30706e-43,2.39636e-46,6.55039e-45,4.51313e-45,1.51776e-42,3.52743e-41,6.52330e-44,1.77335e-42,1.22575e-42
0.00000e+00,0.00000e+00,0.00000e+00,0.00000e+00,0.00000e+00,2.02991e-48,4.89257e-47,8.42335e-50,2.52223e-48,1.48768e-48,4.51313e-45,1.05411e-43,1.93078e-46,5.59891e-45,3.31617e-45,1.22575e-42,2.85047e-41,5.26541e-44,1.51776e-42,9.04123e-43
0.00000e+00,0.00000e+00,0.00000e+00,0.00000e+00,0.00000e+00,1.48768e-48,3.58693e-47,6.17137e-50,2.02991e-48,9.08084e-49,3.31617e-45,7.74877e-44,1.41815e-46,4.51313e-45,2.03579e-45,9.04123e-43,2.10364e-41,3.88200e-44,1.22575e-42,5.61878e-43
0.00000e+00,0.00000e+00,0.00000e+00,0.00000e+00,0.00000e+00,9.08084e-49,2.19003e-47,3.76618e-50,1.48768e-48,3.05316e-49,2.03579e-45,4.75880e-44,8.70291e-47,3.31617e-45,7.05444e-46,5.61878e-43,1.30790e-41,2.41156e-44,9.04123e-43,2.13011e-43
0.00000e+00,0.00000e+00,0.00000e+00,0.00000e+00,0.00000e+00,3.75898e-50,9.06546e-49,1.55894e-51,1.26344e-50,6.16100e-50,8.70078e-47,2.03533e-45,3.71697e-48,3.01277e-47,1.41783e-46,2.41118e-44,5.61795e-43,1.03393e-45,9.13583e-45,3.88142e-44
0.00000e+00,0.00000e+00,0.00000e+00,0.00000e+00,0.00000e+00,6.16100e-50,1.48547e-48,2.55568e-51,3.75898e-50,8.41116e-50,1.41783e-46,3.31548e-45,6.05890e-48,8.70078e-47,1.93039e-46,3.88142e-44,9.03999e-43,1.66497e-45,2.41118e-44,5.26470e-44
0.00000e+00,0.00000e+00,0.00000e+00,0.00000e+00,0.00000e+00,8.41116e-50,2.02732e-48,3.49014e-51,6.16100e-50,1.04574e-49,1.93039e-46,4.51230e-45,8.25221e-48,1.41783e-46,2.39593e-46,5.26470e-44,1.22560e-42,2.25930e-45,3.88142e-44,6.52253e-44
0.00000e+00,0.00000e+00,0.00000e+00,0.00000e+00,0.00000e+00,1.04574e-49,2.51952e-48,4.34077e-51,8.41116e-50,1.22556e-49,2.39593e-46,5.59801e-45,1.02464e-47,1.93039e-46,2.80448e-46,6.52253e-44,1.51759e-42,2.80043e-45,5.26470e-44,7.62538e-44
0.00000e+00,0.00000e+00,0.00000e+00,0.00000e+00,0.00000e+00,1.22556e-49,2.95149e-48,5.08913e-51,1.04574e-49,1.37700e-49,2.80448e-46,6.54950e-45,1.19986e-47,2.39593e-46,3.14808e-46,7.62538e-44,1.77319e-42,3.27560e-45,6.52253e-44,8.55122e-44
0.00000e+00,0.00000e+00,0.00000e+00,0.00000e+00,0.00000e+00,1.37700e-49,3.31480e-48,5.72014e-51,1.22556e-49,1.49733e-49,3.14808e-46,7.34858e-45,1.34742e-47,2.80448e-46,3.42072e-46,8.55122e-44,1.98738e-42,3.67512e-45,7.62538e-44,9.28434e-44
0.00000e+00,0.00000e+00,0.00000e+00,0.00000e+00,0.00000e+00,1.49733e-49,3.60313e-48,6.22212e-51,1.37700e-49,1.58461e-49,3.42072e-46,7.98179e-45,1.46464e-47,3.14808e-46,3.61817e-46,9.28434e-44,2.15670e-42,3.99195e-45,8.55122e-44,9.81425e-44
0.00000e+00,0.00000e+00,0.00000e+00,0.00000e+00,0.00000e+00,1.58461e-49,3.81201e-48,6.58654e-51,1.49733e-49,1.63752e-49,3.61817e-46,8.43983e-45,1.54962e-47,3.42072e-46,3.73768e-46,9.81425e-44,2.27892e-42,4.22125e-45,9.28434e-44,1.01345e-43
0.00000e+00,0.00000e+00,0.00000e+00,0.00000e+00,0.00000e+00,1.63752e-49,3.93853e-48,6.80769e-51,1.58461e-49,1.65535e-49,3.73768e-46,8.71681e-45,1.60109e-47,3.61817e-46,3.77771e-46,1.01345e-43,2.35270e-42,4.35996e-45,9.81425e-44,1.02417e-43
0.00000e+00,0.00000e+00,0.00000e+00,0.00000e+00,0.00000e+00,1.65535e-49,3.98111e-48,6.88227e-51,1.63752e-49,1.63785e-49,3.77771e-46,8.80955e-45,1.61835e-47,3.73768e-46,3.73779e-46,1.02417e-43,2.37737e-42,4.40640e-45,1.01345e-43,1.01347e-43
0.00000e+00,0.00000e+00,0.00000e+00,0.00000e+00,0.00000e+00,1.63785e-49,3.93921e-48,6.80920e-51,1.65535e-49,1.58523e-49,3.73779e-46,8.71705e-45,1.60115e-47,3.77771e-46,3.61839e-46,1.01347e-43,2.35274e-42,4.36005e-45,1.02417e-43,9.81466e-44
0.00000e+00,0.00000e+00,0.00000e+00,0.00000e+00,0.00000e+00,1.58523e-49,3.81332e-48,6.58948e-51,1.63785e-49,1.49823e-49,3.61839e-46,8.44029e-45,1.54972e-47,3.73779e-46,3.42103e-46,9.81466e-44,2.27900e-42,4.22144e-45,1.01347e-43,9.28491e-44
0.00000e+00,0.00000e+00,0.00000e+00,0.00000e+00,0.00000e+00,1.49823e-49,3.60501e-48,6.22630e-51,1.58523e-49,1.37810e-49,3.42103e-46,7.98245e-45,1.46479e-47,3.61839e-46,3.14846e-46,9.28491e-44,2.15683e-42,3.99222e-45,9.81466e-44,8.55191e-44
0.00000e+00,0.00000e+00,0.00000e+00,0.00000e+00,0.00000e+00,1.37810e-49,3.31713e-48,5.72530e-51,1.49823e-49,1.22679e-49,3.14846e-46,7.34939e-45,1.34759e-47,3.42103e-46,2.80490e-46,8.55191e-44,1.98753e-42,3.67545e-45,9.28491e-44,7.62614e-44
0.00000e+00,0.00000e+00,0.00000e+00,0.00000e+00,0.00000e+00,1.22679e-49,2.95410e-48,5.09493e-51,1.37810e-49,1.04702e-49,2.80490e-46,6.55039e-45,1.20006e-47,3.14846e-46,2.39636e-46,7.62614e-44,1.77335e-42,3.27595e-45,8.55191e-44,6.52330e-44
0.00000e+00,0.00000e+00,0.00000e+00,0.00000e+00,0.00000e+00,1.04702e-49,2.52223e-48,4.34678e-51,1.22679e-49,8.42335e-50,2.39636e-46,5.59891e-45,1.02484e-47,2.80490e-46,1.93078e-46,6.52330e-44,1.51776e-42,2.80079e-45,7.62614e-44,5.26541e-44
0.00000e+00,0.00000e+00,0.00000e+00,0.00000e+00,0.00000e+00,8.42335e-50,2.02991e-48,3.49585e-51,1.04702e-49,6.17137e-50,1.93078e-46,4.51313e-45,8.25405e-48,2.39636e-46,1.41815e-46,5.26541e-44,1.22575e-42,2.25963e-45,6.52330e-44,3.88200e-44
0.00000e+00,0.00000e+00,0.00000e+00,0.00000e+00,0.00000e+00,6.17137e-50,1.48768e-48,2.56052e-51,8.42335e-50,3.76618e-50,1.41815e-46,3.31617e-45,6.06040e-48,1.93078e-46,8.70291e-47,3.88200e-44,9.04123e-43,1.66524e-45,5.26541e-44,2.41156e-44
0.00000e+00,0.00000e+00,0.00000e+00,0.00000e+00,0.00000e+00,3.76618e-50,9.08084e-49,1.56229e-51,6.17137e-50,1.26612e-50,8.70291e-47,2.03579e-45,3.71796e-48,1.41815e-46,3.01358e-47,2.41156e-44,5.61878e-43,1.03411e-45,3.88200e-44,9.13739e-45
0.00000e+00,0.00000e+00,0.00000e+00,0.00000e+00,0.00000e+00,1.55894e-51,3.75898e-50,6.46633e-53,5.23917e-52,2.55568e-51,3.71697e-48,8.70078e-47,1.58686e-49,1.28617e-48,6.05890e-48,1.03393e-45,2.41118e-44,4.42977e-47,3.91552e-46,1.66497e-45
0.00000e+00,0.00000e+00,0.00000e+00,0.00000e+00,0.00000e+00,2.55568e-51,6.16100e-50,1.06029e-52,1.55894e-51,3.49014e-51,6.05890e-48,1.41783e-46,2.58745e-49,3.71697e-48,8.25221e-48,1.66497e-45,3.88142e-44,7.13575e-47,1.03393e-45,2.25930e-45
0.00000e+00,0.00000e+00,0.00000e+00,0.00000e+00,0.00000e+00,3.49014e-51,8.41116e-50,1.44836e-52,2.55568e-51,4.34077e-51,8.25221e-48,1.93039e-46,3.52523e-49,6.05890e-48,1.02464e-47,2.25930e-45,5.26470e-44,9.68660e-47,1.66497e-45,2.80043e-45
0.00000e+00,0.00000e+00,0.00000e+00,0.00000e+00,0.00000e+00,4.34077e-51,1.04574e-49,1.80194e-52,3.49014e-51,5.08913e-51,1.02464e-47,2.39593e-46,4.37869e-49,8.25221e-48,1.19986e-47,2.80043e-45,6.52253e-44,1.20118e-46,2.25930e-45,3.27560e-45
0.00000e+00,0.00000e+00,0.00000e+00,0.00000e+00,0.00000e+00,5.08913e-51,1.22556e-49,2.11333e-52,4.34077e-51,5.72014e-51,1.19986e-47,2.80448e-46,5.12939e-49,1.02464e-47,1.34742e-47,3.27560e-45,7.62538e-44,1.40563e-46,2.80043e-45,3.67512e-45
0.00000e+00,0.00000e+00,0.00000e+00,0.00000e+00,0.00000e+00,5.72014e-51,1.37700e-49,2.37616e-52,5.08913e-51,6.22212e-51,1.34742e-47,3.14808e-46,5.76226e-49,1.19986e-47,1.46464e-47,3.67512e-45,8.55122e-44,1.57777e-46,3.27560e-45,3.99195e-45
0.00000e+00,0.00000e+00,0.00000e+00,0.00000e+00,0.00000e+00,6.22212e-51,1.49733e-49,2.58547e-52,5.72014e-51,6.58654e-51,1.46464e-47,3.42072e-46,6.26559e-49,1.34742e-47,1.54962e-47,3.99195e-45,9.28434e-44,1.71446e-46,3.67512e-45,4.22125e-45
0.00000e+00,0.00000e+00,0.00000e+00,0.00000e+00,0.00000e+00,6.58654e-51,1.58461e-49,2.73756e-52,6.22212e-51,6.80769e-51,1.54962e-47,3.61817e-46,6.63081e-49,1.46464e-47,1.60109e-47,4.22125e-45,9.81425e-44,1.81350e-46,3.99195e-45,4.35996e-45
0.00000e+00,0.00000e+00,0.00000e+00,0.00000e+00,0.00000e+00,6.80769e-51,1.63752e-49,2.82992e-52,6.58654e-51,6.88227e-51,1.60109e-47,3.73768e-46,6.85218e-49,1.54962e-47,1.61835e-47,4.35996e-45,1.01345e-43,1.87346e-46,4.22125e-45,4.40640e-45
0.00000e+00,0.00000e+00,0.00000e+00,0.00000e+00,0.00000e+00,6.88227e-51,1.65535e-49,2.86110e-52,6.80769e-51,6.80920e-51,1.61835e-47,3.77771e-46,6.92641e-49,1.60109e-47,1.60115e-47,4.40640e-45,1.02417e-43,1.89354e-46,4.35996e-45,4.36005e-45
0.00000e+00,0.00000e+00,0.00000e+00,0.00000e+00,0.00000e+00,6.80920e-51,1.63785e-49,2.83062e-52,6.88227e-51,6.58948e-51,1.60115e-47,3.73779e-46,6.85243e-49,1.61835e-47,1.54972e-47,4.36005e-45,1.01347e-43,1.87350e-46,4.40640e-45,4.22144e-45
0.00000e+00,0.00000e+00,0.00000e+00,0.00000e+00,0.00000e+00,6.58948e-51,1.58523e-49,2.73893e-52,6.80920e-51,6.22630e-51,1.54972e-47,3.61839e-46,6.63130e-49,1.60115e-47,1.46479e-47,4.22144e-45,9.81466e-44,1.81359e-46,4.36005e-45,3.99222e-45
0.00000e+00,0.00000e+00,0.00000e+00,0.00000e+00,0.00000e+00,6.22630e-51,1.49823e-49,2.58742e-52,6.58948e-51,5.72530e-51,1.46479e-47,3.42103e-46,6.26628e-49,1.54972e-47,1.34759e-47,3.99222e-45,9.28491e-44,1.71459e-46,4.22144e-45,3.67545e-45
0.00000e+00,0.00000e+00,0.00000e+00,0.00000e+00,0.00000e+00,5.72530e-51,1.37810e-49,2.37857e-52,6.22630e-51,5.09493e-51,1.34759e-47,3.14846e-46,5.76311e-49,1.46479e-47,1.20006e-47,3.67545e-45,8.55191e-44,1.57792e-46,3.99222e-45,3.27595e-45
0.00000e+00,0.00000e+00,0.00000e+00,0.00000e+00,0.00000e+00,5.09493e-51,1.22679e-49,2.11603e-52,5.72530e-51,4.34678e-51,1.20006e-47,2.80490e-46,5.13032e-49,1.34759e-47,1.02484e-47,3.27595e-45,7.62614e-44,1.40580e-46,3.67545e-45,2.80079e-45
0.00000e+00,0.00000e+00,0.00000e+00,0.00000e+00,0.00000e+00,4.34678e-51,1.04702e-49,1.80474e-52,5.09493e-51,3.49585e-51,1.02484e-47,2.39636e-46,4.37963e-49,1.20006e-47,8.25405e-48,2.80079e-45,6.52330e-44,1.20135e-46,3.27595e-45,2.25963e-45
0.00000e+00,0.00000e+00,0.00000e+00,0.00000e+00,0.00000e+00,3.49585e-51,8.42335e-50,1.45101e-52,4.34678e-51,2.56052e-51,8.25405e-48,1.93078e-46,3.52609e-49,1.02484e-47,6.06040e-48,2.25963e-45,5.26541e-44,9.68814e-47,2.80079e-45,1.66524e-45
0.00000e+00,0.00000e+00,0.00000e+00,0.00000e+00,0.00000e+00,2.56052e-51,6.17137e-50,1.06253e-52,3.49585e-51,1.56229e-51,6.06040e-48,1.41815e-46,2.58815e-49,8.25405e-48,3.71796e-48,1.66524e-45,3.88200e-44,7.13700e-47,2.25963e-45,1.03411e-45
0.00000e+00,0.00000e+00,0.00000e+00,0.00000e+00,0.00000e+00,1.56229e-51,3.76618e-50,6.48186e-53,2.56052e-51,5.25159e-52,3.71796e-48,8.70291e-47,1.58732e-49,6.06040e-48,1.28655e-48,1.03411e-45,2.41156e-44,4.43060e-47,1.66524e-45,3.91624e-46
0.00000e+00,0.00000e+00,0.00000e+00,0.00000e+00,0.00000e+00,6.46633e-53,1.55894e-51,2.68254e-54,2.17292e-53,1.06029e-52,1.58686e-49,3.71697e-48,6.77044e-51,5.48738e-50,2.58745e-49,4.42977e-47,1.03393e-45,1.89636e-48,1.67677e-47,7.13575e-47
0.00000e+00,0.00000e+00,0.00000e+00,0.00000e+00,0.00000e+00,1.06029e-52,2.55568e-51,4.39937e-54,6.46633e-53,1.44836e-52,2.58745e-49,6.05890e-48,1.10425e-50,1.58686e-49,3.52523e-49,7.13575e-47,1.66497e-45,3.05568e-48,4.42977e-47,9.68660e-47
0.00000e+00,0.00000e+00,0.00000e+00,0.00000e+00,0.00000e+00,1.44836e-52,3.49014e-51,6.01107e-54,1.06029e-52,1.80194e-52,3.52523e-49,8.25221e-48,1.50491e-50,2.58745e-49,4.37869e-49,9.68660e-47,2.25930e-45,4.14942e-48,7.13575e-47,1.20118e-46
0.00000e+00,0.00000e+00,0.00000e+00,0.00000e+00,0.00000e+00,1.80194e-52,4.34077e-51,7.48068e-54,1.44836e-52,2.11333e-52,4.37869e-49,1.02464e-47,1.86984e-50,3.52523e-49,5.12939e-49,1.20118e-46,2.80043e-45,5.14745e-48,9.68660e-47,1.40563e-46
0.00000e+00,0.00000e+00,0.00000e+00,0.00000e+00,0.00000e+00,2.11333e-52,5.08913e-51,8.77608e-54,1.80194e-52,2.37616e-52,5.12939e-49,1.19986e-47,2.19115e-50,4.37869e-49,5.76226e-49,1.40563e-46,3.27560e-45,6.02603e-48,1.20118e-46,1.57777e-46
0.00000e+00,0.00000e+00,0.00000e+00,0.00000e+00,0.00000e+00,2.37616e-52,5.72014e-51,9.87056e-54,2.11333e-52,2.58547e-52,5.76226e-49,1.34742e-47,2.46229e-50,5.12939e-49,6.26559e-49,1.57777e-46,3.67512e-45,6.76667e-48,1.40563e-46,1.71446e-46
0.00000e+00,0.00000e+00,0.00000e+00,0.00000e+00,0.00000e+00,2.58547e-52,6.22212e-51,1.07429e-53,2.37616e-52,2.73756e-52,6.26559e-49,1.46464e-47,2.67814e-50,5.76226e-49,6.63081e-49,1.71446e-46,3.99195e-45,7.35547e-48,1.57777e-46,1.81350e-46
0.00000e+00,0.00000e+00,0.00000e+00,0.00000e+00,0.00000e+00,2.73756e-52,6.58654e-51,1.13773e-53,2.58547e-52,2.82992e-52,6.63081e-49,1.54962e-47,2.83489e-50,6.26559e-49,6.85218e-49,1.81350e-46,4.22125e-45,7.78250e-48,1.71446e-46,1.87346e-46
0.00000e+00,0.00000e+00,0.00000e+00,0.00000e+00,0.00000e+00,2.82992e-52,6.80769e-51,1.17629e-53,2.73756e-52,2.86110e-52,6.85218e-49,1.60109e-47,2.92995e-50,6.63081e-49,6.92641e-49,1.87346e-46,4.35996e-45,8.04122e-48,1.81350e-46,1.89354e-46
0.00000e+00,0.00000e+00,0.00000e+00,0.00000e+00,0.00000e+00,2.86110e-52,6.88227e-51,1.18932e-53,2.82992e-52,2.83062e-52,6.92641e-49,1.61835e-47,2.96185e-50,6.85218e-49,6.85243e-49,1.89354e-46,4.40640e-45,8.12792e-48,1.87346e-46,1.87350e-46
0.00000e+00,0.00000e+00,0.00000e+00,0.00000e+00,0.00000e+00,2.83062e-52,6.80920e-51,1.17661e-53,2.86110e-52,2.73893e-52,6.85243e-49,1.60115e-47,2.93007e-50,6.92641e-49,6.63130e-49,1.87350e-46,4.36005e-45,8.04143e-48,1.89354e-46,1.81359e-46
0.00000e+00,0.00000e+00,0.00000e+00,0.00000e+00,0.00000e+00,2.73893e-52,6.58948e-51,1.13837e-53,2.83062e-52,2.58742e-52,6.63130e-49,1.54972e-47,2.83512e-50,6.85243e-49,6.26628e-49,1.81359e-46,4.22144e-45,7.78292e-48,1.87350e-46,1.71459e-46
0.00000e+00,0.00000e+00,0.00000e+00,0.00000e+00,0.00000e+00,2.58742e-52,6.22630e-51,1.07520e-53,2.73893e-52,2.37857e-52,6.26628e-49,1.46479e-47,2.67847e-50,6.63130e-49,5.76311e-49,1.71459e-46,3.99222e-45,7.35605e-48,1.81359e-46,1.57792e-46
0.00000e+00,0.00000e+00,0.00000e+00,0.00000e+00,0.00000e+00,2.37857e-52,5.72530e-51,9.88170e-54,2.58742e-52,2.11603e-52,5.76311e-49,1.34759e-47,2.46269e-50,6.26628e-49,5.13032e-49,1.57792e-46,3.67545e-45,6.76738e-48,1.71459e-46,1.40580e-46
0.00000e+00,0.00000e+00,0.00000e+00,0.00000e+00,0.00000e+00,2.11603e-52,5.09493e-51,8.78857e-54,2.37857e-52,1.80474e-52,5.13032e-49,1.20006e-47,2.19159e-50,5.76311e-49,4.37963e-49,1.40580e-46,3.27595e-45,6.02681e-48,1.57792e-46,1.20135e-46
0.00000e+00,0.00000e+00,0.00000e+00,0.00000e+00,0.00000e+00,1.80474e-52,4.34678e-51,7.49358e-54,2.11603e-52,1.45101e-52,4.37963e-49,1.02484e-47,1.87028e-50,5.13032e-49,3.52609e-49,1.20135e-46,2.80079e-45,5.14824e-48,1.40580e-46,9.68814e-47
0.00000e+00,0.00000e+00,0.00000e+00,0.00000e+00,0.00000e+00,1.45101e-52,3.49585e-51,6.02330e-54,1.80474e-52,1.06253e-52,3.52609e-49,8.25405e-48,1.50531e-50,4.37963e-49,2.58815e-49,9.68814e-47,2.25963e-45,4.15014e-48,1.20135e-46,7.13700e-47
0.00000e+00,0.00000e+00,0.00000e+00,0.00000e+00,0.00000e+00,1.06253e-52,2.56052e-51,4.40972e-54,1.45101e-52,6.48186e-53,2.58815e-49,6.06040e-48,1.10458e-50,3.52609e-49,1.58732e-49,7.13700e-47,1.66524e-45,3.05626e-48,9.68814e-47,4.43060e-47
0.00000e+00,0.00000e+00,0.00000e+00,0.00000e+00,0.00000e+00,6.48186e-53,1.56229e-51,2.68969e-54,1.06253e-52,2.17866e-53,1.58732e-49,3.71796e-48,6.77263e-51,2.58815e-49,5.48916e-50,4.43060e-47,1.03411e-45,1.89675e-48,7.13700e-47,1.67711e-47
0.00000e+00,0.00000e+00,0.00000e+00,0.00000e+00,0.00000e+00,2.68254e-54,6.46633e-53,1.11297e-55,9.01338e-55,4.39937e-54,6.77044e-51,1.58686e-49,2.88693e-52,2.33977e-51,1.10425e-50,1.89636e-48,4.42977e-47,8.11196e-50,7.17496e-49,3.05568e-48
0.00000e+00,0.00000e+00,0.00000e+00,0.00000e+00,0.00000e+00,4.39937e-54,1.06029e-52,1.82558e-55,2.68254e-54,6.01107e-54,1.10425e-50,2.58745e-49,4.70973e-52,6.77044e-51,1.50491e-50,3.05568e-48,7.13575e-47,1.30746e-49,1.89636e-48,4.14942e-48
0.00000e+00,0.00000e+00,0.00000e+00,0.00000e+00,0.00000e+00,6.01107e-54,1.44836e-52,2.49493e-55,4.39937e-54,7.48068e-54,1.50491e-50,3.52523e-49,6.42021e-52,1.10425e-50,1.86984e-50,4.14942e-48,9.68660e-47,1.77600e-49,3.05568e-48,5.14745e-48
0.00000e+00,0.00000e+00,0.00000e+00,0.00000e+00,0.00000e+00,7.48068e-54,1.80194e-52,3.10571e-55,6.01107e-54,8.77608e-54,1.86984e-50,4.37869e-49,7.97938e-52,1.50491e-50,2.19115e-50,5.14745e-48,1.20118e-46,2.20393e-49,4.14942e-48,6.02603e-48
0.00000e+00,0.00000e+00,0.00000e+00,0.00000e+00,0.00000e+00,8.77608e-54,2.11333e-52,3.64453e-55,7.48068e-54,9.87056e-54,2.19115e-50,5.12939e-49,9.35333e-52,1.86984e-50,2.46229e-50,6.02603e-48,1.40563e-46,2.58103e-49,5.14745e-48,6.76667e-48
0.00000e+00,0.00000e+00,0.00000e+00,0.00000e+00,0.00000e+00,9.87056e-54,2.37616e-52,4.10016e-55,8.77608e-54,1.07429e-53,2.46229e-50,5.76226e-49,1.05138e-51,2.19115e-50,2.67814e-50,6.76667e-48,1.57777e-46,2.89928e-49,6.02603e-48,7.35547e-48
0.00000e+00,0.00000e+00,0.00000e+00,0.00000e+00,0.00000e+00,1.07429e-53,2.58547e-52,4.46363e-55,9.87056e-54,1.13773e-53,2.67814e-50,6.26559e-49,1.14384e-51,2.46229e-50,2.83489e-50,7.35547e-48,1.71446e-46,3.15254e-49,6.76667e-48,7.78250e-48
0.00000e+00,0.00000e+00,0.00000e+00,0.00000e+00,0.00000e+00,1.13773e-53,2.73756e-52,4.72814e-55,1.07429e-53,1.17629e-53,2.83489e-50,6.63081e-49,1.21103e-51,2.67814e-50,2.92995e-50,7.78250e-48,1.81350e-46,3.33638e-49,7.35547e-48,8.04122e-48
0.00000e+00,0.00000e+00,0.00000e+00,0.00000e+00,0.00000e+00,1.17629e-53,2.82992e-52,4.88899e-55,1.13773e-53,1.18932e-53,2.92995e-50,6.85218e-49,1.25180e-51,2.83489e-50,2.96185e-50,8.04122e-48,1.87346e-46,3.44784e-49,7.78250e-48,8.12792e-48
0.00000e+00,0.00000e+00,0.00000e+00,0.00000e+00,0.00000e+00,1.18932e-53,2.86110e-52,4.94343e-55,1.17629e-53,1.17661e-53,2.96185e-50,6.92641e-49,1.26549e-51,2.92995e-50,2.93007e-50,8.12792e-48,1.89354e-46,3.48520e-49,8.04122e-48,8.04143e-48
0.00000e+00,0.00000e+00,0.00000e+00,0.00000e+00,0.00000e+00,1.17661e-53,2.83062e-52,4.89050e-55,1.18932e-53,1.13837e-53,2.93007e-50,6.85243e-49,1.25186e-51,2.96185e-50,2.83512e-50,8.04143e-48,1.87350e-46,3.44794e-49,8.12792e-48,7.78292e-48
0.00000e+00,0.00000e+00,0.00000e+00,0.00000e+00,0.00000e+00,1.13837e-53,2.73893e-52,4.73106e-55,1.17661e-53,1.07520e-53,2.83512e-50,6.63130e-49,1.21114e-51,2.93007e-50,2.67847e-50,7.78292e-48,1.81359e-46,3.33658e-49,8.04143e-48,7.35605e-48
0.00000e+00,0.00000e+00,0.00000e+00,0.00000e+00,0.00000e+00,1.07520e-53,2.58742e-52,4.46778e-55,1.13837e-53,9.88170e-54,2.67847e-50,6.26628e-49,1.14399e-51,2.83512e-50,2.46269e-50,7.35605e-48,1.71459e-46,3.15282e-49,7.78292e-48,6.76738e-48
0.00000e+00,0.00000e+00,0.00000e+00,0.00000e+00,0.00000e+00,9.88170e-54,2.37857e-52,4.10529e-55,1.07520e-53,8.78857e-54,2.46269e-50,5.76311e-49,1.05157e-51,2.67847e-50,2.19159e-50,6.76738e-48,1.57792e-46,2.89961e-49,7.35605e-48,6.02681e-48
0.00000e+00,0.00000e+00,0.00000e+00,0.00000e+00,0.00000e+00,8.78857e-54,2.11603e-52,3.65028e-55,9.88170e-54,7.49358e-54,2.19159e-50,5.13032e-49,9.35538e-52,2.46269e-50,1.87028e-50,6.02681e-48,1.40580e-46,2.58140e-49,6.76738e-48,5.14824e-48
0.00000e+00,0.00000e+00,0.00000e+00,0.00000e+00,0.00000e+00,7.49358e-54,1.80474e-52,3.11164e-55,8.78857e-54,6.02330e-54,1.87028e-50,4.37963e-49,7.98146e-52,2.19159e-50,1.50531e-50,5.14824e-48,1.20135e-46,2.20430e-49,6.02681e-48,4.15014e-48
0.00000e+00,0.00000e+00,0.00000e+00,0.00000e+00,0.00000e+00,6.02330e-54,1.45101e-52,2.50055e-55,7.49358e-54,4.40972e-54,1.50531e-50,3.52609e-49,6.42212e-52,1.87028e-50,1.10458e-50,4.15014e-48,9.68814e-47,1.77634e-49,5.14824e-48,3.05626e-48
0.00000e+00,0.00000e+00,0.00000e+00,0.00000e+00,0.00000e+00,4.40972e-54,1.06253e-52,1.83033e-55,6.02330e-54,2.68969e-54,1.10458e-50,2.58815e-49,4.71128e-52,1.50531e-50,6.77263e-51,3.05626e-48,7.13700e-47,1.30774e-49,4.15014e-48,1.89675e-48
0.00000e+00,0.00000e+00,0.00000e+00,0.00000e+00,0.00000e+00,2.68969e-54,6.48186e-53,1.11625e-55,4.40972e-54,9.03979e-55,6.77263e-51,1.58732e-49,2.88795e-52,1.10458e-50,2.34061e-51,1.89675e-48,4.43060e-47,8.11379e-50,3.05626e-48,7.17654e-49
0.00000e+00,0.00000e+00,0.00000e+00,0.00000e+00,0.00000e+00,1.11297e-55,2.68254e-54,4.61808e-57,3.73924e-56,1.82558e-55,2.88693e-52,6.77044e-51,1.23028e-53,9.97091e-53,4.70973e-52,8.11196e-50,1.89636e-48,3.46746e-51,3.06790e-50,1.30746e-49
0.00000e+00,0.00000e+00,0.00000e+00,0.00000e+00,0.00000e+00,1.82558e-55,4.39937e-54,7.57607e-57,1.11297e-55,2.49493e-55,4.70973e-52,1.10425e-50,2.00754e-53,2.88693e-52,6.42021e-52,1.30746e-49,3.05568e-48,5.59013e-51,8.11196e-50,1.77600e-49
0.00000e+00,0.00000e+00,0.00000e+00,0.00000e+00,0.00000e+00,2.49493e-55,6.01107e-54,1.03560e-56,1.82558e-55,3.10571e-55,6.42021e-52,1.50491e-50,2.73728e-53,4.70973e-52,7.97938e-52,1.77600e-49,4.14942e-48,7.59548e-51,1.30746e-49,2.20393e-49
0.00000e+00,0.00000e+00,0.00000e+00,0.00000e+00,0.00000e+00,3.10571e-55,7.48068e-54,1.28943e-56,2.49493e-55,3.64453e-55,7.97938e-52,1.86984e-50,3.40291e-53,6.42021e-52,9.35333e-52,2.20393e-49,5.14745e-48,9.42853e-51,1.77600e-49,2.58103e-49
0.00000e+00,0.00000e+00,0.00000e+00,0.00000e+00,0.00000e+00,3.64453e-55,8.77608e-54,1.51351e-56,3.10571e-55,4.10016e-55,9.35333e-52,2.19115e-50,3.98992e-53,7.97938e-52,1.05138e-51,2.58103e-49,6.02603e-48,1.10454e-50,2.20393e-49,2.89928e-49
0.00000e+00,0.00000e+00,0.00000e+00,0.00000e+00,0.00000e+00,4.10016e-55,9.87056e-54,1.70315e-56,3.64453e-55,4.46363e-55,1.05138e-51,2.46229e-50,4.48611e-53,9.35333e-52,1.14384e-51,2.89928e-49,6.76667e-48,1.24112e-50,2.58103e-49,3.15254e-49
0.00000e+00,0.00000e+00,0.00000e+00,0.00000e+00,0.00000e+00,4.46363e-55,1.07429e-53,1.85454e-56,4.10016e-55,4.72814e-55,1.14384e-51,2.67814e-50,4.88173e-53,1.05138e-51,1.21103e-51,3.15254e-49,7.35547e-48,1.34991e-50,2.89928e-49,3.33638e-49
0.00000e+00,0.00000e+00,0.00000e+00,0.00000e+00,0.00000e+00,4.72814e-55,1.13773e-53,1.96478e-56,4.46363e-55,4.88899e-55,1.21103e-51,2.83489e-50,5.16943e-53,1.14384e-51,1.25180e-51,3.33638e-49,7.78250e-48,1.42894e-50,3.15254e-49,3.44784e-49
0.00000e+00,0.00000e+00,0.00000e+00,0.00000e+00,0.00000e+00,4.88899e-55,1.17629e-53,2.03187e-56,4.72814e-55,4.94343e-55,1.25180e-51,2.92995e-50,5.34409e-53,1.21103e-51,1.26549e-51,3.44784e-49,8.04122e-48,1.47689e-50,3.33638e-49,3.48520e-49
0.00000e+00,0.00000e+00,0.00000e+00,0.00000e+00,0.00000e+00,4.94343e-55,1.18932e-53,2.05459e-56,4.88899e-55,4.89050e-55,1.26549e-51,2.96185e-50,5.40273e-53,1.25180e-51,1.25186e-51,3.48520e-49,8.12792e-48,1.49297e-50,3.44784e-49,3.44794e-49
0.00000e+00,0.00000e+00,0.00000e+00,0.00000e+00,0.00000e+00,4.89050e-55,1.17661e-53,2.03256e-56,4.94343e-55,4.73106e-55,1.25186e-51,2.93007e-50,5.34435e-53,1.26549e-51,1.21114e-51,3.44794e-49,8.04143e-48,1.47693e-50,3.48520e-49,3.33658e-49
0.00000e+00,0.00000e+00,0.00000e+00,0.00000e+00,0.00000e+00,4.73106e-55,1.13837e-53,1.96612e-56,4.89050e-55,4.46778e-55,1.21114e-51,2.83512e-50,5.16994e-53,1.25186e-51,1.14399e-51,3.33658e-49,7.78292e-48,1.42904e-50,3.44794e-49,3.15282e-49
0.00000e+00,0.00000e+00,0.00000e+00,0.00000e+00,0.00000e+00,4.46778e-55,1.07520e-53,1.85644e-56,4.73106e-55,4.10529e-55,1.14399e-51,2.67847e-50,4.88245e-53,1.21114e-51,1.05157e-51,3.15282e-49,7.35605e-48,1.35004e-50,3.33658e-49,2.89961e-49
0.00000e+00,0.00000e+00,0.00000e+00,0.00000e+00,0.00000e+00,4.10529e-55,9.88170e-54,1.70550e-56,4.46778e-55,3.65028e-55,1.05157e-51,2.46269e-50,4.48698e-53,1.14399e-51,9.35538e-52,2.89961e-49,6.76738e-48,1.24128e-50,3.15282e-49,2.58140e-49
0.00000e+00,0.00000e+00,0.00000e+00,0.00000e+00,0.00000e+00,3.65028e-55,8.78857e-54,1.51615e-56,4.10529e-55,3.11164e-55,9.35538e-52,2.19159e-50,3.99088e-53,1.05157e-51,7.98146e-52,2.58140e-49,6.02681e-48,1.10471e-50,2.89961e-49,2.20430e-49
0.00000e+00,0.00000e+00,0.00000e+00,0.00000e+00,0.00000e+00,3.11164e-55,7.49358e-54,1.29214e-56,3.65028e-55,2.50055e-55,7.98146e-52,1.87028e-50,3.40388e-53,9.35538e-52,6.42212e-52,2.20430e-49,5.14824e-48,9.43027e-51,2.58140e-49,1.77634e-49
0.00000e+00,0.00000e+00,0.00000e+00,0.00000e+00,0.00000e+00,2.50055e-55,6.02330e-54,1.03817e-56,3.11164e-55,1.83033e-55,6.42212e-52,1.50531e-50,2.73817e-53,7.98146e-52,4.71128e-52,1.77634e-49,4.15014e-48,7.59707e-51,2.20430e-49,1.30774e-49
0.00000e+00,0.00000e+00,0.00000e+00,0.00000e+00,0.00000e+00,1.83033e-55,4.40972e-54,7.59786e-57,2.50055e-55,1.11625e-55,4.71128e-52,1.10458e-50,2.00826e-53,6.42212e-52,2.88795e-52,1.30774e-49,3.05626e-48,5.59142e-51,1.77634e-49,8.11379e-50
0.00000e+00,0.00000e+00,0.00000e+00,0.00000e+00,0.00000e+00,1.11625e-55,2.68969e-54,4.63312e-57,1.83033e-55,3.75137e-56,2.88795e-52,6.77263e-51,1.23076e-53,4.71128e-52,9.97481e-53,8.11379e-50,1.89675e-48,3.46832e-51,1.30774e-49,3.06865e-50
0.00000e+00,0.00000e+00,0.00000e+00,0.00000e+00,0.00000e+00,4.61808e-57,1.11297e-55,1.91632e-58,1.55139e-57,7.57607e-57,1.23028e-53,2.88693e-52,5.24000e-55,4.24675e-54,2.00754e-53,3.46746e-51,8.11196e-50,1.48113e-52,1.31086e-51,5.59013e-51
0.00000e+00,0.00000e+00,0.00000e+00,0.00000e+00,0.00000e+00,7.57607e-57,1.82558e-55,3.14422e-58,4.61808e-57,1.03560e-56,2.00754e-53,4.70973e-52,8.55230e-55,1.23028e-53,2.73728e-53,5.59013e-51,1.30746e-49,2.38836e-52,3.46746e-51,7.59548e-51
0.00000e+00,0.00000e+00,0.00000e+00,0.00000e+00,0.00000e+00,1.03560e-56,2.49493e-55,4.29874e-58,7.57607e-57,1.28943e-56,2.73728e-53,6.42021e-52,1.16635e-54,2.00754e-53,3.40291e-53,7.59548e-51,1.77600e-49,3.24595e-52,5.59013e-51,9.42853e-51
0.00000e+00,0.00000e+00,0.00000e+00,0.00000e+00,0.00000e+00,1.28943e-56,3.10571e-55,5.35355e-58,1.03560e-56,1.51351e-56,3.40291e-53,7.97938e-52,1.45032e-54,2.73728e-53,3.98992e-53,9.42853e-51,2.20393e-49,4.03042e-52,7.59548e-51,1.10454e-50
0.00000e+00,0.00000e+00,0.00000e+00,0.00000e+00,0.00000e+00,1.51351e-56,3.64453e-55,6.28538e-58,1.28943e-56,1.70315e-56,3.98992e-53,9.35333e-52,1.70090e-54,3.40291e-53,4.48611e-53,1.10454e-50,2.58103e-49,4.72295e-52,9.42853e-51,1.24112e-50
0.00000e+00,0.00000e+00,0.00000e+00,0.00000e+00,0.00000e+00,1.70315e-56,4.10016e-55,7.07449e-58,1.51351e-56,1.85454e-56,4.48611e-53,1.05138e-51,1.91287e-54,3.98992e-53,4.88173e-53,1.24112e-50,2.89928e-49,5.30845e-52,1.10454e-50,1.34991e-50
0.00000e+00,0.00000e+00,0.00000e+00,0.00000e+00,0.00000e+00,1.85454e-56,4.46363e-55,7.70486e-58,1.70315e-56,1.96478e-56,4.88173e-53,1.14384e-51,2.08199e-54,4.48611e-53,5.16943e-53,1.34991e-50,3.15254e-49,5.77520e-52,1.24112e-50,1.42894e-50
0.00000e+00,0.00000e+00,0.00000e+00,0.00000e+00,0.00000e+00,1.96478e-56,4.72814e-55,8.16420e-58,1.85454e-56,2.03187e-56,5.16943e-53,1.21103e-51,2.20504e-54,4.88173e-53,5.34409e-53,1.42894e-50,3.33638e-49,6.11452e-52,1.34991e-50,1.47689e-50
0.00000e+00,0.00000e+00,0.00000e+00,0.00000e+00,0.00000e+00,2.03187e-56,4.88899e-55,8.44387e-58,1.96478e-56,2.05459e-56,5.34409e-53,1.25180e-51,2.27978e-54,5.16943e-53,5.40273e-53,1.47689e-50,3.44784e-49,6.32045e-52,1.42894e-50,1.49297e-50
0.00000e+00,0.00000e+00,0.00000e+00,0.00000e+00,0.00000e+00,2.05459e-56,4.94343e-55,8.53873e-58,2.03187e-56,2.03256e-56,5.40273e-53,1.26549e-51,2.30488e-54,5.34409e-53,5.34435e-53,1.49297e-50,3.48520e-49,6.38955e-52,1.47689e-50,1.47693e-50
0.00000e+00,0.00000e+00,0.00000e+00,0.00000e+00,0.00000e+00,2.03256e-56,4.89050e-55,8.44702e-58,2.05459e-56,1.96612e-56,5.34435e-53,1.25186e-51,2.27990e-54,5.40273e-53,5.16994e-53,1.47693e-50,3.44794e-49,6.32068e-52,1.49297e-50,1.42904e-50
0.00000e+00,0.00000e+00,0.00000e+00,0.00000e+00,0.00000e+00,1.96612e-56,4.73106e-55,8.17031e-58,2.03256e-56,1.85644e-56,5.16994e-53,1.21114e-51,2.20528e-54,5.34435e-53,4.88245e-53,1.42904e-50,3.33658e-49,6.11495e-52,1.47693e-50,1.35004e-50
0.00000e+00,0.00000e+00,0.00000e+00,0.00000e+00,0.00000e+00,1.85644e-56,4.46778e-55,7.71357e-58,1.96612e-56,1.70550e-56,4.88245e-53,1.14399e-51,2.08232e-54,5.16994e-53,4.48698e-53,1.35004e-50,3.15282e-49,5.77581e-52,1.42904e-50,1.24128e-50
0.00000e+00,0.00000e+00,0.00000e+00,0.00000e+00,0.00000e+00,1.70550e-56,4.10529e-55,7.08523e-58,1.85644e-56,1.51615e-56,4.48698e-53,1.05157e-51,1.91328e-54,4.88245e-53,3.99088e-53,1.24128e-50,2.89961e-49,5.30919e-52,1.35004e-50,1.10471e-50
0.00000e+00,0.00000e+00,0.00000e+00,0.00000e+00,0.00000e+00,1.51615e-56,3.65028e-55,6.29742e-58,1.70550e-56,1.29214e-56,3.99088e-53,9.35538e-52,1.70135e-54,4.48698e-53,3.40388e-53,1.10471e-50,2.58140e-49,4.72376e-52,1.24128e-50,9.43027e-51
0.00000e+00,0.00000e+00,0.00000e+00,0.00000e+00,0.00000e+00,1.29214e-56,3.11164e-55,5.36599e-58,1.51615e-56,1.03817e-56,3.40388e-53,7.98146e-52,1.45077e-54,3.99088e-53,2.73817e-53,9.43027e-51,2.20430e-49,4.03124e-52,1.10471e-50,7.59707e-51
0.00000e+00,0.00000e+00,0.00000e+00,0.00000e+00,0.00000e+00,1.03817e-56,2.50055e-55,4.31054e-58,1.29214e-56,7.59786e-57,2.73817e-53,6.42212e-52,1.16677e-54,3.40388e-53,2.00826e-53,7.59707e-51,1.77634e-49,3.24669e-52,9.43027e-51,5.59142e-51
0.00000e+00,0.00000e+00,0.00000e+00,0.00000e+00,0.00000e+00,7.59786e-57,1.83033e-55,3.15420e-58,1.03817e-56,4.63312e-57,2.00826e-53,4.71128e-52,8.55567e-55,2.73817e-53,1.23076e-53,5.59142e-51,1.30774e-49,2.38897e-52,7.59707e-51,3.46832e-51
0.00000e+00,0.00000e+00,0.00000e+00,0.00000e+00,0.00000e+00,4.63312e-57,1.11625e-55,1.92321e-58,7.59786e-57,1.55695e-57,1.23076e-53,2.88795e-52,5.24223e-55,2.00826e-53,4.24856e-54,3.46832e-51,8.11379e-50,1.48153e-52,5.59142e-51,1.31121e-51
0.00000e+00,0.00000e+00,0.00000e+00,0.00000e+00,0.00000e+00,1.91632e-58,4.61808e-57,7.95237e-60,6.43713e-59,3.14422e-58,5.24000e-55,1.23028e-53,2.23062e-56,1.80778e-55,8.55230e-55,1.48113e-52,3.46746e-51,6.32241e-54,5.59724e-53,2.38836e-52
0.00000e+00,0.00000e+00,0.00000e+00,0.00000e+00,0.00000e+00,3.14422e-58,7.57607e-57,1.30497e-59,1.91632e-58,4.29874e-58,8.55230e-55,2.00754e-53,3.64134e-56,5.24000e-55,1.16635e-54,2.38836e-52,5.59013e-51,1.01971e-53,1.48113e-52,3.24595e-52
0.00000e+00,0.00000e+00,0.00000e+00,0.00000e+00,0.00000e+00,4.29874e-58,1.03560e-56,1.78445e-59,3.14422e-58,5.35355e-58,1.16635e-54,2.73728e-53,4.96699e-56,8.55230e-55,1.45032e-54,3.24595e-52,7.59548e-51,1.38617e-53,2.38836e-52,4.03042e-52
0.00000e+00,0.00000e+00,0.00000e+00,0.00000e+00,0.00000e+00,5.35355e-58,1.28943e-56,2.22275e-59,4.29874e-58,6.28538e-58,1.45032e-54,3.40291e-53,6.17753e-56,1.16635e-54,1.70090e-54,4.03042e-52,9.42853e-51,1.72161e-53,3.24595e-52,4.72295e-52
0.00000e+00,0.00000e+00,0.00000e+00,0.00000e+00,0.00000e+00,6.28538e-58,1.51351e-56,2.61019e-59,5.35355e-58,7.07449e-58,1.70090e-54,3.98992e-53,7.24644e-56,1.45032e-54,1.91287e-54,4.72295e-52,1.10454e-50,2.01795e-53,4.03042e-52,5.30845e-52
0.00000e+00,0.00000e+00,0.00000e+00,0.00000e+00,0.00000e+00,7.07449e-58,1.70315e-56,2.93849e-59,6.28538e-58,7.70486e-58,1.91287e-54,4.48611e-53,8.15117e-56,1.70090e-54,2.08199e-54,5.30845e-52,1.24112e-50,2.26868e-53,4.72295e-52,5.77520e-52
0.00000e+00,0.00000e+00,0.00000e+00,0.00000e+00,0.00000e+00,7.70486e-58,1.85454e-56,3.20091e-59,7.07449e-58,8.16420e-58,2.08199e-54,4.88173e-53,8.87345e-56,1.91287e-54,2.20504e-54,5.77520e-52,1.34991e-50,2.46870e-53,5.30845e-52,6.11452e-52
0.00000e+00,0.00000e+00,0.00000e+00,0.00000e+00,0.00000e+00,8.16420e-58,1.96478e-56,3.39224e-59,7.70486e-58,8.44387e-58,2.20504e-54,5.16943e-53,9.39925e-56,2.08199e-54,2.27978e-54,6.11452e-52,1.42894e-50,2.61420e-53,5.77520e-52,6.32045e-52
0.00000e+00,0.00000e+00,0.00000e+00,0.00000e+00,0.00000e+00,8.44387e-58,2.03187e-56,3.50880e-59,8.16420e-58,8.53873e-58,2.27978e-54,5.34409e-53,9.71873e-56,2.20504e-54,2.30488e-54,6.32045e-52,1.47689e-50,2.70255e-53,6.11452e-52,6.38955e-52
0.00000e+00,0.00000e+00,0.00000e+00,0.00000e+00,0.00000e+00,8.53873e-58,2.05459e-56,3.54839e-59,8.44387e-58,8.44702e-58,2.30488e-54,5.40273e-53,9.82607e-56,2.27978e-54,2.27990e-54,6.38955e-52,1.49297e-50,2.73220e-53,6.32045e-52,6.32068e-52
0.00000e+00,0.00000e+00,0.00000e+00,0.00000e+00,0.00000e+00,8.44702e-58,2.03256e-56,3.51024e-59,8.53873e-58,8.17031e-58,2.27990e-54,5.34435e-53,9.71931e-56,2.30488e-54,2.20528e-54,6.32068e-52,1.47693e-50,2.70266e-53,6.38955e-52,6.11495e-52
0.00000e+00,0.00000e+00,0.00000e+00,0.00000e+00,0.00000e+00,8.17031e-58,1.96612e-56,3.39504e-59,8.44702e-58,7.71357e-58,2.20528e-54,5.16994e-53,9.40037e-56,2.27990e-54,2.08232e-54,6.11495e-52,1.42904e-50,2.61441e-53,6.32068e-52,5.77581e-52
0.00000e+00,0.00000e+00,0.00000e+00,0.00000e+00,0.00000e+00,7.71357e-58,1.85644e-56,3.20489e-59,8.17031e-58,7.08523e-58,2.08232e-54,4.88245e-53,8.87502e-56,2.20528e-54,1.91328e-54,5.77581e-52,1.35004e-50,2.46899e-53,6.11495e-52,5.30919e-52
0.00000e+00,0.00000e+00,0.00000e+00,0.00000e+00,0.00000e+00,7.08523e-58,1.70550e-56,2.94341e-59,7.71357e-58,6.29742e-58,1.91328e-54,4.48698e-53,8.15308e-56,2.08232e-54,1.70135e-54,5.30919e-52,1.24128e-50,2.26903e-53,5.77581e-52,4.72376e-52
0.00000e+00,0.00000e+00,0.00000e+00,0.00000e+00,0.00000e+00,6.29742e-58,1.51615e-56,2.61570e-59,7.08523e-58,5.36599e-58,1.70135e-54,3.99088e-53,7.24853e-56,1.91328e-54,1.45077e-54,4.72376e-52,1.10471e-50,2.01833e-53,5.30919e-52,4.03124e-52
0.00000e+00,0.00000e+00,0.00000e+00,0.00000e+00,0.00000e+00,5.36599e-58,1.29214e-56,2.22844e-59,6.29742e-58,4.31054e-58,1.45077e-54,3.40388e-53,6.17964e-56,1.70135e-54,1.16677e-54,4.03124e-52,9.43027e-51,1.72199e-53,4.72376e-52,3.24669e-52
0.00000e+00,0.00000e+00,0.00000e+00,0.00000e+00,0.00000e+00,4.31054e-58,1.03817e-56,1.78985e-59,5.36599e-58,3.15420e-58,1.16677e-54,2.73817e-53,4.96892e-56,1.45077e-54,8.55567e-55,3.24669e-52,7.59707e-51,1.38652e-53,4.03124e-52,2.38897e-52
0.00000e+00,0.00000e+00,0.00000e+00,0.00000e+00,0.00000e+00,3.15420e-58,7.59786e-57,1.30954e-59,4.31054e-58,1.92321e-58,8.55567e-55,2.00826e-53,3.64291e-56,1.16677e-54,5.24223e-55,2.38897e-52,5.59142e-51,1.02000e-53,3.24669e-52,1.48153e-52
0.00000e+00,0.00000e+00,0.00000e+00,0.00000e+00,0.00000e+00,1.92321e-58,4.63312e-57,7.98395e-60,3.15420e-58,6.46258e-59,5.24223e-55,1.23076e-53,2.23166e-56,8.55567e-55,1.80863e-55,1.48153e-52,3.46832e-51,6.32429e-54,2.38897e-52,5.59887e-53
0.00000e+00,0.00000e+00,0.00000e+00,0.00000e+00,0.00000e+00,7.95237e-60,1.91632e-58,3.30017e-61,2.67106e-60,1.30497e-59,2.23062e-56,5.24000e-55,9.49062e-58,7.69153e-57,3.64134e-56,6.32241e-54,1.48113e-52,2.69708e-55,2.38841e-54,1.01971e-53
0.00000e+00,0.00000e+00,0.00000e+00,0.00000e+00,0.00000e+00,1.30497e-59,3.14422e-58,5.41622e-61,7.95237e-60,1.78445e-59,3.64134e-56,8.55230e-55,1.54956e-57,2.23062e-56,4.96699e-56,1.01971e-53,2.38836e-52,4.35081e-55,6.32241e-54,1.38617e-53
0.00000e+00,0.00000e+00,0.00000e+00,0.00000e+00,0.00000e+00,1.78445e-59,4.29874e-58,7.40749e-61,1.30497e-59,2.22275e-59,4.96699e-56,1.16635e-54,2.11406e-57,3.64134e-56,6.17753e-56,1.38617e-53,3.24595e-52,5.91557e-55,1.01971e-53,1.72161e-53
0.00000e+00,0.00000e+00,0.00000e+00,0.00000e+00,0.00000e+00,2.22275e-59,5.35355e-58,9.22866e-61,1.78445e-59,2.61019e-59,6.17753e-56,1.45032e-54,2.62978e-57,4.96699e-56,7.24644e-56,1.72161e-53,4.03042e-52,7.34871e-55,1.38617e-53,2.01795e-53
0.00000e+00,0.00000e+00,0.00000e+00,0.00000e+00,0.00000e+00,2.61019e-59,6.28538e-58,1.08394e-60,2.22275e-59,2.93849e-59,7.24644e-56,1.70090e-54,3.08541e-57,6.17753e-56,8.15117e-56,2.01795e-53,4.72295e-52,8.61562e-55,1.72161e-53,2.26868e-53
0.00000e+00,0.00000e+00,0.00000e+00,0.00000e+00,0.00000e+00,2.93849e-59,7.07449e-58,1.22050e-60,2.61019e-59,3.20091e-59,8.15117e-56,1.91287e-54,3.47127e-57,7.24644e-56,8.87345e-56,2.26868e-53,5.30845e-52,9.68829e-55,2.01795e-53,2.46870e-53
0.00000e+00,0.00000e+00,0.00000e+00,0.00000e+00,0.00000e+00,3.20091e-59,7.70486e-58,1.32972e-60,2.93849e-59,3.39224e-59,8.87345e-56,2.08199e-54,3.77948e-57,8.15117e-56,9.39925e-56,2.46870e-53,5.77520e-52,1.05446e-54,2.26868e-53,2.61420e-53
0.00000e+00,0.00000e+00,0.00000e+00,0.00000e+00,0.00000e+00,3.39224e-59,8.16420e-58,1.40940e-60,3.20091e-59,3.50880e-59,9.39925e-56,2.20504e-54,4.00395e-57,8.87345e-56,9.71873e-56,2.61420e-53,6.11452e-52,1.11678e-54,2.46870e-53,2.70255e-53
0.00000e+00,0.00000e+00,0.00000e+00,0.00000e+00,0.00000e+00,3.50880e-59,8.44387e-58,1.45796e-60,3.39224e-59,3.54839e-59,9.71873e-56,2.27978e-54,4.14038e-57,9.39925e-56,9.82607e-56,2.70255e-53,6.32045e-52,1.15464e-54,2.61420e-53,2.73220e-53
0.00000e+00,0.00000e+00,0.00000e+00,0.00000e+00,0.00000e+00,3.54839e-59,8.53873e-58,1.47448e-60,3.50880e-59,3.51024e-59,9.82607e-56,2.30488e-54,4.18624e-57,9.71873e-56,9.71931e-56,2.73220e-53,6.38955e-52,1.16735e-54,2.70255e-53,2.70266e-53
0.00000e+00,0.00000e+00,0.00000e+00,0.00000e+00,0.00000e+00,3.51024e-59,8.44702e-58,1.45862e-60,3.54839e-59,3.39504e-59,9.71931e-56,2.27990e-54,4.14065e-57,9.82607e-56,9.40037e-56,2.70266e-53,6.32068e-52,1.15469e-54,2.73220e-53,2.61441e-53
0.00000e+00,0.00000e+00,0.00000e+00,0.00000e+00,0.00000e+00,3.39504e-59,8.17031e-58,1.41068e-60,3.51024e-59,3.20489e-59,9.40037e-56,2.20528e-54,4.00446e-57,9.71931e-56,8.87502e-56,2.61441e-53,6.11495e-52,1.11688e-54,2.70266e-53,2.46899e-53
0.00000e+00,0.00000e+00,0.00000e+00,0.00000e+00,0.00000e+00,3.20489e-59,7.71357e-58,1.33155e-60,3.39504e-59,2.94341e-59,8.87502e-56,2.08232e-54,3.78021e-57,9.40037e-56,8.15308e-56,2.46899e-53,5.77581e-52,1.05459e-54,2.61441e-53,2.26903e-53
0.00000e+00,0.00000e+00,0.00000e+00,0.00000e+00,0.00000e+00,2.94341e-59,7.08523e-58,1.22275e-60,3.20489e-59,2.61570e-59,8.15308e-56,1.91328e-54,3.47216e-57,8.87502e-56,7.24853e-56,2.26903e-53,5.30919e-52,9.68993e-55,2.46899e-53,2.01833e-53
0.00000e+00,0.00000e+00,0.00000e+00,0.00000e+00,0.00000e+00,2.61570e-59,6.29742e-58,1.08646e-60,2.94341e-59,2.22844e-59,7.24853e-56,1.70135e-54,3.08638e-57,8.15308e-56,6.17964e-56,2.01833e-53,4.72376e-52,8.61741e-55,2.26903e-53,1.72199e-53
0.00000e+00,0.00000e+00,0.00000e+00,0.00000e+00,0.00000e+00,2.22844e-59,5.36599e-58,9.25475e-61,2.61570e-59,1.78985e-59,6.17964e-56,1.45077e-54,2.63076e-57,7.24853e-56,4.96892e-56,1.72199e-53,4.03124e-52,7.35050e-55,2.01833e-53,1.38652e-53
0.00000e+00,0.00000e+00,0.00000e+00,0.00000e+00,0.00000e+00,1.78985e-59,4.31054e-58,7.43224e-61,2.22844e-59,1.30954e-59,4.96892e-56,1.16677e-54,2.11495e-57,6.17964e-56,3.64291e-56,1.38652e-53,3.24669e-52,5.91721e-55,1.72199e-53,1.02000e-53
0.00000e+00,0.00000e+00,0.00000e+00,0.00000e+00,0.00000e+00,1.30954e-59,3.15420e-58,5.43717e-61,1.78985e-59,7.98395e-60,3.64291e-56,8.55567e-55,1.55029e-57,4.96892e-56,2.23166e-56,1.02000e-53,2.38897e-52,4.35214e-55,1.38652e-53,6.32429e-54
0.00000e+00,0.00000e+00,0.00000e+00,0.00000e+00,0.00000e+00,7.98395e-60,1.92321e-58,3.31466e-61,1.30954e-59,2.68273e-60,2.23166e-56,5.24223e-55,9.49543e-58,3.64291e-56,7.69546e-57,6.32429e-54,1.48153e-52,2.69795e-55,1.02000e-53,2.38917e-54
0.00000e+00,0.00000e+00,0.00000e+00,0.00000e+00,0.00000e+00,3.30017e-61,7.95237e-60,1.36956e-62,1.10838e-61,5.41622e-61,9.49062e-58,2.23062e-56,4.03595e-59,3.27087e-58,1.54956e-57,2.69708e-55,6.32241e-54,1.14984e-56,1.01853e-55,4.35081e-55
0.00000e+00,0.00000e+00,0.00000e+00,0.00000e+00,0.00000e+00,5.41622e-61,1.30497e-59,2.24799e-62,3.30017e-61,7.40749e-61,1.54956e-57,3.64134e-56,6.59074e-59,9.49062e-58,2.11406e-57,4.35081e-55,1.01971e-53,1.85519e-56,2.69708e-55,5.91557e-55
0.00000e+00,0.00000e+00,0.00000e+00,0.00000e+00,0.00000e+00,7.40749e-61,1.78445e-59,3.07493e-62,5.41622e-61,9.22866e-61,2.11406e-57,4.96699e-56,8.99312e-59,1.54956e-57,2.62978e-57,5.91557e-55,1.38617e-53,2.52286e-56,4.35081e-55,7.34871e-55
0.00000e+00,0.00000e+00,0.00000e+00,0.00000e+00,0.00000e+00,9.22866e-61,2.22275e-59,3.83159e-62,7.40749e-61,1.08394e-60,2.62978e-57,6.17753e-56,1.11889e-58,2.11406e-57,3.08541e-57,7.34871e-55,1.72161e-53,3.13469e-56,5.91557e-55,8.61562e-55
0.00000e+00,0.00000e+00,0.00000e+00,0.00000e+00,0.00000e+00,1.08394e-60,2.61019e-59,4.50115e-62,9.22866e-61,1.22050e-60,3.08541e-57,7.24644e-56,1.31297e-58,2.62978e-57,3.47127e-57,8.61562e-55,2.01795e-53,3.67587e-56,7.34871e-55,9.68829e-55
0.00000e+00,0.00000e+00,0.00000e+00,0.00000e+00,0.00000e+00,1.22050e-60,2.93849e-59,5.06914e-62,1.08394e-60,1.32972e-60,3.47127e-57,8.15117e-56,1.47741e-58,3.08541e-57,3.77948e-57,9.68829e-55,2.26868e-53,4.13436e-56,8.61562e-55,1.05446e-54
0.00000e+00,0.00000e+00,0.00000e+00,0.00000e+00,0.00000e+00,1.32972e-60,3.20091e-59,5.52364e-62,1.22050e-60,1.40940e-60,3.77948e-57,8.87345e-56,1.60882e-58,3.47127e-57,4.00395e-57,1.05446e-54,2.46870e-53,4.50057e-56,9.68829e-55,1.11678e-54
0.00000e+00,0.00000e+00,0.00000e+00,0.00000e+00,0.00000e+00,1.40940e-60,3.39224e-59,5.85535e-62,1.32972e-60,1.45796e-60,4.00395e-57,9.39925e-56,1.70457e-58,3.77948e-57,4.14038e-57,1.11678e-54,2.61420e-53,4.76723e-56,1.05446e-54,1.15464e-54
0.00000e+00,0.00000e+00,0.00000e+00,0.00000e+00,0.00000e+00,1.45796e-60,3.50880e-59,6.05766e-62,1.40940e-60,1.47448e-60,4.14038e-57,9.71873e-56,1.76279e-58,4.00395e-57,4.18624e-57,1.15464e-54,2.70255e-53,4.92927e-56,1.11678e-54,1.16735e-54
0.00000e+00,0.00000e+00,0.00000e+00,0.00000e+00,0.00000e+00,1.47448e-60,3.54839e-59,6.12657e-62,1.45796e-60,1.45862e-60,4.18624e-57,9.82607e-56,1.78236e-58,4.14038e-57,4.14065e-57,1.16735e-54,2.73220e-53,4.98369e-56,1.15464e-54,1.15469e-54
0.00000e+00,0.00000e+00,0.00000e+00,0.00000e+00,0.00000e+00,1.45862e-60,3.51024e-59,6.06069e-62,1.47448e-60,1.41068e-60,4.14065e-57,9.71931e-56,1.76291e-58,4.18624e-57,4.00446e-57,1.15469e-54,2.70266e-53,4.92950e-56,1.16735e-54,1.11688e-54
0.00000e+00,0.00000e+00,0.00000e+00,0.00000e+00,0.00000e+00,1.41068e-60,3.39504e-59,5.86124e-62,1.45862e-60,1.33155e-60,4.00446e-57,9.40037e-56,1.70481e-58,4.14065e-57,3.78021e-57,1.11688e-54,2.61441e-53,4.76768e-56,1.15469e-54,1.05459e-54
0.00000e+00,0.00000e+00,0.00000e+00,0.00000e+00,0.00000e+00,1.33155e-60,3.20489e-59,5.53201e-62,1.41068e-60,1.22275e-60,3.78021e-57,8.87502e-56,1.60916e-58,4.00446e-57,3.47216e-57,1.05459e-54,2.46899e-53,4.50120e-56,1.11688e-54,9.68993e-55
0.00000e+00,0.00000e+00,0.00000e+00,0.00000e+00,0.00000e+00,1.22275e-60,2.94341e-59,5.07947e-62,1.33155e-60,1.08646e-60,3.47216e-57,8.15308e-56,1.47782e-58,3.78021e-57,3.08638e-57,9.68993e-55,2.26903e-53,4.13512e-56,1.05459e-54,8.61741e-55
0.00000e+00,0.00000e+00,0.00000e+00,0.00000e+00,0.00000e+00,1.08646e-60,2.61570e-59,4.51274e-62,1.22275e-60,9.25475e-61,3.08638e-57,7.24853e-56,1.31342e-58,3.47216e-57,2.63076e-57,8.61741e-55,2.01833e-53,3.67671e-56,9.68993e-55,7.35050e-55
0.00000e+00,0.00000e+00,0.00000e+00,0.00000e+00,0.00000e+00,9.25475e-61,2.22844e-59,3.84357e-62,1.08646e-60,7.43224e-61,2.63076e-57,6.17964e-56,1.11934e-58,3.08638e-57,2.11495e-57,7.35050e-55,1.72199e-53,3.13553e-56,8.61741e-55,5.91721e-55
0.00000e+00,0.00000e+00,0.00000e+00,0.00000e+00,0.00000e+00,7.43224e-61,1.78985e-59,3.08630e-62,9.25475e-61,5.43717e-61,2.11495e-57,4.96892e-56,8.99727e-59,2.63076e-57,1.55029e-57,5.91721e-55,1.38652e-53,2.52362e-56,7.35050e-55,4.35214e-55
0.00000e+00,0.00000e+00,0.00000e+00,0.00000e+00,0.00000e+00,5.43717e-61,1.30954e-59,2.25761e-62,7.43224e-61,3.31466e-61,1.55029e-57,3.64291e-56,6.59411e-59,2.11495e-57,9.49543e-58,4.35214e-55,1.02000e-53,1.85580e-56,5.91721e-55,2.69795e-55
0.00000e+00,0.00000e+00,0.00000e+00,0.00000e+00,0.00000e+00,3.31466e-61,7.98395e-60,1.37622e-62,5.43717e-61,1.11374e-61,9.49543e-58,2.23166e-56,4.03818e-59,1.55029e-57,3.27269e-58,2.69795e-55,6.32429e-54,1.15025e-56,4.35214e-55,1.01889e-55
0.00000e+00,0.00000e+00,0.00000e+00,0.00000e+00,0.00000e+00,1.36956e-62,3.30017e-61,5.68355e-64,4.59935e-63,2.24799e-62,4.03595e-59,9.49062e-58,1.71549e-60,1.39029e-59,6.59074e-59,1.14984e-56,2.69708e-55,4.89916e-58,4.34088e-57,1.85519e-56
0.00000e+00,0.00000e+00,0.00000e+00,0.00000e+00,0.00000e+00,2.24799e-62,5.41622e-61,9.33008e-64,1.36956e-62,3.07493e-62,6.59074e-59,1.54956e-57,2.80184e-60,4.03595e-59,8.99312e-59,1.85519e-56,4.35081e-55,7.90573e-58,1.14984e-56,2.52286e-56
0.00000e+00,0.00000e+00,0.00000e+00,0.00000e+00,0.00000e+00,3.07493e-62,7.40749e-61,1.27641e-63,2.24799e-62,3.83159e-62,8.99312e-59,2.11406e-57,3.82369e-60,6.59074e-59,1.11889e-58,2.52286e-56,5.91557e-55,1.07528e-57,1.85519e-56,3.13469e-56
0.00000e+00,0.00000e+00,0.00000e+00,0.00000e+00,0.00000e+00,3.83159e-62,9.22866e-61,1.59076e-63,3.07493e-62,4.50115e-62,1.11889e-58,2.62978e-57,4.75799e-60,8.99312e-59,1.31297e-58,3.13469e-56,7.34871e-55,1.33629e-57,2.52286e-56,3.67587e-56
0.00000e+00,0.00000e+00,0.00000e+00,0.00000e+00,0.00000e+00,4.50115e-62,1.08394e-60,1.86906e-63,3.83159e-62,5.06914e-62,1.31297e-58,3.08541e-57,5.58417e-60,1.11889e-58,1.47741e-58,3.67587e-56,8.61562e-55,1.56728e-57,3.13469e-56,4.13436e-56
0.00000e+00,0.00000e+00,0.00000e+00,0.00000e+00,0.00000e+00,5.06914e-62,1.22050e-60,2.10527e-63,4.50115e-62,5.52364e-62,1.47741e-58,3.47127e-57,6.28451e-60,1.31297e-58,1.60882e-58,4.13436e-56,9.68829e-55,1.76308e-57,3.67587e-56,4.50057e-56
0.00000e+00,0.00000e+00,0.00000e+00,0.00000e+00,0.00000e+00,5.52364e-62,1.32972e-60,2.29436e-63,5.06914e-62,5.85535e-62,1.60882e-58,3.77948e-57,6.84440e-60,1.47741e-58,1.70457e-58,4.50057e-56,1.05446e-54,1.91955e-57,4.13436e-56,4.76723e-56
0.00000e+00,0.00000e+00,0.00000e+00,0.00000e+00,0.00000e+00,5.85535e-62,1.40940e-60,2.43244e-63,5.52364e-62,6.05766e-62,1.70457e-58,4.00395e-57,7.25248e-60,1.60882e-58,1.76279e-58,4.76723e-56,1.11678e-54,2.03354e-57,4.50057e-56,4.92927e-56
0.00000e+00,0.00000e+00,0.00000e+00,0.00000e+00,0.00000e+00,6.05766e-62,1.45796e-60,2.51671e-63,5.85535e-62,6.12657e-62,1.76279e-58,4.14038e-57,7.50067e-60,1.70457e-58,1.78236e-58,4.92927e-56,1.15464e-54,2.10283e-57,4.76723e-56,4.98369e-56
0.00000e+00,0.00000e+00,0.00000e+00,0.00000e+00,0.00000e+00,6.12657e-62,1.47448e-60,2.54546e-63,6.05766e-62,6.06069e-62,1.78236e-58,4.18624e-57,7.58413e-60,1.76279e-58,1.76291e-58,4.98369e-56,1.16735e-54,2.12610e-57,4.92927e-56,4.92950e-56
0.00000e+00,0.00000e+00,0.00000e+00,0.00000e+00,0.00000e+00,6.06069e-62,1.45862e-60,2.51810e-63,6.12657e-62,5.86124e-62,1.76291e-58,4.14065e-57,7.50125e-60,1.78236e-58,1.70481e-58,4.92950e-56,1.15469e-54,2.10293e-57,4.98369e-56,4.76768e-56
0.00000e+00,0.00000e+00,0.00000e+00,0.00000e+00,0.00000e+00,5.86124e-62,1.41068e-60,2.43515e-63,6.06069e-62,5.53201e-62,1.70481e-58,4.00446e-57,7.25359e-60,1.76291e-58,1.60916e-58,4.76768e-56,1.11688e-54,2.03375e-57,4.92950e-56,4.50120e-56
0.00000e+00,0.00000e+00,0.00000e+00,0.00000e+00,0.00000e+00,5.53201e-62,1.33155e-60,2.29822e-63,5.86124e-62,5.07947e-62,1.60916e-58,3.78021e-57,6.84596e-60,1.70481e-58,1.47782e-58,4.50120e-56,1.05459e-54,1.91984e-57,4.76768e-56,4.13512e-56
0.00000e+00,0.00000e+00,0.00000e+00,0.00000e+00,0.00000e+00,5.07947e-62,1.22275e-60,2.11002e-63,5.53201e-62,4.51274e-62,1.47782e-58,3.47216e-57,6.28641e-60,1.60916e-58,1.31342e-58,4.13512e-56,9.68993e-55,1.76343e-57,4.50120e-56,3.67671e-56
0.00000e+00,0.00000e+00,0.00000e+00,0.00000e+00,0.00000e+00,4.51274e-62,1.08646e-60,1.87440e-63,5.07947e-62,3.84357e-62,1.31342e-58,3.08638e-57,5.58626e-60,1.47782e-58,1.11934e-58,3.67671e-56,8.61741e-55,1.56767e-57,4.13512e-56,3.13553e-56
0.00000e+00,0.00000e+00,0.00000e+00,0.00000e+00,0.00000e+00,3.84357e-62,9.25475e-61,1.59628e-63,4.51274e-62,3.08630e-62,1.11934e-58,2.63076e-57,4.76009e-60,1.31342e-58,8.99727e-59,3.13553e-56,7.35050e-55,1.33668e-57,3.67671e-56,2.52362e-56
0.00000e+00,0.00000e+00,0.00000e+00,0.00000e+00,0.00000e+00,3.08630e-62,7.43224e-61,1.28165e-63,3.84357e-62,2.25761e-62,8.99727e-59,2.11495e-57,3.82561e-60,1.11934e-58,6.59411e-59,2.52362e-56,5.91721e-55,1.07563e-57,3.13553e-56,1.85580e-56
0.00000e+00,0.00000e+00,0.00000e+00,0.00000e+00,0.00000e+00,2.25761e-62,5.43717e-61,9.37441e-64,3.08630e-62,1.37622e-62,6.59411e-59,1.55029e-57,2.80340e-60,8.99727e-59,4.03818e-59,1.85580e-56,4.35214e-55,7.90861e-58,2.52362e-56,1.15025e-56
0.00000e+00,0.00000e+00,0.00000e+00,0.00000e+00,0.00000e+00,1.37622e-62,3.31466e-61,5.71423e-64,2.25761e-62,4.62399e-63,4.03818e-59,9.49543e-58,1.71652e-60,6.59411e-59,1.39113e-59,1.15025e-56,2.69795e-55,4.90107e-58,1.85580e-56,4.34253e-57
0.00000e+00,0.00000e+00,0.00000e+00,0.00000e+00,0.00000e+00,5.68355e-64,1.36956e-62,2.35856e-65,1.90854e-64,9.33008e-64,1.71549e-60,4.03595e-59,7.28830e-62,5.90667e-61,2.80184e-60,4.89916e-58,1.14984e-56,2.08623e-59,1.84898e-58,7.90573e-58
0.00000e+00,0.00000e+00,0.00000e+00,0.00000e+00,0.00000e+00,9.33008e-64,2.24799e-62,3.87225e-65,5.68355e-64,1.27641e-63,2.80184e-60,6.59074e-59,1.19054e-61,1.71549e-60,3.82369e-60,7.90573e-58,1.85519e-56,3.36701e-59,4.89916e-58,1.07528e-57
0.00000e+00,0.00000e+00,0.00000e+00,0.00000e+00,0.00000e+00,1.27641e-63,3.07493e-62,5.29824e-65,9.33008e-64,1.59076e-63,3.82369e-60,8.99312e-59,1.62496e-61,2.80184e-60,4.75799e-60,1.07528e-57,2.52286e-56,4.58023e-59,7.90573e-58,1.33629e-57
0.00000e+00,0.00000e+00,0.00000e+00,0.00000e+00,0.00000e+00,1.59076e-63,3.83159e-62,6.60411e-65,1.27641e-63,1.86906e-63,4.75799e-60,1.11889e-58,2.02228e-61,3.82369e-60,5.58417e-60,1.33629e-57,3.13469e-56,5.69294e-59,1.07528e-57,1.56728e-57
0.00000e+00,0.00000e+00,0.00000e+00,0.00000e+00,0.00000e+00,1.86906e-63,4.50115e-62,7.76074e-65,1.59076e-63,2.10527e-63,5.58417e-60,1.31297e-58,2.37376e-61,4.75799e-60,6.28451e-60,1.56728e-57,3.67587e-56,6.67815e-59,1.33629e-57,1.76308e-57
0.00000e+00,0.00000e+00,0.00000e+00,0.00000e+00,0.00000e+00,2.10527e-63,5.06914e-62,8.74285e-65,1.86906e-63,2.29436e-63,6.28451e-60,1.47741e-58,2.67182e-61,5.58417e-60,6.84440e-60,1.76308e-57,4.13436e-56,7.51366e-59,1.56728e-57,1.91955e-57
0.00000e+00,0.00000e+00,0.00000e+00,0.00000e+00,0.00000e+00,2.29436e-63,5.52364e-62,9.52948e-65,2.10527e-63,2.43244e-63,6.84440e-60,1.60882e-58,2.91020e-61,6.28451e-60,7.25248e-60,1.91955e-57,4.50057e-56,8.18164e-59,1.76308e-57,2.03354e-57
0.00000e+00,0.00000e+00,0.00000e+00,0.00000e+00,0.00000e+00,2.43244e-63,5.85535e-62,1.01042e-64,2.29436e-63,2.51671e-63,7.25248e-60,1.70457e-58,3.08400e-61,6.84440e-60,7.50067e-60,2.03354e-57,4.76723e-56,8.66845e-59,1.91955e-57,2.10283e-57
0.00000e+00,0.00000e+00,0.00000e+00,0.00000e+00,0.00000e+00,2.51671e-63,6.05766e-62,1.04551e-64,2.43244e-63,2.54546e-63,7.50067e-60,1.76279e-58,3.18973e-61,7.25248e-60,7.58413e-60,2.10283e-57,4.92927e-56,8.96446e-59,2.03354e-57,2.12610e-57
0.00000e+00,0.00000e+00,0.00000e+00,0.00000e+00,0.00000e+00,2.54546e-63,6.12657e-62,1.05750e-64,2.51671e-63,2.51810e-63,7.58413e-60,1.78236e-58,3.22530e-61,7.50067e-60,7.50125e-60,2.12610e-57,4.98369e-56,9.06394e-59,2.10283e-57,2.10293e-57
0.00000e+00,0.00000e+00,0.00000e+00,0.00000e+00,0.00000e+00,2.51810e-63,6.06069e-62,1.04615e-64,2.54546e-63,2.43515e-63,7.50125e-60,1.76291e-58,3.19000e-61,7.58413e-60,7.25359e-60,2.10293e-57,4.92950e-56,8.96497e-59,2.12610e-57,2.03375e-57
0.00000e+00,0.00000e+00,0.00000e+00,0.00000e+00,0.00000e+00,2.43515e-63,5.86124e-62,1.01167e-64,2.51810e-63,2.29822e-63,7.25359e-60,1.70481e-58,3.08451e-61,7.50125e-60,6.84596e-60,2.03375e-57,4.76768e-56,8.66943e-59,2.10293e-57,1.91984e-57
0.00000e+00,0.00000e+00,0.00000e+00,0.00000e+00,0.00000e+00,2.29822e-63,5.53201e-62,9.54729e-65,2.43515e-63,2.11002e-63,6.84596e-60,1.60916e-58,2.91092e-61,7.25359e-60,6.28641e-60,1.91984e-57,4.50120e-56,8.18301e-59,2.03375e-57,1.76343e-57
0.00000e+00,0.00000e+00,0.00000e+00,0.00000e+00,0.00000e+00,2.11002e-63,5.07947e-62,8.76482e-65,2.29822e-63,1.87440e-63,6.28641e-60,1.47782e-58,2.67270e-61,6.84596e-60,5.58626e-60,1.76343e-57,4.13512e-56,7.51532e-59,1.91984e-57,1.56767e-57
0.00000e+00,0.00000e+00,0.00000e+00,0.00000e+00,0.00000e+00,1.87440e-63,4.51274e-62,7.78537e-65,2.11002e-63,1.59628e-63,5.58626e-60,1.31342e-58,2.37473e-61,6.28641e-60,4.76009e-60,1.56767e-57,3.67671e-56,6.67996e-59,1.76343e-57,1.33668e-57
0.00000e+00,0.00000e+00,0.00000e+00,0.00000e+00,0.00000e+00,1.59628e-63,3.84357e-62,6.62958e-65,1.87440e-63,1.28165e-63,4.76009e-60,1.11934e-58,2.02325e-61,5.58626e-60,3.82561e-60,1.33668e-57,3.13553e-56,5.69476e-59,1.56767e-57,1.07563e-57
0.00000e+00,0.00000e+00,0.00000e+00,0.00000e+00,0.00000e+00,1.28165e-63,3.08630e-62,5.32240e-65,1.59628e-63,9.37441e-64,3.82561e-60,8.99727e-59,1.62584e-61,4.76009e-60,2.80340e-60,1.07563e-57,2.52362e-56,4.58188e-59,1.33668e-57,7.90861e-58
0.00000e+00,0.00000e+00,0.00000e+00,0.00000e+00,0.00000e+00,9.37441e-64,2.25761e-62,3.89271e-65,1.28165e-63,5.71423e-64,2.80340e-60,6.59411e-59,1.19126e-61,3.82561e-60,1.71652e-60,7.90861e-58,1.85580e-56,3.36834e-59,1.07563e-57,4.90107e-58
0.00000e+00,0.00000e+00,0.00000e+00,0.00000e+00,0.00000e+00,5.71423e-64,1.37622e-62,2.37271e-65,9.37441e-64,1.91988e-64,1.71652e-60,4.03818e-59,7.29306e-62,2.80340e-60,5.91056e-61,4.90107e-58,1.15025e-56,2.08711e-59,7.90861e-58,1.84975e-58
0.00000e+00,0.00000e+00,0.00000e+00,0.00000e+00,0.00000e+00,2.35856e-65,5.68355e-64,9.78711e-67,7.91939e-66,3.87225e-65,7.28830e-62,1.71549e-60,3.09505e-63,2.50833e-62,1.19054e-61,2.08623e-59,4.89916e-58,8.87898e-61,7.87126e-60,3.36701e-59
0.00000e+00,0.00000e+00,0.00000e+00,0.00000e+00,0.00000e+00,3.87225e-65,9.33008e-64,1.60702e-66,2.35856e-65,5.29824e-65,1.19054e-61,2.80184e-60,5.05646e-63,7.28830e-62,1.62496e-61,3.36701e-59,7.90573e-58,1.43319e-60,2.08623e-59,4.58023e-59
0.00000e+00,0.00000e+00,0.00000e+00,0.00000e+00,0.00000e+00,5.29824e-65,1.27641e-63,2.19913e-66,3.87225e-65,6.60411e-65,1.62496e-61,3.82369e-60,6.90231e-63,1.19054e-61,2.02228e-61,4.58023e-59,1.07528e-57,1.94987e-60,3.36701e-59,5.69294e-59
0.00000e+00,0.00000e+00,0.00000e+00,0.00000e+00,0.00000e+00,6.60411e-65,1.59076e-63,2.74157e-66,5.29824e-65,7.76074e-65,2.02228e-61,4.75799e-60,8.59110e-63,1.62496e-61,2.37376e-61,5.69294e-59,1.33629e-57,2.42393e-60,4.58023e-59,6.67815e-59
0.00000e+00,0.00000e+00,0.00000e+00,0.00000e+00,0.00000e+00,7.76074e-65,1.86906e-63,3.22221e-66,6.60411e-65,8.74285e-65,2.37376e-61,5.58417e-60,1.00855e-62,2.02228e-61,2.67182e-61,6.67815e-59,1.56728e-57,2.84383e-60,5.69294e-59,7.51366e-59
0.00000e+00,0.00000e+00,0.00000e+00,0.00000e+00,0.00000e+00,8.74285e-65,2.10527e-63,3.63052e-66,7.76074e-65,9.52948e-65,2.67182e-61,6.28451e-60,1.13533e-62,2.37376e-61,2.91020e-61,7.51366e-59,1.76308e-57,3.20008e-60,6.67815e-59,8.18164e-59
0.00000e+00,0.00000e+00,0.00000e+00,0.00000e+00,0.00000e+00,9.52948e-65,2.29436e-63,3.95771e-66,8.74285e-65,1.01042e-64,2.91020e-61,6.84440e-60,1.23675e-62,2.67182e-61,3.08400e-61,8.18164e-59,1.91955e-57,3.48502e-60,7.51366e-59,8.66845e-59
0.00000e+00,0.00000e+00,0.00000e+00,0.00000e+00,0.00000e+00,1.01042e-64,2.43244e-63,4.19685e-66,9.52948e-65,1.04551e-64,3.08400e-61,7.25248e-60,1.31072e-62,2.91020e-61,3.18973e-61,8.66845e-59,2.03354e-57,3.69275e-60,8.18164e-59,8.96446e-59
0.00000e+00,0.00000e+00,0.00000e+00,0.00000e+00,0.00000e+00,1.04551e-64,2.51671e-63,4.34297e-66,1.01042e-64,1.05750e-64,3.18973e-61,7.50067e-60,1.35573e-62,3.08400e-61,3.22530e-61,8.96446e-59,2.10283e-57,3.81910e-60,8.66845e-59,9.06394e-59
0.00000e+00,0.00000e+00,0.00000e+00,0.00000e+00,0.00000e+00,1.05750e-64,2.54546e-63,4.39303e-66,1.04551e-64,1.04615e-64,3.22530e-61,7.58413e-60,1.37088e-62,3.18973e-61,3.19000e-61,9.06394e-59,2.12610e-57,3.86157e-60,8.96446e-59,8.96497e-59
0.00000e+00,0.00000e+00,0.00000e+00,0.00000e+00,0.00000e+00,1.04615e-64,2.51810e-63,4.34596e-66,1.05750e-64,1.01167e-64,3.19000e-61,7.50125e-60,1.35585e-62,3.22530e-61,3.08451e-61,8.96497e-59,2.10293e-57,3.81933e-60,9.06394e-59,8.66943e-59
0.00000e+00,0.00000e+00,0.00000e+00,0.00000e+00,0.00000e+00,1.01167e-64,2.43515e-63,4.20265e-66,1.04615e-64,9.54729e-65,3.08451e-61,7.25359e-60,1.31096e-62,3.19000e-61,2.91092e-61,8.66943e-59,2.03375e-57,3.69321e-60,8.96497e-59,8.18301e-59
0.00000e+00,0.00000e+00,0.00000e+00,0.00000e+00,0.00000e+00,9.54729e-65,2.29822e-63,3.96595e-66,1.01167e-64,8.76482e-65,2.91092e-61,6.84596e-60,1.23709e-62,3.08451e-61,2.67270e-61,8.18301e-59,1.91984e-57,3.48566e-60,8.66943e-59,7.51532e-59
0.00000e+00,0.00000e+00,0.00000e+00,0.00000e+00,0.00000e+00,8.76482e-65,2.11002e-63,3.64069e-66,9.54729e-65,7.78537e-65,2.67270e-61,6.28641e-60,1.13573e-62,2.91092e-61,2.37473e-61,7.51532e-59,1.76343e-57,3.20085e-60,8.18301e-59,6.67996e-59
0.00000e+00,0.00000e+00,0.00000e+00,0.00000e+00,0.00000e+00,7.78537e-65,1.87440e-63,3.23361e-66,8.76482e-65,6.62958e-65,2.37473e-61,5.58626e-60,1.00900e-62,2.67270e-61,2.02325e-61,6.67996e-59,1.56767e-57,2.84467e-60,7.51532e-59,5.69476e-59
0.00000e+00,0.00000e+00,0.00000e+00,0.00000e+00,0.00000e+00,6.62958e-65,1.59628e-63,2.75334e-66,7.78537e-65,5.32240e-65,2.02325e-61,4.76009e-60,8.59559e-63,2.37473e-61,1.62584e-61,5.69476e-59,1.33668e-57,2.42477e-60,6.67996e-59,4.58188e-59
0.00000e+00,0.00000e+00,0.00000e+00,0.00000e+00,0.00000e+00,5.32240e-65,1.28165e-63,2.21029e-66,6.62958e-65,3.89271e-65,1.62584e-61,3.82561e-60,6.90642e-63,2.02325e-61,1.19126e-61,4.58188e-59,1.07563e-57,1.95064e-60,5.69476e-59,3.36834e-59
0.00000e+00,0.00000e+00,0.00000e+00,0.00000e+00,0.00000e+00,3.89271e-65,9.37441e-64,1.61647e-66,5.32240e-65,2.37271e-65,1.19126e-61,2.80340e-60,5.05978e-63,1.62584e-61,7.29306e-62,3.36834e-59,7.90861e-58,1.43381e-60,4.58188e-59,2.08711e-59
0.00000e+00,0.00000e+00,0.00000e+00,0.00000e+00,0.00000e+00,2.37271e-65,5.71423e-64,9.85246e-67,3.89271e-65,7.97174e-66,7.29306e-62,1.71652e-60,3.09725e-63,1.19126e-61,2.51013e-62,2.08711e-59,4.90107e-58,8.88309e-61,3.36834e-59,7.87484e-60
0.00000e+00,0.00000e+00,0.00000e+00,0.00000e+00,0.00000e+00,9.78711e-67,2.35856e-65,4.06104e-68,3.28597e-67,1.60702e-66,3.09505e-63,7.28830e-62,1.31377e-64,1.06472e-63,5.05646e-63,8.87898e-61,2.08623e-59,3.77691e-62,3.34908e-61,1.43319e-60
0.00000e+00,0.00000e+00,0.00000e+00,0.00000e+00,0.00000e+00,1.60702e-66,3.87225e-65,6.66891e-68,9.78711e-67,2.19913e-66,5.05646e-63,1.19054e-61,2.14661e-64,3.09505e-63,6.90231e-63,1.43319e-60,3.36701e-59,6.09722e-62,8.87898e-61,1.94987e-60
0.00000e+00,0.00000e+00,0.00000e+00,0.00000e+00,0.00000e+00,2.19913e-66,5.29824e-65,9.12728e-68,1.60702e-66,2.74157e-66,6.90231e-63,1.62496e-61,2.93055e-64,5.05646e-63,8.59110e-63,1.94987e-60,4.58023e-59,8.29635e-62,1.43319e-60,2.42393e-60
0.00000e+00,0.00000e+00,0.00000e+00,0.00000e+00,0.00000e+00,2.74157e-66,6.60411e-65,1.13803e-67,2.19913e-66,3.22221e-66,8.59110e-63,2.02228e-61,3.64798e-64,6.90231e-63,1.00855e-62,2.42393e-60,5.69294e-59,1.03147e-61,1.94987e-60,2.84383e-60
0.00000e+00,0.00000e+00,0.00000e+00,0.00000e+00,0.00000e+00,3.22221e-66,7.76074e-65,1.33775e-67,2.74157e-66,3.63052e-66,1.00855e-62,2.37376e-61,4.28303e-64,8.59110e-63,1.13533e-62,2.84383e-60,6.67815e-59,1.21032e-61,2.42393e-60,3.20008e-60
0.00000e+00,0.00000e+00,0.00000e+00,0.00000e+00,0.00000e+00,3.63052e-66,8.74285e-65,1.50748e-67,3.22221e-66,3.95771e-66,1.13533e-62,2.67182e-61,4.82193e-64,1.00855e-62,1.23675e-62,3.20008e-60,7.51366e-59,1.36212e-61,2.84383e-60,3.48502e-60
0.00000e+00,0.00000e+00,0.00000e+00,0.00000e+00,0.00000e+00,3.95771e-66,9.52948e-65,1.64355e-67,3.63052e-66,4.19685e-66,1.23675e-62,2.91020e-61,5.25318e-64,1.13533e-62,1.31072e-62,3.48502e-60,8.18164e-59,1.48357e-61,3.20008e-60,3.69275e-60
0.00000e+00,0.00000e+00,0.00000e+00,0.00000e+00,0.00000e+00,4.19685e-66,1.01042e-64,1.74305e-67,3.95771e-66,4.34297e-66,1.31072e-62,3.08400e-61,5.56779e-64,1.23675e-62,1.35573e-62,3.69275e-60,8.66845e-59,1.57214e-61,3.48502e-60,3.81910e-60
0.00000e+00,0.00000e+00,0.00000e+00,0.00000e+00,0.00000e+00,4.34297e-66,1.04551e-64,1.80389e-67,4.19685e-66,4.39303e-66,1.35573e-62,3.18973e-61,5.75927e-64,1.31072e-62,1.37088e-62,3.81910e-60,8.96446e-59,1.62602e-61,3.69275e-60,3.86157e-60
0.00000e+00,0.00000e+00,0.00000e+00,0.00000e+00,0.00000e+00,4.39303e-66,1.05750e-64,1.82478e-67,4.34297e-66,4.34596e-66,1.37088e-62,3.22530e-61,5.82373e-64,1.35573e-62,1.35585e-62,3.86157e-60,9.06394e-59,1.64414e-61,3.81910e-60,3.81933e-60
0.00000e+00,0.00000e+00,0.00000e+00,0.00000e+00,0.00000e+00,4.34596e-66,1.04615e-64,1.80527e-67,4.39303e-66,4.20265e-66,1.35585e-62,3.19000e-61,5.75984e-64,1.37088e-62,1.31096e-62,3.81933e-60,8.96497e-59,1.62613e-61,3.86157e-60,3.69321e-60
0.00000e+00,0.00000e+00,0.00000e+00,0.00000e+00,0.00000e+00,4.20265e-66,1.01167e-64,1.74574e-67,4.34596e-66,3.96595e-66,1.31096e-62,3.08451e-61,5.56889e-64,1.35585e-62,1.23709e-62,3.69321e-60,8.66943e-59,1.57235e-61,3.81933e-60,3.48566e-60
0.00000e+00,0.00000e+00,0.00000e+00,0.00000e+00,0.00000e+00,3.96595e-66,9.54729e-65,1.64737e-67,4.20265e-66,3.64069e-66,1.23709e-62,2.91092e-61,5.25473e-64,1.31096e-62,1.13573e-62,3.48566e-60,8.18301e-59,1.48386e-61,3.69321e-60,3.20085e-60
0.00000e+00,0.00000e+00,0.00000e+00,0.00000e+00,0.00000e+00,3.64069e-66,8.76482e-65,1.51219e-67,3.96595e-66,3.23361e-66,1.13573e-62,2.67270e-61,4.82380e-64,1.23709e-62,1.00900e-62,3.20085e-60,7.51532e-59,1.36247e-61,3.48566e-60,2.84467e-60
0.00000e+00,0.00000e+00,0.00000e+00,0.00000e+00,0.00000e+00,3.23361e-66,7.78537e-65,1.34302e-67,3.64069e-66,2.75334e-66,1.00900e-62,2.37473e-61,4.28509e-64,1.13573e-62,8.59559e-63,2.84467e-60,6.67996e-59,1.21071e-61,3.20085e-60,2.42477e-60
0.00000e+00,0.00000e+00,0.00000e+00,0.00000e+00,0.00000e+00,2.75334e-66,6.62958e-65,1.14348e-67,3.23361e-66,2.21029e-66,8.59559e-63,2.02325e-61,3.65005e-64,1.00900e-62,6.90642e-63,2.42477e-60,5.69476e-59,1.03186e-61,2.84467e-60,1.95064e-60
0.00000e+00,0.00000e+00,0.00000e+00,0.00000e+00,0.00000e+00,2.21029e-66,5.32240e-65,9.17894e-68,2.75334e-66,1.61647e-66,6.90642e-63,1.62584e-61,2.93244e-64,8.59559e-63,5.05978e-63,1.95064e-60,4.58188e-59,8.29990e-62,2.42477e-60,1.43381e-60
0.00000e+00,0.00000e+00,0.00000e+00,0.00000e+00,0.00000e+00,1.61647e-66,3.89271e-65,6.71260e-68,2.21029e-66,9.85246e-67,5.05978e-63,1.19126e-61,2.14814e-64,6.90642e-63,3.09725e-63,1.43381e-60,3.36834e-59,6.10008e-62,1.95064e-60,8.88309e-61
0.00000e+00,0.00000e+00,0.00000e+00,0.00000e+00,0.00000e+00,9.85246e-67,2.37271e-65,4.09123e-68,1.61647e-66,3.31014e-67,3.09725e-63,7.29306e-62,1.31478e-64,5.05978e-63,1.06555e-63,8.88309e-61,2.08711e-59,3.77881e-62,1.43381e-60,3.35074e-61
0.00000e+00,0.00000e+00,0.00000e+00,0.00000e+00,0.00000e+00,4.06104e-68,9.78711e-67,1.68477e-69,1.36336e-68,6.66891e-68,1.31377e-64,3.09505e-63,5.57343e-66,4.51756e-65,2.14661e-64,3.77691e-62,8.87898e-61,1.60496e-63,1.42424e-62,6.09722e-62
0.00000e+00,0.00000e+00,0.00000e+00,0.00000e+00,0.00000e+00,6.66891e-68,1.60702e-66,2.76708e-69,4.06104e-68,9.12728e-68,2.14661e-64,5.05646e-63,9.10799e-66,1.31377e-64,2.93055e-64,6.09722e-62,1.43319e-60,2.59128e-63,3.77691e-62,8.29635e-62
0.00000e+00,0.00000e+00,0.00000e+00,0.00000e+00,0.00000e+00,9.12728e-68,2.19913e-66,3.78764e-69,6.66891e-68,1.13803e-67,2.93055e-64,6.90231e-63,1.24356e-65,2.14661e-64,3.64798e-64,8.29635e-62,1.94987e-60,3.52629e-63,6.09722e-62,1.03147e-61
0.00000e+00,0.00000e+00,0.00000e+00,0.00000e+00,0.00000e+00,1.13803e-67,2.74157e-66,4.72327e-69,9.12728e-68,1.33775e-67,3.64798e-64,8.59110e-63,1.54815e-65,2.93055e-64,4.28303e-64,1.03147e-61,2.42393e-60,4.38470e-63,8.29635e-62,1.21032e-61
0.00000e+00,0.00000e+00,0.00000e+00,0.00000e+00,0.00000e+00,1.33775e-67,3.22221e-66,5.55297e-69,1.13803e-67,1.50748e-67,4.28303e-64,1.00855e-62,1.81785e-65,3.64798e-64,4.82193e-64,1.21032e-61,2.84383e-60,5.14559e-63,1.03147e-61,1.36212e-61
0.00000e+00,0.00000e+00,0.00000e+00,0.00000e+00,0.00000e+00,1.50748e-67,3.63052e-66,6.25840e-69,1.33775e-67,1.64355e-67,4.82193e-64,1.13533e-62,2.04677e-65,4.28303e-64,5.25318e-64,1.36212e-61,3.20008e-60,5.79161e-63,1.21032e-61,1.48357e-61
0.00000e+00,0.00000e+00,0.00000e+00,0.00000e+00,0.00000e+00,1.64355e-67,3.95771e-66,6.82417e-69,1.50748e-67,1.74305e-67,5.25318e-64,1.23675e-62,2.23002e-65,4.82193e-64,5.56779e-64,1.48357e-61,3.48502e-60,6.30867e-63,1.36212e-61,1.57214e-61
0.00000e+00,0.00000e+00,0.00000e+00,0.00000e+00,0.00000e+00,1.74305e-67,4.19685e-66,7.23810e-69,1.64355e-67,1.80389e-67,5.56779e-64,1.31072e-62,2.36373e-65,5.25318e-64,5.75927e-64,1.57214e-61,3.69275e-60,6.68584e-63,1.48357e-61,1.62602e-61
0.00000e+00,0.00000e+00,0.00000e+00,0.00000e+00,0.00000e+00,1.80389e-67,4.34297e-66,7.49137e-69,1.74305e-67,1.82478e-67,5.75927e-64,1.35573e-62,2.44513e-65,5.56779e-64,5.82373e-64,1.62602e-61,3.81910e-60,6.91535e-63,1.57214e-61,1.64414e-61
0.00000e+00,0.00000e+00,0.00000e+00,0.00000e+00,0.00000e+00,1.82478e-67,4.39303e-66,7.57858e-69,1.80389e-67,1.80527e-67,5.82373e-64,1.37088e-62,2.47254e-65,5.75927e-64,5.75984e-64,1.64414e-61,3.86157e-60,6.99255e-63,1.62602e-61,1.62613e-61
0.00000e+00,0.00000e+00,0.00000e+00,0.00000e+00,0.00000e+00,1.80527e-67,4.34596e-66,7.49780e-69,1.82478e-67,1.74574e-67,5.75984e-64,1.35585e-62,2.44540e-65,5.82373e-64,5.56889e-64,1.62613e-61,3.81933e-60,6.91586e-63,1.64414e-61,1.57235e-61
0.00000e+00,0.00000e+00,0.00000e+00,0.00000e+00,0.00000e+00,1.74574e-67,4.20265e-66,7.25057e-69,1.80527e-67,1.64737e-67,5.56889e-64,1.31096e-62,2.36424e-65,5.75984e-64,5.25473e-64,1.57235e-61,3.69321e-60,6.68681e-63,1.62613e-61,1.48386e-61
0.00000e+00,0.00000e+00,0.00000e+00,0.00000e+00,0.00000e+00,1.64737e-67,3.96595e-66,6.84190e-69,1.74574e-67,1.51219e-67,5.25473e-64,1.23709e-62,2.23073e-65,5.56889e-64,4.82380e-64,1.48386e-61,3.48566e-60,6.31003e-63,1.57235e-61,1.36247e-61
0.00000e+00,0.00000e+00,0.00000e+00,0.00000e+00,0.00000e+00,1.51219e-67,3.64069e-66,6.28025e-69,1.64737e-67,1.34302e-67,4.82380e-64,1.13573e-62,2.04764e-65,5.25473e-64,4.28509e-64,1.36247e-61,3.20085e-60,5.79327e-63,1.48386e-61,1.21071e-61
0.00000e+00,0.00000e+00,0.00000e+00,0.00000e+00,0.00000e+00,1.34302e-67,3.23361e-66,5.57743e-69,1.51219e-67,1.14348e-67,4.28509e-64,1.00900e-62,1.81880e-65,4.82380e-64,3.65005e-64,1.21071e-61,2.84467e-60,5.14740e-63,1.36247e-61,1.03186e-61
0.00000e+00,0.00000e+00,0.00000e+00,0.00000e+00,0.00000e+00,1.14348e-67,2.75334e-66,4.74851e-69,1.34302e-67,9.17894e-68,3.65005e-64,8.59559e-63,1.54911e-65,4.28509e-64,2.93244e-64,1.03186e-61,2.42477e-60,4.38650e-63,1.21071e-61,8.29990e-62
0.00000e+00,0.00000e+00,0.00000e+00,0.00000e+00,0.00000e+00,9.17894e-68,2.21029e-66,3.81154e-69,1.14348e-67,6.71260e-68,2.93244e-64,6.90642e-63,1.24443e-65,3.65005e-64,2.14814e-64,8.29990e-62,1.95064e-60,3.52793e-63,1.03186e-61,6.10008e-62
0.00000e+00,0.00000e+00,0.00000e+00,0.00000e+00,0.00000e+00,6.71260e-68,1.61647e-66,2.78727e-69,9.17894e-68,4.09123e-68,2.14814e-64,5.05978e-63,9.11509e-66,2.93244e-64,1.31478e-64,6.10008e-62,1.43381e-60,2.59260e-63,8.29990e-62,3.77881e-62
0.00000e+00,0.00000e+00,0.00000e+00,0.00000e+00,0.00000e+00,4.09123e-68,9.85246e-67,1.69871e-69,6.71260e-68,1.37452e-68,1.31478e-64,3.09725e-63,5.57812e-66,2.14814e-64,4.52138e-65,3.77881e-62,8.88309e-61,1.60584e-63,6.10008e-62,1.42501e-62
0.00000e+00,0.00000e+00,0.00000e+00,0.00000e+00,0.00000e+00,1.68477e-69,4.06104e-68,1.33884e-70,5.65386e-70,2.76708e-69,5.57343e-66,1.31377e-64,4.50115e-67,1.91515e-66,9.10799e-66,1.60496e-63,3.77691e-62,1.26974e-64,6.04967e-64,2.59128e-63
0.00000e+00,0.00000e+00,0.00000e+00,0.00000e+00,0.00000e+00,2.76708e-69,6.66891e-68,2.20073e-70,1.68477e-69,3.78764e-69,9.10799e-66,2.14661e-64,7.37576e-67,5.57343e-66,1.24356e-65,2.59128e-63,6.09722e-62,2.05899e-64,1.60496e-63,3.52629e-63
0.00000e+00,0.00000e+00,0.00000e+00,0.00000e+00,0.00000e+00,3.78764e-69,9.12728e-68,3.01318e-70,2.76708e-69,4.72327e-69,1.24356e-65,2.93055e-64,1.00810e-66,9.10799e-66,1.54815e-65,3.52629e-63,8.29635e-62,2.80588e-64,2.59128e-63,4.38470e-63
0.00000e+00,0.00000e+00,0.00000e+00,0.00000e+00,0.00000e+00,4.72327e-69,1.13803e-67,3.75813e-70,3.78764e-69,5.55297e-69,1.54815e-65,3.64798e-64,1.25574e-66,1.24356e-65,1.81785e-65,4.38470e-63,1.03147e-61,3.49087e-64,3.52629e-63,5.14559e-63
0.00000e+00,0.00000e+00,0.00000e+00,0.00000e+00,0.00000e+00,5.55297e-69,1.33775e-67,4.41893e-70,4.72327e-69,6.25840e-69,1.81785e-65,4.28303e-64,1.47505e-66,1.54815e-65,2.04677e-65,5.14559e-63,1.21032e-61,4.09777e-64,4.38470e-63,5.79161e-63
0.00000e+00,0.00000e+00,0.00000e+00,0.00000e+00,0.00000e+00,6.25840e-69,1.50748e-67,4.98095e-70,5.55297e-69,6.82417e-69,2.04677e-65,4.82193e-64,1.66125e-66,1.81785e-65,2.23002e-65,5.79161e-63,1.36212e-61,4.61299e-64,5.14559e-63,6.30867e-63
0.00000e+00,0.00000e+00,0.00000e+00,0.00000e+00,0.00000e+00,6.82417e-69,1.64355e-67,5.43188e-70,6.25840e-69,7.23810e-69,2.23002e-65,5.25318e-64,1.81033e-66,2.04677e-65,2.36373e-65,6.30867e-63,1.48357e-61,5.02537e-64,5.79161e-63,6.68584e-63
0.00000e+00,0.00000e+00,0.00000e+00,0.00000e+00,0.00000e+00,7.23810e-69,1.74305e-67,5.76196e-70,6.82417e-69,7.49137e-69,2.36373e-65,5.56779e-64,1.91913e-66,2.23002e-65,2.44513e-65,6.68584e-63,1.57214e-61,5.32623e-64,6.30867e-63,6.91535e-63
0.00000e+00,0.00000e+00,0.00000e+00,0.00000e+00,0.00000e+00,7.49137e-69,1.80389e-67,5.96407e-70,7.23810e-69,7.57858e-69,2.44513e-65,5.75927e-64,1.98538e-66,2.36373e-65,2.47254e-65,6.91535e-63,1.62602e-61,5.50933e-64,6.68584e-63,6.99255e-63
0.00000e+00,0.00000e+00,0.00000e+00,0.00000e+00,0.00000e+00,7.57858e-69,1.82478e-67,6.03387e-70,7.49137e-69,7.49780e-69,2.47254e-65,5.82373e-64,2.00769e-66,2.44513e-65,2.44540e-65,6.99255e-63,1.64414e-61,5.57093e-64,6.91535e-63,6.91586e-63
0.00000e+00,0.00000e+00,0.00000e+00,0.00000e+00,0.00000e+00,7.49780e-69,1.80527e-67,5.96977e-70,7.57858e-69,7.25057e-69,2.44540e-65,5.75984e-64,1.98561e-66,2.47254e-65,2.36424e-65,6.91586e-63,1.62613e-61,5.50977e-64,6.99255e-63,6.68681e-63
0.00000e+00,0.00000e+00,0.00000e+00,0.00000e+00,0.00000e+00,7.25057e-69,1.74574e-67,5.77300e-70,7.49780e-69,6.84190e-69,2.36424e-65,5.56889e-64,1.91958e-66,2.44540e-65,2.23073e-65,6.68681e-63,1.57235e-61,5.32707e-64,6.91586e-63,6.31003e-63
0.00000e+00,0.00000e+00,0.00000e+00,0.00000e+00,0.00000e+00,6.84190e-69,1.64737e-67,5.44757e-70,7.25057e-69,6.28025e-69,2.23073e-65,5.25473e-64,1.81095e-66,2.36424e-65,2.04764e-65,6.31003e-63,1.48386e-61,5.02655e-64,6.68681e-63,5.79327e-63
0.00000e+00,0.00000e+00,0.00000e+00,0.00000e+00,0.00000e+00,6.28025e-69,1.51219e-67,5.00027e-70,6.84190e-69,5.57743e-69,2.04764e-65,4.82380e-64,1.66200e-66,2.23073e-65,1.81880e-65,5.79327e-63,1.36247e-61,4.61441e-64,6.31003e-63,5.14740e-63
0.00000e+00,0.00000e+00,0.00000e+00,0.00000e+00,0.00000e+00,5.57743e-69,1.34302e-67,4.44054e-70,6.28025e-69,4.74851e-69,1.81880e-65,4.28509e-64,1.47588e-66,2.04764e-65,1.54911e-65,5.14740e-63,1.21071e-61,4.09932e-64,5.79327e-63,4.38650e-63
0.00000e+00,0.00000e+00,0.00000e+00,0.00000e+00,0.00000e+00,4.74851e-69,1.14348e-67,3.78042e-70,5.57743e-69,3.81154e-69,1.54911e-65,3.65005e-64,1.25658e-66,1.81880e-65,1.24443e-65,4.38650e-63,1.03186e-61,3.49242e-64,5.14740e-63,3.52793e-63
0.00000e+00,0.00000e+00,0.00000e+00,0.00000e+00,0.00000e+00,3.81154e-69,9.17894e-68,3.03427e-70,4.74851e-69,2.78727e-69,1.24443e-65,2.93244e-64,1.00887e-66,1.54911e-65,9.11509e-66,3.52793e-63,8.29990e-62,2.80729e-64,4.38650e-63,2.59260e-63
0.00000e+00,0.00000e+00,0.00000e+00,0.00000e+00,0.00000e+00,2.78727e-69,6.71260e-68,2.21853e-70,3.81154e-69,1.69871e-69,9.11509e-66,2.14814e-64,7.38195e-67,1.24443e-65,5.57812e-66,2.59260e-63,6.10008e-62,2.06012e-64,3.52793e-63,1.60584e-63
0.00000e+00,0.00000e+00,0.00000e+00,0.00000e+00,0.00000e+00,1.69871e-69,4.09123e-68,1.35111e-70,2.78727e-69,5.70533e-70,5.57812e-66,1.31478e-64,4.50523e-67,9.11509e-66,1.91692e-66,1.60584e-63,3.77881e-62,1.27049e-64,2.59260e-63,6.05321e-64
1.03844e-02,2.00569e-02,3.68685e-04,7.02367e-03,1.15629e-02,1.88656e-02,3.18286e-02,5.40466e-03,4.96505e-02,2.69619e-02,3.10875e-01,8.11650e-01,2.55220e-02,-1.33105e-01,1.21163e-01,-3.17971e+00,-1.63835e+01,1.45339e-01,2.68134e+00,3.32657e-01
1.15629e-02,2.22460e-02,4.56882e-04,1.03844e-02,1.19756e-02,2.69619e-02,4.51873e-02,6.42864e-03,1.88656e-02,3.28191e-02,1.21163e-01,2.83270e-01,2.09920e-02,3.10875e-01,5.79807e-02,3.32657e-01,6.44079e-02,1.10223e-01,-3.17971e+00,5.29860e-01
1.19756e-02,2.29997e-02,4.94853e-04,1.15629e-02,1.21200e-02,3.28191e-02,5.52426e-02,7.10110e-03,2.69619e-02,3.58916e-02,5.79807e-02,1.07157e-01,2.13152e-02,1.21163e-01,5.45175e-02,5.29860e-01,1.00280e+00,7.55602e-02,3.32657e-01,2.83947e-01
1.21200e-02,2.32594e-02,5.10474e-04,1.19756e-02,1.21705e-02,3.58916e-02,6.04168e-02,7.48105e-03,3.28191e-02,3.73125e-02,5.45175e-02,8.53046e-02,2.34729e-02,5.79807e-02,6.31260e-02,2.83947e-01,5.37697e-01,5.43173e-02,5.29860e-01,1.40223e-01
1.21705e-02,2.33490e-02,5.16707e-04,1.21200e-02,1.21882e-02,3.73125e-02,6.27381e-02,7.67520e-03,3.58916e-02,3.79262e-02,6.31260e-02,9.56922e-02,2.54859e-02,5.45175e-02,7.04111e-02,1.40223e-01,2.40947e-01,4.83162e-02,2.83947e-01,1.00543e-01
1.21882e-02,2.33799e-02,5.19140e-04,1.21705e-02,1.21944e-02,3.79262e-02,6.37082e-02,7.76776e-03,3.73125e-02,3.81800e-02,7.04111e-02,1.06296e-01,2.68424e-02,6.31260e-02,7.46578e-02,1.00543e-01,1.50780e-01,4.98810e-02,1.40223e-01,1.01881e-01
1.21944e-02,2.33906e-02,5.20073e-04,1.21882e-02,1.21966e-02,3.81800e-02,6.40963e-02,7.80967e-03,3.79262e-02,3.82813e-02,7.46578e-02,1.12516e-01,2.76196e-02,7.04111e-02,7.67661e-02,1.01881e-01,1.44561e-01,5.33537e-02,1.00543e-01,1.11201e-01
1.21966e-02,2.33942e-02,5.20424e-04,1.21944e-02,1.21973e-02,3.82813e-02,6.42463e-02,7.82781e-03,3.81800e-02,3.83192e-02,7.67661e-02,1.15536e-01,2.80180e-02,7.46578e-02,7.76779e-02,1.11201e-01,1.56000e-01,5.62618e-02,1.01881e-01,1.17990e-01
1.21973e-02,2.33955e-02,5.20550e-04,1.21966e-02,1.21975e-02,3.83192e-02,6.43009e-02,7.83506e-03,3.82813e-02,3.83288e-02,7.76779e-02,1.16809e-01,2.81976e-02,7.67661e-02,7.79274e-02,1.17990e-01,1.65072e-01,5.79791e-02,1.11201e-01,1.20281e-01
1.21975e-02,2.33958e-02,5.20581e-04,1.21973e-02,1.21973e-02,3.83288e-02,6.43145e-02,7.83698e-03,3.83192e-02,3.83192e-02,7.79274e-02,1.17151e-01,2.82481e-02,7.76779e-02,7.76780e-02,1.20281e-01,1.68155e-01,5.85302e-02,1.17990e-01,1.17998e-01
1.21973e-02,2.33955e-02,5.20550e-04,1.21975e-02,1.21966e-02,3.83192e-02,6.43009e-02,7.83506e-03,3.83288e-02,3.82813e-02,7.76780e-02,1.16809e-01,2.81976e-02,7.79274e-02,7.67664e-02,1.17998e-01,1.65090e-01,5.79804e-02,1.20281e-01,1.11228e-01
1.21966e-02,2.33942e-02,5.20424e-04,1.21973e-02,1.21944e-02,3.82813e-02,6.42463e-02,7.82781e-03,3.83192e-02,3.81800e-02,7.67664e-02,1.15537e-01,2.80180e-02,7.76780e-02,7.46589e-02,1.11228e-01,1.56066e-01,5.62659e-02,1.17998e-01,1.01966e-01
1.21944e-02,2.33906e-02,5.20073e-04,1.21966e-02,1.21882e-02,3.81800e-02,6.40963e-02,7.80967e-03,3.82813e-02,3.79262e-02,7.46589e-02,1.12519e-01,2.76197e-02,7.67664e-02,7.04148e-02,1.01966e-01,1.44786e-01,5.33655e-02,1.11228e-01,1.00798e-01
1.21882e-02,2.33799e-02,5.19140e-04,1.21944e-02,1.21705e-02,3.79262e-02,6.37082e-02,7.76776e-03,3.81800e-02,3.73125e-02,7.04148e-02,1.06308e-01,2.68429e-02,7.46589e-02,6.31393e-02,1.00798e-01,1.51518e-01,4.99139e-02,1.01966e-01,1.40955e-01
1.21705e-02,2.33490e-02,5.16707e-04,1.21882e-02,1.21200e-02,3.73125e-02,6.27381e-02,7.67520e-03,3.79262e-02,3.58916e-02,6.31393e-02,9.57374e-02,2.54872e-02,7.04148e-02,5.45645e-02,1.40955e-01,2.43237e-01,4.84047e-02,1.00798e-01,2.85809e-01
1.21200e-02,2.32594e-02,5.10474e-04,1.21705e-02,1.19756e-02,3.58916e-02,6.04168e-02,7.48105e-03,3.73125e-02,3.28191e-02,5.45645e-02,8.54839e-02,2.34770e-02,6.31393e-02,5.81462e-02,2.85809e-01,5.43604e-01,5.45447e-02,1.40955e-01,5.33860e-01
1.19756e-02,2.29997e-02,4.94853e-04,1.21200e-02,1.15629e-02,3.28191e-02,5.52426e-02,7.10110e-03,3.58916e-02,2.69619e-02,5.81462e-02,1.07869e-01,2.13275e-02,5.45645e-02,1.21737e-01,5.33860e-01,1.01508e+00,7.60987e-02,2.85809e-01,3.40484e-01
1.15629e-02,2.22460e-02,4.56882e-04,1.19756e-02,1.03844e-02,2.69619e-02,4.51873e-02,6.42864e-03,3.28191e-02,1.88656e-02,1.21737e-01,2.85905e-01,2.10282e-02,5.81462e-02,3.12754e-01,3.40484e-01,9.17877e-02,1.11318e-01,5.33860e-01,-3.17330e+00
1.03844e-02,2.00569e-02,3.68685e-04,1.15629e-02,7.02367e-03,1.88656e-02,3.18286e-02,5.40466e-03,2.69619e-02,4.96505e-02,3.12754e-01,8.20614e-01,2.56173e-02,1.21737e-01,-1.29620e-01,-3.17330e+00,-1.63772e+01,1.47337e-01,3.40484e-01,2.67325e+00
3.68685e-04,1.03844e-02,1.31859e-05,1.78398e-04,4.56882e-04,5.40466e-03,1.88656e-02,1.24222e-03,5.30292e-03,6.42864e-03,2.55220e-02,3.10875e-01,5.07032e-03,3.22760e-02,2.09920e-02,1.45339e-01,-3.17971e+00,8.06552e-02,-1.36241e-01,1.10223e-01
4.56882e-04,1.15629e-02,1.76515e-05,3.68685e-04,4.94853e-04,6.42864e-03,2.69619e-02,1.53194e-03,5.40466e-03,7.10110e-03,2.09920e-02,1.21163e-01,6.11078e-03,2.55220e-02,2.13152e-02,1.10223e-01,3.32657e-01,4.22345e-02,1.45339e-01,7.55602e-02
4.94853e-04,1.19756e-02,1.99407e-05,4.56882e-04,5.10474e-04,7.10110e-03,3.28191e-02,1.67204e-03,6.42864e-03,7.48105e-03,2.13152e-02,5.79807e-02,7.88996e-03,2.09920e-02,2.34729e-02,7.55602e-02,5.29860e-01,2.24561e-02,1.10223e-01,5.43173e-02
5.10474e-04,1.21200e-02,2.10280e-05,4.94853e-04,5.16707e-04,7.48105e-03,3.58916e-02,1.73827e-03,7.10110e-03,7.67520e-03,2.34729e-02,5.45175e-02,9.16101e-03,2.13152e-02,2.54859e-02,5.43173e-02,2.83947e-01,1.87196e-02,7.55602e-02,4.83162e-02
5.16707e-04,1.21705e-02,2.15179e-05,5.10474e-04,5.19140e-04,7.67520e-03,3.73125e-02,1.76900e-03,7.48105e-03,7.76776e-03,2.54859e-02,6.31260e-02,9.89076e-03,2.34729e-02,2.68424e-02,4.83162e-02,1.40223e-01,2.07450e-02,5.43173e-02,4.98810e-02
5.19140e-04,1.21882e-02,2.17304e-05,5.16707e-04,5.20073e-04,7.76776e-03,3.79262e-02,1.78298e-03,7.67520e-03,7.80967e-03,2.68424e-02,7.04111e-02,1.02698e-02,2.54859e-02,2.76196e-02,4.98810e-02,1.00543e-01,2.34533e-02,4.83162e-02,5.33537e-02
5.20073e-04,1.21944e-02,2.18197e-05,5.19140e-04,5.20424e-04,7.80967e-03,3.81800e-02,1.78922e-03,7.76776e-03,7.82781e-03,2.76196e-02,7.46578e-02,1.04551e-02,2.68424e-02,2.80180e-02,5.33537e-02,1.01881e-01,2.54145e-02,4.98810e-02,5.62618e-02
5.20424e-04,1.21966e-02,2.18562e-05,5.20073e-04,5.20550e-04,7.82781e-03,3.82813e-02,1.79192e-03,7.80967e-03,7.83506e-03,2.80180e-02,7.67661e-02,1.05412e-02,2.76196e-02,2.81976e-02,5.62618e-02,1.11201e-01,2.65600e-02,5.33537e-02,5.79791e-02
5.20550e-04,1.21973e-02,2.18702e-05,5.20424e-04,5.20581e-04,7.83506e-03,3.83192e-02,1.79302e-03,7.82781e-03,7.83698e-03,2.81976e-02,7.76779e-02,1.05779e-02,2.80180e-02,2.82481e-02,5.79791e-02,1.17990e-01,2.71218e-02,5.62618e-02,5.85302e-02
5.20581e-04,1.21975e-02,2.18738e-05,5.20550e-04,5.20550e-04,7.83698e-03,3.83288e-02,1.79331e-03,7.83506e-03,7.83506e-03,2.82481e-02,7.79274e-02,1.05880e-02,2.81976e-02,2.81976e-02,5.85302e-02,1.20281e-01,2.72873e-02,5.79791e-02,5.79804e-02
5.20550e-04,1.21973e-02,2.18702e-05,5.20581e-04,5.20424e-04,7.83506e-03,3.83192e-02,1.79302e-03,7.83698e-03,7.82781e-03,2.81976e-02,7.76780e-02,1.05779e-02,2.82481e-02,2.80180e-02,5.79804e-02,1.17998e-01,2.71219e-02,5.85302e-02,5.62659e-02
5.20424e-04,1.21966e-02,2.18562e-05,5.20550e-04,5.20073e-04,7.82781e-03,3.82813e-02,1.79192e-03,7.83506e-03,7.80967e-03,2.80180e-02,7.67664e-02,1.05412e-02,2.81976e-02,2.76197e-02,5.62659e-02,1.11228e-01,2.65605e-02,5.79804e-02,5.33655e-02
5.20073e-04,1.21944e-02,2.18197e-05,5.20424e-04,5.19140e-04,7.80967e-03,3.81800e-02,1.78922e-03,7.82781e-03,7.76776e-03,2.76197e-02,7.46589e-02,1.04551e-02,2.80180e-02,2.68429e-02,5.33655e-02,1.01966e-01,2.54156e-02,5.62659e-02,4.99139e-02
5.19140e-04,1.21882e-02,2.17304e-05,5.20073e-04,5.16707e-04,7.76776e-03,3.79262e-02,1.78298e-03,7.80967e-03,7.67520e-03,2.68429e-02,7.04148e-02,1.02698e-02,2.76197e-02,2.54872e-02,4.99139e-02,1.00798e-01,2.34565e-02,5.33655e-02,4.84047e-02
5.16707e-04,1.21705e-02,2.15179e-05,5.19140e-04,5.10474e-04,7.67520e-03,3.73125e-02,1.76900e-03,7.76776e-03,7.48105e-03,2.54872e-02,6.31393e-02,9.89084e-03,2.68429e-02,2.34770e-02,4.84047e-02,1.40955e-01,2.07537e-02,4.99139e-02,5.45447e-02
5.10474e-04,1.21200e-02,2.10280e-05,5.16707e-04,4.94853e-04,7.48105e-03,3.58916e-02,1.73827e-03,7.67520e-03,7.10110e-03,2.34770e-02,5.45645e-02,9.16122e-03,2.54872e-02,2.13275e-02,5.45447e-02,2.85809e-01,1.87424e-02,4.84047e-02,7.60987e-02
4.94853e-04,1.19756e-02,1.99407e-05,5.10474e-04,4.56882e-04,7.10110e-03,3.28191e-02,1.67204e-03,7.48105e-03,6.42864e-03,2.13275e-02,5.81462e-02,7.89048e-03,2.34770e-02,2.10282e-02,7.60987e-02,5.33860e-01,2.25134e-02,5.45447e-02,1.11318e-01
4.56882e-04,1.15629e-02,1.76515e-05,4.94853e-04,3.68685e-04,6.42864e-03,2.69619e-02,1.53194e-03,7.10110e-03,5.40466e-03,2.10282e-02,1.21737e-01,6.11209e-03,2.13275e-02,2.56173e-02,1.11318e-01,3.40484e-01,4.23666e-02,7.60987e-02,1.47337e-01
3.68685e-04,1.03844e-02,1.31859e-05,4.56882e-04,1.78398e-04,5.40466e-03,1.88656e-02,1.24222e-03,6.42864e-03,5.30292e-03,2.56173e-02,3.12754e-01,5.07296e-03,2.10282e-02,3.25437e-02,1.47337e-01,-3.17330e+00,8.09039e-02,1.11318e-01,-1.36019e-01
1.31859e-05,3.68685e-04,4.84379e-07,5.39171e-06,1.76515e-05,1.24222e-03,5.40466e-03,8.27055e-05,6.90316e-04,1.53194e-03,5.07032e-03,2.55220e-02,1.28619e-03,1.16485e-02,6.11078e-03,8.06552e-02,1.45339e-01,7.77846e-03,-3.63102e-02,4.22345e-02
1.76515e-05,4.56882e-04,6.85286e-07,1.31859e-05,1.99407e-05,1.53194e-03,6.42864e-03,1.10039e-04,1.24222e-03,1.67204e-03,6.11078e-03,2.09920e-02,1.53815e-03,5.07032e-03,7.88996e-03,4.22345e-02,1.10223e-01,6.62612e-03,8.06552e-02,2.24561e-02
1.99407e-05,4.94853e-04,8.02621e-07,1.76515e-05,2.10280e-05,1.67204e-03,7.10110e-03,1.24680e-04,1.53194e-03,1.73827e-03,7.88996e-03,2.13152e-02,1.78013e-03,6.11078e-03,9.16101e-03,2.24561e-02,7.55602e-02,6.32724e-03,4.22345e-02,1.87196e-02
2.10280e-05,5.10474e-04,8.65276e-07,1.99407e-05,2.15179e-05,1.73827e-03,7.48105e-03,1.32057e-04,1.67204e-03,1.76900e-03,9.16101e-03,2.34729e-02,1.94871e-03,7.88996e-03,9.89076e-03,1.87196e-02,5.43173e-02,6.76097e-03,2.24561e-02,2.07450e-02
2.15179e-05,5.16707e-04,8.96631e-07,2.10280e-05,2.17304e-05,1.76900e-03,7.67520e-03,1.35624e-04,1.73827e-03,1.78298e-03,9.89076e-03,2.54859e-02,2.04873e-03,9.16101e-03,1.02698e-02,2.07450e-02,4.83162e-02,7.39589e-03,1.87196e-02,2.34533e-02
2.17304e-05,5.19140e-04,9.11566e-07,2.15179e-05,2.18197e-05,1.78298e-03,7.76776e-03,1.37297e-04,1.76900e-03,1.78922e-03,1.02698e-02,2.68424e-02,2.10260e-03,9.89076e-03,1.04551e-02,2.34533e-02,4.98810e-02,7.92673e-03,2.07450e-02,2.54145e-02
2.18197e-05,5.20073e-04,9.18401e-07,2.17304e-05,2.18562e-05,1.78922e-03,7.80967e-03,1.38062e-04,1.78298e-03,1.79192e-03,1.04551e-02,2.76196e-02,2.12974e-03,1.02698e-02,1.05412e-02,2.54145e-02,5.33537e-02,8.27941e-03,2.34533e-02,2.65600e-02
2.18562e-05,5.20424e-04,9.21409e-07,2.18197e-05,2.18702e-05,1.79192e-03,7.82781e-03,1.38402e-04,1.78922e-03,1.79302e-03,1.05412e-02,2.80180e-02,2.14266e-03,1.04551e-02,1.05779e-02,2.65600e-02,5.62618e-02,8.48200e-03,2.54145e-02,2.71218e-02
2.18702e-05,5.20550e-04,9.22633e-07,2.18562e-05,2.18738e-05,1.79302e-03,7.83506e-03,1.38542e-04,1.79192e-03,1.79331e-03,1.05779e-02,2.81976e-02,2.14825e-03,1.05412e-02,1.05880e-02,2.71218e-02,5.79791e-02,8.58143e-03,2.65600e-02,2.72873e-02
2.18738e-05,5.20581e-04,9.22960e-07,2.18702e-05,2.18702e-05,1.79331e-03,7.83698e-03,1.38580e-04,1.79302e-03,1.79302e-03,1.05880e-02,2.82481e-02,2.14980e-03,1.05779e-02,1.05779e-02,2.72873e-02,5.85302e-02,8.61079e-03,2.71218e-02,2.71219e-02
2.18702e-05,5.20550e-04,9.22633e-07,2.18738e-05,2.18562e-05,1.79302e-03,7.83506e-03,1.38542e-04,1.79331e-03,1.79192e-03,1.05779e-02,2.81976e-02,2.14825e-03,1.05880e-02,1.05412e-02,2.71219e-02,5.79804e-02,8.58144e-03,2.72873e-02,2.65605e-02
2.18562e-05,5.20424e-04,9.21409e-07,2.18702e-05,2.18197e-05,1.79192e-03,7.82781e-03,1.38402e-04,1.79302e-03,1.78922e-03,1.05412e-02,2.80180e-02,2.14266e-03,1.05779e-02,1.04551e-02,2.65605e-02,5.62659e-02,8.48204e-03,2.71219e-02,2.54156e-02
2.18197e-05,5.20073e-04,9.18401e-07,2.18562e-05,2.17304e-05,1.78922e-03,7.80967e-03,1.38062e-04,1.79192e-03,1.78298e-03,1.04551e-02,2.76197e-02,2.12974e-03,1.05412e-02,1.02698e-02,2.54156e-02,5.33655e-02,8.27951e-03,2.65605e-02,2.34565e-02
2.17304e-05,5.19140e-04,9.11566e-07,2.18197e-05,2.15179e-05,1.78298e-03,7.76776e-03,1.37297e-04,1.78922e-03,1.76900e-03,1.02698e-02,2.68429e-02,2.10260e-03,1.04551e-02,9.89084e-03,2.34565e-02,4.99139e-02,7.92700e-03,2.54156e-02,2.07537e-02
2.15179e-05,5.16707e-04,8.96631e-07,2.17304e-05,2.10280e-05,1.76900e-03,7.67520e-03,1.35624e-04,1.78298e-03,1.73827e-03,9.89084e-03,2.54872e-02,2.04874e-03,1.02698e-02,9.16122e-03,2.07537e-02,4.84047e-02,7.39659e-03,2.34565e-02,1.87424e-02
2.10280e-05,5.10474e-04,8.65276e-07,2.15179e-05,1.99407e-05,1.73827e-03,7.48105e-03,1.32057e-04,1.76900e-03,1.67204e-03,9.16122e-03,2.34770e-02,1.94872e-03,9.89084e-03,7.89048e-03,1.87424e-02,5.45447e-02,6.76274e-03,2.07537e-02,2.25134e-02
1.99407e-05,4.94853e-04,8.02621e-07,2.10280e-05,1.76515e-05,1.67204e-03,7.10110e-03,1.24680e-04,1.73827e-03,1.53194e-03,7.89048e-03,2.13275e-02,1.78015e-03,9.16122e-03,6.11209e-03,2.25134e-02,7.60987e-02,6.33147e-03,1.87424e-02,4.23666e-02
1.76515e-05,4.56882e-04,6.85286e-07,1.99407e-05,1.31859e-05,1.53194e-03,6.42864e-03,1.10039e-04,1.67204e-03,1.24222e-03,6.11209e-03,2.10282e-02,1.53818e-03,7.89048e-03,5.07296e-03,4.23666e-02,1.11318e-01,6.63540e-03,2.25134e-02,8.09039e-02
1.31859e-05,3.68685e-04,4.84379e-07,1.76515e-05,5.39171e-06,1.24222e-03,5.40466e-03,8.27055e-05,1.53194e-03,6.90316e-04,5.07296e-03,2.56173e-02,1.28625e-03,6.11209e-03,1.16524e-02,8.09039e-02,1.47337e-01,7.79570e-03,4.23666e-02,-3.60133e-02
4.84379e-07,1.31859e-05,1.82284e-08,1.82477e-07,6.85286e-07,8.27055e-05,1.24222e-03,4.44493e-06,3.77595e-05,1.10039e-04,1.28619e-03,5.07032e-03,2.32752e-04,1.30195e-03,1.53815e-03,7.77846e-03,8.06552e-02,1.19686e-03,6.72485e-03,6.62612e-03
6.85286e-07,1.76515e-05,2.67609e-08,4.84379e-07,8.02621e-07,1.10039e-04,1.53194e-03,6.23290e-06,8.27055e-05,1.24680e-04,1.53815e-03,6.11078e-03,2.98591e-04,1.28619e-03,1.78013e-03,6.62612e-03,4.22345e-02,1.33772e-03,7.77846e-03,6.32724e-03
8.02621e-07,1.99407e-05,3.22600e-08,6.85286e-07,8.65276e-07,1.24680e-04,1.67204e-03,7.30322e-06,1.10039e-04,1.32057e-04,1.78013e-03,7.88996e-03,3.38794e-04,1.53815e-03,1.94871e-03,6.32724e-03,2.24561e-02,1.64011e-03,6.62612e-03,6.76097e-03
8.65276e-07,2.10280e-05,3.54860e-08,8.02621e-07,8.96631e-07,1.32057e-04,1.73827e-03,7.89377e-06,1.24680e-04,1.35624e-04,1.94871e-03,9.16101e-03,3.61924e-04,1.78013e-03,2.04873e-03,6.76097e-03,1.87196e-02,1.90579e-03,6.32724e-03,7.39589e-03
8.96631e-07,2.15179e-05,3.72485e-08,8.65276e-07,9.11566e-07,1.35624e-04,1.76900e-03,8.20134e-06,1.32057e-04,1.37297e-04,2.04873e-03,9.89076e-03,3.74562e-04,1.94871e-03,2.10260e-03,7.39589e-03,2.07450e-02,2.08985e-03,6.76097e-03,7.92673e-03
9.11566e-07,2.17304e-05,3.81591e-08,8.96631e-07,9.18401e-07,1.37297e-04,1.78298e-03,8.35477e-06,1.35624e-04,1.38062e-04,2.10260e-03,1.02698e-02,3.81163e-04,2.04873e-03,2.12974e-03,7.92673e-03,2.34533e-02,2.20282e-03,7.39589e-03,8.27941e-03
9.18401e-07,2.18197e-05,3.86082e-08,9.11566e-07,9.21409e-07,1.38062e-04,1.78922e-03,8.42864e-06,1.37297e-04,1.38402e-04,2.12974e-03,1.04551e-02,3.84473e-04,2.10260e-03,2.14266e-03,8.27941e-03,2.54145e-02,2.26675e-03,7.92673e-03,8.48200e-03
9.21409e-07,2.18562e-05,3.88194e-08,9.18401e-07,9.22633e-07,1.38402e-04,1.79192e-03,8.46288e-06,1.38062e-04,1.38542e-04,2.14266e-03,1.05412e-02,3.86060e-04,2.12974e-03,2.14825e-03,8.48200e-03,2.65600e-02,2.30041e-03,8.27941e-03,8.58143e-03
9.22633e-07,2.18702e-05,3.89103e-08,9.21409e-07,9.22960e-07,1.38542e-04,1.79302e-03,8.47751e-06,1.38402e-04,1.38580e-04,2.14825e-03,1.05779e-02,3.86755e-04,2.14266e-03,2.14980e-03,8.58143e-03,2.71218e-02,2.31618e-03,8.48200e-03,8.61079e-03
9.22960e-07,2.18738e-05,3.89354e-08,9.22633e-07,9.22633e-07,1.38580e-04,1.79331e-03,8.48153e-06,1.38542e-04,1.38542e-04,2.14980e-03,1.05880e-02,3.86948e-04,2.14825e-03,2.14825e-03,8.61079e-03,2.72873e-02,2.32075e-03,8.58143e-03,8.58144e-03
9.22633e-07,2.18702e-05,3.89103e-08,9.22960e-07,9.21409e-07,1.38542e-04,1.79302e-03,8.47751e-06,1.38580e-04,1.38402e-04,2.14825e-03,1.05779e-02,3.86755e-04,2.14980e-03,2.14266e-03,8.58144e-03,2.71219e-02,2.31618e-03,8.61079e-03,8.48204e-03
9.21409e-07,2.18562e-05,3.88195e-08,9.22633e-07,9.18401e-07,1.38402e-04,1.79192e-03,8.46288e-06,1.38542e-04,1.38062e-04,2.14266e-03,1.05412e-02,3.86060e-04,2.14825e-03,2.12974e-03,8.48204e-03,2.65605e-02,2.30041e-03,8.58144e-03,8.27951e-03
9.18401e-07,2.18197e-05,3.86082e-08,9.21409e-07,9.11566e-07,1.38062e-04,1.78922e-03,8.42864e-06,1.38402e-04,1.37297e-04,2.12974e-03,1.04551e-02,3.84473e-04,2.14266e-03,2.10260e-03,8.27951e-03,2.54156e-02,2.26676e-03,8.48204e-03,7.92700e-03
9.11566e-07,2.17304e-05,3.81591e-08,9.18401e-07,8.96631e-07,1.37297e-04,1.78298e-03,8.35477e-06,1.38062e-04,1.35624e-04,2.10260e-03,1.02698e-02,3.81163e-04,2.12974e-03,2.04874e-03,7.92700e-03,2.34565e-02,2.20284e-03,8.27951e-03,7.39659e-03
8.96631e-07,2.15179e-05,3.72485e-08,9.11566e-07,8.65276e-07,1.35624e-04,1.76900e-03,8.20134e-06,1.37297e-04,1.32057e-04,2.04874e-03,9.89084e-03,3.74562e-04,2.10260e-03,1.94872e-03,7.39659e-03,2.07537e-02,2.08990e-03,7.92700e-03,6.76274e-03
8.65276e-07,2.10280e-05,3.54861e-08,8.96631e-07,8.02621e-07,1.32057e-04,1.73827e-03,7.89377e-06,1.35624e-04,1.24680e-04,1.94872e-03,9.16122e-03,3.61924e-04,2.04874e-03,1.78015e-03,6.76274e-03,1.87424e-02,1.90589e-03,7.39659e-03,6.33147e-03
8.02621e-07,1.99407e-05,3.22601e-08,8.65276e-07,6.85286e-07,1.24680e-04,1.67204e-03,7.30322e-06,1.32057e-04,1.10039e-04,1.78015e-03,7.89048e-03,3.38794e-04,1.94872e-03,1.53818e-03,6.33147e-03,2.25134e-02,1.64032e-03,6.76274e-03,6.63540e-03
6.85286e-07,1.76515e-05,2.67609e-08,8.02621e-07,4.84379e-07,1.10039e-04,1.53194e-03,6.23290e-06,1.24680e-04,8.27055e-05,1.53818e-03,6.11209e-03,2.98592e-04,1.78015e-03,1.28625e-03,6.63540e-03,4.23666e-02,1.33812e-03,6.33147e-03,7.79570e-03
4.84379e-07,1.31859e-05,1.82285e-08,6.85286e-07,1.82477e-07,8.27055e-05,1.24222e-03,4.44493e-06,1.10039e-04,3.77595e-05,1.28625e-03,5.07296e-03,2.32753e-04,1.53818e-03,1.30200e-03,7.79570e-03,8.09039e-02,1.19750e-03,6.63540e-03,6.74961e-03
1.82284e-08,4.84379e-07,6.99131e-10,6.59319e-09,2.67609e-08,4.44493e-06,8.27055e-05,2.20233e-07,1.84395e-06,6.23290e-06,2.32752e-04,1.28619e-03,1.92307e-05,1.37344e-04,2.98591e-04,1.19686e-03,7.77846e-03,2.30092e-04,2.12427e-03,1.33772e-03
2.67609e-08,6.85286e-07,1.05241e-09,1.82284e-08,3.22600e-08,6.23290e-06,1.10039e-04,3.20190e-07,4.44493e-06,7.30322e-06,2.98591e-04,1.53815e-03,2.61447e-05,2.32752e-04,3.38794e-04,1.33772e-03,6.62612e-03,2.79089e-04,1.19686e-03,1.64011e-03
3.22600e-08,8.02621e-07,1.29754e-09,2.67609e-08,3.54860e-08,7.30322e-06,1.24680e-04,3.85618e-07,6.23290e-06,7.89377e-06,3.38794e-04,1.78013e-03,3.04131e-05,2.98591e-04,3.61924e-04,1.64011e-03,6.32724e-03,3.29455e-04,1.33772e-03,1.90579e-03
3.54860e-08,8.65276e-07,1.45255e-09,3.22600e-08,3.72485e-08,7.89377e-06,1.32057e-04,4.24805e-07,7.30322e-06,8.20134e-06,3.61924e-04,1.94871e-03,3.28637e-05,3.38794e-04,3.74562e-04,1.90579e-03,6.76097e-03,3.68706e-04,1.64011e-03,2.08985e-03
3.72485e-08,8.96631e-07,1.54365e-09,3.54860e-08,3.81591e-08,8.20134e-06,1.35624e-04,4.46770e-07,7.89377e-06,8.35477e-06,3.74562e-04,2.04873e-03,3.41998e-05,3.61924e-04,3.81163e-04,2.08985e-03,7.39589e-03,3.94800e-04,1.90579e-03,2.20282e-03
3.81591e-08,9.11566e-07,1.59410e-09,3.72485e-08,3.86082e-08,8.35477e-06,1.37297e-04,4.58463e-07,8.20134e-06,8.42864e-06,3.81163e-04,2.10260e-03,3.48992e-05,3.74562e-04,3.84473e-04,2.20282e-03,7.92673e-03,4.10459e-04,2.08985e-03,2.26675e-03
3.86082e-08,9.18401e-07,1.62066e-09,3.81591e-08,3.88194e-08,8.42864e-06,1.38062e-04,4.64425e-07,8.35477e-06,8.46288e-06,3.84473e-04,2.12974e-03,3.52524e-05,3.81163e-04,3.86060e-04,2.26675e-03,8.27941e-03,4.19186e-04,2.20282e-03,2.30041e-03
3.88194e-08,9.21409e-07,1.63391e-09,3.86082e-08,3.89103e-08,8.46288e-06,1.38402e-04,4.67328e-07,8.42864e-06,8.47751e-06,3.86060e-04,2.14266e-03,3.54236e-05,3.84473e-04,3.86755e-04,2.30041e-03,8.48200e-03,4.23732e-04,2.26675e-03,2.31618e-03
3.89103e-08,9.22633e-07,1.63989e-09,3.88194e-08,3.89354e-08,8.47751e-06,1.38542e-04,4.68616e-07,8.46288e-06,8.48153e-06,3.86755e-04,2.14825e-03,3.54995e-05,3.86060e-04,3.86948e-04,2.31618e-03,8.58143e-03,4.25849e-04,2.30041e-03,2.32075e-03
3.89354e-08,9.22960e-07,1.64159e-09,3.89103e-08,3.89103e-08,8.48153e-06,1.38580e-04,4.68979e-07,8.47751e-06,8.47751e-06,3.86948e-04,2.14980e-03,3.55208e-05,3.86755e-04,3.86755e-04,2.32075e-03,8.61079e-03,4.26460e-04,2.31618e-03,2.31618e-03
3.89103e-08,9.22633e-07,1.63990e-09,3.89354e-08,3.88195e-08,8.47751e-06,1.38542e-04,4.68616e-07,8.48153e-06,8.46288e-06,3.86755e-04,2.14825e-03,3.54995e-05,3.86948e-04,3.86060e-04,2.31618e-03,8.58144e-03,4.25849e-04,2.32075e-03,2.30041e-03
3.88195e-08,9.21409e-07,1.63392e-09,3.89103e-08,3.86082e-08,8.46288e-06,1.38402e-04,4.67328e-07,8.47751e-06,8.42864e-06,3.86060e-04,2.14266e-03,3.54236e-05,3.86755e-04,3.84473e-04,2.30041e-03,8.48204e-03,4.23732e-04,2.31618e-03,2.26676e-03
3.86082e-08,9.18401e-07,1.62067e-09,3.88195e-08,3.81591e-08,8.42864e-06,1.38062e-04,4.64425e-07,8.46288e-06,8.35477e-06,3.84473e-04,2.12974e-03,3.52524e-05,3.86060e-04,3.81163e-04,2.26676e-03,8.27951e-03,4.19186e-04,2.30041e-03,2.20284e-03
3.81591e-08,9.11566e-07,1.59411e-09,3.86082e-08,3.72485e-08,8.35477e-06,1.37297e-04,4.58463e-07,8.42864e-06,8.20134e-06,3.81163e-04,2.10260e-03,3.48992e-05,3.84473e-04,3.74562e-04,2.20284e-03,7.92700e-03,4.10460e-04,2.26676e-03,2.08990e-03
3.72485e-08,8.96631e-07,1.54365e-09,3.81591e-08,3.54861e-08,8.20134e-06,1.35624e-04,4.46770e-07,8.35477e-06,7.89377e-06,3.74562e-04,2.04874e-03,3.41998e-05,3.81163e-04,3.61924e-04,2.08990e-03,7.39659e-03,3.94802e-04,2.20284e-03,1.90589e-03
3.54861e-08,8.65276e-07,1.45255e-09,3.72485e-08,3.22601e-08,7.89377e-06,1.32057e-04,4.24805e-07,8.20134e-06,7.30322e-06,3.61924e-04,1.94872e-03,3.28638e-05,3.74562e-04,3.38794e-04,1.90589e-03,6.76274e-03,3.68710e-04,2.08990e-03,1.64032e-03
3.22601e-08,8.02621e-07,1.29755e-09,3.54861e-08,2.67609e-08,7.30322e-06,1.24680e-04,3.85618e-07,7.89377e-06,6.23290e-06,3.38794e-04,1.78015e-03,3.04131e-05,3.61924e-04,2.98592e-04,1.64032e-03,6.33147e-03,3.29464e-04,1.90589e-03,1.33812e-03
2.67609e-08,6.85286e-07,1.05242e-09,3.22601e-08,1.82285e-08,6.23290e-06,1.10039e-04,3.20190e-07,7.30322e-06,4.44493e-06,2.98592e-04,1.53818e-03,2.61447e-05,3.38794e-04,2.32753e-04,1.33812e-03,6.63540e-03,2.79103e-04,1.64032e-03,1.19750e-03
1.82285e-08,4.84379e-07,6.99139e-10,2.67609e-08,6.59322e-09,4.44493e-06,8.27055e-05,2.20233e-07,6.23290e-06,1.84395e-06,2.32753e-04,1.28625e-03,1.92307e-05,2.98592e-04,1.37344e-04,1.19750e-03,7.79570e-03,2.30111e-04,1.33812e-03,2.12486e-03
6.99131e-10,1.82284e-08,2.72045e-11,2.47438e-10,1.05241e-09,2.20233e-07,4.44493e-06,1.04775e-08,8.68491e-08,3.20190e-07,1.92307e-05,2.32752e-04,1.22211e-06,9.46882e-06,2.61447e-05,2.30092e-04,1.19686e-03,3.39043e-05,2.46217e-04,2.79089e-04
1.05241e-09,2.67609e-08,4.16732e-11,6.99131e-10,1.29754e-09,3.20190e-07,6.23290e-06,1.56159e-08,2.20233e-07,3.85618e-07,2.61447e-05,2.98591e-04,1.72979e-06,1.92307e-05,3.04131e-05,2.79089e-04,1.33772e-03,4.43748e-05,2.30092e-04,3.29455e-04
1.29754e-09,3.22600e-08,5.22869e-11,1.05241e-09,1.45255e-09,3.85618e-07,7.30322e-06,1.92192e-08,3.20190e-07,4.24805e-07,3.04131e-05,3.38794e-04,2.06337e-06,2.61447e-05,3.28637e-05,3.29455e-04,1.64011e-03,5.19079e-05,2.79089e-04,3.68706e-04
1.45255e-09,3.54860e-08,5.94133e-11,1.29754e-09,1.54365e-09,4.24805e-07,7.89377e-06,2.15306e-08,3.85618e-07,4.46770e-07,3.28637e-05,3.61924e-04,2.26467e-06,3.04131e-05,3.41998e-05,3.68706e-04,1.90579e-03,5.69179e-05,3.29455e-04,3.94800e-04
1.54365e-09,3.72485e-08,6.38634e-11,1.45255e-09,1.59410e-09,4.46770e-07,8.20134e-06,2.29133e-08,4.24805e-07,4.58463e-07,3.41998e-05,3.74562e-04,2.37889e-06,3.28637e-05,3.48992e-05,3.94800e-04,2.08985e-03,6.00198e-05,3.68706e-04,4.10459e-04
1.59410e-09,3.81591e-08,6.64787e-11,1.54365e-09,1.62066e-09,4.58463e-07,8.35477e-06,2.36953e-08,4.46770e-07,4.64425e-07,3.48992e-05,3.81163e-04,2.44071e-06,3.41998e-05,3.52524e-05,4.10459e-04,2.20282e-03,6.18257e-05,3.94800e-04,4.19186e-04
1.62066e-09,3.86082e-08,6.79353e-11,1.59410e-09,1.63391e-09,4.64425e-07,8.42864e-06,2.41166e-08,4.58463e-07,4.67328e-07,3.52524e-05,3.84473e-04,2.47286e-06,3.48992e-05,3.54236e-05,4.19186e-04,2.26675e-03,6.28216e-05,4.10459e-04,4.23732e-04
1.63391e-09,3.88194e-08,6.87003e-11,1.62066e-09,1.63989e-09,4.67328e-07,8.46288e-06,2.43320e-08,4.64425e-07,4.68616e-07,3.54236e-05,3.86060e-04,2.48883e-06,3.52524e-05,3.54995e-05,4.23732e-04,2.30041e-03,6.33400e-05,4.19186e-04,4.25849e-04
1.63989e-09,3.89103e-08,6.90602e-11,1.63391e-09,1.64159e-09,4.68616e-07,8.47751e-06,2.44313e-08,4.67328e-07,4.68979e-07,3.54995e-05,3.86755e-04,2.49605e-06,3.54236e-05,3.55208e-05,4.25849e-04,2.31618e-03,6.35821e-05,4.23732e-04,4.26460e-04
1.64159e-09,3.89354e-08,6.91649e-11,1.63989e-09,1.63990e-09,4.68979e-07,8.48153e-06,2.44598e-08,4.68616e-07,4.68616e-07,3.55208e-05,3.86948e-04,2.49810e-06,3.54995e-05,3.54995e-05,4.26460e-04,2.32075e-03,6.36523e-05,4.25849e-04,4.25849e-04
1.63990e-09,3.89103e-08,6.90603e-11,1.64159e-09,1.63392e-09,4.68616e-07,8.47751e-06,2.44313e-08,4.68979e-07,4.67328e-07,3.54995e-05,3.86755e-04,2.49605e-06,3.55208e-05,3.54236e-05,4.25849e-04,2.31618e-03,6.35821e-05,4.26460e-04,4.23732e-04
1.63392e-09,3.88195e-08,6.87005e-11,1.63990e-09,1.62067e-09,4.67328e-07,8.46288e-06,2.43320e-08,4.68616e-07,4.64425e-07,3.54236e-05,3.86060e-04,2.48883e-06,3.54995e-05,3.52524e-05,4.23732e-04,2.30041e-03,6.33400e-05,4.25849e-04,4.19186e-04
1.62067e-09,3.86082e-08,6.79356e-11,1.63392e-09,1.59411e-09,4.64425e-07,8.42864e-06,2.41166e-08,4.67328e-07,4.58463e-07,3.52524e-05,3.84473e-04,2.47286e-06,3.54236e-05,3.48992e-05,4.19186e-04,2.26676e-03,6.28217e-05,4.23732e-04,4.10460e-04
1.59411e-09,3.81591e-08,6.64791e-11,1.62067e-09,1.54365e-09,4.58463e-07,8.35477e-06,2.36954e-08,4.64425e-07,4.46770e-07,3.48992e-05,3.81163e-04,2.44071e-06,3.52524e-05,3.41998e-05,4.10460e-04,2.20284e-03,6.18258e-05,4.19186e-04,3.94802e-04
1.54365e-09,3.72485e-08,6.38640e-11,1.59411e-09,1.45255e-09,4.46770e-07,8.20134e-06,2.29134e-08,4.58463e-07,4.24805e-07,3.41998e-05,3.74562e-04,2.37889e-06,3.48992e-05,3.28638e-05,3.94802e-04,2.08990e-03,6.00199e-05,4.10460e-04,3.68710e-04
1.45255e-09,3.54861e-08,5.94141e-11,1.54365e-09,1.29755e-09,4.24805e-07,7.89377e-06,2.15306e-08,4.46770e-07,3.85618e-07,3.28638e-05,3.61924e-04,2.26467e-06,3.41998e-05,3.04131e-05,3.68710e-04,1.90589e-03,5.69181e-05,3.94802e-04,3.29464e-04
1.29755e-09,3.22601e-08,5.22877e-11,1.45255e-09,1.05242e-09,3.85618e-07,7.30322e-06,1.92192e-08,4.24805e-07,3.20190e-07,3.04131e-05,3.38794e-04,2.06337e-06,3.28638e-05,2.61447e-05,3.29464e-04,1.64032e-03,5.19082e-05,3.68710e-04,2.79103e-04
1.05242e-09,2.67609e-08,4.16740e-11,1.29755e-09,6.99139e-10,3.20190e-07,6.23290e-06,1.56159e-08,3.85618e-07,2.20233e-07,2.61447e-05,2.98592e-04,1.72979e-06,3.04131e-05,1.92307e-05,2.79103e-04,1.33812e-03,4.43753e-05,3.29464e-04,2.30111e-04
6.99139e-10,1.82285e-08,2.72052e-11,1.05242e-09,2.47441e-10,2.20233e-07,4.44493e-06,1.04775e-08,3.20190e-07,8.68492e-08,1.92307e-05,2.32753e-04,1.22211e-06,2.61447e-05,9.46883e-06,2.30111e-04,1.19750e-03,3.39049e-05,2.79103e-04,2.46230e-04
2.72045e-11,6.99131e-10,1.07031e-12,9.50604e-12,4.16732e-11,1.04775e-08,2.20233e-07,4.86673e-10,4.01173e-09,1.56159e-08,1.22211e-06,1.92307e-05,6.84605e-08,5.51377e-07,1.72979e-06,3.39043e-05,2.30092e-04,3.09786e-06,2.33170e-05,4.43748e-05
4.16732e-11,1.05241e-09,1.66039e-12,2.72045e-11,5.22869e-11,1.56159e-08,3.20190e-07,7.38179e-10,1.04775e-08,1.92192e-08,1.72979e-06,2.61447e-05,9.96763e-08,1.22211e-06,2.06337e-06,4.43748e-05,2.79089e-04,4.26112e-06,3.39043e-05,5.19079e-05
5.22869e-11,1.29754e-09,2.11208e-12,4.16732e-11,5.94133e-11,1.92192e-08,3.85618e-07,9.24101e-10,1.56159e-08,2.15306e-08,2.06337e-06,3.04131e-05,1.21467e-07,1.72979e-06,2.26467e-06,5.19079e-05,3.29455e-04,5.06702e-06,4.43748e-05,5.69179e-05
5.94133e-11,1.45255e-09,2.43033e-12,5.22869e-11,6.38634e-11,2.15306e-08,4.24805e-07,1.05024e-09,1.92192e-08,2.29133e-08,2.26467e-06,3.28637e-05,1.35377e-07,2.06337e-06,2.37889e-06,5.69179e-05,3.68706e-04,5.58553e-06,5.19079e-05,6.00198e-05
6.38634e-11,1.54365e-09,2.63934e-12,5.94133e-11,6.64787e-11,2.29133e-08,4.46770e-07,1.13004e-09,2.15306e-08,2.36953e-08,2.37889e-06,3.41998e-05,1.43679e-07,2.26467e-06,2.44071e-06,6.00198e-05,3.94800e-04,5.89989e-06,5.69179e-05,6.18257e-05
6.64787e-11,1.59410e-09,2.76853e-12,6.38634e-11,6.79353e-11,2.36953e-08,4.58463e-07,1.17766e-09,2.29133e-08,2.41166e-08,2.44071e-06,3.48992e-05,1.48377e-07,2.37889e-06,2.47286e-06,6.18257e-05,4.10459e-04,6.08117e-06,6.00198e-05,6.28216e-05
6.79353e-11,1.62066e-09,2.84408e-12,6.64787e-11,6.87003e-11,2.41166e-08,4.64425e-07,1.20464e-09,2.36953e-08,2.43320e-08,2.47286e-06,3.52524e-05,1.50917e-07,2.44071e-06,2.48883e-06,6.28216e-05,4.19186e-04,6.18105e-06,6.18257e-05,6.33400e-05
6.87003e-11,1.63391e-09,2.88557e-12,6.79353e-11,6.90602e-11,2.43320e-08,4.67328e-07,1.21906e-09,2.41166e-08,2.44313e-08,2.48883e-06,3.54236e-05,1.52223e-07,2.47286e-06,2.49605e-06,6.33400e-05,4.23732e-04,6.23325e-06,6.28216e-05,6.35821e-05
6.90602e-11,1.63989e-09,2.90580e-12,6.87003e-11,6.91649e-11,2.44313e-08,4.68616e-07,1.22595e-09,2.43320e-08,2.44598e-08,2.49605e-06,3.54995e-05,1.52829e-07,2.48883e-06,2.49810e-06,6.35821e-05,4.25849e-04,6.25779e-06,6.33400e-05,6.36523e-05
6.91649e-11,1.64159e-09,2.91181e-12,6.90602e-11,6.90603e-11,2.44598e-08,4.68979e-07,1.22797e-09,2.44313e-08,2.44313e-08,2.49810e-06,3.55208e-05,1.53004e-07,2.49605e-06,2.49605e-06,6.36523e-05,4.26460e-04,6.26493e-06,6.35821e-05,6.35821e-05
6.90603e-11,1.63990e-09,2.90581e-12,6.91649e-11,6.87005e-11,2.44313e-08,4.68616e-07,1.22595e-09,2.44598e-08,2.43320e-08,2.49605e-06,3.54995e-05,1.52829e-07,2.49810e-06,2.48883e-06,6.35821e-05,4.25849e-04,6.25779e-06,6.36523e-05,6.33400e-05
6.87005e-11,1.63392e-09,2.88558e-12,6.90603e-11,6.79356e-11,2.43320e-08,4.67328e-07,1.21906e-09,2.44313e-08,2.41166e-08,2.48883e-06,3.54236e-05,1.52223e-07,2.49605e-06,2.47286e-06,6.33400e-05,4.23732e-04,6.23325e-06,6.35821e-05,6.28217e-05
6.79356e-11,1.62067e-09,2.84410e-12,6.87005e-11,6.64791e-11,2.41166e-08,4.64425e-07,1.20464e-09,2.43320e-08,2.36954e-08,2.47286e-06,3.52524e-05,1.50917e-07,2.48883e-06,2.44071e-06,6.28217e-05,4.19186e-04,6.18105e-06,6.33400e-05,6.18258e-05
6.64791e-11,1.59411e-09,2.76856e-12,6.79356e-11,6.38640e-11,2.36954e-08,4.58463e-07,1.17766e-09,2.41166e-08,2.29134e-08,2.44071e-06,3.48992e-05,1.48377e-07,2.47286e-06,2.37889e-06,6.18258e-05,4.10460e-04,6.08117e-06,6.28217e-05,6.00199e-05
6.38640e-11,1.54365e-09,2.63937e-12,6.64791e-11,5.94141e-11,2.29134e-08,4.46770e-07,1.13004e-09,2.36954e-08,2.15306e-08,2.37889e-06,3.41998e-05,1.43679e-07,2.44071e-06,2.26467e-06,6.00199e-05,3.94802e-04,5.89989e-06,6.18258e-05,5.69181e-05
5.94141e-11,1.45255e-09,2.43038e-12,6.38640e-11,5.22877e-11,2.15306e-08,4.24805e-07,1.05025e-09,2.29134e-08,1.92192e-08,2.26467e-06,3.28638e-05,1.35377e-07,2.37889e-06,2.06337e-06,5.69181e-05,3.68710e-04,5.58553e-06,6.00199e-05,5.19082e-05
5.22877e-11,1.29755e-09,2.11213e-12,5.94141e-11,4.16740e-11,1.92192e-08,3.85618e-07,9.24102e-10,2.15306e-08,1.56159e-08,2.06337e-06,3.04131e-05,1.21467e-07,2.26467e-06,1.72979e-06,5.19082e-05,3.29464e-04,5.06703e-06,5.69181e-05,4.43753e-05
4.16740e-11,1.05242e-09,1.66044e-12,5.22877e-11,2.72052e-11,1.56159e-08,3.20190e-07,7.38181e-10,1.92192e-08,1.04775e-08,1.72979e-06,2.61447e-05,9.96763e-08,2.06337e-06,1.22211e-06,4.43753e-05,2.79103e-04,4.26113e-06,5.19082e-05,3.39049e-05
2.72052e-11,6.99139e-10,1.07035e-12,4.16740e-11,9.50631e-12,1.04775e-08,2.20233e-07,4.86674e-10,1.56159e-08,4.01174e-09,1.22211e-06,1.92307e-05,6.84605e-08,1.72979e-06,5.51377e-07,3.39049e-05,2.30111e-04,3.09788e-06,4.43753e-05,2.33173e-05
1.07031e-12,2.72045e-11,4.24705e-14,3.70927e-13,1.66039e-12,4.86673e-10,1.04775e-08,2.22523e-11,1.82840e-10,7.38179e-10,6.84605e-08,1.22211e-06,3.56795e-09,2.94178e-08,9.96763e-08,3.09786e-06,3.39043e-05,2.21166e-07,1.74002e-06,4.26112e-06
1.66039e-12,4.16732e-11,6.65104e-14,1.07031e-12,2.11208e-12,7.38179e-10,1.56159e-08,3.41872e-11,4.86673e-10,9.24101e-10,9.96763e-08,1.72979e-06,5.30064e-09,6.84605e-08,1.21467e-07,4.26112e-06,4.43748e-05,3.14663e-07,3.09786e-06,5.06702e-06
2.11208e-12,5.22869e-11,8.55331e-14,1.66039e-12,2.43033e-12,9.24101e-10,1.92192e-08,4.33767e-11,7.38179e-10,1.05024e-09,1.21467e-07,2.06337e-06,6.57304e-09,9.96763e-08,1.35377e-07,5.06702e-06,5.19079e-05,3.81163e-07,4.26112e-06,5.58553e-06
2.43033e-12,5.94133e-11,9.94695e-14,2.11208e-12,2.63934e-12,1.05024e-09,2.15306e-08,4.99028e-11,9.24101e-10,1.13004e-09,1.35377e-07,2.26467e-06,7.42830e-09,1.21467e-07,1.43679e-07,5.58553e-06,5.69179e-05,4.24802e-07,5.06702e-06,5.89989e-06
2.63934e-12,6.38634e-11,1.09015e-13,2.43033e-12,2.76853e-12,1.13004e-09,2.29133e-08,5.42313e-11,1.05024e-09,1.17766e-09,1.43679e-07,2.37889e-06,7.96455e-09,1.35377e-07,1.48377e-07,5.89989e-06,6.00198e-05,4.51697e-07,5.58553e-06,6.08117e-06
2.76853e-12,6.64787e-11,1.15175e-13,2.63934e-12,2.84408e-12,1.17766e-09,2.36953e-08,5.69381e-11,1.13004e-09,1.20464e-09,1.48377e-07,2.44071e-06,8.28228e-09,1.43679e-07,1.50917e-07,6.08117e-06,6.18257e-05,4.67445e-07,5.89989e-06,6.18105e-06
2.84408e-12,6.79353e-11,1.18932e-13,2.76853e-12,2.88557e-12,1.20464e-09,2.41166e-08,5.85415e-11,1.17766e-09,1.21906e-09,1.50917e-07,2.47286e-06,8.46139e-09,1.48377e-07,1.52223e-07,6.18105e-06,6.28216e-05,4.76251e-07,6.08117e-06,6.23325e-06
2.88557e-12,6.87003e-11,1.21076e-13,2.84408e-12,2.90580e-12,1.21906e-09,2.43320e-08,5.94337e-11,1.20464e-09,1.22595e-09,1.52223e-07,2.48883e-06,8.55686e-09,1.50917e-07,1.52829e-07,6.23325e-06,6.33400e-05,4.80921e-07,6.18105e-06,6.25779e-06
2.90580e-12,6.90602e-11,1.22155e-13,2.88557e-12,2.91181e-12,1.22595e-09,2.44313e-08,5.98739e-11,1.21906e-09,1.22797e-09,1.52829e-07,2.49605e-06,8.60243e-09,1.52223e-07,1.53004e-07,6.25779e-06,6.35821e-05,4.83143e-07,6.23325e-06,6.26493e-06
2.91181e-12,6.91649e-11,1.22481e-13,2.90580e-12,2.90581e-12,1.22797e-09,2.44598e-08,6.00055e-11,1.22595e-09,1.22595e-09,1.53004e-07,2.49810e-06,8.61581e-09,1.52829e-07,1.52829e-07,6.26493e-06,6.36523e-05,4.83794e-07,6.25779e-06,6.25779e-06
2.90581e-12,6.90603e-11,1.22155e-13,2.91181e-12,2.88558e-12,1.22595e-09,2.44313e-08,5.98739e-11,1.22797e-09,1.21906e-09,1.52829e-07,2.49605e-06,8.60244e-09,1.53004e-07,1.52223e-07,6.25779e-06,6.35821e-05,4.83143e-07,6.26493e-06,6.23325e-06
2.88558e-12,6.87005e-11,1.21077e-13,2.90581e-12,2.84410e-12,1.21906e-09,2.43320e-08,5.94338e-11,1.22595e-09,1.20464e-09,1.52223e-07,2.48883e-06,8.55687e-09,1.52829e-07,1.50917e-07,6.23325e-06,6.33400e-05,4.80921e-07,6.25779e-06,6.18105e-06
2.84410e-12,6.79356e-11,1.18933e-13,2.88558e-12,2.76856e-12,1.20464e-09,2.41166e-08,5.85416e-11,1.21906e-09,1.17766e-09,1.50917e-07,2.47286e-06,8.46140e-09,1.52223e-07,1.48377e-07,6.18105e-06,6.28217e-05,4.76251e-07,6.23325e-06,6.08117e-06
2.76856e-12,6.64791e-11,1.15177e-13,2.84410e-12,2.63937e-12,1.17766e-09,2.36954e-08,5.69382e-11,1.20464e-09,1.13004e-09,1.48377e-07,2.44071e-06,8.28229e-09,1.50917e-07,1.43679e-07,6.08117e-06,6.18258e-05,4.67445e-07,6.18105e-06,5.89989e-06
2.63937e-12,6.38640e-11,1.09017e-13,2.76856e-12,2.43038e-12,1.13004e-09,2.29134e-08,5.42314e-11,1.17766e-09,1.05025e-09,1.43679e-07,2.37889e-06,7.96455e-09,1.48377e-07,1.35377e-07,5.89989e-06,6.00199e-05,4.51698e-07,6.08117e-06,5.58553e-06
2.43038e-12,5.94141e-11,9.94722e-14,2.63937e-12,2.11213e-12,1.05025e-09,2.15306e-08,4.99029e-11,1.13004e-09,9.24102e-10,1.35377e-07,2.26467e-06,7.42830e-09,1.43679e-07,1.21467e-07,5.58553e-06,5.69181e-05,4.24802e-07,5.89989e-06,5.06703e-06
2.11213e-12,5.22877e-11,8.55361e-14,2.43038e-12,1.66044e-12,9.24102e-10,1.92192e-08,4.33768e-11,1.05025e-09,7.38181e-10,1.21467e-07,2.06337e-06,6.57304e-09,1.35377e-07,9.96763e-08,5.06703e-06,5.19082e-05,3.81163e-07,5.58553e-06,4.26113e-06
1.66044e-12,4.16740e-11,6.65134e-14,2.11213e-12,1.07035e-12,7.38181e-10,1.56159e-08,3.41874e-11,9.24102e-10,4.86674e-10,9.96763e-08,1.72979e-06,5.30064e-09,1.21467e-07,6.84605e-08,4.26113e-06,4.43753e-05,3.14663e-07,5.06703e-06,3.09788e-06
1.07035e-12,2.72052e-11,4.24729e-14,1.66044e-12,3.70945e-13,4.86674e-10,1.04775e-08,2.22524e-11,7.38181e-10,1.82841e-10,6.84605e-08,1.22211e-06,3.56796e-09,9.96763e-08,2.94178e-08,3.09788e-06,3.39049e-05,2.21166e-07,4.26113e-06,1.74003e-06
4.24705e-14,1.07031e-12,1.69668e-15,1.46344e-14,6.65104e-14,2.22523e-11,4.86673e-10,1.00612e-12,8.24965e-12,3.41872e-11,3.56795e-09,6.84605e-08,1.77612e-10,1.48782e-09,5.30064e-09,2.21166e-07,3.09786e-06,1.37063e-08,1.11567e-07,3.14663e-07
6.65104e-14,1.66039e-12,2.67650e-15,4.24705e-14,8.55331e-14,3.41872e-11,7.38179e-10,1.56079e-12,2.22523e-11,4.33767e-11,5.30064e-09,9.96763e-08,2.67797e-10,3.56795e-09,6.57304e-09,3.14663e-07,4.26112e-06,1.99722e-08,2.21166e-07,3.81163e-07
8.55331e-14,2.11208e-12,3.47249e-15,6.65104e-14,9.94695e-14,4.33767e-11,9.24101e-10,2.00171e-12,3.41872e-11,4.99028e-11,6.57304e-09,1.21467e-07,3.36793e-10,5.30064e-09,7.42830e-09,3.81163e-07,5.06702e-06,2.45958e-08,3.14663e-07,4.24802e-07
9.94695e-14,2.43033e-12,4.07457e-15,8.55331e-14,1.09015e-13,4.99028e-11,1.05024e-09,2.32674e-12,4.33767e-11,5.42313e-11,7.42830e-09,1.35377e-07,3.85279e-10,6.57304e-09,7.96455e-09,4.24802e-07,5.58553e-06,2.77364e-08,3.81163e-07,4.51697e-07
1.09015e-13,2.63934e-12,4.50177e-15,9.94695e-14,1.15175e-13,5.42313e-11,1.13004e-09,2.55111e-12,4.99028e-11,5.69381e-11,7.96455e-09,1.43679e-07,4.17071e-10,7.42830e-09,8.28228e-09,4.51697e-07,5.89989e-06,2.97336e-08,4.24802e-07,4.67445e-07
1.15175e-13,2.76853e-12,4.78774e-15,1.09015e-13,1.18932e-13,5.69381e-11,1.17766e-09,2.69721e-12,5.42313e-11,5.85415e-11,8.28228e-09,1.48377e-07,4.36740e-10,7.96455e-09,8.46139e-09,4.67445e-07,6.08117e-06,3.09365e-08,4.51697e-07,4.76251e-07
1.18932e-13,2.84408e-12,4.96859e-15,1.15175e-13,1.21076e-13,5.85415e-11,1.20464e-09,2.78721e-12,5.69381e-11,5.94337e-11,8.46139e-09,1.50917e-07,4.48283e-10,8.28228e-09,8.55686e-09,4.76251e-07,6.18105e-06,3.16266e-08,4.67445e-07,4.80921e-07
1.21076e-13,2.88557e-12,5.07531e-15,1.18932e-13,1.22155e-13,5.94337e-11,1.21906e-09,2.83911e-12,5.85415e-11,5.98739e-11,8.55686e-09,1.52223e-07,4.54659e-10,8.46139e-09,8.60243e-09,4.80921e-07,6.23325e-06,3.20007e-08,4.76251e-07,4.83143e-07
1.22155e-13,2.90580e-12,5.13044e-15,1.21076e-13,1.22481e-13,5.98739e-11,1.22595e-09,2.86544e-12,5.94337e-11,6.00055e-11,8.60243e-09,1.52829e-07,4.57789e-10,8.55686e-09,8.61581e-09,4.83143e-07,6.25779e-06,3.21819e-08,4.80921e-07,4.83794e-07
1.22481e-13,2.91181e-12,5.14736e-15,1.22155e-13,1.22155e-13,6.00055e-11,1.22797e-09,2.87344e-12,5.98739e-11,5.98739e-11,8.61581e-09,1.53004e-07,4.58722e-10,8.60243e-09,8.60244e-09,4.83794e-07,6.26493e-06,3.22355e-08,4.83143e-07,4.83143e-07
1.22155e-13,2.90581e-12,5.13046e-15,1.22481e-13,1.21077e-13,5.98739e-11,1.22595e-09,2.86544e-12,6.00055e-11,5.94338e-11,8.60244e-09,1.52829e-07,4.57789e-10,8.61581e-09,8.55687e-09,4.83143e-07,6.25779e-06,3.21819e-08,4.83794e-07,4.80921e-07
1.21077e-13,2.88558e-12,5.07534e-15,1.22155e-13,1.18933e-13,5.94338e-11,1.21906e-09,2.83911e-12,5.98739e-11,5.85416e-11,8.55687e-09,1.52223e-07,4.54659e-10,8.60244e-09,8.46140e-09,4.80921e-07,6.23325e-06,3.20007e-08,4.83143e-07,4.76251e-07
1.18933e-13,2.84410e-12,4.96865e-15,1.21077e-13,1.15177e-13,5.85416e-11,1.20464e-09,2.78722e-12,5.94338e-11,5.69382e-11,8.46140e-09,1.50917e-07,4.48283e-10,8.55687e-09,8.28229e-09,4.76251e-07,6.18105e-06,3.16266e-08,4.80921e-07,4.67445e-07
1.15177e-13,2.76856e-12,4.78783e-15,1.18933e-13,1.09017e-13,5.69382e-11,1.17766e-09,2.69722e-12,5.85416e-11,5.42314e-11,8.28229e-09,1.48377e-07,4.36740e-10,8.46140e-09,7.96455e-09,4.67445e-07,6.08117e-06,3.09365e-08,4.76251e-07,4.51698e-07
1.09017e-13,2.63937e-12,4.50188e-15,1.15177e-13,9.94722e-14,5.42314e-11,1.13004e-09,2.55112e-12,5.69382e-11,4.99029e-11,7.96455e-09,1.43679e-07,4.17072e-10,8.28229e-09,7.42830e-09,4.51698e-07,5.89989e-06,2.97336e-08,4.67445e-07,4.24802e-07
9.94722e-14,2.43038e-12,4.07472e-15,1.09017e-13,8.55361e-14,4.99029e-11,1.05025e-09,2.32676e-12,5.42314e-11,4.33768e-11,7.42830e-09,1.35377e-07,3.85279e-10,7.96455e-09,6.57304e-09,4.24802e-07,5.58553e-06,2.77364e-08,4.51698e-07,3.81163e-07
8.55361e-14,2.11213e-12,3.47265e-15,9.94722e-14,6.65134e-14,4.33768e-11,9.24102e-10,2.00172e-12,4.99029e-11,3.41874e-11,6.57304e-09,1.21467e-07,3.36794e-10,7.42830e-09,5.30064e-09,3.81163e-07,5.06703e-06,2.45958e-08,4.24802e-07,3.14663e-07
6.65134e-14,1.66044e-12,2.67666e-15,8.55361e-14,4.24729e-14,3.41874e-11,7.38181e-10,1.56080e-12,4.33768e-11,2.22524e-11,5.30064e-09,9.96763e-08,2.67797e-10,6.57304e-09,3.56796e-09,3.14663e-07,4.26113e-06,1.99722e-08,3.81163e-07,2.21166e-07
4.24729e-14,1.07035e-12,1.69680e-15,6.65134e-14,1.46354e-14,2.22524e-11,4.86674e-10,1.00612e-12,3.41874e-11,8.24971e-12,3.56796e-09,6.84605e-08,1.77612e-10,5.30064e-09,1.48782e-09,2.21166e-07,3.09788e-06,1.37063e-08,3.14663e-07,1.11567e-07
1.69668e-15,4.24705e-14,6.81525e-17,5.82175e-16,2.67650e-15,1.00612e-12,2.22523e-11,4.51102e-14,3.69313e-13,1.56079e-12,1.77612e-10,3.56795e-09,8.56911e-12,7.25964e-11,2.67797e-10,1.37063e-08,2.21166e-07,7.76595e-10,6.48409e-09,1.99722e-08
2.67650e-15,6.65104e-14,1.08132e-16,1.69668e-15,3.47249e-15,1.56079e-12,3.41872e-11,7.05097e-14,1.00612e-12,2.00171e-12,2.67797e-10,5.30064e-09,1.30654e-11,1.77612e-10,3.36793e-10,1.99722e-08,3.14663e-07,1.15157e-09,1.37063e-08,2.45958e-08
3.47249e-15,8.55331e-14,1.41308e-16,2.67650e-15,4.07457e-15,2.00171e-12,4.33767e-11,9.12193e-14,1.56079e-12,2.32674e-12,3.36793e-10,6.57304e-09,1.66204e-11,2.67797e-10,3.85279e-10,2.45958e-08,3.81163e-07,1.43806e-09,1.99722e-08,2.77364e-08
4.07457e-15,9.94695e-14,1.67073e-16,3.47249e-15,4.50177e-15,2.32674e-12,4.99028e-11,1.06962e-13,2.00171e-12,2.55111e-12,3.85279e-10,7.42830e-09,1.92144e-11,3.36793e-10,4.17071e-10,2.77364e-08,4.24802e-07,1.63981e-09,2.45958e-08,2.97336e-08
4.50177e-15,1.09015e-13,1.85905e-16,4.07457e-15,4.78774e-15,2.55111e-12,5.42313e-11,1.18202e-13,2.32674e-12,2.69721e-12,4.17071e-10,7.96455e-09,2.09834e-11,3.85279e-10,4.36740e-10,2.97336e-08,4.51697e-07,1.77267e-09,2.77364e-08,3.09365e-08
4.78774e-15,1.15175e-13,1.98914e-16,4.50177e-15,4.96859e-15,2.69721e-12,5.69381e-11,1.25781e-13,2.55111e-12,2.78721e-12,4.36740e-10,8.28228e-09,2.21214e-11,4.17071e-10,4.48283e-10,3.09365e-08,4.67445e-07,1.85538e-09,2.97336e-08,3.16266e-08
4.96859e-15,1.18932e-13,2.07402e-16,4.78774e-15,5.07531e-15,2.78721e-12,5.85415e-11,1.30612e-13,2.69721e-12,2.83911e-12,4.48283e-10,8.46139e-09,2.28146e-11,4.36740e-10,4.54659e-10,3.16266e-08,4.76251e-07,1.90427e-09,3.09365e-08,3.20007e-08
5.07531e-15,1.21076e-13,2.12556e-16,4.96859e-15,5.13044e-15,2.83911e-12,5.94337e-11,1.33485e-13,2.78721e-12,2.86544e-12,4.54659e-10,8.55686e-09,2.32104e-11,4.48283e-10,4.57789e-10,3.20007e-08,4.80921e-07,1.93148e-09,3.16266e-08,3.21819e-08
5.13044e-15,1.22155e-13,2.15281e-16,5.07531e-15,5.14736e-15,2.86544e-12,5.98739e-11,1.34980e-13,2.83911e-12,2.87344e-12,4.57789e-10,8.60243e-09,2.34099e-11,4.54659e-10,4.58722e-10,3.21819e-08,4.83143e-07,1.94493e-09,3.20007e-08,3.22355e-08
5.14736e-15,1.22481e-13,2.16127e-16,5.13044e-15,5.13046e-15,2.87344e-12,6.00055e-11,1.35440e-13,2.86544e-12,2.86544e-12,4.58722e-10,8.61581e-09,2.34702e-11,4.57789e-10,4.57789e-10,3.22355e-08,4.83794e-07,1.94896e-09,3.21819e-08,3.21819e-08
5.13046e-15,1.22155e-13,2.15282e-16,5.14736e-15,5.07534e-15,2.86544e-12,5.98739e-11,1.34980e-13,2.87344e-12,2.83911e-12,4.57789e-10,8.60244e-09,2.34099e-11,4.58722e-10,4.54659e-10,3.21819e-08,4.83143e-07,1.94493e-09,3.22355e-08,3.20007e-08
5.07534e-15,1.21077e-13,2.12558e-16,5.13046e-15,4.96865e-15,2.83911e-12,5.94338e-11,1.33485e-13,2.86544e-12,2.78722e-12,4.54659e-10,8.55687e-09,2.32104e-11,4.57789e-10,4.48283e-10,3.20007e-08,4.80921e-07,1.93148e-09,3.21819e-08,3.16266e-08
4.96865e-15,1.18933e-13,2.07405e-16,5.07534e-15,4.78783e-15,2.78722e-12,5.85416e-11,1.30612e-13,2.83911e-12,2.69722e-12,4.48283e-10,8.46140e-09,2.28146e-11,4.54659e-10,4.36740e-10,3.16266e-08,4.76251e-07,1.90427e-09,3.20007e-08,3.09365e-08
4.78783e-15,1.15177e-13,1.98919e-16,4.96865e-15,4.50188e-15,2.69722e-12,5.69382e-11,1.25781e-13,2.78722e-12,2.55112e-12,4.36740e-10,8.28229e-09,2.21214e-11,4.48283e-10,4.17072e-10,3.09365e-08,4.67445e-07,1.85538e-09,3.16266e-08,2.97336e-08
4.50188e-15,1.09017e-13,1.85911e-16,4.78783e-15,4.07472e-15,2.55112e-12,5.42314e-11,1.18202e-13,2.69722e-12,2.32676e-12,4.17072e-10,7.96455e-09,2.09834e-11,4.36740e-10,3.85279e-10,2.97336e-08,4.51698e-07,1.77268e-09,3.09365e-08,2.77364e-08
4.07472e-15,9.94722e-14,1.67080e-16,4.50188e-15,3.47265e-15,2.32676e-12,4.99029e-11,1.06963e-13,2.55112e-12,2.00172e-12,3.85279e-10,7.42830e-09,1.92144e-11,4.17072e-10,3.36794e-10,2.77364e-08,4.24802e-07,1.63981e-09,2.97336e-08,2.45958e-08
3.47265e-15,8.55361e-14,1.41316e-16,4.07472e-15,2.67666e-15,2.00172e-12,4.33768e-11,9.12201e-14,2.32676e-12,1.56080e-12,3.36794e-10,6.57304e-09,1.66205e-11,3.85279e-10,2.67797e-10,2.45958e-08,3.81163e-07,1.43806e-09,2.77364e-08,1.99722e-08
2.67666e-15,6.65134e-14,1.08140e-16,3.47265e-15,1.69680e-15,1.56080e-12,3.41874e-11,7.05105e-14,2.00172e-12,1.00612e-12,2.67797e-10,5.30064e-09,1.30654e-11,3.36794e-10,1.77612e-10,1.99722e-08,3.14663e-07,1.15157e-09,2.45958e-08,1.37063e-08
1.69680e-15,4.24729e-14,6.81582e-17,2.67666e-15,5.82222e-16,1.00612e-12,2.22524e-11,4.51107e-14,1.56080e-12,3.69317e-13,1.77612e-10,3.56796e-09,8.56913e-12,2.67797e-10,7.25966e-11,1.37063e-08,2.21166e-07,7.76596e-10,1.99722e-08,6.48410e-09
6.81525e-17,1.69668e-15,2.74984e-18,2.33090e-17,1.08132e-16,4.51102e-14,1.00612e-12,2.00936e-15,1.64303e-14,7.05097e-14,8.56911e-12,1.77612e-10,4.04255e-13,3.45323e-12,1.30654e-11,7.76595e-10,1.37063e-08,4.14029e-11,3.52360e-10,1.15157e-09
1.08132e-16,2.67650e-15,4.38341e-18,6.81525e-17,1.41308e-16,7.05097e-14,1.56079e-12,3.15974e-15,4.51102e-14,9.12193e-14,1.30654e-11,2.67797e-10,6.21739e-13,8.56911e-12,1.66204e-11,1.15157e-09,1.99722e-08,6.22073e-11,7.76595e-10,1.43806e-09
1.41308e-16,3.47249e-15,5.76272e-18,1.08132e-16,1.67073e-16,9.12193e-14,2.00171e-12,4.11718e-15,7.05097e-14,1.06962e-13,1.66204e-11,3.36793e-10,7.98342e-13,1.30654e-11,1.92144e-11,1.43806e-09,2.45958e-08,7.85892e-11,1.15157e-09,1.63981e-09
1.67073e-16,4.07457e-15,6.85780e-18,1.41308e-16,1.85905e-16,1.06962e-13,2.32674e-12,4.86379e-15,9.12193e-14,1.18202e-13,1.92144e-11,3.85279e-10,9.31334e-13,1.66204e-11,2.09834e-11,1.63981e-09,2.77364e-08,9.05170e-11,1.43806e-09,1.77267e-09
1.85905e-16,4.50177e-15,7.67867e-18,1.67073e-16,1.98914e-16,1.18202e-13,2.55111e-12,5.41229e-15,1.06962e-13,1.25781e-13,2.09834e-11,4.17071e-10,1.02517e-12,1.92144e-11,2.21214e-11,1.77267e-09,2.97336e-08,9.86440e-11,1.63981e-09,1.85538e-09
1.98914e-16,4.78774e-15,8.26116e-18,1.85905e-16,2.07402e-16,1.25781e-13,2.69721e-12,5.79342e-15,1.18202e-13,1.30612e-13,2.21214e-11,4.36740e-10,1.08767e-12,2.09834e-11,2.28146e-11,1.85538e-09,3.09365e-08,1.03873e-10,1.77267e-09,1.90427e-09
2.07402e-16,4.96859e-15,8.65158e-18,1.98914e-16,2.12556e-16,1.30612e-13,2.78721e-12,6.04369e-15,1.25781e-13,1.33485e-13,2.28146e-11,4.48283e-10,1.12704e-12,2.21214e-11,2.32104e-11,1.90427e-09,3.16266e-08,1.07061e-10,1.85538e-09,1.93148e-09
2.12556e-16,5.07531e-15,8.89458e-18,2.07402e-16,2.15281e-16,1.33485e-13,2.83911e-12,6.19663e-15,1.30612e-13,1.34980e-13,2.32104e-11,4.54659e-10,1.15021e-12,2.28146e-11,2.34099e-11,1.93148e-09,3.20007e-08,1.08885e-10,1.90427e-09,1.94493e-09
2.15281e-16,5.13044e-15,9.02555e-18,2.12556e-16,2.16127e-16,1.34980e-13,2.86544e-12,6.27788e-15,1.33485e-13,1.35440e-13,2.34099e-11,4.57789e-10,1.16217e-12,2.32104e-11,2.34702e-11,1.94493e-09,3.21819e-08,1.09805e-10,1.93148e-09,1.94896e-09
2.16127e-16,5.14736e-15,9.06672e-18,2.15281e-16,2.15282e-16,1.35440e-13,2.87344e-12,6.30321e-15,1.34980e-13,1.34980e-13,2.34702e-11,4.58722e-10,1.16583e-12,2.34099e-11,2.34099e-11,1.94896e-09,3.22355e-08,1.10084e-10,1.94493e-09,1.94493e-09
2.15282e-16,5.13046e-15,9.02560e-18,2.16127e-16,2.12558e-16,1.34980e-13,2.86544e-12,6.27789e-15,1.35440e-13,1.33485e-13,2.34099e-11,4.57789e-10,1.16217e-12,2.34702e-11,2.32104e-11,1.94493e-09,3.21819e-08,1.09805e-10,1.94896e-09,1.93148e-09
2.12558e-16,5.07534e-15,8.89469e-18,2.15282e-16,2.07405e-16,1.33485e-13,2.83911e-12,6.19664e-15,1.34980e-13,1.30612e-13,2.32104e-11,4.54659e-10,1.15021e-12,2.34099e-11,2.28146e-11,1.93148e-09,3.20007e-08,1.08885e-10,1.94493e-09,1.90427e-09
2.07405e-16,4.96865e-15,8.65175e-18,2.12558e-16,1.98919e-16,1.30612e-13,2.78722e-12,6.04372e-15,1.33485e-13,1.25781e-13,2.28146e-11,4.48283e-10,1.12704e-12,2.32104e-11,2.21214e-11,1.90427e-09,3.16266e-08,1.07061e-10,1.93148e-09,1.85538e-09
1.98919e-16,4.78783e-15,8.26139e-18,2.07405e-16,1.85911e-16,1.25781e-13,2.69722e-12,5.79346e-15,1.30612e-13,1.18202e-13,2.21214e-11,4.36740e-10,1.08767e-12,2.28146e-11,2.09834e-11,1.85538e-09,3.09365e-08,1.03873e-10,1.90427e-09,1.77268e-09
1.85911e-16,4.50188e-15,7.67896e-18,1.98919e-16,1.67080e-16,1.18202e-13,2.55112e-12,5.41233e-15,1.25781e-13,1.06963e-13,2.09834e-11,4.17072e-10,1.02518e-12,2.21214e-11,1.92144e-11,1.77268e-09,2.97336e-08,9.86440e-11,1.85538e-09,1.63981e-09
1.67080e-16,4.07472e-15,6.85814e-18,1.85911e-16,1.41316e-16,1.06963e-13,2.32676e-12,4.86384e-15,1.18202e-13,9.12201e-14,1.92144e-11,3.85279e-10,9.31336e-13,2.09834e-11,1.66205e-11,1.63981e-09,2.77364e-08,9.05171e-11,1.77268e-09,1.43806e-09
1.41316e-16,3.47265e-15,5.76309e-18,1.67080e-16,1.08140e-16,9.12201e-14,2.00172e-12,4.11723e-15,1.06963e-13,7.05105e-14,1.66205e-11,3.36794e-10,7.98345e-13,1.92144e-11,1.30654e-11,1.43806e-09,2.45958e-08,7.85893e-11,1.63981e-09,1.15157e-09
1.08140e-16,2.67666e-15,4.38376e-18,1.41316e-16,6.81582e-17,7.05105e-14,1.56080e-12,3.15979e-15,9.12201e-14,4.51107e-14,1.30654e-11,2.67797e-10,6.21742e-13,1.66205e-11,8.56913e-12,1.15157e-09,1.99722e-08,6.22074e-11,1.43806e-09,7.76596e-10
6.81582e-17,1.69680e-15,2.75011e-18,1.08140e-16,2.33112e-17,4.51107e-14,1.00612e-12,2.00939e-15,7.05105e-14,1.64305e-14,8.56913e-12,1.77612e-10,4.04257e-13,1.30654e-11,3.45324e-12,7.76596e-10,1.37063e-08,4.14029e-11,1.15157e-09,3.52361e-10
2.74984e-18,6.81525e-17,1.11366e-19,9.38051e-19,4.38341e-18,2.00936e-15,4.51102e-14,8.90336e-17,7.27264e-16,3.15974e-15,4.04255e-13,8.56911e-12,1.87552e-14,1.61205e-13,6.21739e-13,4.14029e-11,7.76595e-10,2.11345e-12,1.82500e-11,6.22073e-11
4.38341e-18,1.08132e-16,1.78210e-19,2.74984e-18,5.76272e-18,3.15974e-15,7.05097e-14,1.40699e-16,2.00936e-15,4.11718e-15,6.21739e-13,1.30654e-11,2.90449e-14,4.04255e-13,7.98342e-13,6.22073e-11,1.15157e-09,3.20795e-12,4.14029e-11,7.85892e-11
5.76272e-18,1.41308e-16,2.35471e-19,4.38341e-18,6.85780e-18,4.11718e-15,9.12193e-14,1.84430e-16,3.15974e-15,4.86379e-15,7.98342e-13,1.66204e-11,3.75843e-14,6.21739e-13,9.31334e-13,7.85892e-11,1.43806e-09,4.09201e-12,6.22073e-11,9.05170e-11
6.85780e-18,1.67073e-16,2.81785e-19,5.76272e-18,7.67867e-18,4.86379e-15,1.06962e-13,2.19267e-16,4.11718e-15,5.41229e-15,9.31334e-13,1.92144e-11,4.41883e-14,7.98342e-13,1.02517e-12,9.05170e-11,1.63981e-09,4.75498e-12,7.85892e-11,9.86440e-11
7.67867e-18,1.85905e-16,3.17256e-19,6.85780e-18,8.26116e-18,5.41229e-15,1.18202e-13,2.45491e-16,4.86379e-15,5.79342e-15,1.02517e-12,2.09834e-11,4.89870e-14,9.31334e-13,1.08767e-12,9.86440e-11,1.77267e-09,5.22102e-12,9.05170e-11,1.03873e-10
8.26116e-18,1.98914e-16,3.43015e-19,7.67867e-18,8.65158e-18,5.79342e-15,1.25781e-13,2.64190e-16,5.41229e-15,6.04369e-15,1.08767e-12,2.21214e-11,5.22819e-14,1.02517e-12,1.12704e-12,1.03873e-10,1.85538e-09,5.53038e-12,9.86440e-11,1.07061e-10
8.65158e-18,2.07402e-16,3.60686e-19,8.26116e-18,8.89458e-18,6.04369e-15,1.30612e-13,2.76789e-16,5.79342e-15,6.19663e-15,1.12704e-12,2.28146e-11,5.44201e-14,1.08767e-12,1.15021e-12,1.07061e-10,1.90427e-09,5.72472e-12,1.03873e-10,1.08885e-10
8.89458e-18,2.12556e-16,3.71920e-19,8.65158e-18,9.02555e-18,6.19663e-15,1.33485e-13,2.84670e-16,6.04369e-15,6.27788e-15,1.15021e-12,2.32104e-11,5.57131e-14,1.12704e-12,1.16217e-12,1.08885e-10,1.93148e-09,5.83888e-12,1.07061e-10,1.09805e-10
9.02555e-18,2.15281e-16,3.78077e-19,8.89458e-18,9.06672e-18,6.27788e-15,1.34980e-13,2.88936e-16,6.19663e-15,6.30321e-15,1.16217e-12,2.34099e-11,5.63945e-14,1.15021e-12,1.16583e-12,1.09805e-10,1.94493e-09,5.89772e-12,1.08885e-10,1.10084e-10
9.06672e-18,2.16127e-16,3.80031e-19,9.02555e-18,9.02560e-18,6.30321e-15,1.35440e-13,2.90279e-16,6.27788e-15,6.27789e-15,1.16583e-12,2.34702e-11,5.66059e-14,1.16217e-12,1.16217e-12,1.10084e-10,1.94896e-09,5.91575e-12,1.09805e-10,1.09805e-10
9.02560e-18,2.15282e-16,3.78080e-19,9.06672e-18,8.89469e-18,6.27789e-15,1.34980e-13,2.88936e-16,6.30321e-15,6.19664e-15,1.16217e-12,2.34099e-11,5.63945e-14,1.16583e-12,1.15021e-12,1.09805e-10,1.94493e-09,5.89772e-12,1.10084e-10,1.08885e-10
8.89469e-18,2.12558e-16,3.71926e-19,9.02560e-18,8.65175e-18,6.19664e-15,1.33485e-13,2.84671e-16,6.27789e-15,6.04372e-15,1.15021e-12,2.32104e-11,5.57131e-14,1.16217e-12,1.12704e-12,1.08885e-10,1.93148e-09,5.83889e-12,1.09805e-10,1.07061e-10
8.65175e-18,2.07405e-16,3.60695e-19,8.89469e-18,8.26139e-18,6.04372e-15,1.30612e-13,2.76790e-16,6.19664e-15,5.79346e-15,1.12704e-12,2.28146e-11,5.44202e-14,1.15021e-12,1.08767e-12,1.07061e-10,1.90427e-09,5.72473e-12,1.08885e-10,1.03873e-10
8.26139e-18,1.98919e-16,3.43027e-19,8.65175e-18,7.67896e-18,5.79346e-15,1.25781e-13,2.64192e-16,6.04372e-15,5.41233e-15,1.08767e-12,2.21214e-11,5.22820e-14,1.12704e-12,1.02518e-12,1.03873e-10,1.85538e-09,5.53038e-12,1.07061e-10,9.86440e-11
7.67896e-18,1.85911e-16,3.17271e-19,8.26139e-18,6.85814e-18,5.41233e-15,1.18202e-13,2.45493e-16,5.79346e-15,4.86384e-15,1.02518e-12,2.09834e-11,4.89872e-14,1.08767e-12,9.31336e-13,9.86440e-11,1.77268e-09,5.22103e-12,1.03873e-10,9.05171e-11
6.85814e-18,1.67080e-16,2.81802e-19,7.67896e-18,5.76309e-18,4.86384e-15,1.06963e-13,2.19269e-16,5.41233e-15,4.11723e-15,9.31336e-13,1.92144e-11,4.41885e-14,1.02518e-12,7.98345e-13,9.05171e-11,1.63981e-09,4.75499e-12,9.86440e-11,7.85893e-11
5.76309e-18,1.41316e-16,2.35490e-19,6.85814e-18,4.38376e-18,4.11723e-15,9.12201e-14,1.84432e-16,4.86384e-15,3.15979e-15,7.98345e-13,1.66205e-11,3.75845e-14,9.31336e-13,6.21742e-13,7.85893e-11,1.43806e-09,4.09201e-12,9.05171e-11,6.22074e-11
4.38376e-18,1.08140e-16,1.78227e-19,5.76309e-18,2.75011e-18,3.15979e-15,7.05105e-14,1.40701e-16,4.11723e-15,2.00939e-15,6.21742e-13,1.30654e-11,2.90450e-14,7.98345e-13,4.04257e-13,6.22074e-11,1.15157e-09,3.20795e-12,7.85893e-11,4.14029e-11
2.75011e-18,6.81582e-17,1.11379e-19,4.38376e-18,9.38157e-19,2.00939e-15,4.51107e-14,8.90354e-17,3.15979e-15,7.27278e-16,4.04257e-13,8.56913e-12,1.87554e-14,6.21742e-13,1.61206e-13,4.14029e-11,7.76596e-10,2.11345e-12,6.22074e-11,1.82500e-11
1.11366e-19,2.74984e-18,4.52444e-21,3.79105e-20,1.78210e-19,8.90336e-17,2.00936e-15,3.92801e-18,3.20566e-17,1.40699e-16,1.87552e-14,4.04255e-13,8.59066e-16,7.41882e-15,2.90449e-14,2.11345e-12,4.14029e-11,1.04466e-13,9.12238e-13,3.20795e-12
1.78210e-19,4.38341e-18,7.26355e-21,1.11366e-19,2.35471e-19,1.40699e-16,3.15974e-15,6.23286e-18,8.90336e-17,1.84430e-16,2.90449e-14,6.21739e-13,1.33784e-15,1.87552e-14,3.75843e-14,3.20795e-12,6.22073e-11,1.59851e-13,2.11345e-12,4.09201e-12
2.35471e-19,5.76272e-18,9.63864e-21,1.78210e-19,2.81785e-19,1.84430e-16,4.11718e-15,8.21137e-18,1.40699e-16,2.19267e-16,3.75843e-14,7.98342e-13,1.74240e-15,2.90449e-14,4.41883e-14,4.09201e-12,7.85892e-11,2.05555e-13,3.20795e-12,4.75498e-12
2.81785e-19,6.85780e-18,1.15902e-20,2.35471e-19,3.17256e-19,2.19267e-16,4.86379e-15,9.81617e-18,1.84430e-16,2.45491e-16,4.41883e-14,9.31334e-13,2.06237e-15,3.75843e-14,4.89870e-14,4.75498e-12,9.05170e-11,2.40720e-13,4.09201e-12,5.22102e-12
3.17256e-19,7.67867e-18,1.31127e-20,2.81785e-19,3.43015e-19,2.45491e-16,5.41229e-15,1.10496e-17,2.19267e-16,2.64190e-16,4.89870e-14,1.02517e-12,2.30085e-15,4.41883e-14,5.22819e-14,5.22102e-12,9.86440e-11,2.66140e-13,4.75498e-12,5.53038e-12
3.43015e-19,8.26116e-18,1.42405e-20,3.17256e-19,3.60686e-19,2.64190e-16,5.79342e-15,1.19489e-17,2.45491e-16,2.76789e-16,5.22819e-14,1.08767e-12,2.46900e-15,4.89870e-14,5.44201e-14,5.53038e-12,1.03873e-10,2.83504e-13,5.22102e-12,5.72472e-12
3.60686e-19,8.65158e-18,1.50299e-20,3.43015e-19,3.71920e-19,2.76789e-16,6.04369e-15,1.25685e-17,2.64190e-16,2.84670e-16,5.44201e-14,1.12704e-12,2.58103e-15,5.22819e-14,5.57131e-14,5.72472e-12,1.07061e-10,2.94718e-13,5.53038e-12,5.83888e-12
3.71920e-19,8.89458e-18,1.55410e-20,3.60686e-19,3.78077e-19,2.84670e-16,6.19663e-15,1.29641e-17,2.76789e-16,2.88936e-16,5.57131e-14,1.15021e-12,2.65041e-15,5.44201e-14,5.63945e-14,5.83888e-12,1.08885e-10,3.01471e-13,5.72472e-12,5.89772e-12
3.78077e-19,9.02555e-18,1.58251e-20,3.71920e-19,3.80031e-19,2.88936e-16,6.27788e-15,1.31816e-17,2.84670e-16,2.90279e-16,5.63945e-14,1.16217e-12,2.68767e-15,5.57131e-14,5.66059e-14,5.89772e-12,1.09805e-10,3.05019e-13,5.83888e-12,5.91575e-12
3.80031e-19,9.06672e-18,1.59160e-20,3.78077e-19,3.78080e-19,2.90279e-16,6.30321e-15,1.32507e-17,2.88936e-16,2.88936e-16,5.66059e-14,1.16583e-12,2.69935e-15,5.63945e-14,5.63945e-14,5.91575e-12,1.10084e-10,3.06119e-13,5.89772e-12,5.89772e-12
3.78080e-19,9.02560e-18,1.58253e-20,3.80031e-19,3.71926e-19,2.88936e-16,6.27789e-15,1.31816e-17,2.90279e-16,2.84671e-16,5.63945e-14,1.16217e-12,2.68767e-15,5.66059e-14,5.57131e-14,5.89772e-12,1.09805e-10,3.05019e-13,5.91575e-12,5.83889e-12
3.71926e-19,8.89469e-18,1.55413e-20,3.78080e-19,3.60695e-19,2.84671e-16,6.19664e-15,1.29641e-17,2.88936e-16,2.76790e-16,5.57131e-14,1.15021e-12,2.65042e-15,5.63945e-14,5.44202e-14,5.83889e-12,1.08885e-10,3.01471e-13,5.89772e-12,5.72473e-12
3.60695e-19,8.65175e-18,1.50303e-20,3.71926e-19,3.43027e-19,2.76790e-16,6.04372e-15,1.25686e-17,2.84671e-16,2.64192e-16,5.44202e-14,1.12704e-12,2.58104e-15,5.57131e-14,5.22820e-14,5.72473e-12,1.07061e-10,2.94718e-13,5.83889e-12,5.53038e-12
3.43027e-19,8.26139e-18,1.42412e-20,3.60695e-19,3.17271e-19,2.64192e-16,5.79346e-15,1.19490e-17,2.76790e-16,2.45493e-16,5.22820e-14,1.08767e-12,2.46901e-15,5.44202e-14,4.89872e-14,5.53038e-12,1.03873e-10,2.83504e-13,5.72473e-12,5.22103e-12
3.17271e-19,7.67896e-18,1.31134e-20,3.43027e-19,2.81802e-19,2.45493e-16,5.41233e-15,1.10497e-17,2.64192e-16,2.19269e-16,4.89872e-14,1.02518e-12,2.30086e-15,5.22820e-14,4.41885e-14,5.22103e-12,9.86440e-11,2.66141e-13,5.53038e-12,4.75499e-12
2.81802e-19,6.85814e-18,1.15911e-20,3.17271e-19,2.35490e-19,2.19269e-16,4.86384e-15,9.81631e-18,2.45493e-16,1.84432e-16,4.41885e-14,9.31336e-13,2.06239e-15,4.89872e-14,3.75845e-14,4.75499e-12,9.05171e-11,2.40721e-13,5.22103e-12,4.09201e-12
2.35490e-19,5.76309e-18,9.63956e-21,2.81802e-19,1.78227e-19,1.84432e-16,4.11723e-15,8.21152e-18,2.19269e-16,1.40701e-16,3.75845e-14,7.98345e-13,1.74241e-15,4.41885e-14,2.90450e-14,4.09201e-12,7.85893e-11,2.05555e-13,4.75499e-12,3.20795e-12
1.78227e-19,4.38376e-18,7.26439e-21,2.35490e-19,1.11379e-19,1.40701e-16,3.15979e-15,6.23299e-18,1.84432e-16,8.90354e-17,2.90450e-14,6.21742e-13,1.33785e-15,3.75845e-14,1.87554e-14,3.20795e-12,6.22074e-11,1.59852e-13,4.09201e-12,2.11345e-12
1.11379e-19,2.75011e-18,4.52508e-21,1.78227e-19,3.79156e-20,8.90354e-17,2.00939e-15,3.92810e-18,1.40701e-16,3.20574e-17,1.87554e-14,4.04257e-13,8.59075e-16,2.90450e-14,7.41889e-15,2.11345e-12,4.14029e-11,1.04467e-13,3.20795e-12,9.12241e-13
4.52444e-21,1.11366e-19,1.84308e-22,1.53750e-21,7.26355e-21,3.92801e-18,8.90336e-17,1.72669e-19,1.40803e-18,6.23286e-18,8.59066e-16,1.87552e-14,3.89549e-17,3.37646e-16,1.33784e-15,1.04466e-13,2.11345e-12,5.03864e-15,4.43846e-14,1.59851e-13
7.26355e-21,1.78210e-19,2.96700e-22,4.52444e-21,9.63864e-21,6.23286e-18,1.40699e-16,2.74936e-19,3.92801e-18,8.21137e-18,1.33784e-15,2.90449e-14,6.09461e-17,8.59066e-16,1.74240e-15,1.59851e-13,3.20795e-12,7.76047e-15,1.04466e-13,2.05555e-13
9.63864e-21,2.35471e-19,3.95168e-22,7.26355e-21,1.15902e-20,8.21137e-18,1.84430e-16,3.63768e-19,6.23286e-18,9.81617e-18,1.74240e-15,3.75843e-14,7.98106e-17,1.33784e-15,2.06237e-15,2.05555e-13,4.09201e-12,1.00474e-14,1.59851e-13,2.40720e-13
1.15902e-20,2.81785e-19,4.77176e-22,9.63864e-21,1.31127e-20,9.81617e-18,2.19267e-16,4.36934e-19,8.21137e-18,1.10496e-17,2.06237e-15,4.41883e-14,9.50186e-17,1.74240e-15,2.30085e-15,2.40720e-13,4.75498e-12,1.18464e-14,2.05555e-13,2.66140e-13
1.31127e-20,3.17256e-19,5.42175e-22,1.15902e-20,1.42405e-20,1.10496e-17,2.45491e-16,4.94182e-19,9.81617e-18,1.19489e-17,2.30085e-15,4.89870e-14,1.06603e-16,2.06237e-15,2.46900e-15,2.66140e-13,5.22102e-12,1.31794e-14,2.40720e-13,2.83504e-13
1.42405e-20,3.43015e-19,5.91165e-22,1.31127e-20,1.50299e-20,1.19489e-17,2.64190e-16,5.36737e-19,1.10496e-17,1.25685e-17,2.46900e-15,5.22819e-14,1.14964e-16,2.30085e-15,2.58103e-15,2.83504e-13,5.53038e-12,1.41137e-14,2.66140e-13,2.94718e-13
1.50299e-20,3.60686e-19,6.26049e-22,1.42405e-20,1.55410e-20,1.25685e-17,2.76789e-16,5.66627e-19,1.19489e-17,1.29641e-17,2.58103e-15,5.44201e-14,1.20664e-16,2.46900e-15,2.65041e-15,2.94718e-13,5.72472e-12,1.47324e-14,2.83504e-13,3.01471e-13
1.55410e-20,3.71920e-19,6.48996e-22,1.50299e-20,1.58251e-20,1.29641e-17,2.84670e-16,5.86046e-19,1.25685e-17,1.31816e-17,2.65041e-15,5.57131e-14,1.24269e-16,2.58103e-15,2.68767e-15,3.01471e-13,5.83888e-12,1.51136e-14,2.94718e-13,3.05019e-13
1.58251e-20,3.78077e-19,6.61910e-22,1.55410e-20,1.59160e-20,1.31816e-17,2.88936e-16,5.96871e-19,1.29641e-17,1.32507e-17,2.68767e-15,5.63945e-14,1.26237e-16,2.65041e-15,2.69935e-15,3.05019e-13,5.89772e-12,1.53175e-14,3.01471e-13,3.06119e-13
1.59160e-20,3.80031e-19,6.66069e-22,1.58251e-20,1.58253e-20,1.32507e-17,2.90279e-16,6.00337e-19,1.31816e-17,1.31816e-17,2.69935e-15,5.66059e-14,1.26859e-16,2.68767e-15,2.68767e-15,3.06119e-13,5.91575e-12,1.53813e-14,3.05019e-13,3.05019e-13
1.58253e-20,3.78080e-19,6.61919e-22,1.59160e-20,1.55413e-20,1.31816e-17,2.88936e-16,5.96873e-19,1.32507e-17,1.29641e-17,2.68767e-15,5.63945e-14,1.26237e-16,2.69935e-15,2.65042e-15,3.05019e-13,5.89772e-12,1.53175e-14,3.06119e-13,3.01471e-13
1.55413e-20,3.71926e-19,6.49014e-22,1.58253e-20,1.50303e-20,1.29641e-17,2.84671e-16,5.86049e-19,1.31816e-17,1.25686e-17,2.65042e-15,5.57131e-14,1.24269e-16,2.68767e-15,2.58104e-15,3.01471e-13,5.83889e-12,1.51136e-14,3.05019e-13,2.94718e-13
1.50303e-20,3.60695e-19,6.26075e-22,1.55413e-20,1.42412e-20,1.25686e-17,2.76790e-16,5.66631e-19,1.29641e-17,1.19490e-17,2.58104e-15,5.44202e-14,1.20665e-16,2.65042e-15,2.46901e-15,2.94718e-13,5.72473e-12,1.47324e-14,3.01471e-13,2.83504e-13
1.42412e-20,3.43027e-19,5.91199e-22,1.50303e-20,1.31134e-20,1.19490e-17,2.64192e-16,5.36743e-19,1.25686e-17,1.10497e-17,2.46901e-15,5.22820e-14,1.14964e-16,2.58104e-15,2.30086e-15,2.83504e-13,5.53038e-12,1.41137e-14,2.94718e-13,2.66141e-13
1.31134e-20,3.17271e-19,5.42216e-22,1.42412e-20,1.15911e-20,1.10497e-17,2.45493e-16,4.94189e-19,1.19490e-17,9.81631e-18,2.30086e-15,4.89872e-14,1.06604e-16,2.46901e-15,2.06239e-15,2.66141e-13,5.22103e-12,1.31795e-14,2.83504e-13,2.40721e-13
1.15911e-20,2.81802e-19,4.77221e-22,1.31134e-20,9.63956e-21,9.81631e-18,2.19269e-16,4.36942e-19,1.10497e-17,8.21152e-18,2.06239e-15,4.41885e-14,9.50195e-17,2.30086e-15,1.74241e-15,2.40721e-13,4.75499e-12,1.18464e-14,2.66141e-13,2.05555e-13
9.63956e-21,2.35490e-19,3.95215e-22,1.15911e-20,7.26439e-21,8.21152e-18,1.84432e-16,3.63775e-19,9.81631e-18,6.23299e-18,1.74241e-15,3.75845e-14,7.98114e-17,2.06239e-15,1.33785e-15,2.05555e-13,4.09201e-12,1.00474e-14,2.40721e-13,1.59852e-13
7.26439e-21,1.78227e-19,2.96743e-22,9.63956e-21,4.52508e-21,6.23299e-18,1.40701e-16,2.74943e-19,8.21152e-18,3.92810e-18,1.33785e-15,2.90450e-14,6.09469e-17,1.74241e-15,8.59075e-16,1.59852e-13,3.20795e-12,7.76050e-15,2.05555e-13,1.04467e-13
4.52508e-21,1.11379e-19,1.84340e-22,7.26439e-21,1.53775e-21,3.92810e-18,8.90354e-17,1.72674e-19,6.23299e-18,1.40807e-18,8.59075e-16,1.87554e-14,3.89554e-17,1.33785e-15,3.37651e-16,1.04467e-13,2.11345e-12,5.03867e-15,1.59852e-13,4.43848e-14
1.84308e-22,4.52444e-21,7.52538e-24,6.25400e-23,2.96700e-22,1.72669e-19,3.92801e-18,7.56682e-21,6.16596e-20,2.74936e-19,3.89549e-17,8.59066e-16,1.75224e-18,1.52318e-17,6.09461e-17,5.03864e-15,1.04466e-13,2.38429e-16,2.11476e-15,7.76047e-15
2.96700e-22,7.26355e-21,1.21429e-23,1.84308e-22,3.95168e-22,2.74936e-19,6.23286e-18,1.20841e-20,1.72669e-19,3.63768e-19,6.09461e-17,1.33784e-15,2.75208e-18,3.89549e-17,7.98106e-17,7.76047e-15,1.59851e-13,3.69202e-16,5.03864e-15,1.00474e-14
3.95168e-22,9.63864e-21,1.62243e-23,2.96700e-22,4.77176e-22,3.63768e-19,8.21137e-18,1.60475e-20,2.74936e-19,4.36934e-19,7.98106e-17,1.74240e-15,3.62073e-18,6.09461e-17,9.50186e-17,1.00474e-14,2.05555e-13,4.80769e-16,7.76047e-15,1.18464e-14
4.77176e-22,1.15902e-20,1.96632e-23,3.95168e-22,5.42175e-22,4.36934e-19,9.81617e-18,1.93553e-20,3.63768e-19,4.94182e-19,9.50186e-17,2.06237e-15,4.33255e-18,7.98106e-17,1.06603e-16,1.18464e-14,2.40720e-13,5.70236e-16,1.00474e-14,1.31794e-14
5.42175e-22,1.31127e-20,2.24265e-23,4.77176e-22,5.91165e-22,4.94182e-19,1.10496e-17,2.19836e-20,4.36934e-19,5.36737e-19,1.06603e-16,2.30085e-15,4.88511e-18,9.50186e-17,1.14964e-16,1.31794e-14,2.66140e-13,6.37981e-16,1.18464e-14,1.41137e-14
5.91165e-22,1.42405e-20,2.45405e-23,5.42175e-22,6.26049e-22,5.36737e-19,1.19489e-17,2.39702e-20,4.94182e-19,5.66627e-19,1.14964e-16,2.46900e-15,5.29205e-18,1.06603e-16,1.20664e-16,1.41137e-14,2.83504e-13,6.86560e-16,1.31794e-14,1.47324e-14
6.26049e-22,1.50299e-20,2.60685e-23,5.91165e-22,6.48996e-22,5.66627e-19,1.25685e-17,2.53891e-20,5.36737e-19,5.86046e-19,1.20664e-16,2.58103e-15,5.57516e-18,1.14964e-16,1.24269e-16,1.47324e-14,2.94718e-13,7.19470e-16,1.41137e-14,1.51136e-14
6.48996e-22,1.55410e-20,2.70874e-23,6.26049e-22,6.61910e-22,5.86046e-19,1.29641e-17,2.63250e-20,5.66627e-19,5.96871e-19,1.24269e-16,2.65041e-15,5.75751e-18,1.20664e-16,1.26237e-16,1.51136e-14,3.01471e-13,7.40163e-16,1.47324e-14,1.53175e-14
6.61910e-22,1.58251e-20,2.76669e-23,6.48996e-22,6.66069e-22,5.96871e-19,1.31816e-17,2.68529e-20,5.86046e-19,6.00337e-19,1.26237e-16,2.68767e-15,5.85848e-18,1.24269e-16,1.26859e-16,1.53175e-14,3.05019e-13,7.51407e-16,1.51136e-14,1.53813e-14
6.66069e-22,1.59160e-20,2.78546e-23,6.61910e-22,6.61919e-22,6.00337e-19,1.32507e-17,2.70230e-20,5.96871e-19,5.96873e-19,1.26859e-16,2.69935e-15,5.89068e-18,1.26237e-16,1.26237e-16,1.53813e-14,3.06119e-13,7.54957e-16,1.53175e-14,1.53175e-14
6.61919e-22,1.58253e-20,2.76674e-23,6.66069e-22,6.49014e-22,5.96873e-19,1.31816e-17,2.68530e-20,6.00337e-19,5.86049e-19,1.26237e-16,2.68767e-15,5.85848e-18,1.26859e-16,1.24269e-16,1.53175e-14,3.05019e-13,7.51408e-16,1.53813e-14,1.51136e-14
6.49014e-22,1.55413e-20,2.70884e-23,6.61919e-22,6.26075e-22,5.86049e-19,1.29641e-17,2.63252e-20,5.96873e-19,5.66631e-19,1.24269e-16,2.65042e-15,5.75753e-18,1.26237e-16,1.20665e-16,1.51136e-14,3.01471e-13,7.40164e-16,1.53175e-14,1.47324e-14
6.26075e-22,1.50303e-20,2.60699e-23,6.49014e-22,5.91199e-22,5.66631e-19,1.25686e-17,2.53893e-20,5.86049e-19,5.36743e-19,1.20665e-16,2.58104e-15,5.57518e-18,1.24269e-16,1.14964e-16,1.47324e-14,2.94718e-13,7.19472e-16,1.51136e-14,1.41137e-14
5.91199e-22,1.42412e-20,2.45423e-23,6.26075e-22,5.42216e-22,5.36743e-19,1.19490e-17,2.39705e-20,5.66631e-19,4.94189e-19,1.14964e-16,2.46901e-15,5.29208e-18,1.20665e-16,1.06604e-16,1.41137e-14,2.83504e-13,6.86562e-16,1.47324e-14,1.31795e-14
5.42216e-22,1.31134e-20,2.24286e-23,5.91199e-22,4.77221e-22,4.94189e-19,1.10497e-17,2.19840e-20,5.36743e-19,4.36942e-19,1.06604e-16,2.30086e-15,4.88515e-18,1.14964e-16,9.50195e-17,1.31795e-14,2.66141e-13,6.37984e-16,1.41137e-14,1.18464e-14
4.77221e-22,1.15911e-20,1.96655e-23,5.42216e-22,3.95215e-22,4.36942e-19,9.81631e-18,1.93557e-20,4.94189e-19,3.63775e-19,9.50195e-17,2.06239e-15,4.33260e-18,1.06604e-16,7.98114e-17,1.18464e-14,2.40721e-13,5.70238e-16,1.31795e-14,1.00474e-14
3.95215e-22,9.63956e-21,1.62266e-23,4.77221e-22,2.96743e-22,3.63775e-19,8.21152e-18,1.60480e-20,4.36942e-19,2.74943e-19,7.98114e-17,1.74241e-15,3.62078e-18,9.50195e-17,6.09469e-17,1.00474e-14,2.05555e-13,4.80771e-16,1.18464e-14,7.76050e-15
2.96743e-22,7.26439e-21,1.21450e-23,3.95215e-22,1.84340e-22,2.74943e-19,6.23299e-18,1.20844e-20,3.63775e-19,1.72674e-19,6.09469e-17,1.33785e-15,2.75212e-18,7.98114e-17,3.89554e-17,7.76050e-15,1.59852e-13,3.69205e-16,1.00474e-14,5.03867e-15
1.84340e-22,4.52508e-21,7.52697e-24,2.96743e-22,6.25524e-23,1.72674e-19,3.92810e-18,7.56708e-21,2.74943e-19,6.16617e-20,3.89554e-17,8.59075e-16,1.75227e-18,6.09469e-17,1.52320e-17,5.03867e-15,1.04467e-13,2.38431e-16,7.76050e-15,2.11477e-15
7.52538e-24,1.84308e-22,3.07882e-25,2.55035e-24,1.21429e-23,7.56682e-21,1.72669e-19,3.30713e-22,2.69314e-21,1.20841e-20,1.75224e-18,3.89549e-17,7.83013e-20,6.82234e-19,2.75208e-18,2.38429e-16,5.03864e-15,1.11129e-17,9.91067e-17,3.69202e-16
1.21429e-23,2.96700e-22,4.97804e-25,7.52538e-24,1.62243e-23,1.20841e-20,2.74936e-19,5.29489e-22,7.56682e-21,1.60475e-20,2.75208e-18,6.09461e-17,1.23385e-19,1.75224e-18,3.62073e-18,3.69202e-16,7.76047e-15,1.72853e-17,2.38429e-16,4.80769e-16
1.62243e-23,3.95168e-22,6.66962e-25,1.21429e-23,1.96632e-23,1.60475e-20,3.63768e-19,7.05409e-22,1.20841e-20,1.93553e-20,3.62073e-18,7.98106e-17,1.62981e-19,2.75208e-18,4.33255e-18,4.80769e-16,1.00474e-14,2.26202e-17,3.69202e-16,5.70236e-16
1.96632e-23,4.77176e-22,8.10935e-25,1.62243e-23,2.24265e-23,1.93553e-20,4.36934e-19,8.53898e-22,1.60475e-20,2.19836e-20,4.33255e-18,9.50186e-17,1.95886e-19,3.62073e-18,4.88511e-18,5.70236e-16,1.18464e-14,2.69699e-17,4.80769e-16,6.37981e-16
2.24265e-23,5.42175e-22,9.28010e-25,1.96632e-23,2.45405e-23,2.19836e-20,4.94182e-19,9.73473e-22,1.93553e-20,2.39702e-20,4.88511e-18,1.06603e-16,2.21851e-19,4.33255e-18,5.29205e-18,6.37981e-16,1.31794e-14,3.03269e-17,5.70236e-16,6.86560e-16
2.45405e-23,5.91165e-22,1.01874e-24,2.24265e-23,2.60685e-23,2.39702e-20,5.36737e-19,1.06517e-21,2.19836e-20,2.53891e-20,5.29205e-18,1.14964e-16,2.41314e-19,4.88511e-18,5.57516e-18,6.86560e-16,1.41137e-14,3.27835e-17,6.37981e-16,7.19470e-16
2.60685e-23,6.26049e-22,1.08518e-24,2.45405e-23,2.70874e-23,2.53891e-20,5.66627e-19,1.13162e-21,2.39702e-20,2.63250e-20,5.57516e-18,1.20664e-16,2.55095e-19,5.29205e-18,5.75751e-18,7.19470e-16,1.47324e-14,3.44815e-17,6.86560e-16,7.40163e-16
2.70874e-23,6.48996e-22,1.13001e-24,2.60685e-23,2.76669e-23,2.63250e-20,5.86046e-19,1.17603e-21,2.53891e-20,2.68529e-20,5.75751e-18,1.24269e-16,2.64115e-19,5.57516e-18,5.85848e-18,7.40163e-16,1.51136e-14,3.55688e-17,7.19470e-16,7.51407e-16
2.76669e-23,6.61910e-22,1.15573e-24,2.70874e-23,2.78546e-23,2.68529e-20,5.96871e-19,1.20134e-21,2.63250e-20,2.70230e-20,5.85848e-18,1.26237e-16,2.69171e-19,5.75751e-18,5.89068e-18,7.51407e-16,1.53175e-14,3.61681e-17,7.40163e-16,7.54957e-16
2.78546e-23,6.66069e-22,1.16411e-24,2.76669e-23,2.76674e-23,2.70230e-20,6.00337e-19,1.20954e-21,2.68529e-20,2.68530e-20,5.89068e-18,1.26859e-16,2.70795e-19,5.85848e-18,5.85848e-18,7.54957e-16,1.53813e-14,3.63587e-17,7.51407e-16,7.51408e-16
2.76674e-23,6.61919e-22,1.15576e-24,2.78546e-23,2.70884e-23,2.68530e-20,5.96873e-19,1.20134e-21,2.70230e-20,2.63252e-20,5.85848e-18,1.26237e-16,2.69171e-19,5.89068e-18,5.75753e-18,7.51408e-16,1.53175e-14,3.61681e-17,7.54957e-16,7.40164e-16
2.70884e-23,6.49014e-22,1.13006e-24,2.76674e-23,2.60699e-23,2.63252e-20,5.86049e-19,1.17604e-21,2.68530e-20,2.53893e-20,5.75753e-18,1.24269e-16,2.64116e-19,5.85848e-18,5.57518e-18,7.40164e-16,1.51136e-14,3.55689e-17,7.51408e-16,7.19472e-16
2.60699e-23,6.26075e-22,1.08525e-24,2.70884e-23,2.45423e-23,2.53893e-20,5.66631e-19,1.13163e-21,2.63252e-20,2.39705e-20,5.57518e-18,1.20665e-16,2.55097e-19,5.75753e-18,5.29208e-18,7.19472e-16,1.47324e-14,3.44816e-17,7.40164e-16,6.86562e-16
2.45423e-23,5.91199e-22,1.01883e-24,2.60699e-23,2.24286e-23,2.39705e-20,5.36743e-19,1.06519e-21,2.53893e-20,2.19840e-20,5.29208e-18,1.14964e-16,2.41316e-19,5.57518e-18,4.88515e-18,6.86562e-16,1.41137e-14,3.27836e-17,7.19472e-16,6.37984e-16
2.24286e-23,5.42216e-22,9.28120e-25,2.45423e-23,1.96655e-23,2.19840e-20,4.94189e-19,9.73493e-22,2.39705e-20,1.93557e-20,4.88515e-18,1.06604e-16,2.21854e-19,5.29208e-18,4.33260e-18,6.37984e-16,1.31795e-14,3.03271e-17,6.86562e-16,5.70238e-16
1.96655e-23,4.77221e-22,8.11055e-25,2.24286e-23,1.62266e-23,1.93557e-20,4.36942e-19,8.53920e-22,2.19840e-20,1.60480e-20,4.33260e-18,9.50195e-17,1.95889e-19,4.88515e-18,3.62078e-18,5.70238e-16,1.18464e-14,2.69701e-17,6.37984e-16,4.80771e-16
1.62266e-23,3.95215e-22,6.67083e-25,1.96655e-23,1.21450e-23,1.60480e-20,3.63775e-19,7.05431e-22,1.93557e-20,1.20844e-20,3.62078e-18,7.98114e-17,1.62983e-19,4.33260e-18,2.75212e-18,4.80771e-16,1.00474e-14,2.26204e-17,5.70238e-16,3.69205e-16
1.21450e-23,2.96743e-22,4.97912e-25,1.62266e-23,7.52697e-24,1.20844e-20,2.74943e-19,5.29507e-22,1.60480e-20,7.56708e-21,2.75212e-18,6.09469e-17,1.23387e-19,3.62078e-18,1.75227e-18,3.69205e-16,7.76050e-15,1.72854e-17,4.80771e-16,2.38431e-16
7.52697e-24,1.84340e-22,3.07961e-25,1.21450e-23,2.55096e-24,7.56708e-21,1.72674e-19,3.30726e-22,1.20844e-20,2.69324e-21,1.75227e-18,3.89554e-17,7.83028e-20,2.75212e-18,6.82246e-19,2.38431e-16,5.03867e-15,1.11130e-17,3.69205e-16,9.91076e-17
3.07882e-25,7.52538e-24,1.26183e-26,1.04229e-25,4.97804e-25,3.30713e-22,7.56682e-21,1.44202e-23,1.17362e-22,5.29489e-22,7.83013e-20,1.75224e-18,3.47996e-21,3.03779e-20,1.23385e-19,1.11129e-17,2.38429e-16,5.11673e-19,4.58332e-18,1.72853e-17
4.97804e-25,1.21429e-23,2.04381e-26,3.07882e-25,6.66962e-25,5.29489e-22,1.20841e-20,2.31387e-23,3.30713e-22,7.05409e-22,1.23385e-19,2.75208e-18,5.49910e-21,7.83013e-20,1.62981e-19,1.72853e-17,3.69202e-16,7.98888e-19,1.11129e-17,2.26202e-17
6.66962e-25,1.62243e-23,2.74494e-26,4.97804e-25,8.10935e-25,7.05409e-22,1.60475e-20,3.09126e-23,5.29489e-22,8.53898e-22,1.62981e-19,3.62073e-18,7.28904e-21,1.23385e-19,1.95886e-19,2.26202e-17,4.80769e-16,1.04993e-18,1.72853e-17,2.69699e-17
8.10935e-25,1.96632e-23,3.34693e-26,6.66962e-25,9.28010e-25,8.53898e-22,1.93553e-20,3.75390e-23,7.05409e-22,9.73473e-22,1.95886e-19,4.33255e-18,8.79473e-21,1.62981e-19,2.21851e-19,2.69699e-17,5.70236e-16,1.25758e-18,2.26202e-17,3.03269e-17
9.28010e-25,2.24265e-23,3.84156e-26,8.10935e-25,1.01874e-24,9.73473e-22,2.19836e-20,4.29374e-23,8.53898e-22,1.06517e-21,2.21851e-19,4.88511e-18,9.99985e-21,1.95886e-19,2.41314e-19,3.03269e-17,6.37981e-16,1.42053e-18,2.69699e-17,3.27835e-17
1.01874e-24,2.45405e-23,4.22923e-26,9.28010e-25,1.08518e-24,1.06517e-21,2.39702e-20,4.71297e-23,9.73473e-22,1.13162e-21,2.41314e-19,5.29205e-18,1.09172e-20,2.21851e-19,2.55095e-19,3.27835e-17,6.86560e-16,1.54193e-18,3.03269e-17,3.44815e-17
1.08518e-24,2.60685e-23,4.51633e-26,1.01874e-24,1.13001e-24,1.13162e-21,2.53891e-20,5.02062e-23,1.06517e-21,1.17603e-21,2.55095e-19,5.57516e-18,1.15768e-20,2.41314e-19,2.64115e-19,3.44815e-17,7.19470e-16,1.62735e-18,3.27835e-17,3.55688e-17
1.13001e-24,2.70874e-23,4.71200e-26,1.08518e-24,1.15573e-24,1.17603e-21,2.63250e-20,5.22858e-23,1.13162e-21,1.20134e-21,2.64115e-19,5.75751e-18,1.20146e-20,2.55095e-19,2.69171e-19,3.55688e-17,7.40163e-16,1.68294e-18,3.44815e-17,3.61681e-17
1.15573e-24,2.76669e-23,4.82517e-26,1.13001e-24,1.16411e-24,1.20134e-21,2.68529e-20,5.34810e-23,1.17603e-21,1.20954e-21,2.69171e-19,5.85848e-18,1.22626e-20,2.64115e-19,2.70795e-19,3.61681e-17,7.51407e-16,1.71396e-18,3.55688e-17,3.63587e-17
1.16411e-24,2.78546e-23,4.86218e-26,1.15573e-24,1.15576e-24,1.20954e-21,2.70230e-20,5.38702e-23,1.20134e-21,1.20134e-21,2.70795e-19,5.89068e-18,1.23428e-20,2.69171e-19,2.69171e-19,3.63587e-17,7.54957e-16,1.72390e-18,3.61681e-17,3.61681e-17
1.15576e-24,2.76674e-23,4.82530e-26,1.16411e-24,1.13006e-24,1.20134e-21,2.68530e-20,5.34813e-23,1.20954e-21,1.17604e-21,2.69171e-19,5.85848e-18,1.22627e-20,2.70795e-19,2.64116e-19,3.61681e-17,7.51408e-16,1.71397e-18,3.63587e-17,3.55689e-17
1.13006e-24,2.70884e-23,4.71225e-26,1.15576e-24,1.08525e-24,1.17604e-21,2.63252e-20,5.22863e-23,1.20134e-21,1.13163e-21,2.64116e-19,5.75753e-18,1.20146e-20,2.69171e-19,2.55097e-19,3.55689e-17,7.40164e-16,1.68295e-18,3.61681e-17,3.44816e-17
1.08525e-24,2.60699e-23,4.51669e-26,1.13006e-24,1.01883e-24,1.13163e-21,2.53893e-20,5.02069e-23,1.17604e-21,1.06519e-21,2.55097e-19,5.57518e-18,1.15769e-20,2.64116e-19,2.41316e-19,3.44816e-17,7.19472e-16,1.62736e-18,3.55689e-17,3.27836e-17
1.01883e-24,2.45423e-23,4.22970e-26,1.08525e-24,9.28120e-25,1.06519e-21,2.39705e-20,4.71306e-23,1.13163e-21,9.73493e-22,2.41316e-19,5.29208e-18,1.09173e-20,2.55097e-19,2.21854e-19,3.27836e-17,6.86562e-16,1.54194e-18,3.44816e-17,3.03271e-17
9.28120e-25,2.24286e-23,3.84211e-26,1.01883e-24,8.11055e-25,9.73493e-22,2.19840e-20,4.29384e-23,1.06519e-21,8.53920e-22,2.21854e-19,4.88515e-18,9.99998e-21,2.41316e-19,1.95889e-19,3.03271e-17,6.37984e-16,1.42054e-18,3.27836e-17,2.69701e-17
8.11055e-25,1.96655e-23,3.34753e-26,9.28120e-25,6.67083e-25,8.53920e-22,1.93557e-20,3.75401e-23,9.73493e-22,7.05431e-22,1.95889e-19,4.33260e-18,8.79487e-21,2.21854e-19,1.62983e-19,2.69701e-17,5.70238e-16,1.25759e-18,3.03271e-17,2.26204e-17
6.67083e-25,1.62266e-23,2.74554e-26,8.11055e-25,4.97912e-25,7.05431e-22,1.60480e-20,3.09137e-23,8.53920e-22,5.29507e-22,1.62983e-19,3.62078e-18,7.28917e-21,1.95889e-19,1.23387e-19,2.26204e-17,4.80771e-16,1.04994e-18,2.69701e-17,1.72854e-17
4.97912e-25,1.21450e-23,2.04435e-26,6.67083e-25,3.07961e-25,5.29507e-22,1.20844e-20,2.31397e-23,7.05431e-22,3.30726e-22,1.23387e-19,2.75212e-18,5.49922e-21,1.62983e-19,7.83028e-20,1.72854e-17,3.69205e-16,7.98896e-19,2.26204e-17,1.11130e-17
3.07961e-25,7.52697e-24,1.26222e-26,4.97912e-25,1.04259e-25,3.30726e-22,7.56708e-21,1.44209e-23,5.29507e-22,1.17367e-22,7.83028e-20,1.75227e-18,3.48004e-21,1.23387e-19,3.03786e-20,1.11130e-17,2.38431e-16,5.11679e-19,1.72854e-17,4.58336e-18
1.26183e-26,3.07882e-25,5.17950e-28,4.26778e-27,2.04381e-26,1.44202e-23,3.30713e-22,6.27470e-25,5.10411e-24,2.31387e-23,3.47996e-21,7.83013e-20,1.53953e-22,1.34601e-21,5.49910e-21,5.11673e-19,1.11129e-17,2.33253e-20,2.09685e-19,7.98888e-19
2.04381e-26,4.97804e-25,8.40226e-28,1.26183e-26,2.74494e-26,2.31387e-23,5.29489e-22,1.00879e-24,1.44202e-23,3.09126e-23,5.49910e-21,1.23385e-19,2.43873e-22,3.47996e-21,7.28904e-21,7.98888e-19,1.72853e-17,3.65363e-20,5.11673e-19,1.04993e-18
2.74494e-26,6.66962e-25,1.13086e-27,2.04381e-26,3.34693e-26,3.09126e-23,7.05409e-22,1.35101e-24,2.31387e-23,3.75390e-23,7.28904e-21,1.62981e-19,3.24230e-22,5.49910e-21,8.79473e-21,1.04993e-18,2.26202e-17,4.81954e-20,7.98888e-19,1.25758e-18
3.34693e-26,8.10935e-25,1.38232e-27,2.74494e-26,3.84156e-26,3.75390e-23,8.53898e-22,1.64523e-24,3.09126e-23,4.29374e-23,8.79473e-21,1.95886e-19,3.92543e-22,7.28904e-21,9.99985e-21,1.25758e-18,2.69699e-17,5.79612e-20,1.04993e-18,1.42053e-18
3.84156e-26,9.28010e-25,1.59080e-27,3.34693e-26,4.22923e-26,4.29374e-23,9.73473e-22,1.88735e-24,3.75390e-23,4.71297e-23,9.99985e-21,2.21851e-19,4.47902e-22,8.79473e-21,1.09172e-20,1.42053e-18,3.03269e-17,6.57380e-20,1.25758e-18,1.54193e-18
4.22923e-26,1.01874e-24,1.75583e-27,3.84156e-26,4.51633e-26,4.71297e-23,1.06517e-21,2.07746e-24,4.29374e-23,5.02062e-23,1.09172e-20,2.41314e-19,4.90611e-22,9.99985e-21,1.15768e-20,1.54193e-18,3.27835e-17,7.16237e-20,1.42053e-18,1.62735e-18
4.51633e-26,1.08518e-24,1.87924e-27,4.22923e-26,4.71200e-26,5.02062e-23,1.13162e-21,2.21849e-24,4.71297e-23,5.22858e-23,1.15768e-20,2.55095e-19,5.21736e-22,1.09172e-20,1.20146e-20,1.62735e-18,3.44815e-17,7.58309e-20,1.54193e-18,1.68294e-18
4.71200e-26,1.13001e-24,1.96409e-27,4.51633e-26,4.82517e-26,5.22858e-23,1.17603e-21,2.31478e-24,5.02062e-23,5.34810e-23,1.20146e-20,2.64115e-19,5.42644e-22,1.15768e-20,1.22626e-20,1.68294e-18,3.55688e-17,7.86078e-20,1.62735e-18,1.71396e-18
4.82517e-26,1.15573e-24,2.01349e-27,4.71200e-26,4.86218e-26,5.34810e-23,1.20134e-21,2.37053e-24,5.22858e-23,5.38702e-23,1.22626e-20,2.69171e-19,5.54602e-22,1.20146e-20,1.23428e-20,1.71396e-18,3.61681e-17,8.01747e-20,1.68294e-18,1.72390e-18
4.86218e-26,1.16411e-24,2.02971e-27,4.82517e-26,4.82530e-26,5.38702e-23,1.20954e-21,2.38875e-24,5.34810e-23,5.34813e-23,1.23428e-20,2.70795e-19,5.58484e-22,1.22626e-20,1.22627e-20,1.72390e-18,3.63587e-17,8.06796e-20,1.71396e-18,1.71397e-18
4.82530e-26,1.15576e-24,2.01356e-27,4.86218e-26,4.71225e-26,5.34813e-23,1.20134e-21,2.37054e-24,5.38702e-23,5.22863e-23,1.22627e-20,2.69171e-19,5.54603e-22,1.23428e-20,1.20146e-20,1.71397e-18,3.61681e-17,8.01748e-20,1.72390e-18,1.68295e-18
4.71225e-26,1.13006e-24,1.96421e-27,4.82530e-26,4.51669e-26,5.22863e-23,1.17604e-21,2.31480e-24,5.34813e-23,5.02069e-23,1.20146e-20,2.64116e-19,5.42647e-22,1.22627e-20,1.15769e-20,1.68295e-18,3.55689e-17,7.86081e-20,1.71397e-18,1.62736e-18
4.51669e-26,1.08525e-24,1.87942e-27,4.71225e-26,4.22970e-26,5.02069e-23,1.13163e-21,2.21853e-24,5.22863e-23,4.71306e-23,1.15769e-20,2.55097e-19,5.21741e-22,1.20146e-20,1.09173e-20,1.62736e-18,3.44816e-17,7.58312e-20,1.68295e-18,1.54194e-18
4.22970e-26,1.01883e-24,1.75606e-27,4.51669e-26,3.84211e-26,4.71306e-23,1.06519e-21,2.07750e-24,5.02069e-23,4.29384e-23,1.09173e-20,2.41316e-19,4.90617e-22,1.15769e-20,9.99998e-21,1.54194e-18,3.27836e-17,7.16242e-20,1.62736e-18,1.42054e-18
3.84211e-26,9.28120e-25,1.59108e-27,4.22970e-26,3.34753e-26,4.29384e-23,9.73493e-22,1.88741e-24,4.71306e-23,3.75401e-23,9.99998e-21,2.21854e-19,4.47909e-22,1.09173e-20,8.79487e-21,1.42054e-18,3.03271e-17,6.57385e-20,1.54194e-18,1.25759e-18
3.34753e-26,8.11055e-25,1.38261e-27,3.84211e-26,2.74554e-26,3.75401e-23,8.53920e-22,1.64529e-24,4.29384e-23,3.09137e-23,8.79487e-21,1.95889e-19,3.92550e-22,9.99998e-21,7.28917e-21,1.25759e-18,2.69701e-17,5.79617e-20,1.42054e-18,1.04994e-18
2.74554e-26,6.67083e-25,1.13115e-27,3.34753e-26,2.04435e-26,3.09137e-23,7.05431e-22,1.35107e-24,3.75401e-23,2.31397e-23,7.28917e-21,1.62983e-19,3.24237e-22,8.79487e-21,5.49922e-21,1.04994e-18,2.26204e-17,4.81959e-20,1.25759e-18,7.98896e-19
2.04435e-26,4.97912e-25,8.40483e-28,2.74554e-26,1.26222e-26,2.31397e-23,5.29507e-22,1.00884e-24,3.09137e-23,1.44209e-23,5.49922e-21,1.23387e-19,2.43879e-22,7.28917e-21,3.48004e-21,7.98896e-19,1.72854e-17,3.65367e-20,1.04994e-18,5.11679e-19
1.26222e-26,3.07961e-25,5.18135e-28,2.04435e-26,4.26926e-27,1.44209e-23,3.30726e-22,6.27504e-25,2.31397e-23,5.10437e-24,3.48004e-21,7.83028e-20,1.53957e-22,5.49922e-21,1.34605e-21,5.11679e-19,1.11130e-17,2.33257e-20,7.98896e-19,2.09688e-19
5.17950e-28,1.26183e-26,2.12894e-29,1.75039e-28,8.40226e-28,6.27470e-25,1.44202e-23,2.72527e-26,2.21580e-25,1.00879e-24,1.53953e-22,3.47996e-21,6.78432e-24,5.93928e-23,2.43873e-22,2.33253e-20,5.11673e-19,1.05459e-21,9.50811e-21,3.65363e-20
8.40226e-28,2.04381e-26,3.45827e-29,5.17950e-28,1.13086e-27,1.00879e-24,2.31387e-23,4.38894e-26,6.27470e-25,1.35101e-24,2.43873e-22,5.49910e-21,1.07697e-23,1.53953e-22,3.24230e-22,3.65363e-20,7.98888e-19,1.65648e-21,2.33253e-20,4.81954e-20
1.13086e-27,2.74494e-26,4.66318e-29,8.40226e-28,1.38232e-27,1.35101e-24,3.09126e-23,5.89048e-26,1.00879e-24,1.64523e-24,3.24230e-22,7.28904e-21,1.43563e-23,2.43873e-22,3.92543e-22,4.81954e-20,1.04993e-18,2.19216e-21,3.65363e-20,5.79612e-20
1.38232e-27,3.34693e-26,5.71269e-29,1.13086e-27,1.59080e-27,1.64523e-24,3.75390e-23,7.19108e-26,1.35101e-24,1.88735e-24,3.92543e-22,8.79473e-21,1.74334e-23,3.24230e-22,4.47902e-22,5.79612e-20,1.25758e-18,2.64579e-21,4.81954e-20,6.57380e-20
1.59080e-27,3.84156e-26,6.58979e-29,1.38232e-27,1.75583e-27,1.88735e-24,4.29374e-23,8.27091e-26,1.64523e-24,2.07746e-24,4.47902e-22,9.99985e-21,1.99543e-23,3.92543e-22,4.90611e-22,6.57380e-20,1.42053e-18,3.01171e-21,5.79612e-20,7.16237e-20
1.75583e-27,4.22923e-26,7.29000e-29,1.59080e-27,1.87924e-27,2.07746e-24,4.71297e-23,9.12690e-26,1.88735e-24,2.21849e-24,4.90611e-22,1.09172e-20,2.19220e-23,4.47902e-22,5.21736e-22,7.16237e-20,1.54193e-18,3.29252e-21,6.57380e-20,7.58309e-20
1.87924e-27,4.51633e-26,7.81814e-29,1.75583e-27,1.96409e-27,2.21849e-24,5.02062e-23,9.76803e-26,2.07746e-24,2.31478e-24,5.21736e-22,1.15768e-20,2.33730e-23,4.90611e-22,5.42644e-22,7.58309e-20,1.62735e-18,3.49604e-21,7.16237e-20,7.86078e-20
1.96409e-27,4.71200e-26,8.18403e-29,1.87924e-27,2.01349e-27,2.31478e-24,5.22858e-23,1.02094e-25,2.21849e-24,2.37053e-24,5.42644e-22,1.20146e-20,2.43580e-23,5.21736e-22,5.54602e-22,7.86078e-20,1.68294e-18,3.63207e-21,7.58309e-20,8.01747e-20
2.01349e-27,4.82517e-26,8.39832e-29,1.96409e-27,2.02971e-27,2.37053e-24,5.34810e-23,1.04667e-25,2.31478e-24,2.38875e-24,5.54602e-22,1.22626e-20,2.49258e-23,5.42644e-22,5.58484e-22,8.01747e-20,1.71396e-18,3.70955e-21,7.86078e-20,8.06796e-20
2.02971e-27,4.86218e-26,8.46888e-29,2.01349e-27,2.01356e-27,2.38875e-24,5.38702e-23,1.05511e-25,2.37053e-24,2.37054e-24,5.58484e-22,1.23428e-20,2.51110e-23,5.54602e-22,5.54603e-22,8.06796e-20,1.72390e-18,3.73466e-21,8.01747e-20,8.01748e-20
2.01356e-27,4.82530e-26,8.39861e-29,2.02971e-27,1.96421e-27,2.37054e-24,5.34813e-23,1.04668e-25,2.38875e-24,2.31480e-24,5.54603e-22,1.22627e-20,2.49259e-23,5.58484e-22,5.42647e-22,8.01748e-20,1.71397e-18,3.70956e-21,8.06796e-20,7.86081e-20
1.96421e-27,4.71225e-26,8.18463e-29,2.01356e-27,1.87942e-27,2.31480e-24,5.22863e-23,1.02096e-25,2.37054e-24,2.21853e-24,5.42647e-22,1.20146e-20,2.43581e-23,5.54603e-22,5.21741e-22,7.86081e-20,1.68295e-18,3.63208e-21,8.01748e-20,7.58312e-20
1.87942e-27,4.51669e-26,7.81900e-29,1.96421e-27,1.75606e-27,2.21853e-24,5.02069e-23,9.76823e-26,2.31480e-24,2.07750e-24,5.21741e-22,1.15769e-20,2.33732e-23,5.42647e-22,4.90617e-22,7.58312e-20,1.62736e-18,3.49606e-21,7.86081e-20,7.16242e-20
1.75606e-27,4.22970e-26,7.29111e-29,1.87942e-27,1.59108e-27,2.07750e-24,4.71306e-23,9.12715e-26,2.21853e-24,1.88741e-24,4.90617e-22,1.09173e-20,2.19223e-23,5.21741e-22,4.47909e-22,7.16242e-20,1.54194e-18,3.29254e-21,7.58312e-20,6.57385e-20
1.59108e-27,3.84211e-26,6.59108e-29,1.75606e-27,1.38261e-27,1.88741e-24,4.29384e-23,8.27120e-26,2.07750e-24,1.64529e-24,4.47909e-22,9.99998e-21,1.99546e-23,4.90617e-22,3.92550e-22,6.57385e-20,1.42054e-18,3.01174e-21,7.16242e-20,5.79617e-20
1.38261e-27,3.34753e-26,5.71409e-29,1.59108e-27,1.13115e-27,1.64529e-24,3.75401e-23,7.19139e-26,1.88741e-24,1.35107e-24,3.92550e-22,8.79487e-21,1.74338e-23,4.47909e-22,3.24237e-22,5.79617e-20,1.25759e-18,2.64582e-21,6.57385e-20,4.81959e-20
1.13115e-27,2.74554e-26,4.66456e-29,1.38261e-27,8.40483e-28,1.35107e-24,3.09137e-23,5.89077e-26,1.64529e-24,1.00884e-24,3.24237e-22,7.28917e-21,1.43566e-23,3.92550e-22,2.43879e-22,4.81959e-20,1.04994e-18,2.19219e-21,5.79617e-20,3.65367e-20
8.40483e-28,2.04435e-26,3.45948e-29,1.13115e-27,5.18135e-28,1.00884e-24,2.31397e-23,4.38919e-26,1.35107e-24,6.27504e-25,2.43879e-22,5.49922e-21,1.07700e-23,3.24237e-22,1.53957e-22,3.65367e-20,7.98896e-19,1.65651e-21,4.81959e-20,2.33257e-20
5.18135e-28,1.26222e-26,2.12981e-29,8.40483e-28,1.75110e-28,6.27504e-25,1.44209e-23,2.72543e-26,1.00884e-24,2.21593e-25,1.53957e-22,3.48004e-21,6.78454e-24,2.43879e-22,5.93946e-23,2.33257e-20,5.11679e-19,1.05461e-21,3.65367e-20,9.50826e-21
2.12894e-29,5.17950e-28,8.76117e-31,7.18958e-30,3.45827e-29,2.72527e-26,6.27470e-25,1.18167e-27,9.60361e-27,4.38894e-26,6.78432e-24,1.53953e-22,2.97964e-25,2.61140e-24,1.07697e-23,1.05459e-21,2.33253e-20,4.73524e-23,4.27964e-22,1.65648e-21
3.45827e-29,8.40226e-28,1.42487e-30,2.12894e-29,4.66318e-29,4.38894e-26,1.00879e-24,1.90592e-27,2.72527e-26,5.89048e-26,1.07697e-23,2.43873e-22,4.73878e-25,6.78432e-24,1.43563e-23,1.65648e-21,3.65363e-20,7.45578e-23,1.05459e-21,2.19216e-21
4.66318e-29,1.13086e-27,1.92448e-30,3.45827e-29,5.71269e-29,5.89048e-26,1.35101e-24,2.56284e-27,4.38894e-26,7.19108e-26,1.43563e-23,3.24230e-22,6.33163e-25,1.07697e-23,1.74334e-23,2.19216e-21,4.81954e-20,9.89486e-23,1.65648e-21,2.64579e-21
5.71269e-29,1.38232e-27,2.36223e-30,4.66318e-29,6.58979e-29,7.19108e-26,1.64523e-24,3.13559e-27,5.89048e-26,8.27091e-26,1.74334e-23,3.92543e-22,7.70929e-25,1.43563e-23,1.99543e-23,2.64579e-21,5.79612e-20,1.19804e-22,2.19216e-21,3.01171e-21
6.58979e-29,1.59080e-27,2.73062e-30,5.71269e-29,7.29000e-29,8.27091e-26,1.88735e-24,3.61481e-27,7.19108e-26,9.12690e-26,1.99543e-23,4.47902e-22,8.84862e-25,1.74334e-23,2.19220e-23,3.01171e-21,6.57380e-20,1.36817e-22,2.64579e-21,3.29252e-21
7.29000e-29,1.75583e-27,3.02693e-30,6.58979e-29,7.81814e-29,9.12690e-26,2.07746e-24,3.99788e-27,8.27091e-26,9.76803e-26,2.19220e-23,4.90611e-22,9.74718e-25,1.99543e-23,2.33730e-23,3.29252e-21,7.16237e-20,1.50034e-22,3.01171e-21,3.49604e-21
7.81814e-29,1.87924e-27,3.25209e-30,7.29000e-29,8.18403e-29,9.76803e-26,2.21849e-24,4.28719e-27,9.12690e-26,1.02094e-25,2.33730e-23,5.21736e-22,1.04166e-24,2.19220e-23,2.43580e-23,3.49604e-21,7.58309e-20,1.59730e-22,3.29252e-21,3.63207e-21
8.18403e-29,1.96409e-27,3.40911e-30,7.81814e-29,8.39832e-29,1.02094e-25,2.31478e-24,4.48785e-27,9.76803e-26,1.04667e-25,2.43580e-23,5.42644e-22,1.08751e-24,2.33730e-23,2.49258e-23,3.63207e-21,7.86078e-20,1.66282e-22,3.49604e-21,3.70955e-21
8.39832e-29,2.01349e-27,3.50153e-30,8.18403e-29,8.46888e-29,1.04667e-25,2.37053e-24,4.60545e-27,1.02094e-25,1.05511e-25,2.49258e-23,5.54602e-22,1.11414e-24,2.43580e-23,2.51110e-23,3.70955e-21,8.01747e-20,1.70046e-22,3.63207e-21,3.73466e-21
8.46888e-29,2.02971e-27,3.53205e-30,8.39832e-29,8.39861e-29,1.05511e-25,2.38875e-24,4.64415e-27,1.04667e-25,1.04668e-25,2.51110e-23,5.58484e-22,1.12285e-24,2.49258e-23,2.49259e-23,3.73466e-21,8.06796e-20,1.71271e-22,3.70955e-21,3.70956e-21
8.39861e-29,2.01356e-27,3.50167e-30,8.46888e-29,8.18463e-29,1.04668e-25,2.37054e-24,4.60549e-27,1.05511e-25,1.02096e-25,2.49259e-23,5.54603e-22,1.11414e-24,2.51110e-23,2.43581e-23,3.70956e-21,8.01748e-20,1.70046e-22,3.73466e-21,3.63208e-21
8.18463e-29,1.96421e-27,3.40939e-30,8.39861e-29,7.81900e-29,1.02096e-25,2.31480e-24,4.48792e-27,1.04668e-25,9.76823e-26,2.43581e-23,5.42647e-22,1.08752e-24,2.49259e-23,2.33732e-23,3.63208e-21,7.86081e-20,1.66283e-22,3.70956e-21,3.49606e-21
7.81900e-29,1.87942e-27,3.25249e-30,8.18463e-29,7.29111e-29,9.76823e-26,2.21853e-24,4.28729e-27,1.02096e-25,9.12715e-26,2.33732e-23,5.21741e-22,1.04167e-24,2.43581e-23,2.19223e-23,3.49606e-21,7.58312e-20,1.59731e-22,3.63208e-21,3.29254e-21
7.29111e-29,1.75606e-27,3.02744e-30,7.81900e-29,6.59108e-29,9.12715e-26,2.07750e-24,3.99801e-27,9.76823e-26,8.27120e-26,2.19223e-23,4.90617e-22,9.74735e-25,2.33732e-23,1.99546e-23,3.29254e-21,7.16242e-20,1.50035e-22,3.49606e-21,3.01174e-21
6.59108e-29,1.59108e-27,2.73122e-30,7.29111e-29,5.71409e-29,8.27120e-26,1.88741e-24,3.61495e-27,9.12715e-26,7.19139e-26,1.99546e-23,4.47909e-22,8.84882e-25,2.19223e-23,1.74338e-23,3.01174e-21,6.57385e-20,1.36818e-22,3.29254e-21,2.64582e-21
5.71409e-29,1.38261e-27,2.36288e-30,6.59108e-29,4.66456e-29,7.19139e-26,1.64529e-24,3.13574e-27,8.27120e-26,5.89077e-26,1.74338e-23,3.92550e-22,7.70949e-25,1.99546e-23,1.43566e-23,2.64582e-21,5.79617e-20,1.19805e-22,3.01174e-21,2.19219e-21
4.66456e-29,1.13115e-27,1.92512e-30,5.71409e-29,3.45948e-29,5.89077e-26,1.35107e-24,2.56299e-27,7.19139e-26,4.38919e-26,1.43566e-23,3.24237e-22,6.33182e-25,1.74338e-23,1.07700e-23,2.19219e-21,4.81959e-20,9.89502e-23,2.64582e-21,1.65651e-21
3.45948e-29,8.40483e-28,1.42542e-30,4.66456e-29,2.12981e-29,4.38919e-26,1.00884e-24,1.90605e-27,5.89077e-26,2.72543e-26,1.07700e-23,2.43879e-22,4.73895e-25,1.43566e-23,6.78454e-24,1.65651e-21,3.65367e-20,7.45591e-23,2.19219e-21,1.05461e-21
2.12981e-29,5.18135e-28,8.76513e-31,3.45948e-29,7.19285e-30,2.72543e-26,6.27504e-25,1.18176e-27,4.38919e-26,9.60429e-27,6.78454e-24,1.53957e-22,2.97975e-25,1.07700e-23,2.61149e-24,1.05461e-21,2.33257e-20,4.73533e-23,1.65651e-21,4.27972e-22
8.76117e-31,2.12894e-29,3.60929e-32,2.95686e-31,1.42487e-30,1.18167e-27,2.72527e-26,5.11594e-29,4.15621e-28,1.90592e-27,2.97964e-25,6.78432e-24,1.30481e-26,1.14465e-25,4.73878e-25,4.73524e-23,1.05459e-21,2.11383e-24,1.91433e-23,7.45578e-23
1.42487e-30,3.45827e-29,5.87612e-32,8.76117e-31,1.92448e-30,1.90592e-27,4.38894e-26,8.26260e-29,1.18167e-27,2.56284e-27,4.73878e-25,1.07697e-23,2.07855e-26,2.97964e-25,6.33163e-25,7.45578e-23,1.65648e-21,3.33530e-24,4.73524e-23,9.89486e-23
1.92448e-30,4.66318e-29,7.94811e-32,1.42487e-30,2.36223e-30,2.56284e-27,5.89048e-26,1.11292e-28,1.90592e-27,3.13559e-27,6.33163e-25,1.43563e-23,2.78293e-26,4.73878e-25,7.70929e-25,9.89486e-23,2.19216e-21,4.43749e-24,7.45578e-23,1.19804e-22
2.36223e-30,5.71269e-29,9.77298e-32,1.92448e-30,2.73062e-30,3.13559e-27,7.19108e-26,1.36429e-28,2.56284e-27,3.61481e-27,7.70929e-25,1.74334e-23,3.39646e-26,6.33163e-25,8.84862e-25,1.19804e-22,2.64579e-21,5.38788e-24,9.89486e-23,1.36817e-22
2.73062e-30,6.58979e-29,1.13181e-31,2.36223e-30,3.02693e-30,3.61481e-27,8.27091e-26,1.57605e-28,3.13559e-27,3.99788e-27,8.84862e-25,1.99543e-23,3.90810e-26,7.70929e-25,9.74718e-25,1.36817e-22,3.01171e-21,6.17095e-24,1.19804e-22,1.50034e-22
3.02693e-30,7.29000e-29,1.25691e-31,2.73062e-30,3.25209e-30,3.99788e-27,9.12690e-26,1.74657e-28,3.61481e-27,4.28719e-27,9.74718e-25,2.19220e-23,4.31526e-26,8.84862e-25,1.04166e-24,1.50034e-22,3.29252e-21,6.78585e-24,1.36817e-22,1.59730e-22
3.25209e-30,7.81814e-29,1.35259e-31,3.02693e-30,3.40911e-30,4.28719e-27,9.76803e-26,1.87629e-28,3.99788e-27,4.48785e-27,1.04166e-24,2.33730e-23,4.62130e-26,9.74718e-25,1.08751e-24,1.59730e-22,3.49604e-21,7.24183e-24,1.50034e-22,1.66282e-22
3.40911e-30,8.18403e-29,1.41970e-31,3.25209e-30,3.50153e-30,4.48785e-27,1.02094e-25,1.96683e-28,4.28719e-27,4.60545e-27,1.08751e-24,2.43580e-23,4.83264e-26,1.04166e-24,1.11414e-24,1.66282e-22,3.63207e-21,7.55290e-24,1.59730e-22,1.70046e-22
3.50153e-30,8.39832e-29,1.45938e-31,3.40911e-30,3.53205e-30,4.60545e-27,1.04667e-25,2.02016e-28,4.48785e-27,4.64415e-27,1.11414e-24,2.49258e-23,4.95607e-26,1.08751e-24,1.12285e-24,1.70046e-22,3.70955e-21,7.73291e-24,1.66282e-22,1.71271e-22
3.53205e-30,8.46888e-29,1.47251e-31,3.50153e-30,3.50167e-30,4.64415e-27,1.05511e-25,2.03775e-28,4.60545e-27,4.60549e-27,1.12285e-24,2.51110e-23,4.99662e-26,1.11414e-24,1.11414e-24,1.71271e-22,3.73466e-21,7.79173e-24,1.70046e-22,1.70046e-22
3.50167e-30,8.39861e-29,1.45944e-31,3.53205e-30,3.40939e-30,4.60549e-27,1.04668e-25,2.02018e-28,4.64415e-27,4.48792e-27,1.11414e-24,2.49259e-23,4.95610e-26,1.12285e-24,1.08752e-24,1.70046e-22,3.70956e-21,7.73293e-24,1.71271e-22,1.66283e-22
3.40939e-30,8.18463e-29,1.41983e-31,3.50167e-30,3.25249e-30,4.48792e-27,1.02096e-25,1.96687e-28,4.60549e-27,4.28729e-27,1.08752e-24,2.43581e-23,4.83269e-26,1.11414e-24,1.04167e-24,1.66283e-22,3.63208e-21,7.55295e-24,1.70046e-22,1.59731e-22
3.25249e-30,7.81900e-29,1.35278e-31,3.40939e-30,3.02744e-30,4.28729e-27,9.76823e-26,1.87634e-28,4.48792e-27,3.99801e-27,1.04167e-24,2.33732e-23,4.62137e-26,1.08752e-24,9.74735e-25,1.59731e-22,3.49606e-21,7.24189e-24,1.66283e-22,1.50035e-22
3.02744e-30,7.29111e-29,1.25715e-31,3.25249e-30,2.73122e-30,3.99801e-27,9.12715e-26,1.74663e-28,4.28729e-27,3.61495e-27,9.74735e-25,2.19223e-23,4.31535e-26,1.04167e-24,8.84882e-25,1.50035e-22,3.29254e-21,6.78593e-24,1.59731e-22,1.36818e-22
2.73122e-30,6.59108e-29,1.13209e-31,3.02744e-30,2.36288e-30,3.61495e-27,8.27120e-26,1.57613e-28,3.99801e-27,3.13574e-27,8.84882e-25,1.99546e-23,3.90820e-26,9.74735e-25,7.70949e-25,1.36818e-22,3.01174e-21,6.17104e-24,1.50035e-22,1.19805e-22
2.36288e-30,5.71409e-29,9.77593e-32,2.73122e-30,1.92512e-30,3.13574e-27,7.19139e-26,1.36437e-28,3.61495e-27,2.56299e-27,7.70949e-25,1.74338e-23,3.39657e-26,8.84882e-25,6.33182e-25,1.19805e-22,2.64582e-21,5.38797e-24,1.36818e-22,9.89502e-23
1.92512e-30,4.66456e-29,7.95100e-32,2.36288e-30,1.42542e-30,2.56299e-27,5.89077e-26,1.11299e-28,3.13574e-27,1.90605e-27,6.33182e-25,1.43566e-23,2.78303e-26,7.70949e-25,4.73895e-25,9.89502e-23,2.19219e-21,4.43757e-24,1.19805e-22,7.45591e-23
1.42542e-30,3.45948e-29,5.87864e-32,1.92512e-30,8.76513e-31,1.90605e-27,4.38919e-26,8.26321e-29,2.56299e-27,1.18176e-27,4.73895e-25,1.07700e-23,2.07864e-26,6.33182e-25,2.97975e-25,7.45591e-23,1.65651e-21,3.33537e-24,9.89502e-23,4.73533e-23
8.76513e-31,2.12981e-29,3.61108e-32,1.42542e-30,2.95835e-31,1.18176e-27,2.72543e-26,5.11636e-29,1.90605e-27,4.15654e-28,2.97975e-25,6.78454e-24,1.30487e-26,4.73895e-25,1.14470e-25,4.73533e-23,1.05461e-21,2.11388e-24,7.45591e-23,1.91437e-23
3.60929e-32,8.76117e-31,1.48830e-33,1.21745e-32,5.87612e-32,5.11594e-29,1.18167e-27,2.21181e-30,1.79627e-29,8.26260e-29,1.30481e-26,2.97964e-25,5.69916e-28,5.00379e-27,2.07855e-26,2.11383e-24,4.73524e-23,9.38940e-26,8.51782e-25,3.33530e-24
5.87612e-32,1.42487e-30,2.42530e-33,3.60929e-32,7.94811e-32,8.26260e-29,1.90592e-27,3.57650e-30,5.11594e-29,1.11292e-28,2.07855e-26,4.73878e-25,9.09188e-28,1.30481e-26,2.78293e-26,3.33530e-24,7.45578e-23,1.48424e-25,2.11383e-24,4.43749e-24
7.94811e-32,1.92448e-30,3.28474e-33,5.87612e-32,9.77298e-32,1.11292e-28,2.56284e-27,4.82453e-30,8.26260e-29,1.36429e-28,2.78293e-26,6.33163e-25,1.21951e-27,2.07855e-26,3.39646e-26,4.43749e-24,9.89486e-23,1.97909e-25,3.33530e-24,5.38788e-24
9.77298e-32,2.36223e-30,4.04515e-33,7.94811e-32,1.13181e-31,1.36429e-28,3.13559e-27,5.92450e-30,1.11292e-28,1.57605e-28,3.39646e-26,7.70929e-25,1.49149e-27,2.78293e-26,3.90810e-26,5.38788e-24,1.19804e-22,2.40898e-25,4.43749e-24,6.17095e-24
1.13181e-31,2.73062e-30,4.69246e-33,9.77298e-32,1.25691e-31,1.57605e-28,3.61481e-27,6.85666e-30,1.36429e-28,1.74657e-28,3.90810e-26,8.84862e-25,1.71997e-27,3.39646e-26,4.31526e-26,6.17095e-24,1.36817e-22,2.76629e-25,5.38788e-24,6.78585e-24
1.25691e-31,3.02693e-30,5.21959e-33,1.13181e-31,1.35259e-31,1.74657e-28,3.99788e-27,7.61212e-30,1.57605e-28,1.87629e-28,4.31526e-26,9.74718e-25,1.90323e-27,3.90810e-26,4.62130e-26,6.78585e-24,1.50034e-22,3.04954e-25,6.17095e-24,7.24183e-24
1.35259e-31,3.25209e-30,5.62505e-33,1.25691e-31,1.41970e-31,1.87629e-28,4.28719e-27,8.19045e-30,1.74657e-28,1.96683e-28,4.62130e-26,1.04166e-24,2.04206e-27,4.31526e-26,4.83264e-26,7.24183e-24,1.59730e-22,3.26157e-25,6.78585e-24,7.55290e-24
1.41970e-31,3.40911e-30,5.91086e-33,1.35259e-31,1.45938e-31,1.96683e-28,4.48785e-27,8.59642e-30,1.87629e-28,2.02016e-28,4.83264e-26,1.08751e-24,2.13859e-27,4.62130e-26,4.95607e-26,7.55290e-24,1.66282e-22,3.40744e-25,7.24183e-24,7.73291e-24
1.45938e-31,3.50153e-30,6.08044e-33,1.41970e-31,1.47251e-31,2.02016e-28,4.60545e-27,8.83649e-30,1.96683e-28,2.03775e-28,4.95607e-26,1.11414e-24,2.19528e-27,4.83264e-26,4.99662e-26,7.73291e-24,1.70046e-22,3.49238e-25,7.55290e-24,7.79173e-24
1.47251e-31,3.53205e-30,6.13670e-33,1.45938e-31,1.45944e-31,2.03775e-28,4.64415e-27,8.91589e-30,2.02016e-28,2.02018e-28,4.99662e-26,1.12285e-24,2.21395e-27,4.95607e-26,4.95610e-26,7.79173e-24,1.71271e-22,3.52024e-25,7.73291e-24,7.73293e-24
1.45944e-31,3.50167e-30,6.08073e-33,1.47251e-31,1.41983e-31,2.02018e-28,4.60549e-27,8.83658e-30,2.03775e-28,1.96687e-28,4.95610e-26,1.11414e-24,2.19529e-27,4.99662e-26,4.83269e-26,7.73293e-24,1.70046e-22,3.49239e-25,7.79173e-24,7.55295e-24
1.41983e-31,3.40939e-30,5.91143e-33,1.45944e-31,1.35278e-31,1.96687e-28,4.48792e-27,8.59659e-30,2.02018e-28,1.87634e-28,4.83269e-26,1.08752e-24,2.13862e-27,4.95610e-26,4.62137e-26,7.55295e-24,1.66283e-22,3.40746e-25,7.73293e-24,7.24189e-24
1.35278e-31,3.25249e-30,5.62588e-33,1.41983e-31,1.25715e-31,1.87634e-28,4.28729e-27,8.19071e-30,1.96687e-28,1.74663e-28,4.62137e-26,1.04167e-24,2.04210e-27,4.83269e-26,4.31535e-26,7.24189e-24,1.59731e-22,3.26160e-25,7.55295e-24,6.78593e-24
1.25715e-31,3.02744e-30,5.22065e-33,1.35278e-31,1.13209e-31,1.74663e-28,3.99801e-27,7.61244e-30,1.87634e-28,1.57613e-28,4.31535e-26,9.74735e-25,1.90328e-27,4.62137e-26,3.90820e-26,6.78593e-24,1.50035e-22,3.04958e-25,7.24189e-24,6.17104e-24
1.13209e-31,2.73122e-30,4.69369e-33,1.25715e-31,9.77593e-32,1.57613e-28,3.61495e-27,6.85703e-30,1.74663e-28,1.36437e-28,3.90820e-26,8.84882e-25,1.72002e-27,4.31535e-26,3.39657e-26,6.17104e-24,1.36818e-22,2.76634e-25,6.78593e-24,5.38797e-24
9.77593e-32,2.36288e-30,4.04647e-33,1.13209e-31,7.95100e-32,1.36437e-28,3.13574e-27,5.92488e-30,1.57613e-28,1.11299e-28,3.39657e-26,7.70949e-25,1.49154e-27,3.90820e-26,2.78303e-26,5.38797e-24,1.19805e-22,2.40903e-25,6.17104e-24,4.43757e-24
7.95100e-32,1.92512e-30,3.28603e-33,9.77593e-32,5.87864e-32,1.11299e-28,2.56299e-27,4.82488e-30,1.36437e-28,8.26321e-29,2.78303e-26,6.33182e-25,1.21956e-27,3.39657e-26,2.07864e-26,4.43757e-24,9.89502e-23,1.97914e-25,5.38797e-24,3.33537e-24
5.87864e-32,1.42542e-30,2.42642e-33,7.95100e-32,3.61108e-32,8.26321e-29,1.90605e-27,3.57680e-30,1.11299e-28,5.11636e-29,2.07864e-26,4.73895e-25,9.09231e-28,2.78303e-26,1.30487e-26,3.33537e-24,7.45591e-23,1.48428e-25,4.43757e-24,2.11388e-24
3.61108e-32,8.76513e-31,1.48910e-33,5.87864e-32,1.21812e-32,5.11636e-29,1.18176e-27,2.21201e-30,8.26321e-29,1.79643e-29,1.30487e-26,2.97975e-25,5.69945e-28,2.07864e-26,5.00404e-27,2.11388e-24,4.73533e-23,9.38965e-26,3.33537e-24,8.51804e-25
1.48830e-33,3.60929e-32,6.14222e-35,5.01775e-34,2.42530e-33,2.21181e-30,5.11594e-29,9.55017e-32,7.75360e-31,3.57650e-30,5.69916e-28,1.30481e-26,2.48359e-29,2.18218e-28,9.09188e-28,9.38940e-26,2.11383e-24,4.15283e-27,3.77286e-26,1.48424e-25
2.42530e-33,5.87612e-32,1.00175e-34,1.48830e-33,3.28474e-33,3.57650e-30,8.26260e-29,1.54592e-31,2.21181e-30,4.82453e-30,9.09188e-28,2.07855e-26,3.96717e-29,5.69916e-28,1.21951e-27,1.48424e-25,3.33530e-24,6.57536e-27,9.38940e-26,1.97909e-25
3.28474e-33,7.94811e-32,1.35829e-34,2.42530e-33,4.04515e-33,4.82453e-30,1.11292e-28,2.08814e-31,3.57650e-30,5.92450e-30,1.21951e-27,2.78293e-26,5.32982e-29,9.09188e-28,1.49149e-27,1.97909e-25,4.43749e-24,8.78476e-27,1.48424e-25,2.40898e-25
4.04515e-33,9.77298e-32,1.67503e-34,3.28474e-33,4.69246e-33,5.92450e-30,1.36429e-28,2.56819e-31,4.82453e-30,6.85666e-30,1.49149e-27,3.39646e-26,6.53069e-29,1.21951e-27,1.71997e-27,2.40898e-25,5.38788e-24,1.07168e-26,1.97909e-25,2.76629e-25
4.69246e-33,1.13181e-31,1.94594e-34,4.04515e-33,5.21959e-33,6.85666e-30,1.57605e-28,2.97714e-31,5.92450e-30,7.61212e-30,1.71997e-27,3.90810e-26,7.54599e-29,1.49149e-27,1.90323e-27,2.76629e-25,6.17095e-24,1.23351e-26,2.40898e-25,3.04954e-25
5.21959e-33,1.25691e-31,2.16768e-34,4.69246e-33,5.62505e-33,7.61212e-30,1.74657e-28,3.31044e-31,6.85666e-30,8.19045e-30,1.90323e-27,4.31526e-26,8.36604e-29,1.71997e-27,2.04206e-27,3.04954e-25,6.78585e-24,1.36287e-26,2.76629e-25,3.26157e-25
5.62505e-33,1.35259e-31,2.33908e-34,5.21959e-33,5.91086e-33,8.19045e-30,1.87629e-28,3.56701e-31,7.61212e-30,8.59642e-30,2.04206e-27,4.62130e-26,8.99151e-29,1.90323e-27,2.13859e-27,3.26157e-25,7.24183e-24,1.46050e-26,3.04954e-25,3.40744e-25
5.91086e-33,1.41970e-31,2.46043e-34,5.62505e-33,6.08044e-33,8.59642e-30,1.96683e-28,3.74799e-31,8.19045e-30,8.83649e-30,2.13859e-27,4.83264e-26,9.42907e-29,2.04206e-27,2.19528e-27,3.40744e-25,7.55290e-24,1.52817e-26,3.26157e-25,3.49238e-25
6.08044e-33,1.45938e-31,2.53267e-34,5.91086e-33,6.13670e-33,8.83649e-30,2.02016e-28,3.85541e-31,8.59642e-30,8.91589e-30,2.19528e-27,4.95607e-26,9.68716e-29,2.13859e-27,2.21395e-27,3.49238e-25,7.73291e-24,1.56779e-26,3.40744e-25,3.52024e-25
6.13670e-33,1.47251e-31,2.55667e-34,6.08044e-33,6.08073e-33,8.91589e-30,2.03775e-28,3.89101e-31,8.83649e-30,8.83658e-30,2.21395e-27,4.99662e-26,9.77239e-29,2.19528e-27,2.19529e-27,3.52024e-25,7.79173e-24,1.58082e-26,3.49238e-25,3.49239e-25
6.08073e-33,1.45944e-31,2.53280e-34,6.13670e-33,5.91143e-33,8.83658e-30,2.02018e-28,3.85546e-31,8.91589e-30,8.59659e-30,2.19529e-27,4.95610e-26,9.68723e-29,2.21395e-27,2.13862e-27,3.49239e-25,7.73293e-24,1.56780e-26,3.52024e-25,3.40746e-25
5.91143e-33,1.41983e-31,2.46069e-34,6.08073e-33,5.62588e-33,8.59659e-30,1.96687e-28,3.74808e-31,8.83658e-30,8.19071e-30,2.13862e-27,4.83269e-26,9.42921e-29,2.19529e-27,2.04210e-27,3.40746e-25,7.55295e-24,1.52818e-26,3.49239e-25,3.26160e-25
5.62588e-33,1.35278e-31,2.33945e-34,5.91143e-33,5.22065e-33,8.19071e-30,1.87634e-28,3.56714e-31,8.59659e-30,7.61244e-30,2.04210e-27,4.62137e-26,8.99170e-29,2.13862e-27,1.90328e-27,3.26160e-25,7.24189e-24,1.46052e-26,3.40746e-25,3.04958e-25
5.22065e-33,1.25715e-31,2.16815e-34,5.62588e-33,4.69369e-33,7.61244e-30,1.74663e-28,3.31060e-31,8.19071e-30,6.85703e-30,1.90328e-27,4.31535e-26,8.36628e-29,2.04210e-27,1.72002e-27,3.04958e-25,6.78593e-24,1.36289e-26,3.26160e-25,2.76634e-25
4.69369e-33,1.13209e-31,1.94649e-34,5.22065e-33,4.04647e-33,6.85703e-30,1.57613e-28,2.97732e-31,7.61244e-30,5.92488e-30,1.72002e-27,3.90820e-26,7.54626e-29,1.90328e-27,1.49154e-27,2.76634e-25,6.17104e-24,1.23353e-26,3.04958e-25,2.40903e-25
4.04647e-33,9.77593e-32,1.67562e-34,4.69369e-33,3.28603e-33,5.92488e-30,1.36437e-28,2.56837e-31,6.85703e-30,4.82488e-30,1.49154e-27,3.39657e-26,6.53096e-29,1.72002e-27,1.21956e-27,2.40903e-25,5.38797e-24,1.07170e-26,2.76634e-25,1.97914e-25
3.28603e-33,7.95100e-32,1.35886e-34,4.04647e-33,2.42642e-33,4.82488e-30,1.11299e-28,2.08831e-31,5.92488e-30,3.57680e-30,1.21956e-27,2.78303e-26,5.33007e-29,1.49154e-27,9.09231e-28,1.97914e-25,4.43757e-24,8.78499e-27,2.40903e-25,1.48428e-25
2.42642e-33,5.87864e-32,1.00224e-34,3.28603e-33,1.48910e-33,3.57680e-30,8.26321e-29,1.54606e-31,4.82488e-30,2.21201e-30,9.09231e-28,2.07864e-26,3.96739e-29,1.21956e-27,5.69945e-28,1.48428e-25,3.33537e-24,6.57556e-27,1.97914e-25,9.38965e-26
1.48910e-33,3.61108e-32,6.14573e-35,2.42642e-33,5.02072e-34,2.21201e-30,5.11636e-29,9.55114e-32,3.57680e-30,7.75439e-31,5.69945e-28,1.30487e-26,2.48373e-29,9.09231e-28,2.18230e-28,9.38965e-26,2.11388e-24,4.15297e-27,1.48428e-25,3.77297e-26
6.14222e-35,1.48830e-33,2.53677e-36,2.06993e-35,1.00175e-34,9.55017e-32,2.21181e-30,4.11865e-33,3.34296e-32,1.54592e-31,2.48359e-29,5.69916e-28,1.08008e-30,9.49639e-30,3.96717e-29,4.15283e-27,9.38940e-26,1.82993e-28,1.66459e-27,6.57536e-27
1.00175e-34,2.42530e-33,4.14032e-36,6.14222e-35,1.35829e-34,1.54592e-31,3.57650e-30,6.67340e-33,9.55017e-32,2.08814e-31,3.96717e-29,9.09188e-28,1.72725e-30,2.48359e-29,5.32982e-29,6.57536e-27,1.48424e-25,2.90159e-28,4.15283e-27,8.78476e-27
1.35829e-34,3.28474e-33,5.61970e-36,1.00175e-34,1.67503e-34,2.08814e-31,4.82453e-30,9.02475e-33,1.54592e-31,2.56819e-31,5.32982e-29,1.21951e-27,2.32386e-30,3.96717e-29,6.53069e-29,8.78476e-27,1.97909e-25,3.88329e-28,6.57536e-27,1.07168e-26
1.67503e-34,4.04515e-33,6.93864e-36,1.35829e-34,1.94594e-34,2.56819e-31,5.92450e-30,1.11147e-32,2.08814e-31,2.97714e-31,6.53069e-29,1.49149e-27,2.85219e-30,5.32982e-29,7.54599e-29,1.07168e-26,2.40898e-25,4.74675e-28,8.78476e-27,1.23351e-26
1.94594e-34,4.69246e-33,8.07146e-36,1.67503e-34,2.16768e-34,2.97714e-31,6.85666e-30,1.29034e-32,2.56819e-31,3.31044e-31,7.54599e-29,1.71997e-27,3.30143e-30,6.53069e-29,8.36604e-29,1.23351e-26,2.76629e-25,5.47496e-28,1.07168e-26,1.36287e-26
2.16768e-34,5.21959e-33,9.00280e-36,1.94594e-34,2.33908e-34,3.31044e-31,7.61212e-30,1.43685e-32,2.97714e-31,3.56701e-31,8.36604e-29,1.90323e-27,3.66648e-30,7.54599e-29,8.99151e-29,1.36287e-26,3.04954e-25,6.06135e-28,1.23351e-26,1.46050e-26
2.33908e-34,5.62505e-33,9.72586e-36,2.16768e-34,2.46043e-34,3.56701e-31,8.19045e-30,1.55018e-32,3.31044e-31,3.74799e-31,8.99151e-29,2.04206e-27,3.94659e-30,8.36604e-29,9.42907e-29,1.46050e-26,3.26157e-25,6.50715e-28,1.36287e-26,1.52817e-26
2.46043e-34,5.91086e-33,1.02397e-35,2.33908e-34,2.53267e-34,3.74799e-31,8.59642e-30,1.63045e-32,3.56701e-31,3.85541e-31,9.42907e-29,2.13859e-27,4.14359e-30,8.99151e-29,9.68716e-29,1.52817e-26,3.40744e-25,6.81809e-28,1.46050e-26,1.56779e-26
2.53267e-34,6.08044e-33,1.05465e-35,2.46043e-34,2.55667e-34,3.85541e-31,8.83649e-30,1.67825e-32,3.74799e-31,3.89101e-31,9.68716e-29,2.19528e-27,4.26024e-30,9.42907e-29,9.77239e-29,1.56779e-26,3.49238e-25,7.00106e-28,1.52817e-26,1.58082e-26
2.55667e-34,6.13670e-33,1.06486e-35,2.53267e-34,2.53280e-34,3.89101e-31,8.91589e-30,1.69412e-32,3.85541e-31,3.85546e-31,9.77239e-29,2.21395e-27,4.29885e-30,9.68716e-29,9.68723e-29,1.58082e-26,3.52024e-25,7.06140e-28,1.56779e-26,1.56780e-26
2.53280e-34,6.08073e-33,1.05471e-35,2.55667e-34,2.46069e-34,3.85546e-31,8.83658e-30,1.67827e-32,3.89101e-31,3.74808e-31,9.68723e-29,2.19529e-27,4.26028e-30,9.77239e-29,9.42921e-29,1.56780e-26,3.49239e-25,7.00109e-28,1.58082e-26,1.52818e-26
2.46069e-34,5.91143e-33,1.02409e-35,2.53280e-34,2.33945e-34,3.74808e-31,8.59659e-30,1.63050e-32,3.85546e-31,3.56714e-31,9.42921e-29,2.13862e-27,4.14365e-30,9.68723e-29,8.99170e-29,1.52818e-26,3.40746e-25,6.81815e-28,1.56780e-26,1.46052e-26
2.33945e-34,5.62588e-33,9.72753e-36,2.46069e-34,2.16815e-34,3.56714e-31,8.19071e-30,1.55024e-32,3.74808e-31,3.31060e-31,8.99170e-29,2.04210e-27,3.94669e-30,9.42921e-29,8.36628e-29,1.46052e-26,3.26160e-25,6.50724e-28,1.52818e-26,1.36289e-26
2.16815e-34,5.22065e-33,9.00491e-36,2.33945e-34,1.94649e-34,3.31060e-31,7.61244e-30,1.43693e-32,3.56714e-31,2.97732e-31,8.36628e-29,1.90328e-27,3.66660e-30,8.99170e-29,7.54626e-29,1.36289e-26,3.04958e-25,6.06146e-28,1.46052e-26,1.23353e-26
1.94649e-34,4.69369e-33,8.07389e-36,2.16815e-34,1.67562e-34,2.97732e-31,6.85703e-30,1.29043e-32,3.31060e-31,2.56837e-31,7.54626e-29,1.72002e-27,3.30156e-30,8.36628e-29,6.53096e-29,1.23353e-26,2.76634e-25,5.47509e-28,1.36289e-26,1.07170e-26
1.67562e-34,4.04647e-33,6.94123e-36,1.94649e-34,1.35886e-34,2.56837e-31,5.92488e-30,1.11156e-32,2.97732e-31,2.08831e-31,6.53096e-29,1.49154e-27,2.85233e-30,7.54626e-29,5.33007e-29,1.07170e-26,2.40903e-25,4.74688e-28,1.23353e-26,8.78499e-27
1.35886e-34,3.28603e-33,5.62223e-36,1.67562e-34,1.00224e-34,2.08831e-31,4.82488e-30,9.02557e-33,2.56837e-31,1.54606e-31,5.33007e-29,1.21956e-27,2.32399e-30,6.53096e-29,3.96739e-29,8.78499e-27,1.97914e-25,3.88341e-28,1.07170e-26,6.57556e-27
1.00224e-34,2.42642e-33,4.14252e-36,1.35886e-34,6.14573e-35,1.54606e-31,3.57680e-30,6.67408e-33,2.08831e-31,9.55114e-32,3.96739e-29,9.09231e-28,1.72736e-30,5.33007e-29,2.48373e-29,6.57556e-27,1.48428e-25,2.90169e-28,8.78499e-27,4.15297e-27
6.14573e-35,1.48910e-33,2.53832e-36,1.00224e-34,2.07124e-35,9.55114e-32,2.21201e-30,4.11911e-33,1.54606e-31,3.34334e-32,2.48373e-29,5.69945e-28,1.08016e-30,3.96739e-29,9.49700e-30,4.15297e-27,9.38965e-26,1.83000e-28,6.57556e-27,1.66465e-27
2.53677e-36,6.14222e-35,1.04839e-37,8.54560e-37,4.14032e-36,4.11865e-33,9.55017e-32,1.77425e-34,1.43975e-33,6.67340e-33,1.08008e-30,2.48359e-29,4.68848e-32,4.12473e-31,1.72725e-30,1.82993e-28,4.15283e-27,8.03724e-30,7.31909e-29,2.90159e-28
4.14032e-36,1.00175e-34,1.71222e-37,2.53677e-36,5.61970e-36,6.67340e-33,1.54592e-31,2.87727e-34,4.11865e-33,9.02475e-33,1.72725e-30,3.96717e-29,7.50539e-32,1.08008e-30,2.32386e-30,2.90159e-28,6.57536e-27,1.27604e-29,1.82993e-28,3.88329e-28
5.61970e-36,1.35829e-34,2.32614e-37,4.14032e-36,6.93864e-36,9.02475e-33,2.08814e-31,3.89519e-34,6.67340e-33,1.11147e-32,2.32386e-30,5.32982e-29,1.01107e-31,1.72725e-30,2.85219e-30,3.88329e-28,8.78476e-27,1.71041e-29,2.90159e-28,4.74675e-28
6.93864e-36,1.67503e-34,2.87521e-37,5.61970e-36,8.07146e-36,1.11147e-32,2.56819e-31,4.80311e-34,9.02475e-33,1.29034e-32,2.85219e-30,6.53069e-29,1.24278e-31,2.32386e-30,3.30143e-30,4.74675e-28,1.07168e-26,2.09443e-29,3.88329e-28,5.47496e-28
8.07146e-36,1.94594e-34,3.34855e-37,6.93864e-36,9.00280e-36,1.29034e-32,2.97714e-31,5.58336e-34,1.11147e-32,1.43685e-32,3.30143e-30,7.54599e-29,1.44079e-31,2.85219e-30,3.66648e-30,5.47496e-28,1.23351e-26,2.42026e-29,4.74675e-28,6.06135e-28
9.00280e-36,2.16768e-34,3.73924e-37,8.07146e-36,9.72586e-36,1.43685e-32,3.31044e-31,6.22522e-34,1.29034e-32,1.55018e-32,3.66648e-30,8.36604e-29,1.60256e-31,3.30143e-30,3.94659e-30,6.06135e-28,1.36287e-26,2.68433e-29,5.47496e-28,6.50715e-28
9.72586e-36,2.33908e-34,4.04371e-37,9.00280e-36,1.02397e-35,1.55018e-32,3.56701e-31,6.72382e-34,1.43685e-32,1.63045e-32,3.94659e-30,8.99151e-29,1.72734e-31,3.66648e-30,4.14359e-30,6.50715e-28,1.46050e-26,2.88638e-29,6.06135e-28,6.81809e-28
1.02397e-35,2.46043e-34,4.26082e-37,9.72586e-36,1.05465e-35,1.63045e-32,3.74799e-31,7.07833e-34,1.55018e-32,1.67825e-32,4.14359e-30,9.42907e-29,1.81550e-31,3.94659e-30,4.26024e-30,6.81809e-28,1.52817e-26,3.02810e-29,6.50715e-28,7.00106e-28
1.05465e-35,2.53267e-34,4.39076e-37,1.02397e-35,1.06486e-35,1.67825e-32,3.85541e-31,7.28999e-34,1.63045e-32,1.69412e-32,4.26024e-30,9.68716e-29,1.86789e-31,4.14359e-30,4.29885e-30,7.00106e-28,1.56779e-26,3.11185e-29,6.81809e-28,7.06140e-28
1.06486e-35,2.55667e-34,4.43407e-37,1.05465e-35,1.05471e-35,1.69412e-32,3.89101e-31,7.36037e-34,1.67825e-32,1.67827e-32,4.29885e-30,9.77239e-29,1.88526e-31,4.26024e-30,4.26028e-30,7.06140e-28,1.58082e-26,3.13953e-29,7.00106e-28,7.00109e-28
1.05471e-35,2.53280e-34,4.39102e-37,1.06486e-35,1.02409e-35,1.67827e-32,3.85546e-31,7.29010e-34,1.69412e-32,1.63050e-32,4.26028e-30,9.68723e-29,1.86791e-31,4.29885e-30,4.14365e-30,7.00109e-28,1.56780e-26,3.11186e-29,7.06140e-28,6.81815e-28
1.02409e-35,2.46069e-34,4.26134e-37,1.05471e-35,9.72753e-36,1.63050e-32,3.74808e-31,7.07853e-34,1.67827e-32,1.55024e-32,4.14365e-30,9.42921e-29,1.81554e-31,4.26028e-30,3.94669e-30,6.81815e-28,1.52818e-26,3.02813e-29,7.00109e-28,6.50724e-28
9.72753e-36,2.33945e-34,4.04446e-37,1.02409e-35,9.00491e-36,1.55024e-32,3.56714e-31,6.72411e-34,1.63050e-32,1.43693e-32,3.94669e-30,8.99170e-29,1.72739e-31,4.14365e-30,3.66660e-30,6.50724e-28,1.46052e-26,2.88643e-29,6.81815e-28,6.06146e-28
9.00491e-36,2.16815e-34,3.74018e-37,9.72753e-36,8.07389e-36,1.43693e-32,3.31060e-31,6.22558e-34,1.55024e-32,1.29043e-32,3.66660e-30,8.36628e-29,1.60262e-31,3.94669e-30,3.30156e-30,6.06146e-28,1.36289e-26,2.68439e-29,6.50724e-28,5.47509e-28
8.07389e-36,1.94649e-34,3.34964e-37,9.00491e-36,6.94123e-36,1.29043e-32,2.97732e-31,5.58376e-34,1.43693e-32,1.11156e-32,3.30156e-30,7.54626e-29,1.44086e-31,3.66660e-30,2.85233e-30,5.47509e-28,1.23353e-26,2.42032e-29,6.06146e-28,4.74688e-28
6.94123e-36,1.67562e-34,2.87636e-37,8.07389e-36,5.62223e-36,1.11156e-32,2.56837e-31,4.80353e-34,1.29043e-32,9.02557e-33,2.85233e-30,6.53096e-29,1.24285e-31,3.30156e-30,2.32399e-30,4.74688e-28,1.07170e-26,2.09449e-29,5.47509e-28,3.88341e-28
5.62223e-36,1.35886e-34,2.32726e-37,6.94123e-36,4.14252e-36,9.02557e-33,2.08831e-31,3.89557e-34,1.11156e-32,6.67408e-33,2.32399e-30,5.33007e-29,1.01114e-31,2.85233e-30,1.72736e-30,3.88341e-28,8.78499e-27,1.71047e-29,4.74688e-28,2.90169e-28
4.14252e-36,1.00224e-34,1.71320e-37,5.62223e-36,2.53832e-36,6.67408e-33,1.54606e-31,2.87759e-34,9.02557e-33,4.11911e-33,1.72736e-30,3.96739e-29,7.50591e-32,2.32399e-30,1.08016e-30,2.90169e-28,6.57556e-27,1.27609e-29,3.88341e-28,1.83000e-28
2.53832e-36,6.14573e-35,1.04908e-37,4.14252e-36,8.55140e-37,4.11911e-33,9.55114e-32,1.77446e-34,6.67408e-33,1.43993e-33,1.08016e-30,2.48373e-29,4.68883e-32,1.72736e-30,4.12503e-31,1.83000e-28,4.15297e-27,8.03758e-30,2.90169e-28,7.31940e-29
1.04839e-37,2.53677e-36,4.33524e-39,3.53047e-38,1.71222e-37,1.77425e-34,4.11865e-33,7.63519e-36,6.19447e-35,2.87727e-34,4.68848e-32,1.08008e-30,2.03177e-33,1.78846e-32,7.50539e-32,8.03724e-30,1.82993e-28,3.51988e-31,3.20847e-30,1.27604e-29
1.71222e-37,4.14032e-36,7.08446e-39,1.04839e-37,2.32614e-37,2.87727e-34,6.67340e-33,1.23915e-35,1.77425e-34,3.89519e-34,7.50539e-32,1.72725e-30,3.25546e-33,4.68848e-32,1.01107e-31,1.27604e-29,2.90159e-28,5.59473e-31,8.03724e-30,1.71041e-29
2.32614e-37,5.61970e-36,9.63243e-39,1.71222e-37,2.87521e-37,3.89519e-34,9.02475e-33,1.67912e-35,2.87727e-34,4.80311e-34,1.01107e-31,2.32386e-30,4.39054e-33,7.50539e-32,1.24278e-31,1.71041e-29,3.88329e-28,7.50956e-31,1.27604e-29,2.09443e-29
2.87521e-37,6.93864e-36,1.19177e-38,2.32614e-37,3.34855e-37,4.80311e-34,1.11147e-32,2.07276e-35,3.89519e-34,5.58336e-34,1.24278e-31,2.85219e-30,5.40386e-33,1.01107e-31,1.44079e-31,2.09443e-29,4.74675e-28,9.21015e-31,1.71041e-29,2.42026e-29
3.34855e-37,8.07146e-36,1.38942e-38,2.87521e-37,3.73924e-37,5.58336e-34,1.29034e-32,2.41227e-35,4.80311e-34,6.22522e-34,1.44079e-31,3.30143e-30,6.27364e-33,1.24278e-31,1.60256e-31,2.42026e-29,5.47496e-28,1.06608e-30,2.09443e-29,2.68433e-29
3.73924e-37,9.00280e-36,1.55313e-38,3.34855e-37,4.04371e-37,6.22522e-34,1.43685e-32,2.69264e-35,5.58336e-34,6.72382e-34,1.60256e-31,3.66648e-30,6.98760e-33,1.44079e-31,1.72734e-31,2.68433e-29,6.06135e-28,1.18432e-30,2.42026e-29,2.88638e-29
4.04371e-37,9.72586e-36,1.68114e-38,3.73924e-37,4.26082e-37,6.72382e-34,1.55018e-32,2.91125e-35,6.22522e-34,7.07833e-34,1.72734e-31,3.94659e-30,7.54085e-33,1.60256e-31,1.81550e-31,2.88638e-29,6.50715e-28,1.27530e-30,2.68433e-29,3.02810e-29
4.26082e-37,1.02397e-35,1.77268e-38,4.04371e-37,4.39076e-37,7.07833e-34,1.63045e-32,3.06719e-35,6.72382e-34,7.28999e-34,1.81550e-31,4.14359e-30,7.93332e-33,1.72734e-31,1.86789e-31,3.02810e-29,6.81809e-28,1.33942e-30,2.88638e-29,3.11185e-29
4.39076e-37,1.05465e-35,1.82759e-38,4.26082e-37,4.43407e-37,7.28999e-34,1.67825e-32,3.16051e-35,7.07833e-34,7.36037e-34,1.86789e-31,4.26024e-30,8.16723e-33,1.81550e-31,1.88526e-31,3.11185e-29,7.00106e-28,1.37746e-30,3.02810e-29,3.13953e-29
4.43407e-37,1.06486e-35,1.84592e-38,4.39076e-37,4.39102e-37,7.36037e-34,1.69412e-32,3.19158e-35,7.28999e-34,7.29010e-34,1.88526e-31,4.29885e-30,8.24491e-33,1.86789e-31,1.86791e-31,3.13953e-29,7.06140e-28,1.39006e-30,3.11185e-29,3.11186e-29
4.39102e-37,1.05471e-35,1.82771e-38,4.43407e-37,4.26134e-37,7.29010e-34,1.67827e-32,3.16056e-35,7.36037e-34,7.07853e-34,1.86791e-31,4.26028e-30,8.16731e-33,1.88526e-31,1.81554e-31,3.11186e-29,7.00109e-28,1.37747e-30,3.13953e-29,3.02813e-29
4.26134e-37,1.02409e-35,1.77292e-38,4.39102e-37,4.04446e-37,7.07853e-34,1.63050e-32,3.06728e-35,7.29010e-34,6.72411e-34,1.81554e-31,4.14365e-30,7.93348e-33,1.86791e-31,1.72739e-31,3.02813e-29,6.81815e-28,1.33944e-30,3.11186e-29,2.88643e-29
4.04446e-37,9.72753e-36,1.68148e-38,4.26134e-37,3.74018e-37,6.72411e-34,1.55024e-32,2.91139e-35,7.07853e-34,6.22558e-34,1.72739e-31,3.94669e-30,7.54108e-33,1.81554e-31,1.60262e-31,2.88643e-29,6.50724e-28,1.27532e-30,3.02813e-29,2.68439e-29
3.74018e-37,9.00491e-36,1.55356e-38,4.04446e-37,3.34964e-37,6.22558e-34,1.43693e-32,2.69281e-35,6.72411e-34,5.58376e-34,1.60262e-31,3.66660e-30,6.98789e-33,1.72739e-31,1.44086e-31,2.68439e-29,6.06146e-28,1.18435e-30,2.88643e-29,2.42032e-29
3.34964e-37,8.07389e-36,1.38991e-38,3.74018e-37,2.87636e-37,5.58376e-34,1.29043e-32,2.41246e-35,6.22558e-34,4.80353e-34,1.44086e-31,3.30156e-30,6.27396e-33,1.60262e-31,1.24285e-31,2.42032e-29,5.47509e-28,1.06611e-30,2.68439e-29,2.09449e-29
2.87636e-37,6.94123e-36,1.19229e-38,3.34964e-37,2.32726e-37,4.80353e-34,1.11156e-32,2.07296e-35,5.58376e-34,3.89557e-34,1.24285e-31,2.85233e-30,5.40419e-33,1.44086e-31,1.01114e-31,2.09449e-29,4.74688e-28,9.21048e-31,2.42032e-29,1.71047e-29
2.32726e-37,5.62223e-36,9.63751e-39,2.87636e-37,1.71320e-37,3.89557e-34,9.02557e-33,1.67930e-35,4.80353e-34,2.87759e-34,1.01114e-31,2.32399e-30,4.39085e-33,1.24285e-31,7.50591e-32,1.71047e-29,3.88341e-28,7.50987e-31,2.09449e-29,1.27609e-29
1.71320e-37,4.14252e-36,7.08887e-39,2.32726e-37,1.04908e-37,2.87759e-34,6.67408e-33,1.23930e-35,3.89557e-34,1.77446e-34,7.50591e-32,1.72736e-30,3.25571e-33,1.01114e-31,4.68883e-32,1.27609e-29,2.90169e-28,5.59498e-31,1.71047e-29,8.03758e-30
1.04908e-37,2.53832e-36,4.33836e-39,1.71320e-37,3.53306e-38,1.77446e-34,4.11911e-33,7.63620e-36,2.87759e-34,6.19529e-35,4.68883e-32,1.08016e-30,2.03194e-33,7.50591e-32,1.78861e-32,8.03758e-30,1.83000e-28,3.52005e-31,1.27609e-29,3.20862e-30
4.33524e-39,1.04839e-37,1.79361e-40,1.45945e-39,7.08446e-39,7.63519e-36,1.77425e-34,3.28245e-37,2.66258e-36,1.23915e-35,2.03177e-33,4.68848e-32,8.79121e-35,7.74246e-34,3.25546e-33,3.51988e-31,8.03724e-30,1.53757e-32,1.40274e-31,5.59473e-31
7.08446e-39,1.71222e-37,2.93257e-40,4.33524e-39,9.63243e-39,1.23915e-35,2.87727e-34,5.33094e-37,7.63519e-36,1.67912e-35,3.25546e-33,7.50539e-32,1.40975e-34,2.03177e-33,4.39054e-33,5.59473e-31,1.27604e-29,2.44640e-32,3.51988e-31,7.50956e-31
9.63243e-39,2.32614e-37,3.99020e-40,7.08446e-39,1.19177e-38,1.67912e-35,3.89519e-34,7.22984e-37,1.23915e-35,2.07276e-35,4.39054e-33,1.01107e-31,1.90322e-34,3.25546e-33,5.40386e-33,7.50956e-31,1.71041e-29,3.28774e-32,5.59473e-31,9.21015e-31
1.19177e-38,2.87521e-37,4.94115e-40,9.63243e-39,1.38942e-38,2.07276e-35,4.80311e-34,8.93348e-37,1.67912e-35,2.41227e-35,5.40386e-33,1.24278e-31,2.34524e-34,4.39054e-33,6.27364e-33,9.21015e-31,2.09443e-29,4.03797e-32,7.50956e-31,1.06608e-30
1.38942e-38,3.34855e-37,5.76601e-40,1.19177e-38,1.55313e-38,2.41227e-35,5.58336e-34,1.04075e-36,2.07276e-35,2.69264e-35,6.27364e-33,1.44079e-31,2.72614e-34,5.40386e-33,6.98760e-33,1.06608e-30,2.42026e-29,4.68095e-32,9.21015e-31,1.18432e-30
1.55313e-38,3.73924e-37,6.45130e-40,1.38942e-38,1.68114e-38,2.69264e-35,6.22522e-34,1.16289e-36,2.41227e-35,2.91125e-35,6.98760e-33,1.60256e-31,3.04010e-34,6.27364e-33,7.54085e-33,1.18432e-30,2.68433e-29,5.20771e-32,1.06608e-30,1.27530e-30
1.68114e-38,4.04371e-37,6.98875e-40,1.55313e-38,1.77268e-38,2.91125e-35,6.72382e-34,1.25844e-36,2.69264e-35,3.06719e-35,7.54085e-33,1.72734e-31,3.28438e-34,6.98760e-33,7.93332e-33,1.27530e-30,2.88638e-29,5.61501e-32,1.18432e-30,1.33942e-30
1.77268e-38,4.26082e-37,7.37410e-40,1.68114e-38,1.82759e-38,3.06719e-35,7.07833e-34,1.32679e-36,2.91125e-35,3.16051e-35,7.93332e-33,1.81550e-31,3.45828e-34,7.54085e-33,8.16723e-33,1.33942e-30,3.02810e-29,5.90334e-32,1.27530e-30,1.37746e-30
1.82759e-38,4.39076e-37,7.60567e-40,1.77268e-38,1.84592e-38,3.16051e-35,7.28999e-34,1.36778e-36,3.06719e-35,3.19158e-35,8.16723e-33,1.86789e-31,3.56219e-34,7.93332e-33,8.24491e-33,1.37746e-30,3.11185e-29,6.07491e-32,1.33942e-30,1.39006e-30
1.84592e-38,4.43407e-37,7.68306e-40,1.82759e-38,1.82771e-38,3.19158e-35,7.36037e-34,1.38144e-36,3.16051e-35,3.16056e-35,8.24491e-33,1.88526e-31,3.59675e-34,8.16723e-33,8.16731e-33,1.39006e-30,3.13953e-29,6.13184e-32,1.37746e-30,1.37747e-30
1.82771e-38,4.39102e-37,7.60623e-40,1.84592e-38,1.77292e-38,3.16056e-35,7.29010e-34,1.36780e-36,3.19158e-35,3.06728e-35,8.16731e-33,1.86791e-31,3.56223e-34,8.24491e-33,7.93348e-33,1.37747e-30,3.11186e-29,6.07496e-32,1.39006e-30,1.33944e-30
1.77292e-38,4.26134e-37,7.37519e-40,1.82771e-38,1.68148e-38,3.06728e-35,7.07853e-34,1.32683e-36,3.16056e-35,2.91139e-35,7.93348e-33,1.81554e-31,3.45835e-34,8.16731e-33,7.54108e-33,1.33944e-30,3.02813e-29,5.90342e-32,1.37747e-30,1.27532e-30
1.68148e-38,4.04446e-37,6.99033e-40,1.77292e-38,1.55356e-38,2.91139e-35,6.72411e-34,1.25850e-36,3.06728e-35,2.69281e-35,7.54108e-33,1.72739e-31,3.28449e-34,7.93348e-33,6.98789e-33,1.27532e-30,2.88643e-29,5.61512e-32,1.33944e-30,1.18435e-30
1.55356e-38,3.74018e-37,6.45328e-40,1.68148e-38,1.38991e-38,2.69281e-35,6.22558e-34,1.16297e-36,2.91139e-35,2.41246e-35,6.98789e-33,1.60262e-31,3.04024e-34,7.54108e-33,6.27396e-33,1.18435e-30,2.68439e-29,5.20786e-32,1.27532e-30,1.06611e-30
1.38991e-38,3.34964e-37,5.76828e-40,1.55356e-38,1.19229e-38,2.41246e-35,5.58376e-34,1.04084e-36,2.69281e-35,2.07296e-35,6.27396e-33,1.44086e-31,2.72629e-34,6.98789e-33,5.40419e-33,1.06611e-30,2.42032e-29,4.68112e-32,1.18435e-30,9.21048e-31
1.19229e-38,2.87636e-37,4.94354e-40,1.38991e-38,9.63751e-39,2.07296e-35,4.80353e-34,8.93438e-37,2.41246e-35,1.67930e-35,5.40419e-33,1.24285e-31,2.34540e-34,6.27396e-33,4.39085e-33,9.21048e-31,2.09449e-29,4.03813e-32,1.06611e-30,7.50987e-31
9.63751e-39,2.32726e-37,3.99252e-40,1.19229e-38,7.08887e-39,1.67930e-35,3.89557e-34,7.23068e-37,2.07296e-35,1.23930e-35,4.39085e-33,1.01114e-31,1.90337e-34,5.40419e-33,3.25571e-33,7.50987e-31,1.71047e-29,3.28789e-32,9.21048e-31,5.59498e-31
7.08887e-39,1.71320e-37,2.93459e-40,9.63751e-39,4.33836e-39,1.23930e-35,2.87759e-34,5.33163e-37,1.67930e-35,7.63620e-36,3.25571e-33,7.50591e-32,1.40987e-34,4.39085e-33,2.03194e-33,5.59498e-31,1.27609e-29,2.44653e-32,7.50987e-31,3.52005e-31
4.33836e-39,1.04908e-37,1.79503e-40,7.08887e-39,1.46062e-39,7.63620e-36,1.77446e-34,3.28291e-37,1.23930e-35,2.66297e-36,2.03194e-33,4.68883e-32,8.79202e-35,3.25571e-33,7.74315e-34,3.52005e-31,8.03758e-30,1.53765e-32,5.59498e-31,1.40282e-31
1.79361e-40,4.33524e-39,7.42398e-42,6.03647e-41,2.93257e-40,3.28245e-37,7.63519e-36,1.40984e-38,1.14343e-37,5.33094e-37,8.79121e-35,2.03177e-33,3.79845e-36,3.34693e-35,1.40975e-34,1.53757e-32,3.51988e-31,6.70104e-34,6.11818e-33,2.44640e-32
2.93257e-40,7.08446e-39,1.21440e-41,1.79361e-40,3.99020e-40,5.33094e-37,1.23915e-35,2.29114e-38,3.28245e-37,7.22984e-37,1.40975e-34,3.25546e-33,6.09563e-36,8.79121e-35,1.90322e-34,2.44640e-32,5.59473e-31,1.06716e-33,1.53757e-32,3.28774e-32
3.99020e-40,9.63243e-39,1.65345e-41,2.93257e-40,4.94115e-40,7.22984e-37,1.67912e-35,3.10960e-38,5.33094e-37,8.93348e-37,1.90322e-34,4.39054e-33,8.23687e-36,1.40975e-34,2.34524e-34,3.28774e-32,7.50956e-31,1.43574e-33,2.44640e-32,4.03797e-32
4.94115e-40,1.19177e-38,2.04909e-41,3.99020e-40,5.76601e-40,8.93348e-37,2.07276e-35,3.84569e-38,7.22984e-37,1.04075e-36,2.34524e-34,5.40386e-33,1.01606e-35,1.90322e-34,2.72614e-34,4.03797e-32,9.21015e-31,1.76560e-33,3.28774e-32,4.68095e-32
5.76601e-40,1.38942e-38,2.39316e-41,4.94115e-40,6.45130e-40,1.04075e-36,2.41227e-35,4.48439e-38,8.93348e-37,1.16289e-36,2.72614e-34,6.27364e-33,1.18240e-35,2.34524e-34,3.04010e-34,4.68095e-32,1.06608e-30,2.04948e-33,4.03797e-32,5.20771e-32
6.45130e-40,1.55313e-38,2.67978e-41,5.76601e-40,6.98875e-40,1.16289e-36,2.69264e-35,5.01520e-38,1.04075e-36,1.25844e-36,3.04010e-34,6.98760e-33,1.32001e-35,2.72614e-34,3.28438e-34,5.20771e-32,1.18432e-30,2.28309e-33,4.68095e-32,5.61501e-32
6.98875e-40,1.68114e-38,2.90516e-41,6.45130e-40,7.37410e-40,1.25844e-36,2.91125e-35,5.43162e-38,1.16289e-36,1.32679e-36,3.28438e-34,7.54085e-33,1.42747e-35,3.04010e-34,3.45828e-34,5.61501e-32,1.27530e-30,2.46450e-33,5.20771e-32,5.90334e-32
7.37410e-40,1.77268e-38,3.06713e-41,6.98875e-40,7.60567e-40,1.32679e-36,3.06719e-35,5.73026e-38,1.25844e-36,1.36778e-36,3.45828e-34,7.93332e-33,1.50420e-35,3.28438e-34,3.56219e-34,5.90334e-32,1.33942e-30,2.59342e-33,5.61501e-32,6.07491e-32
7.60567e-40,1.82759e-38,3.16462e-41,7.37410e-40,7.68306e-40,1.36778e-36,3.16051e-35,5.90970e-38,1.32679e-36,1.38144e-36,3.56219e-34,8.16723e-33,1.55016e-35,3.45828e-34,3.59675e-34,6.07491e-32,1.37746e-30,2.67034e-33,5.90334e-32,6.13184e-32
7.68306e-40,1.84592e-38,3.19724e-41,7.60567e-40,7.60623e-40,1.38144e-36,3.19158e-35,5.96956e-38,1.36778e-36,1.36780e-36,3.59675e-34,8.24491e-33,1.56546e-35,3.56219e-34,3.56223e-34,6.13184e-32,1.39006e-30,2.69591e-33,6.07491e-32,6.07496e-32
7.60623e-40,1.82771e-38,3.16489e-41,7.68306e-40,7.37519e-40,1.36780e-36,3.16056e-35,5.90981e-38,1.38144e-36,1.32683e-36,3.56223e-34,8.16731e-33,1.55018e-35,3.59675e-34,3.45835e-34,6.07496e-32,1.37747e-30,2.67037e-33,6.13184e-32,5.90342e-32
7.37519e-40,1.77292e-38,3.06764e-41,7.60623e-40,6.99033e-40,1.32683e-36,3.06728e-35,5.73046e-38,1.36780e-36,1.25850e-36,3.45835e-34,7.93348e-33,1.50424e-35,3.56223e-34,3.28449e-34,5.90342e-32,1.33944e-30,2.59346e-33,6.07496e-32,5.61512e-32
6.99033e-40,1.68148e-38,2.90590e-41,7.37519e-40,6.45328e-40,1.25850e-36,2.91139e-35,5.43192e-38,1.32683e-36,1.16297e-36,3.28449e-34,7.54108e-33,1.42752e-35,3.45835e-34,3.04024e-34,5.61512e-32,1.27532e-30,2.46456e-33,5.90342e-32,5.20786e-32
6.45328e-40,1.55356e-38,2.68071e-41,6.99033e-40,5.76828e-40,1.16297e-36,2.69281e-35,5.01556e-38,1.25850e-36,1.04084e-36,3.04024e-34,6.98789e-33,1.32008e-35,3.28449e-34,2.72629e-34,5.20786e-32,1.18435e-30,2.28316e-33,5.61512e-32,4.68112e-32
5.76828e-40,1.38991e-38,2.39422e-41,6.45328e-40,4.94354e-40,1.04084e-36,2.41246e-35,4.48480e-38,1.16297e-36,8.93438e-37,2.72629e-34,6.27396e-33,1.18247e-35,3.04024e-34,2.34540e-34,4.68112e-32,1.06611e-30,2.04956e-33,5.20786e-32,4.03813e-32
4.94354e-40,1.19229e-38,2.05021e-41,5.76828e-40,3.99252e-40,8.93438e-37,2.07296e-35,3.84611e-38,1.04084e-36,7.23068e-37,2.34540e-34,5.40419e-33,1.01613e-35,2.72629e-34,1.90337e-34,4.03813e-32,9.21048e-31,1.76568e-33,4.68112e-32,3.28789e-32
3.99252e-40,9.63751e-39,1.65453e-41,4.94354e-40,2.93459e-40,7.23068e-37,1.67930e-35,3.10999e-38,8.93438e-37,5.33163e-37,1.90337e-34,4.39085e-33,8.23756e-36,2.34540e-34,1.40987e-34,3.28789e-32,7.50987e-31,1.43582e-33,4.03813e-32,2.44653e-32
2.93459e-40,7.08887e-39,1.21534e-41,3.99252e-40,1.79503e-40,5.33163e-37,1.23930e-35,2.29146e-38,7.23068e-37,3.28291e-37,1.40987e-34,3.25571e-33,6.09620e-36,1.90337e-34,8.79202e-35,2.44653e-32,5.59498e-31,1.06722e-33,3.28789e-32,1.53765e-32
1.79503e-40,4.33836e-39,7.43058e-42,2.93459e-40,6.04183e-41,3.28291e-37,7.63620e-36,1.41006e-38,5.33163e-37,1.14360e-37,8.79202e-35,2.03194e-33,3.79883e-36,1.40987e-34,3.34726e-35,1.53765e-32,3.52005e-31,6.70146e-34,2.44653e-32,6.11856e-33
7.42398e-42,1.79361e-40,3.07410e-43,2.49795e-42,1.21440e-41,1.40984e-38,3.28245e-37,6.05008e-40,4.90615e-39,2.29114e-38,3.79845e-36,8.79121e-35,1.63906e-37,1.44489e-36,6.09563e-36,6.70104e-34,1.53757e-32,2.91440e-35,2.66277e-34,1.06716e-33
1.21440e-41,2.93257e-40,5.03069e-43,7.42398e-42,1.65345e-41,2.29114e-38,5.33094e-37,9.83760e-40,1.40984e-38,3.10960e-38,6.09563e-36,1.40975e-34,2.63205e-37,3.79845e-36,8.23687e-36,1.06716e-33,2.44640e-32,4.64505e-35,6.70104e-34,1.43574e-33
1.65345e-41,3.99020e-40,6.85345e-43,1.21440e-41,2.04909e-41,3.10960e-38,7.22984e-37,1.33609e-39,2.29114e-38,3.84569e-38,8.23687e-36,1.90322e-34,3.55951e-37,6.09563e-36,1.01606e-35,1.43574e-33,3.28774e-32,6.25554e-35,1.06716e-33,1.76560e-33
2.04909e-41,4.94115e-40,8.49928e-43,1.65345e-41,2.39316e-41,3.84569e-38,8.93348e-37,1.65365e-39,3.10960e-38,4.48439e-38,1.01606e-35,2.34524e-34,4.39496e-37,8.23687e-36,1.18240e-35,1.76560e-33,4.03797e-32,7.70140e-35,1.43574e-33,2.04948e-33
2.39316e-41,5.76601e-40,9.93382e-43,2.04909e-41,2.67978e-41,4.48439e-38,1.04075e-36,1.92988e-39,3.84569e-38,5.01520e-38,1.18240e-35,2.72614e-34,5.11959e-37,1.01606e-35,1.32001e-35,2.04948e-33,4.68095e-32,8.95039e-35,1.76560e-33,2.28309e-33
2.67978e-41,6.45130e-40,1.11317e-42,2.39316e-41,2.90516e-41,5.01520e-38,1.16289e-36,2.16006e-39,4.48439e-38,5.43162e-38,1.32001e-35,3.04010e-34,5.72103e-37,1.18240e-35,1.42747e-35,2.28309e-33,5.20771e-32,9.98224e-35,2.04948e-33,2.46450e-33
2.90516e-41,6.98875e-40,1.20758e-42,2.67978e-41,3.06713e-41,5.43162e-38,1.25844e-36,2.34109e-39,5.01520e-38,5.73026e-38,1.42747e-35,3.28438e-34,6.19211e-37,1.32001e-35,1.50420e-35,2.46450e-33,5.61501e-32,1.07866e-34,2.28309e-33,2.59342e-33
3.06713e-41,7.37410e-40,1.27557e-42,2.90516e-41,3.16462e-41,5.73026e-38,1.32679e-36,2.47121e-39,5.43162e-38,5.90970e-38,1.50420e-35,3.45828e-34,6.52943e-37,1.42747e-35,1.55016e-35,2.59342e-33,5.90334e-32,1.13601e-34,2.46450e-33,2.67034e-33
3.16462e-41,7.60567e-40,1.31655e-42,3.06713e-41,3.19724e-41,5.90970e-38,1.36778e-36,2.54951e-39,5.73026e-38,5.96956e-38,1.55016e-35,3.56219e-34,6.73187e-37,1.50420e-35,1.56546e-35,2.67034e-33,6.07491e-32,1.17032e-34,2.59342e-33,2.69591e-33
3.19724e-41,7.68306e-40,1.33028e-42,3.16462e-41,3.16489e-41,5.96956e-38,1.38144e-36,2.57566e-39,5.90970e-38,5.90981e-38,1.56546e-35,3.59675e-34,6.79936e-37,1.55016e-35,1.55018e-35,2.69591e-33,6.13184e-32,1.18173e-34,2.67034e-33,2.67037e-33
3.16489e-41,7.60623e-40,1.31668e-42,3.19724e-41,3.06764e-41,5.90981e-38,1.36780e-36,2.54956e-39,5.96956e-38,5.73046e-38,1.55018e-35,3.56223e-34,6.73196e-37,1.56546e-35,1.50424e-35,2.67037e-33,6.07496e-32,1.17033e-34,2.69591e-33,2.59346e-33
3.06764e-41,7.37519e-40,1.27581e-42,3.16489e-41,2.90590e-41,5.73046e-38,1.32683e-36,2.47130e-39,5.90981e-38,5.43192e-38,1.50424e-35,3.45835e-34,6.52961e-37,1.55018e-35,1.42752e-35,2.59346e-33,5.90342e-32,1.13603e-34,2.67037e-33,2.46456e-33
2.90590e-41,6.99033e-40,1.20794e-42,3.06764e-41,2.68071e-41,5.43192e-38,1.25850e-36,2.34123e-39,5.73046e-38,5.01556e-38,1.42752e-35,3.28449e-34,6.19236e-37,1.50424e-35,1.32008e-35,2.46456e-33,5.61512e-32,1.07869e-34,2.59346e-33,2.28316e-33
2.68071e-41,6.45328e-40,1.11361e-42,2.90590e-41,2.39422e-41,5.01556e-38,1.16297e-36,2.16023e-39,5.43192e-38,4.48480e-38,1.32008e-35,3.04024e-34,5.72134e-37,1.42752e-35,1.18247e-35,2.28316e-33,5.20786e-32,9.98260e-35,2.46456e-33,2.04956e-33
2.39422e-41,5.76828e-40,9.93883e-43,2.68071e-41,2.05021e-41,4.48480e-38,1.04084e-36,1.93007e-39,5.01556e-38,3.84611e-38,1.18247e-35,2.72629e-34,5.11993e-37,1.32008e-35,1.01613e-35,2.04956e-33,4.68112e-32,8.95079e-35,2.28316e-33,1.76568e-33
2.05021e-41,4.94354e-40,8.50454e-43,2.39422e-41,1.65453e-41,3.84611e-38,8.93438e-37,1.65384e-39,4.48480e-38,3.10999e-38,1.01613e-35,2.34540e-34,4.39531e-37,1.18247e-35,8.23756e-36,1.76568e-33,4.03813e-32,7.70181e-35,2.04956e-33,1.43582e-33
1.65453e-41,3.99252e-40,6.85854e-43,2.05021e-41,1.21534e-41,3.10999e-38,7.23068e-37,1.33627e-39,3.84611e-38,2.29146e-38,8.23756e-36,1.90337e-34,3.55984e-37,1.01613e-35,6.09620e-36,1.43582e-33,3.28789e-32,6.25591e-35,1.76568e-33,1.06722e-33
1.21534e-41,2.93459e-40,5.03508e-43,1.65453e-41,7.43058e-42,2.29146e-38,5.33163e-37,9.83907e-40,3.10999e-38,1.41006e-38,6.09620e-36,1.40987e-34,2.63232e-37,8.23756e-36,3.79883e-36,1.06722e-33,2.44653e-32,4.64536e-35,1.43582e-33,6.70146e-34
7.43058e-42,1.79503e-40,3.07720e-43,1.21534e-41,2.50043e-42,1.41006e-38,3.28291e-37,6.05106e-40,2.29146e-38,4.90695e-39,3.79883e-36,8.79202e-35,1.63924e-37,6.09620e-36,1.44504e-36,6.70146e-34,1.53765e-32,2.91461e-35,1.06722e-33,2.66296e-34
3.07410e-43,7.42398e-42,1.27336e-44,1.03411e-43,5.03069e-43,6.05008e-40,1.40984e-38,2.59410e-41,2.10337e-40,9.83760e-40,1.63906e-37,3.79845e-36,7.06404e-39,6.22988e-38,2.63205e-37,2.91440e-35,6.70104e-34,1.26514e-36,1.15665e-35,4.64505e-35
5.03069e-43,1.21440e-41,2.08461e-44,3.07410e-43,6.85345e-43,9.83760e-40,2.29114e-38,4.22026e-41,6.05008e-40,1.33609e-39,2.63205e-37,6.09563e-36,1.13504e-38,1.63906e-37,3.55951e-37,4.64505e-35,1.06716e-33,2.01789e-36,2.91440e-35,6.25554e-35
6.85345e-43,1.65345e-41,2.84141e-44,5.03069e-43,8.49928e-43,1.33609e-39,3.10960e-38,5.73522e-41,9.83760e-40,1.65365e-39,3.55951e-37,8.23687e-36,1.53611e-38,2.63205e-37,4.39496e-37,6.25554e-35,1.43574e-33,2.71990e-36,4.64505e-35,7.70140e-35
8.49928e-43,2.04909e-41,3.52596e-44,6.85345e-43,9.93382e-43,1.65365e-39,3.84569e-38,7.10329e-41,1.33609e-39,1.92988e-39,4.39496e-37,1.01606e-35,1.89825e-38,3.55951e-37,5.11959e-37,7.70140e-35,1.76560e-33,3.35195e-36,6.25554e-35,8.95039e-35
9.93382e-43,2.39316e-41,4.12383e-44,8.49928e-43,1.11317e-42,1.92988e-39,4.48439e-38,8.29595e-41,1.65365e-39,2.16006e-39,5.11959e-37,1.18240e-35,2.21320e-38,4.39496e-37,5.72103e-37,8.95039e-35,2.04948e-33,3.89973e-36,7.70140e-35,9.98224e-35
1.11317e-42,2.67978e-41,4.62415e-44,9.93382e-43,1.20758e-42,2.16006e-39,5.01520e-38,9.29208e-41,1.92988e-39,2.34109e-39,5.72103e-37,1.32001e-35,2.47536e-38,5.11959e-37,6.19211e-37,9.98224e-35,2.28309e-33,4.35385e-36,8.95039e-35,1.07866e-34
1.20758e-42,2.90516e-41,5.01928e-44,1.11317e-42,1.27557e-42,2.34109e-39,5.43162e-38,1.00773e-40,2.16006e-39,2.47121e-39,6.19211e-37,1.42747e-35,2.68126e-38,5.72103e-37,6.52943e-37,1.07866e-34,2.46450e-33,4.70905e-36,9.98224e-35,1.13601e-34
1.27557e-42,3.06713e-41,5.30430e-44,1.20758e-42,1.31655e-42,2.47121e-39,5.73026e-38,1.06427e-40,2.34109e-39,2.54951e-39,6.52943e-37,1.50420e-35,2.82905e-38,6.19211e-37,6.73187e-37,1.13601e-34,2.59342e-33,4.96304e-36,1.07866e-34,1.17032e-34
1.31655e-42,3.16462e-41,5.47638e-44,1.27557e-42,1.33028e-42,2.54951e-39,5.90970e-38,1.09835e-40,2.47121e-39,2.57566e-39,6.73187e-37,1.55016e-35,2.91791e-38,6.52943e-37,6.79936e-37,1.17032e-34,2.67034e-33,5.11532e-36,1.13601e-34,1.18173e-34
1.33028e-42,3.19724e-41,5.53409e-44,1.31655e-42,1.31668e-42,2.57566e-39,5.96956e-38,1.10974e-40,2.54951e-39,2.54956e-39,6.79936e-37,1.56546e-35,2.94756e-38,6.73187e-37,6.73196e-37,1.18173e-34,2.69591e-33,5.16604e-36,1.17032e-34,1.17033e-34
1.31668e-42,3.16489e-41,5.47699e-44,1.33028e-42,1.27581e-42,2.54956e-39,5.90981e-38,1.09838e-40,2.57566e-39,2.47130e-39,6.73196e-37,1.55018e-35,2.91795e-38,6.79936e-37,6.52961e-37,1.17033e-34,2.67037e-33,5.11537e-36,1.18173e-34,1.13603e-34
1.27581e-42,3.06764e-41,5.30549e-44,1.31668e-42,1.20794e-42,2.47130e-39,5.73046e-38,1.06432e-40,2.54956e-39,2.34123e-39,6.52961e-37,1.50424e-35,2.82914e-38,6.73196e-37,6.19236e-37,1.13603e-34,2.59346e-33,4.96314e-36,1.17033e-34,1.07869e-34
1.20794e-42,2.90590e-41,5.02098e-44,1.27581e-42,1.11361e-42,2.34123e-39,5.43192e-38,1.00779e-40,2.47130e-39,2.16023e-39,6.19236e-37,1.42752e-35,2.68138e-38,6.52961e-37,5.72134e-37,1.07869e-34,2.46456e-33,4.70919e-36,1.13603e-34,9.98260e-35
1.11361e-42,2.68071e-41,4.62626e-44,1.20794e-42,9.93883e-43,2.16023e-39,5.01556e-38,9.29287e-41,2.34123e-39,1.93007e-39,5.72134e-37,1.32008e-35,2.47551e-38,6.19236e-37,5.11993e-37,9.98260e-35,2.28316e-33,4.35403e-36,1.07869e-34,8.95079e-35
9.93883e-43,2.39422e-41,4.12623e-44,1.11361e-42,8.50454e-43,1.93007e-39,4.48480e-38,8.29683e-41,2.16023e-39,1.65384e-39,5.11993e-37,1.18247e-35,2.21336e-38,5.72134e-37,4.39531e-37,8.95079e-35,2.04956e-33,3.89992e-36,9.98260e-35,7.70181e-35
8.50454e-43,2.05021e-41,3.52846e-44,9.93883e-43,6.85854e-43,1.65384e-39,3.84611e-38,7.10418e-41,1.93007e-39,1.33627e-39,4.39531e-37,1.01613e-35,1.89841e-38,5.11993e-37,3.55984e-37,7.70181e-35,1.76568e-33,3.35214e-36,8.95079e-35,6.25591e-35
6.85854e-43,1.65453e-41,2.84382e-44,8.50454e-43,5.03508e-43,1.33627e-39,3.10999e-38,5.73605e-41,1.65384e-39,9.83907e-40,3.55984e-37,8.23756e-36,1.53627e-38,4.39531e-37,2.63232e-37,6.25591e-35,1.43582e-33,2.72008e-36,7.70181e-35,4.64536e-35
5.03508e-43,1.21534e-41,2.08669e-44,6.85854e-43,3.07720e-43,9.83907e-40,2.29146e-38,4.22094e-41,1.33627e-39,6.05106e-40,2.63232e-37,6.09620e-36,1.13516e-38,3.55984e-37,1.63924e-37,4.64536e-35,1.06722e-33,2.01804e-36,6.25591e-35,2.91461e-35
3.07720e-43,7.43058e-42,1.27482e-44,5.03508e-43,1.03527e-43,6.05106e-40,1.41006e-38,2.59455e-41,9.83907e-40,2.10374e-40,1.63924e-37,3.79883e-36,7.06487e-39,2.63232e-37,6.23061e-38,2.91461e-35,6.70146e-34,1.26524e-36,4.64536e-35,1.15674e-35
1.27336e-44,3.07410e-43,5.27615e-46,4.28263e-45,2.08461e-44,2.59410e-41,6.05008e-40,1.11138e-42,9.01054e-42,4.22026e-41,7.06404e-39,1.63906e-37,3.04100e-40,2.68301e-39,1.13504e-38,1.26514e-36,2.91440e-35,5.48254e-38,5.01536e-37,2.01789e-36
2.08461e-44,5.03069e-43,8.64052e-46,1.27336e-44,2.84141e-44,4.22026e-41,9.83760e-40,1.80892e-42,2.59410e-41,5.73522e-41,1.13504e-38,2.63205e-37,4.88885e-40,7.06404e-39,1.53611e-38,2.01789e-36,4.64505e-35,8.75035e-38,1.26514e-36,2.71990e-36
2.84141e-44,6.85345e-43,1.17829e-45,2.08461e-44,3.52596e-44,5.73522e-41,1.33609e-39,2.45962e-42,4.22026e-41,7.10329e-41,1.53611e-38,3.55951e-37,6.62069e-40,1.13504e-38,1.89825e-38,2.71990e-36,6.25554e-35,1.18038e-37,2.01789e-36,3.35195e-36
3.52596e-44,8.49928e-43,1.46297e-45,2.84141e-44,4.12383e-44,7.10329e-41,1.65365e-39,3.04822e-42,5.73522e-41,8.29595e-41,1.89825e-38,4.39496e-37,8.18765e-40,1.53611e-38,2.21320e-38,3.35195e-36,7.70140e-35,1.45599e-37,2.71990e-36,3.89973e-36
4.12383e-44,9.93382e-43,1.71206e-45,3.52596e-44,4.62415e-44,8.29595e-41,1.92988e-39,3.56237e-42,7.10329e-41,9.29208e-41,2.21320e-38,5.11959e-37,9.55372e-40,1.89825e-38,2.47536e-38,3.89973e-36,8.95039e-35,1.69556e-37,3.35195e-36,4.35385e-36
4.62415e-44,1.11317e-42,1.92090e-45,4.12383e-44,5.01928e-44,9.29208e-41,2.16006e-39,3.99268e-42,8.29595e-41,1.00773e-40,2.47536e-38,5.72103e-37,1.06937e-39,2.21320e-38,2.68126e-38,4.35385e-36,9.98224e-35,1.89477e-37,3.89973e-36,4.70905e-36
5.01928e-44,1.20758e-42,2.08613e-45,4.62415e-44,5.30430e-44,1.00773e-40,2.34109e-39,4.33255e-42,9.29208e-41,1.06427e-40,2.68126e-38,6.19211e-37,1.15912e-39,2.47536e-38,2.82905e-38,4.70905e-36,1.07866e-34,2.05106e-37,4.35385e-36,4.96304e-36
5.30430e-44,1.27557e-42,2.20551e-45,5.01928e-44,5.47638e-44,1.06427e-40,2.47121e-39,4.57770e-42,1.00773e-40,1.09835e-40,2.82905e-38,6.52943e-37,1.22368e-39,2.68126e-38,2.91791e-38,4.96304e-36,1.13601e-34,2.16310e-37,4.70905e-36,5.11532e-36
5.47638e-44,1.31655e-42,2.27767e-45,5.30430e-44,5.53409e-44,1.09835e-40,2.54951e-39,4.72564e-42,1.06427e-40,1.10974e-40,2.91791e-38,6.73187e-37,1.26256e-39,2.82905e-38,2.94756e-38,5.11532e-36,1.17032e-34,2.23040e-37,4.96304e-36,5.16604e-36
5.53409e-44,1.33028e-42,2.30190e-45,5.47638e-44,5.47699e-44,1.10974e-40,2.57566e-39,4.77512e-42,1.09835e-40,1.09838e-40,2.94756e-38,6.79936e-37,1.27554e-39,2.91791e-38,2.91795e-38,5.16604e-36,1.18173e-34,2.25284e-37,5.11532e-36,5.11537e-36
5.47699e-44,1.31668e-42,2.27797e-45,5.53409e-44,5.30549e-44,1.09838e-40,2.54956e-39,4.72575e-42,1.10974e-40,1.06432e-40,2.91795e-38,6.73196e-37,1.26258e-39,2.94756e-38,2.82914e-38,5.11537e-36,1.17033e-34,2.23042e-37,5.16604e-36,4.96314e-36
5.30549e-44,1.27581e-42,2.20609e-45,5.47699e-44,5.02098e-44,1.06432e-40,2.47130e-39,4.57791e-42,1.09838e-40,1.00779e-40,2.82914e-38,6.52961e-37,1.22372e-39,2.91795e-38,2.68138e-38,4.96314e-36,1.13603e-34,2.16315e-37,5.11537e-36,4.70919e-36
5.02098e-44,1.20794e-42,2.08695e-45,5.30549e-44,4.62626e-44,1.00779e-40,2.34123e-39,4.33285e-42,1.06432e-40,9.29287e-41,2.68138e-38,6.19236e-37,1.15918e-39,2.82914e-38,2.47551e-38,4.70919e-36,1.07869e-34,2.05112e-37,4.96314e-36,4.35403e-36
4.62626e-44,1.11361e-42,1.92192e-45,5.02098e-44,4.12623e-44,9.29287e-41,2.16023e-39,3.99305e-42,1.00779e-40,8.29683e-41,2.47551e-38,5.72134e-37,1.06944e-39,2.68138e-38,2.21336e-38,4.35403e-36,9.98260e-35,1.89486e-37,4.70919e-36,3.89992e-36
4.12623e-44,9.93883e-43,1.71321e-45,4.62626e-44,3.52846e-44,8.29683e-41,1.93007e-39,3.56278e-42,9.29287e-41,7.10418e-41,2.21336e-38,5.11993e-37,9.55448e-40,2.47551e-38,1.89841e-38,3.89992e-36,8.95079e-35,1.69565e-37,4.35403e-36,3.35214e-36
3.52846e-44,8.50454e-43,1.46417e-45,4.12623e-44,2.84382e-44,7.10418e-41,1.65384e-39,3.04864e-42,8.29683e-41,5.73605e-41,1.89841e-38,4.39531e-37,8.18841e-40,2.21336e-38,1.53627e-38,3.35214e-36,7.70181e-35,1.45609e-37,3.89992e-36,2.72008e-36
2.84382e-44,6.85854e-43,1.17944e-45,3.52846e-44,2.08669e-44,5.73605e-41,1.33627e-39,2.46000e-42,7.10418e-41,4.22094e-41,1.53627e-38,3.55984e-37,6.62140e-40,1.89841e-38,1.13516e-38,2.72008e-36,6.25591e-35,1.18047e-37,3.35214e-36,2.01804e-36
2.08669e-44,5.03508e-43,8.65037e-46,2.84382e-44,1.27482e-44,4.22094e-41,9.83907e-40,1.80924e-42,5.73605e-41,2.59455e-41,1.13516e-38,2.63232e-37,4.88942e-40,1.53627e-38,7.06487e-39,2.01804e-36,4.64536e-35,8.75104e-38,2.72008e-36,1.26524e-36
1.27482e-44,3.07720e-43,5.28306e-46,2.08669e-44,4.28812e-45,2.59455e-41,6.05106e-40,1.11159e-42,4.22094e-41,9.01226e-42,7.06487e-39,1.63924e-37,3.04138e-40,1.13516e-38,2.68335e-39,1.26524e-36,2.91461e-35,5.48301e-38,2.01804e-36,5.01578e-37
5.27615e-46,1.27336e-44,2.18676e-47,1.77418e-46,8.64052e-46,1.11138e-42,2.59410e-41,4.75783e-44,3.85709e-43,1.80892e-42,3.04100e-40,7.06404e-39,1.30772e-41,1.15423e-40,4.88885e-40,5.48254e-38,1.26514e-36,2.37214e-39,2.17120e-38,8.75035e-38
8.64052e-46,2.08461e-44,3.58226e-47,5.27615e-46,1.17829e-45,1.80892e-42,4.22026e-41,7.74731e-44,1.11138e-42,2.45962e-42,4.88885e-40,1.13504e-38,2.10337e-41,3.04100e-40,6.62069e-40,8.75035e-38,2.01789e-36,3.78826e-39,5.48254e-38,1.18038e-37
1.17829e-45,2.84141e-44,4.88710e-47,8.64052e-46,1.46297e-45,2.45962e-42,5.73522e-41,1.05393e-43,1.80892e-42,3.04822e-42,6.62069e-40,1.53611e-38,2.85014e-41,4.88885e-40,8.18765e-40,1.18038e-37,2.71990e-36,5.11380e-39,8.75035e-38,1.45599e-37
1.46297e-45,3.52596e-44,6.07089e-47,1.17829e-45,1.71206e-45,3.04822e-42,7.10329e-41,1.30687e-43,2.45962e-42,3.56237e-42,8.18765e-40,1.89825e-38,3.52707e-41,6.62069e-40,9.55372e-40,1.45599e-37,3.35195e-36,6.31292e-39,1.18038e-37,1.69556e-37
1.71206e-45,4.12383e-44,7.10834e-47,1.46297e-45,1.92090e-45,3.56237e-42,8.29595e-41,1.52819e-43,3.04822e-42,3.99268e-42,9.55372e-40,2.21320e-38,4.11848e-41,8.18765e-40,1.06937e-39,1.69556e-37,3.89973e-36,7.35792e-39,1.45599e-37,1.89477e-37
1.92090e-45,4.62415e-44,7.97961e-47,1.71206e-45,2.08613e-45,3.99268e-42,9.29208e-41,1.71377e-43,3.56237e-42,4.33255e-42,1.06937e-39,2.47536e-38,4.61311e-41,9.55372e-40,1.15912e-39,1.89477e-37,4.35385e-36,8.22929e-39,1.69556e-37,2.05106e-37
2.08613e-45,5.01928e-44,8.67005e-47,1.92090e-45,2.20551e-45,4.33255e-42,1.00773e-40,1.86059e-43,3.99268e-42,4.57770e-42,1.15912e-39,2.68126e-38,5.00339e-41,1.06937e-39,1.22368e-39,2.05106e-37,4.70905e-36,8.91467e-39,1.89477e-37,2.16310e-37
2.20551e-45,5.30430e-44,9.16960e-47,2.08613e-45,2.27767e-45,4.57770e-42,1.06427e-40,1.96666e-43,4.33255e-42,4.72564e-42,1.22368e-39,2.82905e-38,5.28462e-41,1.15912e-39,1.26256e-39,2.16310e-37,4.96304e-36,9.40714e-39,2.05106e-37,2.23040e-37
2.27767e-45,5.47638e-44,9.47190e-47,2.20551e-45,2.30190e-45,4.72564e-42,1.09835e-40,2.03074e-43,4.57770e-42,4.77512e-42,1.26256e-39,2.91791e-38,5.45420e-41,1.22368e-39,1.27554e-39,2.23040e-37,5.11532e-36,9.70344e-39,2.16310e-37,2.25284e-37
2.30190e-45,5.53409e-44,9.57351e-47,2.27767e-45,2.27797e-45,4.77512e-42,1.10974e-40,2.05218e-43,4.72564e-42,4.72575e-42,1.27554e-39,2.94756e-38,5.51087e-41,1.26256e-39,1.26258e-39,2.25284e-37,5.16604e-36,9.80234e-39,2.23040e-37,2.23042e-37
2.27797e-45,5.47699e-44,9.47332e-47,2.30190e-45,2.20609e-45,4.72575e-42,1.09838e-40,2.03079e-43,4.77512e-42,4.57791e-42,1.26258e-39,2.91795e-38,5.45429e-41,1.27554e-39,1.22372e-39,2.23042e-37,5.11537e-36,9.70356e-39,2.25284e-37,2.16315e-37
2.20609e-45,5.30549e-44,9.17236e-47,2.27797e-45,2.08695e-45,4.57791e-42,1.06432e-40,1.96676e-43,4.72575e-42,4.33285e-42,1.22372e-39,2.82914e-38,5.28481e-41,1.26258e-39,1.15918e-39,2.16315e-37,4.96314e-36,9.40737e-39,2.23042e-37,2.05112e-37
2.08695e-45,5.02098e-44,8.67398e-47,2.20609e-45,1.92192e-45,4.33285e-42,1.00779e-40,1.86073e-43,4.57791e-42,3.99305e-42,1.15918e-39,2.68138e-38,5.00365e-41,1.22372e-39,1.06944e-39,2.05112e-37,4.70919e-36,8.91499e-39,2.16315e-37,1.89486e-37
1.92192e-45,4.62626e-44,7.98447e-47,2.08695e-45,1.71321e-45,3.99305e-42,9.29287e-41,1.71394e-43,4.33285e-42,3.56278e-42,1.06944e-39,2.47551e-38,4.61343e-41,1.15918e-39,9.55448e-40,1.89486e-37,4.35403e-36,8.22969e-39,2.05112e-37,1.69565e-37
1.71321e-45,4.12623e-44,7.11383e-47,1.92192e-45,1.46417e-45,3.56278e-42,8.29683e-41,1.52838e-43,3.99305e-42,3.04864e-42,9.55448e-40,2.21336e-38,4.11883e-41,1.06944e-39,8.18841e-40,1.69565e-37,3.89992e-36,7.35835e-39,1.89486e-37,1.45609e-37
1.46417e-45,3.52846e-44,6.07660e-47,1.71321e-45,1.17944e-45,3.04864e-42,7.10418e-41,1.30706e-43,3.56278e-42,2.46000e-42,8.18841e-40,1.89841e-38,3.52743e-41,9.55448e-40,6.62140e-40,1.45609e-37,3.35214e-36,6.31336e-39,1.69565e-37,1.18047e-37
1.17944e-45,2.84382e-44,4.89257e-47,1.46417e-45,8.65037e-46,2.46000e-42,5.73605e-41,1.05411e-43,3.04864e-42,1.80924e-42,6.62140e-40,1.53627e-38,2.85047e-41,8.18841e-40,4.88942e-40,1.18047e-37,2.72008e-36,5.11420e-39,1.45609e-37,8.75104e-38
8.65037e-46,2.08669e-44,3.58693e-47,1.17944e-45,5.28306e-46,1.80924e-42,4.22094e-41,7.74877e-44,2.46000e-42,1.11159e-42,4.88942e-40,1.13516e-38,2.10364e-41,6.62140e-40,3.04138e-40,8.75104e-38,2.01804e-36,3.78858e-39,1.18047e-37,5.48301e-38
5.28306e-46,1.27482e-44,2.19003e-47,8.65037e-46,1.77677e-46,1.11159e-42,2.59455e-41,4.75880e-44,1.80924e-42,3.85789e-43,3.04138e-40,7.06487e-39,1.30790e-41,4.88942e-40,1.15439e-40,5.48301e-38,1.26524e-36,2.37236e-39,8.75104e-38,2.17139e-38
2.18676e-47,5.27615e-46,9.06546e-49,7.35208e-48,3.58226e-47,4.75783e-44,1.11138e-42,2.03533e-45,1.64990e-44,7.74731e-44,1.30772e-41,3.04100e-40,5.61795e-43,4.96047e-42,2.10337e-41,2.37214e-39,5.48254e-38,1.02486e-40,9.38530e-40,3.78826e-39
3.58226e-47,8.64052e-46,1.48547e-48,2.18676e-47,4.88710e-47,7.74731e-44,1.80892e-42,3.31548e-45,4.75783e-44,1.05393e-43,2.10337e-41,4.88885e-40,9.03999e-43,1.30772e-41,2.85014e-41,3.78826e-39,8.75035e-38,1.63756e-40,2.37214e-39,5.11380e-39
4.88710e-47,1.17829e-45,2.02732e-48,3.58226e-47,6.07089e-47,1.05393e-43,2.45962e-42,4.51230e-45,7.74731e-44,1.30687e-43,2.85014e-41,6.62069e-40,1.22560e-42,2.10337e-41,3.52707e-41,5.11380e-39,1.18038e-37,2.21195e-40,3.78826e-39,6.31292e-39
6.07089e-47,1.46297e-45,2.51952e-48,4.88710e-47,7.10834e-47,1.30687e-43,3.04822e-42,5.59801e-45,1.05393e-43,1.52819e-43,3.52707e-41,8.18765e-40,1.51759e-42,2.85014e-41,4.11848e-41,6.31292e-39,1.45599e-37,2.73260e-40,5.11380e-39,7.35792e-39
7.10834e-47,1.71206e-45,2.95149e-48,6.07089e-47,7.97961e-47,1.52819e-43,3.56237e-42,6.54950e-45,1.30687e-43,1.71377e-43,4.11848e-41,9.55372e-40,1.77319e-42,3.52707e-41,4.61311e-41,7.35792e-39,1.69556e-37,3.18737e-40,6.31292e-39,8.22929e-39
7.97961e-47,1.92090e-45,3.31480e-48,7.10834e-47,8.67005e-47,1.71377e-43,3.99268e-42,7.34858e-45,1.52819e-43,1.86059e-43,4.61311e-41,1.06937e-39,1.98738e-42,4.11848e-41,5.00339e-41,8.22929e-39,1.89477e-37,3.56750e-40,7.35792e-39,8.91467e-39
8.67005e-47,2.08613e-45,3.60313e-48,7.97961e-47,9.16960e-47,1.86059e-43,4.33255e-42,7.98179e-45,1.71377e-43,1.96666e-43,5.00339e-41,1.15912e-39,2.15670e-42,4.61311e-41,5.28462e-41,8.91467e-39,2.05106e-37,3.86718e-40,8.22929e-39,9.40714e-39
9.16960e-47,2.20551e-45,3.81201e-48,8.67005e-47,9.47190e-47,1.96666e-43,4.57770e-42,8.43983e-45,1.86059e-43,2.03074e-43,5.28462e-41,1.22368e-39,2.27892e-42,5.00339e-41,5.45420e-41,9.40714e-39,2.16310e-37,4.08295e-40,8.91467e-39,9.70344e-39
9.47190e-47,2.27767e-45,3.93853e-48,9.16960e-47,9.57351e-47,2.03074e-43,4.72564e-42,8.71681e-45,1.96666e-43,2.05218e-43,5.45420e-41,1.26256e-39,2.35270e-42,5.28462e-41,5.51087e-41,9.70344e-39,2.23040e-37,4.21296e-40,9.40714e-39,9.80234e-39
9.57351e-47,2.30190e-45,3.98111e-48,9.47190e-47,9.47332e-47,2.05218e-43,4.77512e-42,8.80955e-45,2.03074e-43,2.03079e-43,5.51087e-41,1.27554e-39,2.37737e-42,5.45420e-41,5.45429e-41,9.80234e-39,2.25284e-37,4.25639e-40,9.70344e-39,9.70356e-39
9.47332e-47,2.27797e-45,3.93921e-48,9.57351e-47,9.17236e-47,2.03079e-43,4.72575e-42,8.71705e-45,2.05218e-43,1.96676e-43,5.45429e-41,1.26258e-39,2.35274e-42,5.51087e-41,5.28481e-41,9.70356e-39,2.23042e-37,4.21301e-40,9.80234e-39,9.40737e-39
9.17236e-47,2.20609e-45,3.81332e-48,9.47332e-47,8.67398e-47,1.96676e-43,4.57791e-42,8.44029e-45,2.03079e-43,1.86073e-43,5.28481e-41,1.22372e-39,2.27900e-42,5.45429e-41,5.00365e-41,9.40737e-39,2.16315e-37,4.08306e-40,9.70356e-39,8.91499e-39
8.67398e-47,2.08695e-45,3.60501e-48,9.17236e-47,7.98447e-47,1.86073e-43,4.33285e-42,7.98245e-45,1.96676e-43,1.71394e-43,5.00365e-41,1.15918e-39,2.15683e-42,5.28481e-41,4.61343e-41,8.91499e-39,2.05112e-37,3.86734e-40,9.40737e-39,8.22969e-39
7.98447e-47,1.92192e-45,3.31713e-48,8.67398e-47,7.11383e-47,1.71394e-43,3.99305e-42,7.34939e-45,1.86073e-43,1.52838e-43,4.61343e-41,1.06944e-39,1.98753e-42,5.00365e-41,4.11883e-41,8.22969e-39,1.89486e-37,3.56768e-40,8.91499e-39,7.35835e-39
7.11383e-47,1.71321e-45,2.95410e-48,7.98447e-47,6.07660e-47,1.52838e-43,3.56278e-42,6.55039e-45,1.71394e-43,1.30706e-43,4.11883e-41,9.55448e-40,1.77335e-42,4.61343e-41,3.52743e-41,7.35835e-39,1.69565e-37,3.18757e-40,8.22969e-39,6.31336e-39
6.07660e-47,1.46417e-45,2.52223e-48,7.11383e-47,4.89257e-47,1.30706e-43,3.04864e-42,5.59891e-45,1.52838e-43,1.05411e-43,3.52743e-41,8.18841e-40,1.51776e-42,4.11883e-41,2.85047e-41,6.31336e-39,1.45609e-37,2.73280e-40,7.35835e-39,5.11420e-39
4.89257e-47,1.17944e-45,2.02991e-48,6.07660e-47,3.58693e-47,1.05411e-43,2.46000e-42,4.51313e-45,1.30706e-43,7.74877e-44,2.85047e-41,6.62140e-40,1.22575e-42,3.52743e-41,2.10364e-41,5.11420e-39,1.18047e-37,2.21213e-40,6.31336e-39,3.78858e-39
3.58693e-47,8.65037e-46,1.48768e-48,4.89257e-47,2.19003e-47,7.74877e-44,1.80924e-42,3.31617e-45,1.05411e-43,4.75880e-44,2.10364e-41,4.88942e-40,9.04123e-43,2.85047e-41,1.30790e-41,3.78858e-39,8.75104e-38,1.63771e-40,5.11420e-39,2.37236e-39
2.19003e-47,5.28306e-46,9.08084e-49,3.58693e-47,7.36427e-48,4.75880e-44,1.11159e-42,2.03579e-45,7.74877e-44,1.65027e-44,1.30790e-41,3.04138e-40,5.61878e-43,2.10364e-41,4.96119e-42,2.37236e-39,5.48301e-38,1.02496e-40,3.78858e-39,9.38623e-40
9.06546e-49,2.18676e-47,3.75898e-50,3.04743e-49,1.48547e-48,2.03533e-45,4.75783e-44,8.70078e-47,7.05270e-46,3.31548e-45,5.61795e-43,1.30772e-41,2.41118e-44,2.12977e-43,9.03999e-43,1.02486e-40,2.37214e-39,4.42187e-42,4.05134e-41,1.63756e-40
1.48547e-48,3.58226e-47,6.16100e-50,9.06546e-49,2.02732e-48,3.31548e-45,7.74731e-44,1.41783e-46,2.03533e-45,4.51230e-45,9.03999e-43,2.10337e-41,3.88142e-44,5.61795e-43,1.22560e-42,1.63756e-40,3.78826e-39,7.06878e-42,1.02486e-40,2.21195e-40
2.02732e-48,4.88710e-47,8.41116e-50,1.48547e-48,2.51952e-48,4.51230e-45,1.05393e-43,1.93039e-46,3.31548e-45,5.59801e-45,1.22560e-42,2.85014e-41,5.26470e-44,9.03999e-43,1.51759e-42,2.21195e-40,5.11380e-39,9.55365e-42,1.63756e-40,2.73260e-40
2.51952e-48,6.07089e-47,1.04574e-49,2.02732e-48,2.95149e-48,5.59801e-45,1.30687e-43,2.39593e-46,4.51230e-45,6.54950e-45,1.51759e-42,3.52707e-41,6.52253e-44,1.22560e-42,1.77319e-42,2.73260e-40,6.31292e-39,1.18100e-41,2.21195e-40,3.18737e-40
2.95149e-48,7.10834e-47,1.22556e-49,2.51952e-48,3.31480e-48,6.54950e-45,1.52819e-43,2.80448e-46,5.59801e-45,7.34858e-45,1.77319e-42,4.11848e-41,7.62538e-44,1.51759e-42,1.98738e-42,3.18737e-40,7.35792e-39,1.37849e-41,2.73260e-40,3.56750e-40
3.31480e-48,7.97961e-47,1.37700e-49,2.95149e-48,3.60313e-48,7.34858e-45,1.71377e-43,3.14808e-46,6.54950e-45,7.98179e-45,1.98738e-42,4.61311e-41,8.55122e-44,1.77319e-42,2.15670e-42,3.56750e-40,8.22929e-39,1.54392e-41,3.18737e-40,3.86718e-40
3.60313e-48,8.67005e-47,1.49733e-49,3.31480e-48,3.81201e-48,7.98179e-45,1.86059e-43,3.42072e-46,7.34858e-45,8.43983e-45,2.15670e-42,5.00339e-41,9.28434e-44,1.98738e-42,2.27892e-42,3.86718e-40,8.91467e-39,1.67461e-41,3.56750e-40,4.08295e-40
3.81201e-48,9.16960e-47,1.58461e-49,3.60313e-48,3.93853e-48,8.43983e-45,1.96666e-43,3.61817e-46,7.98179e-45,8.71681e-45,2.27892e-42,5.28462e-41,9.81425e-44,2.15670e-42,2.35270e-42,4.08295e-40,9.40714e-39,1.76887e-41,3.86718e-40,4.21296e-40
3.93853e-48,9.47190e-47,1.63752e-49,3.81201e-48,3.98111e-48,8.71681e-45,2.03074e-43,3.73768e-46,8.43983e-45,8.80955e-45,2.35270e-42,5.45420e-41,1.01345e-43,2.27892e-42,2.37737e-42,4.21296e-40,9.70344e-39,1.82574e-41,4.08295e-40,4.25639e-40
3.98111e-48,9.57351e-47,1.65535e-49,3.93853e-48,3.93921e-48,8.80955e-45,2.05218e-43,3.77771e-46,8.71681e-45,8.71705e-45,2.37737e-42,5.51087e-41,1.02417e-43,2.35270e-42,2.35274e-42,4.25639e-40,9.80234e-39,1.84475e-41,4.21296e-40,4.21301e-40
3.93921e-48,9.47332e-47,1.63785e-49,3.98111e-48,3.81332e-48,8.71705e-45,2.03079e-43,3.73779e-46,8.80955e-45,8.44029e-45,2.35274e-42,5.45429e-41,1.01347e-43,2.37737e-42,2.27900e-42,4.21301e-40,9.70356e-39,1.82576e-41,4.25639e-40,4.08306e-40
3.81332e-48,9.17236e-47,1.58523e-49,3.93921e-48,3.60501e-48,8.44029e-45,1.96676e-43,3.61839e-46,8.71705e-45,7.98245e-45,2.27900e-42,5.28481e-41,9.81466e-44,2.35274e-42,2.15683e-42,4.08306e-40,9.40737e-39,1.76892e-41,4.21301e-40,3.86734e-40
3.60501e-48,8.67398e-47,1.49823e-49,3.81332e-48,3.31713e-48,7.98245e-45,1.86073e-43,3.42103e-46,8.44029e-45,7.34939e-45,2.15683e-42,5.00365e-41,9.28491e-44,2.27900e-42,1.98753e-42,3.86734e-40,8.91499e-39,1.67468e-41,4.08306e-40,3.56768e-40
3.31713e-48,7.98447e-47,1.37810e-49,3.60501e-48,2.95410e-48,7.34939e-45,1.71394e-43,3.14846e-46,7.98245e-45,6.55039e-45,1.98753e-42,4.61343e-41,8.55191e-44,2.15683e-42,1.77335e-42,3.56768e-40,8.22969e-39,1.54401e-41,3.86734e-40,3.18757e-40
2.95410e-48,7.11383e-47,1.22679e-49,3.31713e-48,2.52223e-48,6.55039e-45,1.52838e-43,2.80490e-46,7.34939e-45,5.59891e-45,1.77335e-42,4.11883e-41,7.62614e-44,1.98753e-42,1.51776e-42,3.18757e-40,7.35835e-39,1.37859e-41,3.56768e-40,2.73280e-40
2.52223e-48,6.07660e-47,1.04702e-49,2.95410e-48,2.02991e-48,5.59891e-45,1.30706e-43,2.39636e-46,6.55039e-45,4.51313e-45,1.51776e-42,3.52743e-41,6.52330e-44,1.77335e-42,1.22575e-42,2.73280e-40,6.31336e-39,1.18110e-41,3.18757e-40,2.21213e-40
2.02991e-48,4.89257e-47,8.42335e-50,2.52223e-48,1.48768e-48,4.51313e-45,1.05411e-43,1.93078e-46,5.59891e-45,3.31617e-45,1.22575e-42,2.85047e-41,5.26541e-44,1.51776e-42,9.04123e-43,2.21213e-40,5.11420e-39,9.55453e-42,2.73280e-40,1.63771e-40
1.48768e-48,3.58693e-47,6.17137e-50,2.02991e-48,9.08084e-49,3.31617e-45,7.74877e-44,1.41815e-46,4.51313e-45,2.03579e-45,9.04123e-43,2.10364e-41,3.88200e-44,1.22575e-42,5.61878e-43,1.63771e-40,3.78858e-39,7.06949e-42,2.21213e-40,1.02496e-40
9.08084e-49,2.19003e-47,3.76618e-50,1.48768e-48,3.05316e-49,2.03579e-45,4.75880e-44,8.70291e-47,3.31617e-45,7.05444e-46,5.61878e-43,1.30790e-41,2.41156e-44,9.04123e-43,2.13011e-43,1.02496e-40,2.37236e-39,4.42235e-42,1.63771e-40,4.05178e-41
3.75898e-50,9.06546e-49,1.55894e-51,1.26344e-50,6.16100e-50,8.70078e-47,2.03533e-45,3.71697e-48,3.01277e-47,1.41783e-46,2.41118e-44,5.61795e-43,1.03393e-45,9.13583e-45,3.88142e-44,4.42187e-42,1.02486e-40,1.90547e-43,1.74660e-42,7.06878e-42
6.16100e-50,1.48547e-48,2.55568e-51,3.75898e-50,8.41116e-50,1.41783e-46,3.31548e-45,6.05890e-48,8.70078e-47,1.93039e-46,3.88142e-44,9.03999e-43,1.66497e-45,2.41118e-44,5.26470e-44,7.06878e-42,1.63756e-40,3.04739e-43,4.42187e-42,9.55365e-42
8.41116e-50,2.02732e-48,3.49014e-51,6.16100e-50,1.04574e-49,1.93039e-46,4.51230e-45,8.25221e-48,1.41783e-46,2.39593e-46,5.26470e-44,1.22560e-42,2.25930e-45,3.88142e-44,6.52253e-44,9.55365e-42,2.21195e-40,4.12072e-43,7.06878e-42,1.18100e-41
1.04574e-49,2.51952e-48,4.34077e-51,8.41116e-50,1.22556e-49,2.39593e-46,5.59801e-45,1.02464e-47,1.93039e-46,2.80448e-46,6.52253e-44,1.51759e-42,2.80043e-45,5.26470e-44,7.62538e-44,1.18100e-41,2.73260e-40,5.09691e-43,9.55365e-42,1.37849e-41
1.22556e-49,2.95149e-48,5.08913e-51,1.04574e-49,1.37700e-49,2.80448e-46,6.54950e-45,1.19986e-47,2.39593e-46,3.14808e-46,7.62538e-44,1.77319e-42,3.27560e-45,6.52253e-44,8.55122e-44,1.37849e-41,3.18737e-40,5.95287e-43,1.18100e-41,1.54392e-41
1.37700e-49,3.31480e-48,5.72014e-51,1.22556e-49,1.49733e-49,3.14808e-46,7.34858e-45,1.34742e-47,2.80448e-46,3.42072e-46,8.55122e-44,1.98738e-42,3.67512e-45,7.62538e-44,9.28434e-44,1.54392e-41,3.56750e-40,6.67123e-43,1.37849e-41,1.67461e-41
1.49733e-49,3.60313e-48,6.22212e-51,1.37700e-49,1.58461e-49,3.42072e-46,7.98179e-45,1.46464e-47,3.14808e-46,3.61817e-46,9.28434e-44,2.15670e-42,3.99195e-45,8.55122e-44,9.81425e-44,1.67461e-41,3.86718e-40,7.23976e-43,1.54392e-41,1.76887e-41
1.58461e-49,3.81201e-48,6.58654e-51,1.49733e-49,1.63752e-49,3.61817e-46,8.43983e-45,1.54962e-47,3.42072e-46,3.73768e-46,9.81425e-44,2.27892e-42,4.22125e-45,9.28434e-44,1.01345e-43,1.76887e-41,4.08295e-40,7.65044e-43,1.67461e-41,1.82574e-41
1.63752e-49,3.93853e-48,6.80769e-51,1.58461e-49,1.65535e-49,3.73768e-46,8.71681e-45,1.60109e-47,3.61817e-46,3.77771e-46,1.01345e-43,2.35270e-42,4.35996e-45,9.81425e-44,1.02417e-43,1.82574e-41,4.21296e-40,7.89850e-43,1.76887e-41,1.84475e-41
1.65535e-49,3.98111e-48,6.88227e-51,1.63752e-49,1.63785e-49,3.77771e-46,8.80955e-45,1.61835e-47,3.73768e-46,3.73779e-46,1.02417e-43,2.37737e-42,4.40640e-45,1.01345e-43,1.01347e-43,1.84475e-41,4.25639e-40,7.98148e-43,1.82574e-41,1.82576e-41
1.63785e-49,3.93921e-48,6.80920e-51,1.65535e-49,1.58523e-49,3.73779e-46,8.71705e-45,1.60115e-47,3.77771e-46,3.61839e-46,1.01347e-43,2.35274e-42,4.36005e-45,1.02417e-43,9.81466e-44,1.82576e-41,4.21301e-40,7.89862e-43,1.84475e-41,1.76892e-41
1.58523e-49,3.81332e-48,6.58948e-51,1.63785e-49,1.49823e-49,3.61839e-46,8.44029e-45,1.54972e-47,3.73779e-46,3.42103e-46,9.81466e-44,2.27900e-42,4.22144e-45,1.01347e-43,9.28491e-44,1.76892e-41,4.08306e-40,7.65068e-43,1.82576e-41,1.67468e-41
1.49823e-49,3.60501e-48,6.22630e-51,1.58523e-49,1.37810e-49,3.42103e-46,7.98245e-45,1.46479e-47,3.61839e-46,3.14846e-46,9.28491e-44,2.15683e-42,3.99222e-45,9.81466e-44,8.55191e-44,1.67468e-41,3.86734e-40,7.24009e-43,1.76892e-41,1.54401e-41
1.37810e-49,3.31713e-48,5.72530e-51,1.49823e-49,1.22679e-49,3.14846e-46,7.34939e-45,1.34759e-47,3.42103e-46,2.80490e-46,8.55191e-44,1.98753e-42,3.67545e-45,9.28491e-44,7.62614e-44,1.54401e-41,3.56768e-40,6.67164e-43,1.67468e-41,1.37859e-41
1.22679e-49,2.95410e-48,5.09493e-51,1.37810e-49,1.04702e-49,2.80490e-46,6.55039e-45,1.20006e-47,3.14846e-46,2.39636e-46,7.62614e-44,1.77335e-42,3.27595e-45,8.55191e-44,6.52330e-44,1.37859e-41,3.18757e-40,5.95332e-43,1.54401e-41,1.18110e-41
1.04702e-49,2.52223e-48,4.34678e-51,1.22679e-49,8.42335e-50,2.39636e-46,5.59891e-45,1.02484e-47,2.80490e-46,1.93078e-46,6.52330e-44,1.51776e-42,2.80079e-45,7.62614e-44,5.26541e-44,1.18110e-41,2.73280e-40,5.09736e-43,1.37859e-41,9.55453e-42
8.42335e-50,2.02991e-48,3.49585e-51,1.04702e-49,6.17137e-50,1.93078e-46,4.51313e-45,8.25405e-48,2.39636e-46,1.41815e-46,5.26541e-44,1.22575e-42,2.25963e-45,6.52330e-44,3.88200e-44,9.55453e-42,2.21213e-40,4.12113e-43,1.18110e-41,7.06949e-42
6.17137e-50,1.48768e-48,2.56052e-51,8.42335e-50,3.76618e-50,1.41815e-46,3.31617e-45,6.06040e-48,1.93078e-46,8.70291e-47,3.88200e-44,9.04123e-43,1.66524e-45,5.26541e-44,2.41156e-44,7.06949e-42,1.63771e-40,3.04772e-43,9.55453e-42,4.42235e-42
3.76618e-50,9.08084e-49,1.56229e-51,6.17137e-50,1.26612e-50,8.70291e-47,2.03579e-45,3.71796e-48,1.41815e-46,3.01358e-47,2.41156e-44,5.61878e-43,1.03411e-45,3.88200e-44,9.13739e-45,4.42235e-42,1.02496e-40,1.90569e-43,7.06949e-42,1.74680e-42
1.55894e-51,3.75898e-50,6.46633e-53,5.23917e-52,2.55568e-51,3.71697e-48,8.70078e-47,1.58686e-49,1.28617e-48,6.05890e-48,1.03393e-45,2.41118e-44,4.42977e-47,3.91552e-46,1.66497e-45,1.90547e-43,4.42187e-42,8.20143e-45,7.52089e-44,3.04739e-43
2.55568e-51,6.16100e-50,1.06029e-52,1.55894e-51,3.49014e-51,6.05890e-48,1.41783e-46,2.58745e-49,3.71697e-48,8.25221e-48,1.66497e-45,3.88142e-44,7.13575e-47,1.03393e-45,2.25930e-45,3.04739e-43,7.06878e-42,1.31216e-44,1.90547e-43,4.12072e-43
3.49014e-51,8.41116e-50,1.44836e-52,2.55568e-51,4.34077e-51,8.25221e-48,1.93039e-46,3.52523e-49,6.05890e-48,1.02464e-47,2.25930e-45,5.26470e-44,9.68660e-47,1.66497e-45,2.80043e-45,4.12072e-43,9.55365e-42,1.77513e-44,3.04739e-43,5.09691e-43
4.34077e-51,1.04574e-49,1.80194e-52,3.49014e-51,5.08913e-51,1.02464e-47,2.39593e-46,4.37869e-49,8.25221e-48,1.19986e-47,2.80043e-45,6.52253e-44,1.20118e-46,2.25930e-45,3.27560e-45,5.09691e-43,1.18100e-41,2.19678e-44,4.12072e-43,5.95287e-43
5.08913e-51,1.22556e-49,2.11333e-52,4.34077e-51,5.72014e-51,1.19986e-47,2.80448e-46,5.12939e-49,1.02464e-47,1.34742e-47,3.27560e-45,7.62538e-44,1.40563e-46,2.80043e-45,3.67512e-45,5.95287e-43,1.37849e-41,2.56711e-44,5.09691e-43,6.67123e-43
5.72014e-51,1.37700e-49,2.37616e-52,5.08913e-51,6.22212e-51,1.34742e-47,3.14808e-46,5.76226e-49,1.19986e-47,1.46464e-47,3.67512e-45,8.55122e-44,1.57777e-46,3.27560e-45,3.99195e-45,6.67123e-43,1.54392e-41,2.87843e-44,5.95287e-43,7.23976e-43
6.22212e-51,1.49733e-49,2.58547e-52,5.72014e-51,6.58654e-51,1.46464e-47,3.42072e-46,6.26559e-49,1.34742e-47,1.54962e-47,3.99195e-45,9.28434e-44,1.71446e-46,3.67512e-45,4.22125e-45,7.23976e-43,1.67461e-41,3.12520e-44,6.67123e-43,7.65044e-43
6.58654e-51,1.58461e-49,2.73756e-52,6.22212e-51,6.80769e-51,1.54962e-47,3.61817e-46,6.63081e-49,1.46464e-47,1.60109e-47,4.22125e-45,9.81425e-44,1.81350e-46,3.99195e-45,4.35996e-45,7.65044e-43,1.76887e-41,3.30371e-44,7.23976e-43,7.89850e-43
6.80769e-51,1.63752e-49,2.82992e-52,6.58654e-51,6.88227e-51,1.60109e-47,3.73768e-46,6.85218e-49,1.54962e-47,1.61835e-47,4.35996e-45,1.01345e-43,1.87346e-46,4.22125e-45,4.40640e-45,7.89850e-43,1.82574e-41,3.41164e-44,7.65044e-43,7.98148e-43
6.88227e-51,1.65535e-49,2.86110e-52,6.80769e-51,6.80920e-51,1.61835e-47,3.77771e-46,6.92641e-49,1.60109e-47,1.60115e-47,4.40640e-45,1.02417e-43,1.89354e-46,4.35996e-45,4.36005e-45,7.98148e-43,1.84475e-41,3.44776e-44,7.89850e-43,7.89862e-43
6.80920e-51,1.63785e-49,2.83062e-52,6.88227e-51,6.58948e-51,1.60115e-47,3.73779e-46,6.85243e-49,1.61835e-47,1.54972e-47,4.36005e-45,1.01347e-43,1.87350e-46,4.40640e-45,4.22144e-45,7.89862e-43,1.82576e-41,3.41170e-44,7.98148e-43,7.65068e-43
6.58948e-51,1.58523e-49,2.73893e-52,6.80920e-51,6.22630e-51,1.54972e-47,3.61839e-46,6.63130e-49,1.60115e-47,1.46479e-47,4.22144e-45,9.81466e-44,1.81359e-46,4.36005e-45,3.99222e-45,7.65068e-43,1.76892e-41,3.30382e-44,7.89862e-43,7.24009e-43
6.22630e-51,1.49823e-49,2.58742e-52,6.58948e-51,5.72530e-51,1.46479e-47,3.42103e-46,6.26628e-49,1.54972e-47,1.34759e-47,3.99222e-45,9.28491e-44,1.71459e-46,4.22144e-45,3.67545e-45,7.24009e-43,1.67468e-41,3.12536e-44,7.65068e-43,6.67164e-43
5.72530e-51,1.37810e-49,2.37857e-52,6.22630e-51,5.09493e-51,1.34759e-47,3.14846e-46,5.76311e-49,1.46479e-47,1.20006e-47,3.67545e-45,8.55191e-44,1.57792e-46,3.99222e-45,3.27595e-45,6.67164e-43,1.54401e-41,2.87862e-44,7.24009e-43,5.95332e-43
5.09493e-51,1.22679e-49,2.11603e-52,5.72530e-51,4.34678e-51,1.20006e-47,2.80490e-46,5.13032e-49,1.34759e-47,1.02484e-47,3.27595e-45,7.62614e-44,1.40580e-46,3.67545e-45,2.80079e-45,5.95332e-43,1.37859e-41,2.56732e-44,6.67164e-43,5.09736e-43
4.34678e-51,1.04702e-49,1.80474e-52,5.09493e-51,3.49585e-51,1.02484e-47,2.39636e-46,4.37963e-49,1.20006e-47,8.25405e-48,2.80079e-45,6.52330e-44,1.20135e-46,3.27595e-45,2.25963e-45,5.09736e-43,1.18110e-41,2.19699e-44,5.95332e-43,4.12113e-43
3.49585e-51,8.42335e-50,1.45101e-52,4.34678e-51,2.56052e-51,8.25405e-48,1.93078e-46,3.52609e-49,1.02484e-47,6.06040e-48,2.25963e-45,5.26541e-44,9.68814e-47,2.80079e-45,1.66524e-45,4.12113e-43,9.55453e-42,1.77532e-44,5.09736e-43,3.04772e-43
2.56052e-51,6.17137e-50,1.06253e-52,3.49585e-51,1.56229e-51,6.06040e-48,1.41815e-46,2.58815e-49,8.25405e-48,3.71796e-48,1.66524e-45,3.88200e-44,7.13700e-47,2.25963e-45,1.03411e-45,3.04772e-43,7.06949e-42,1.31231e-44,4.12113e-43,1.90569e-43
1.56229e-51,3.76618e-50,6.48186e-53,2.56052e-51,5.25159e-52,3.71796e-48,8.70291e-47,1.58732e-49,6.06040e-48,1.28655e-48,1.03411e-45,2.41156e-44,4.43060e-47,1.66524e-45,3.91624e-46,1.90569e-43,4.42235e-42,8.20247e-45,3.04772e-43,7.52184e-44
6.46633e-53,1.55894e-51,2.68254e-54,2.17292e-53,1.06029e-52,1.58686e-49,3.71697e-48,6.77044e-51,5.48738e-50,2.58745e-49,4.42977e-47,1.03393e-45,1.89636e-48,1.67677e-47,7.13575e-47,8.20143e-45,1.90547e-43,3.52615e-46,3.23490e-45,1.31216e-44
1.06029e-52,2.55568e-51,4.39937e-54,6.46633e-53,1.44836e-52,2.58745e-49,6.05890e-48,1.10425e-50,1.58686e-49,3.52523e-49,7.13575e-47,1.66497e-45,3.05568e-48,4.42977e-47,9.68660e-47,1.31216e-44,3.04739e-43,5.64353e-46,8.20143e-45,1.77513e-44
1.44836e-52,3.49014e-51,6.01107e-54,1.06029e-52,1.80194e-52,3.52523e-49,8.25221e-48,1.50491e-50,2.58745e-49,4.37869e-49,9.68660e-47,2.25930e-45,4.14942e-48,7.13575e-47,1.20118e-46,1.77513e-44,4.12072e-43,7.63786e-46,1.31216e-44,2.19678e-44
1.80194e-52,4.34077e-51,7.48068e-54,1.44836e-52,2.11333e-52,4.37869e-49,1.02464e-47,1.86984e-50,3.52523e-49,5.12939e-49,1.20118e-46,2.80043e-45,5.14745e-48,9.68660e-47,1.40563e-46,2.19678e-44,5.09691e-43,9.45653e-46,1.77513e-44,2.56711e-44
2.11333e-52,5.08913e-51,8.77608e-54,1.80194e-52,2.37616e-52,5.12939e-49,1.19986e-47,2.19115e-50,4.37869e-49,5.76226e-49,1.40563e-46,3.27560e-45,6.02603e-48,1.20118e-46,1.57777e-46,2.56711e-44,5.95287e-43,1.10561e-45,2.19678e-44,2.87843e-44
2.37616e-52,5.72014e-51,9.87056e-54,2.11333e-52,2.58547e-52,5.76226e-49,1.34742e-47,2.46229e-50,5.12939e-49,6.26559e-49,1.57777e-46,3.67512e-45,6.76667e-48,1.40563e-46,1.71446e-46,2.87843e-44,6.67123e-43,1.24027e-45,2.56711e-44,3.12520e-44
2.58547e-52,6.22212e-51,1.07429e-53,2.37616e-52,2.73756e-52,6.26559e-49,1.46464e-47,2.67814e-50,5.76226e-49,6.63081e-49,1.71446e-46,3.99195e-45,7.35547e-48,1.57777e-46,1.81350e-46,3.12520e-44,7.23976e-43,1.34718e-45,2.87843e-44,3.30371e-44
2.73756e-52,6.58654e-51,1.13773e-53,2.58547e-52,2.82992e-52,6.63081e-49,1.54962e-47,2.83489e-50,6.26559e-49,6.85218e-49,1.81350e-46,4.22125e-45,7.78250e-48,1.71446e-46,1.87346e-46,3.30371e-44,7.65044e-43,1.42460e-45,3.12520e-44,3.41164e-44
2.82992e-52,6.80769e-51,1.17629e-53,2.73756e-52,2.86110e-52,6.85218e-49,1.60109e-47,2.92995e-50,6.63081e-49,6.92641e-49,1.87346e-46,4.35996e-45,8.04122e-48,1.81350e-46,1.89354e-46,3.41164e-44,7.89850e-43,1.47145e-45,3.30371e-44,3.44776e-44
2.86110e-52,6.88227e-51,1.18932e-53,2.82992e-52,2.83062e-52,6.92641e-49,1.61835e-47,2.96185e-50,6.85218e-49,6.85243e-49,1.89354e-46,4.40640e-45,8.12792e-48,1.87346e-46,1.87350e-46,3.44776e-44,7.98148e-43,1.48714e-45,3.41164e-44,3.41170e-44
2.83062e-52,6.80920e-51,1.17661e-53,2.86110e-52,2.73893e-52,6.85243e-49,1.60115e-47,2.93007e-50,6.92641e-49,6.63130e-49,1.87350e-46,4.36005e-45,8.04143e-48,1.89354e-46,1.81359e-46,3.41170e-44,7.89862e-43,1.47148e-45,3.44776e-44,3.30382e-44
2.73893e-52,6.58948e-51,1.13837e-53,2.83062e-52,2.58742e-52,6.63130e-49,1.54972e-47,2.83512e-50,6.85243e-49,6.26628e-49,1.81359e-46,4.22144e-45,7.78292e-48,1.87350e-46,1.71459e-46,3.30382e-44,7.65068e-43,1.42465e-45,3.41170e-44,3.12536e-44
2.58742e-52,6.22630e-51,1.07520e-53,2.73893e-52,2.37857e-52,6.26628e-49,1.46479e-47,2.67847e-50,6.63130e-49,5.76311e-49,1.71459e-46,3.99222e-45,7.35605e-48,1.81359e-46,1.57792e-46,3.12536e-44,7.24009e-43,1.34725e-45,3.30382e-44,2.87862e-44
2.37857e-52,5.72530e-51,9.88170e-54,2.58742e-52,2.11603e-52,5.76311e-49,1.34759e-47,2.46269e-50,6.26628e-49,5.13032e-49,1.57792e-46,3.67545e-45,6.76738e-48,1.71459e-46,1.40580e-46,2.87862e-44,6.67164e-43,1.24036e-45,3.12536e-44,2.56732e-44
2.11603e-52,5.09493e-51,8.78857e-54,2.37857e-52,1.80474e-52,5.13032e-49,1.20006e-47,2.19159e-50,5.76311e-49,4.37963e-49,1.40580e-46,3.27595e-45,6.02681e-48,1.57792e-46,1.20135e-46,2.56732e-44,5.95332e-43,1.10570e-45,2.87862e-44,2.19699e-44
1.80474e-52,4.34678e-51,7.49358e-54,2.11603e-52,1.45101e-52,4.37963e-49,1.02484e-47,1.87028e-50,5.13032e-49,3.52609e-49,1.20135e-46,2.80079e-45,5.14824e-48,1.40580e-46,9.68814e-47,2.19699e-44,5.09736e-43,9.45750e-46,2.56732e-44,1.77532e-44
1.45101e-52,3.49585e-51,6.02330e-54,1.80474e-52,1.06253e-52,3.52609e-49,8.25405e-48,1.50531e-50,4.37963e-49,2.58815e-49,9.68814e-47,2.25963e-45,4.15014e-48,1.20135e-46,7.13700e-47,1.77532e-44,4.12113e-43,7.63875e-46,2.19699e-44,1.31231e-44
1.06253e-52,2.56052e-51,4.40972e-54,1.45101e-52,6.48186e-53,2.58815e-49,6.06040e-48,1.10458e-50,3.52609e-49,1.58732e-49,7.13700e-47,1.66524e-45,3.05626e-48,9.68814e-47,4.43060e-47,1.31231e-44,3.04772e-43,5.64425e-46,1.77532e-44,8.20247e-45
6.48186e-53,1.56229e-51,2.68969e-54,1.06253e-52,2.17866e-53,1.58732e-49,3.71796e-48,6.77263e-51,2.58815e-49,5.48916e-50,4.43060e-47,1.03411e-45,1.89675e-48,7.13700e-47,1.67711e-47,8.20247e-45,1.90569e-43,3.52664e-46,1.31231e-44,3.23534e-45
2.68254e-54,6.46633e-53,1.11297e-55,9.01338e-55,4.39937e-54,6.77044e-51,1.58686e-49,2.88693e-52,2.33977e-51,1.10425e-50,1.89636e-48,4.42977e-47,8.11196e-50,7.17496e-49,3.05568e-48,3.52615e-46,8.20143e-45,1.51449e-47,1.38994e-46,5.64353e-46
4.39937e-54,1.06029e-52,1.82558e-55,2.68254e-54,6.01107e-54,1.10425e-50,2.58745e-49,4.70973e-52,6.77044e-51,1.50491e-50,3.05568e-48,7.13575e-47,1.30746e-49,1.89636e-48,4.14942e-48,5.64353e-46,1.31216e-44,2.42468e-47,3.52615e-46,7.63786e-46
6.01107e-54,1.44836e-52,2.49493e-55,4.39937e-54,7.48068e-54,1.50491e-50,3.52523e-49,6.42021e-52,1.10425e-50,1.86984e-50,4.14942e-48,9.68660e-47,1.77600e-49,3.05568e-48,5.14745e-48,7.63786e-46,1.77513e-44,3.28273e-47,5.64353e-46,9.45653e-46
7.48068e-54,1.80194e-52,3.10571e-55,6.01107e-54,8.77608e-54,1.86984e-50,4.37869e-49,7.97938e-52,1.50491e-50,2.19115e-50,5.14745e-48,1.20118e-46,2.20393e-49,4.14942e-48,6.02603e-48,9.45653e-46,2.19678e-44,4.06607e-47,7.63786e-46,1.10561e-45
8.77608e-54,2.11333e-52,3.64453e-55,7.48068e-54,9.87056e-54,2.19115e-50,5.12939e-49,9.35333e-52,1.86984e-50,2.46229e-50,6.02603e-48,1.40563e-46,2.58103e-49,5.14745e-48,6.76667e-48,1.10561e-45,2.56711e-44,4.75591e-47,9.45653e-46,1.24027e-45
9.87056e-54,2.37616e-52,4.10016e-55,8.77608e-54,1.07429e-53,2.46229e-50,5.76226e-49,1.05138e-51,2.19115e-50,2.67814e-50,6.76667e-48,1.57777e-46,2.89928e-49,6.02603e-48,7.35547e-48,1.24027e-45,2.87843e-44,5.33747e-47,1.10561e-45,1.34718e-45
1.07429e-53,2.58547e-52,4.46363e-55,9.87056e-54,1.13773e-53,2.67814e-50,6.26559e-49,1.14384e-51,2.46229e-50,2.83489e-50,7.35547e-48,1.71446e-46,3.15254e-49,6.76667e-48,7.78250e-48,1.34718e-45,3.12520e-44,5.79970e-47,1.24027e-45,1.42460e-45
1.13773e-53,2.73756e-52,4.72814e-55,1.07429e-53,1.17629e-53,2.83489e-50,6.63081e-49,1.21103e-51,2.67814e-50,2.92995e-50,7.78250e-48,1.81350e-46,3.33638e-49,7.35547e-48,8.04122e-48,1.42460e-45,3.30371e-44,6.13482e-47,1.34718e-45,1.47145e-45
1.17629e-53,2.82992e-52,4.88899e-55,1.13773e-53,1.18932e-53,2.92995e-50,6.85218e-49,1.25180e-51,2.83489e-50,2.96185e-50,8.04122e-48,1.87346e-46,3.44784e-49,7.78250e-48,8.12792e-48,1.47145e-45,3.41164e-44,6.33778e-47,1.42460e-45,1.48714e-45
1.18932e-53,2.86110e-52,4.94343e-55,1.17629e-53,1.17661e-53,2.96185e-50,6.92641e-49,1.26549e-51,2.92995e-50,2.93007e-50,8.12792e-48,1.89354e-46,3.48520e-49,8.04122e-48,8.04143e-48,1.48714e-45,3.44776e-44,6.40578e-47,1.47145e-45,1.47148e-45
1.17661e-53,2.83062e-52,4.89050e-55,1.18932e-53,1.13837e-53,2.93007e-50,6.85243e-49,1.25186e-51,2.96185e-50,2.83512e-50,8.04143e-48,1.87350e-46,3.44794e-49,8.12792e-48,7.78292e-48,1.47148e-45,3.41170e-44,6.33791e-47,1.48714e-45,1.42465e-45
1.13837e-53,2.73893e-52,4.73106e-55,1.17661e-53,1.07520e-53,2.83512e-50,6.63130e-49,1.21114e-51,2.93007e-50,2.67847e-50,7.78292e-48,1.81359e-46,3.33658e-49,8.04143e-48,7.35605e-48,1.42465e-45,3.30382e-44,6.13506e-47,1.47148e-45,1.34725e-45
1.07520e-53,2.58742e-52,4.46778e-55,1.13837e-53,9.88170e-54,2.67847e-50,6.26628e-49,1.14399e-51,2.83512e-50,2.46269e-50,7.35605e-48,1.71459e-46,3.15282e-49,7.78292e-48,6.76738e-48,1.34725e-45,3.12536e-44,5.80004e-47,1.42465e-45,1.24036e-45
9.88170e-54,2.37857e-52,4.10529e-55,1.07520e-53,8.78857e-54,2.46269e-50,5.76311e-49,1.05157e-51,2.67847e-50,2.19159e-50,6.76738e-48,1.57792e-46,2.89961e-49,7.35605e-48,6.02681e-48,1.24036e-45,2.87862e-44,5.33788e-47,1.34725e-45,1.10570e-45
8.78857e-54,2.11603e-52,3.65028e-55,9.88170e-54,7.49358e-54,2.19159e-50,5.13032e-49,9.35538e-52,2.46269e-50,1.87028e-50,6.02681e-48,1.40580e-46,2.58140e-49,6.76738e-48,5.14824e-48,1.10570e-45,2.56732e-44,4.75637e-47,1.24036e-45,9.45750e-46
7.49358e-54,1.80474e-52,3.11164e-55,8.78857e-54,6.02330e-54,1.87028e-50,4.37963e-49,7.98146e-52,2.19159e-50,1.50531e-50,5.14824e-48,1.20135e-46,2.20430e-49,6.02681e-48,4.15014e-48,9.45750e-46,2.19699e-44,4.06653e-47,1.10570e-45,7.63875e-46
6.02330e-54,1.45101e-52,2.50055e-55,7.49358e-54,4.40972e-54,1.50531e-50,3.52609e-49,6.42212e-52,1.87028e-50,1.10458e-50,4.15014e-48,9.68814e-47,1.77634e-49,5.14824e-48,3.05626e-48,7.63875e-46,1.77532e-44,3.28314e-47,9.45750e-46,5.64425e-46
4.40972e-54,1.06253e-52,1.83033e-55,6.02330e-54,2.68969e-54,1.10458e-50,2.58815e-49,4.71128e-52,1.50531e-50,6.77263e-51,3.05626e-48,7.13700e-47,1.30774e-49,4.15014e-48,1.89675e-48,5.64425e-46,1.31231e-44,2.42502e-47,7.63875e-46,3.52664e-46
2.68969e-54,6.48186e-53,1.11625e-55,4.40972e-54,9.03979e-55,6.77263e-51,1.58732e-49,2.88795e-52,1.10458e-50,2.34061e-51,1.89675e-48,4.43060e-47,8.11379e-50,3.05626e-48,7.17654e-49,3.52664e-46,8.20247e-45,1.51471e-47,5.64425e-46,1.39015e-46
1.11297e-55,2.68254e-54,4.61808e-57,3.73924e-56,1.82558e-55,2.88693e-52,6.77044e-51,1.23028e-53,9.97091e-53,4.70973e-52,8.11196e-50,1.89636e-48,3.46746e-51,3.06790e-50,1.30746e-49,1.51449e-47,3.52615e-46,6.49843e-49,5.96628e-48,2.42468e-47
1.82558e-55,4.39937e-54,7.57607e-57,1.11297e-55,2.49493e-55,4.70973e-52,1.10425e-50,2.00754e-53,2.88693e-52,6.42021e-52,1.30746e-49,3.05568e-48,5.59013e-51,8.11196e-50,1.77600e-49,2.42468e-47,5.64353e-46,1.04070e-48,1.51449e-47,3.28273e-47
2.49493e-55,6.01107e-54,1.03560e-56,1.82558e-55,3.10571e-55,6.42021e-52,1.50491e-50,2.73728e-53,4.70973e-52,7.97938e-52,1.77600e-49,4.14942e-48,7.59548e-51,1.30746e-49,2.20393e-49,3.28273e-47,7.63786e-46,1.40944e-48,2.42468e-47,4.06607e-47
3.10571e-55,7.48068e-54,1.28943e-56,2.49493e-55,3.64453e-55,7.97938e-52,1.86984e-50,3.40291e-53,6.42021e-52,9.35333e-52,2.20393e-49,5.14745e-48,9.42853e-51,1.77600e-49,2.58103e-49,4.06607e-47,9.45653e-46,1.74642e-48,3.28273e-47,4.75591e-47
3.64453e-55,8.77608e-54,1.51351e-56,3.10571e-55,4.10016e-55,9.35333e-52,2.19115e-50,3.98992e-53,7.97938e-52,1.05138e-51,2.58103e-49,6.02603e-48,1.10454e-50,2.20393e-49,2.89928e-49,4.75591e-47,1.10561e-45,2.04351e-48,4.06607e-47,5.33747e-47
4.10016e-55,9.87056e-54,1.70315e-56,3.64453e-55,4.46363e-55,1.05138e-51,2.46229e-50,4.48611e-53,9.35333e-52,1.14384e-51,2.89928e-49,6.76667e-48,1.24112e-50,2.58103e-49,3.15254e-49,5.33747e-47,1.24027e-45,2.29427e-48,4.75591e-47,5.79970e-47
4.46363e-55,1.07429e-53,1.85454e-56,4.10016e-55,4.72814e-55,1.14384e-51,2.67814e-50,4.88173e-53,1.05138e-51,1.21103e-51,3.15254e-49,7.35547e-48,1.34991e-50,2.89928e-49,3.33638e-49,5.79970e-47,1.34718e-45,2.49379e-48,5.33747e-47,6.13482e-47
4.72814e-55,1.13773e-53,1.96478e-56,4.46363e-55,4.88899e-55,1.21103e-51,2.83489e-50,5.16943e-53,1.14384e-51,1.25180e-51,3.33638e-49,7.78250e-48,1.42894e-50,3.15254e-49,3.44784e-49,6.13482e-47,1.42460e-45,2.63858e-48,5.79970e-47,6.33778e-47
4.88899e-55,1.17629e-53,2.03187e-56,4.72814e-55,4.94343e-55,1.25180e-51,2.92995e-50,5.34409e-53,1.21103e-51,1.26549e-51,3.44784e-49,8.04122e-48,1.47689e-50,3.33638e-49,3.48520e-49,6.33778e-47,1.47145e-45,2.72634e-48,6.13482e-47,6.40578e-47
4.94343e-55,1.18932e-53,2.05459e-56,4.88899e-55,4.89050e-55,1.26549e-51,2.96185e-50,5.40273e-53,1.25180e-51,1.25186e-51,3.48520e-49,8.12792e-48,1.49297e-50,3.44784e-49,3.44794e-49,6.40578e-47,1.48714e-45,2.75575e-48,6.33778e-47,6.33791e-47
4.89050e-55,1.17661e-53,2.03256e-56,4.94343e-55,4.73106e-55,1.25186e-51,2.93007e-50,5.34435e-53,1.26549e-51,1.21114e-51,3.44794e-49,8.04143e-48,1.47693e-50,3.48520e-49,3.33658e-49,6.33791e-47,1.47148e-45,2.72640e-48,6.40578e-47,6.13506e-47
4.73106e-55,1.13837e-53,1.96612e-56,4.89050e-55,4.46778e-55,1.21114e-51,2.83512e-50,5.16994e-53,1.25186e-51,1.14399e-51,3.33658e-49,7.78292e-48,1.42904e-50,3.44794e-49,3.15282e-49,6.13506e-47,1.42465e-45,2.63870e-48,6.33791e-47,5.80004e-47
4.46778e-55,1.07520e-53,1.85644e-56,4.73106e-55,4.10529e-55,1.14399e-51,2.67847e-50,4.88245e-53,1.21114e-51,1.05157e-51,3.15282e-49,7.35605e-48,1.35004e-50,3.33658e-49,2.89961e-49,5.80004e-47,1.34725e-45,2.49395e-48,6.13506e-47,5.33788e-47
4.10529e-55,9.88170e-54,1.70550e-56,4.46778e-55,3.65028e-55,1.05157e-51,2.46269e-50,4.48698e-53,1.14399e-51,9.35538e-52,2.89961e-49,6.76738e-48,1.24128e-50,3.15282e-49,2.58140e-49,5.33788e-47,1.24036e-45,2.29446e-48,5.80004e-47,4.75637e-47
3.65028e-55,8.78857e-54,1.51615e-56,4.10529e-55,3.11164e-55,9.35538e-52,2.19159e-50,3.99088e-53,1.05157e-51,7.98146e-52,2.58140e-49,6.02681e-48,1.10471e-50,2.89961e-49,2.20430e-49,4.75637e-47,1.10570e-45,2.04373e-48,5.33788e-47,4.06653e-47
3.11164e-55,7.49358e-54,1.29214e-56,3.65028e-55,2.50055e-55,7.98146e-52,1.87028e-50,3.40388e-53,9.35538e-52,6.42212e-52,2.20430e-49,5.14824e-48,9.43027e-51,2.58140e-49,1.77634e-49,4.06653e-47,9.45750e-46,1.74663e-48,4.75637e-47,3.28314e-47
2.50055e-55,6.02330e-54,1.03817e-56,3.11164e-55,1.83033e-55,6.42212e-52,1.50531e-50,2.73817e-53,7.98146e-52,4.71128e-52,1.77634e-49,4.15014e-48,7.59707e-51,2.20430e-49,1.30774e-49,3.28314e-47,7.63875e-46,1.40964e-48,4.06653e-47,2.42502e-47
1.83033e-55,4.40972e-54,7.59786e-57,2.50055e-55,1.11625e-55,4.71128e-52,1.10458e-50,2.00826e-53,6.42212e-52,2.88795e-52,1.30774e-49,3.05626e-48,5.59142e-51,1.77634e-49,8.11379e-50,2.42502e-47,5.64425e-46,1.04085e-48,3.28314e-47,1.51471e-47
1.11625e-55,2.68969e-54,4.63312e-57,1.83033e-55,3.75137e-56,2.88795e-52,6.77263e-51,1.23076e-53,4.71128e-52,9.97481e-53,8.11379e-50,1.89675e-48,3.46832e-51,1.30774e-49,3.06865e-50,1.51471e-47,3.52664e-46,6.49948e-49,2.42502e-47,5.96724e-48
4.61808e-57,1.11297e-55,1.91632e-58,1.55139e-57,7.57607e-57,1.23028e-53,2.88693e-52,5.24000e-55,4.24675e-54,2.00754e-53,3.46746e-51,8.11196e-50,1.48113e-52,1.31086e-51,5.59013e-51,6.49843e-49,1.51449e-47,2.78583e-50,2.55863e-49,1.04070e-48
7.57607e-57,1.82558e-55,3.14422e-58,4.61808e-57,1.03560e-56,2.00754e-53,4.70973e-52,8.55230e-55,1.23028e-53,2.73728e-53,5.59013e-51,1.30746e-49,2.38836e-52,3.46746e-51,7.59548e-51,1.04070e-48,2.42468e-47,4.46255e-50,6.49843e-49,1.40944e-48
1.03560e-56,2.49493e-55,4.29874e-58,7.57607e-57,1.28943e-56,2.73728e-53,6.42021e-52,1.16635e-54,2.00754e-53,3.40291e-53,7.59548e-51,1.77600e-49,3.24595e-52,5.59013e-51,9.42853e-51,1.40944e-48,3.28273e-47,6.04555e-50,1.04070e-48,1.74642e-48
1.28943e-56,3.10571e-55,5.35355e-58,1.03560e-56,1.51351e-56,3.40291e-53,7.97938e-52,1.45032e-54,2.73728e-53,3.98992e-53,9.42853e-51,2.20393e-49,4.03042e-52,7.59548e-51,1.10454e-50,1.74642e-48,4.06607e-47,7.49346e-50,1.40944e-48,2.04351e-48
1.51351e-56,3.64453e-55,6.28538e-58,1.28943e-56,1.70315e-56,3.98992e-53,9.35333e-52,1.70090e-54,3.40291e-53,4.48611e-53,1.10454e-50,2.58103e-49,4.72295e-52,9.42853e-51,1.24112e-50,2.04351e-48,4.75591e-47,8.77127e-50,1.74642e-48,2.29427e-48
1.70315e-56,4.10016e-55,7.07449e-58,1.51351e-56,1.85454e-56,4.48611e-53,1.05138e-51,1.91287e-54,3.98992e-53,4.88173e-53,1.24112e-50,2.89928e-49,5.30845e-52,1.10454e-50,1.34991e-50,2.29427e-48,5.33747e-47,9.85090e-50,2.04351e-48,2.49379e-48
1.85454e-56,4.46363e-55,7.70486e-58,1.70315e-56,1.96478e-56,4.88173e-53,1.14384e-51,2.08199e-54,4.48611e-53,5.16943e-53,1.34991e-50,3.15254e-49,5.77520e-52,1.24112e-50,1.42894e-50,2.49379e-48,5.79970e-47,1.07108e-49,2.29427e-48,2.63858e-48
1.96478e-56,4.72814e-55,8.16420e-58,1.85454e-56,2.03187e-56,5.16943e-53,1.21103e-51,2.20504e-54,4.88173e-53,5.34409e-53,1.42894e-50,3.33638e-49,6.11452e-52,1.34991e-50,1.47689e-50,2.63858e-48,6.13482e-47,1.13354e-49,2.49379e-48,2.72634e-48
2.03187e-56,4.88899e-55,8.44387e-58,1.96478e-56,2.05459e-56,5.34409e-53,1.25180e-51,2.27978e-54,5.16943e-53,5.40273e-53,1.47689e-50,3.44784e-49,6.32045e-52,1.42894e-50,1.49297e-50,2.72634e-48,6.33778e-47,1.17141e-49,2.63858e-48,2.75575e-48
2.05459e-56,4.94343e-55,8.53873e-58,2.03187e-56,2.03256e-56,5.40273e-53,1.26549e-51,2.30488e-54,5.34409e-53,5.34435e-53,1.49297e-50,3.48520e-49,6.38955e-52,1.47689e-50,1.47693e-50,2.75575e-48,6.40578e-47,1.18411e-49,2.72634e-48,2.72640e-48
2.03256e-56,4.89050e-55,8.44702e-58,2.05459e-56,1.96612e-56,5.34435e-53,1.25186e-51,2.27990e-54,5.40273e-53,5.16994e-53,1.47693e-50,3.44794e-49,6.32068e-52,1.49297e-50,1.42904e-50,2.72640e-48,6.33791e-47,1.17144e-49,2.75575e-48,2.63870e-48
1.96612e-56,4.73106e-55,8.17031e-58,2.03256e-56,1.85644e-56,5.16994e-53,1.21114e-51,2.20528e-54,5.34435e-53,4.88245e-53,1.42904e-50,3.33658e-49,6.11495e-52,1.47693e-50,1.35004e-50,2.63870e-48,6.13506e-47,1.13359e-49,2.72640e-48,2.49395e-48
1.85644e-56,4.46778e-55,7.71357e-58,1.96612e-56,1.70550e-56,4.88245e-53,1.14399e-51,2.08232e-54,5.16994e-53,4.48698e-53,1.35004e-50,3.15282e-49,5.77581e-52,1.42904e-50,1.24128e-50,2.49395e-48,5.80004e-47,1.07116e-49,2.63870e-48,2.29446e-48
1.70550e-56,4.10529e-55,7.08523e-58,1.85644e-56,1.51615e-56,4.48698e-53,1.05157e-51,1.91328e-54,4.88245e-53,3.99088e-53,1.24128e-50,2.89961e-49,5.30919e-52,1.35004e-50,1.10471e-50,2.29446e-48,5.33788e-47,9.85181e-50,2.49395e-48,2.04373e-48
1.51615e-56,3.65028e-55,6.29742e-58,1.70550e-56,1.29214e-56,3.99088e-53,9.35538e-52,1.70135e-54,4.48698e-53,3.40388e-53,1.10471e-50,2.58140e-49,4.72376e-52,1.24128e-50,9.43027e-51,2.04373e-48,4.75637e-47,8.77227e-50,2.29446e-48,1.74663e-48
1.29214e-56,3.11164e-55,5.36599e-58,1.51615e-56,1.03817e-56,3.40388e-53,7.98146e-52,1.45077e-54,3.99088e-53,2.73817e-53,9.43027e-51,2.20430e-49,4.03124e-52,1.10471e-50,7.59707e-51,1.74663e-48,4.06653e-47,7.49446e-50,2.04373e-48,1.40964e-48
1.03817e-56,2.50055e-55,4.31054e-58,1.29214e-56,7.59786e-57,2.73817e-53,6.42212e-52,1.16677e-54,3.40388e-53,2.00826e-53,7.59707e-51,1.77634e-49,3.24669e-52,9.43027e-51,5.59142e-51,1.40964e-48,3.28314e-47,6.04646e-50,1.74663e-48,1.04085e-48
7.59786e-57,1.83033e-55,3.15420e-58,1.03817e-56,4.63312e-57,2.00826e-53,4.71128e-52,8.55567e-55,2.73817e-53,1.23076e-53,5.59142e-51,1.30774e-49,2.38897e-52,7.59707e-51,3.46832e-51,1.04085e-48,2.42502e-47,4.46329e-50,1.40964e-48,6.49948e-49
4.63312e-57,1.11625e-55,1.92321e-58,7.59786e-57,1.55695e-57,1.23076e-53,2.88795e-52,5.24223e-55,2.00826e-53,4.24856e-54,3.46832e-51,8.11379e-50,1.48153e-52,5.59142e-51,1.31121e-51,6.49948e-49,1.51471e-47,2.78632e-50,1.04085e-48,2.55907e-49
1.91632e-58,4.61808e-57,7.95237e-60,6.43713e-59,3.14422e-58,5.24000e-55,1.23028e-53,2.23062e-56,1.80778e-55,8.55230e-55,1.48113e-52,3.46746e-51,6.32241e-54,5.59724e-53,2.38836e-52,2.78583e-50,6.49843e-49,1.19323e-51,1.09629e-50,4.46255e-50
3.14422e-58,7.57607e-57,1.30497e-59,1.91632e-58,4.29874e-58,8.55230e-55,2.00754e-53,3.64134e-56,5.24000e-55,1.16635e-54,2.38836e-52,5.59013e-51,1.01971e-53,1.48113e-52,3.24595e-52,4.46255e-50,1.04070e-48,1.91186e-51,2.78583e-50,6.04555e-50
4.29874e-58,1.03560e-56,1.78445e-59,3.14422e-58,5.35355e-58,1.16635e-54,2.73728e-53,4.96699e-56,8.55230e-55,1.45032e-54,3.24595e-52,7.59548e-51,1.38617e-53,2.38836e-52,4.03042e-52,6.04555e-50,1.40944e-48,2.59075e-51,4.46255e-50,7.49346e-50
5.35355e-58,1.28943e-56,2.22275e-59,4.29874e-58,6.28538e-58,1.45032e-54,3.40291e-53,6.17753e-56,1.16635e-54,1.70090e-54,4.03042e-52,9.42853e-51,1.72161e-53,3.24595e-52,4.72295e-52,7.49346e-50,1.74642e-48,3.21219e-51,6.04555e-50,8.77127e-50
6.28538e-58,1.51351e-56,2.61019e-59,5.35355e-58,7.07449e-58,1.70090e-54,3.98992e-53,7.24644e-56,1.45032e-54,1.91287e-54,4.72295e-52,1.10454e-50,2.01795e-53,4.03042e-52,5.30845e-52,8.77127e-50,2.04351e-48,3.76112e-51,7.49346e-50,9.85090e-50
7.07449e-58,1.70315e-56,2.93849e-59,6.28538e-58,7.70486e-58,1.91287e-54,4.48611e-53,8.15117e-56,1.70090e-54,2.08199e-54,5.30845e-52,1.24112e-50,2.26868e-53,4.72295e-52,5.77520e-52,9.85090e-50,2.29427e-48,4.22534e-51,8.77127e-50,1.07108e-49
7.70486e-58,1.85454e-56,3.20091e-59,7.07449e-58,8.16420e-58,2.08199e-54,4.88173e-53,8.87345e-56,1.91287e-54,2.20504e-54,5.77520e-52,1.34991e-50,2.46870e-53,5.30845e-52,6.11452e-52,1.07108e-49,2.49379e-48,4.59541e-51,9.85090e-50,1.13354e-49
8.16420e-58,1.96478e-56,3.39224e-59,7.70486e-58,8.44387e-58,2.20504e-54,5.16943e-53,9.39925e-56,2.08199e-54,2.27978e-54,6.11452e-52,1.42894e-50,2.61420e-53,5.77520e-52,6.32045e-52,1.13354e-49,2.63858e-48,4.86440e-51,1.07108e-49,1.17141e-49
8.44387e-58,2.03187e-56,3.50880e-59,8.16420e-58,8.53873e-58,2.27978e-54,5.34409e-53,9.71873e-56,2.20504e-54,2.30488e-54,6.32045e-52,1.47689e-50,2.70255e-53,6.11452e-52,6.38955e-52,1.17141e-49,2.72634e-48,5.02762e-51,1.13354e-49,1.18411e-49
8.53873e-58,2.05459e-56,3.54839e-59,8.44387e-58,8.44702e-58,2.30488e-54,5.40273e-53,9.82607e-56,2.27978e-54,2.27990e-54,6.38955e-52,1.49297e-50,2.73220e-53,6.32045e-52,6.32068e-52,1.18411e-49,2.75575e-48,5.08236e-51,1.17141e-49,1.17144e-49
8.44702e-58,2.03256e-56,3.51024e-59,8.53873e-58,8.17031e-58,2.27990e-54,5.34435e-53,9.71931e-56,2.30488e-54,2.20528e-54,6.32068e-52,1.47693e-50,2.70266e-53,6.38955e-52,6.11495e-52,1.17144e-49,2.72640e-48,5.02775e-51,1.18411e-49,1.13359e-49
8.17031e-58,1.96612e-56,3.39504e-59,8.44702e-58,7.71357e-58,2.20528e-54,5.16994e-53,9.40037e-56,2.27990e-54,2.08232e-54,6.11495e-52,1.42904e-50,2.61441e-53,6.32068e-52,5.77581e-52,1.13359e-49,2.63870e-48,4.86465e-51,1.17144e-49,1.07116e-49
7.71357e-58,1.85644e-56,3.20489e-59,8.17031e-58,7.08523e-58,2.08232e-54,4.88245e-53,8.87502e-56,2.20528e-54,1.91328e-54,5.77581e-52,1.35004e-50,2.46899e-53,6.11495e-52,5.30919e-52,1.07116e-49,2.49395e-48,4.59576e-51,1.13359e-49,9.85181e-50
7.08523e-58,1.70550e-56,2.94341e-59,7.71357e-58,6.29742e-58,1.91328e-54,4.48698e-53,8.15308e-56,2.08232e-54,1.70135e-54,5.30919e-52,1.24128e-50,2.26903e-53,5.77581e-52,4.72376e-52,9.85181e-50,2.29446e-48,4.22577e-51,1.07116e-49,8.77227e-50
6.29742e-58,1.51615e-56,2.61570e-59,7.08523e-58,5.36599e-58,1.70135e-54,3.99088e-53,7.24853e-56,1.91328e-54,1.45077e-54,4.72376e-52,1.10471e-50,2.01833e-53,5.30919e-52,4.03124e-52,8.77227e-50,2.04373e-48,3.76158e-51,9.85181e-50,7.49446e-50
5.36599e-58,1.29214e-56,2.22844e-59,6.29742e-58,4.31054e-58,1.45077e-54,3.40388e-53,6.17964e-56,1.70135e-54,1.16677e-54,4.03124e-52,9.43027e-51,1.72199e-53,4.72376e-52,3.24669e-52,7.49446e-50,1.74663e-48,3.21265e-51,8.77227e-50,6.04646e-50
4.31054e-58,1.03817e-56,1.78985e-59,5.36599e-58,3.15420e-58,1.16677e-54,2.73817e-53,4.96892e-56,1.45077e-54,8.55567e-55,3.24669e-52,7.59707e-51,1.38652e-53,4.03124e-52,2.38897e-52,6.04646e-50,1.40964e-48,2.59117e-51,7.49446e-50,4.46329e-50
3.15420e-58,7.59786e-57,1.30954e-59,4.31054e-58,1.92321e-58,8.55567e-55,2.00826e-53,3.64291e-56,1.16677e-54,5.24223e-55,2.38897e-52,5.59142e-51,1.02000e-53,3.24669e-52,1.48153e-52,4.46329e-50,1.04085e-48,1.91220e-51,6.04646e-50,2.78632e-50
1.92321e-58,4.63312e-57,7.98395e-60,3.15420e-58,6.46258e-59,5.24223e-55,1.23076e-53,2.23166e-56,8.55567e-55,1.80863e-55,1.48153e-52,3.46832e-51,6.32429e-54,2.38897e-52,5.59887e-53,2.78632e-50,6.49948e-49,1.19346e-51,4.46329e-50,1.09650e-50
7.95237e-60,1.91632e-58,3.30017e-61,2.67106e-60,1.30497e-59,2.23062e-56,5.24000e-55,9.49062e-58,7.69153e-57,3.64134e-56,6.32241e-54,1.48113e-52,2.69708e-55,2.38841e-54,1.01971e-53,1.19323e-51,2.78583e-50,5.10663e-53,4.69337e-52,1.91186e-51
1.30497e-59,3.14422e-58,5.41622e-61,7.95237e-60,1.78445e-59,3.64134e-56,8.55230e-55,1.54956e-57,2.23062e-56,4.96699e-56,1.01971e-53,2.38836e-52,4.35081e-55,6.32241e-54,1.38617e-53,1.91186e-51,4.46255e-50,8.18394e-53,1.19323e-51,2.59075e-51
1.78445e-59,4.29874e-58,7.40749e-61,1.30497e-59,2.22275e-59,4.96699e-56,1.16635e-54,2.11406e-57,3.64134e-56,6.17753e-56,1.38617e-53,3.24595e-52,5.91557e-55,1.01971e-53,1.72161e-53,2.59075e-51,6.04555e-50,1.10927e-52,1.91186e-51,3.21219e-51
2.22275e-59,5.35355e-58,9.22866e-61,1.78445e-59,2.61019e-59,6.17753e-56,1.45032e-54,2.62978e-57,4.96699e-56,7.24644e-56,1.72161e-53,4.03042e-52,7.34871e-55,1.38617e-53,2.01795e-53,3.21219e-51,7.49346e-50,1.37571e-52,2.59075e-51,3.76112e-51
2.61019e-59,6.28538e-58,1.08394e-60,2.22275e-59,2.93849e-59,7.24644e-56,1.70090e-54,3.08541e-57,6.17753e-56,8.15117e-56,2.01795e-53,4.72295e-52,8.61562e-55,1.72161e-53,2.26868e-53,3.76112e-51,8.77127e-50,1.61126e-52,3.21219e-51,4.22534e-51
2.93849e-59,7.07449e-58,1.22050e-60,2.61019e-59,3.20091e-59,8.15117e-56,1.91287e-54,3.47127e-57,7.24644e-56,8.87345e-56,2.26868e-53,5.30845e-52,9.68829e-55,2.01795e-53,2.46870e-53,4.22534e-51,9.85090e-50,1.81062e-52,3.76112e-51,4.59541e-51
3.20091e-59,7.70486e-58,1.32972e-60,2.93849e-59,3.39224e-59,8.87345e-56,2.08199e-54,3.77948e-57,8.15117e-56,9.39925e-56,2.46870e-53,5.77520e-52,1.05446e-54,2.26868e-53,2.61420e-53,4.59541e-51,1.07108e-49,1.96967e-52,4.22534e-51,4.86440e-51
3.39224e-59,8.16420e-58,1.40940e-60,3.20091e-59,3.50880e-59,9.39925e-56,2.20504e-54,4.00395e-57,8.87345e-56,9.71873e-56,2.61420e-53,6.11452e-52,1.11678e-54,2.46870e-53,2.70255e-53,4.86440e-51,1.13354e-49,2.08536e-52,4.59541e-51,5.02762e-51
3.50880e-59,8.44387e-58,1.45796e-60,3.39224e-59,3.54839e-59,9.71873e-56,2.27978e-54,4.14038e-57,9.39925e-56,9.82607e-56,2.70255e-53,6.32045e-52,1.15464e-54,2.61420e-53,2.73220e-53,5.02762e-51,1.17141e-49,2.15559e-52,4.86440e-51,5.08236e-51
3.54839e-59,8.53873e-58,1.47448e-60,3.50880e-59,3.51024e-59,9.82607e-56,2.30488e-54,4.18624e-57,9.71873e-56,9.71931e-56,2.73220e-53,6.38955e-52,1.16735e-54,2.70255e-53,2.70266e-53,5.08236e-51,1.18411e-49,2.17915e-52,5.02762e-51,5.02775e-51
3.51024e-59,8.44702e-58,1.45862e-60,3.54839e-59,3.39504e-59,9.71931e-56,2.27990e-54,4.14065e-57,9.82607e-56,9.40037e-56,2.70266e-53,6.32068e-52,1.15469e-54,2.73220e-53,2.61441e-53,5.02775e-51,1.17144e-49,2.15565e-52,5.08236e-51,4.86465e-51
3.39504e-59,8.17031e-58,1.41068e-60,3.51024e-59,3.20489e-59,9.40037e-56,2.20528e-54,4.00446e-57,9.71931e-56,8.87502e-56,2.61441e-53,6.11495e-52,1.11688e-54,2.70266e-53,2.46899e-53,4.86465e-51,1.13359e-49,2.08548e-52,5.02775e-51,4.59576e-51
3.20489e-59,7.71357e-58,1.33155e-60,3.39504e-59,2.94341e-59,8.87502e-56,2.08232e-54,3.78021e-57,9.40037e-56,8.15308e-56,2.46899e-53,5.77581e-52,1.05459e-54,2.61441e-53,2.26903e-53,4.59576e-51,1.07116e-49,1.96984e-52,4.86465e-51,4.22577e-51
2.94341e-59,7.08523e-58,1.22275e-60,3.20489e-59,2.61570e-59,8.15308e-56,1.91328e-54,3.47216e-57,8.87502e-56,7.24853e-56,2.26903e-53,5.30919e-52,9.68993e-55,2.46899e-53,2.01833e-53,4.22577e-51,9.85181e-50,1.81082e-52,4.59576e-51,3.76158e-51
2.61570e-59,6.29742e-58,1.08646e-60,2.94341e-59,2.22844e-59,7.24853e-56,1.70135e-54,3.08638e-57,8.15308e-56,6.17964e-56,2.01833e-53,4.72376e-52,8.61741e-55,2.26903e-53,1.72199e-53,3.76158e-51,8.77227e-50,1.61148e-52,4.22577e-51,3.21265e-51
2.22844e-59,5.36599e-58,9.25475e-61,2.61570e-59,1.78985e-59,6.17964e-56,1.45077e-54,2.63076e-57,7.24853e-56,4.96892e-56,1.72199e-53,4.03124e-52,7.35050e-55,2.01833e-53,1.38652e-53,3.21265e-51,7.49446e-50,1.37593e-52,3.76158e-51,2.59117e-51
1.78985e-59,4.31054e-58,7.43224e-61,2.22844e-59,1.30954e-59,4.96892e-56,1.16677e-54,2.11495e-57,6.17964e-56,3.64291e-56,1.38652e-53,3.24669e-52,5.91721e-55,1.72199e-53,1.02000e-53,2.59117e-51,6.04646e-50,1.10947e-52,3.21265e-51,1.91220e-51
1.30954e-59,3.15420e-58,5.43717e-61,1.78985e-59,7.98395e-60,3.64291e-56,8.55567e-55,1.55029e-57,4.96892e-56,2.23166e-56,1.02000e-53,2.38897e-52,4.35214e-55,1.38652e-53,6.32429e-54,1.91220e-51,4.46329e-50,8.18556e-53,2.59117e-51,1.19346e-51
7.98395e-60,1.92321e-58,3.31466e-61,1.30954e-59,2.68273e-60,2.23166e-56,5.24223e-55,9.49543e-58,3.64291e-56,7.69546e-57,6.32429e-54,1.48153e-52,2.69795e-55,1.02000e-53,2.38917e-54,1.19346e-51,2.78632e-50,5.10771e-53,1.91220e-51,4.69435e-52
3.30017e-61,7.95237e-60,1.36956e-62,1.10838e-61,5.41622e-61,9.49062e-58,2.23062e-56,4.03595e-59,3.27087e-58,1.54956e-57,2.69708e-55,6.32241e-54,1.14984e-56,1.01853e-55,4.35081e-55,5.10663e-53,1.19323e-51,2.18377e-54,2.00770e-53,8.18394e-53
5.41622e-61,1.30497e-59,2.24799e-62,3.30017e-61,7.40749e-61,1.54956e-57,3.64134e-56,6.59074e-59,9.49062e-58,2.11406e-57,4.35081e-55,1.01971e-53,1.85519e-56,2.69708e-55,5.91557e-55,8.18394e-53,1.91186e-51,3.50043e-54,5.10663e-53,1.10927e-52
7.40749e-61,1.78445e-59,3.07493e-62,5.41622e-61,9.22866e-61,2.11406e-57,4.96699e-56,8.99312e-59,1.54956e-57,2.62978e-57,5.91557e-55,1.38617e-53,2.52286e-56,4.35081e-55,7.34871e-55,1.10927e-52,2.59075e-51,4.74557e-54,8.18394e-53,1.37571e-52
9.22866e-61,2.22275e-59,3.83159e-62,7.40749e-61,1.08394e-60,2.62978e-57,6.17753e-56,1.11889e-58,2.11406e-57,3.08541e-57,7.34871e-55,1.72161e-53,3.13469e-56,5.91557e-55,8.61562e-55,1.37571e-52,3.21219e-51,5.88687e-54,1.10927e-52,1.61126e-52
1.08394e-60,2.61019e-59,4.50115e-62,9.22866e-61,1.22050e-60,3.08541e-57,7.24644e-56,1.31297e-58,2.62978e-57,3.47127e-57,8.61562e-55,2.01795e-53,3.67587e-56,7.34871e-55,9.68829e-55,1.61126e-52,3.76112e-51,6.89653e-54,1.37571e-52,1.81062e-52
1.22050e-60,2.93849e-59,5.06914e-62,1.08394e-60,1.32972e-60,3.47127e-57,8.15117e-56,1.47741e-58,3.08541e-57,3.77948e-57,9.68829e-55,2.26868e-53,4.13436e-56,8.61562e-55,1.05446e-54,1.81062e-52,4.22534e-51,7.75172e-54,1.61126e-52,1.96967e-52
1.32972e-60,3.20091e-59,5.52364e-62,1.22050e-60,1.40940e-60,3.77948e-57,8.87345e-56,1.60882e-58,3.47127e-57,4.00395e-57,1.05446e-54,2.46870e-53,4.50057e-56,9.68829e-55,1.11678e-54,1.96967e-52,4.59541e-51,8.43446e-54,1.81062e-52,2.08536e-52
1.40940e-60,3.39224e-59,5.85535e-62,1.32972e-60,1.45796e-60,4.00395e-57,9.39925e-56,1.70457e-58,3.77948e-57,4.14038e-57,1.11678e-54,2.61420e-53,4.76723e-56,1.05446e-54,1.15464e-54,2.08536e-52,4.86440e-51,8.93135e-54,1.96967e-52,2.15559e-52
1.45796e-60,3.50880e-59,6.05766e-62,1.40940e-60,1.47448e-60,4.14038e-57,9.71873e-56,1.76279e-58,4.00395e-57,4.18624e-57,1.15464e-54,2.70255e-53,4.92927e-56,1.11678e-54,1.16735e-54,2.15559e-52,5.02762e-51,9.23314e-54,2.08536e-52,2.17915e-52
1.47448e-60,3.54839e-59,6.12657e-62,1.45796e-60,1.45862e-60,4.18624e-57,9.82607e-56,1.78236e-58,4.14038e-57,4.14065e-57,1.16735e-54,2.73220e-53,4.98369e-56,1.15464e-54,1.15469e-54,2.17915e-52,5.08236e-51,9.33442e-54,2.15559e-52,2.15565e-52
1.45862e-60,3.51024e-59,6.06069e-62,1.47448e-60,1.41068e-60,4.14065e-57,9.71931e-56,1.76291e-58,4.18624e-57,4.00446e-57,1.15469e-54,2.70266e-53,4.92950e-56,1.16735e-54,1.11688e-54,2.15565e-52,5.02775e-51,9.23343e-54,2.17915e-52,2.08548e-52
1.41068e-60,3.39504e-59,5.86124e-62,1.45862e-60,1.33155e-60,4.00446e-57,9.40037e-56,1.70481e-58,4.14065e-57,3.78021e-57,1.11688e-54,2.61441e-53,4.76768e-56,1.15469e-54,1.05459e-54,2.08548e-52,4.86465e-51,8.93191e-54,2.15565e-52,1.96984e-52
1.33155e-60,3.20489e-59,5.53201e-62,1.41068e-60,1.22275e-60,3.78021e-57,8.87502e-56,1.60916e-58,4.00446e-57,3.47216e-57,1.05459e-54,2.46899e-53,4.50120e-56,1.11688e-54,9.68993e-55,1.96984e-52,4.59576e-51,8.43525e-54,2.08548e-52,1.81082e-52
1.22275e-60,2.94341e-59,5.07947e-62,1.33155e-60,1.08646e-60,3.47216e-57,8.15308e-56,1.47782e-58,3.78021e-57,3.08638e-57,9.68993e-55,2.26903e-53,4.13512e-56,1.05459e-54,8.61741e-55,1.81082e-52,4.22577e-51,7.75266e-54,1.96984e-52,1.61148e-52
1.08646e-60,2.61570e-59,4.51274e-62,1.22275e-60,9.25475e-61,3.08638e-57,7.24853e-56,1.31342e-58,3.47216e-57,2.63076e-57,8.61741e-55,2.01833e-53,3.67671e-56,9.68993e-55,7.35050e-55,1.61148e-52,3.76158e-51,6.89757e-54,1.81082e-52,1.37593e-52
9.25475e-61,2.22844e-59,3.84357e-62,1.08646e-60,7.43224e-61,2.63076e-57,6.17964e-56,1.11934e-58,3.08638e-57,2.11495e-57,7.35050e-55,1.72199e-53,3.13553e-56,8.61741e-55,5.91721e-55,1.37593e-52,3.21265e-51,5.88791e-54,1.61148e-52,1.10947e-52
7.43224e-61,1.78985e-59,3.08630e-62,9.25475e-61,5.43717e-61,2.11495e-57,4.96892e-56,8.99727e-59,2.63076e-57,1.55029e-57,5.91721e-55,1.38652e-53,2.52362e-56,7.35050e-55,4.35214e-55,1.10947e-52,2.59117e-51,4.74651e-54,1.37593e-52,8.18556e-53
5.43717e-61,1.30954e-59,2.25761e-62,7.43224e-61,3.31466e-61,1.55029e-57,3.64291e-56,6.59411e-59,2.11495e-57,9.49543e-58,4.35214e-55,1.02000e-53,1.85580e-56,5.91721e-55,2.69795e-55,8.18556e-53,1.91220e-51,3.50119e-54,1.10947e-52,5.10771e-53
3.31466e-61,7.98395e-60,1.37622e-62,5.43717e-61,1.11374e-61,9.49543e-58,2.23166e-56,4.03818e-59,1.55029e-57,3.27269e-58,2.69795e-55,6.32429e-54,1.15025e-56,4.35214e-55,1.01889e-55,5.10771e-53,1.19346e-51,2.18427e-54,8.18556e-53,2.00816e-53
1.36956e-62,3.30017e-61,5.68355e-64,4.59935e-63,2.24799e-62,4.03595e-59,9.49062e-58,1.71549e-60,1.39029e-59,6.59074e-59,1.14984e-56,2.69708e-55,4.89916e-58,4.34088e-57,1.85519e-56,2.18377e-54,5.10663e-53,9.33161e-56,8.58191e-55,3.50043e-54
2.24799e-62,5.41622e-61,9.33008e-64,1.36956e-62,3.07493e-62,6.59074e-59,1.54956e-57,2.80184e-60,4.03595e-59,8.99312e-59,1.85519e-56,4.35081e-55,7.90573e-58,1.14984e-56,2.52286e-56,3.50043e-54,8.18394e-53,1.49606e-55,2.18377e-54,4.74557e-54
3.07493e-62,7.40749e-61,1.27641e-63,2.24799e-62,3.83159e-62,8.99312e-59,2.11406e-57,3.82369e-60,6.59074e-59,1.11889e-58,2.52286e-56,5.91557e-55,1.07528e-57,1.85519e-56,3.13469e-56,4.74557e-54,1.10927e-52,2.02863e-55,3.50043e-54,5.88687e-54
3.83159e-62,9.22866e-61,1.59076e-63,3.07493e-62,4.50115e-62,1.11889e-58,2.62978e-57,4.75799e-60,8.99312e-59,1.31297e-58,3.13469e-56,7.34871e-55,1.33629e-57,2.52286e-56,3.67587e-56,5.88687e-54,1.37571e-52,2.51705e-55,4.74557e-54,6.89653e-54
4.50115e-62,1.08394e-60,1.86906e-63,3.83159e-62,5.06914e-62,1.31297e-58,3.08541e-57,5.58417e-60,1.11889e-58,1.47741e-58,3.67587e-56,8.61562e-55,1.56728e-57,3.13469e-56,4.13436e-56,6.89653e-54,1.61126e-52,2.94941e-55,5.88687e-54,7.75172e-54
5.06914e-62,1.22050e-60,2.10527e-63,4.50115e-62,5.52364e-62,1.47741e-58,3.47127e-57,6.28451e-60,1.31297e-58,1.60882e-58,4.13436e-56,9.68829e-55,1.76308e-57,3.67587e-56,4.50057e-56,7.75172e-54,1.81062e-52,3.31586e-55,6.89653e-54,8.43446e-54
5.52364e-62,1.32972e-60,2.29436e-63,5.06914e-62,5.85535e-62,1.60882e-58,3.77948e-57,6.84440e-60,1.47741e-58,1.70457e-58,4.50057e-56,1.05446e-54,1.91955e-57,4.13436e-56,4.76723e-56,8.43446e-54,1.96967e-52,3.60860e-55,7.75172e-54,8.93135e-54
5.85535e-62,1.40940e-60,2.43244e-63,5.52364e-62,6.05766e-62,1.70457e-58,4.00395e-57,7.25248e-60,1.60882e-58,1.76279e-58,4.76723e-56,1.11678e-54,2.03354e-57,4.50057e-56,4.92927e-56,8.93135e-54,2.08536e-52,3.82176e-55,8.43446e-54,9.23314e-54
6.05766e-62,1.45796e-60,2.51671e-63,5.85535e-62,6.12657e-62,1.76279e-58,4.14038e-57,7.50067e-60,1.70457e-58,1.78236e-58,4.92927e-56,1.15464e-54,2.10283e-57,4.76723e-56,4.98369e-56,9.23314e-54,2.15559e-52,3.95127e-55,8.93135e-54,9.33442e-54
6.12657e-62,1.47448e-60,2.54546e-63,6.05766e-62,6.06069e-62,1.78236e-58,4.18624e-57,7.58413e-60,1.76279e-58,1.76291e-58,4.98369e-56,1.16735e-54,2.12610e-57,4.92927e-56,4.92950e-56,9.33442e-54,2.17915e-52,3.99475e-55,9.23314e-54,9.23343e-54
6.06069e-62,1.45862e-60,2.51810e-63,6.12657e-62,5.86124e-62,1.76291e-58,4.14065e-57,7.50125e-60,1.78236e-58,1.70481e-58,4.92950e-56,1.15469e-54,2.10293e-57,4.98369e-56,4.76768e-56,9.23343e-54,2.15565e-52,3.95141e-55,9.33442e-54,8.93191e-54
5.86124e-62,1.41068e-60,2.43515e-63,6.06069e-62,5.53201e-62,1.70481e-58,4.00446e-57,7.25359e-60,1.76291e-58,1.60916e-58,4.76768e-56,1.11688e-54,2.03375e-57,4.92950e-56,4.50120e-56,8.93191e-54,2.08548e-52,3.82202e-55,9.23343e-54,8.43525e-54
5.53201e-62,1.33155e-60,2.29822e-63,5.86124e-62,5.07947e-62,1.60916e-58,3.78021e-57,6.84596e-60,1.70481e-58,1.47782e-58,4.50120e-56,1.05459e-54,1.91984e-57,4.76768e-56,4.13512e-56,8.43525e-54,1.96984e-52,3.60897e-55,8.93191e-54,7.75266e-54
5.07947e-62,1.22275e-60,2.11002e-63,5.53201e-62,4.51274e-62,1.47782e-58,3.47216e-57,6.28641e-60,1.60916e-58,1.31342e-58,4.13512e-56,9.68993e-55,1.76343e-57,4.50120e-56,3.67671e-56,7.75266e-54,1.81082e-52,3.31630e-55,8.43525e-54,6.89757e-54
4.51274e-62,1.08646e-60,1.87440e-63,5.07947e-62,3.84357e-62,1.31342e-58,3.08638e-57,5.58626e-60,1.47782e-58,1.11934e-58,3.67671e-56,8.61741e-55,1.56767e-57,4.13512e-56,3.13553e-56,6.89757e-54,1.61148e-52,2.94989e-55,7.75266e-54,5.88791e-54
3.84357e-62,9.25475e-61,1.59628e-63,4.51274e-62,3.08630e-62,1.11934e-58,2.63076e-57,4.76009e-60,1.31342e-58,8.99727e-59,3.13553e-56,7.35050e-55,1.33668e-57,3.67671e-56,2.52362e-56,5.88791e-54,1.37593e-52,2.51753e-55,6.89757e-54,4.74651e-54
3.08630e-62,7.43224e-61,1.28165e-63,3.84357e-62,2.25761e-62,8.99727e-59,2.11495e-57,3.82561e-60,1.11934e-58,6.59411e-59,2.52362e-56,5.91721e-55,1.07563e-57,3.13553e-56,1.85580e-56,4.74651e-54,1.10947e-52,2.02907e-55,5.88791e-54,3.50119e-54
2.25761e-62,5.43717e-61,9.37441e-64,3.08630e-62,1.37622e-62,6.59411e-59,1.55029e-57,2.80340e-60,8.99727e-59,4.03818e-59,1.85580e-56,4.35214e-55,7.90861e-58,2.52362e-56,1.15025e-56,3.50119e-54,8.18556e-53,1.49642e-55,4.74651e-54,2.18427e-54
1.37622e-62,3.31466e-61,5.71423e-64,2.25761e-62,4.62399e-63,4.03818e-59,9.49543e-58,1.71652e-60,6.59411e-59,1.39113e-59,1.15025e-56,2.69795e-55,4.90107e-58,1.85580e-56,4.34253e-57,2.18427e-54,5.10771e-53,9.33397e-56,3.50119e-54,8.58405e-55
5.68355e-64,1.36956e-62,2.35856e-65,1.90854e-64,9.33008e-64,1.71549e-60,4.03595e-59,7.28830e-62,5.90667e-61,2.80184e-60,4.89916e-58,1.14984e-56,2.08623e-59,1.84898e-58,7.90573e-58,9.33161e-56,2.18377e-54,3.98473e-57,3.66570e-56,1.49606e-55
9.33008e-64,2.24799e-62,3.87225e-65,5.68355e-64,1.27641e-63,2.80184e-60,6.59074e-59,1.19054e-61,1.71549e-60,3.82369e-60,7.90573e-58,1.85519e-56,3.36701e-59,4.89916e-58,1.07528e-57,1.49606e-55,3.50043e-54,6.38946e-57,9.33161e-56,2.02863e-55
1.27641e-63,3.07493e-62,5.29824e-65,9.33008e-64,1.59076e-63,3.82369e-60,8.99312e-59,1.62496e-61,2.80184e-60,4.75799e-60,1.07528e-57,2.52286e-56,4.58023e-59,7.90573e-58,1.33629e-57,2.02863e-55,4.74557e-54,8.66548e-57,1.49606e-55,2.51705e-55
1.59076e-63,3.83159e-62,6.60411e-65,1.27641e-63,1.86906e-63,4.75799e-60,1.11889e-58,2.02228e-61,3.82369e-60,5.58417e-60,1.33629e-57,3.13469e-56,5.69294e-59,1.07528e-57,1.56728e-57,2.51705e-55,5.88687e-54,1.07539e-56,2.02863e-55,2.94941e-55
1.86906e-63,4.50115e-62,7.76074e-65,1.59076e-63,2.10527e-63,5.58417e-60,1.31297e-58,2.37376e-61,4.75799e-60,6.28451e-60,1.56728e-57,3.67587e-56,6.67815e-59,1.33629e-57,1.76308e-57,2.94941e-55,6.89653e-54,1.26037e-56,2.51705e-55,3.31586e-55
2.10527e-63,5.06914e-62,8.74285e-65,1.86906e-63,2.29436e-63,6.28451e-60,1.47741e-58,2.67182e-61,5.58417e-60,6.84440e-60,1.76308e-57,4.13436e-56,7.51366e-59,1.56728e-57,1.91955e-57,3.31586e-55,7.75172e-54,1.41723e-56,2.94941e-55,3.60860e-55
2.29436e-63,5.52364e-62,9.52948e-65,2.10527e-63,2.43244e-63,6.84440e-60,1.60882e-58,2.91020e-61,6.28451e-60,7.25248e-60,1.91955e-57,4.50057e-56,8.18164e-59,1.76308e-57,2.03354e-57,3.60860e-55,8.43446e-54,1.54262e-56,3.31586e-55,3.82176e-55
2.43244e-63,5.85535e-62,1.01042e-64,2.29436e-63,2.51671e-63,7.25248e-60,1.70457e-58,3.08400e-61,6.84440e-60,7.50067e-60,2.03354e-57,4.76723e-56,8.66845e-59,1.91955e-57,2.10283e-57,3.82176e-55,8.93135e-54,1.63396e-56,3.60860e-55,3.95127e-55
2.51671e-63,6.05766e-62,1.04551e-64,2.43244e-63,2.54546e-63,7.50067e-60,1.76279e-58,3.18973e-61,7.25248e-60,7.58413e-60,2.10283e-57,4.92927e-56,8.96446e-59,2.03354e-57,2.12610e-57,3.95127e-55,9.23314e-54,1.68948e-56,3.82176e-55,3.99475e-55
2.54546e-63,6.12657e-62,1.05750e-64,2.51671e-63,2.51810e-63,7.58413e-60,1.78236e-58,3.22530e-61,7.50067e-60,7.50125e-60,2.12610e-57,4.98369e-56,9.06394e-59,2.10283e-57,2.10293e-57,3.99475e-55,9.33442e-54,1.70812e-56,3.95127e-55,3.95141e-55
2.51810e-63,6.06069e-62,1.04615e-64,2.54546e-63,2.43515e-63,7.50125e-60,1.76291e-58,3.19000e-61,7.58413e-60,7.25359e-60,2.10293e-57,4.92950e-56,8.96497e-59,2.12610e-57,2.03375e-57,3.95141e-55,9.23343e-54,1.68954e-56,3.99475e-55,3.82202e-55
2.43515e-63,5.86124e-62,1.01167e-64,2.51810e-63,2.29822e-63,7.25359e-60,1.70481e-58,3.08451e-61,7.50125e-60,6.84596e-60,2.03375e-57,4.76768e-56,8.66943e-59,2.10293e-57,1.91984e-57,3.82202e-55,8.93191e-54,1.63408e-56,3.95141e-55,3.60897e-55
2.29822e-63,5.53201e-62,9.54729e-65,2.43515e-63,2.11002e-63,6.84596e-60,1.60916e-58,2.91092e-61,7.25359e-60,6.28641e-60,1.91984e-57,4.50120e-56,8.18301e-59,2.03375e-57,1.76343e-57,3.60897e-55,8.43525e-54,1.54279e-56,3.82202e-55,3.31630e-55
2.11002e-63,5.07947e-62,8.76482e-65,2.29822e-63,1.87440e-63,6.28641e-60,1.47782e-58,2.67270e-61,6.84596e-60,5.58626e-60,1.76343e-57,4.13512e-56,7.51532e-59,1.91984e-57,1.56767e-57,3.31630e-55,7.75266e-54,1.41744e-56,3.60897e-55,2.94989e-55
1.87440e-63,4.51274e-62,7.78537e-65,2.11002e-63,1.59628e-63,5.58626e-60,1.31342e-58,2.37473e-61,6.28641e-60,4.76009e-60,1.56767e-57,3.67671e-56,6.67996e-59,1.76343e-57,1.33668e-57,2.94989e-55,6.89757e-54,1.26059e-56,3.31630e-55,2.51753e-55
1.59628e-63,3.84357e-62,6.62958e-65,1.87440e-63,1.28165e-63,4.76009e-60,1.11934e-58,2.02325e-61,5.58626e-60,3.82561e-60,1.33668e-57,3.13553e-56,5.69476e-59,1.56767e-57,1.07563e-57,2.51753e-55,5.88791e-54,1.07562e-56,2.94989e-55,2.02907e-55
1.28165e-63,3.08630e-62,5.32240e-65,1.59628e-63,9.37441e-64,3.82561e-60,8.99727e-59,1.62584e-61,4.76009e-60,2.80340e-60,1.07563e-57,2.52362e-56,4.58188e-59,1.33668e-57,7.90861e-58,2.02907e-55,4.74651e-54,8.66754e-57,2.51753e-55,1.49642e-55
9.37441e-64,2.25761e-62,3.89271e-65,1.28165e-63,5.71423e-64,2.80340e-60,6.59411e-59,1.19126e-61,3.82561e-60,1.71652e-60,7.90861e-58,1.85580e-56,3.36834e-59,1.07563e-57,4.90107e-58,1.49642e-55,3.50119e-54,6.39112e-57,2.02907e-55,9.33397e-56
5.71423e-64,1.37622e-62,2.37271e-65,9.37441e-64,1.91988e-64,1.71652e-60,4.03818e-59,7.29306e-62,2.80340e-60,5.91056e-61,4.90107e-58,1.15025e-56,2.08711e-59,7.90861e-58,1.84975e-58,9.33397e-56,2.18427e-54,3.98583e-57,1.49642e-55,3.66670e-56
2.35856e-65,5.68355e-64,9.78711e-67,7.91939e-66,3.87225e-65,7.28830e-62,1.71549e-60,3.09505e-63,2.50833e-62,1.19054e-61,2.08623e-59,4.89916e-58,8.87898e-61,7.87126e-60,3.36701e-59,3.98473e-57,9.33161e-56,1.70038e-58,1.56471e-57,6.38946e-57
3.87225e-65,9.33008e-64,1.60702e-66,2.35856e-65,5.29824e-65,1.19054e-61,2.80184e-60,5.05646e-63,7.28830e-62,1.62496e-61,3.36701e-59,7.90573e-58,1.43319e-60,2.08623e-59,4.58023e-59,6.38946e-57,1.49606e-55,2.72696e-58,3.98473e-57,8.66548e-57
5.29824e-65,1.27641e-63,2.19913e-66,3.87225e-65,6.60411e-65,1.62496e-61,3.82369e-60,6.90231e-63,1.19054e-61,2.02228e-61,4.58023e-59,1.07528e-57,1.94987e-60,3.36701e-59,5.69294e-59,8.66548e-57,2.02863e-55,3.69893e-58,6.38946e-57,1.07539e-56
6.60411e-65,1.59076e-63,2.74157e-66,5.29824e-65,7.76074e-65,2.02228e-61,4.75799e-60,8.59110e-63,1.62496e-61,2.37376e-61,5.69294e-59,1.33629e-57,2.42393e-60,4.58023e-59,6.67815e-59,1.07539e-56,2.51705e-55,4.59119e-58,8.66548e-57,1.26037e-56
7.76074e-65,1.86906e-63,3.22221e-66,6.60411e-65,8.74285e-65,2.37376e-61,5.58417e-60,1.00855e-62,2.02228e-61,2.67182e-61,6.67815e-59,1.56728e-57,2.84383e-60,5.69294e-59,7.51366e-59,1.26037e-56,2.94941e-55,5.38188e-58,1.07539e-56,1.41723e-56
8.74285e-65,2.10527e-63,3.63052e-66,7.76074e-65,9.52948e-65,2.67182e-61,6.28451e-60,1.13533e-62,2.37376e-61,2.91020e-61,7.51366e-59,1.76308e-57,3.20008e-60,6.67815e-59,8.18164e-59,1.41723e-56,3.31586e-55,6.05277e-58,1.26037e-56,1.54262e-56
9.52948e-65,2.29436e-63,3.95771e-66,8.74285e-65,1.01042e-64,2.91020e-61,6.84440e-60,1.23675e-62,2.67182e-61,3.08400e-61,8.18164e-59,1.91955e-57,3.48502e-60,7.51366e-59,8.66845e-59,1.54262e-56,3.60860e-55,6.58927e-58,1.41723e-56,1.63396e-56
1.01042e-64,2.43244e-63,4.19685e-66,9.52948e-65,1.04551e-64,3.08400e-61,7.25248e-60,1.31072e-62,2.91020e-61,3.18973e-61,8.66845e-59,2.03354e-57,3.69275e-60,8.18164e-59,8.96446e-59,1.63396e-56,3.82176e-55,6.98027e-58,1.54262e-56,1.68948e-56
1.04551e-64,2.51671e-63,4.34297e-66,1.01042e-64,1.05750e-64,3.18973e-61,7.50067e-60,1.35573e-62,3.08400e-61,3.22530e-61,8.96446e-59,2.10283e-57,3.81910e-60,8.66845e-59,9.06394e-59,1.68948e-56,3.95127e-55,7.21800e-58,1.63396e-56,1.70812e-56
1.05750e-64,2.54546e-63,4.39303e-66,1.04551e-64,1.04615e-64,3.22530e-61,7.58413e-60,1.37088e-62,3.18973e-61,3.19000e-61,9.06394e-59,2.12610e-57,3.86157e-60,8.96446e-59,8.96497e-59,1.70812e-56,3.99475e-55,7.29786e-58,1.68948e-56,1.68954e-56
1.04615e-64,2.51810e-63,4.34596e-66,1.05750e-64,1.01167e-64,3.19000e-61,7.50125e-60,1.35585e-62,3.22530e-61,3.08451e-61,8.96497e-59,2.10293e-57,3.81933e-60,9.06394e-59,8.66943e-59,1.68954e-56,3.95141e-55,7.21830e-58,1.70812e-56,1.63408e-56
1.01167e-64,2.43515e-63,4.20265e-66,1.04615e-64,9.54729e-65,3.08451e-61,7.25359e-60,1.31096e-62,3.19000e-61,2.91092e-61,8.66943e-59,2.03375e-57,3.69321e-60,8.96497e-59,8.18301e-59,1.63408e-56,3.82202e-55,6.98085e-58,1.68954e-56,1.54279e-56
9.54729e-65,2.29822e-63,3.96595e-66,1.01167e-64,8.76482e-65,2.91092e-61,6.84596e-60,1.23709e-62,3.08451e-61,2.67270e-61,8.18301e-59,1.91984e-57,3.48566e-60,8.66943e-59,7.51532e-59,1.54279e-56,3.60897e-55,6.59007e-58,1.63408e-56,1.41744e-56
8.76482e-65,2.11002e-63,3.64069e-66,9.54729e-65,7.78537e-65,2.67270e-61,6.28641e-60,1.13573e-62,2.91092e-61,2.37473e-61,7.51532e-59,1.76343e-57,3.20085e-60,8.18301e-59,6.67996e-59,1.41744e-56,3.31630e-55,6.05374e-58,1.54279e-56,1.26059e-56
7.78537e-65,1.87440e-63,3.23361e-66,8.76482e-65,6.62958e-65,2.37473e-61,5.58626e-60,1.00900e-62,2.67270e-61,2.02325e-61,6.67996e-59,1.56767e-57,2.84467e-60,7.51532e-59,5.69476e-59,1.26059e-56,2.94989e-55,5.38294e-58,1.41744e-56,1.07562e-56
6.62958e-65,1.59628e-63,2.75334e-66,7.78537e-65,5.32240e-65,2.02325e-61,4.76009e-60,8.59559e-63,2.37473e-61,1.62584e-61,5.69476e-59,1.33668e-57,2.42477e-60,6.67996e-59,4.58188e-59,1.07562e-56,2.51753e-55,4.59225e-58,1.26059e-56,8.66754e-57
5.32240e-65,1.28165e-63,2.21029e-66,6.62958e-65,3.89271e-65,1.62584e-61,3.82561e-60,6.90642e-63,2.02325e-61,1.19126e-61,4.58188e-59,1.07563e-57,1.95064e-60,5.69476e-59,3.36834e-59,8.66754e-57,2.02907e-55,3.69989e-58,1.07562e-56,6.39112e-57
3.89271e-65,9.37441e-64,1.61647e-66,5.32240e-65,2.37271e-65,1.19126e-61,2.80340e-60,5.05978e-63,1.62584e-61,7.29306e-62,3.36834e-59,7.90861e-58,1.43381e-60,4.58188e-59,2.08711e-59,6.39112e-57,1.49642e-55,2.72774e-58,8.66754e-57,3.98583e-57
2.37271e-65,5.71423e-64,9.85246e-67,3.89271e-65,7.97174e-66,7.29306e-62,1.71652e-60,3.09725e-63,1.19126e-61,2.51013e-62,2.08711e-59,4.90107e-58,8.88309e-61,3.36834e-59,7.87484e-60,3.98583e-57,9.33397e-56,1.70090e-58,6.39112e-57,1.56517e-57
9.78711e-67,2.35856e-65,4.06104e-68,3.28597e-67,1.60702e-66,3.09505e-63,7.28830e-62,1.31377e-64,1.06472e-63,5.05646e-63,8.87898e-61,2.08623e-59,3.77691e-62,3.34908e-61,1.43319e-60,1.70038e-58,3.98473e-57,7.25129e-60,6.67457e-59,2.72696e-58
1.60702e-66,3.87225e-65,6.66891e-68,9.78711e-67,2.19913e-66,5.05646e-63,1.19054e-61,2.14661e-64,3.09505e-63,6.90231e-63,1.43319e-60,3.36701e-59,6.09722e-62,8.87898e-61,1.94987e-60,2.72696e-58,6.38946e-57,1.16308e-59,1.70038e-58,3.69893e-58
2.19913e-66,5.29824e-65,9.12728e-68,1.60702e-66,2.74157e-66,6.90231e-63,1.62496e-61,2.93055e-64,5.05646e-63,8.59110e-63,1.94987e-60,4.58023e-59,8.29635e-62,1.43319e-60,2.42393e-60,3.69893e-58,8.66548e-57,1.57786e-59,2.72696e-58,4.59119e-58
2.74157e-66,6.60411e-65,1.13803e-67,2.19913e-66,3.22221e-66,8.59110e-63,2.02228e-61,3.64798e-64,6.90231e-63,1.00855e-62,2.42393e-60,5.69294e-59,1.03147e-61,1.94987e-60,2.84383e-60,4.59119e-58,1.07539e-56,1.95877e-59,3.69893e-58,5.38188e-58
3.22221e-66,7.76074e-65,1.33775e-67,2.74157e-66,3.63052e-66,1.00855e-62,2.37376e-61,4.28303e-64,8.59110e-63,1.13533e-62,2.84383e-60,6.67815e-59,1.21032e-61,2.42393e-60,3.20008e-60,5.38188e-58,1.26037e-56,2.29648e-59,4.59119e-58,6.05277e-58
3.63052e-66,8.74285e-65,1.50748e-67,3.22221e-66,3.95771e-66,1.13533e-62,2.67182e-61,4.82193e-64,1.00855e-62,1.23675e-62,3.20008e-60,7.51366e-59,1.36212e-61,2.84383e-60,3.48502e-60,6.05277e-58,1.41723e-56,2.58315e-59,5.38188e-58,6.58927e-58
3.95771e-66,9.52948e-65,1.64355e-67,3.63052e-66,4.19685e-66,1.23675e-62,2.91020e-61,5.25318e-64,1.13533e-62,1.31072e-62,3.48502e-60,8.18164e-59,1.48357e-61,3.20008e-60,3.69275e-60,6.58927e-58,1.54262e-56,2.81250e-59,6.05277e-58,6.98027e-58
4.19685e-66,1.01042e-64,1.74305e-67,3.95771e-66,4.34297e-66,1.31072e-62,3.08400e-61,5.56779e-64,1.23675e-62,1.35573e-62,3.69275e-60,8.66845e-59,1.57214e-61,3.48502e-60,3.81910e-60,6.98027e-58,1.63396e-56,2.97971e-59,6.58927e-58,7.21800e-58
4.34297e-66,1.04551e-64,1.80389e-67,4.19685e-66,4.39303e-66,1.35573e-62,3.18973e-61,5.75927e-64,1.31072e-62,1.37088e-62,3.81910e-60,8.96446e-59,1.62602e-61,3.69275e-60,3.86157e-60,7.21800e-58,1.68948e-56,3.08141e-59,6.98027e-58,7.29786e-58
4.39303e-66,1.05750e-64,1.82478e-67,4.34297e-66,4.34596e-66,1.37088e-62,3.22530e-61,5.82373e-64,1.35573e-62,1.35585e-62,3.86157e-60,9.06394e-59,1.64414e-61,3.81910e-60,3.81933e-60,7.29786e-58,1.70812e-56,3.11558e-59,7.21800e-58,7.21830e-58
4.34596e-66,1.04615e-64,1.80527e-67,4.39303e-66,4.20265e-66,1.35585e-62,3.19000e-61,5.75984e-64,1.37088e-62,1.31096e-62,3.81933e-60,8.96497e-59,1.62613e-61,3.86157e-60,3.69321e-60,7.21830e-58,1.68954e-56,3.08155e-59,7.29786e-58,6.98085e-58
4.20265e-66,1.01167e-64,1.74574e-67,4.34596e-66,3.96595e-66,1.31096e-62,3.08451e-61,5.56889e-64,1.35585e-62,1.23709e-62,3.69321e-60,8.66943e-59,1.57235e-61,3.81933e-60,3.48566e-60,6.98085e-58,1.63408e-56,2.97998e-59,7.21830e-58,6.59007e-58
3.96595e-66,9.54729e-65,1.64737e-67,4.20265e-66,3.64069e-66,1.23709e-62,2.91092e-61,5.25473e-64,1.31096e-62,1.13573e-62,3.48566e-60,8.18301e-59,1.48386e-61,3.69321e-60,3.20085e-60,6.59007e-58,1.54279e-56,2.81288e-59,6.98085e-58,6.05374e-58
3.64069e-66,8.76482e-65,1.51219e-67,3.96595e-66,3.23361e-66,1.13573e-62,2.67270e-61,4.82380e-64,1.23709e-62,1.00900e-62,3.20085e-60,7.51532e-59,1.36247e-61,3.48566e-60,2.84467e-60,6.05374e-58,1.41744e-56,2.58361e-59,6.59007e-58,5.38294e-58
3.23361e-66,7.78537e-65,1.34302e-67,3.64069e-66,2.75334e-66,1.00900e-62,2.37473e-61,4.28509e-64,1.13573e-62,8.59559e-63,2.84467e-60,6.67996e-59,1.21071e-61,3.20085e-60,2.42477e-60,5.38294e-58,1.26059e-56,2.29697e-59,6.05374e-58,4.59225e-58
2.75334e-66,6.62958e-65,1.14348e-67,3.23361e-66,2.21029e-66,8.59559e-63,2.02325e-61,3.65005e-64,1.00900e-62,6.90642e-63,2.42477e-60,5.69476e-59,1.03186e-61,2.84467e-60,1.95064e-60,4.59225e-58,1.07562e-56,1.95927e-59,5.38294e-58,3.69989e-58
2.21029e-66,5.32240e-65,9.17894e-68,2.75334e-66,1.61647e-66,6.90642e-63,1.62584e-61,2.93244e-64,8.59559e-63,5.05978e-63,1.95064e-60,4.58188e-59,8.29990e-62,2.42477e-60,1.43381e-60,3.69989e-58,8.66754e-57,1.57830e-59,4.59225e-58,2.72774e-58
1.61647e-66,3.89271e-65,6.71260e-68,2.21029e-66,9.85246e-67,5.05978e-63,1.19126e-61,2.14814e-64,6.90642e-63,3.09725e-63,1.43381e-60,3.36834e-59,6.10008e-62,1.95064e-60,8.88309e-61,2.72774e-58,6.39112e-57,1.16344e-59,3.69989e-58,1.70090e-58
9.85246e-67,2.37271e-65,4.09123e-68,1.61647e-66,3.31014e-67,3.09725e-63,7.29306e-62,1.31478e-64,5.05978e-63,1.06555e-63,8.88309e-61,2.08711e-59,3.77881e-62,1.43381e-60,3.35074e-61,1.70090e-58,3.98583e-57,7.25369e-60,2.72774e-58,6.67675e-59
4.06104e-68,9.78711e-67,1.68477e-69,1.36336e-68,6.66891e-68,1.31377e-64,3.09505e-63,5.57343e-66,4.51756e-65,2.14661e-64,3.77691e-62,8.87898e-61,1.60496e-63,1.42424e-62,6.09722e-62,7.25129e-60,1.70038e-58,3.08883e-61,2.84539e-60,1.16308e-59
6.66891e-68,1.60702e-66,2.76708e-69,4.06104e-68,9.12728e-68,2.14661e-64,5.05646e-63,9.10799e-66,1.31377e-64,2.93055e-64,6.09722e-62,1.43319e-60,2.59128e-63,3.77691e-62,8.29635e-62,1.16308e-59,2.72696e-58,4.95506e-61,7.25129e-60,1.57786e-59
9.12728e-68,2.19913e-66,3.78764e-69,6.66891e-68,1.13803e-67,2.93055e-64,6.90231e-63,1.24356e-65,2.14661e-64,3.64798e-64,8.29635e-62,1.94987e-60,3.52629e-63,6.09722e-62,1.03147e-61,1.57786e-59,3.69893e-58,6.72304e-61,1.16308e-59,1.95877e-59
1.13803e-67,2.74157e-66,4.72327e-69,9.12728e-68,1.33775e-67,3.64798e-64,8.59110e-63,1.54815e-65,2.93055e-64,4.28303e-64,1.03147e-61,2.42393e-60,4.38470e-63,8.29635e-62,1.21032e-61,1.95877e-59,4.59119e-58,8.34724e-61,1.57786e-59,2.29648e-59
1.33775e-67,3.22221e-66,5.55297e-69,1.13803e-67,1.50748e-67,4.28303e-64,1.00855e-62,1.81785e-65,3.64798e-64,4.82193e-64,1.21032e-61,2.84383e-60,5.14559e-63,1.03147e-61,1.36212e-61,2.29648e-59,5.38188e-58,9.78777e-61,1.95877e-59,2.58315e-59
1.50748e-67,3.63052e-66,6.25840e-69,1.33775e-67,1.64355e-67,4.82193e-64,1.13533e-62,2.04677e-65,4.28303e-64,5.25318e-64,1.36212e-61,3.20008e-60,5.79161e-63,1.21032e-61,1.48357e-61,2.58315e-59,6.05277e-58,1.10111e-60,2.29648e-59,2.81250e-59
1.64355e-67,3.95771e-66,6.82417e-69,1.50748e-67,1.74305e-67,5.25318e-64,1.23675e-62,2.23002e-65,4.82193e-64,5.56779e-64,1.48357e-61,3.48502e-60,6.30867e-63,1.36212e-61,1.57214e-61,2.81250e-59,6.58927e-58,1.19902e-60,2.58315e-59,2.97971e-59
1.74305e-67,4.19685e-66,7.23810e-69,1.64355e-67,1.80389e-67,5.56779e-64,1.31072e-62,2.36373e-65,5.25318e-64,5.75927e-64,1.57214e-61,3.69275e-60,6.68584e-63,1.48357e-61,1.62602e-61,2.97971e-59,6.98027e-58,1.27043e-60,2.81250e-59,3.08141e-59
1.80389e-67,4.34297e-66,7.49137e-69,1.74305e-67,1.82478e-67,5.75927e-64,1.35573e-62,2.44513e-65,5.56779e-64,5.82373e-64,1.62602e-61,3.81910e-60,6.91535e-63,1.57214e-61,1.64414e-61,3.08141e-59,7.21800e-58,1.31387e-60,2.97971e-59,3.11558e-59
1.82478e-67,4.39303e-66,7.57858e-69,1.80389e-67,1.80527e-67,5.82373e-64,1.37088e-62,2.47254e-65,5.75927e-64,5.75984e-64,1.64414e-61,3.86157e-60,6.99255e-63,1.62602e-61,1.62613e-61,3.11558e-59,7.29786e-58,1.32847e-60,3.08141e-59,3.08155e-59
1.80527e-67,4.34596e-66,7.49780e-69,1.82478e-67,1.74574e-67,5.75984e-64,1.35585e-62,2.44540e-65,5.82373e-64,5.56889e-64,1.62613e-61,3.81933e-60,6.91586e-63,1.64414e-61,1.57235e-61,3.08155e-59,7.21830e-58,1.31393e-60,3.11558e-59,2.97998e-59
1.74574e-67,4.20265e-66,7.25057e-69,1.80527e-67,1.64737e-67,5.56889e-64,1.31096e-62,2.36424e-65,5.75984e-64,5.25473e-64,1.57235e-61,3.69321e-60,6.68681e-63,1.62613e-61,1.48386e-61,2.97998e-59,6.98085e-58,1.27055e-60,3.08155e-59,2.81288e-59
1.64737e-67,3.96595e-66,6.84190e-69,1.74574e-67,1.51219e-67,5.25473e-64,1.23709e-62,2.23073e-65,5.56889e-64,4.82380e-64,1.48386e-61,3.48566e-60,6.31003e-63,1.57235e-61,1.36247e-61,2.81288e-59,6.59007e-58,1.19920e-60,2.97998e-59,2.58361e-59
1.51219e-67,3.64069e-66,6.28025e-69,1.64737e-67,1.34302e-67,4.82380e-64,1.13573e-62,2.04764e-65,5.25473e-64,4.28509e-64,1.36247e-61,3.20085e-60,5.79327e-63,1.48386e-61,1.21071e-61,2.58361e-59,6.05374e-58,1.10132e-60,2.81288e-59,2.29697e-59
1.34302e-67,3.23361e-66,5.57743e-69,1.51219e-67,1.14348e-67,4.28509e-64,1.00900e-62,1.81880e-65,4.82380e-64,3.65005e-64,1.21071e-61,2.84467e-60,5.14740e-63,1.36247e-61,1.03186e-61,2.29697e-59,5.38294e-58,9.79007e-61,2.58361e-59,1.95927e-59
1.14348e-67,2.75334e-66,4.74851e-69,1.34302e-67,9.17894e-68,3.65005e-64,8.59559e-63,1.54911e-65,4.28509e-64,2.93244e-64,1.03186e-61,2.42477e-60,4.38650e-63,1.21071e-61,8.29990e-62,1.95927e-59,4.59225e-58,8.34953e-61,2.29697e-59,1.57830e-59
9.17894e-68,2.21029e-66,3.81154e-69,1.14348e-67,6.71260e-68,2.93244e-64,6.90642e-63,1.24443e-65,3.65005e-64,2.14814e-64,8.29990e-62,1.95064e-60,3.52793e-63,1.03186e-61,6.10008e-62,1.57830e-59,3.69989e-58,6.72511e-61,1.95927e-59,1.16344e-59
6.71260e-68,1.61647e-66,2.78727e-69,9.17894e-68,4.09123e-68,2.14814e-64,5.05978e-63,9.11509e-66,2.93244e-64,1.31478e-64,6.10008e-62,1.43381e-60,2.59260e-63,8.29990e-62,3.77881e-62,1.16344e-59,2.72774e-58,4.95673e-61,1.57830e-59,7.25369e-60
4.09123e-68,9.85246e-67,1.69871e-69,6.71260e-68,1.37452e-68,1.31478e-64,3.09725e-63,5.57812e-66,2.14814e-64,4.52138e-65,3.77881e-62,8.88309e-61,1.60584e-63,6.10008e-62,1.42501e-62,7.25369e-60,1.70090e-58,3.08995e-61,1.16344e-59,2.84640e-60
1.68477e-69,4.06104e-68,1.33884e-70,5.65386e-70,2.76708e-69,5.57343e-66,1.31377e-64,4.50115e-67,1.91515e-66,9.10799e-66,1.60496e-63,3.77691e-62,1.26974e-64,6.04967e-64,2.59128e-63,3.08883e-61,7.25129e-60,2.43667e-62,1.21145e-61,4.95506e-61
2.76708e-69,6.66891e-68,2.20073e-70,1.68477e-69,3.78764e-69,9.10799e-66,2.14661e-64,7.37576e-67,5.57343e-66,1.24356e-65,2.59128e-63,6.09722e-62,2.05899e-64,1.60496e-63,3.52629e-63,4.95506e-61,1.16308e-59,3.92409e-62,3.08883e-61,6.72304e-61
3.78764e-69,9.12728e-68,3.01318e-70,2.76708e-69,4.72327e-69,1.24356e-65,2.93055e-64,1.00810e-66,9.10799e-66,1.54815e-65,3.52629e-63,8.29635e-62,2.80588e-64,2.59128e-63,4.38470e-63,6.72304e-61,1.57786e-59,5.33157e-62,4.95506e-61,8.34724e-61
4.72327e-69,1.13803e-67,3.75813e-70,3.78764e-69,5.55297e-69,1.54815e-65,3.64798e-64,1.25574e-66,1.24356e-65,1.81785e-65,4.38470e-63,1.03147e-61,3.49087e-64,3.52629e-63,5.14559e-63,8.34724e-61,1.95877e-59,6.62345e-62,6.72304e-61,9.78777e-61
5.55297e-69,1.33775e-67,4.41893e-70,4.72327e-69,6.25840e-69,1.81785e-65,4.28303e-64,1.47505e-66,1.54815e-65,2.04677e-65,5.14559e-63,1.21032e-61,4.09777e-64,4.38470e-63,5.79161e-63,9.78777e-61,2.29648e-59,7.76878e-62,8.34724e-61,1.10111e-60
6.25840e-69,1.50748e-67,4.98095e-70,5.55297e-69,6.82417e-69,2.04677e-65,4.82193e-64,1.66125e-66,1.81785e-65,2.23002e-65,5.79161e-63,1.36212e-61,4.61299e-64,5.14559e-63,6.30867e-63,1.10111e-60,2.58315e-59,8.74138e-62,9.78777e-61,1.19902e-60
6.82417e-69,1.64355e-67,5.43188e-70,6.25840e-69,7.23810e-69,2.23002e-65,5.25318e-64,1.81033e-66,2.04677e-65,2.36373e-65,6.30867e-63,1.48357e-61,5.02537e-64,5.79161e-63,6.68584e-63,1.19902e-60,2.81250e-59,9.51987e-62,1.10111e-60,1.27043e-60
7.23810e-69,1.74305e-67,5.76196e-70,6.82417e-69,7.49137e-69,2.36373e-65,5.56779e-64,1.91913e-66,2.23002e-65,2.44513e-65,6.68584e-63,1.57214e-61,5.32623e-64,6.30867e-63,6.91535e-63,1.27043e-60,2.97971e-59,1.00877e-61,1.19902e-60,1.31387e-60
7.49137e-69,1.80389e-67,5.96407e-70,7.23810e-69,7.57858e-69,2.44513e-65,5.75927e-64,1.98538e-66,2.36373e-65,2.47254e-65,6.91535e-63,1.62602e-61,5.50933e-64,6.68584e-63,6.99255e-63,1.31387e-60,3.08141e-59,1.04332e-61,1.27043e-60,1.32847e-60
7.57858e-69,1.82478e-67,6.03387e-70,7.49137e-69,7.49780e-69,2.47254e-65,5.82373e-64,2.00769e-66,2.44513e-65,2.44540e-65,6.99255e-63,1.64414e-61,5.57093e-64,6.91535e-63,6.91586e-63,1.32847e-60,3.11558e-59,1.05494e-61,1.31387e-60,1.31393e-60
7.49780e-69,1.80527e-67,5.96977e-70,7.57858e-69,7.25057e-69,2.44540e-65,5.75984e-64,1.98561e-66,2.47254e-65,2.36424e-65,6.91586e-63,1.62613e-61,5.50977e-64,6.99255e-63,6.68681e-63,1.31393e-60,3.08155e-59,1.04338e-61,1.32847e-60,1.27055e-60
7.25057e-69,1.74574e-67,5.77300e-70,7.49780e-69,6.84190e-69,2.36424e-65,5.56889e-64,1.91958e-66,2.44540e-65,2.23073e-65,6.68681e-63,1.57235e-61,5.32707e-64,6.91586e-63,6.31003e-63,1.27055e-60,2.97998e-59,1.00888e-61,1.31393e-60,1.19920e-60
6.84190e-69,1.64737e-67,5.44757e-70,7.25057e-69,6.28025e-69,2.23073e-65,5.25473e-64,1.81095e-66,2.36424e-65,2.04764e-65,6.31003e-63,1.48386e-61,5.02655e-64,6.68681e-63,5.79327e-63,1.19920e-60,2.81288e-59,9.52137e-62,1.27055e-60,1.10132e-60
6.28025e-69,1.51219e-67,5.00027e-70,6.84190e-69,5.57743e-69,2.04764e-65,4.82380e-64,1.66200e-66,2.23073e-65,1.81880e-65,5.79327e-63,1.36247e-61,4.61441e-64,6.31003e-63,5.14740e-63,1.10132e-60,2.58361e-59,8.74319e-62,1.19920e-60,9.79007e-61
5.57743e-69,1.34302e-67,4.44054e-70,6.28025e-69,4.74851e-69,1.81880e-65,4.28509e-64,1.47588e-66,2.04764e-65,1.54911e-65,5.14740e-63,1.21071e-61,4.09932e-64,5.79327e-63,4.38650e-63,9.79007e-61,2.29697e-59,7.77075e-62,1.10132e-60,8.34953e-61
4.74851e-69,1.14348e-67,3.78042e-70,5.57743e-69,3.81154e-69,1.54911e-65,3.65005e-64,1.25658e-66,1.81880e-65,1.24443e-65,4.38650e-63,1.03186e-61,3.49242e-64,5.14740e-63,3.52793e-63,8.34953e-61,1.95927e-59,6.62541e-62,9.79007e-61,6.72511e-61
3.81154e-69,9.17894e-68,3.03427e-70,4.74851e-69,2.78727e-69,1.24443e-65,2.93244e-64,1.00887e-66,1.54911e-65,9.11509e-66,3.52793e-63,8.29990e-62,2.80729e-64,4.38650e-63,2.59260e-63,6.72511e-61,1.57830e-59,5.33335e-62,8.34953e-61,4.95673e-61
2.78727e-69,6.71260e-68,2.21853e-70,3.81154e-69,1.69871e-69,9.11509e-66,2.14814e-64,7.38195e-67,1.24443e-65,5.57812e-66,2.59260e-63,6.10008e-62,2.06012e-64,3.52793e-63,1.60584e-63,4.95673e-61,1.16344e-59,3.92552e-62,6.72511e-61,3.08995e-61
1.69871e-69,4.09123e-68,1.35111e-70,2.78727e-69,5.70533e-70,5.57812e-66,1.31478e-64,4.50523e-67,9.11509e-66,1.91692e-66,1.60584e-63,3.77881e-62,1.27049e-64,2.59260e-63,6.05321e-64,3.08995e-61,7.25369e-60,2.43762e-62,4.95673e-61,1.21192e-61
1.88656e-02,3.18286e-02,5.40466e-03,4.96505e-02,2.69619e-02,3.10875e-01,8.11650e-01,2.55220e-02,-1.33105e-01,1.21163e-01,-3.17971e+00,-1.63835e+01,1.45339e-01,2.68134e+00,3.32657e-01,4.20698e+01,3.62610e+02,-2.41173e+00,-3.58563e+01,-1.03379e+01
2.69619e-02,4.51873e-02,6.42864e-03,1.88656e-02,3.28191e-02,1.21163e-01,2.83270e-01,2.09920e-02,3.10875e-01,5.79807e-02,3.32657e-01,6.44079e-02,1.10223e-01,-3.17971e+00,5.29860e-01,-1.03379e+01,-4.32427e+01,-6.59468e-02,4.20698e+01,-3.21422e+00
3.28191e-02,5.52426e-02,7.10110e-03,2.69619e-02,3.58916e-02,5.79807e-02,1.07157e-01,2.13152e-02,1.21163e-01,5.45175e-02,5.29860e-01,1.00280e+00,7.55602e-02,3.32657e-01,2.83947e-01,-3.21422e+00,-8.67115e+00,2.84307e-01,-1.03379e+01,4.34781e-01
3.58916e-02,6.04168e-02,7.48105e-03,3.28191e-02,3.73125e-02,5.45175e-02,8.53046e-02,2.34729e-02,5.79807e-02,6.31260e-02,2.83947e-01,5.37697e-01,5.43173e-02,5.29860e-01,1.40223e-01,4.34781e-01,5.85168e-01,2.89267e-01,-3.21422e+00,9.88144e-01
3.73125e-02,6.27381e-02,7.67520e-03,3.58916e-02,3.79262e-02,6.31260e-02,9.56922e-02,2.54859e-02,5.45175e-02,7.04111e-02,1.40223e-01,2.40947e-01,4.83162e-02,2.83947e-01,1.00543e-01,9.88144e-01,1.73213e+00,2.07991e-01,4.34781e-01,6.59331e-01
3.79262e-02,6.37082e-02,7.76776e-03,3.73125e-02,3.81800e-02,7.04111e-02,1.06296e-01,2.68424e-02,6.31260e-02,7.46578e-02,1.00543e-01,1.50780e-01,4.98810e-02,1.40223e-01,1.01881e-01,6.59331e-01,1.11982e+00,1.35220e-01,9.88144e-01,3.36649e-01
3.81800e-02,6.40963e-02,7.80967e-03,3.79262e-02,3.82813e-02,7.46578e-02,1.12516e-01,2.76196e-02,7.04111e-02,7.67661e-02,1.01881e-01,1.44561e-01,5.33537e-02,1.00543e-01,1.11201e-01,3.36649e-01,5.35171e-01,9.76302e-02,6.59331e-01,1.82491e-01
3.82813e-02,6.42463e-02,7.82781e-03,3.81800e-02,3.83192e-02,7.67661e-02,1.15536e-01,2.80180e-02,7.46578e-02,7.76779e-02,1.11201e-01,1.56000e-01,5.62618e-02,1.01881e-01,1.17990e-01,1.82491e-01,2.65057e-01,8.55989e-02,3.36649e-01,1.35396e-01
3.83192e-02,6.43009e-02,7.83506e-03,3.82813e-02,3.83288e-02,7.76779e-02,1.16809e-01,2.81976e-02,7.67661e-02,7.79274e-02,1.17990e-01,1.65072e-01,5.79791e-02,1.11201e-01,1.20281e-01,1.35396e-01,1.85439e-01,8.42982e-02,1.82491e-01,1.27168e-01
3.83288e-02,6.43145e-02,7.83698e-03,3.83192e-02,3.83192e-02,7.79274e-02,1.17151e-01,2.82481e-02,7.76779e-02,7.76780e-02,1.20281e-01,1.68155e-01,5.85302e-02,1.17990e-01,1.17998e-01,1.27168e-01,1.71999e-01,8.47967e-02,1.35396e-01,1.35815e-01
3.83192e-02,6.43009e-02,7.83506e-03,3.83288e-02,3.82813e-02,7.76780e-02,1.16809e-01,2.81976e-02,7.79274e-02,7.67664e-02,1.17998e-01,1.65090e-01,5.79804e-02,1.20281e-01,1.11228e-01,1.35815e-01,1.86317e-01,8.43833e-02,1.27168e-01,1.83836e-01
3.82813e-02,6.42463e-02,7.82781e-03,3.83192e-02,3.81800e-02,7.67664e-02,1.15537e-01,2.80180e-02,7.76780e-02,7.46589e-02,1.11228e-01,1.56066e-01,5.62659e-02,1.17998e-01,1.01966e-01,1.83836e-01,2.68066e-01,8.58691e-02,1.35815e-01,3.40390e-01
3.81800e-02,6.40963e-02,7.80967e-03,3.82813e-02,3.79262e-02,7.46589e-02,1.12519e-01,2.76197e-02,7.67664e-02,7.04148e-02,1.01966e-01,1.44786e-01,5.33655e-02,1.11228e-01,1.00798e-01,3.40390e-01,5.42754e-01,9.84008e-02,1.83836e-01,6.67925e-01
3.79262e-02,6.37082e-02,7.76776e-03,3.81800e-02,3.73125e-02,7.04148e-02,1.06308e-01,2.68429e-02,7.46589e-02,6.31393e-02,1.00798e-01,1.51518e-01,4.99139e-02,1.01966e-01,1.40955e-01,6.67925e-01,1.13046e+00,1.37345e-01,3.40390e-01,1.00582e+00
3.73125e-02,6.27381e-02,7.67520e-03,3.79262e-02,3.58916e-02,6.31393e-02,9.57374e-02,2.54872e-02,7.04148e-02,5.45645e-02,1.40955e-01,2.43237e-01,4.84047e-02,1.00798e-01,2.85809e-01,1.00582e+00,1.73241e+00,2.13472e-01,6.67925e-01,4.81454e-01
3.58916e-02,6.04168e-02,7.48105e-03,3.73125e-02,3.28191e-02,5.45645e-02,8.54839e-02,2.34770e-02,6.31393e-02,5.81462e-02,2.85809e-01,5.43604e-01,5.45447e-02,1.40955e-01,5.33860e-01,4.81454e-01,4.82324e-01,3.02163e-01,1.00582e+00,-3.00688e+00
3.28191e-02,5.52426e-02,7.10110e-03,3.58916e-02,2.69619e-02,5.81462e-02,1.07869e-01,2.13275e-02,5.45645e-02,1.21737e-01,5.33860e-01,1.01508e+00,7.60987e-02,2.85809e-01,3.40484e-01,-3.00688e+00,-9.04185e+00,3.11548e-01,4.81454e-01,-8.74515e+00
2.69619e-02,4.51873e-02,6.42864e-03,3.28191e-02,1.88656e-02,1.21737e-01,2.85905e-01,2.10282e-02,5.81462e-02,3.12754e-01,3.40484e-01,9.17877e-02,1.11318e-01,5.33860e-01,-3.17330e+00,-8.74515e+00,-4.49207e+01,1.28992e-02,-3.00688e+00,4.31788e+01
1.88656e-02,3.18286e-02,5.40466e-03,2.69619e-02,4.96505e-02,3.12754e-01,8.20614e-01,2.56173e-02,1.21737e-01,-1.29620e-01,-3.17330e+00,-1.63772e+01,1.47337e-01,3.40484e-01,2.67325e+00,4.31788e+01,3.63255e+02,-2.10438e+00,-8.74515e+00,-3.65626e+01
5.40466e-03,1.88656e-02,1.24222e-03,5.30292e-03,6.42864e-03,2.55220e-02,3.10875e-01,5.07032e-03,3.22760e-02,2.09920e-02,1.45339e-01,-3.17971e+00,8.06552e-02,-1.36241e-01,1.10223e-01,-2.41173e+00,4.20698e+01,-9.63471e-01,3.86609e+00,-6.59468e-02
6.42864e-03,2.69619e-02,1.53194e-03,5.40466e-03,7.10110e-03,2.09920e-02,1.21163e-01,6.11078e-03,2.55220e-02,2.13152e-02,1.10223e-01,3.32657e-01,4.22345e-02,1.45339e-01,7.55602e-02,-6.59468e-02,-1.03379e+01,-1.90763e-03,-2.41173e+00,2.84307e-01
7.10110e-03,3.28191e-02,1.67204e-03,6.42864e-03,7.48105e-03,2.13152e-02,5.79807e-02,7.88996e-03,2.09920e-02,2.34729e-02,7.55602e-02,5.29860e-01,2.24561e-02,1.10223e-01,5.43173e-02,2.84307e-01,-3.21422e+00,1.80224e-01,-6.59468e-02,2.89267e-01
7.48105e-03,3.58916e-02,1.73827e-03,7.10110e-03,7.67520e-03,2.34729e-02,5.45175e-02,9.16101e-03,2.13152e-02,2.54859e-02,5.43173e-02,2.83947e-01,1.87196e-02,7.55602e-02,4.83162e-02,2.89267e-01,4.34781e-01,1.30397e-01,2.84307e-01,2.07991e-01
7.67520e-03,3.73125e-02,1.76900e-03,7.48105e-03,7.76776e-03,2.54859e-02,6.31260e-02,9.89076e-03,2.34729e-02,2.68424e-02,4.83162e-02,1.40223e-01,2.07450e-02,5.43173e-02,4.98810e-02,2.07991e-01,9.88144e-01,7.17048e-02,2.89267e-01,1.35220e-01
7.76776e-03,3.79262e-02,1.78298e-03,7.67520e-03,7.80967e-03,2.68424e-02,7.04111e-02,1.02698e-02,2.54859e-02,2.76196e-02,4.98810e-02,1.00543e-01,2.34533e-02,4.83162e-02,5.33537e-02,1.35220e-01,6.59331e-01,4.65660e-02,2.07991e-01,9.76302e-02
7.80967e-03,3.81800e-02,1.78922e-03,7.76776e-03,7.82781e-03,2.76196e-02,7.46578e-02,1.04551e-02,2.68424e-02,2.80180e-02,5.33537e-02,1.01881e-01,2.54145e-02,4.98810e-02,5.62618e-02,9.76302e-02,3.36649e-01,4.20347e-02,1.35220e-01,8.55989e-02
7.82781e-03,3.82813e-02,1.79192e-03,7.80967e-03,7.83506e-03,2.80180e-02,7.67661e-02,1.05412e-02,2.76196e-02,2.81976e-02,5.62618e-02,1.11201e-01,2.65600e-02,5.33537e-02,5.79791e-02,8.55989e-02,1.82491e-01,4.44624e-02,9.76302e-02,8.42982e-02
7.83506e-03,3.83192e-02,1.79302e-03,7.82781e-03,7.83698e-03,2.81976e-02,7.76779e-02,1.05779e-02,2.80180e-02,2.82481e-02,5.79791e-02,1.17990e-01,2.71218e-02,5.62618e-02,5.85302e-02,8.42982e-02,1.35396e-01,4.73227e-02,8.55989e-02,8.47967e-02
7.83698e-03,3.83288e-02,1.79331e-03,7.83506e-03,7.83506e-03,2.82481e-02,7.79274e-02,1.05880e-02,2.81976e-02,2.81976e-02,5.85302e-02,1.20281e-01,2.72873e-02,5.79791e-02,5.79804e-02,8.47967e-02,1.27168e-01,4.84279e-02,8.42982e-02,8.43833e-02
7.83506e-03,3.83192e-02,1.79302e-03,7.83698e-03,7.82781e-03,2.81976e-02,7.76780e-02,1.05779e-02,2.82481e-02,2.80180e-02,5.79804e-02,1.17998e-01,2.71219e-02,5.85302e-02,5.62659e-02,8.43833e-02,1.35815e-01,4.73332e-02,8.47967e-02,8.58691e-02
7.82781e-03,3.82813e-02,1.79192e-03,7.83506e-03,7.80967e-03,2.80180e-02,7.67664e-02,1.05412e-02,2.81976e-02,2.76197e-02,5.62659e-02,1.11228e-01,2.65605e-02,5.79804e-02,5.33655e-02,8.58691e-02,1.83836e-01,4.44949e-02,8.43833e-02,9.84008e-02
7.80967e-03,3.81800e-02,1.78922e-03,7.82781e-03,7.76776e-03,2.76197e-02,7.46589e-02,1.04551e-02,2.80180e-02,2.68429e-02,5.33655e-02,1.01966e-01,2.54156e-02,5.62659e-02,4.99139e-02,9.84008e-02,3.40390e-01,4.21232e-02,8.58691e-02,1.37345e-01
7.76776e-03,3.79262e-02,1.78298e-03,7.80967e-03,7.67520e-03,2.68429e-02,7.04148e-02,1.02698e-02,2.76197e-02,2.54872e-02,4.99139e-02,1.00798e-01,2.34565e-02,5.33655e-02,4.84047e-02,1.37345e-01,6.67925e-01,4.67976e-02,9.84008e-02,2.13472e-01
7.67520e-03,3.73125e-02,1.76900e-03,7.76776e-03,7.48105e-03,2.54872e-02,6.31393e-02,9.89084e-03,2.68429e-02,2.34770e-02,4.84047e-02,1.40955e-01,2.07537e-02,4.99139e-02,5.45447e-02,2.13472e-01,1.00582e+00,7.22742e-02,1.37345e-01,3.02163e-01
7.48105e-03,3.58916e-02,1.73827e-03,7.67520e-03,7.10110e-03,2.34770e-02,5.45645e-02,9.16122e-03,2.54872e-02,2.13275e-02,5.45447e-02,2.85809e-01,1.87424e-02,4.84047e-02,7.60987e-02,3.02163e-01,4.81454e-01,1.31655e-01,2.13472e-01,3.11548e-01
7.10110e-03,3.28191e-02,1.67204e-03,7.48105e-03,6.42864e-03,2.13275e-02,5.81462e-02,7.89048e-03,2.34770e-02,2.10282e-02,7.60987e-02,5.33860e-01,2.25134e-02,5.45447e-02,1.11318e-01,3.11548e-01,-3.00688e+00,1.82635e-01,3.02163e-01,1.28992e-02
6.42864e-03,2.69619e-02,1.53194e-03,7.10110e-03,5.40466e-03,2.10282e-02,1.21737e-01,6.11209e-03,2.13275e-02,2.56173e-02,1.11318e-01,3.40484e-01,4.23666e-02,7.60987e-02,1.47337e-01,1.28992e-02,-8.74515e+00,2.66258e-03,3.11548e-01,-2.10438e+00
5.40466e-03,1.88656e-02,1.24222e-03,6.42864e-03,5.30292e-03,2.56173e-02,3.12754e-01,5.07296e-03,2.10282e-02,3.25437e-02,1.47337e-01,-3.17330e+00,8.09039e-02,1.11318e-01,-1.36019e-01,-2.10438e+00,4.31788e+01,-9.56248e-01,1.28992e-02,4.09014e+00
1.24222e-03,5.40466e-03,8.27055e-05,6.90316e-04,1.53194e-03,5.07032e-03,2.55220e-02,1.28619e-03,1.16485e-02,6.11078e-03,8.06552e-02,1.45339e-01,7.77846e-03,-3.63102e-02,4.22345e-02,-9.63471e-01,-2.41173e+00,1.97040e-02,9.16926e-01,-1.90763e-03
1.53194e-03,6.42864e-03,1.10039e-04,1.24222e-03,1.67204e-03,6.11078e-03,2.09920e-02,1.53815e-03,5.07032e-03,7.88996e-03,4.22345e-02,1.10223e-01,6.62612e-03,8.06552e-02,2.24561e-02,-1.90763e-03,-6.59468e-02,2.85933e-02,-9.63471e-01,1.80224e-01
1.67204e-03,7.10110e-03,1.24680e-04,1.53194e-03,1.73827e-03,7.88996e-03,2.13152e-02,1.78013e-03,6.11078e-03,9.16101e-03,2.24561e-02,7.55602e-02,6.32724e-03,4.22345e-02,1.87196e-02,1.80224e-01,2.84307e-01,2.74351e-02,-1.90763e-03,1.30397e-01
1.73827e-03,7.48105e-03,1.32057e-04,1.67204e-03,1.76900e-03,9.16101e-03,2.34729e-02,1.94871e-03,7.88996e-03,9.89076e-03,1.87196e-02,5.43173e-02,6.76097e-03,2.24561e-02,2.07450e-02,1.30397e-01,2.89267e-01,2.20798e-02,1.80224e-01,7.17048e-02
1.76900e-03,7.67520e-03,1.35624e-04,1.73827e-03,1.78298e-03,9.89076e-03,2.54859e-02,2.04873e-03,9.16101e-03,1.02698e-02,2.07450e-02,4.83162e-02,7.39589e-03,1.87196e-02,2.34533e-02,7.17048e-02,2.07991e-01,1.86852e-02,1.30397e-01,4.65660e-02
1.78298e-03,7.76776e-03,1.37297e-04,1.76900e-03,1.78922e-03,1.02698e-02,2.68424e-02,2.10260e-03,9.89076e-03,1.04551e-02,2.34533e-02,4.98810e-02,7.92673e-03,2.07450e-02,2.54145e-02,4.65660e-02,1.35220e-01,1.80914e-02,7.17048e-02,4.20347e-02
1.78922e-03,7.80967e-03,1.38062e-04,1.78298e-03,1.79192e-03,1.04551e-02,2.76196e-02,2.12974e-03,1.02698e-02,1.05412e-02,2.54145e-02,5.33537e-02,8.27941e-03,2.34533e-02,2.65600e-02,4.20347e-02,9.76302e-02,1.89411e-02,4.65660e-02,4.44624e-02
1.79192e-03,7.82781e-03,1.38402e-04,1.78922e-03,1.79302e-03,1.05412e-02,2.80180e-02,2.14266e-03,1.04551e-02,1.05779e-02,2.65600e-02,5.62618e-02,8.48200e-03,2.54145e-02,2.71218e-02,4.44624e-02,8.55989e-02,2.00386e-02,4.20347e-02,4.73227e-02
1.79302e-03,7.83506e-03,1.38542e-04,1.79192e-03,1.79331e-03,1.05779e-02,2.81976e-02,2.14825e-03,1.05412e-02,1.05880e-02,2.71218e-02,5.79791e-02,8.58143e-03,2.65600e-02,2.72873e-02,4.73227e-02,8.42982e-02,2.08102e-02,4.44624e-02,4.84279e-02
1.79331e-03,7.83698e-03,1.38580e-04,1.79302e-03,1.79302e-03,1.05880e-02,2.82481e-02,2.14980e-03,1.05779e-02,1.05779e-02,2.72873e-02,5.85302e-02,8.61079e-03,2.71218e-02,2.71219e-02,4.84279e-02,8.47967e-02,2.10775e-02,4.73227e-02,4.73332e-02
1.79302e-03,7.83506e-03,1.38542e-04,1.79331e-03,1.79192e-03,1.05779e-02,2.81976e-02,2.14825e-03,1.05880e-02,1.05412e-02,2.71219e-02,5.79804e-02,8.58144e-03,2.72873e-02,2.65605e-02,4.73332e-02,8.43833e-02,2.08112e-02,4.84279e-02,4.44949e-02
1.79192e-03,7.82781e-03,1.38402e-04,1.79302e-03,1.78922e-03,1.05412e-02,2.80180e-02,2.14266e-03,1.05779e-02,1.04551e-02,2.65605e-02,5.62659e-02,8.48204e-03,2.71219e-02,2.54156e-02,4.44949e-02,8.58691e-02,2.00415e-02,4.73332e-02,4.21232e-02
1.78922e-03,7.80967e-03,1.38062e-04,1.79192e-03,1.78298e-03,1.04551e-02,2.76197e-02,2.12974e-03,1.05412e-02,1.02698e-02,2.54156e-02,5.33655e-02,8.27951e-03,2.65605e-02,2.34565e-02,4.21232e-02,9.84008e-02,1.89483e-02,4.44949e-02,4.67976e-02
1.78298e-03,7.76776e-03,1.37297e-04,1.78922e-03,1.76900e-03,1.02698e-02,2.68429e-02,2.10260e-03,1.04551e-02,9.89084e-03,2.34565e-02,4.99139e-02,7.92700e-03,2.54156e-02,2.07537e-02,4.67976e-02,1.37345e-01,1.81086e-02,4.21232e-02,7.22742e-02
1.76900e-03,7.67520e-03,1.35624e-04,1.78298e-03,1.73827e-03,9.89084e-03,2.54872e-02,2.04874e-03,1.02698e-02,9.16122e-03,2.07537e-02,4.84047e-02,7.39659e-03,2.34565e-02,1.87424e-02,7.22742e-02,2.13472e-01,1.87233e-02,4.67976e-02,1.31655e-01
1.73827e-03,7.48105e-03,1.32057e-04,1.76900e-03,1.67204e-03,9.16122e-03,2.34770e-02,1.94872e-03,9.89084e-03,7.89048e-03,1.87424e-02,5.45447e-02,6.76274e-03,2.07537e-02,2.25134e-02,1.31655e-01,3.02163e-01,2.21568e-02,7.22742e-02,1.82635e-01
1.67204e-03,7.10110e-03,1.24680e-04,1.73827e-03,1.53194e-03,7.89048e-03,2.13275e-02,1.78015e-03,9.16122e-03,6.11209e-03,2.25134e-02,7.60987e-02,6.33147e-03,1.87424e-02,4.23666e-02,1.82635e-01,3.11548e-01,2.75722e-02,1.31655e-01,2.66258e-03
1.53194e-03,6.42864e-03,1.10039e-04,1.67204e-03,1.24222e-03,6.11209e-03,2.10282e-02,1.53818e-03,7.89048e-03,5.07296e-03,4.23666e-02,1.11318e-01,6.63540e-03,2.25134e-02,8.09039e-02,2.66258e-03,1.28992e-02,2.88199e-02,1.82635e-01,-9.56248e-01
1.24222e-03,5.40466e-03,8.27055e-05,1.53194e-03,6.90316e-04,5.07296e-03,2.56173e-02,1.28625e-03,6.11209e-03,1.16524e-02,8.09039e-02,1.47337e-01,7.79570e-03,4.23666e-02,-3.60133e-02,-9.56248e-01,-2.10438e+00,2.00900e-02,2.66258e-03,9.29313e-01
8.27055e-05,1.24222e-03,4.44493e-06,3.77595e-05,1.10039e-04,1.28619e-03,5.07032e-03,2.32752e-04,1.30195e-03,1.53815e-03,7.77846e-03,8.06552e-02,1.19686e-03,6.72485e-03,6.62612e-03,1.97040e-02,-9.63471e-01,1.55556e-02,-1.64186e-03,2.85933e-02
1.10039e-04,1.53194e-03,6.23290e-06,8.27055e-05,1.24680e-04,1.53815e-03,6.11078e-03,2.98591e-04,1.28619e-03,1.78013e-03,6.62612e-03,4.22345e-02,1.33772e-03,7.77846e-03,6.32724e-03,2.85933e-02,-1.90763e-03,1.03913e-02,1.97040e-02,2.74351e-02
1.24680e-04,1.67204e-03,7.30322e-06,1.10039e-04,1.32057e-04,1.78013e-03,7.88996e-03,3.38794e-04,1.53815e-03,1.94871e-03,6.32724e-03,2.24561e-02,1.64011e-03,6.62612e-03,6.76097e-03,2.74351e-02,1.80224e-01,6.80308e-03,2.85933e-02,2.20798e-02
1.32057e-04,1.73827e-03,7.89377e-06,1.24680e-04,1.35624e-04,1.94871e-03,9.16101e-03,3.61924e-04,1.78013e-03,2.04873e-03,6.76097e-03,1.87196e-02,1.90579e-03,6.32724e-03,7.39589e-03,2.20798e-02,1.30397e-01,5.70435e-03,2.74351e-02,1.86852e-02
1.35624e-04,1.76900e-03,8.20134e-06,1.32057e-04,1.37297e-04,2.04873e-03,9.89076e-03,3.74562e-04,1.94871e-03,2.10260e-03,7.39589e-03,2.07450e-02,2.08985e-03,6.76097e-03,7.92673e-03,1.86852e-02,7.17048e-02,5.92358e-03,2.20798e-02,1.80914e-02
1.37297e-04,1.78298e-03,8.35477e-06,1.35624e-04,1.38062e-04,2.10260e-03,1.02698e-02,3.81163e-04,2.04873e-03,2.12974e-03,7.92673e-03,2.34533e-02,2.20282e-03,7.39589e-03,8.27941e-03,1.80914e-02,4.65660e-02,6.51478e-03,1.86852e-02,1.89411e-02
1.38062e-04,1.78922e-03,8.42864e-06,1.37297e-04,1.38402e-04,2.12974e-03,1.04551e-02,3.84473e-04,2.10260e-03,2.14266e-03,8.27941e-03,2.54145e-02,2.26675e-03,7.92673e-03,8.48200e-03,1.89411e-02,4.20347e-02,7.05405e-03,1.80914e-02,2.00386e-02
1.38402e-04,1.79192e-03,8.46288e-06,1.38062e-04,1.38542e-04,2.14266e-03,1.05412e-02,3.86060e-04,2.12974e-03,2.14825e-03,8.48200e-03,2.65600e-02,2.30041e-03,8.27941e-03,8.58143e-03,2.00386e-02,4.44624e-02,7.42423e-03,1.89411e-02,2.08102e-02
1.38542e-04,1.79302e-03,8.47751e-06,1.38402e-04,1.38580e-04,2.14825e-03,1.05779e-02,3.86755e-04,2.14266e-03,2.14980e-03,8.58143e-03,2.71218e-02,2.31618e-03,8.48200e-03,8.61079e-03,2.08102e-02,4.73227e-02,7.62803e-03,2.00386e-02,2.10775e-02
1.38580e-04,1.79331e-03,8.48153e-06,1.38542e-04,1.38542e-04,2.14980e-03,1.05880e-02,3.86948e-04,2.14825e-03,2.14825e-03,8.61079e-03,2.72873e-02,2.32075e-03,8.58143e-03,8.58144e-03,2.10775e-02,4.84279e-02,7.69199e-03,2.08102e-02,2.08112e-02
1.38542e-04,1.79302e-03,8.47751e-06,1.38580e-04,1.38402e-04,2.14825e-03,1.05779e-02,3.86755e-04,2.14980e-03,2.14266e-03,8.58144e-03,2.71219e-02,2.31618e-03,8.61079e-03,8.48204e-03,2.08112e-02,4.73332e-02,7.62811e-03,2.10775e-02,2.00415e-02
1.38402e-04,1.79192e-03,8.46288e-06,1.38542e-04,1.38062e-04,2.14266e-03,1.05412e-02,3.86060e-04,2.14825e-03,2.12974e-03,8.48204e-03,2.65605e-02,2.30041e-03,8.58144e-03,8.27951e-03,2.00415e-02,4.44949e-02,7.42445e-03,2.08112e-02,1.89483e-02
1.38062e-04,1.78922e-03,8.42864e-06,1.38402e-04,1.37297e-04,2.12974e-03,1.04551e-02,3.84473e-04,2.14266e-03,2.10260e-03,8.27951e-03,2.54156e-02,2.26676e-03,8.48204e-03,7.92700e-03,1.89483e-02,4.21232e-02,7.05460e-03,2.00415e-02,1.81086e-02
1.37297e-04,1.78298e-03,8.35477e-06,1.38062e-04,1.35624e-04,2.10260e-03,1.02698e-02,3.81163e-04,2.12974e-03,2.04874e-03,7.92700e-03,2.34565e-02,2.20284e-03,8.27951e-03,7.39659e-03,1.81086e-02,4.67976e-02,6.51604e-03,1.89483e-02,1.87233e-02
1.35624e-04,1.76900e-03,8.20134e-06,1.37297e-04,1.32057e-04,2.04874e-03,9.89084e-03,3.74562e-04,2.10260e-03,1.94872e-03,7.39659e-03,2.07537e-02,2.08990e-03,7.92700e-03,6.76274e-03,1.87233e-02,7.22742e-02,5.92635e-03,1.81086e-02,2.21568e-02
1.32057e-04,1.73827e-03,7.89377e-06,1.35624e-04,1.24680e-04,1.94872e-03,9.16122e-03,3.61924e-04,2.04874e-03,1.78015e-03,6.76274e-03,1.87424e-02,1.90589e-03,7.39659e-03,6.33147e-03,2.21568e-02,1.31655e-01,5.71010e-03,1.87233e-02,2.75722e-02
1.24680e-04,1.67204e-03,7.30322e-06,1.32057e-04,1.10039e-04,1.78015e-03,7.89048e-03,3.38794e-04,1.94872e-03,1.53818e-03,6.33147e-03,2.25134e-02,1.64032e-03,6.76274e-03,6.63540e-03,2.75722e-02,1.82635e-01,6.81415e-03,2.21568e-02,2.88199e-02
1.10039e-04,1.53194e-03,6.23290e-06,1.24680e-04,8.27055e-05,1.53818e-03,6.11209e-03,2.98592e-04,1.78015e-03,1.28625e-03,6.63540e-03,4.23666e-02,1.33812e-03,6.33147e-03,7.79570e-03,2.88199e-02,2.66258e-03,1.04111e-02,2.75722e-02,2.00900e-02
8.27055e-05,1.24222e-03,4.44493e-06,1.10039e-04,3.77595e-05,1.28625e-03,5.07296e-03,2.32753e-04,1.53818e-03,1.30200e-03,7.79570e-03,8.09039e-02,1.19750e-03,6.63540e-03,6.74961e-03,2.00900e-02,-9.56248e-01,1.55875e-02,2.88199e-02,-1.41914e-03
4.44493e-06,8.27055e-05,2.20233e-07,1.84395e-06,6.23290e-06,2.32752e-04,1.28619e-03,1.92307e-05,1.37344e-04,2.98591e-04,1.19686e-03,7.77846e-03,2.30092e-04,2.12427e-03,1.33772e-03,1.55556e-02,1.97040e-02,1.87816e-03,-4.37295e-03,1.03913e-02
6.23290e-06,1.10039e-04,3.20190e-07,4.44493e-06,7.30322e-06,2.98591e-04,1.53815e-03,2.61447e-05,2.32752e-04,3.38794e-04,1.33772e-03,6.62612e-03,2.79089e-04,1.19686e-03,1.64011e-03,1.03913e-02,2.85933e-02,1.63449e-03,1.55556e-02,6.80308e-03
7.30322e-06,1.24680e-04,3.85618e-07,6.23290e-06,7.89377e-06,3.38794e-04,1.78013e-03,3.04131e-05,2.98591e-04,3.61924e-04,1.64011e-03,6.32724e-03,3.29455e-04,1.33772e-03,1.90579e-03,6.80308e-03,2.74351e-02,1.54392e-03,1.03913e-02,5.70435e-03
7.89377e-06,1.32057e-04,4.24805e-07,7.30322e-06,8.20134e-06,3.61924e-04,1.94871e-03,3.28637e-05,3.38794e-04,3.74562e-04,1.90579e-03,6.76097e-03,3.68706e-04,1.64011e-03,2.08985e-03,5.70435e-03,2.20798e-02,1.61110e-03,6.80308e-03,5.92358e-03
8.20134e-06,1.35624e-04,4.46770e-07,7.89377e-06,8.35477e-06,3.74562e-04,2.04873e-03,3.41998e-05,3.61924e-04,3.81163e-04,2.08985e-03,7.39589e-03,3.94800e-04,1.90579e-03,2.20282e-03,5.92358e-03,1.86852e-02,1.75054e-03,5.70435e-03,6.51478e-03
8.35477e-06,1.37297e-04,4.58463e-07,8.20134e-06,8.42864e-06,3.81163e-04,2.10260e-03,3.48992e-05,3.74562e-04,3.84473e-04,2.20282e-03,7.92673e-03,4.10459e-04,2.08985e-03,2.26675e-03,6.51478e-03,1.80914e-02,1.88777e-03,5.92358e-03,7.05405e-03
8.42864e-06,1.38062e-04,4.64425e-07,8.35477e-06,8.46288e-06,3.84473e-04,2.12974e-03,3.52524e-05,3.81163e-04,3.86060e-04,2.26675e-03,8.27941e-03,4.19186e-04,2.20282e-03,2.30041e-03,7.05405e-03,1.89411e-02,1.99094e-03,6.51478e-03,7.42423e-03
8.46288e-06,1.38402e-04,4.67328e-07,8.42864e-06,8.47751e-06,3.86060e-04,2.14266e-03,3.54236e-05,3.84473e-04,3.86755e-04,2.30041e-03,8.48200e-03,4.23732e-04,2.26675e-03,2.31618e-03,7.42423e-03,2.00386e-02,2.05650e-03,7.05405e-03,7.62803e-03
8.47751e-06,1.38542e-04,4.68616e-07,8.46288e-06,8.48153e-06,3.86755e-04,2.14825e-03,3.54995e-05,3.86060e-04,3.86948e-04,2.31618e-03,8.58143e-03,4.25849e-04,2.30041e-03,2.32075e-03,7.62803e-03,2.08102e-02,2.09124e-03,7.42423e-03,7.69199e-03
8.48153e-06,1.38580e-04,4.68979e-07,8.47751e-06,8.47751e-06,3.86948e-04,2.14980e-03,3.55208e-05,3.86755e-04,3.86755e-04,2.32075e-03,8.61079e-03,4.26460e-04,2.31618e-03,2.31618e-03,7.69199e-03,2.10775e-02,2.10196e-03,7.62803e-03,7.62811e-03
8.47751e-06,1.38542e-04,4.68616e-07,8.48153e-06,8.46288e-06,3.86755e-04,2.14825e-03,3.54995e-05,3.86948e-04,3.86060e-04,2.31618e-03,8.58144e-03,4.25849e-04,2.32075e-03,2.30041e-03,7.62811e-03,2.08112e-02,2.09125e-03,7.69199e-03,7.42445e-03
8.46288e-06,1.38402e-04,4.67328e-07,8.47751e-06,8.42864e-06,3.86060e-04,2.14266e-03,3.54236e-05,3.86755e-04,3.84473e-04,2.30041e-03,8.48204e-03,4.23732e-04,2.31618e-03,2.26676e-03,7.42445e-03,2.00415e-02,2.05652e-03,7.62811e-03,7.05460e-03
8.42864e-06,1.38062e-04,4.64425e-07,8.46288e-06,8.35477e-06,3.84473e-04,2.12974e-03,3.52524e-05,3.86060e-04,3.81163e-04,2.26676e-03,8.27951e-03,4.19186e-04,2.30041e-03,2.20284e-03,7.05460e-03,1.89483e-02,1.99098e-03,7.42445e-03,6.51604e-03
8.35477e-06,1.37297e-04,4.58463e-07,8.42864e-06,8.20134e-06,3.81163e-04,2.10260e-03,3.48992e-05,3.84473e-04,3.74562e-04,2.20284e-03,7.92700e-03,4.10460e-04,2.26676e-03,2.08990e-03,6.51604e-03,1.81086e-02,1.88787e-03,7.05460e-03,5.92635e-03
8.20134e-06,1.35624e-04,4.46770e-07,8.35477e-06,7.89377e-06,3.74562e-04,2.04874e-03,3.41998e-05,3.81163e-04,3.61924e-04,2.08990e-03,7.39659e-03,3.94802e-04,2.20284e-03,1.90589e-03,5.92635e-03,1.87233e-02,1.75077e-03,6.51604e-03,5.71010e-03
7.89377e-06,1.32057e-04,4.24805e-07,8.20134e-06,7.30322e-06,3.61924e-04,1.94872e-03,3.28638e-05,3.74562e-04,3.38794e-04,1.90589e-03,6.76274e-03,3.68710e-04,2.08990e-03,1.64032e-03,5.71010e-03,2.21568e-02,1.61157e-03,5.92635e-03,6.81415e-03
7.30322e-06,1.24680e-04,3.85618e-07,7.89377e-06,6.23290e-06,3.38794e-04,1.78015e-03,3.04131e-05,3.61924e-04,2.98592e-04,1.64032e-03,6.33147e-03,3.29464e-04,1.90589e-03,1.33812e-03,6.81415e-03,2.75722e-02,1.54484e-03,5.71010e-03,1.04111e-02
6.23290e-06,1.10039e-04,3.20190e-07,7.30322e-06,4.44493e-06,2.98592e-04,1.53818e-03,2.61447e-05,3.38794e-04,2.32753e-04,1.33812e-03,6.63540e-03,2.79103e-04,1.64032e-03,1.19750e-03,1.04111e-02,2.88199e-02,1.63610e-03,6.81415e-03,1.55875e-02
4.44493e-06,8.27055e-05,2.20233e-07,6.23290e-06,1.84395e-06,2.32753e-04,1.28625e-03,1.92307e-05,2.98592e-04,1.37344e-04,1.19750e-03,7.79570e-03,2.30111e-04,1.33812e-03,2.12486e-03,1.55875e-02,2.00900e-02,1.88050e-03,1.04111e-02,-4.34488e-03
2.20233e-07,4.44493e-06,1.04775e-08,8.68491e-08,3.20190e-07,1.92307e-05,2.32752e-04,1.22211e-06,9.46882e-06,2.61447e-05,2.30092e-04,1.19686e-03,3.39043e-05,2.46217e-04,2.79089e-04,1.87816e-03,1.55556e-02,2.67145e-04,1.22293e-03,1.63449e-03
3.20190e-07,6.23290e-06,1.56159e-08,2.20233e-07,3.85618e-07,2.61447e-05,2.98591e-04,1.72979e-06,1.92307e-05,3.04131e-05,2.79089e-04,1.33772e-03,4.43748e-05,2.30092e-04,3.29455e-04,1.63449e-03,1.03913e-02,2.82843e-04,1.87816e-03,1.54392e-03
3.85618e-07,7.30322e-06,1.92192e-08,3.20190e-07,4.24805e-07,3.04131e-05,3.38794e-04,2.06337e-06,2.61447e-05,3.28637e-05,3.29455e-04,1.64011e-03,5.19079e-05,2.79089e-04,3.68706e-04,1.54392e-03,6.80308e-03,3.27707e-04,1.63449e-03,1.61110e-03
4.24805e-07,7.89377e-06,2.15306e-08,3.85618e-07,4.46770e-07,3.28637e-05,3.61924e-04,2.26467e-06,3.04131e-05,3.41998e-05,3.68706e-04,1.90579e-03,5.69179e-05,3.29455e-04,3.94800e-04,1.61110e-03,5.70435e-03,3.74617e-04,1.54392e-03,1.75054e-03
4.46770e-07,8.20134e-06,2.29133e-08,4.24805e-07,4.58463e-07,3.41998e-05,3.74562e-04,2.37889e-06,3.28637e-05,3.48992e-05,3.94800e-04,2.08985e-03,6.00198e-05,3.68706e-04,4.10459e-04,1.75054e-03,5.92358e-03,4.12746e-04,1.61110e-03,1.88777e-03
4.58463e-07,8.35477e-06,2.36953e-08,4.46770e-07,4.64425e-07,3.48992e-05,3.81163e-04,2.44071e-06,3.41998e-05,3.52524e-05,4.10459e-04,2.20282e-03,6.18257e-05,3.94800e-04,4.19186e-04,1.88777e-03,6.51478e-03,4.39695e-04,1.75054e-03,1.99094e-03
4.64425e-07,8.42864e-06,2.41166e-08,4.58463e-07,4.67328e-07,3.52524e-05,3.84473e-04,2.47286e-06,3.48992e-05,3.54236e-05,4.19186e-04,2.26675e-03,6.28216e-05,4.10459e-04,4.23732e-04,1.99094e-03,7.05405e-03,4.56923e-04,1.88777e-03,2.05650e-03
4.67328e-07,8.46288e-06,2.43320e-08,4.64425e-07,4.68616e-07,3.54236e-05,3.86060e-04,2.48883e-06,3.52524e-05,3.54995e-05,4.23732e-04,2.30041e-03,6.33400e-05,4.19186e-04,4.25849e-04,2.05650e-03,7.42423e-03,4.66964e-04,1.99094e-03,2.09124e-03
4.68616e-07,8.47751e-06,2.44313e-08,4.67328e-07,4.68979e-07,3.54995e-05,3.86755e-04,2.49605e-06,3.54236e-05,3.55208e-05,4.25849e-04,2.31618e-03,6.35821e-05,4.23732e-04,4.26460e-04,2.09124e-03,7.62803e-03,4.72048e-04,2.05650e-03,2.10196e-03
4.68979e-07,8.48153e-06,2.44598e-08,4.68616e-07,4.68616e-07,3.55208e-05,3.86948e-04,2.49810e-06,3.54995e-05,3.54995e-05,4.26460e-04,2.32075e-03,6.36523e-05,4.25849e-04,4.25849e-04,2.10196e-03,7.69199e-03,4.73585e-04,2.09124e-03,2.09125e-03
4.68616e-07,8.47751e-06,2.44313e-08,4.68979e-07,4.67328e-07,3.54995e-05,3.86755e-04,2.49605e-06,3.55208e-05,3.54236e-05,4.25849e-04,2.31618e-03,6.35821e-05,4.26460e-04,4.23732e-04,2.09125e-03,7.62811e-03,4.72048e-04,2.10196e-03,2.05652e-03
4.67328e-07,8.46288e-06,2.43320e-08,4.68616e-07,4.64425e-07,3.54236e-05,3.86060e-04,2.48883e-06,3.54995e-05,3.52524e-05,4.23732e-04,2.30041e-03,6.33400e-05,4.25849e-04,4.19186e-04,2.05652e-03,7.42445e-03,4.66965e-04,2.09125e-03,1.99098e-03
4.64425e-07,8.42864e-06,2.41166e-08,4.67328e-07,4.58463e-07,3.52524e-05,3.84473e-04,2.47286e-06,3.54236e-05,3.48992e-05,4.19186e-04,2.26676e-03,6.28217e-05,4.23732e-04,4.10460e-04,1.99098e-03,7.05460e-03,4.56926e-04,2.05652e-03,1.88787e-03
4.58463e-07,8.35477e-06,2.36954e-08,4.64425e-07,4.46770e-07,3.48992e-05,3.81163e-04,2.44071e-06,3.52524e-05,3.41998e-05,4.10460e-04,2.20284e-03,6.18258e-05,4.19186e-04,3.94802e-04,1.88787e-03,6.51604e-03,4.39702e-04,1.99098e-03,1.75077e-03
4.46770e-07,8.20134e-06,2.29134e-08,4.58463e-07,4.24805e-07,3.41998e-05,3.74562e-04,2.37889e-06,3.48992e-05,3.28638e-05,3.94802e-04,2.08990e-03,6.00199e-05,4.10460e-04,3.68710e-04,1.75077e-03,5.92635e-03,4.12761e-04,1.88787e-03,1.61157e-03
4.24805e-07,7.89377e-06,2.15306e-08,4.46770e-07,3.85618e-07,3.28638e-05,3.61924e-04,2.26467e-06,3.41998e-05,3.04131e-05,3.68710e-04,1.90589e-03,5.69181e-05,3.94802e-04,3.29464e-04,1.61157e-03,5.71010e-03,3.74646e-04,1.75077e-03,1.54484e-03
3.85618e-07,7.30322e-06,1.92192e-08,4.24805e-07,3.20190e-07,3.04131e-05,3.38794e-04,2.06337e-06,3.28638e-05,2.61447e-05,3.29464e-04,1.64032e-03,5.19082e-05,3.68710e-04,2.79103e-04,1.54484e-03,6.81415e-03,3.27761e-04,1.61157e-03,1.63610e-03
3.20190e-07,6.23290e-06,1.56159e-08,3.85618e-07,2.20233e-07,2.61447e-05,2.98592e-04,1.72979e-06,3.04131e-05,1.92307e-05,2.79103e-04,1.33812e-03,4.43753e-05,3.29464e-04,2.30111e-04,1.63610e-03,1.04111e-02,2.82929e-04,1.54484e-03,1.88050e-03
2.20233e-07,4.44493e-06,1.04775e-08,3.20190e-07,8.68492e-08,1.92307e-05,2.32753e-04,1.22211e-06,2.61447e-05,9.46883e-06,2.30111e-04,1.19750e-03,3.39049e-05,2.79103e-04,2.46230e-04,1.88050e-03,1.55875e-02,2.67254e-04,1.63610e-03,1.22508e-03
1.04775e-08,2.20233e-07,4.86673e-10,4.01173e-09,1.56159e-08,1.22211e-06,1.92307e-05,6.84605e-08,5.51377e-07,1.72979e-06,3.39043e-05,2.30092e-04,3.09786e-06,2.33170e-05,4.43748e-05,2.67145e-04,1.87816e-03,4.15212e-05,3.34169e-04,2.82843e-04
1.56159e-08,3.20190e-07,7.38179e-10,1.04775e-08,1.92192e-08,1.72979e-06,2.61447e-05,9.96763e-08,1.22211e-06,2.06337e-06,4.43748e-05,2.79089e-04,4.26112e-06,3.39043e-05,5.19079e-05,2.82843e-04,1.63449e-03,4.97318e-05,2.67145e-04,3.27707e-04
1.92192e-08,3.85618e-07,9.24101e-10,1.56159e-08,2.15306e-08,2.06337e-06,3.04131e-05,1.21467e-07,1.72979e-06,2.26467e-06,5.19079e-05,3.29455e-04,5.06702e-06,4.43748e-05,5.69179e-05,3.27707e-04,1.54392e-03,5.87384e-05,2.82843e-04,3.74617e-04
2.15306e-08,4.24805e-07,1.05024e-09,1.92192e-08,2.29133e-08,2.26467e-06,3.28637e-05,1.35377e-07,2.06337e-06,2.37889e-06,5.69179e-05,3.68706e-04,5.58553e-06,5.19079e-05,6.00198e-05,3.74617e-04,1.61110e-03,6.64256e-05,3.27707e-04,4.12746e-04
2.29133e-08,4.46770e-07,1.13004e-09,2.15306e-08,2.36953e-08,2.37889e-06,3.41998e-05,1.43679e-07,2.26467e-06,2.44071e-06,6.00198e-05,3.94800e-04,5.89989e-06,5.69179e-05,6.18257e-05,4.12746e-04,1.75054e-03,7.20727e-05,3.74617e-04,4.39695e-04
2.36953e-08,4.58463e-07,1.17766e-09,2.29133e-08,2.41166e-08,2.44071e-06,3.48992e-05,1.48377e-07,2.37889e-06,2.47286e-06,6.18257e-05,4.10459e-04,6.08117e-06,6.00198e-05,6.28216e-05,4.39695e-04,1.88777e-03,7.58130e-05,4.12746e-04,4.56923e-04
2.41166e-08,4.64425e-07,1.20464e-09,2.36953e-08,2.43320e-08,2.47286e-06,3.52524e-05,1.50917e-07,2.44071e-06,2.48883e-06,6.28216e-05,4.19186e-04,6.18105e-06,6.18257e-05,6.33400e-05,4.56923e-04,1.99094e-03,7.81001e-05,4.39695e-04,4.66964e-04
2.43320e-08,4.67328e-07,1.21906e-09,2.41166e-08,2.44313e-08,2.48883e-06,3.54236e-05,1.52223e-07,2.47286e-06,2.49605e-06,6.33400e-05,4.23732e-04,6.23325e-06,6.28216e-05,6.35821e-05,4.66964e-04,2.05650e-03,7.93937e-05,4.56923e-04,4.72048e-04
2.44313e-08,4.68616e-07,1.22595e-09,2.43320e-08,2.44598e-08,2.49605e-06,3.54995e-05,1.52829e-07,2.48883e-06,2.49810e-06,6.35821e-05,4.25849e-04,6.25779e-06,6.33400e-05,6.36523e-05,4.72048e-04,2.09124e-03,8.00366e-05,4.66964e-04,4.73585e-04
2.44598e-08,4.68979e-07,1.22797e-09,2.44313e-08,2.44313e-08,2.49810e-06,3.55208e-05,1.53004e-07,2.49605e-06,2.49605e-06,6.36523e-05,4.26460e-04,6.26493e-06,6.35821e-05,6.35821e-05,4.73585e-04,2.10196e-03,8.02293e-05,4.72048e-04,4.72048e-04
2.44313e-08,4.68616e-07,1.22595e-09,2.44598e-08,2.43320e-08,2.49605e-06,3.54995e-05,1.52829e-07,2.49810e-06,2.48883e-06,6.35821e-05,4.25849e-04,6.25779e-06,6.36523e-05,6.33400e-05,4.72048e-04,2.09125e-03,8.00367e-05,4.73585e-04,4.66965e-04
2.43320e-08,4.67328e-07,1.21906e-09,2.44313e-08,2.41166e-08,2.48883e-06,3.54236e-05,1.52223e-07,2.49605e-06,2.47286e-06,6.33400e-05,4.23732e-04,6.23325e-06,6.35821e-05,6.28217e-05,4.66965e-04,2.05652e-03,7.93938e-05,4.72048e-04,4.56926e-04
2.41166e-08,4.64425e-07,1.20464e-09,2.43320e-08,2.36954e-08,2.47286e-06,3.52524e-05,1.50917e-07,2.48883e-06,2.44071e-06,6.28217e-05,4.19186e-04,6.18105e-06,6.33400e-05,6.18258e-05,4.56926e-04,1.99098e-03,7.81003e-05,4.66965e-04,4.39702e-04
2.36954e-08,4.58463e-07,1.17766e-09,2.41166e-08,2.29134e-08,2.44071e-06,3.48992e-05,1.48377e-07,2.47286e-06,2.37889e-06,6.18258e-05,4.10460e-04,6.08117e-06,6.28217e-05,6.00199e-05,4.39702e-04,1.88787e-03,7.58134e-05,4.56926e-04,4.12761e-04
2.29134e-08,4.46770e-07,1.13004e-09,2.36954e-08,2.15306e-08,2.37889e-06,3.41998e-05,1.43679e-07,2.44071e-06,2.26467e-06,6.00199e-05,3.94802e-04,5.89989e-06,6.18258e-05,5.69181e-05,4.12761e-04,1.75077e-03,7.20735e-05,4.39702e-04,3.74646e-04
2.15306e-08,4.24805e-07,1.05025e-09,2.29134e-08,1.92192e-08,2.26467e-06,3.28638e-05,1.35377e-07,2.37889e-06,2.06337e-06,5.69181e-05,3.68710e-04,5.58553e-06,6.00199e-05,5.19082e-05,3.74646e-04,1.61157e-03,6.64272e-05,4.12761e-04,3.27761e-04
1.92192e-08,3.85618e-07,9.24102e-10,2.15306e-08,1.56159e-08,2.06337e-06,3.04131e-05,1.21467e-07,2.26467e-06,1.72979e-06,5.19082e-05,3.29464e-04,5.06703e-06,5.69181e-05,4.43753e-05,3.27761e-04,1.54484e-03,5.87410e-05,3.74646e-04,2.82929e-04
1.56159e-08,3.20190e-07,7.38181e-10,1.92192e-08,1.04775e-08,1.72979e-06,2.61447e-05,9.96763e-08,2.06337e-06,1.22211e-06,4.43753e-05,2.79103e-04,4.26113e-06,5.19082e-05,3.39049e-05,2.82929e-04,1.63610e-03,4.97355e-05,3.27761e-04,2.67254e-04
1.04775e-08,2.20233e-07,4.86674e-10,1.56159e-08,4.01174e-09,1.22211e-06,1.92307e-05,6.84605e-08,1.72979e-06,5.51377e-07,3.39049e-05,2.30111e-04,3.09788e-06,4.43753e-05,2.33173e-05,2.67254e-04,1.88050e-03,4.15253e-05,2.82929e-04,3.34245e-04
4.86673e-10,1.04775e-08,2.22523e-11,1.82840e-10,7.38179e-10,6.84605e-08,1.22211e-06,3.56795e-09,2.94178e-08,9.96763e-08,3.09786e-06,3.39043e-05,2.21166e-07,1.74002e-06,4.26112e-06,4.15212e-05,2.67145e-04,5.38574e-06,4.10436e-05,4.97318e-05
7.38179e-10,1.56159e-08,3.41872e-11,4.86673e-10,9.24101e-10,9.96763e-08,1.72979e-06,5.30064e-09,6.84605e-08,1.21467e-07,4.26112e-06,4.43748e-05,3.14663e-07,3.09786e-06,5.06702e-06,4.97318e-05,2.82843e-04,7.02559e-06,4.15212e-05,5.87384e-05
9.24101e-10,1.92192e-08,4.33767e-11,7.38179e-10,1.05024e-09,1.21467e-07,2.06337e-06,6.57304e-09,9.96763e-08,1.35377e-07,5.06702e-06,5.19079e-05,3.81163e-07,4.26112e-06,5.58553e-06,5.87384e-05,3.27707e-04,8.35357e-06,4.97318e-05,6.64256e-05
1.05024e-09,2.15306e-08,4.99028e-11,9.24101e-10,1.13004e-09,1.35377e-07,2.26467e-06,7.42830e-09,1.21467e-07,1.43679e-07,5.58553e-06,5.69179e-05,4.24802e-07,5.06702e-06,5.89989e-06,6.64256e-05,3.74617e-04,9.33615e-06,5.87384e-05,7.20727e-05
1.13004e-09,2.29133e-08,5.42313e-11,1.05024e-09,1.17766e-09,1.43679e-07,2.37889e-06,7.96455e-09,1.35377e-07,1.48377e-07,5.89989e-06,6.00198e-05,4.51697e-07,5.58553e-06,6.08117e-06,7.20727e-05,4.12746e-04,1.00073e-05,6.64256e-05,7.58130e-05
1.17766e-09,2.36953e-08,5.69381e-11,1.13004e-09,1.20464e-09,1.48377e-07,2.44071e-06,8.28228e-09,1.43679e-07,1.50917e-07,6.08117e-06,6.18257e-05,4.67445e-07,5.89989e-06,6.18105e-06,7.58130e-05,4.39695e-04,1.04349e-05,7.20727e-05,7.81001e-05
1.20464e-09,2.41166e-08,5.85415e-11,1.17766e-09,1.21906e-09,1.50917e-07,2.47286e-06,8.46139e-09,1.48377e-07,1.52223e-07,6.18105e-06,6.28216e-05,4.76251e-07,6.08117e-06,6.23325e-06,7.81001e-05,4.56923e-04,1.06909e-05,7.58130e-05,7.93937e-05
1.21906e-09,2.43320e-08,5.94337e-11,1.20464e-09,1.22595e-09,1.52223e-07,2.48883e-06,8.55686e-09,1.50917e-07,1.52829e-07,6.23325e-06,6.33400e-05,4.80921e-07,6.18105e-06,6.25779e-06,7.93937e-05,4.66964e-04,1.08341e-05,7.81001e-05,8.00366e-05
1.22595e-09,2.44313e-08,5.98739e-11,1.21906e-09,1.22797e-09,1.52829e-07,2.49605e-06,8.60243e-09,1.52223e-07,1.53004e-07,6.25779e-06,6.35821e-05,4.83143e-07,6.23325e-06,6.26493e-06,8.00366e-05,4.72048e-04,1.09050e-05,7.93937e-05,8.02293e-05
1.22797e-09,2.44598e-08,6.00055e-11,1.22595e-09,1.22595e-09,1.53004e-07,2.49810e-06,8.61581e-09,1.52829e-07,1.52829e-07,6.26493e-06,6.36523e-05,4.83794e-07,6.25779e-06,6.25779e-06,8.02293e-05,4.73585e-04,1.09261e-05,8.00366e-05,8.00367e-05
1.22595e-09,2.44313e-08,5.98739e-11,1.22797e-09,1.21906e-09,1.52829e-07,2.49605e-06,8.60244e-09,1.53004e-07,1.52223e-07,6.25779e-06,6.35821e-05,4.83143e-07,6.26493e-06,6.23325e-06,8.00367e-05,4.72048e-04,1.09050e-05,8.02293e-05,7.93938e-05
1.21906e-09,2.43320e-08,5.94338e-11,1.22595e-09,1.20464e-09,1.52223e-07,2.48883e-06,8.55687e-09,1.52829e-07,1.50917e-07,6.23325e-06,6.33400e-05,4.80921e-07,6.25779e-06,6.18105e-06,7.93938e-05,4.66965e-04,1.08342e-05,8.00367e-05,7.81003e-05
1.20464e-09,2.41166e-08,5.85416e-11,1.21906e-09,1.17766e-09,1.50917e-07,2.47286e-06,8.46140e-09,1.52223e-07,1.48377e-07,6.18105e-06,6.28217e-05,4.76251e-07,6.23325e-06,6.08117e-06,7.81003e-05,4.56926e-04,1.06909e-05,7.93938e-05,7.58134e-05
1.17766e-09,2.36954e-08,5.69382e-11,1.20464e-09,1.13004e-09,1.48377e-07,2.44071e-06,8.28229e-09,1.50917e-07,1.43679e-07,6.08117e-06,6.18258e-05,4.67445e-07,6.18105e-06,5.89989e-06,7.58134e-05,4.39702e-04,1.04349e-05,7.81003e-05,7.20735e-05
1.13004e-09,2.29134e-08,5.42314e-11,1.17766e-09,1.05025e-09,1.43679e-07,2.37889e-06,7.96455e-09,1.48377e-07,1.35377e-07,5.89989e-06,6.00199e-05,4.51698e-07,6.08117e-06,5.58553e-06,7.20735e-05,4.12761e-04,1.00073e-05,7.58134e-05,6.64272e-05
1.05025e-09,2.15306e-08,4.99029e-11,1.13004e-09,9.24102e-10,1.35377e-07,2.26467e-06,7.42830e-09,1.43679e-07,1.21467e-07,5.58553e-06,5.69181e-05,4.24802e-07,5.89989e-06,5.06703e-06,6.64272e-05,3.74646e-04,9.33622e-06,7.20735e-05,5.87410e-05
9.24102e-10,1.92192e-08,4.33768e-11,1.05025e-09,7.38181e-10,1.21467e-07,2.06337e-06,6.57304e-09,1.35377e-07,9.96763e-08,5.06703e-06,5.19082e-05,3.81163e-07,5.58553e-06,4.26113e-06,5.87410e-05,3.27761e-04,8.35368e-06,6.64272e-05,4.97355e-05
7.38181e-10,1.56159e-08,3.41874e-11,9.24102e-10,4.86674e-10,9.96763e-08,1.72979e-06,5.30064e-09,1.21467e-07,6.84605e-08,4.26113e-06,4.43753e-05,3.14663e-07,5.06703e-06,3.09788e-06,4.97355e-05,2.82929e-04,7.02574e-06,5.87410e-05,4.15253e-05
4.86674e-10,1.04775e-08,2.22524e-11,7.38181e-10,1.82841e-10,6.84605e-08,1.22211e-06,3.56796e-09,9.96763e-08,2.94178e-08,3.09788e-06,3.39049e-05,2.21166e-07,4.26113e-06,1.74003e-06,4.15253e-05,2.67254e-04,5.38588e-06,4.97355e-05,4.10459e-05
2.22523e-11,4.86673e-10,1.00612e-12,8.24965e-12,3.41872e-11,3.56795e-09,6.84605e-08,1.77612e-10,1.48782e-09,5.30064e-09,2.21166e-07,3.09786e-06,1.37063e-08,1.11567e-07,3.14663e-07,5.38574e-06,4.15212e-05,5.13718e-07,3.92356e-06,7.02559e-06
3.41872e-11,7.38179e-10,1.56079e-12,2.22523e-11,4.33767e-11,5.30064e-09,9.96763e-08,2.67797e-10,3.56795e-09,6.57304e-09,3.14663e-07,4.26112e-06,1.99722e-08,2.21166e-07,3.81163e-07,7.02559e-06,4.97318e-05,7.05142e-07,5.38574e-06,8.35357e-06
4.33767e-11,9.24101e-10,2.00171e-12,3.41872e-11,4.99028e-11,6.57304e-09,1.21467e-07,3.36793e-10,5.30064e-09,7.42830e-09,3.81163e-07,5.06702e-06,2.45958e-08,3.14663e-07,4.24802e-07,8.35357e-06,5.87384e-05,8.50498e-07,7.02559e-06,9.33615e-06
4.99028e-11,1.05024e-09,2.32674e-12,4.33767e-11,5.42313e-11,7.42830e-09,1.35377e-07,3.85279e-10,6.57304e-09,7.96455e-09,4.24802e-07,5.58553e-06,2.77364e-08,3.81163e-07,4.51697e-07,9.33615e-06,6.64256e-05,9.52973e-07,8.35357e-06,1.00073e-05
5.42313e-11,1.13004e-09,2.55111e-12,4.99028e-11,5.69381e-11,7.96455e-09,1.43679e-07,4.17071e-10,7.42830e-09,8.28228e-09,4.51697e-07,5.89989e-06,2.97336e-08,4.24802e-07,4.67445e-07,1.00073e-05,7.20727e-05,1.02080e-06,9.33615e-06,1.04349e-05
5.69381e-11,1.17766e-09,2.69721e-12,5.42313e-11,5.85415e-11,8.28228e-09,1.48377e-07,4.36740e-10,7.96455e-09,8.46139e-09,4.67445e-07,6.08117e-06,3.09365e-08,4.51697e-07,4.76251e-07,1.04349e-05,7.58130e-05,1.06324e-06,1.00073e-05,1.06909e-05
5.85415e-11,1.20464e-09,2.78721e-12,5.69381e-11,5.94337e-11,8.46139e-09,1.50917e-07,4.48283e-10,8.28228e-09,8.55686e-09,4.76251e-07,6.18105e-06,3.16266e-08,4.67445e-07,4.80921e-07,1.06909e-05,7.81001e-05,1.08844e-06,1.04349e-05,1.08341e-05
5.94337e-11,1.21906e-09,2.83911e-12,5.85415e-11,5.98739e-11,8.55686e-09,1.52223e-07,4.54659e-10,8.46139e-09,8.60243e-09,4.80921e-07,6.23325e-06,3.20007e-08,4.76251e-07,4.83143e-07,1.08341e-05,7.93937e-05,1.10250e-06,1.06909e-05,1.09050e-05
5.98739e-11,1.22595e-09,2.86544e-12,5.94337e-11,6.00055e-11,8.60243e-09,1.52829e-07,4.57789e-10,8.55686e-09,8.61581e-09,4.83143e-07,6.25779e-06,3.21819e-08,4.80921e-07,4.83794e-07,1.09050e-05,8.00366e-05,1.10946e-06,1.08341e-05,1.09261e-05
6.00055e-11,1.22797e-09,2.87344e-12,5.98739e-11,5.98739e-11,8.61581e-09,1.53004e-07,4.58722e-10,8.60243e-09,8.60244e-09,4.83794e-07,6.26493e-06,3.22355e-08,4.83143e-07,4.83143e-07,1.09261e-05,8.02293e-05,1.11154e-06,1.09050e-05,1.09050e-05
5.98739e-11,1.22595e-09,2.86544e-12,6.00055e-11,5.94338e-11,8.60244e-09,1.52829e-07,4.57789e-10,8.61581e-09,8.55687e-09,4.83143e-07,6.25779e-06,3.21819e-08,4.83794e-07,4.80921e-07,1.09050e-05,8.00367e-05,1.10946e-06,1.09261e-05,1.08342e-05
5.94338e-11,1.21906e-09,2.83911e-12,5.98739e-11,5.85416e-11,8.55687e-09,1.52223e-07,4.54659e-10,8.60244e-09,8.46140e-09,4.80921e-07,6.23325e-06,3.20007e-08,4.83143e-07,4.76251e-07,1.08342e-05,7.93938e-05,1.10251e-06,1.09050e-05,1.06909e-05
5.85416e-11,1.20464e-09,2.78722e-12,5.94338e-11,5.69382e-11,8.46140e-09,1.50917e-07,4.48283e-10,8.55687e-09,8.28229e-09,4.76251e-07,6.18105e-06,3.16266e-08,4.80921e-07,4.67445e-07,1.06909e-05,7.81003e-05,1.08844e-06,1.08342e-05,1.04349e-05
5.69382e-11,1.17766e-09,2.69722e-12,5.85416e-11,5.42314e-11,8.28229e-09,1.48377e-07,4.36740e-10,8.46140e-09,7.96455e-09,4.67445e-07,6.08117e-06,3.09365e-08,4.76251e-07,4.51698e-07,1.04349e-05,7.58134e-05,1.06324e-06,1.06909e-05,1.00073e-05
5.42314e-11,1.13004e-09,2.55112e-12,5.69382e-11,4.99029e-11,7.96455e-09,1.43679e-07,4.17072e-10,8.28229e-09,7.42830e-09,4.51698e-07,5.89989e-06,2.97336e-08,4.67445e-07,4.24802e-07,1.00073e-05,7.20735e-05,1.02080e-06,1.04349e-05,9.33622e-06
4.99029e-11,1.05025e-09,2.32676e-12,5.42314e-11,4.33768e-11,7.42830e-09,1.35377e-07,3.85279e-10,7.96455e-09,6.57304e-09,4.24802e-07,5.58553e-06,2.77364e-08,4.51698e-07,3.81163e-07,9.33622e-06,6.64272e-05,9.52976e-07,1.00073e-05,8.35368e-06
4.33768e-11,9.24102e-10,2.00172e-12,4.99029e-11,3.41874e-11,6.57304e-09,1.21467e-07,3.36794e-10,7.42830e-09,5.30064e-09,3.81163e-07,5.06703e-06,2.45958e-08,4.24802e-07,3.14663e-07,8.35368e-06,5.87410e-05,8.50502e-07,9.33622e-06,7.02574e-06
3.41874e-11,7.38181e-10,1.56080e-12,4.33768e-11,2.22524e-11,5.30064e-09,9.96763e-08,2.67797e-10,6.57304e-09,3.56796e-09,3.14663e-07,4.26113e-06,1.99722e-08,3.81163e-07,2.21166e-07,7.02574e-06,4.97355e-05,7.05147e-07,8.35368e-06,5.38588e-06
2.22524e-11,4.86674e-10,1.00612e-12,3.41874e-11,8.24971e-12,3.56796e-09,6.84605e-08,1.77612e-10,5.30064e-09,1.48782e-09,2.21166e-07,3.09788e-06,1.37063e-08,3.14663e-07,1.11567e-07,5.38588e-06,4.15253e-05,5.13723e-07,7.02574e-06,3.92363e-06
1.00612e-12,2.22523e-11,4.51102e-14,3.69313e-13,1.56079e-12,1.77612e-10,3.56795e-09,8.56911e-12,7.25964e-11,2.67797e-10,1.37063e-08,2.21166e-07,7.76595e-10,6.48409e-09,1.99722e-08,5.13718e-07,5.38574e-06,3.96527e-08,3.10088e-07,7.05142e-07
1.56079e-12,3.41872e-11,7.05097e-14,1.00612e-12,2.00171e-12,2.67797e-10,5.30064e-09,1.30654e-11,1.77612e-10,3.36793e-10,1.99722e-08,3.14663e-07,1.15157e-09,1.37063e-08,2.45958e-08,7.05142e-07,7.02559e-06,5.62621e-08,5.13718e-07,8.50498e-07
2.00171e-12,4.33767e-11,9.12193e-14,1.56079e-12,2.32674e-12,3.36793e-10,6.57304e-09,1.66204e-11,2.67797e-10,3.85279e-10,2.45958e-08,3.81163e-07,1.43806e-09,1.99722e-08,2.77364e-08,8.50498e-07,8.35357e-06,6.88865e-08,7.05142e-07,9.52973e-07
2.32674e-12,4.99028e-11,1.06962e-13,2.00171e-12,2.55111e-12,3.85279e-10,7.42830e-09,1.92144e-11,3.36793e-10,4.17071e-10,2.77364e-08,4.24802e-07,1.63981e-09,2.45958e-08,2.97336e-08,9.52973e-07,9.33615e-06,7.77840e-08,8.50498e-07,1.02080e-06
2.55111e-12,5.42313e-11,1.18202e-13,2.32674e-12,2.69721e-12,4.17071e-10,7.96455e-09,2.09834e-11,3.85279e-10,4.36740e-10,2.97336e-08,4.51697e-07,1.77267e-09,2.77364e-08,3.09365e-08,1.02080e-06,1.00073e-05,8.36768e-08,9.52973e-07,1.06324e-06
2.69721e-12,5.69381e-11,1.25781e-13,2.55111e-12,2.78721e-12,4.36740e-10,8.28228e-09,2.21214e-11,4.17071e-10,4.48283e-10,3.09365e-08,4.67445e-07,1.85538e-09,2.97336e-08,3.16266e-08,1.06324e-06,1.04349e-05,8.73754e-08,1.02080e-06,1.08844e-06
2.78721e-12,5.85415e-11,1.30612e-13,2.69721e-12,2.83911e-12,4.48283e-10,8.46139e-09,2.28146e-11,4.36740e-10,4.54659e-10,3.16266e-08,4.76251e-07,1.90427e-09,3.09365e-08,3.20007e-08,1.08844e-06,1.06909e-05,8.95826e-08,1.06324e-06,1.10250e-06
2.83911e-12,5.94337e-11,1.33485e-13,2.78721e-12,2.86544e-12,4.54659e-10,8.55686e-09,2.32104e-11,4.48283e-10,4.57789e-10,3.20007e-08,4.80921e-07,1.93148e-09,3.16266e-08,3.21819e-08,1.10250e-06,1.08341e-05,9.08221e-08,1.08844e-06,1.10946e-06
2.86544e-12,5.98739e-11,1.34980e-13,2.83911e-12,2.87344e-12,4.57789e-10,8.60243e-09,2.34099e-11,4.54659e-10,4.58722e-10,3.21819e-08,4.83143e-07,1.94493e-09,3.20007e-08,3.22355e-08,1.10946e-06,1.09050e-05,9.14391e-08,1.10250e-06,1.11154e-06
2.87344e-12,6.00055e-11,1.35440e-13,2.86544e-12,2.86544e-12,4.58722e-10,8.61581e-09,2.34702e-11,4.57789e-10,4.57789e-10,3.22355e-08,4.83794e-07,1.94896e-09,3.21819e-08,3.21819e-08,1.11154e-06,1.09261e-05,9.16245e-08,1.10946e-06,1.10946e-06
2.86544e-12,5.98739e-11,1.34980e-13,2.87344e-12,2.83911e-12,4.57789e-10,8.60244e-09,2.34099e-11,4.58722e-10,4.54659e-10,3.21819e-08,4.83143e-07,1.94493e-09,3.22355e-08,3.20007e-08,1.10946e-06,1.09050e-05,9.14391e-08,1.11154e-06,1.10251e-06
2.83911e-12,5.94338e-11,1.33485e-13,2.86544e-12,2.78722e-12,4.54659e-10,8.55687e-09,2.32104e-11,4.57789e-10,4.48283e-10,3.20007e-08,4.80921e-07,1.93148e-09,3.21819e-08,3.16266e-08,1.10251e-06,1.08342e-05,9.08222e-08,1.10946e-06,1.08844e-06
2.78722e-12,5.85416e-11,1.30612e-13,2.83911e-12,2.69722e-12,4.48283e-10,8.46140e-09,2.28146e-11,4.54659e-10,4.36740e-10,3.16266e-08,4.76251e-07,1.90427e-09,3.20007e-08,3.09365e-08,1.08844e-06,1.06909e-05,8.95826e-08,1.10251e-06,1.06324e-06
2.69722e-12,5.69382e-11,1.25781e-13,2.78722e-12,2.55112e-12,4.36740e-10,8.28229e-09,2.21214e-11,4.48283e-10,4.17072e-10,3.09365e-08,4.67445e-07,1.85538e-09,3.16266e-08,2.97336e-08,1.06324e-06,1.04349e-05,8.73755e-08,1.08844e-06,1.02080e-06
2.55112e-12,5.42314e-11,1.18202e-13,2.69722e-12,2.32676e-12,4.17072e-10,7.96455e-09,2.09834e-11,4.36740e-10,3.85279e-10,2.97336e-08,4.51698e-07,1.77268e-09,3.09365e-08,2.77364e-08,1.02080e-06,1.00073e-05,8.36768e-08,1.06324e-06,9.52976e-07
2.32676e-12,4.99029e-11,1.06963e-13,2.55112e-12,2.00172e-12,3.85279e-10,7.42830e-09,1.92144e-11,4.17072e-10,3.36794e-10,2.77364e-08,4.24802e-07,1.63981e-09,2.97336e-08,2.45958e-08,9.52976e-07,9.33622e-06,7.77841e-08,1.02080e-06,8.50502e-07
2.00172e-12,4.33768e-11,9.12201e-14,2.32676e-12,1.56080e-12,3.36794e-10,6.57304e-09,1.66205e-11,3.85279e-10,2.67797e-10,2.45958e-08,3.81163e-07,1.43806e-09,2.77364e-08,1.99722e-08,8.50502e-07,8.35368e-06,6.88866e-08,9.52976e-07,7.05147e-07
1.56080e-12,3.41874e-11,7.05105e-14,2.00172e-12,1.00612e-12,2.67797e-10,5.30064e-09,1.30654e-11,3.36794e-10,1.77612e-10,1.99722e-08,3.14663e-07,1.15157e-09,2.45958e-08,1.37063e-08,7.05147e-07,7.02574e-06,5.62623e-08,8.50502e-07,5.13723e-07
1.00612e-12,2.22524e-11,4.51107e-14,1.56080e-12,3.69317e-13,1.77612e-10,3.56796e-09,8.56913e-12,2.67797e-10,7.25966e-11,1.37063e-08,2.21166e-07,7.76596e-10,1.99722e-08,6.48410e-09,5.13723e-07,5.38588e-06,3.96529e-08,7.05147e-07,3.10090e-07
4.51102e-14,1.00612e-12,2.00936e-15,1.64303e-14,7.05097e-14,8.56911e-12,1.77612e-10,4.04255e-13,3.45323e-12,1.30654e-11,7.76595e-10,1.37063e-08,4.14029e-11,3.52360e-10,1.15157e-09,3.96527e-08,5.13718e-07,2.66003e-09,2.13490e-08,5.62621e-08
7.05097e-14,1.56079e-12,3.15974e-15,4.51102e-14,9.12193e-14,1.30654e-11,2.67797e-10,6.21739e-13,8.56911e-12,1.66204e-11,1.15157e-09,1.99722e-08,6.22073e-11,7.76595e-10,1.43806e-09,5.62621e-08,7.05142e-07,3.86251e-09,3.96527e-08,6.88865e-08
9.12193e-14,2.00171e-12,4.11718e-15,7.05097e-14,1.06962e-13,1.66204e-11,3.36793e-10,7.98342e-13,1.30654e-11,1.92144e-11,1.43806e-09,2.45958e-08,7.85892e-11,1.15157e-09,1.63981e-09,6.88865e-08,8.50498e-07,4.79356e-09,5.62621e-08,7.77840e-08
1.06962e-13,2.32674e-12,4.86379e-15,9.12193e-14,1.18202e-13,1.92144e-11,3.85279e-10,9.31334e-13,1.66204e-11,2.09834e-11,1.63981e-09,2.77364e-08,9.05170e-11,1.43806e-09,1.77267e-09,7.77840e-08,9.52973e-07,5.46165e-09,6.88865e-08,8.36768e-08
1.18202e-13,2.55111e-12,5.41229e-15,1.06962e-13,1.25781e-13,2.09834e-11,4.17071e-10,1.02517e-12,1.92144e-11,2.21214e-11,1.77267e-09,2.97336e-08,9.86440e-11,1.63981e-09,1.85538e-09,8.36768e-08,1.02080e-06,5.91164e-09,7.77840e-08,8.73754e-08
1.25781e-13,2.69721e-12,5.79342e-15,1.18202e-13,1.30612e-13,2.21214e-11,4.36740e-10,1.08767e-12,2.09834e-11,2.28146e-11,1.85538e-09,3.09365e-08,1.03873e-10,1.77267e-09,1.90427e-09,8.73754e-08,1.06324e-06,6.19864e-09,8.36768e-08,8.95826e-08
1.30612e-13,2.78721e-12,6.04369e-15,1.25781e-13,1.33485e-13,2.28146e-11,4.48283e-10,1.12704e-12,2.21214e-11,2.32104e-11,1.90427e-09,3.16266e-08,1.07061e-10,1.85538e-09,1.93148e-09,8.95826e-08,1.08844e-06,6.37251e-09,8.73754e-08,9.08221e-08
1.33485e-13,2.83911e-12,6.19663e-15,1.30612e-13,1.34980e-13,2.32104e-11,4.54659e-10,1.15021e-12,2.28146e-11,2.34099e-11,1.93148e-09,3.20007e-08,1.08885e-10,1.90427e-09,1.94493e-09,9.08221e-08,1.10250e-06,6.47151e-09,8.95826e-08,9.14391e-08
1.34980e-13,2.86544e-12,6.27788e-15,1.33485e-13,1.35440e-13,2.34099e-11,4.57789e-10,1.16217e-12,2.32104e-11,2.34702e-11,1.94493e-09,3.21819e-08,1.09805e-10,1.93148e-09,1.94896e-09,9.14391e-08,1.10946e-06,6.52132e-09,9.08221e-08,9.16245e-08
1.35440e-13,2.87344e-12,6.30321e-15,1.34980e-13,1.34980e-13,2.34702e-11,4.58722e-10,1.16583e-12,2.34099e-11,2.34099e-11,1.94896e-09,3.22355e-08,1.10084e-10,1.94493e-09,1.94493e-09,9.16245e-08,1.11154e-06,6.53639e-09,9.14391e-08,9.14391e-08
1.34980e-13,2.86544e-12,6.27789e-15,1.35440e-13,1.33485e-13,2.34099e-11,4.57789e-10,1.16217e-12,2.34702e-11,2.32104e-11,1.94493e-09,3.21819e-08,1.09805e-10,1.94896e-09,1.93148e-09,9.14391e-08,1.10946e-06,6.52132e-09,9.16245e-08,9.08222e-08
1.33485e-13,2.83911e-12,6.19664e-15,1.34980e-13,1.30612e-13,2.32104e-11,4.54659e-10,1.15021e-12,2.34099e-11,2.28146e-11,1.93148e-09,3.20007e-08,1.08885e-10,1.94493e-09,1.90427e-09,9.08222e-08,1.10251e-06,6.47151e-09,9.14391e-08,8.95826e-08
1.30612e-13,2.78722e-12,6.04372e-15,1.33485e-13,1.25781e-13,2.28146e-11,4.48283e-10,1.12704e-12,2.32104e-11,2.21214e-11,1.90427e-09,3.16266e-08,1.07061e-10,1.93148e-09,1.85538e-09,8.95826e-08,1.08844e-06,6.37251e-09,9.08222e-08,8.73755e-08
1.25781e-13,2.69722e-12,5.79346e-15,1.30612e-13,1.18202e-13,2.21214e-11,4.36740e-10,1.08767e-12,2.28146e-11,2.09834e-11,1.85538e-09,3.09365e-08,1.03873e-10,1.90427e-09,1.77268e-09,8.73755e-08,1.06324e-06,6.19864e-09,8.95826e-08,8.36768e-08
1.18202e-13,2.55112e-12,5.41233e-15,1.25781e-13,1.06963e-13,2.09834e-11,4.17072e-10,1.02518e-12,2.21214e-11,1.92144e-11,1.77268e-09,2.97336e-08,9.86440e-11,1.85538e-09,1.63981e-09,8.36768e-08,1.02080e-06,5.91165e-09,8.73755e-08,7.77841e-08
1.06963e-13,2.32676e-12,4.86384e-15,1.18202e-13,9.12201e-14,1.92144e-11,3.85279e-10,9.31336e-13,2.09834e-11,1.66205e-11,1.63981e-09,2.77364e-08,9.05171e-11,1.77268e-09,1.43806e-09,7.77841e-08,9.52976e-07,5.46165e-09,8.36768e-08,6.88866e-08
9.12201e-14,2.00172e-12,4.11723e-15,1.06963e-13,7.05105e-14,1.66205e-11,3.36794e-10,7.98345e-13,1.92144e-11,1.30654e-11,1.43806e-09,2.45958e-08,7.85893e-11,1.63981e-09,1.15157e-09,6.88866e-08,8.50502e-07,4.79357e-09,7.77841e-08,5.62623e-08
7.05105e-14,1.56080e-12,3.15979e-15,9.12201e-14,4.51107e-14,1.30654e-11,2.67797e-10,6.21742e-13,1.66205e-11,8.56913e-12,1.15157e-09,1.99722e-08,6.22074e-11,1.43806e-09,7.76596e-10,5.62623e-08,7.05147e-07,3.86252e-09,6.88866e-08,3.96529e-08
4.51107e-14,1.00612e-12,2.00939e-15,7.05105e-14,1.64305e-14,8.56913e-12,1.77612e-10,4.04257e-13,1.30654e-11,3.45324e-12,7.76596e-10,1.37063e-08,4.14029e-11,1.15157e-09,3.52361e-10,3.96529e-08,5.13723e-07,2.66004e-09,5.62623e-08,2.13491e-08
2.00936e-15,4.51102e-14,8.90336e-17,7.27264e-16,3.15974e-15,4.04255e-13,8.56911e-12,1.87552e-14,1.61205e-13,6.21739e-13,4.14029e-11,7.76595e-10,2.11345e-12,1.82500e-11,6.22073e-11,2.66003e-09,3.96527e-08,1.61979e-10,1.33046e-09,3.86251e-09
3.15974e-15,7.05097e-14,1.40699e-16,2.00936e-15,4.11718e-15,6.21739e-13,1.30654e-11,2.90449e-14,4.04255e-13,7.98342e-13,6.22073e-11,1.15157e-09,3.20795e-12,4.14029e-11,7.85892e-11,3.86251e-09,5.62621e-08,2.39216e-10,2.66003e-09,4.79356e-09
4.11718e-15,9.12193e-14,1.84430e-16,3.15974e-15,4.86379e-15,7.98342e-13,1.66204e-11,3.75843e-14,6.21739e-13,9.31334e-13,7.85892e-11,1.43806e-09,4.09201e-12,6.22073e-11,9.05170e-11,4.79356e-09,6.88865e-08,3.00349e-10,3.86251e-09,5.46165e-09
4.86379e-15,1.06962e-13,2.19267e-16,4.11718e-15,5.41229e-15,9.31334e-13,1.92144e-11,4.41883e-14,7.98342e-13,1.02517e-12,9.05170e-11,1.63981e-09,4.75498e-12,7.85892e-11,9.86440e-11,5.46165e-09,7.77840e-08,3.45257e-10,4.79356e-09,5.91164e-09
5.41229e-15,1.18202e-13,2.45491e-16,4.86379e-15,5.79342e-15,1.02517e-12,2.09834e-11,4.89870e-14,9.31334e-13,1.08767e-12,9.86440e-11,1.77267e-09,5.22102e-12,9.05170e-11,1.03873e-10,5.91164e-09,8.36768e-08,3.76217e-10,5.46165e-09,6.19864e-09
5.79342e-15,1.25781e-13,2.64190e-16,5.41229e-15,6.04369e-15,1.08767e-12,2.21214e-11,5.22819e-14,1.02517e-12,1.12704e-12,1.03873e-10,1.85538e-09,5.53038e-12,9.86440e-11,1.07061e-10,6.19864e-09,8.73754e-08,3.96407e-10,5.91164e-09,6.37251e-09
6.04369e-15,1.30612e-13,2.76789e-16,5.79342e-15,6.19663e-15,1.12704e-12,2.28146e-11,5.44201e-14,1.08767e-12,1.15021e-12,1.07061e-10,1.90427e-09,5.72472e-12,1.03873e-10,1.08885e-10,6.37251e-09,8.95826e-08,4.08894e-10,6.19864e-09,6.47151e-09
6.19663e-15,1.33485e-13,2.84670e-16,6.04369e-15,6.27788e-15,1.15021e-12,2.32104e-11,5.57131e-14,1.12704e-12,1.16217e-12,1.08885e-10,1.93148e-09,5.83888e-12,1.07061e-10,1.09805e-10,6.47151e-09,9.08221e-08,4.16135e-10,6.37251e-09,6.52132e-09
6.27788e-15,1.34980e-13,2.88936e-16,6.19663e-15,6.30321e-15,1.16217e-12,2.34099e-11,5.63945e-14,1.15021e-12,1.16583e-12,1.09805e-10,1.94493e-09,5.89772e-12,1.08885e-10,1.10084e-10,6.52132e-09,9.14391e-08,4.19830e-10,6.47151e-09,6.53639e-09
6.30321e-15,1.35440e-13,2.90279e-16,6.27788e-15,6.27789e-15,1.16583e-12,2.34702e-11,5.66059e-14,1.16217e-12,1.16217e-12,1.10084e-10,1.94896e-09,5.91575e-12,1.09805e-10,1.09805e-10,6.53639e-09,9.16245e-08,4.20957e-10,6.52132e-09,6.52132e-09
6.27789e-15,1.34980e-13,2.88936e-16,6.30321e-15,6.19664e-15,1.16217e-12,2.34099e-11,5.63945e-14,1.16583e-12,1.15021e-12,1.09805e-10,1.94493e-09,5.89772e-12,1.10084e-10,1.08885e-10,6.52132e-09,9.14391e-08,4.19830e-10,6.53639e-09,6.47151e-09
6.19664e-15,1.33485e-13,2.84671e-16,6.27789e-15,6.04372e-15,1.15021e-12,2.32104e-11,5.57131e-14,1.16217e-12,1.12704e-12,1.08885e-10,1.93148e-09,5.83889e-12,1.09805e-10,1.07061e-10,6.47151e-09,9.08222e-08,4.16135e-10,6.52132e-09,6.37251e-09
6.04372e-15,1.30612e-13,2.76790e-16,6.19664e-15,5.79346e-15,1.12704e-12,2.28146e-11,5.44202e-14,1.15021e-12,1.08767e-12,1.07061e-10,1.90427e-09,5.72473e-12,1.08885e-10,1.03873e-10,6.37251e-09,8.95826e-08,4.08894e-10,6.47151e-09,6.19864e-09
5.79346e-15,1.25781e-13,2.64192e-16,6.04372e-15,5.41233e-15,1.08767e-12,2.21214e-11,5.22820e-14,1.12704e-12,1.02518e-12,1.03873e-10,1.85538e-09,5.53038e-12,1.07061e-10,9.86440e-11,6.19864e-09,8.73755e-08,3.96407e-10,6.37251e-09,5.91165e-09
5.41233e-15,1.18202e-13,2.45493e-16,5.79346e-15,4.86384e-15,1.02518e-12,2.09834e-11,4.89872e-14,1.08767e-12,9.31336e-13,9.86440e-11,1.77268e-09,5.22103e-12,1.03873e-10,9.05171e-11,5.91165e-09,8.36768e-08,3.76217e-10,6.19864e-09,5.46165e-09
4.86384e-15,1.06963e-13,2.19269e-16,5.41233e-15,4.11723e-15,9.31336e-13,1.92144e-11,4.41885e-14,1.02518e-12,7.98345e-13,9.05171e-11,1.63981e-09,4.75499e-12,9.86440e-11,7.85893e-11,5.46165e-09,7.77841e-08,3.45257e-10,5.91165e-09,4.79357e-09
4.11723e-15,9.12201e-14,1.84432e-16,4.86384e-15,3.15979e-15,7.98345e-13,1.66205e-11,3.75845e-14,9.31336e-13,6.21742e-13,7.85893e-11,1.43806e-09,4.09201e-12,9.05171e-11,6.22074e-11,4.79357e-09,6.88866e-08,3.00349e-10,5.46165e-09,3.86252e-09
3.15979e-15,7.05105e-14,1.40701e-16,4.11723e-15,2.00939e-15,6.21742e-13,1.30654e-11,2.90450e-14,7.98345e-13,4.04257e-13,6.22074e-11,1.15157e-09,3.20795e-12,7.85893e-11,4.14029e-11,3.86252e-09,5.62623e-08,2.39216e-10,4.79357e-09,2.66004e-09
2.00939e-15,4.51107e-14,8.90354e-17,3.15979e-15,7.27278e-16,4.04257e-13,8.56913e-12,1.87554e-14,6.21742e-13,1.61206e-13,4.14029e-11,7.76596e-10,2.11345e-12,6.22074e-11,1.82500e-11,2.66004e-09,3.96529e-08,1.61979e-10,3.86252e-09,1.33046e-09
8.90336e-17,2.00936e-15,3.92801e-18,3.20566e-17,1.40699e-16,1.87552e-14,4.04255e-13,8.59066e-16,7.41882e-15,2.90449e-14,2.11345e-12,4.14029e-11,1.04466e-13,9.12238e-13,3.20795e-12,1.61979e-10,2.66003e-09,9.19988e-12,7.70478e-11,2.39216e-10
1.40699e-16,3.15974e-15,6.23286e-18,8.90336e-17,1.84430e-16,2.90449e-14,6.21739e-13,1.33784e-15,1.87552e-14,3.75843e-14,3.20795e-12,6.22073e-11,1.59851e-13,2.11345e-12,4.09201e-12,2.39216e-10,3.86251e-09,1.37625e-11,1.61979e-10,3.00349e-10
1.84430e-16,4.11718e-15,8.21137e-18,1.40699e-16,2.19267e-16,3.75843e-14,7.98342e-13,1.74240e-15,2.90449e-14,4.41883e-14,4.09201e-12,7.85892e-11,2.05555e-13,3.20795e-12,4.75498e-12,3.00349e-10,4.79356e-09,1.74506e-11,2.39216e-10,3.45257e-10
2.19267e-16,4.86379e-15,9.81617e-18,1.84430e-16,2.45491e-16,4.41883e-14,9.31334e-13,2.06237e-15,3.75843e-14,4.89870e-14,4.75498e-12,9.05170e-11,2.40720e-13,4.09201e-12,5.22102e-12,3.45257e-10,5.46165e-09,2.02255e-11,3.00349e-10,3.76217e-10
2.45491e-16,5.41229e-15,1.10496e-17,2.19267e-16,2.64190e-16,4.89870e-14,1.02517e-12,2.30085e-15,4.41883e-14,5.22819e-14,5.22102e-12,9.86440e-11,2.66140e-13,4.75498e-12,5.53038e-12,3.76217e-10,5.91164e-09,2.21865e-11,3.45257e-10,3.96407e-10
2.64190e-16,5.79342e-15,1.19489e-17,2.45491e-16,2.76789e-16,5.22819e-14,1.08767e-12,2.46900e-15,4.89870e-14,5.44201e-14,5.53038e-12,1.03873e-10,2.83504e-13,5.22102e-12,5.72472e-12,3.96407e-10,6.19864e-09,2.34968e-11,3.76217e-10,4.08894e-10
2.76789e-16,6.04369e-15,1.25685e-17,2.64190e-16,2.84670e-16,5.44201e-14,1.12704e-12,2.58103e-15,5.22819e-14,5.57131e-14,5.72472e-12,1.07061e-10,2.94718e-13,5.53038e-12,5.83888e-12,4.08894e-10,6.37251e-09,2.43260e-11,3.96407e-10,4.16135e-10
2.84670e-16,6.19663e-15,1.29641e-17,2.76789e-16,2.88936e-16,5.57131e-14,1.15021e-12,2.65041e-15,5.44201e-14,5.63945e-14,5.83888e-12,1.08885e-10,3.01471e-13,5.72472e-12,5.89772e-12,4.16135e-10,6.47151e-09,2.48167e-11,4.08894e-10,4.19830e-10
2.88936e-16,6.27788e-15,1.31816e-17,2.84670e-16,2.90279e-16,5.63945e-14,1.16217e-12,2.68767e-15,5.57131e-14,5.66059e-14,5.89772e-12,1.09805e-10,3.05019e-13,5.83888e-12,5.91575e-12,4.19830e-10,6.52132e-09,2.50711e-11,4.16135e-10,4.20957e-10
2.90279e-16,6.30321e-15,1.32507e-17,2.88936e-16,2.88936e-16,5.66059e-14,1.16583e-12,2.69935e-15,5.63945e-14,5.63945e-14,5.91575e-12,1.10084e-10,3.06119e-13,5.89772e-12,5.89772e-12,4.20957e-10,6.53639e-09,2.51493e-11,4.19830e-10,4.19830e-10
2.88936e-16,6.27789e-15,1.31816e-17,2.90279e-16,2.84671e-16,5.63945e-14,1.16217e-12,2.68767e-15,5.66059e-14,5.57131e-14,5.89772e-12,1.09805e-10,3.05019e-13,5.91575e-12,5.83889e-12,4.19830e-10,6.52132e-09,2.50711e-11,4.20957e-10,4.16135e-10
2.84671e-16,6.19664e-15,1.29641e-17,2.88936e-16,2.76790e-16,5.57131e-14,1.15021e-12,2.65042e-15,5.63945e-14,5.44202e-14,5.83889e-12,1.08885e-10,3.01471e-13,5.89772e-12,5.72473e-12,4.16135e-10,6.47151e-09,2.48167e-11,4.19830e-10,4.08894e-10
2.76790e-16,6.04372e-15,1.25686e-17,2.84671e-16,2.64192e-16,5.44202e-14,1.12704e-12,2.58104e-15,5.57131e-14,5.22820e-14,5.72473e-12,1.07061e-10,2.94718e-13,5.83889e-12,5.53038e-12,4.08894e-10,6.37251e-09,2.43260e-11,4.16135e-10,3.96407e-10
2.64192e-16,5.79346e-15,1.19490e-17,2.76790e-16,2.45493e-16,5.22820e-14,1.08767e-12,2.46901e-15,5.44202e-14,4.89872e-14,5.53038e-12,1.03873e-10,2.83504e-13,5.72473e-12,5.22103e-12,3.96407e-10,6.19864e-09,2.34968e-11,4.08894e-10,3.76217e-10
2.45493e-16,5.41233e-15,1.10497e-17,2.64192e-16,2.19269e-16,4.89872e-14,1.02518e-12,2.30086e-15,5.22820e-14,4.41885e-14,5.22103e-12,9.86440e-11,2.66141e-13,5.53038e-12,4.75499e-12,3.76217e-10,5.91165e-09,2.21865e-11,3.96407e-10,3.45257e-10
2.19269e-16,4.86384e-15,9.81631e-18,2.45493e-16,1.84432e-16,4.41885e-14,9.31336e-13,2.06239e-15,4.89872e-14,3.75845e-14,4.75499e-12,9.05171e-11,2.40721e-13,5.22103e-12,4.09201e-12,3.45257e-10,5.46165e-09,2.02255e-11,3.76217e-10,3.00349e-10
1.84432e-16,4.11723e-15,8.21152e-18,2.19269e-16,1.40701e-16,3.75845e-14,7.98345e-13,1.74241e-15,4.41885e-14,2.90450e-14,4.09201e-12,7.85893e-11,2.05555e-13,4.75499e-12,3.20795e-12,3.00349e-10,4.79357e-09,1.74507e-11,3.45257e-10,2.39216e-10
1.40701e-16,3.15979e-15,6.23299e-18,1.84432e-16,8.90354e-17,2.90450e-14,6.21742e-13,1.33785e-15,3.75845e-14,1.87554e-14,3.20795e-12,6.22074e-11,1.59852e-13,4.09201e-12,2.11345e-12,2.39216e-10,3.86252e-09,1.37625e-11,3.00349e-10,1.61979e-10
8.90354e-17,2.00939e-15,3.92810e-18,1.40701e-16,3.20574e-17,1.87554e-14,4.04257e-13,8.59075e-16,2.90450e-14,7.41889e-15,2.11345e-12,4.14029e-11,1.04467e-13,3.20795e-12,9.12241e-13,1.61979e-10,2.66004e-09,9.19989e-12,2.39216e-10,7.70479e-11
3.92801e-18,8.90336e-17,1.72669e-19,1.40803e-18,6.23286e-18,8.59066e-16,1.87552e-14,3.89549e-17,3.37646e-16,1.33784e-15,1.04466e-13,2.11345e-12,5.03864e-15,4.43846e-14,1.59851e-13,9.19988e-12,1.61979e-10,4.96123e-13,4.22181e-12,1.37625e-11
6.23286e-18,1.40699e-16,2.74936e-19,3.92801e-18,8.21137e-18,1.33784e-15,2.90449e-14,6.09461e-17,8.59066e-16,1.74240e-15,1.59851e-13,3.20795e-12,7.76047e-15,1.04466e-13,2.05555e-13,1.37625e-11,2.39216e-10,7.49658e-13,9.19988e-12,1.74506e-11
8.21137e-18,1.84430e-16,3.63768e-19,6.23286e-18,9.81617e-18,1.74240e-15,3.75843e-14,7.98106e-17,1.33784e-15,2.06237e-15,2.05555e-13,4.09201e-12,1.00474e-14,1.59851e-13,2.40720e-13,1.74506e-11,3.00349e-10,9.58526e-13,1.37625e-11,2.02255e-11
9.81617e-18,2.19267e-16,4.36934e-19,8.21137e-18,1.10496e-17,2.06237e-15,4.41883e-14,9.50186e-17,1.74240e-15,2.30085e-15,2.40720e-13,4.75498e-12,1.18464e-14,2.05555e-13,2.66140e-13,2.02255e-11,3.45257e-10,1.11923e-12,1.74506e-11,2.21865e-11
1.10496e-17,2.45491e-16,4.94182e-19,9.81617e-18,1.19489e-17,2.30085e-15,4.89870e-14,1.06603e-16,2.06237e-15,2.46900e-15,2.66140e-13,5.22102e-12,1.31794e-14,2.40720e-13,2.83504e-13,2.21865e-11,3.76217e-10,1.23556e-12,2.02255e-11,2.34968e-11
1.19489e-17,2.64190e-16,5.36737e-19,1.10496e-17,1.25685e-17,2.46900e-15,5.22819e-14,1.14964e-16,2.30085e-15,2.58103e-15,2.83504e-13,5.53038e-12,1.41137e-14,2.66140e-13,2.94718e-13,2.34968e-11,3.96407e-10,1.31519e-12,2.21865e-11,2.43260e-11
1.25685e-17,2.76789e-16,5.66627e-19,1.19489e-17,1.29641e-17,2.58103e-15,5.44201e-14,1.20664e-16,2.46900e-15,2.65041e-15,2.94718e-13,5.72472e-12,1.47324e-14,2.83504e-13,3.01471e-13,2.43260e-11,4.08894e-10,1.36677e-12,2.34968e-11,2.48167e-11
1.29641e-17,2.84670e-16,5.86046e-19,1.25685e-17,1.31816e-17,2.65041e-15,5.57131e-14,1.24269e-16,2.58103e-15,2.68767e-15,3.01471e-13,5.83888e-12,1.51136e-14,2.94718e-13,3.05019e-13,2.48167e-11,4.16135e-10,1.39793e-12,2.43260e-11,2.50711e-11
1.31816e-17,2.88936e-16,5.96871e-19,1.29641e-17,1.32507e-17,2.68767e-15,5.63945e-14,1.26237e-16,2.65041e-15,2.69935e-15,3.05019e-13,5.89772e-12,1.53175e-14,3.01471e-13,3.06119e-13,2.50711e-11,4.19830e-10,1.41434e-12,2.48167e-11,2.51493e-11
1.32507e-17,2.90279e-16,6.00337e-19,1.31816e-17,1.31816e-17,2.69935e-15,5.66059e-14,1.26859e-16,2.68767e-15,2.68767e-15,3.06119e-13,5.91575e-12,1.53813e-14,3.05019e-13,3.05019e-13,2.51493e-11,4.20957e-10,1.41943e-12,2.50711e-11,2.50711e-11
1.31816e-17,2.88936e-16,5.96873e-19,1.32507e-17,1.29641e-17,2.68767e-15,5.63945e-14,1.26237e-16,2.69935e-15,2.65042e-15,3.05019e-13,5.89772e-12,1.53175e-14,3.06119e-13,3.01471e-13,2.50711e-11,4.19830e-10,1.41434e-12,2.51493e-11,2.48167e-11
1.29641e-17,2.84671e-16,5.86049e-19,1.31816e-17,1.25686e-17,2.65042e-15,5.57131e-14,1.24269e-16,2.68767e-15,2.58104e-15,3.01471e-13,5.83889e-12,1.51136e-14,3.05019e-13,2.94718e-13,2.48167e-11,4.16135e-10,1.39793e-12,2.50711e-11,2.43260e-11
1.25686e-17,2.76790e-16,5.66631e-19,1.29641e-17,1.19490e-17,2.58104e-15,5.44202e-14,1.20665e-16,2.65042e-15,2.46901e-15,2.94718e-13,5.72473e-12,1.47324e-14,3.01471e-13,2.83504e-13,2.43260e-11,4.08894e-10,1.36677e-12,2.48167e-11,2.34968e-11
1.19490e-17,2.64192e-16,5.36743e-19,1.25686e-17,1.10497e-17,2.46901e-15,5.22820e-14,1.14964e-16,2.58104e-15,2.30086e-15,2.83504e-13,5.53038e-12,1.41137e-14,2.94718e-13,2.66141e-13,2.34968e-11,3.96407e-10,1.31519e-12,2.43260e-11,2.21865e-11
1.10497e-17,2.45493e-16,4.94189e-19,1.19490e-17,9.81631e-18,2.30086e-15,4.89872e-14,1.06604e-16,2.46901e-15,2.06239e-15,2.66141e-13,5.22103e-12,1.31795e-14,2.83504e-13,2.40721e-13,2.21865e-11,3.76217e-10,1.23556e-12,2.34968e-11,2.02255e-11
9.81631e-18,2.19269e-16,4.36942e-19,1.10497e-17,8.21152e-18,2.06239e-15,4.41885e-14,9.50195e-17,2.30086e-15,1.74241e-15,2.40721e-13,4.75499e-12,1.18464e-14,2.66141e-13,2.05555e-13,2.02255e-11,3.45257e-10,1.11923e-12,2.21865e-11,1.74507e-11
8.21152e-18,1.84432e-16,3.63775e-19,9.81631e-18,6.23299e-18,1.74241e-15,3.75845e-14,7.98114e-17,2.06239e-15,1.33785e-15,2.05555e-13,4.09201e-12,1.00474e-14,2.40721e-13,1.59852e-13,1.74507e-11,3.00349e-10,9.58527e-13,2.02255e-11,1.37625e-11
6.23299e-18,1.40701e-16,2.74943e-19,8.21152e-18,3.92810e-18,1.33785e-15,2.90450e-14,6.09469e-17,1.74241e-15,8.59075e-16,1.59852e-13,3.20795e-12,7.76050e-15,2.05555e-13,1.04467e-13,1.37625e-11,2.39216e-10,7.49659e-13,1.74507e-11,9.19989e-12
3.92810e-18,8.90354e-17,1.72674e-19,6.23299e-18,1.40807e-18,8.59075e-16,1.87554e-14,3.89554e-17,1.33785e-15,3.37651e-16,1.04467e-13,2.11345e-12,5.03867e-15,1.59852e-13,4.43848e-14,9.19989e-12,1.61979e-10,4.96123e-13,1.37625e-11,4.22181e-12
1.72669e-19,3.92801e-18,7.56682e-21,6.16596e-20,2.74936e-19,3.89549e-17,8.59066e-16,1.75224e-18,1.52318e-17,6.09461e-17,5.03864e-15,1.04466e-13,2.38429e-16,2.11476e-15,7.76047e-15,4.96123e-13,9.19988e-12,2.57140e-14,2.21690e-13,7.49658e-13
2.74936e-19,6.23286e-18,1.20841e-20,1.72669e-19,3.63768e-19,6.09461e-17,1.33784e-15,2.75208e-18,3.89549e-17,7.98106e-17,7.76047e-15,1.59851e-13,3.69202e-16,5.03864e-15,1.00474e-14,7.49658e-13,1.37625e-11,3.91680e-14,4.96123e-13,9.58526e-13
3.63768e-19,8.21137e-18,1.60475e-20,2.74936e-19,4.36934e-19,7.98106e-17,1.74240e-15,3.62073e-18,6.09461e-17,9.50186e-17,1.00474e-14,2.05555e-13,4.80769e-16,7.76047e-15,1.18464e-14,9.58526e-13,1.74506e-11,5.04377e-14,7.49658e-13,1.11923e-12
4.36934e-19,9.81617e-18,1.93553e-20,3.63768e-19,4.94182e-19,9.50186e-17,2.06237e-15,4.33255e-18,7.98106e-17,1.06603e-16,1.18464e-14,2.40720e-13,5.70236e-16,1.00474e-14,1.31794e-14,1.11923e-12,2.02255e-11,5.92863e-14,9.58526e-13,1.23556e-12
4.94182e-19,1.10496e-17,2.19836e-20,4.36934e-19,5.36737e-19,1.06603e-16,2.30085e-15,4.88511e-18,9.50186e-17,1.14964e-16,1.31794e-14,2.66140e-13,6.37981e-16,1.18464e-14,1.41137e-14,1.23556e-12,2.21865e-11,6.58355e-14,1.11923e-12,1.31519e-12
5.36737e-19,1.19489e-17,2.39702e-20,4.94182e-19,5.66627e-19,1.14964e-16,2.46900e-15,5.29205e-18,1.06603e-16,1.20664e-16,1.41137e-14,2.83504e-13,6.86560e-16,1.31794e-14,1.47324e-14,1.31519e-12,2.34968e-11,7.04232e-14,1.23556e-12,1.36677e-12
5.66627e-19,1.25685e-17,2.53891e-20,5.36737e-19,5.86046e-19,1.20664e-16,2.58103e-15,5.57516e-18,1.14964e-16,1.24269e-16,1.47324e-14,2.94718e-13,7.19470e-16,1.41137e-14,1.51136e-14,1.36677e-12,2.43260e-11,7.34614e-14,1.31519e-12,1.39793e-12
5.86046e-19,1.29641e-17,2.63250e-20,5.66627e-19,5.96871e-19,1.24269e-16,2.65041e-15,5.75751e-18,1.20664e-16,1.26237e-16,1.51136e-14,3.01471e-13,7.40163e-16,1.47324e-14,1.53175e-14,1.39793e-12,2.48167e-11,7.53336e-14,1.36677e-12,1.41434e-12
5.96871e-19,1.31816e-17,2.68529e-20,5.86046e-19,6.00337e-19,1.26237e-16,2.68767e-15,5.85848e-18,1.24269e-16,1.26859e-16,1.53175e-14,3.05019e-13,7.51407e-16,1.51136e-14,1.53813e-14,1.41434e-12,2.50711e-11,7.63352e-14,1.39793e-12,1.41943e-12
6.00337e-19,1.32507e-17,2.70230e-20,5.96871e-19,5.96873e-19,1.26859e-16,2.69935e-15,5.89068e-18,1.26237e-16,1.26237e-16,1.53813e-14,3.06119e-13,7.54957e-16,1.53175e-14,1.53175e-14,1.41943e-12,2.51493e-11,7.66487e-14,1.41434e-12,1.41434e-12
5.96873e-19,1.31816e-17,2.68530e-20,6.00337e-19,5.86049e-19,1.26237e-16,2.68767e-15,5.85848e-18,1.26859e-16,1.24269e-16,1.53175e-14,3.05019e-13,7.51408e-16,1.53813e-14,1.51136e-14,1.41434e-12,2.50711e-11,7.63352e-14,1.41943e-12,1.39793e-12
5.86049e-19,1.29641e-17,2.63252e-20,5.96873e-19,5.66631e-19,1.24269e-16,2.65042e-15,5.75753e-18,1.26237e-16,1.20665e-16,1.51136e-14,3.01471e-13,7.40164e-16,1.53175e-14,1.47324e-14,1.39793e-12,2.48167e-11,7.53336e-14,1.41434e-12,1.36677e-12
5.66631e-19,1.25686e-17,2.53893e-20,5.86049e-19,5.36743e-19,1.20665e-16,2.58104e-15,5.57518e-18,1.24269e-16,1.14964e-16,1.47324e-14,2.94718e-13,7.19472e-16,1.51136e-14,1.41137e-14,1.36677e-12,2.43260e-11,7.34615e-14,1.39793e-12,1.31519e-12
5.36743e-19,1.19490e-17,2.39705e-20,5.66631e-19,4.94189e-19,1.14964e-16,2.46901e-15,5.29208e-18,1.20665e-16,1.06604e-16,1.41137e-14,2.83504e-13,6.86562e-16,1.47324e-14,1.31795e-14,1.31519e-12,2.34968e-11,7.04233e-14,1.36677e-12,1.23556e-12
4.94189e-19,1.10497e-17,2.19840e-20,5.36743e-19,4.36942e-19,1.06604e-16,2.30086e-15,4.88515e-18,1.14964e-16,9.50195e-17,1.31795e-14,2.66141e-13,6.37984e-16,1.41137e-14,1.18464e-14,1.23556e-12,2.21865e-11,6.58356e-14,1.31519e-12,1.11923e-12
4.36942e-19,9.81631e-18,1.93557e-20,4.94189e-19,3.63775e-19,9.50195e-17,2.06239e-15,4.33260e-18,1.06604e-16,7.98114e-17,1.18464e-14,2.40721e-13,5.70238e-16,1.31795e-14,1.00474e-14,1.11923e-12,2.02255e-11,5.92864e-14,1.23556e-12,9.58527e-13
3.63775e-19,8.21152e-18,1.60480e-20,4.36942e-19,2.74943e-19,7.98114e-17,1.74241e-15,3.62078e-18,9.50195e-17,6.09469e-17,1.00474e-14,2.05555e-13,4.80771e-16,1.18464e-14,7.76050e-15,9.58527e-13,1.74507e-11,5.04378e-14,1.11923e-12,7.49659e-13
2.74943e-19,6.23299e-18,1.20844e-20,3.63775e-19,1.72674e-19,6.09469e-17,1.33785e-15,2.75212e-18,7.98114e-17,3.89554e-17,7.76050e-15,1.59852e-13,3.69205e-16,1.00474e-14,5.03867e-15,7.49659e-13,1.37625e-11,3.91680e-14,9.58527e-13,4.96123e-13
1.72674e-19,3.92810e-18,7.56708e-21,2.74943e-19,6.16617e-20,3.89554e-17,8.59075e-16,1.75227e-18,6.09469e-17,1.52320e-17,5.03867e-15,1.04467e-13,2.38431e-16,7.76050e-15,2.11477e-15,4.96123e-13,9.19989e-12,2.57140e-14,7.49659e-13,2.21691e-13
7.56682e-21,1.72669e-19,3.30713e-22,2.69314e-21,1.20841e-20,1.75224e-18,3.89549e-17,7.83013e-20,6.82234e-19,2.75208e-18,2.38429e-16,5.03864e-15,1.11129e-17,9.91067e-17,3.69202e-16,2.57140e-14,4.96123e-13,1.29206e-15,1.12590e-14,3.91680e-14
1.20841e-20,2.74936e-19,5.29489e-22,7.56682e-21,1.60475e-20,2.75208e-18,6.09461e-17,1.23385e-19,1.75224e-18,3.62073e-18,3.69202e-16,7.76047e-15,1.72853e-17,2.38429e-16,4.80769e-16,3.91680e-14,7.49658e-13,1.98102e-15,2.57140e-14,5.04377e-14
1.60475e-20,3.63768e-19,7.05409e-22,1.20841e-20,1.93553e-20,3.62073e-18,7.98106e-17,1.62981e-19,2.75208e-18,4.33255e-18,4.80769e-16,1.00474e-14,2.26202e-17,3.69202e-16,5.70236e-16,5.04377e-14,9.58526e-13,2.56655e-15,3.91680e-14,5.92863e-14
1.93553e-20,4.36934e-19,8.53898e-22,1.60475e-20,2.19836e-20,4.33255e-18,9.50186e-17,1.95886e-19,3.62073e-18,4.88511e-18,5.70236e-16,1.18464e-14,2.69699e-17,4.80769e-16,6.37981e-16,5.92863e-14,1.11923e-12,3.03467e-15,5.04377e-14,6.58355e-14
2.19836e-20,4.94182e-19,9.73473e-22,1.93553e-20,2.39702e-20,4.88511e-18,1.06603e-16,2.21851e-19,4.33255e-18,5.29205e-18,6.37981e-16,1.31794e-14,3.03269e-17,5.70236e-16,6.86560e-16,6.58355e-14,1.23556e-12,3.38823e-15,5.92863e-14,7.04232e-14
2.39702e-20,5.36737e-19,1.06517e-21,2.19836e-20,2.53891e-20,5.29205e-18,1.14964e-16,2.41314e-19,4.88511e-18,5.57516e-18,6.86560e-16,1.41137e-14,3.27835e-17,6.37981e-16,7.19470e-16,7.04232e-14,1.31519e-12,3.64120e-15,6.58355e-14,7.34614e-14
2.53891e-20,5.66627e-19,1.13162e-21,2.39702e-20,2.63250e-20,5.57516e-18,1.20664e-16,2.55095e-19,5.29205e-18,5.75751e-18,7.19470e-16,1.47324e-14,3.44815e-17,6.86560e-16,7.40163e-16,7.34614e-14,1.36677e-12,3.81225e-15,7.04232e-14,7.53336e-14
2.63250e-20,5.86046e-19,1.17603e-21,2.53891e-20,2.68529e-20,5.75751e-18,1.24269e-16,2.64115e-19,5.57516e-18,5.85848e-18,7.40163e-16,1.51136e-14,3.55688e-17,7.19470e-16,7.51407e-16,7.53336e-14,1.39793e-12,3.91963e-15,7.34614e-14,7.63352e-14
2.68529e-20,5.96871e-19,1.20134e-21,2.63250e-20,2.70230e-20,5.85848e-18,1.26237e-16,2.69171e-19,5.75751e-18,5.89068e-18,7.51407e-16,1.53175e-14,3.61681e-17,7.40163e-16,7.54957e-16,7.63352e-14,1.41434e-12,3.97792e-15,7.53336e-14,7.66487e-14
2.70230e-20,6.00337e-19,1.20954e-21,2.68529e-20,2.68530e-20,5.89068e-18,1.26859e-16,2.70795e-19,5.85848e-18,5.85848e-18,7.54957e-16,1.53813e-14,3.63587e-17,7.51407e-16,7.51408e-16,7.66487e-14,1.41943e-12,3.99631e-15,7.63352e-14,7.63352e-14
2.68530e-20,5.96873e-19,1.20134e-21,2.70230e-20,2.63252e-20,5.85848e-18,1.26237e-16,2.69171e-19,5.89068e-18,5.75753e-18,7.51408e-16,1.53175e-14,3.61681e-17,7.54957e-16,7.40164e-16,7.63352e-14,1.41434e-12,3.97792e-15,7.66487e-14,7.53336e-14
2.63252e-20,5.86049e-19,1.17604e-21,2.68530e-20,2.53893e-20,5.75753e-18,1.24269e-16,2.64116e-19,5.85848e-18,5.57518e-18,7.40164e-16,1.51136e-14,3.55689e-17,7.51408e-16,7.19472e-16,7.53336e-14,1.39793e-12,3.91963e-15,7.63352e-14,7.34615e-14
2.53893e-20,5.66631e-19,1.13163e-21,2.63252e-20,2.39705e-20,5.57518e-18,1.20665e-16,2.55097e-19,5.75753e-18,5.29208e-18,7.19472e-16,1.47324e-14,3.44816e-17,7.40164e-16,6.86562e-16,7.34615e-14,1.36677e-12,3.81225e-15,7.53336e-14,7.04233e-14
2.39705e-20,5.36743e-19,1.06519e-21,2.53893e-20,2.19840e-20,5.29208e-18,1.14964e-16,2.41316e-19,5.57518e-18,4.88515e-18,6.86562e-16,1.41137e-14,3.27836e-17,7.19472e-16,6.37984e-16,7.04233e-14,1.31519e-12,3.64121e-15,7.34615e-14,6.58356e-14
2.19840e-20,4.94189e-19,9.73493e-22,2.39705e-20,1.93557e-20,4.88515e-18,1.06604e-16,2.21854e-19,5.29208e-18,4.33260e-18,6.37984e-16,1.31795e-14,3.03271e-17,6.86562e-16,5.70238e-16,6.58356e-14,1.23556e-12,3.38824e-15,7.04233e-14,5.92864e-14
1.93557e-20,4.36942e-19,8.53920e-22,2.19840e-20,1.60480e-20,4.33260e-18,9.50195e-17,1.95889e-19,4.88515e-18,3.62078e-18,5.70238e-16,1.18464e-14,2.69701e-17,6.37984e-16,4.80771e-16,5.92864e-14,1.11923e-12,3.03467e-15,6.58356e-14,5.04378e-14
1.60480e-20,3.63775e-19,7.05431e-22,1.93557e-20,1.20844e-20,3.62078e-18,7.98114e-17,1.62983e-19,4.33260e-18,2.75212e-18,4.80771e-16,1.00474e-14,2.26204e-17,5.70238e-16,3.69205e-16,5.04378e-14,9.58527e-13,2.56655e-15,5.92864e-14,3.91680e-14
1.20844e-20,2.74943e-19,5.29507e-22,1.60480e-20,7.56708e-21,2.75212e-18,6.09469e-17,1.23387e-19,3.62078e-18,1.75227e-18,3.69205e-16,7.76050e-15,1.72854e-17,4.80771e-16,2.38431e-16,3.91680e-14,7.49659e-13,1.98102e-15,5.04378e-14,2.57140e-14
7.56708e-21,1.72674e-19,3.30726e-22,1.20844e-20,2.69324e-21,1.75227e-18,3.89554e-17,7.83028e-20,2.75212e-18,6.82246e-19,2.38431e-16,5.03867e-15,1.11130e-17,3.69205e-16,9.91076e-17,2.57140e-14,4.96123e-13,1.29206e-15,3.91680e-14,1.12590e-14
3.30713e-22,7.56682e-21,1.44202e-23,1.17362e-22,5.29489e-22,7.83013e-20,1.75224e-18,3.47996e-21,3.03779e-20,1.23385e-19,1.11129e-17,2.38429e-16,5.11673e-19,4.58332e-18,1.72853e-17,1.29206e-15,2.57140e-14,6.33407e-17,5.56809e-16,1.98102e-15
5.29489e-22,1.20841e-20,2.31387e-23,3.30713e-22,7.05409e-22,1.23385e-19,2.75208e-18,5.49910e-21,7.83013e-20,1.62981e-19,1.72853e-17,3.69202e-16,7.98888e-19,1.11129e-17,2.26202e-17,1.98102e-15,3.91680e-14,9.76434e-17,1.29206e-15,2.56655e-15
7.05409e-22,1.60475e-20,3.09126e-23,5.29489e-22,8.53898e-22,1.62981e-19,3.62073e-18,7.28904e-21,1.23385e-19,1.95886e-19,2.26202e-17,4.80769e-16,1.04993e-18,1.72853e-17,2.69699e-17,2.56655e-15,5.04377e-14,1.27167e-16,1.98102e-15,3.03467e-15
8.53898e-22,1.93553e-20,3.75390e-23,7.05409e-22,9.73473e-22,1.95886e-19,4.33255e-18,8.79473e-21,1.62981e-19,2.21851e-19,2.69699e-17,5.70236e-16,1.25758e-18,2.26202e-17,3.03269e-17,3.03467e-15,5.92863e-14,1.51151e-16,2.56655e-15,3.38823e-15
9.73473e-22,2.19836e-20,4.29374e-23,8.53898e-22,1.06517e-21,2.21851e-19,4.88511e-18,9.99985e-21,1.95886e-19,2.41314e-19,3.03269e-17,6.37981e-16,1.42053e-18,2.69699e-17,3.27835e-17,3.38823e-15,6.58355e-14,1.69598e-16,3.03467e-15,3.64120e-15
1.06517e-21,2.39702e-20,4.71297e-23,9.73473e-22,1.13162e-21,2.41314e-19,5.29205e-18,1.09172e-20,2.21851e-19,2.55095e-19,3.27835e-17,6.86560e-16,1.54193e-18,3.03269e-17,3.44815e-17,3.64120e-15,7.04232e-14,1.83054e-16,3.38823e-15,3.81225e-15
1.13162e-21,2.53891e-20,5.02062e-23,1.06517e-21,1.17603e-21,2.55095e-19,5.57516e-18,1.15768e-20,2.41314e-19,2.64115e-19,3.44815e-17,7.19470e-16,1.62735e-18,3.27835e-17,3.55688e-17,3.81225e-15,7.34614e-14,1.92326e-16,3.64120e-15,3.91963e-15
1.17603e-21,2.63250e-20,5.22858e-23,1.13162e-21,1.20134e-21,2.64115e-19,5.75751e-18,1.20146e-20,2.55095e-19,2.69171e-19,3.55688e-17,7.40163e-16,1.68294e-18,3.44815e-17,3.61681e-17,3.91963e-15,7.53336e-14,1.98248e-16,3.81225e-15,3.97792e-15
1.20134e-21,2.68529e-20,5.34810e-23,1.17603e-21,1.20954e-21,2.69171e-19,5.85848e-18,1.22626e-20,2.64115e-19,2.70795e-19,3.61681e-17,7.51407e-16,1.71396e-18,3.55688e-17,3.63587e-17,3.97792e-15,7.63352e-14,2.01505e-16,3.91963e-15,3.99631e-15
1.20954e-21,2.70230e-20,5.38702e-23,1.20134e-21,1.20134e-21,2.70795e-19,5.89068e-18,1.23428e-20,2.69171e-19,2.69171e-19,3.63587e-17,7.54957e-16,1.72390e-18,3.61681e-17,3.61681e-17,3.99631e-15,7.66487e-14,2.02540e-16,3.97792e-15,3.97792e-15
1.20134e-21,2.68530e-20,5.34813e-23,1.20954e-21,1.17604e-21,2.69171e-19,5.85848e-18,1.22627e-20,2.70795e-19,2.64116e-19,3.61681e-17,7.51408e-16,1.71397e-18,3.63587e-17,3.55689e-17,3.97792e-15,7.63352e-14,2.01505e-16,3.99631e-15,3.91963e-15
1.17604e-21,2.63252e-20,5.22863e-23,1.20134e-21,1.13163e-21,2.64116e-19,5.75753e-18,1.20146e-20,2.69171e-19,2.55097e-19,3.55689e-17,7.40164e-16,1.68295e-18,3.61681e-17,3.44816e-17,3.91963e-15,7.53336e-14,1.98248e-16,3.97792e-15,3.81225e-15
1.13163e-21,2.53893e-20,5.02069e-23,1.17604e-21,1.06519e-21,2.55097e-19,5.57518e-18,1.15769e-20,2.64116e-19,2.41316e-19,3.44816e-17,7.19472e-16,1.62736e-18,3.55689e-17,3.27836e-17,3.81225e-15,7.34615e-14,1.92327e-16,3.91963e-15,3.64121e-15
1.06519e-21,2.39705e-20,4.71306e-23,1.13163e-21,9.73493e-22,2.41316e-19,5.29208e-18,1.09173e-20,2.55097e-19,2.21854e-19,3.27836e-17,6.86562e-16,1.54194e-18,3.44816e-17,3.03271e-17,3.64121e-15,7.04233e-14,1.83054e-16,3.81225e-15,3.38824e-15
9.73493e-22,2.19840e-20,4.29384e-23,1.06519e-21,8.53920e-22,2.21854e-19,4.88515e-18,9.99998e-21,2.41316e-19,1.95889e-19,3.03271e-17,6.37984e-16,1.42054e-18,3.27836e-17,2.69701e-17,3.38824e-15,6.58356e-14,1.69599e-16,3.64121e-15,3.03467e-15
8.53920e-22,1.93557e-20,3.75401e-23,9.73493e-22,7.05431e-22,1.95889e-19,4.33260e-18,8.79487e-21,2.21854e-19,1.62983e-19,2.69701e-17,5.70238e-16,1.25759e-18,3.03271e-17,2.26204e-17,3.03467e-15,5.92864e-14,1.51151e-16,3.38824e-15,2.56655e-15
7.05431e-22,1.60480e-20,3.09137e-23,8.53920e-22,5.29507e-22,1.62983e-19,3.62078e-18,7.28917e-21,1.95889e-19,1.23387e-19,2.26204e-17,4.80771e-16,1.04994e-18,2.69701e-17,1.72854e-17,2.56655e-15,5.04378e-14,1.27167e-16,3.03467e-15,1.98102e-15
5.29507e-22,1.20844e-20,2.31397e-23,7.05431e-22,3.30726e-22,1.23387e-19,2.75212e-18,5.49922e-21,1.62983e-19,7.83028e-20,1.72854e-17,3.69205e-16,7.98896e-19,2.26204e-17,1.11130e-17,1.98102e-15,3.91680e-14,9.76438e-17,2.56655e-15,1.29206e-15
3.30726e-22,7.56708e-21,1.44209e-23,5.29507e-22,1.17367e-22,7.83028e-20,1.75227e-18,3.48004e-21,1.23387e-19,3.03786e-20,1.11130e-17,2.38431e-16,5.11679e-19,1.72854e-17,4.58336e-18,1.29206e-15,2.57140e-14,6.33410e-17,1.98102e-15,5.56812e-16
1.44202e-23,3.30713e-22,6.27470e-25,5.10411e-24,2.31387e-23,3.47996e-21,7.83013e-20,1.53953e-22,1.34601e-21,5.49910e-21,5.11673e-19,1.11129e-17,2.33253e-20,2.09685e-19,7.98888e-19,6.33407e-17,1.29206e-15,3.04393e-18,2.69526e-17,9.76434e-17
2.31387e-23,5.29489e-22,1.00879e-24,1.44202e-23,3.09126e-23,5.49910e-21,1.23385e-19,2.43873e-22,3.47996e-21,7.28904e-21,7.98888e-19,1.72853e-17,3.65363e-20,5.11673e-19,1.04993e-18,9.76434e-17,1.98102e-15,4.71381e-18,6.33407e-17,1.27167e-16
3.09126e-23,7.05409e-22,1.35101e-24,2.31387e-23,3.75390e-23,7.28904e-21,1.62981e-19,3.24230e-22,5.49910e-21,8.79473e-21,1.04993e-18,2.26202e-17,4.81954e-20,7.98888e-19,1.25758e-18,1.27167e-16,2.56655e-15,6.16694e-18,9.76434e-17,1.51151e-16
3.75390e-23,8.53898e-22,1.64523e-24,3.09126e-23,4.29374e-23,8.79473e-21,1.95886e-19,3.92543e-22,7.28904e-21,9.99985e-21,1.25758e-18,2.69699e-17,5.79612e-20,1.04993e-18,1.42053e-18,1.51151e-16,3.03467e-15,7.36418e-18,1.27167e-16,1.69598e-16
4.29374e-23,9.73473e-22,1.88735e-24,3.75390e-23,4.71297e-23,9.99985e-21,2.21851e-19,4.47902e-22,8.79473e-21,1.09172e-20,1.42053e-18,3.03269e-17,6.57380e-20,1.25758e-18,1.54193e-18,1.69598e-16,3.38823e-15,8.30015e-18,1.51151e-16,1.83054e-16
4.71297e-23,1.06517e-21,2.07746e-24,4.29374e-23,5.02062e-23,1.09172e-20,2.41314e-19,4.90611e-22,9.99985e-21,1.15768e-20,1.54193e-18,3.27835e-17,7.16237e-20,1.42053e-18,1.62735e-18,1.83054e-16,3.64120e-15,8.99478e-18,1.69598e-16,1.92326e-16
5.02062e-23,1.13162e-21,2.21849e-24,4.71297e-23,5.22858e-23,1.15768e-20,2.55095e-19,5.21736e-22,1.09172e-20,1.20146e-20,1.62735e-18,3.44815e-17,7.58309e-20,1.54193e-18,1.68294e-18,1.92326e-16,3.81225e-15,9.48177e-18,1.83054e-16,1.98248e-16
5.22858e-23,1.17603e-21,2.31478e-24,5.02062e-23,5.34810e-23,1.20146e-20,2.64115e-19,5.42644e-22,1.15768e-20,1.22626e-20,1.68294e-18,3.55688e-17,7.86078e-20,1.62735e-18,1.71396e-18,1.98248e-16,3.91963e-15,9.79763e-18,1.92326e-16,2.01505e-16
5.34810e-23,1.20134e-21,2.37053e-24,5.22858e-23,5.38702e-23,1.22626e-20,2.69171e-19,5.54602e-22,1.20146e-20,1.23428e-20,1.71396e-18,3.61681e-17,8.01747e-20,1.68294e-18,1.72390e-18,2.01505e-16,3.97792e-15,9.97347e-18,1.98248e-16,2.02540e-16
5.38702e-23,1.20954e-21,2.38875e-24,5.34810e-23,5.34813e-23,1.23428e-20,2.70795e-19,5.58484e-22,1.22626e-20,1.22627e-20,1.72390e-18,3.63587e-17,8.06796e-20,1.71396e-18,1.71397e-18,2.02540e-16,3.99631e-15,1.00297e-17,2.01505e-16,2.01505e-16
5.34813e-23,1.20134e-21,2.37054e-24,5.38702e-23,5.22863e-23,1.22627e-20,2.69171e-19,5.54603e-22,1.23428e-20,1.20146e-20,1.71397e-18,3.61681e-17,8.01748e-20,1.72390e-18,1.68295e-18,2.01505e-16,3.97792e-15,9.97348e-18,2.02540e-16,1.98248e-16
5.22863e-23,1.17604e-21,2.31480e-24,5.34813e-23,5.02069e-23,1.20146e-20,2.64116e-19,5.42647e-22,1.22627e-20,1.15769e-20,1.68295e-18,3.55689e-17,7.86081e-20,1.71397e-18,1.62736e-18,1.98248e-16,3.91963e-15,9.79765e-18,2.01505e-16,1.92327e-16
5.02069e-23,1.13163e-21,2.21853e-24,5.22863e-23,4.71306e-23,1.15769e-20,2.55097e-19,5.21741e-22,1.20146e-20,1.09173e-20,1.62736e-18,3.44816e-17,7.58312e-20,1.68295e-18,1.54194e-18,1.92327e-16,3.81225e-15,9.48179e-18,1.98248e-16,1.83054e-16
4.71306e-23,1.06519e-21,2.07750e-24,5.02069e-23,4.29384e-23,1.09173e-20,2.41316e-19,4.90617e-22,1.15769e-20,9.99998e-21,1.54194e-18,3.27836e-17,7.16242e-20,1.62736e-18,1.42054e-18,1.83054e-16,3.64121e-15,8.99481e-18,1.92327e-16,1.69599e-16
4.29384e-23,9.73493e-22,1.88741e-24,4.71306e-23,3.75401e-23,9.99998e-21,2.21854e-19,4.47909e-22,1.09173e-20,8.79487e-21,1.42054e-18,3.03271e-17,6.57385e-20,1.54194e-18,1.25759e-18,1.69599e-16,3.38824e-15,8.30018e-18,1.83054e-16,1.51151e-16
3.75401e-23,8.53920e-22,1.64529e-24,4.29384e-23,3.09137e-23,8.79487e-21,1.95889e-19,3.92550e-22,9.99998e-21,7.28917e-21,1.25759e-18,2.69701e-17,5.79617e-20,1.42054e-18,1.04994e-18,1.51151e-16,3.03467e-15,7.36422e-18,1.69599e-16,1.27167e-16
3.09137e-23,7.05431e-22,1.35107e-24,3.75401e-23,2.31397e-23,7.28917e-21,1.62983e-19,3.24237e-22,8.79487e-21,5.49922e-21,1.04994e-18,2.26204e-17,4.81959e-20,1.25759e-18,7.98896e-19,1.27167e-16,2.56655e-15,6.16697e-18,1.51151e-16,9.76438e-17
2.31397e-23,5.29507e-22,1.00884e-24,3.09137e-23,1.44209e-23,5.49922e-21,1.23387e-19,2.43879e-22,7.28917e-21,3.48004e-21,7.98896e-19,1.72854e-17,3.65367e-20,1.04994e-18,5.11679e-19,9.76438e-17,1.98102e-15,4.71383e-18,1.27167e-16,6.33410e-17
1.44209e-23,3.30726e-22,6.27504e-25,2.31397e-23,5.10437e-24,3.48004e-21,7.83028e-20,1.53957e-22,5.49922e-21,1.34605e-21,5.11679e-19,1.11130e-17,2.33257e-20,7.98896e-19,2.09688e-19,6.33410e-17,1.29206e-15,3.04395e-18,9.76438e-17,2.69527e-17
6.27470e-25,1.44202e-23,2.72527e-26,2.21580e-25,1.00879e-24,1.53953e-22,3.47996e-21,6.78432e-24,5.93928e-23,2.43873e-22,2.33253e-20,5.11673e-19,1.05459e-21,9.50811e-21,3.65363e-20,3.04393e-18,6.33407e-17,1.43920e-19,1.28201e-18,4.71381e-18
1.00879e-24,2.31387e-23,4.38894e-26,6.27470e-25,1.35101e-24,2.43873e-22,5.49910e-21,1.07697e-23,1.53953e-22,3.24230e-22,3.65363e-20,7.98888e-19,1.65648e-21,2.33253e-20,4.81954e-20,4.71381e-18,9.76434e-17,2.23736e-19,3.04393e-18,6.16694e-18
1.35101e-24,3.09126e-23,5.89048e-26,1.00879e-24,1.64523e-24,3.24230e-22,7.28904e-21,1.43563e-23,2.43873e-22,3.92543e-22,4.81954e-20,1.04993e-18,2.19216e-21,3.65363e-20,5.79612e-20,6.16694e-18,1.27167e-16,2.93864e-19,4.71381e-18,7.36418e-18
1.64523e-24,3.75390e-23,7.19108e-26,1.35101e-24,1.88735e-24,3.92543e-22,8.79473e-21,1.74334e-23,3.24230e-22,4.47902e-22,5.79612e-20,1.25758e-18,2.64579e-21,4.81954e-20,6.57380e-20,7.36418e-18,1.51151e-16,3.52367e-19,6.16694e-18,8.30015e-18
1.88735e-24,4.29374e-23,8.27091e-26,1.64523e-24,2.07746e-24,4.47902e-22,9.99985e-21,1.99543e-23,3.92543e-22,4.90611e-22,6.57380e-20,1.42053e-18,3.01171e-21,5.79612e-20,7.16237e-20,8.30015e-18,1.69598e-16,3.98769e-19,7.36418e-18,8.99478e-18
2.07746e-24,4.71297e-23,9.12690e-26,1.88735e-24,2.21849e-24,4.90611e-22,1.09172e-20,2.19220e-23,4.47902e-22,5.21736e-22,7.16237e-20,1.54193e-18,3.29252e-21,6.57380e-20,7.58309e-20,8.99478e-18,1.83054e-16,4.33745e-19,8.30015e-18,9.48177e-18
2.21849e-24,5.02062e-23,9.76803e-26,2.07746e-24,2.31478e-24,5.21736e-22,1.15768e-20,2.33730e-23,4.90611e-22,5.42644e-22,7.58309e-20,1.62735e-18,3.49604e-21,7.16237e-20,7.86078e-20,9.48177e-18,1.92326e-16,4.58647e-19,8.99478e-18,9.79763e-18
2.31478e-24,5.22858e-23,1.02094e-25,2.21849e-24,2.37053e-24,5.42644e-22,1.20146e-20,2.43580e-23,5.21736e-22,5.54602e-22,7.86078e-20,1.68294e-18,3.63207e-21,7.58309e-20,8.01747e-20,9.79763e-18,1.98248e-16,4.75025e-19,9.48177e-18,9.97347e-18
2.37053e-24,5.34810e-23,1.04667e-25,2.31478e-24,2.38875e-24,5.54602e-22,1.22626e-20,2.49258e-23,5.42644e-22,5.58484e-22,8.01747e-20,1.71396e-18,3.70955e-21,7.86078e-20,8.06796e-20,9.97347e-18,2.01505e-16,4.84241e-19,9.79763e-18,1.00297e-17
2.38875e-24,5.38702e-23,1.05511e-25,2.37053e-24,2.37054e-24,5.58484e-22,1.23428e-20,2.51110e-23,5.54602e-22,5.54603e-22,8.06796e-20,1.72390e-18,3.73466e-21,8.01747e-20,8.01748e-20,1.00297e-17,2.02540e-16,4.87207e-19,9.97347e-18,9.97348e-18
2.37054e-24,5.34813e-23,1.04668e-25,2.38875e-24,2.31480e-24,5.54603e-22,1.22627e-20,2.49259e-23,5.58484e-22,5.42647e-22,8.01748e-20,1.71397e-18,3.70956e-21,8.06796e-20,7.86081e-20,9.97348e-18,2.01505e-16,4.84241e-19,1.00297e-17,9.79765e-18
2.31480e-24,5.22863e-23,1.02096e-25,2.37054e-24,2.21853e-24,5.42647e-22,1.20146e-20,2.43581e-23,5.54603e-22,5.21741e-22,7.86081e-20,1.68295e-18,3.63208e-21,8.01748e-20,7.58312e-20,9.79765e-18,1.98248e-16,4.75026e-19,9.97348e-18,9.48179e-18
2.21853e-24,5.02069e-23,9.76823e-26,2.31480e-24,2.07750e-24,5.21741e-22,1.15769e-20,2.33732e-23,5.42647e-22,4.90617e-22,7.58312e-20,1.62736e-18,3.49606e-21,7.86081e-20,7.16242e-20,9.48179e-18,1.92327e-16,4.58649e-19,9.79765e-18,8.99481e-18
2.07750e-24,4.71306e-23,9.12715e-26,2.21853e-24,1.88741e-24,4.90617e-22,1.09173e-20,2.19223e-23,5.21741e-22,4.47909e-22,7.16242e-20,1.54194e-18,3.29254e-21,7.58312e-20,6.57385e-20,8.99481e-18,1.83054e-16,4.33747e-19,9.48179e-18,8.30018e-18
1.88741e-24,4.29384e-23,8.27120e-26,2.07750e-24,1.64529e-24,4.47909e-22,9.99998e-21,1.99546e-23,4.90617e-22,3.92550e-22,6.57385e-20,1.42054e-18,3.01174e-21,7.16242e-20,5.79617e-20,8.30018e-18,1.69599e-16,3.98771e-19,8.99481e-18,7.36422e-18
1.64529e-24,3.75401e-23,7.19139e-26,1.88741e-24,1.35107e-24,3.92550e-22,8.79487e-21,1.74338e-23,4.47909e-22,3.24237e-22,5.79617e-20,1.25759e-18,2.64582e-21,6.57385e-20,4.81959e-20,7.36422e-18,1.51151e-16,3.52369e-19,8.30018e-18,6.16697e-18
1.35107e-24,3.09137e-23,5.89077e-26,1.64529e-24,1.00884e-24,3.24237e-22,7.28917e-21,1.43566e-23,3.92550e-22,2.43879e-22,4.81959e-20,1.04994e-18,2.19219e-21,5.79617e-20,3.65367e-20,6.16697e-18,1.27167e-16,2.93866e-19,7.36422e-18,4.71383e-18
1.00884e-24,2.31397e-23,4.38919e-26,1.35107e-24,6.27504e-25,2.43879e-22,5.49922e-21,1.07700e-23,3.24237e-22,1.53957e-22,3.65367e-20,7.98896e-19,1.65651e-21,4.81959e-20,2.33257e-20,4.71383e-18,9.76438e-17,2.23737e-19,6.16697e-18,3.04395e-18
6.27504e-25,1.44209e-23,2.72543e-26,1.00884e-24,2.21593e-25,1.53957e-22,3.48004e-21,6.78454e-24,2.43879e-22,5.93946e-23,2.33257e-20,5.11679e-19,1.05461e-21,3.65367e-20,9.50826e-21,3.04395e-18,6.33410e-17,1.43921e-19,4.71383e-18,1.28202e-18
2.72527e-26,6.27470e-25,1.18167e-27,9.60361e-27,4.38894e-26,6.78432e-24,1.53953e-22,2.97964e-25,2.61140e-24,1.07697e-23,1.05459e-21,2.33253e-20,4.73524e-23,4.27964e-22,1.65648e-21,1.43920e-19,3.04393e-18,6.71382e-21,6.01048e-20,2.23736e-19
4.38894e-26,1.00879e-24,1.90592e-27,2.72527e-26,5.89048e-26,1.07697e-23,2.43873e-22,4.73878e-25,6.78432e-24,1.43563e-23,1.65648e-21,3.65363e-20,7.45578e-23,1.05459e-21,2.19216e-21,2.23736e-19,4.71381e-18,1.04718e-20,1.43920e-19,2.93864e-19
5.89048e-26,1.35101e-24,2.56284e-27,4.38894e-26,7.19108e-26,1.43563e-23,3.24230e-22,6.33163e-25,1.07697e-23,1.74334e-23,2.19216e-21,4.81954e-20,9.89486e-23,1.65648e-21,2.64579e-21,2.93864e-19,6.16694e-18,1.38017e-20,2.23736e-19,3.52367e-19
7.19108e-26,1.64523e-24,3.13559e-27,5.89048e-26,8.27091e-26,1.74334e-23,3.92543e-22,7.70929e-25,1.43563e-23,1.99543e-23,2.64579e-21,5.79612e-20,1.19804e-22,2.19216e-21,3.01171e-21,3.52367e-19,7.36418e-18,1.66103e-20,2.93864e-19,3.98769e-19
8.27091e-26,1.88735e-24,3.61481e-27,7.19108e-26,9.12690e-26,1.99543e-23,4.47902e-22,8.84862e-25,1.74334e-23,2.19220e-23,3.01171e-21,6.57380e-20,1.36817e-22,2.64579e-21,3.29252e-21,3.98769e-19,8.30015e-18,1.88668e-20,3.52367e-19,4.33745e-19
9.12690e-26,2.07746e-24,3.99788e-27,8.27091e-26,9.76803e-26,2.19220e-23,4.90611e-22,9.74718e-25,1.99543e-23,2.33730e-23,3.29252e-21,7.16237e-20,1.50034e-22,3.01171e-21,3.49604e-21,4.33745e-19,8.99478e-18,2.05913e-20,3.98769e-19,4.58647e-19
9.76803e-26,2.21849e-24,4.28719e-27,9.12690e-26,1.02094e-25,2.33730e-23,5.21736e-22,1.04166e-24,2.19220e-23,2.43580e-23,3.49604e-21,7.58309e-20,1.59730e-22,3.29252e-21,3.63207e-21,4.58647e-19,9.48177e-18,2.18362e-20,4.33745e-19,4.75025e-19
1.02094e-25,2.31478e-24,4.48785e-27,9.76803e-26,1.04667e-25,2.43580e-23,5.42644e-22,1.08751e-24,2.33730e-23,2.49258e-23,3.63207e-21,7.86078e-20,1.66282e-22,3.49604e-21,3.70955e-21,4.75025e-19,9.79763e-18,2.26652e-20,4.58647e-19,4.84241e-19
1.04667e-25,2.37053e-24,4.60545e-27,1.02094e-25,1.05511e-25,2.49258e-23,5.54602e-22,1.11414e-24,2.43580e-23,2.51110e-23,3.70955e-21,8.01747e-20,1.70046e-22,3.63207e-21,3.73466e-21,4.84241e-19,9.97347e-18,2.31361e-20,4.75025e-19,4.87207e-19
1.05511e-25,2.38875e-24,4.64415e-27,1.04667e-25,1.04668e-25,2.51110e-23,5.58484e-22,1.12285e-24,2.49258e-23,2.49259e-23,3.73466e-21,8.06796e-20,1.71271e-22,3.70955e-21,3.70956e-21,4.87207e-19,1.00297e-17,2.32884e-20,4.84241e-19,4.84241e-19
1.04668e-25,2.37054e-24,4.60549e-27,1.05511e-25,1.02096e-25,2.49259e-23,5.54603e-22,1.11414e-24,2.51110e-23,2.43581e-23,3.70956e-21,8.01748e-20,1.70046e-22,3.73466e-21,3.63208e-21,4.84241e-19,9.97348e-18,2.31361e-20,4.87207e-19,4.75026e-19
1.02096e-25,2.31480e-24,4.48792e-27,1.04668e-25,9.76823e-26,2.43581e-23,5.42647e-22,1.08752e-24,2.49259e-23,2.33732e-23,3.63208e-21,7.86081e-20,1.66283e-22,3.70956e-21,3.49606e-21,4.75026e-19,9.79765e-18,2.26652e-20,4.84241e-19,4.58649e-19
9.76823e-26,2.21853e-24,4.28729e-27,1.02096e-25,9.12715e-26,2.33732e-23,5.21741e-22,1.04167e-24,2.43581e-23,2.19223e-23,3.49606e-21,7.58312e-20,1.59731e-22,3.63208e-21,3.29254e-21,4.58649e-19,9.48179e-18,2.18363e-20,4.75026e-19,4.33747e-19
9.12715e-26,2.07750e-24,3.99801e-27,9.76823e-26,8.27120e-26,2.19223e-23,4.90617e-22,9.74735e-25,2.33732e-23,1.99546e-23,3.29254e-21,7.16242e-20,1.50035e-22,3.49606e-21,3.01174e-21,4.33747e-19,8.99481e-18,2.05914e-20,4.58649e-19,3.98771e-19
8.27120e-26,1.88741e-24,3.61495e-27,9.12715e-26,7.19139e-26,1.99546e-23,4.47909e-22,8.84882e-25,2.19223e-23,1.74338e-23,3.01174e-21,6.57385e-20,1.36818e-22,3.29254e-21,2.64582e-21,3.98771e-19,8.30018e-18,1.88669e-20,4.33747e-19,3.52369e-19
7.19139e-26,1.64529e-24,3.13574e-27,8.27120e-26,5.89077e-26,1.74338e-23,3.92550e-22,7.70949e-25,1.99546e-23,1.43566e-23,2.64582e-21,5.79617e-20,1.19805e-22,3.01174e-21,2.19219e-21,3.52369e-19,7.36422e-18,1.66104e-20,3.98771e-19,2.93866e-19
5.89077e-26,1.35107e-24,2.56299e-27,7.19139e-26,4.38919e-26,1.43566e-23,3.24237e-22,6.33182e-25,1.74338e-23,1.07700e-23,2.19219e-21,4.81959e-20,9.89502e-23,2.64582e-21,1.65651e-21,2.93866e-19,6.16697e-18,1.38018e-20,3.52369e-19,2.23737e-19
4.38919e-26,1.00884e-24,1.90605e-27,5.89077e-26,2.72543e-26,1.07700e-23,2.43879e-22,4.73895e-25,1.43566e-23,6.78454e-24,1.65651e-21,3.65367e-20,7.45591e-23,2.19219e-21,1.05461e-21,2.23737e-19,4.71383e-18,1.04719e-20,2.93866e-19,1.43921e-19
2.72543e-26,6.27504e-25,1.18176e-27,4.38919e-26,9.60429e-27,6.78454e-24,1.53957e-22,2.97975e-25,1.07700e-23,2.61149e-24,1.05461e-21,2.33257e-20,4.73533e-23,1.65651e-21,4.27972e-22,1.43921e-19,3.04395e-18,6.71389e-21,2.23737e-19,6.01053e-20
1.18167e-27,2.72527e-26,5.11594e-29,4.15621e-28,1.90592e-27,2.97964e-25,6.78432e-24,1.30481e-26,1.14465e-25,4.73878e-25,4.73524e-23,1.05459e-21,2.11383e-24,1.91433e-23,7.45578e-23,6.71382e-21,1.43920e-19,3.09708e-22,2.78426e-21,1.04718e-20
1.90592e-27,4.38894e-26,8.26260e-29,1.18167e-27,2.56284e-27,4.73878e-25,1.07697e-23,2.07855e-26,2.97964e-25,6.33163e-25,7.45578e-23,1.65648e-21,3.33530e-24,4.73524e-23,9.89486e-23,1.04718e-20,2.23736e-19,4.84446e-22,6.71382e-21,1.38017e-20
2.56284e-27,5.89048e-26,1.11292e-28,1.90592e-27,3.13559e-27,6.33163e-25,1.43563e-23,2.78293e-26,4.73878e-25,7.70929e-25,9.89486e-23,2.19216e-21,4.43749e-24,7.45578e-23,1.19804e-22,1.38017e-20,2.93864e-19,6.40434e-22,1.04718e-20,1.66103e-20
3.13559e-27,7.19108e-26,1.36429e-28,2.56284e-27,3.61481e-27,7.70929e-25,1.74334e-23,3.39646e-26,6.33163e-25,8.84862e-25,1.19804e-22,2.64579e-21,5.38788e-24,9.89486e-23,1.36817e-22,1.66103e-20,3.52367e-19,7.73290e-22,1.38017e-20,1.88668e-20
3.61481e-27,8.27091e-26,1.57605e-28,3.13559e-27,3.99788e-27,8.84862e-25,1.99543e-23,3.90810e-26,7.70929e-25,9.74718e-25,1.36817e-22,3.01171e-21,6.17095e-24,1.19804e-22,1.50034e-22,1.88668e-20,3.98769e-19,8.81253e-22,1.66103e-20,2.05913e-20
3.99788e-27,9.12690e-26,1.74657e-28,3.61481e-27,4.28719e-27,9.74718e-25,2.19220e-23,4.31526e-26,8.84862e-25,1.04166e-24,1.50034e-22,3.29252e-21,6.78585e-24,1.36817e-22,1.59730e-22,2.05913e-20,4.33745e-19,9.64788e-22,1.88668e-20,2.18362e-20
4.28719e-27,9.76803e-26,1.87629e-28,3.99788e-27,4.48785e-27,1.04166e-24,2.33730e-23,4.62130e-26,9.74718e-25,1.08751e-24,1.59730e-22,3.49604e-21,7.24183e-24,1.50034e-22,1.66282e-22,2.18362e-20,4.58647e-19,1.02583e-21,2.05913e-20,2.26652e-20
4.48785e-27,1.02094e-25,1.96683e-28,4.28719e-27,4.60545e-27,1.08751e-24,2.43580e-23,4.83264e-26,1.04166e-24,1.11414e-24,1.66282e-22,3.63207e-21,7.55290e-24,1.59730e-22,1.70046e-22,2.26652e-20,4.75025e-19,1.06693e-21,2.18362e-20,2.31361e-20
4.60545e-27,1.04667e-25,2.02016e-28,4.48785e-27,4.64415e-27,1.11414e-24,2.49258e-23,4.95607e-26,1.08751e-24,1.12285e-24,1.70046e-22,3.70955e-21,7.73291e-24,1.66282e-22,1.71271e-22,2.31361e-20,4.84241e-19,1.09048e-21,2.26652e-20,2.32884e-20
4.64415e-27,1.05511e-25,2.03775e-28,4.60545e-27,4.60549e-27,1.12285e-24,2.51110e-23,4.99662e-26,1.11414e-24,1.11414e-24,1.71271e-22,3.73466e-21,7.79173e-24,1.70046e-22,1.70046e-22,2.32884e-20,4.87207e-19,1.09813e-21,2.31361e-20,2.31361e-20
4.60549e-27,1.04668e-25,2.02018e-28,4.64415e-27,4.48792e-27,1.11414e-24,2.49259e-23,4.95610e-26,1.12285e-24,1.08752e-24,1.70046e-22,3.70956e-21,7.73293e-24,1.71271e-22,1.66283e-22,2.31361e-20,4.84241e-19,1.09048e-21,2.32884e-20,2.26652e-20
4.48792e-27,1.02096e-25,1.96687e-28,4.60549e-27,4.28729e-27,1.08752e-24,2.43581e-23,4.83269e-26,1.11414e-24,1.04167e-24,1.66283e-22,3.63208e-21,7.55295e-24,1.70046e-22,1.59731e-22,2.26652e-20,4.75026e-19,1.06693e-21,2.31361e-20,2.18363e-20
4.28729e-27,9.76823e-26,1.87634e-28,4.48792e-27,3.99801e-27,1.04167e-24,2.33732e-23,4.62137e-26,1.08752e-24,9.74735e-25,1.59731e-22,3.49606e-21,7.24189e-24,1.66283e-22,1.50035e-22,2.18363e-20,4.58649e-19,1.02584e-21,2.26652e-20,2.05914e-20
3.99801e-27,9.12715e-26,1.74663e-28,4.28729e-27,3.61495e-27,9.74735e-25,2.19223e-23,4.31535e-26,1.04167e-24,8.84882e-25,1.50035e-22,3.29254e-21,6.78593e-24,1.59731e-22,1.36818e-22,2.05914e-20,4.33747e-19,9.64794e-22,2.18363e-20,1.88669e-20
3.61495e-27,8.27120e-26,1.57613e-28,3.99801e-27,3.13574e-27,8.84882e-25,1.99546e-23,3.90820e-26,9.74735e-25,7.70949e-25,1.36818e-22,3.01174e-21,6.17104e-24,1.50035e-22,1.19805e-22,1.88669e-20,3.98771e-19,8.81259e-22,2.05914e-20,1.66104e-20
3.13574e-27,7.19139e-26,1.36437e-28,3.61495e-27,2.56299e-27,7.70949e-25,1.74338e-23,3.39657e-26,8.84882e-25,6.33182e-25,1.19805e-22,2.64582e-21,5.38797e-24,1.36818e-22,9.89502e-23,1.66104e-20,3.52369e-19,7.73297e-22,1.88669e-20,1.38018e-20
2.56299e-27,5.89077e-26,1.11299e-28,3.13574e-27,1.90605e-27,6.33182e-25,1.43566e-23,2.78303e-26,7.70949e-25,4.73895e-25,9.89502e-23,2.19219e-21,4.43757e-24,1.19805e-22,7.45591e-23,1.38018e-20,2.93866e-19,6.40440e-22,1.66104e-20,1.04719e-20
1.90605e-27,4.38919e-26,8.26321e-29,2.56299e-27,1.18176e-27,4.73895e-25,1.07700e-23,2.07864e-26,6.33182e-25,2.97975e-25,7.45591e-23,1.65651e-21,3.33537e-24,9.89502e-23,4.73533e-23,1.04719e-20,2.23737e-19,4.84451e-22,1.38018e-20,6.71389e-21
1.18176e-27,2.72543e-26,5.11636e-29,1.90605e-27,4.15654e-28,2.97975e-25,6.78454e-24,1.30487e-26,4.73895e-25,1.14470e-25,4.73533e-23,1.05461e-21,2.11388e-24,7.45591e-23,1.91437e-23,6.71389e-21,1.43921e-19,3.09712e-22,1.04719e-20,2.78429e-21
5.11594e-29,1.18167e-27,2.21181e-30,1.79627e-29,8.26260e-29,1.30481e-26,2.97964e-25,5.69916e-28,5.00379e-27,2.07855e-26,2.11383e-24,4.73524e-23,9.38940e-26,8.51782e-25,3.33530e-24,3.09708e-22,6.71382e-21,1.41528e-23,1.27682e-22,4.84446e-22
8.26260e-29,1.90592e-27,3.57650e-30,5.11594e-29,1.11292e-28,2.07855e-26,4.73878e-25,9.09188e-28,1.30481e-26,2.78293e-26,3.33530e-24,7.45578e-23,1.48424e-25,2.11383e-24,4.43749e-24,4.84446e-22,1.04718e-20,2.21929e-23,3.09708e-22,6.40434e-22
1.11292e-28,2.56284e-27,4.82453e-30,8.26260e-29,1.36429e-28,2.78293e-26,6.33163e-25,1.21951e-27,2.07855e-26,3.39646e-26,4.43749e-24,9.89486e-23,1.97909e-25,3.33530e-24,5.38788e-24,6.40434e-22,1.38017e-20,2.94176e-23,4.84446e-22,7.73290e-22
1.36429e-28,3.13559e-27,5.92450e-30,1.11292e-28,1.57605e-28,3.39646e-26,7.70929e-25,1.49149e-27,2.78293e-26,3.90810e-26,5.38788e-24,1.19804e-22,2.40898e-25,4.43749e-24,6.17095e-24,7.73290e-22,1.66103e-20,3.56242e-23,6.40434e-22,8.81253e-22
1.57605e-28,3.61481e-27,6.85666e-30,1.36429e-28,1.74657e-28,3.90810e-26,8.84862e-25,1.71997e-27,3.39646e-26,4.31526e-26,6.17095e-24,1.36817e-22,2.76629e-25,5.38788e-24,6.78585e-24,8.81253e-22,1.88668e-20,4.07191e-23,7.73290e-22,9.64788e-22
1.74657e-28,3.99788e-27,7.61212e-30,1.57605e-28,1.87629e-28,4.31526e-26,9.74718e-25,1.90323e-27,3.90810e-26,4.62130e-26,6.78585e-24,1.50034e-22,3.04954e-25,6.17095e-24,7.24183e-24,9.64788e-22,2.05913e-20,4.47046e-23,8.81253e-22,1.02583e-21
1.87629e-28,4.28719e-27,8.19045e-30,1.74657e-28,1.96683e-28,4.62130e-26,1.04166e-24,2.04206e-27,4.31526e-26,4.83264e-26,7.24183e-24,1.59730e-22,3.26157e-25,6.78585e-24,7.55290e-24,1.02583e-21,2.18362e-20,4.76489e-23,9.64788e-22,1.06693e-21
1.96683e-28,4.48785e-27,8.59642e-30,1.87629e-28,2.02016e-28,4.83264e-26,1.08751e-24,2.13859e-27,4.62130e-26,4.95607e-26,7.55290e-24,1.66282e-22,3.40744e-25,7.24183e-24,7.73291e-24,1.06693e-21,2.26652e-20,4.96507e-23,1.02583e-21,1.09048e-21
2.02016e-28,4.60545e-27,8.83649e-30,1.96683e-28,2.03775e-28,4.95607e-26,1.11414e-24,2.19528e-27,4.83264e-26,4.99662e-26,7.73291e-24,1.70046e-22,3.49238e-25,7.55290e-24,7.79173e-24,1.09048e-21,2.31361e-20,5.08060e-23,1.06693e-21,1.09813e-21
2.03775e-28,4.64415e-27,8.91589e-30,2.02016e-28,2.02018e-28,4.99662e-26,1.12285e-24,2.21395e-27,4.95607e-26,4.95610e-26,7.79173e-24,1.71271e-22,3.52024e-25,7.73291e-24,7.73293e-24,1.09813e-21,2.32884e-20,5.11829e-23,1.09048e-21,1.09048e-21
2.02018e-28,4.60549e-27,8.83658e-30,2.03775e-28,1.96687e-28,4.95610e-26,1.11414e-24,2.19529e-27,4.99662e-26,4.83269e-26,7.73293e-24,1.70046e-22,3.49239e-25,7.79173e-24,7.55295e-24,1.09048e-21,2.31361e-20,5.08061e-23,1.09813e-21,1.06693e-21
1.96687e-28,4.48792e-27,8.59659e-30,2.02018e-28,1.87634e-28,4.83269e-26,1.08752e-24,2.13862e-27,4.95610e-26,4.62137e-26,7.55295e-24,1.66283e-22,3.40746e-25,7.73293e-24,7.24189e-24,1.06693e-21,2.26652e-20,4.96508e-23,1.09048e-21,1.02584e-21
1.87634e-28,4.28729e-27,8.19071e-30,1.96687e-28,1.74663e-28,4.62137e-26,1.04167e-24,2.04210e-27,4.83269e-26,4.31535e-26,7.24189e-24,1.59731e-22,3.26160e-25,7.55295e-24,6.78593e-24,1.02584e-21,2.18363e-20,4.76492e-23,1.06693e-21,9.64794e-22
1.74663e-28,3.99801e-27,7.61244e-30,1.87634e-28,1.57613e-28,4.31535e-26,9.74735e-25,1.90328e-27,4.62137e-26,3.90820e-26,6.78593e-24,1.50035e-22,3.04958e-25,7.24189e-24,6.17104e-24,9.64794e-22,2.05914e-20,4.47050e-23,1.02584e-21,8.81259e-22
1.57613e-28,3.61495e-27,6.85703e-30,1.74663e-28,1.36437e-28,3.90820e-26,8.84882e-25,1.72002e-27,4.31535e-26,3.39657e-26,6.17104e-24,1.36818e-22,2.76634e-25,6.78593e-24,5.38797e-24,8.81259e-22,1.88669e-20,4.07195e-23,9.64794e-22,7.73297e-22
1.36437e-28,3.13574e-27,5.92488e-30,1.57613e-28,1.11299e-28,3.39657e-26,7.70949e-25,1.49154e-27,3.90820e-26,2.78303e-26,5.38797e-24,1.19805e-22,2.40903e-25,6.17104e-24,4.43757e-24,7.73297e-22,1.66104e-20,3.56245e-23,8.81259e-22,6.40440e-22
1.11299e-28,2.56299e-27,4.82488e-30,1.36437e-28,8.26321e-29,2.78303e-26,6.33182e-25,1.21956e-27,3.39657e-26,2.07864e-26,4.43757e-24,9.89502e-23,1.97914e-25,5.38797e-24,3.33537e-24,6.40440e-22,1.38018e-20,2.94179e-23,7.73297e-22,4.84451e-22
8.26321e-29,1.90605e-27,3.57680e-30,1.11299e-28,5.11636e-29,2.07864e-26,4.73895e-25,9.09231e-28,2.78303e-26,1.30487e-26,3.33537e-24,7.45591e-23,1.48428e-25,4.43757e-24,2.11388e-24,4.84451e-22,1.04719e-20,2.21932e-23,6.40440e-22,3.09712e-22
5.11636e-29,1.18176e-27,2.21201e-30,8.26321e-29,1.79643e-29,1.30487e-26,2.97975e-25,5.69945e-28,2.07864e-26,5.00404e-27,2.11388e-24,4.73533e-23,9.38965e-26,3.33537e-24,8.51804e-25,3.09712e-22,6.71389e-21,1.41530e-23,4.84451e-22,1.27684e-22
2.21181e-30,5.11594e-29,9.55017e-32,7.75360e-31,3.57650e-30,5.69916e-28,1.30481e-26,2.48359e-29,2.18218e-28,9.09188e-28,9.38940e-26,2.11383e-24,4.15283e-27,3.77286e-26,1.48424e-25,1.41528e-23,3.09708e-22,6.41597e-25,5.80562e-24,2.21929e-23
3.57650e-30,8.26260e-29,1.54592e-31,2.21181e-30,4.82453e-30,9.09188e-28,2.07855e-26,3.96717e-29,5.69916e-28,1.21951e-27,1.48424e-25,3.33530e-24,6.57536e-27,9.38940e-26,1.97909e-25,2.21929e-23,4.84446e-22,1.00827e-24,1.41528e-23,2.94176e-23
4.82453e-30,1.11292e-28,2.08814e-31,3.57650e-30,5.92450e-30,1.21951e-27,2.78293e-26,5.32982e-29,9.09188e-28,1.49149e-27,1.97909e-25,4.43749e-24,8.78476e-27,1.48424e-25,2.40898e-25,2.94176e-23,6.40434e-22,1.33968e-24,2.21929e-23,3.56242e-23
5.92450e-30,1.36429e-28,2.56819e-31,4.82453e-30,6.85666e-30,1.49149e-27,3.39646e-26,6.53069e-29,1.21951e-27,1.71997e-27,2.40898e-25,5.38788e-24,1.07168e-26,1.97909e-25,2.76629e-25,3.56242e-23,7.73290e-22,1.62657e-24,2.94176e-23,4.07191e-23
6.85666e-30,1.57605e-28,2.97714e-31,5.92450e-30,7.61212e-30,1.71997e-27,3.90810e-26,7.54599e-29,1.49149e-27,1.90323e-27,2.76629e-25,6.17095e-24,1.23351e-26,2.40898e-25,3.04954e-25,4.07191e-23,8.81253e-22,1.86420e-24,3.56242e-23,4.47046e-23
7.61212e-30,1.74657e-28,3.31044e-31,6.85666e-30,8.19045e-30,1.90323e-27,4.31526e-26,8.36604e-29,1.71997e-27,2.04206e-27,3.04954e-25,6.78585e-24,1.36287e-26,2.76629e-25,3.26157e-25,4.47046e-23,9.64788e-22,2.05190e-24,4.07191e-23,4.76489e-23
8.19045e-30,1.87629e-28,3.56701e-31,7.61212e-30,8.59642e-30,2.04206e-27,4.62130e-26,8.99151e-29,1.90323e-27,2.13859e-27,3.26157e-25,7.24183e-24,1.46050e-26,3.04954e-25,3.40744e-25,4.76489e-23,1.02583e-21,2.19191e-24,4.47046e-23,4.96507e-23
8.59642e-30,1.96683e-28,3.74799e-31,8.19045e-30,8.83649e-30,2.13859e-27,4.83264e-26,9.42907e-29,2.04206e-27,2.19528e-27,3.40744e-25,7.55290e-24,1.52817e-26,3.26157e-25,3.49238e-25,4.96507e-23,1.06693e-21,2.28791e-24,4.76489e-23,5.08060e-23
8.83649e-30,2.02016e-28,3.85541e-31,8.59642e-30,8.91589e-30,2.19528e-27,4.95607e-26,9.68716e-29,2.13859e-27,2.21395e-27,3.49238e-25,7.73291e-24,1.56779e-26,3.40744e-25,3.52024e-25,5.08060e-23,1.09048e-21,2.34369e-24,4.96507e-23,5.11829e-23
8.91589e-30,2.03775e-28,3.89101e-31,8.83649e-30,8.83658e-30,2.21395e-27,4.99662e-26,9.77239e-29,2.19528e-27,2.19529e-27,3.52024e-25,7.79173e-24,1.58082e-26,3.49238e-25,3.49239e-25,5.11829e-23,1.09813e-21,2.36195e-24,5.08060e-23,5.08061e-23
8.83658e-30,2.02018e-28,3.85546e-31,8.91589e-30,8.59659e-30,2.19529e-27,4.95610e-26,9.68723e-29,2.21395e-27,2.13862e-27,3.49239e-25,7.73293e-24,1.56780e-26,3.52024e-25,3.40746e-25,5.08061e-23,1.09048e-21,2.34369e-24,5.11829e-23,4.96508e-23
8.59659e-30,1.96687e-28,3.74808e-31,8.83658e-30,8.19071e-30,2.13862e-27,4.83269e-26,9.42921e-29,2.19529e-27,2.04210e-27,3.40746e-25,7.55295e-24,1.52818e-26,3.49239e-25,3.26160e-25,4.96508e-23,1.06693e-21,2.28792e-24,5.08061e-23,4.76492e-23
8.19071e-30,1.87634e-28,3.56714e-31,8.59659e-30,7.61244e-30,2.04210e-27,4.62137e-26,8.99170e-29,2.13862e-27,1.90328e-27,3.26160e-25,7.24189e-24,1.46052e-26,3.40746e-25,3.04958e-25,4.76492e-23,1.02584e-21,2.19192e-24,4.96508e-23,4.47050e-23
7.61244e-30,1.74663e-28,3.31060e-31,8.19071e-30,6.85703e-30,1.90328e-27,4.31535e-26,8.36628e-29,2.04210e-27,1.72002e-27,3.04958e-25,6.78593e-24,1.36289e-26,3.26160e-25,2.76634e-25,4.47050e-23,9.64794e-22,2.05192e-24,4.76492e-23,4.07195e-23
6.85703e-30,1.57613e-28,2.97732e-31,7.61244e-30,5.92488e-30,1.72002e-27,3.90820e-26,7.54626e-29,1.90328e-27,1.49154e-27,2.76634e-25,6.17104e-24,1.23353e-26,3.04958e-25,2.40903e-25,4.07195e-23,8.81259e-22,1.86422e-24,4.47050e-23,3.56245e-23
5.92488e-30,1.36437e-28,2.56837e-31,6.85703e-30,4.82488e-30,1.49154e-27,3.39657e-26,6.53096e-29,1.72002e-27,1.21956e-27,2.40903e-25,5.38797e-24,1.07170e-26,2.76634e-25,1.97914e-25,3.56245e-23,7.73297e-22,1.62659e-24,4.07195e-23,2.94179e-23
4.82488e-30,1.11299e-28,2.08831e-31,5.92488e-30,3.57680e-30,1.21956e-27,2.78303e-26,5.33007e-29,1.49154e-27,9.09231e-28,1.97914e-25,4.43757e-24,8.78499e-27,2.40903e-25,1.48428e-25,2.94179e-23,6.40440e-22,1.33970e-24,3.56245e-23,2.21932e-23
3.57680e-30,8.26321e-29,1.54606e-31,4.82488e-30,2.21201e-30,9.09231e-28,2.07864e-26,3.96739e-29,1.21956e-27,5.69945e-28,1.48428e-25,3.33537e-24,6.57556e-27,1.97914e-25,9.38965e-26,2.21932e-23,4.84451e-22,1.00829e-24,2.94179e-23,1.41530e-23
2.21201e-30,5.11636e-29,9.55114e-32,3.57680e-30,7.75439e-31,5.69945e-28,1.30487e-26,2.48373e-29,9.09231e-28,2.18230e-28,9.38965e-26,2.11388e-24,4.15297e-27,1.48428e-25,3.77297e-26,1.41530e-23,3.09712e-22,6.41608e-25,2.21932e-23,5.80572e-24
9.55017e-32,2.21181e-30,4.11865e-33,3.34296e-32,1.54592e-31,2.48359e-29,5.69916e-28,1.08008e-30,9.49639e-30,3.96717e-29,4.15283e-27,9.38940e-26,1.82993e-28,1.66459e-27,6.57536e-27,6.41597e-25,1.41528e-23,2.88881e-26,2.62066e-25,1.00827e-24
1.54592e-31,3.57650e-30,6.67340e-33,9.55017e-32,2.08814e-31,3.96717e-29,9.09188e-28,1.72725e-30,2.48359e-29,5.32982e-29,6.57536e-27,1.48424e-25,2.90159e-28,4.15283e-27,8.78476e-27,1.00827e-24,2.21929e-23,4.54843e-26,6.41597e-25,1.33968e-24
2.08814e-31,4.82453e-30,9.02475e-33,1.54592e-31,2.56819e-31,5.32982e-29,1.21951e-27,2.32386e-30,3.96717e-29,6.53069e-29,8.78476e-27,1.97909e-25,3.88329e-28,6.57536e-27,1.07168e-26,1.33968e-24,2.94176e-23,6.05622e-26,1.00827e-24,1.62657e-24
2.56819e-31,5.92450e-30,1.11147e-32,2.08814e-31,2.97714e-31,6.53069e-29,1.49149e-27,2.85219e-30,5.32982e-29,7.54599e-29,1.07168e-26,2.40898e-25,4.74675e-28,8.78476e-27,1.23351e-26,1.62657e-24,3.56242e-23,7.37034e-26,1.33968e-24,1.86420e-24
2.97714e-31,6.85666e-30,1.29034e-32,2.56819e-31,3.31044e-31,7.54599e-29,1.71997e-27,3.30143e-30,6.53069e-29,8.36604e-29,1.23351e-26,2.76629e-25,5.47496e-28,1.07168e-26,1.36287e-26,1.86420e-24,4.07191e-23,8.46754e-26,1.62657e-24,2.05190e-24
3.31044e-31,7.61212e-30,1.43685e-32,2.97714e-31,3.56701e-31,8.36604e-29,1.90323e-27,3.66648e-30,7.54599e-29,8.99151e-29,1.36287e-26,3.04954e-25,6.06135e-28,1.23351e-26,1.46050e-26,2.05190e-24,4.47046e-23,9.34168e-26,1.86420e-24,2.19191e-24
3.56701e-31,8.19045e-30,1.55018e-32,3.31044e-31,3.74799e-31,8.99151e-29,2.04206e-27,3.94659e-30,8.36604e-29,9.42907e-29,1.46050e-26,3.26157e-25,6.50715e-28,1.36287e-26,1.52817e-26,2.19191e-24,4.76489e-23,9.99927e-26,2.05190e-24,2.28791e-24
3.74799e-31,8.59642e-30,1.63045e-32,3.56701e-31,3.85541e-31,9.42907e-29,2.13859e-27,4.14359e-30,8.99151e-29,9.68716e-29,1.52817e-26,3.40744e-25,6.81809e-28,1.46050e-26,1.56779e-26,2.28791e-24,4.96507e-23,1.04536e-25,2.19191e-24,2.34369e-24
3.85541e-31,8.83649e-30,1.67825e-32,3.74799e-31,3.89101e-31,9.68716e-29,2.19528e-27,4.26024e-30,9.42907e-29,9.77239e-29,1.56779e-26,3.49238e-25,7.00106e-28,1.52817e-26,1.58082e-26,2.34369e-24,5.08060e-23,1.07191e-25,2.28791e-24,2.36195e-24
3.89101e-31,8.91589e-30,1.69412e-32,3.85541e-31,3.85546e-31,9.77239e-29,2.21395e-27,4.29885e-30,9.68716e-29,9.68723e-29,1.58082e-26,3.52024e-25,7.06140e-28,1.56779e-26,1.56780e-26,2.36195e-24,5.11829e-23,1.08063e-25,2.34369e-24,2.34369e-24
3.85546e-31,8.83658e-30,1.67827e-32,3.89101e-31,3.74808e-31,9.68723e-29,2.19529e-27,4.26028e-30,9.77239e-29,9.42921e-29,1.56780e-26,3.49239e-25,7.00109e-28,1.58082e-26,1.52818e-26,2.34369e-24,5.08061e-23,1.07192e-25,2.36195e-24,2.28792e-24
3.74808e-31,8.59659e-30,1.63050e-32,3.85546e-31,3.56714e-31,9.42921e-29,2.13862e-27,4.14365e-30,9.68723e-29,8.99170e-29,1.52818e-26,3.40746e-25,6.81815e-28,1.56780e-26,1.46052e-26,2.28792e-24,4.96508e-23,1.04537e-25,2.34369e-24,2.19192e-24
3.56714e-31,8.19071e-30,1.55024e-32,3.74808e-31,3.31060e-31,8.99170e-29,2.04210e-27,3.94669e-30,9.42921e-29,8.36628e-29,1.46052e-26,3.26160e-25,6.50724e-28,1.52818e-26,1.36289e-26,2.19192e-24,4.76492e-23,9.99935e-26,2.28792e-24,2.05192e-24
3.31060e-31,7.61244e-30,1.43693e-32,3.56714e-31,2.97732e-31,8.36628e-29,1.90328e-27,3.66660e-30,8.99170e-29,7.54626e-29,1.36289e-26,3.04958e-25,6.06146e-28,1.46052e-26,1.23353e-26,2.05192e-24,4.47050e-23,9.34177e-26,2.19192e-24,1.86422e-24
2.97732e-31,6.85703e-30,1.29043e-32,3.31060e-31,2.56837e-31,7.54626e-29,1.72002e-27,3.30156e-30,8.36628e-29,6.53096e-29,1.23353e-26,2.76634e-25,5.47509e-28,1.36289e-26,1.07170e-26,1.86422e-24,4.07195e-23,8.46764e-26,2.05192e-24,1.62659e-24
2.56837e-31,5.92488e-30,1.11156e-32,2.97732e-31,2.08831e-31,6.53096e-29,1.49154e-27,2.85233e-30,7.54626e-29,5.33007e-29,1.07170e-26,2.40903e-25,4.74688e-28,1.23353e-26,8.78499e-27,1.62659e-24,3.56245e-23,7.37044e-26,1.86422e-24,1.33970e-24
2.08831e-31,4.82488e-30,9.02557e-33,2.56837e-31,1.54606e-31,5.33007e-29,1.21956e-27,2.32399e-30,6.53096e-29,3.96739e-29,8.78499e-27,1.97914e-25,3.88341e-28,1.07170e-26,6.57556e-27,1.33970e-24,2.94179e-23,6.05632e-26,1.62659e-24,1.00829e-24
1.54606e-31,3.57680e-30,6.67408e-33,2.08831e-31,9.55114e-32,3.96739e-29,9.09231e-28,1.72736e-30,5.33007e-29,2.48373e-29,6.57556e-27,1.48428e-25,2.90169e-28,8.78499e-27,4.15297e-27,1.00829e-24,2.21932e-23,4.54852e-26,1.33970e-24,6.41608e-25
9.55114e-32,2.21201e-30,4.11911e-33,1.54606e-31,3.34334e-32,2.48373e-29,5.69945e-28,1.08016e-30,3.96739e-29,9.49700e-30,4.15297e-27,9.38965e-26,1.83000e-28,6.57556e-27,1.66465e-27,6.41608e-25,1.41530e-23,2.88887e-26,1.00829e-24,2.62072e-25
4.11865e-33,9.55017e-32,1.77425e-34,1.43975e-33,6.67340e-33,1.08008e-30,2.48359e-29,4.68848e-32,4.12473e-31,1.72725e-30,1.82993e-28,4.15283e-27,8.03724e-30,7.31909e-29,2.90159e-28,2.88881e-26,6.41597e-25,1.29308e-27,1.17562e-26,4.54843e-26
6.67340e-33,1.54592e-31,2.87727e-34,4.11865e-33,9.02475e-33,1.72725e-30,3.96717e-29,7.50539e-32,1.08008e-30,2.32386e-30,2.90159e-28,6.57536e-27,1.27604e-29,1.82993e-28,3.88329e-28,4.54843e-26,1.00827e-24,2.03939e-27,2.88881e-26,6.05622e-26
9.02475e-33,2.08814e-31,3.89519e-34,6.67340e-33,1.11147e-32,2.32386e-30,5.32982e-29,1.01107e-31,1.72725e-30,2.85219e-30,3.88329e-28,8.78476e-27,1.71041e-29,2.90159e-28,4.74675e-28,6.05622e-26,1.33968e-24,2.72053e-27,4.54843e-26,7.37034e-26
1.11147e-32,2.56819e-31,4.80311e-34,9.02475e-33,1.29034e-32,2.85219e-30,6.53069e-29,1.24278e-31,2.32386e-30,3.30143e-30,4.74675e-28,1.07168e-26,2.09443e-29,3.88329e-28,5.47496e-28,7.37034e-26,1.62657e-24,3.31777e-27,6.05622e-26,8.46754e-26
1.29034e-32,2.97714e-31,5.58336e-34,1.11147e-32,1.43685e-32,3.30143e-30,7.54599e-29,1.44079e-31,2.85219e-30,3.66648e-30,5.47496e-28,1.23351e-26,2.42026e-29,4.74675e-28,6.06135e-28,8.46754e-26,1.86420e-24,3.81997e-27,7.37034e-26,9.34168e-26
1.43685e-32,3.31044e-31,6.22522e-34,1.29034e-32,1.55018e-32,3.66648e-30,8.36604e-29,1.60256e-31,3.30143e-30,3.94659e-30,6.06135e-28,1.36287e-26,2.68433e-29,5.47496e-28,6.50715e-28,9.34168e-26,2.05190e-24,4.22314e-27,8.46754e-26,9.99927e-26
1.55018e-32,3.56701e-31,6.72382e-34,1.43685e-32,1.63045e-32,3.94659e-30,8.99151e-29,1.72734e-31,3.66648e-30,4.14359e-30,6.50715e-28,1.46050e-26,2.88638e-29,6.06135e-28,6.81809e-28,9.99927e-26,2.19191e-24,4.52872e-27,9.34168e-26,1.04536e-25
1.63045e-32,3.74799e-31,7.07833e-34,1.55018e-32,1.67825e-32,4.14359e-30,9.42907e-29,1.81550e-31,3.94659e-30,4.26024e-30,6.81809e-28,1.52817e-26,3.02810e-29,6.50715e-28,7.00106e-28,1.04536e-25,2.28791e-24,4.74128e-27,9.99927e-26,1.07191e-25
1.67825e-32,3.85541e-31,7.28999e-34,1.63045e-32,1.69412e-32,4.26024e-30,9.68716e-29,1.86789e-31,4.14359e-30,4.29885e-30,7.00106e-28,1.56779e-26,3.11185e-29,6.81809e-28,7.06140e-28,1.07191e-25,2.34369e-24,4.86611e-27,1.04536e-25,1.08063e-25
1.69412e-32,3.89101e-31,7.36037e-34,1.67825e-32,1.67827e-32,4.29885e-30,9.77239e-29,1.88526e-31,4.26024e-30,4.26028e-30,7.06140e-28,1.58082e-26,3.13953e-29,7.00106e-28,7.00109e-28,1.08063e-25,2.36195e-24,4.90722e-27,1.07191e-25,1.07192e-25
1.67827e-32,3.85546e-31,7.29010e-34,1.69412e-32,1.63050e-32,4.26028e-30,9.68723e-29,1.86791e-31,4.29885e-30,4.14365e-30,7.00109e-28,1.56780e-26,3.11186e-29,7.06140e-28,6.81815e-28,1.07192e-25,2.34369e-24,4.86612e-27,1.08063e-25,1.04537e-25
1.63050e-32,3.74808e-31,7.07853e-34,1.67827e-32,1.55024e-32,4.14365e-30,9.42921e-29,1.81554e-31,4.26028e-30,3.94669e-30,6.81815e-28,1.52818e-26,3.02813e-29,7.00109e-28,6.50724e-28,1.04537e-25,2.28792e-24,4.74131e-27,1.07192e-25,9.99935e-26
1.55024e-32,3.56714e-31,6.72411e-34,1.63050e-32,1.43693e-32,3.94669e-30,8.99170e-29,1.72739e-31,4.14365e-30,3.66660e-30,6.50724e-28,1.46052e-26,2.88643e-29,6.81815e-28,6.06146e-28,9.99935e-26,2.19192e-24,4.52876e-27,1.04537e-25,9.34177e-26
1.43693e-32,3.31060e-31,6.22558e-34,1.55024e-32,1.29043e-32,3.66660e-30,8.36628e-29,1.60262e-31,3.94669e-30,3.30156e-30,6.06146e-28,1.36289e-26,2.68439e-29,6.50724e-28,5.47509e-28,9.34177e-26,2.05192e-24,4.22319e-27,9.99935e-26,8.46764e-26
1.29043e-32,2.97732e-31,5.58376e-34,1.43693e-32,1.11156e-32,3.30156e-30,7.54626e-29,1.44086e-31,3.66660e-30,2.85233e-30,5.47509e-28,1.23353e-26,2.42032e-29,6.06146e-28,4.74688e-28,8.46764e-26,1.86422e-24,3.82003e-27,9.34177e-26,7.37044e-26
1.11156e-32,2.56837e-31,4.80353e-34,1.29043e-32,9.02557e-33,2.85233e-30,6.53096e-29,1.24285e-31,3.30156e-30,2.32399e-30,4.74688e-28,1.07170e-26,2.09449e-29,5.47509e-28,3.88341e-28,7.37044e-26,1.62659e-24,3.31783e-27,8.46764e-26,6.05632e-26
9.02557e-33,2.08831e-31,3.89557e-34,1.11156e-32,6.67408e-33,2.32399e-30,5.33007e-29,1.01114e-31,2.85233e-30,1.72736e-30,3.88341e-28,8.78499e-27,1.71047e-29,4.74688e-28,2.90169e-28,6.05632e-26,1.33970e-24,2.72058e-27,7.37044e-26,4.54852e-26
6.67408e-33,1.54606e-31,2.87759e-34,9.02557e-33,4.11911e-33,1.72736e-30,3.96739e-29,7.50591e-32,2.32399e-30,1.08016e-30,2.90169e-28,6.57556e-27,1.27609e-29,3.88341e-28,1.83000e-28,4.54852e-26,1.00829e-24,2.03943e-27,6.05632e-26,2.88887e-26
4.11911e-33,9.55114e-32,1.77446e-34,6.67408e-33,1.43993e-33,1.08016e-30,2.48373e-29,4.68883e-32,1.72736e-30,4.12503e-31,1.83000e-28,4.15297e-27,8.03758e-30,2.90169e-28,7.31940e-29,2.88887e-26,6.41608e-25,1.29311e-27,4.54852e-26,1.17565e-26
1.77425e-34,4.11865e-33,7.63519e-36,6.19447e-35,2.87727e-34,4.68848e-32,1.08008e-30,2.03177e-33,1.78846e-32,7.50539e-32,8.03724e-30,1.82993e-28,3.51988e-31,3.20847e-30,1.27604e-29,1.29308e-27,2.88881e-26,5.75867e-29,5.24546e-28,2.03939e-27
2.87727e-34,6.67340e-33,1.23915e-35,1.77425e-34,3.89519e-34,7.50539e-32,1.72725e-30,3.25546e-33,4.68848e-32,1.01107e-31,1.27604e-29,2.90159e-28,5.59473e-31,8.03724e-30,1.71041e-29,2.03939e-27,4.54843e-26,9.09585e-29,1.29308e-27,2.72053e-27
3.89519e-34,9.02475e-33,1.67912e-35,2.87727e-34,4.80311e-34,1.01107e-31,2.32386e-30,4.39054e-33,7.50539e-32,1.24278e-31,1.71041e-29,3.88329e-28,7.50956e-31,1.27604e-29,2.09443e-29,2.72053e-27,6.05622e-26,1.21541e-28,2.03939e-27,3.31777e-27
4.80311e-34,1.11147e-32,2.07276e-35,3.89519e-34,5.58336e-34,1.24278e-31,2.85219e-30,5.40386e-33,1.01107e-31,1.44079e-31,2.09443e-29,4.74675e-28,9.21015e-31,1.71041e-29,2.42026e-29,3.31777e-27,7.37034e-26,1.48501e-28,2.72053e-27,3.81997e-27
5.58336e-34,1.29034e-32,2.41227e-35,4.80311e-34,6.22522e-34,1.44079e-31,3.30143e-30,6.27364e-33,1.24278e-31,1.60256e-31,2.42026e-29,5.47496e-28,1.06608e-30,2.09443e-29,2.68433e-29,3.81997e-27,8.46754e-26,1.71313e-28,3.31777e-27,4.22314e-27
6.22522e-34,1.43685e-32,2.69264e-35,5.58336e-34,6.72382e-34,1.60256e-31,3.66648e-30,6.98760e-33,1.44079e-31,1.72734e-31,2.68433e-29,6.06135e-28,1.18432e-30,2.42026e-29,2.88638e-29,4.22314e-27,9.34168e-26,1.89751e-28,3.81997e-27,4.52872e-27
6.72382e-34,1.55018e-32,2.91125e-35,6.22522e-34,7.07833e-34,1.72734e-31,3.94659e-30,7.54085e-33,1.60256e-31,1.81550e-31,2.88638e-29,6.50715e-28,1.27530e-30,2.68433e-29,3.02810e-29,4.52872e-27,9.99927e-26,2.03820e-28,4.22314e-27,4.74128e-27
7.07833e-34,1.63045e-32,3.06719e-35,6.72382e-34,7.28999e-34,1.81550e-31,4.14359e-30,7.93332e-33,1.72734e-31,1.86789e-31,3.02810e-29,6.81809e-28,1.33942e-30,2.88638e-29,3.11185e-29,4.74128e-27,1.04536e-25,2.13664e-28,4.52872e-27,4.86611e-27
7.28999e-34,1.67825e-32,3.16051e-35,7.07833e-34,7.36037e-34,1.86789e-31,4.26024e-30,8.16723e-33,1.81550e-31,1.88526e-31,3.11185e-29,7.00106e-28,1.37746e-30,3.02810e-29,3.13953e-29,4.86611e-27,1.07191e-25,2.19470e-28,4.74128e-27,4.90722e-27
7.36037e-34,1.69412e-32,3.19158e-35,7.28999e-34,7.29010e-34,1.88526e-31,4.29885e-30,8.24491e-33,1.86789e-31,1.86791e-31,3.13953e-29,7.06140e-28,1.39006e-30,3.11185e-29,3.11186e-29,4.90722e-27,1.08063e-25,2.21387e-28,4.86611e-27,4.86612e-27
7.29010e-34,1.67827e-32,3.16056e-35,7.36037e-34,7.07853e-34,1.86791e-31,4.26028e-30,8.16731e-33,1.88526e-31,1.81554e-31,3.11186e-29,7.00109e-28,1.37747e-30,3.13953e-29,3.02813e-29,4.86612e-27,1.07192e-25,2.19470e-28,4.90722e-27,4.74131e-27
7.07853e-34,1.63050e-32,3.06728e-35,7.29010e-34,6.72411e-34,1.81554e-31,4.14365e-30,7.93348e-33,1.86791e-31,1.72739e-31,3.02813e-29,6.81815e-28,1.33944e-30,3.11186e-29,2.88643e-29,4.74131e-27,1.04537e-25,2.13665e-28,4.86612e-27,4.52876e-27
6.72411e-34,1.55024e-32,2.91139e-35,7.07853e-34,6.22558e-34,1.72739e-31,3.94669e-30,7.54108e-33,1.81554e-31,1.60262e-31,2.88643e-29,6.50724e-28,1.27532e-30,3.02813e-29,2.68439e-29,4.52876e-27,9.99935e-26,2.03822e-28,4.74131e-27,4.22319e-27
6.22558e-34,1.43693e-32,2.69281e-35,6.72411e-34,5.58376e-34,1.60262e-31,3.66660e-30,6.98789e-33,1.72739e-31,1.44086e-31,2.68439e-29,6.06146e-28,1.18435e-30,2.88643e-29,2.42032e-29,4.22319e-27,9.34177e-26,1.89754e-28,4.52876e-27,3.82003e-27
5.58376e-34,1.29043e-32,2.41246e-35,6.22558e-34,4.80353e-34,1.44086e-31,3.30156e-30,6.27396e-33,1.60262e-31,1.24285e-31,2.42032e-29,5.47509e-28,1.06611e-30,2.68439e-29,2.09449e-29,3.82003e-27,8.46764e-26,1.71316e-28,4.22319e-27,3.31783e-27
4.80353e-34,1.11156e-32,2.07296e-35,5.58376e-34,3.89557e-34,1.24285e-31,2.85233e-30,5.40419e-33,1.44086e-31,1.01114e-31,2.09449e-29,4.74688e-28,9.21048e-31,2.42032e-29,1.71047e-29,3.31783e-27,7.37044e-26,1.48504e-28,3.82003e-27,2.72058e-27
3.89557e-34,9.02557e-33,1.67930e-35,4.80353e-34,2.87759e-34,1.01114e-31,2.32399e-30,4.39085e-33,1.24285e-31,7.50591e-32,1.71047e-29,3.88341e-28,7.50987e-31,2.09449e-29,1.27609e-29,2.72058e-27,6.05632e-26,1.21544e-28,3.31783e-27,2.03943e-27
2.87759e-34,6.67408e-33,1.23930e-35,3.89557e-34,1.77446e-34,7.50591e-32,1.72736e-30,3.25571e-33,1.01114e-31,4.68883e-32,1.27609e-29,2.90169e-28,5.59498e-31,1.71047e-29,8.03758e-30,2.03943e-27,4.54852e-26,9.09608e-29,2.72058e-27,1.29311e-27
1.77446e-34,4.11911e-33,7.63620e-36,2.87759e-34,6.19529e-35,4.68883e-32,1.08016e-30,2.03194e-33,7.50591e-32,1.78861e-32,8.03758e-30,1.83000e-28,3.52005e-31,1.27609e-29,3.20862e-30,1.29311e-27,2.88887e-26,5.75883e-29,2.03943e-27,5.24561e-28
7.63519e-36,1.77425e-34,3.28245e-37,2.66258e-36,1.23915e-35,2.03177e-33,4.68848e-32,8.79121e-35,7.74246e-34,3.25546e-33,3.51988e-31,8.03724e-30,1.53757e-32,1.40274e-31,5.59473e-31,5.75867e-29,1.29308e-27,2.55324e-30,2.32952e-29,9.09585e-29
1.23915e-35,2.87727e-34,5.33094e-37,7.63519e-36,1.67912e-35,3.25546e-33,7.50539e-32,1.40975e-34,2.03177e-33,4.39054e-33,5.59473e-31,1.27604e-29,2.44640e-32,3.51988e-31,7.50956e-31,9.09585e-29,2.03939e-27,4.03820e-30,5.75867e-29,1.21541e-28
1.67912e-35,3.89519e-34,7.22984e-37,1.23915e-35,2.07276e-35,4.39054e-33,1.01107e-31,1.90322e-34,3.25546e-33,5.40386e-33,7.50956e-31,1.71041e-29,3.28774e-32,5.59473e-31,9.21015e-31,1.21541e-28,2.72053e-27,5.40401e-30,9.09585e-29,1.48501e-28
2.07276e-35,4.80311e-34,8.93348e-37,1.67912e-35,2.41227e-35,5.40386e-33,1.24278e-31,2.34524e-34,4.39054e-33,6.27364e-33,9.21015e-31,2.09443e-29,4.03797e-32,7.50956e-31,1.06608e-30,1.48501e-28,3.31777e-27,6.61378e-30,1.21541e-28,1.71313e-28
2.41227e-35,5.58336e-34,1.04075e-36,2.07276e-35,2.69264e-35,6.27364e-33,1.44079e-31,2.72614e-34,5.40386e-33,6.98760e-33,1.06608e-30,2.42026e-29,4.68095e-32,9.21015e-31,1.18432e-30,1.71313e-28,3.81997e-27,7.64318e-30,1.48501e-28,1.89751e-28
2.69264e-35,6.22522e-34,1.16289e-36,2.41227e-35,2.91125e-35,6.98760e-33,1.60256e-31,3.04010e-34,6.27364e-33,7.54085e-33,1.18432e-30,2.68433e-29,5.20771e-32,1.06608e-30,1.27530e-30,1.89751e-28,4.22314e-27,8.48018e-30,1.71313e-28,2.03820e-28
2.91125e-35,6.72382e-34,1.25844e-36,2.69264e-35,3.06719e-35,7.54085e-33,1.72734e-31,3.28438e-34,6.98760e-33,7.93332e-33,1.27530e-30,2.88638e-29,5.61501e-32,1.18432e-30,1.33942e-30,2.03820e-28,4.52872e-27,9.12259e-30,1.89751e-28,2.13664e-28
3.06719e-35,7.07833e-34,1.32679e-36,2.91125e-35,3.16051e-35,7.93332e-33,1.81550e-31,3.45828e-34,7.54085e-33,8.16723e-33,1.33942e-30,3.02810e-29,5.90334e-32,1.27530e-30,1.37746e-30,2.13664e-28,4.74128e-27,9.57441e-30,2.03820e-28,2.19470e-28
3.16051e-35,7.28999e-34,1.36778e-36,3.06719e-35,3.19158e-35,8.16723e-33,1.86789e-31,3.56219e-34,7.93332e-33,8.24491e-33,1.37746e-30,3.11185e-29,6.07491e-32,1.33942e-30,1.39006e-30,2.19470e-28,4.86611e-27,9.84195e-30,2.13664e-28,2.21387e-28
3.19158e-35,7.36037e-34,1.38144e-36,3.16051e-35,3.16056e-35,8.24491e-33,1.88526e-31,3.59675e-34,8.16723e-33,8.16731e-33,1.39006e-30,3.13953e-29,6.13184e-32,1.37746e-30,1.37747e-30,2.21387e-28,4.90722e-27,9.93047e-30,2.19470e-28,2.19470e-28
3.16056e-35,7.29010e-34,1.36780e-36,3.19158e-35,3.06728e-35,8.16731e-33,1.86791e-31,3.56223e-34,8.24491e-33,7.93348e-33,1.37747e-30,3.11186e-29,6.07496e-32,1.39006e-30,1.33944e-30,2.19470e-28,4.86612e-27,9.84199e-30,2.21387e-28,2.13665e-28
3.06728e-35,7.07853e-34,1.32683e-36,3.16056e-35,2.91139e-35,7.93348e-33,1.81554e-31,3.45835e-34,8.16731e-33,7.54108e-33,1.33944e-30,3.02813e-29,5.90342e-32,1.37747e-30,1.27532e-30,2.13665e-28,4.74131e-27,9.57449e-30,2.19470e-28,2.03822e-28
2.91139e-35,6.72411e-34,1.25850e-36,3.06728e-35,2.69281e-35,7.54108e-33,1.72739e-31,3.28449e-34,7.93348e-33,6.98789e-33,1.27532e-30,2.88643e-29,5.61512e-32,1.33944e-30,1.18435e-30,2.03822e-28,4.52876e-27,9.12270e-30,2.13665e-28,1.89754e-28
2.69281e-35,6.22558e-34,1.16297e-36,2.91139e-35,2.41246e-35,6.98789e-33,1.60262e-31,3.04024e-34,7.54108e-33,6.27396e-33,1.18435e-30,2.68439e-29,5.20786e-32,1.27532e-30,1.06611e-30,1.89754e-28,4.22319e-27,8.48032e-30,2.03822e-28,1.71316e-28
2.41246e-35,5.58376e-34,1.04084e-36,2.69281e-35,2.07296e-35,6.27396e-33,1.44086e-31,2.72629e-34,6.98789e-33,5.40419e-33,1.06611e-30,2.42032e-29,4.68112e-32,1.18435e-30,9.21048e-31,1.71316e-28,3.82003e-27,7.64333e-30,1.89754e-28,1.48504e-28
2.07296e-35,4.80353e-34,8.93438e-37,2.41246e-35,1.67930e-35,5.40419e-33,1.24285e-31,2.34540e-34,6.27396e-33,4.39085e-33,9.21048e-31,2.09449e-29,4.03813e-32,1.06611e-30,7.50987e-31,1.48504e-28,3.31783e-27,6.61393e-30,1.71316e-28,1.21544e-28
1.67930e-35,3.89557e-34,7.23068e-37,2.07296e-35,1.23930e-35,4.39085e-33,1.01114e-31,1.90337e-34,5.40419e-33,3.25571e-33,7.50987e-31,1.71047e-29,3.28789e-32,9.21048e-31,5.59498e-31,1.21544e-28,2.72058e-27,5.40415e-30,1.48504e-28,9.09608e-29
1.23930e-35,2.87759e-34,5.33163e-37,1.67930e-35,7.63620e-36,3.25571e-33,7.50591e-32,1.40987e-34,4.39085e-33,2.03194e-33,5.59498e-31,1.27609e-29,2.44653e-32,7.50987e-31,3.52005e-31,9.09608e-29,2.03943e-27,4.03832e-30,1.21544e-28,5.75883e-29
7.63620e-36,1.77446e-34,3.28291e-37,1.23930e-35,2.66297e-36,2.03194e-33,4.68883e-32,8.79202e-35,3.25571e-33,7.74315e-34,3.52005e-31,8.03758e-30,1.53765e-32,5.59498e-31,1.40282e-31,5.75883e-29,1.29311e-27,2.55332e-30,9.09608e-29,2.32960e-29
3.28245e-37,7.63519e-36,1.40984e-38,1.14343e-37,5.33094e-37,8.79121e-35,2.03177e-33,3.79845e-36,3.34693e-35,1.40975e-34,1.53757e-32,3.51988e-31,6.70104e-34,6.11818e-33,2.44640e-32,2.55324e-30,5.75867e-29,1.12764e-31,1.03031e-30,4.03820e-30
5.33094e-37,1.23915e-35,2.29114e-38,3.28245e-37,7.22984e-37,1.40975e-34,3.25546e-33,6.09563e-36,8.79121e-35,1.90322e-34,2.44640e-32,5.59473e-31,1.06716e-33,1.53757e-32,3.28774e-32,4.03820e-30,9.09585e-29,1.78557e-31,2.55324e-30,5.40401e-30
7.22984e-37,1.67912e-35,3.10960e-38,5.33094e-37,8.93348e-37,1.90322e-34,4.39054e-33,8.23687e-36,1.40975e-34,2.34524e-34,3.28774e-32,7.50956e-31,1.43574e-33,2.44640e-32,4.03797e-32,5.40401e-30,1.21541e-28,2.39268e-31,4.03820e-30,6.61378e-30
8.93348e-37,2.07276e-35,3.84569e-38,7.22984e-37,1.04075e-36,2.34524e-34,5.40386e-33,1.01606e-35,1.90322e-34,2.72614e-34,4.03797e-32,9.21015e-31,1.76560e-33,3.28774e-32,4.68095e-32,6.61378e-30,1.48501e-28,2.93272e-31,5.40401e-30,7.64318e-30
1.04075e-36,2.41227e-35,4.48439e-38,8.93348e-37,1.16289e-36,2.72614e-34,6.27364e-33,1.18240e-35,2.34524e-34,3.04010e-34,4.68095e-32,1.06608e-30,2.04948e-33,4.03797e-32,5.20771e-32,7.64318e-30,1.71313e-28,3.39453e-31,6.61378e-30,8.48018e-30
1.16289e-36,2.69264e-35,5.01520e-38,1.04075e-36,1.25844e-36,3.04010e-34,6.98760e-33,1.32001e-35,2.72614e-34,3.28438e-34,5.20771e-32,1.18432e-30,2.28309e-33,4.68095e-32,5.61501e-32,8.48018e-30,1.89751e-28,3.77202e-31,7.64318e-30,9.12259e-30
1.25844e-36,2.91125e-35,5.43162e-38,1.16289e-36,1.32679e-36,3.28438e-34,7.54085e-33,1.42747e-35,3.04010e-34,3.45828e-34,5.61501e-32,1.27530e-30,2.46450e-33,5.20771e-32,5.90334e-32,9.12259e-30,2.03820e-28,4.06326e-31,8.48018e-30,9.57441e-30
1.32679e-36,3.06719e-35,5.73026e-38,1.25844e-36,1.36778e-36,3.45828e-34,7.93332e-33,1.50420e-35,3.28438e-34,3.56219e-34,5.90334e-32,1.33942e-30,2.59342e-33,5.61501e-32,6.07491e-32,9.57441e-30,2.13664e-28,4.26902e-31,9.12259e-30,9.84195e-30
1.36778e-36,3.16051e-35,5.90970e-38,1.32679e-36,1.38144e-36,3.56219e-34,8.16723e-33,1.55016e-35,3.45828e-34,3.59675e-34,6.07491e-32,1.37746e-30,2.67034e-33,5.90334e-32,6.13184e-32,9.84195e-30,2.19470e-28,4.39128e-31,9.57441e-30,9.93047e-30
1.38144e-36,3.19158e-35,5.96956e-38,1.36778e-36,1.36780e-36,3.59675e-34,8.24491e-33,1.56546e-35,3.56219e-34,3.56223e-34,6.13184e-32,1.39006e-30,2.69591e-33,6.07491e-32,6.07496e-32,9.93047e-30,2.21387e-28,4.43181e-31,9.84195e-30,9.84199e-30
1.36780e-36,3.16056e-35,5.90981e-38,1.38144e-36,1.32683e-36,3.56223e-34,8.16731e-33,1.55018e-35,3.59675e-34,3.45835e-34,6.07496e-32,1.37747e-30,2.67037e-33,6.13184e-32,5.90342e-32,9.84199e-30,2.19470e-28,4.39130e-31,9.93047e-30,9.57449e-30
1.32683e-36,3.06728e-35,5.73046e-38,1.36780e-36,1.25850e-36,3.45835e-34,7.93348e-33,1.50424e-35,3.56223e-34,3.28449e-34,5.90342e-32,1.33944e-30,2.59346e-33,6.07496e-32,5.61512e-32,9.57449e-30,2.13665e-28,4.26907e-31,9.84199e-30,9.12270e-30
1.25850e-36,2.91139e-35,5.43192e-38,1.32683e-36,1.16297e-36,3.28449e-34,7.54108e-33,1.42752e-35,3.45835e-34,3.04024e-34,5.61512e-32,1.27532e-30,2.46456e-33,5.90342e-32,5.20786e-32,9.12270e-30,2.03822e-28,4.06331e-31,9.57449e-30,8.48032e-30
1.16297e-36,2.69281e-35,5.01556e-38,1.25850e-36,1.04084e-36,3.04024e-34,6.98789e-33,1.32008e-35,3.28449e-34,2.72629e-34,5.20786e-32,1.18435e-30,2.28316e-33,5.61512e-32,4.68112e-32,8.48032e-30,1.89754e-28,3.77209e-31,9.12270e-30,7.64333e-30
1.04084e-36,2.41246e-35,4.48480e-38,1.16297e-36,8.93438e-37,2.72629e-34,6.27396e-33,1.18247e-35,3.04024e-34,2.34540e-34,4.68112e-32,1.06611e-30,2.04956e-33,5.20786e-32,4.03813e-32,7.64333e-30,1.71316e-28,3.39461e-31,8.48032e-30,6.61393e-30
8.93438e-37,2.07296e-35,3.84611e-38,1.04084e-36,7.23068e-37,2.34540e-34,5.40419e-33,1.01613e-35,2.72629e-34,1.90337e-34,4.03813e-32,9.21048e-31,1.76568e-33,4.68112e-32,3.28789e-32,6.61393e-30,1.48504e-28,2.93280e-31,7.64333e-30,5.40415e-30
7.23068e-37,1.67930e-35,3.10999e-38,8.93438e-37,5.33163e-37,1.90337e-34,4.39085e-33,8.23756e-36,2.34540e-34,1.40987e-34,3.28789e-32,7.50987e-31,1.43582e-33,4.03813e-32,2.44653e-32,5.40415e-30,1.21544e-28,2.39276e-31,6.61393e-30,4.03832e-30
5.33163e-37,1.23930e-35,2.29146e-38,7.23068e-37,3.28291e-37,1.40987e-34,3.25571e-33,6.09620e-36,1.90337e-34,8.79202e-35,2.44653e-32,5.59498e-31,1.06722e-33,3.28789e-32,1.53765e-32,4.03832e-30,9.09608e-29,1.78563e-31,5.40415e-30,2.55332e-30
3.28291e-37,7.63620e-36,1.41006e-38,5.33163e-37,1.14360e-37,8.79202e-35,2.03194e-33,3.79883e-36,1.40987e-34,3.34726e-35,1.53765e-32,3.52005e-31,6.70146e-34,2.44653e-32,6.11856e-33,2.55332e-30,5.75883e-29,1.12768e-31,4.03832e-30,1.03035e-30
1.40984e-38,3.28245e-37,6.05008e-40,4.90615e-39,2.29114e-38,3.79845e-36,8.79121e-35,1.63906e-37,1.44489e-36,6.09563e-36,6.70104e-34,1.53757e-32,2.91440e-35,2.66277e-34,1.06716e-33,1.12764e-31,2.55324e-30,4.96310e-33,4.54051e-32,1.78557e-31
2.29114e-38,5.33094e-37,9.83760e-40,1.40984e-38,3.10960e-38,6.09563e-36,1.40975e-34,2.63205e-37,3.79845e-36,8.23687e-36,1.06716e-33,2.44640e-32,4.64505e-35,6.70104e-34,1.43574e-33,1.78557e-31,4.03820e-30,7.86715e-33,1.12764e-31,2.39268e-31
3.10960e-38,7.22984e-37,1.33609e-39,2.29114e-38,3.84569e-38,8.23687e-36,1.90322e-34,3.55951e-37,6.09563e-36,1.01606e-35,1.43574e-33,3.28774e-32,6.25554e-35,1.06716e-33,1.76560e-33,2.39268e-31,5.40401e-30,1.05546e-32,1.78557e-31,2.93272e-31
3.84569e-38,8.93348e-37,1.65365e-39,3.10960e-38,4.48439e-38,1.01606e-35,2.34524e-34,4.39496e-37,8.23687e-36,1.18240e-35,1.76560e-33,4.03797e-32,7.70140e-35,1.43574e-33,2.04948e-33,2.93272e-31,6.61378e-30,1.29543e-32,2.39268e-31,3.39453e-31
4.48439e-38,1.04075e-36,1.92988e-39,3.84569e-38,5.01520e-38,1.18240e-35,2.72614e-34,5.11959e-37,1.01606e-35,1.32001e-35,2.04948e-33,4.68095e-32,8.95039e-35,1.76560e-33,2.28309e-33,3.39453e-31,7.64318e-30,1.50154e-32,2.93272e-31,3.77202e-31
5.01520e-38,1.16289e-36,2.16006e-39,4.48439e-38,5.43162e-38,1.32001e-35,3.04010e-34,5.72103e-37,1.18240e-35,1.42747e-35,2.28309e-33,5.20771e-32,9.98224e-35,2.04948e-33,2.46450e-33,3.77202e-31,8.48018e-30,1.67081e-32,3.39453e-31,4.06326e-31
5.43162e-38,1.25844e-36,2.34109e-39,5.01520e-38,5.73026e-38,1.42747e-35,3.28438e-34,6.19211e-37,1.32001e-35,1.50420e-35,2.46450e-33,5.61501e-32,1.07866e-34,2.28309e-33,2.59342e-33,4.06326e-31,9.12259e-30,1.80200e-32,3.77202e-31,4.26902e-31
5.73026e-38,1.32679e-36,2.47121e-39,5.43162e-38,5.90970e-38,1.50420e-35,3.45828e-34,6.52943e-37,1.42747e-35,1.55016e-35,2.59342e-33,5.90334e-32,1.13601e-34,2.46450e-33,2.67034e-33,4.26902e-31,9.57441e-30,1.89507e-32,4.06326e-31,4.39128e-31
5.90970e-38,1.36778e-36,2.54951e-39,5.73026e-38,5.96956e-38,1.55016e-35,3.56219e-34,6.73187e-37,1.50420e-35,1.56546e-35,2.67034e-33,6.07491e-32,1.17032e-34,2.59342e-33,2.69591e-33,4.39128e-31,9.84195e-30,1.95053e-32,4.26902e-31,4.43181e-31
5.96956e-38,1.38144e-36,2.57566e-39,5.90970e-38,5.90981e-38,1.56546e-35,3.59675e-34,6.79936e-37,1.55016e-35,1.55018e-35,2.69591e-33,6.13184e-32,1.18173e-34,2.67034e-33,2.67037e-33,4.43181e-31,9.93047e-30,1.96894e-32,4.39128e-31,4.39130e-31
5.90981e-38,1.36780e-36,2.54956e-39,5.96956e-38,5.73046e-38,1.55018e-35,3.56223e-34,6.73196e-37,1.56546e-35,1.50424e-35,2.67037e-33,6.07496e-32,1.17033e-34,2.69591e-33,2.59346e-33,4.39130e-31,9.84199e-30,1.95054e-32,4.43181e-31,4.26907e-31
5.73046e-38,1.32683e-36,2.47130e-39,5.90981e-38,5.43192e-38,1.50424e-35,3.45835e-34,6.52961e-37,1.55018e-35,1.42752e-35,2.59346e-33,5.90342e-32,1.13603e-34,2.67037e-33,2.46456e-33,4.26907e-31,9.57449e-30,1.89509e-32,4.39130e-31,4.06331e-31
5.43192e-38,1.25850e-36,2.34123e-39,5.73046e-38,5.01556e-38,1.42752e-35,3.28449e-34,6.19236e-37,1.50424e-35,1.32008e-35,2.46456e-33,5.61512e-32,1.07869e-34,2.59346e-33,2.28316e-33,4.06331e-31,9.12270e-30,1.80203e-32,4.26907e-31,3.77209e-31
5.01556e-38,1.16297e-36,2.16023e-39,5.43192e-38,4.48480e-38,1.32008e-35,3.04024e-34,5.72134e-37,1.42752e-35,1.18247e-35,2.28316e-33,5.20786e-32,9.98260e-35,2.46456e-33,2.04956e-33,3.77209e-31,8.48032e-30,1.67085e-32,4.06331e-31,3.39461e-31
4.48480e-38,1.04084e-36,1.93007e-39,5.01556e-38,3.84611e-38,1.18247e-35,2.72629e-34,5.11993e-37,1.32008e-35,1.01613e-35,2.04956e-33,4.68112e-32,8.95079e-35,2.28316e-33,1.76568e-33,3.39461e-31,7.64333e-30,1.50158e-32,3.77209e-31,2.93280e-31
3.84611e-38,8.93438e-37,1.65384e-39,4.48480e-38,3.10999e-38,1.01613e-35,2.34540e-34,4.39531e-37,1.18247e-35,8.23756e-36,1.76568e-33,4.03813e-32,7.70181e-35,2.04956e-33,1.43582e-33,2.93280e-31,6.61393e-30,1.29547e-32,3.39461e-31,2.39276e-31
3.10999e-38,7.23068e-37,1.33627e-39,3.84611e-38,2.29146e-38,8.23756e-36,1.90337e-34,3.55984e-37,1.01613e-35,6.09620e-36,1.43582e-33,3.28789e-32,6.25591e-35,1.76568e-33,1.06722e-33,2.39276e-31,5.40415e-30,1.05550e-32,2.93280e-31,1.78563e-31
2.29146e-38,5.33163e-37,9.83907e-40,3.10999e-38,1.41006e-38,6.09620e-36,1.40987e-34,2.63232e-37,8.23756e-36,3.79883e-36,1.06722e-33,2.44653e-32,4.64536e-35,1.43582e-33,6.70146e-34,1.78563e-31,4.03832e-30,7.86746e-33,2.39276e-31,1.12768e-31
1.41006e-38,3.28291e-37,6.05106e-40,2.29146e-38,4.90695e-39,3.79883e-36,8.79202e-35,1.63924e-37,6.09620e-36,1.44504e-36,6.70146e-34,1.53765e-32,2.91461e-35,1.06722e-33,2.66296e-34,1.12768e-31,2.55332e-30,4.96331e-33,1.78563e-31,4.54069e-32
6.05008e-40,1.40984e-38,2.59410e-41,2.10337e-40,9.83760e-40,1.63906e-37,3.79845e-36,7.06404e-39,6.22988e-38,2.63205e-37,2.91440e-35,6.70104e-34,1.26514e-36,1.15665e-35,4.64505e-35,4.96310e-33,1.12764e-31,2.17775e-34,1.99457e-33,7.86715e-33
9.83760e-40,2.29114e-38,4.22026e-41,6.05008e-40,1.33609e-39,2.63205e-37,6.09563e-36,1.13504e-38,1.63906e-37,3.55951e-37,4.64505e-35,1.06716e-33,2.01789e-36,2.91440e-35,6.25554e-35,7.86715e-33,1.78557e-31,3.45525e-34,4.96310e-33,1.05546e-32
1.33609e-39,3.10960e-38,5.73522e-41,9.83760e-40,1.65365e-39,3.55951e-37,8.23687e-36,1.53611e-38,2.63205e-37,4.39496e-37,6.25554e-35,1.43574e-33,2.71990e-36,4.64505e-35,7.70140e-35,1.05546e-32,2.39268e-31,4.64055e-34,7.86715e-33,1.29543e-32
1.65365e-39,3.84569e-38,7.10329e-41,1.33609e-39,1.92988e-39,4.39496e-37,1.01606e-35,1.89825e-38,3.55951e-37,5.11959e-37,7.70140e-35,1.76560e-33,3.35195e-36,6.25554e-35,8.95039e-35,1.29543e-32,2.93272e-31,5.70247e-34,1.05546e-32,1.50154e-32
1.92988e-39,4.48439e-38,8.29595e-41,1.65365e-39,2.16006e-39,5.11959e-37,1.18240e-35,2.21320e-38,4.39496e-37,5.72103e-37,8.95039e-35,2.04948e-33,3.89973e-36,7.70140e-35,9.98224e-35,1.50154e-32,3.39453e-31,6.61816e-34,1.29543e-32,1.67081e-32
2.16006e-39,5.01520e-38,9.29208e-41,1.92988e-39,2.34109e-39,5.72103e-37,1.32001e-35,2.47536e-38,5.11959e-37,6.19211e-37,9.98224e-35,2.28309e-33,4.35385e-36,8.95039e-35,1.07866e-34,1.67081e-32,3.77202e-31,7.37333e-34,1.50154e-32,1.80200e-32
2.34109e-39,5.43162e-38,1.00773e-40,2.16006e-39,2.47121e-39,6.19211e-37,1.42747e-35,2.68126e-38,5.72103e-37,6.52943e-37,1.07866e-34,2.46450e-33,4.70905e-36,9.98224e-35,1.13601e-34,1.80200e-32,4.06326e-31,7.96100e-34,1.67081e-32,1.89507e-32
2.47121e-39,5.73026e-38,1.06427e-40,2.34109e-39,2.54951e-39,6.52943e-37,1.50420e-35,2.82905e-38,6.19211e-37,6.73187e-37,1.13601e-34,2.59342e-33,4.96304e-36,1.07866e-34,1.17032e-34,1.89507e-32,4.26902e-31,8.37935e-34,1.80200e-32,1.95053e-32
2.54951e-39,5.90970e-38,1.09835e-40,2.47121e-39,2.57566e-39,6.73187e-37,1.55016e-35,2.91791e-38,6.52943e-37,6.79936e-37,1.17032e-34,2.67034e-33,5.11532e-36,1.13601e-34,1.18173e-34,1.95053e-32,4.39128e-31,8.62931e-34,1.89507e-32,1.96894e-32
2.57566e-39,5.96956e-38,1.10974e-40,2.54951e-39,2.54956e-39,6.79936e-37,1.56546e-35,2.94756e-38,6.73187e-37,6.73196e-37,1.18173e-34,2.69591e-33,5.16604e-36,1.17032e-34,1.17033e-34,1.96894e-32,4.43181e-31,8.71243e-34,1.95053e-32,1.95054e-32
2.54956e-39,5.90981e-38,1.09838e-40,2.57566e-39,2.47130e-39,6.73196e-37,1.55018e-35,2.91795e-38,6.79936e-37,6.52961e-37,1.17033e-34,2.67037e-33,5.11537e-36,1.18173e-34,1.13603e-34,1.95054e-32,4.39130e-31,8.62937e-34,1.96894e-32,1.89509e-32
2.47130e-39,5.73046e-38,1.06432e-40,2.54956e-39,2.34123e-39,6.52961e-37,1.50424e-35,2.82914e-38,6.73196e-37,6.19236e-37,1.13603e-34,2.59346e-33,4.96314e-36,1.17033e-34,1.07869e-34,1.89509e-32,4.26907e-31,8.37945e-34,1.95054e-32,1.80203e-32
2.34123e-39,5.43192e-38,1.00779e-40,2.47130e-39,2.16023e-39,6.19236e-37,1.42752e-35,2.68138e-38,6.52961e-37,5.72134e-37,1.07869e-34,2.46456e-33,4.70919e-36,1.13603e-34,9.98260e-35,1.80203e-32,4.06331e-31,7.96115e-34,1.89509e-32,1.67085e-32
2.16023e-39,5.01556e-38,9.29287e-41,2.34123e-39,1.93007e-39,5.72134e-37,1.32008e-35,2.47551e-38,6.19236e-37,5.11993e-37,9.98260e-35,2.28316e-33,4.35403e-36,1.07869e-34,8.95079e-35,1.67085e-32,3.77209e-31,7.37351e-34,1.80203e-32,1.50158e-32
1.93007e-39,4.48480e-38,8.29683e-41,2.16023e-39,1.65384e-39,5.11993e-37,1.18247e-35,2.21336e-38,5.72134e-37,4.39531e-37,8.95079e-35,2.04956e-33,3.89992e-36,9.98260e-35,7.70181e-35,1.50158e-32,3.39461e-31,6.61836e-34,1.67085e-32,1.29547e-32
1.65384e-39,3.84611e-38,7.10418e-41,1.93007e-39,1.33627e-39,4.39531e-37,1.01613e-35,1.89841e-38,5.11993e-37,3.55984e-37,7.70181e-35,1.76568e-33,3.35214e-36,8.95079e-35,6.25591e-35,1.29547e-32,2.93280e-31,5.70267e-34,1.50158e-32,1.05550e-32
1.33627e-39,3.10999e-38,5.73605e-41,1.65384e-39,9.83907e-40,3.55984e-37,8.23756e-36,1.53627e-38,4.39531e-37,2.63232e-37,6.25591e-35,1.43582e-33,2.72008e-36,7.70181e-35,4.64536e-35,1.05550e-32,2.39276e-31,4.64074e-34,1.29547e-32,7.86746e-33
9.83907e-40,2.29146e-38,4.22094e-41,1.33627e-39,6.05106e-40,2.63232e-37,6.09620e-36,1.13516e-38,3.55984e-37,1.63924e-37,4.64536e-35,1.06722e-33,2.01804e-36,6.25591e-35,2.91461e-35,7.86746e-33,1.78563e-31,3.45541e-34,1.05550e-32,4.96331e-33
6.05106e-40,1.41006e-38,2.59455e-41,9.83907e-40,2.10374e-40,1.63924e-37,3.79883e-36,7.06487e-39,2.63232e-37,6.23061e-38,2.91461e-35,6.70146e-34,1.26524e-36,4.64536e-35,1.15674e-35,4.96331e-33,1.12768e-31,2.17785e-34,7.86746e-33,1.99466e-33
2.59410e-41,6.05008e-40,1.11138e-42,9.01054e-42,4.22026e-41,7.06404e-39,1.63906e-37,3.04100e-40,2.68301e-39,1.13504e-38,1.26514e-36,2.91440e-35,5.48254e-38,5.01536e-37,2.01789e-36,2.17775e-34,4.96310e-33,9.52957e-36,8.73683e-35,3.45525e-34
4.22026e-41,9.83760e-40,1.80892e-42,2.59410e-41,5.73522e-41,1.13504e-38,2.63205e-37,4.88885e-40,7.06404e-39,1.53611e-38,2.01789e-36,4.64505e-35,8.75035e-38,1.26514e-36,2.71990e-36,3.45525e-34,7.86715e-33,1.51325e-35,2.17775e-34,4.64055e-34
5.73522e-41,1.33609e-39,2.45962e-42,4.22026e-41,7.10329e-41,1.53611e-38,3.55951e-37,6.62069e-40,1.13504e-38,1.89825e-38,2.71990e-36,6.25554e-35,1.18038e-37,2.01789e-36,3.35195e-36,4.64055e-34,1.05546e-32,2.03431e-35,3.45525e-34,5.70247e-34
7.10329e-41,1.65365e-39,3.04822e-42,5.73522e-41,8.29595e-41,1.89825e-38,4.39496e-37,8.18765e-40,1.53611e-38,2.21320e-38,3.35195e-36,7.70140e-35,1.45599e-37,2.71990e-36,3.89973e-36,5.70247e-34,1.29543e-32,2.50253e-35,4.64055e-34,6.61816e-34
8.29595e-41,1.92988e-39,3.56237e-42,7.10329e-41,9.29208e-41,2.21320e-38,5.11959e-37,9.55372e-40,1.89825e-38,2.47536e-38,3.89973e-36,8.95039e-35,1.69556e-37,3.35195e-36,4.35385e-36,6.61816e-34,1.50154e-32,2.90769e-35,5.70247e-34,7.37333e-34
9.29208e-41,2.16006e-39,3.99268e-42,8.29595e-41,1.00773e-40,2.47536e-38,5.72103e-37,1.06937e-39,2.21320e-38,2.68126e-38,4.35385e-36,9.98224e-35,1.89477e-37,3.89973e-36,4.70905e-36,7.37333e-34,1.67081e-32,3.24306e-35,6.61816e-34,7.96100e-34
1.00773e-40,2.34109e-39,4.33255e-42,9.29208e-41,1.06427e-40,2.68126e-38,6.19211e-37,1.15912e-39,2.47536e-38,2.82905e-38,4.70905e-36,1.07866e-34,2.05106e-37,4.35385e-36,4.96304e-36,7.96100e-34,1.80200e-32,3.50498e-35,7.37333e-34,8.37935e-34
1.06427e-40,2.47121e-39,4.57770e-42,1.00773e-40,1.09835e-40,2.82905e-38,6.52943e-37,1.22368e-39,2.68126e-38,2.91791e-38,4.96304e-36,1.13601e-34,2.16310e-37,4.70905e-36,5.11532e-36,8.37935e-34,1.89507e-32,3.69201e-35,7.96100e-34,8.62931e-34
1.09835e-40,2.54951e-39,4.72564e-42,1.06427e-40,1.10974e-40,2.91791e-38,6.73187e-37,1.26256e-39,2.82905e-38,2.94756e-38,5.11532e-36,1.17032e-34,2.23040e-37,4.96304e-36,5.16604e-36,8.62931e-34,1.95053e-32,3.80403e-35,8.37935e-34,8.71243e-34
1.10974e-40,2.57566e-39,4.77512e-42,1.09835e-40,1.09838e-40,2.94756e-38,6.79936e-37,1.27554e-39,2.91791e-38,2.91795e-38,5.16604e-36,1.18173e-34,2.25284e-37,5.11532e-36,5.11537e-36,8.71243e-34,1.96894e-32,3.84132e-35,8.62931e-34,8.62937e-34
1.09838e-40,2.54956e-39,4.72575e-42,1.10974e-40,1.06432e-40,2.91795e-38,6.73196e-37,1.26258e-39,2.94756e-38,2.82914e-38,5.11537e-36,1.17033e-34,2.23042e-37,5.16604e-36,4.96314e-36,8.62937e-34,1.95054e-32,3.80405e-35,8.71243e-34,8.37945e-34
1.06432e-40,2.47130e-39,4.57791e-42,1.09838e-40,1.00779e-40,2.82914e-38,6.52961e-37,1.22372e-39,2.91795e-38,2.68138e-38,4.96314e-36,1.13603e-34,2.16315e-37,5.11537e-36,4.70919e-36,8.37945e-34,1.89509e-32,3.69207e-35,8.62937e-34,7.96115e-34
1.00779e-40,2.34123e-39,4.33285e-42,1.06432e-40,9.29287e-41,2.68138e-38,6.19236e-37,1.15918e-39,2.82914e-38,2.47551e-38,4.70919e-36,1.07869e-34,2.05112e-37,4.96314e-36,4.35403e-36,7.96115e-34,1.80203e-32,3.50505e-35,8.37945e-34,7.37351e-34
9.29287e-41,2.16023e-39,3.99305e-42,1.00779e-40,8.29683e-41,2.47551e-38,5.72134e-37,1.06944e-39,2.68138e-38,2.21336e-38,4.35403e-36,9.98260e-35,1.89486e-37,4.70919e-36,3.89992e-36,7.37351e-34,1.67085e-32,3.24315e-35,7.96115e-34,6.61836e-34
8.29683e-41,1.93007e-39,3.56278e-42,9.29287e-41,7.10418e-41,2.21336e-38,5.11993e-37,9.55448e-40,2.47551e-38,1.89841e-38,3.89992e-36,8.95079e-35,1.69565e-37,4.35403e-36,3.35214e-36,6.61836e-34,1.50158e-32,2.90779e-35,7.37351e-34,5.70267e-34
7.10418e-41,1.65384e-39,3.04864e-42,8.29683e-41,5.73605e-41,1.89841e-38,4.39531e-37,8.18841e-40,2.21336e-38,1.53627e-38,3.35214e-36,7.70181e-35,1.45609e-37,3.89992e-36,2.72008e-36,5.70267e-34,1.29547e-32,2.50263e-35,6.61836e-34,4.64074e-34
5.73605e-41,1.33627e-39,2.46000e-42,7.10418e-41,4.22094e-41,1.53627e-38,3.55984e-37,6.62140e-40,1.89841e-38,1.13516e-38,2.72008e-36,6.25591e-35,1.18047e-37,3.35214e-36,2.01804e-36,4.64074e-34,1.05550e-32,2.03440e-35,5.70267e-34,3.45541e-34
4.22094e-41,9.83907e-40,1.80924e-42,5.73605e-41,2.59455e-41,1.13516e-38,2.63232e-37,4.88942e-40,1.53627e-38,7.06487e-39,2.01804e-36,4.64536e-35,8.75104e-38,2.72008e-36,1.26524e-36,3.45541e-34,7.86746e-33,1.51333e-35,4.64074e-34,2.17785e-34
2.59455e-41,6.05106e-40,1.11159e-42,4.22094e-41,9.01226e-42,7.06487e-39,1.63924e-37,3.04138e-40,1.13516e-38,2.68335e-39,1.26524e-36,2.91461e-35,5.48301e-38,2.01804e-36,5.01578e-37,2.17785e-34,4.96331e-33,9.53008e-36,3.45541e-34,8.73729e-35
1.11138e-42,2.59410e-41,4.75783e-44,3.85709e-43,1.80892e-42,3.04100e-40,7.06404e-39,1.30772e-41,1.15423e-40,4.88885e-40,5.48254e-38,1.26514e-36,2.37214e-39,2.17120e-38,8.75035e-38,9.52957e-36,2.17775e-34,4.15978e-37,3.81722e-36,1.51325e-35
1.80892e-42,4.22026e-41,7.74731e-44,1.11138e-42,2.45962e-42,4.88885e-40,1.13504e-38,2.10337e-41,3.04100e-40,6.62069e-40,8.75035e-38,2.01789e-36,3.78826e-39,5.48254e-38,1.18038e-37,1.51325e-35,3.45525e-34,6.61055e-37,9.52957e-36,2.03431e-35
2.45962e-42,5.73522e-41,1.05393e-43,1.80892e-42,3.04822e-42,6.62069e-40,1.53611e-38,2.85014e-41,4.88885e-40,8.18765e-40,1.18038e-37,2.71990e-36,5.11380e-39,8.75035e-38,1.45599e-37,2.03431e-35,4.64055e-34,8.89436e-37,1.51325e-35,2.50253e-35
3.04822e-42,7.10329e-41,1.30687e-43,2.45962e-42,3.56237e-42,8.18765e-40,1.89825e-38,3.52707e-41,6.62069e-40,9.55372e-40,1.45599e-37,3.35195e-36,6.31292e-39,1.18038e-37,1.69556e-37,2.50253e-35,5.70247e-34,1.09521e-36,2.03431e-35,2.90769e-35
3.56237e-42,8.29595e-41,1.52819e-43,3.04822e-42,3.99268e-42,9.55372e-40,2.21320e-38,4.11848e-41,8.18765e-40,1.06937e-39,1.69556e-37,3.89973e-36,7.35792e-39,1.45599e-37,1.89477e-37,2.90769e-35,6.61816e-34,1.27382e-36,2.50253e-35,3.24306e-35
3.99268e-42,9.29208e-41,1.71377e-43,3.56237e-42,4.33255e-42,1.06937e-39,2.47536e-38,4.61311e-41,9.55372e-40,1.15912e-39,1.89477e-37,4.35385e-36,8.22929e-39,1.69556e-37,2.05106e-37,3.24306e-35,7.37333e-34,1.42215e-36,2.90769e-35,3.50498e-35
4.33255e-42,1.00773e-40,1.86059e-43,3.99268e-42,4.57770e-42,1.15912e-39,2.68126e-38,5.00339e-41,1.06937e-39,1.22368e-39,2.05106e-37,4.70905e-36,8.91467e-39,1.89477e-37,2.16310e-37,3.50498e-35,7.96100e-34,1.53837e-36,3.24306e-35,3.69201e-35
4.57770e-42,1.06427e-40,1.96666e-43,4.33255e-42,4.72564e-42,1.22368e-39,2.82905e-38,5.28462e-41,1.15912e-39,1.26256e-39,2.16310e-37,4.96304e-36,9.40714e-39,2.05106e-37,2.23040e-37,3.69201e-35,8.37935e-34,1.62158e-36,3.50498e-35,3.80403e-35
4.72564e-42,1.09835e-40,2.03074e-43,4.57770e-42,4.77512e-42,1.26256e-39,2.91791e-38,5.45420e-41,1.22368e-39,1.27554e-39,2.23040e-37,5.11532e-36,9.70344e-39,2.16310e-37,2.25284e-37,3.80403e-35,8.62931e-34,1.67152e-36,3.69201e-35,3.84132e-35
4.77512e-42,1.10974e-40,2.05218e-43,4.72564e-42,4.72575e-42,1.27554e-39,2.94756e-38,5.51087e-41,1.26256e-39,1.26258e-39,2.25284e-37,5.16604e-36,9.80234e-39,2.23040e-37,2.23042e-37,3.84132e-35,8.71243e-34,1.68816e-36,3.80403e-35,3.80405e-35
4.72575e-42,1.09838e-40,2.03079e-43,4.77512e-42,4.57791e-42,1.26258e-39,2.91795e-38,5.45429e-41,1.27554e-39,1.22372e-39,2.23042e-37,5.11537e-36,9.70356e-39,2.25284e-37,2.16315e-37,3.80405e-35,8.62937e-34,1.67153e-36,3.84132e-35,3.69207e-35
4.57791e-42,1.06432e-40,1.96676e-43,4.72575e-42,4.33285e-42,1.22372e-39,2.82914e-38,5.28481e-41,1.26258e-39,1.15918e-39,2.16315e-37,4.96314e-36,9.40737e-39,2.23042e-37,2.05112e-37,3.69207e-35,8.37945e-34,1.62161e-36,3.80405e-35,3.50505e-35
4.33285e-42,1.00779e-40,1.86073e-43,4.57791e-42,3.99305e-42,1.15918e-39,2.68138e-38,5.00365e-41,1.22372e-39,1.06944e-39,2.05112e-37,4.70919e-36,8.91499e-39,2.16315e-37,1.89486e-37,3.50505e-35,7.96115e-34,1.53840e-36,3.69207e-35,3.24315e-35
3.99305e-42,9.29287e-41,1.71394e-43,4.33285e-42,3.56278e-42,1.06944e-39,2.47551e-38,4.61343e-41,1.15918e-39,9.55448e-40,1.89486e-37,4.35403e-36,8.22969e-39,2.05112e-37,1.69565e-37,3.24315e-35,7.37351e-34,1.42220e-36,3.50505e-35,2.90779e-35
3.56278e-42,8.29683e-41,1.52838e-43,3.99305e-42,3.04864e-42,9.55448e-40,2.21336e-38,4.11883e-41,1.06944e-39,8.18841e-40,1.69565e-37,3.89992e-36,7.35835e-39,1.89486e-37,1.45609e-37,2.90779e-35,6.61836e-34,1.27387e-36,3.24315e-35,2.50263e-35
3.04864e-42,7.10418e-41,1.30706e-43,3.56278e-42,2.46000e-42,8.18841e-40,1.89841e-38,3.52743e-41,9.55448e-40,6.62140e-40,1.45609e-37,3.35214e-36,6.31336e-39,1.69565e-37,1.18047e-37,2.50263e-35,5.70267e-34,1.09526e-36,2.90779e-35,2.03440e-35
2.46000e-42,5.73605e-41,1.05411e-43,3.04864e-42,1.80924e-42,6.62140e-40,1.53627e-38,2.85047e-41,8.18841e-40,4.88942e-40,1.18047e-37,2.72008e-36,5.11420e-39,1.45609e-37,8.75104e-38,2.03440e-35,4.64074e-34,8.89481e-37,2.50263e-35,1.51333e-35
1.80924e-42,4.22094e-41,7.74877e-44,2.46000e-42,1.11159e-42,4.88942e-40,1.13516e-38,2.10364e-41,6.62140e-40,3.04138e-40,8.75104e-38,2.01804e-36,3.78858e-39,1.18047e-37,5.48301e-38,1.51333e-35,3.45541e-34,6.61092e-37,2.03440e-35,9.53008e-36
1.11159e-42,2.59455e-41,4.75880e-44,1.80924e-42,3.85789e-43,3.04138e-40,7.06487e-39,1.30790e-41,4.88942e-40,1.15439e-40,5.48301e-38,1.26524e-36,2.37236e-39,8.75104e-38,2.17139e-38,9.53008e-36,2.17785e-34,4.16003e-37,1.51333e-35,3.81745e-36
4.75783e-44,1.11138e-42,2.03533e-45,1.64990e-44,7.74731e-44,1.30772e-41,3.04100e-40,5.61795e-43,4.96047e-42,2.10337e-41,2.37214e-39,5.48254e-38,1.02486e-40,9.38530e-40,3.78826e-39,4.15978e-37,9.52957e-36,1.81177e-38,1.66394e-37,6.61055e-37
7.74731e-44,1.80892e-42,3.31548e-45,4.75783e-44,1.05393e-43,2.10337e-41,4.88885e-40,9.03999e-43,1.30772e-41,2.85014e-41,3.78826e-39,8.75035e-38,1.63756e-40,2.37214e-39,5.11380e-39,6.61055e-37,1.51325e-35,2.88113e-38,4.15978e-37,8.89436e-37
1.05393e-43,2.45962e-42,4.51230e-45,7.74731e-44,1.30687e-43,2.85014e-41,6.62069e-40,1.22560e-42,2.10337e-41,3.52707e-41,5.11380e-39,1.18038e-37,2.21195e-40,3.78826e-39,6.31292e-39,8.89436e-37,2.03431e-35,3.87949e-38,6.61055e-37,1.09521e-36
1.30687e-43,3.04822e-42,5.59801e-45,1.05393e-43,1.52819e-43,3.52707e-41,8.18765e-40,1.51759e-42,2.85014e-41,4.11848e-41,6.31292e-39,1.45599e-37,2.73260e-40,5.11380e-39,7.35792e-39,1.09521e-36,2.50253e-35,4.78117e-38,8.89436e-37,1.27382e-36
1.52819e-43,3.56237e-42,6.54950e-45,1.30687e-43,1.71377e-43,4.11848e-41,9.55372e-40,1.77319e-42,3.52707e-41,4.61311e-41,7.35792e-39,1.69556e-37,3.18737e-40,6.31292e-39,8.22929e-39,1.27382e-36,2.90769e-35,5.56599e-38,1.09521e-36,1.42215e-36
1.71377e-43,3.99268e-42,7.34858e-45,1.52819e-43,1.86059e-43,4.61311e-41,1.06937e-39,1.98738e-42,4.11848e-41,5.00339e-41,8.22929e-39,1.89477e-37,3.56750e-40,7.35792e-39,8.91467e-39,1.42215e-36,3.24306e-35,6.21966e-38,1.27382e-36,1.53837e-36
1.86059e-43,4.33255e-42,7.98179e-45,1.71377e-43,1.96666e-43,5.00339e-41,1.15912e-39,2.15670e-42,4.61311e-41,5.28462e-41,8.91467e-39,2.05106e-37,3.86718e-40,8.22929e-39,9.40714e-39,1.53837e-36,3.50498e-35,6.73322e-38,1.42215e-36,1.62158e-36
1.96666e-43,4.57770e-42,8.43983e-45,1.86059e-43,2.03074e-43,5.28462e-41,1.22368e-39,2.27892e-42,5.00339e-41,5.45420e-41,9.40714e-39,2.16310e-37,4.08295e-40,8.91467e-39,9.70344e-39,1.62158e-36,3.69201e-35,7.10185e-38,1.53837e-36,1.67152e-36
2.03074e-43,4.72564e-42,8.71681e-45,1.96666e-43,2.05218e-43,5.45420e-41,1.26256e-39,2.35270e-42,5.28462e-41,5.51087e-41,9.70344e-39,2.23040e-37,4.21296e-40,9.40714e-39,9.80234e-39,1.67152e-36,3.80403e-35,7.32346e-38,1.62158e-36,1.68816e-36
2.05218e-43,4.77512e-42,8.80955e-45,2.03074e-43,2.03079e-43,5.51087e-41,1.27554e-39,2.37737e-42,5.45420e-41,5.45429e-41,9.80234e-39,2.25284e-37,4.25639e-40,9.70344e-39,9.70356e-39,1.68816e-36,3.84132e-35,7.39739e-38,1.67152e-36,1.67153e-36
2.03079e-43,4.72575e-42,8.71705e-45,2.05218e-43,1.96676e-43,5.45429e-41,1.26258e-39,2.35274e-42,5.51087e-41,5.28481e-41,9.70356e-39,2.23042e-37,4.21301e-40,9.80234e-39,9.40737e-39,1.67153e-36,3.80405e-35,7.32352e-38,1.68816e-36,1.62161e-36
1.96676e-43,4.57791e-42,8.44029e-45,2.03079e-43,1.86073e-43,5.28481e-41,1.22372e-39,2.27900e-42,5.45429e-41,5.00365e-41,9.40737e-39,2.16315e-37,4.08306e-40,9.70356e-39,8.91499e-39,1.62161e-36,3.69207e-35,7.10197e-38,1.67153e-36,1.53840e-36
1.86073e-43,4.33285e-42,7.98245e-45,1.96676e-43,1.71394e-43,5.00365e-41,1.15918e-39,2.15683e-42,5.28481e-41,4.61343e-41,8.91499e-39,2.05112e-37,3.86734e-40,9.40737e-39,8.22969e-39,1.53840e-36,3.50505e-35,6.73339e-38,1.62161e-36,1.42220e-36
1.71394e-43,3.99305e-42,7.34939e-45,1.86073e-43,1.52838e-43,4.61343e-41,1.06944e-39,1.98753e-42,5.00365e-41,4.11883e-41,8.22969e-39,1.89486e-37,3.56768e-40,8.91499e-39,7.35835e-39,1.42220e-36,3.24315e-35,6.21988e-38,1.53840e-36,1.27387e-36
1.52838e-43,3.56278e-42,6.55039e-45,1.71394e-43,1.30706e-43,4.11883e-41,9.55448e-40,1.77335e-42,4.61343e-41,3.52743e-41,7.35835e-39,1.69565e-37,3.18757e-40,8.22969e-39,6.31336e-39,1.27387e-36,2.90779e-35,5.56623e-38,1.42220e-36,1.09526e-36
1.30706e-43,3.04864e-42,5.59891e-45,1.52838e-43,1.05411e-43,3.52743e-41,8.18841e-40,1.51776e-42,4.11883e-41,2.85047e-41,6.31336e-39,1.45609e-37,2.73280e-40,7.35835e-39,5.11420e-39,1.09526e-36,2.50263e-35,4.78141e-38,1.27387e-36,8.89481e-37
1.05411e-43,2.46000e-42,4.51313e-45,1.30706e-43,7.74877e-44,2.85047e-41,6.62140e-40,1.22575e-42,3.52743e-41,2.10364e-41,5.11420e-39,1.18047e-37,2.21213e-40,6.31336e-39,3.78858e-39,8.89481e-37,2.03440e-35,3.87971e-38,1.09526e-36,6.61092e-37
7.74877e-44,1.80924e-42,3.31617e-45,1.05411e-43,4.75880e-44,2.10364e-41,4.88942e-40,9.04123e-43,2.85047e-41,1.30790e-41,3.78858e-39,8.75104e-38,1.63771e-40,5.11420e-39,2.37236e-39,6.61092e-37,1.51333e-35,2.88131e-38,8.89481e-37,4.16003e-37
4.75880e-44,1.11159e-42,2.03579e-45,7.74877e-44,1.65027e-44,1.30790e-41,3.04138e-40,5.61878e-43,2.10364e-41,4.96119e-42,2.37236e-39,5.48301e-38,1.02496e-40,3.78858e-39,9.38623e-40,4.16003e-37,9.53008e-36,1.81189e-38,6.61092e-37,1.66405e-37
2.03533e-45,4.75783e-44,8.70078e-47,7.05270e-46,3.31548e-45,5.61795e-43,1.30772e-41,2.41118e-44,2.12977e-43,9.03999e-43,1.02486e-40,2.37214e-39,4.42187e-42,4.05134e-41,1.63756e-40,1.81177e-38,4.15978e-37,7.87509e-40,7.23803e-39,2.88113e-38
3.31548e-45,7.74731e-44,1.41783e-46,2.03533e-45,4.51230e-45,9.03999e-43,2.10337e-41,3.88142e-44,5.61795e-43,1.22560e-42,1.63756e-40,3.78826e-39,7.06878e-42,1.02486e-40,2.21195e-40,2.88113e-38,6.61055e-37,1.25309e-39,1.81177e-38,3.87949e-38
4.51230e-45,1.05393e-43,1.93039e-46,3.31548e-45,5.59801e-45,1.22560e-42,2.85014e-41,5.26470e-44,9.03999e-43,1.51759e-42,2.21195e-40,5.11380e-39,9.55365e-42,1.63756e-40,2.73260e-40,3.87949e-38,8.89436e-37,1.68847e-39,2.88113e-38,4.78117e-38
5.59801e-45,1.30687e-43,2.39593e-46,4.51230e-45,6.54950e-45,1.51759e-42,3.52707e-41,6.52253e-44,1.22560e-42,1.77319e-42,2.73260e-40,6.31292e-39,1.18100e-41,2.21195e-40,3.18737e-40,4.78117e-38,1.09521e-36,2.08252e-39,3.87949e-38,5.56599e-38
6.54950e-45,1.52819e-43,2.80448e-46,5.59801e-45,7.34858e-45,1.77319e-42,4.11848e-41,7.62538e-44,1.51759e-42,1.98738e-42,3.18737e-40,7.35792e-39,1.37849e-41,2.73260e-40,3.56750e-40,5.56599e-38,1.27382e-36,2.42635e-39,4.78117e-38,6.21966e-38
7.34858e-45,1.71377e-43,3.14808e-46,6.54950e-45,7.98179e-45,1.98738e-42,4.61311e-41,8.55122e-44,1.77319e-42,2.15670e-42,3.56750e-40,8.22929e-39,1.54392e-41,3.18737e-40,3.86718e-40,6.21966e-38,1.42215e-36,2.71346e-39,5.56599e-38,6.73322e-38
7.98179e-45,1.86059e-43,3.42072e-46,7.34858e-45,8.43983e-45,2.15670e-42,5.00339e-41,9.28434e-44,1.98738e-42,2.27892e-42,3.86718e-40,8.91467e-39,1.67461e-41,3.56750e-40,4.08295e-40,6.73322e-38,1.53837e-36,2.93959e-39,6.21966e-38,7.10185e-38
8.43983e-45,1.96666e-43,3.61817e-46,7.98179e-45,8.71681e-45,2.27892e-42,5.28462e-41,9.81425e-44,2.15670e-42,2.35270e-42,4.08295e-40,9.40714e-39,1.76887e-41,3.86718e-40,4.21296e-40,7.10185e-38,1.62158e-36,3.10225e-39,6.73322e-38,7.32346e-38
8.71681e-45,2.03074e-43,3.73768e-46,8.43983e-45,8.80955e-45,2.35270e-42,5.45420e-41,1.01345e-43,2.27892e-42,2.37737e-42,4.21296e-40,9.70344e-39,1.82574e-41,4.08295e-40,4.25639e-40,7.32346e-38,1.67152e-36,3.20019e-39,7.10185e-38,7.39739e-38
8.80955e-45,2.05218e-43,3.77771e-46,8.71681e-45,8.71705e-45,2.37737e-42,5.51087e-41,1.02417e-43,2.35270e-42,2.35274e-42,4.25639e-40,9.80234e-39,1.84475e-41,4.21296e-40,4.21301e-40,7.39739e-38,1.68816e-36,3.23289e-39,7.32346e-38,7.32352e-38
8.71705e-45,2.03079e-43,3.73779e-46,8.80955e-45,8.44029e-45,2.35274e-42,5.45429e-41,1.01347e-43,2.37737e-42,2.27900e-42,4.21301e-40,9.70356e-39,1.82576e-41,4.25639e-40,4.08306e-40,7.32352e-38,1.67153e-36,3.20022e-39,7.39739e-38,7.10197e-38
8.44029e-45,1.96676e-43,3.61839e-46,8.71705e-45,7.98245e-45,2.27900e-42,5.28481e-41,9.81466e-44,2.35274e-42,2.15683e-42,4.08306e-40,9.40737e-39,1.76892e-41,4.21301e-40,3.86734e-40,7.10197e-38,1.62161e-36,3.10231e-39,7.32352e-38,6.73339e-38
7.98245e-45,1.86073e-43,3.42103e-46,8.44029e-45,7.34939e-45,2.15683e-42,5.00365e-41,9.28491e-44,2.27900e-42,1.98753e-42,3.86734e-40,8.91499e-39,1.67468e-41,4.08306e-40,3.56768e-40,6.73339e-38,1.53840e-36,2.93967e-39,7.10197e-38,6.21988e-38
7.34939e-45,1.71394e-43,3.14846e-46,7.98245e-45,6.55039e-45,1.98753e-42,4.61343e-41,8.55191e-44,2.15683e-42,1.77335e-42,3.56768e-40,8.22969e-39,1.54401e-41,3.86734e-40,3.18757e-40,6.21988e-38,1.42220e-36,2.71356e-39,6.73339e-38,5.56623e-38
6.55039e-45,1.52838e-43,2.80490e-46,7.34939e-45,5.59891e-45,1.77335e-42,4.11883e-41,7.62614e-44,1.98753e-42,1.51776e-42,3.18757e-40,7.35835e-39,1.37859e-41,3.56768e-40,2.73280e-40,5.56623e-38,1.27387e-36,2.42646e-39,6.21988e-38,4.78141e-38
5.59891e-45,1.30706e-43,2.39636e-46,6.55039e-45,4.51313e-45,1.51776e-42,3.52743e-41,6.52330e-44,1.77335e-42,1.22575e-42,2.73280e-40,6.31336e-39,1.18110e-41,3.18757e-40,2.21213e-40,4.78141e-38,1.09526e-36,2.08264e-39,5.56623e-38,3.87971e-38
4.51313e-45,1.05411e-43,1.93078e-46,5.59891e-45,3.31617e-45,1.22575e-42,2.85047e-41,5.26541e-44,1.51776e-42,9.04123e-43,2.21213e-40,5.11420e-39,9.55453e-42,2.73280e-40,1.63771e-40,3.87971e-38,8.89481e-37,1.68857e-39,4.78141e-38,2.88131e-38
3.31617e-45,7.74877e-44,1.41815e-46,4.51313e-45,2.03579e-45,9.04123e-43,2.10364e-41,3.88200e-44,1.22575e-42,5.61878e-43,1.63771e-40,3.78858e-39,7.06949e-42,2.21213e-40,1.02496e-40,2.88131e-38,6.61092e-37,1.25317e-39,3.87971e-38,1.81189e-38
2.03579e-45,4.75880e-44,8.70291e-47,3.31617e-45,7.05444e-46,5.61878e-43,1.30790e-41,2.41156e-44,9.04123e-43,2.13011e-43,1.02496e-40,2.37236e-39,4.42235e-42,1.63771e-40,4.05178e-41,1.81189e-38,4.16003e-37,7.87566e-40,2.88131e-38,7.23855e-39
8.70078e-47,2.03533e-45,3.71697e-48,3.01277e-47,1.41783e-46,2.41118e-44,5.61795e-43,1.03393e-45,9.13583e-45,3.88142e-44,4.42187e-42,1.02486e-40,1.90547e-43,1.74660e-42,7.06878e-42,7.87509e-40,1.81177e-38,3.41670e-41,3.14249e-40,1.25309e-39
1.41783e-46,3.31548e-45,6.05890e-48,8.70078e-47,1.93039e-46,3.88142e-44,9.03999e-43,1.66497e-45,2.41118e-44,5.26470e-44,7.06878e-42,1.63756e-40,3.04739e-43,4.42187e-42,9.55365e-42,1.25309e-39,2.88113e-38,5.43967e-41,7.87509e-40,1.68847e-39
1.93039e-46,4.51230e-45,8.25221e-48,1.41783e-46,2.39593e-46,5.26470e-44,1.22560e-42,2.25930e-45,3.88142e-44,6.52253e-44,9.55365e-42,2.21195e-40,4.12072e-43,7.06878e-42,1.18100e-41,1.68847e-39,3.87949e-38,7.33418e-41,1.25309e-39,2.08252e-39
2.39593e-46,5.59801e-45,1.02464e-47,1.93039e-46,2.80448e-46,6.52253e-44,1.51759e-42,2.80043e-45,5.26470e-44,7.62538e-44,1.18100e-41,2.73260e-40,5.09691e-43,9.55365e-42,1.37849e-41,2.08252e-39,4.78117e-38,9.05214e-41,1.68847e-39,2.42635e-39
2.80448e-46,6.54950e-45,1.19986e-47,2.39593e-46,3.14808e-46,7.62538e-44,1.77319e-42,3.27560e-45,6.52253e-44,8.55122e-44,1.37849e-41,3.18737e-40,5.95287e-43,1.18100e-41,1.54392e-41,2.42635e-39,5.56599e-38,1.05544e-40,2.08252e-39,2.71346e-39
3.14808e-46,7.34858e-45,1.34742e-47,2.80448e-46,3.42072e-46,8.55122e-44,1.98738e-42,3.67512e-45,7.62538e-44,9.28434e-44,1.54392e-41,3.56750e-40,6.67123e-43,1.37849e-41,1.67461e-41,2.71346e-39,6.21966e-38,1.18117e-40,2.42635e-39,2.93959e-39
3.42072e-46,7.98179e-45,1.46464e-47,3.14808e-46,3.61817e-46,9.28434e-44,2.15670e-42,3.99195e-45,8.55122e-44,9.81425e-44,1.67461e-41,3.86718e-40,7.23976e-43,1.54392e-41,1.76887e-41,2.93959e-39,6.73322e-38,1.28041e-40,2.71346e-39,3.10225e-39
3.61817e-46,8.43983e-45,1.54962e-47,3.42072e-46,3.73768e-46,9.81425e-44,2.27892e-42,4.22125e-45,9.28434e-44,1.01345e-43,1.76887e-41,4.08295e-40,7.65044e-43,1.67461e-41,1.82574e-41,3.10225e-39,7.10185e-38,1.35194e-40,2.93959e-39,3.20019e-39
3.73768e-46,8.71681e-45,1.60109e-47,3.61817e-46,3.77771e-46,1.01345e-43,2.35270e-42,4.35996e-45,9.81425e-44,1.02417e-43,1.82574e-41,4.21296e-40,7.89850e-43,1.76887e-41,1.84475e-41,3.20019e-39,7.32346e-38,1.39507e-40,3.10225e-39,3.23289e-39
3.77771e-46,8.80955e-45,1.61835e-47,3.73768e-46,3.73779e-46,1.02417e-43,2.37737e-42,4.40640e-45,1.01345e-43,1.01347e-43,1.84475e-41,4.25639e-40,7.98148e-43,1.82574e-41,1.82576e-41,3.23289e-39,7.39739e-38,1.40948e-40,3.20019e-39,3.20022e-39
3.73779e-46,8.71705e-45,1.60115e-47,3.77771e-46,3.61839e-46,1.01347e-43,2.35274e-42,4.36005e-45,1.02417e-43,9.81466e-44,1.82576e-41,4.21301e-40,7.89862e-43,1.84475e-41,1.76892e-41,3.20022e-39,7.32352e-38,1.39508e-40,3.23289e-39,3.10231e-39
3.61839e-46,8.44029e-45,1.54972e-47,3.73779e-46,3.42103e-46,9.81466e-44,2.27900e-42,4.22144e-45,1.01347e-43,9.28491e-44,1.76892e-41,4.08306e-40,7.65068e-43,1.82576e-41,1.67468e-41,3.10231e-39,7.10197e-38,1.35197e-40,3.20022e-39,2.93967e-39
3.42103e-46,7.98245e-45,1.46479e-47,3.61839e-46,3.14846e-46,9.28491e-44,2.15683e-42,3.99222e-45,9.81466e-44,8.55191e-44,1.67468e-41,3.86734e-40,7.24009e-43,1.76892e-41,1.54401e-41,2.93967e-39,6.73339e-38,1.28046e-40,3.10231e-39,2.71356e-39
3.14846e-46,7.34939e-45,1.34759e-47,3.42103e-46,2.80490e-46,8.55191e-44,1.98753e-42,3.67545e-45,9.28491e-44,7.62614e-44,1.54401e-41,3.56768e-40,6.67164e-43,1.67468e-41,1.37859e-41,2.71356e-39,6.21988e-38,1.18122e-40,2.93967e-39,2.42646e-39
2.80490e-46,6.55039e-45,1.20006e-47,3.14846e-46,2.39636e-46,7.62614e-44,1.77335e-42,3.27595e-45,8.55191e-44,6.52330e-44,1.37859e-41,3.18757e-40,5.95332e-43,1.54401e-41,1.18110e-41,2.42646e-39,5.56623e-38,1.05549e-40,2.71356e-39,2.08264e-39
2.39636e-46,5.59891e-45,1.02484e-47,2.80490e-46,1.93078e-46,6.52330e-44,1.51776e-42,2.80079e-45,7.62614e-44,5.26541e-44,1.18110e-41,2.73280e-40,5.09736e-43,1.37859e-41,9.55453e-42,2.08264e-39,4.78141e-38,9.05269e-41,2.42646e-39,1.68857e-39
1.93078e-46,4.51313e-45,8.25405e-48,2.39636e-46,1.41815e-46,5.26541e-44,1.22575e-42,2.25963e-45,6.52330e-44,3.88200e-44,9.55453e-42,2.21213e-40,4.12113e-43,1.18110e-41,7.06949e-42,1.68857e-39,3.87971e-38,7.33468e-41,2.08264e-39,1.25317e-39
1.41815e-46,3.31617e-45,6.06040e-48,1.93078e-46,8.70291e-47,3.88200e-44,9.04123e-43,1.66524e-45,5.26541e-44,2.41156e-44,7.06949e-42,1.63771e-40,3.04772e-43,9.55453e-42,4.42235e-42,1.25317e-39,2.88131e-38,5.44007e-41,1.68857e-39,7.87566e-40
8.70291e-47,2.03579e-45,3.71796e-48,1.41815e-46,3.01358e-47,2.41156e-44,5.61878e-43,1.03411e-45,3.88200e-44,9.13739e-45,4.42235e-42,1.02496e-40,1.90569e-43,7.06949e-42,1.74680e-42,7.87566e-40,1.81189e-38,3.41697e-41,1.25317e-39,3.14274e-40
3.71697e-48,8.70078e-47,1.58686e-49,1.28617e-48,6.05890e-48,1.03393e-45,2.41118e-44,4.42977e-47,3.91552e-46,1.66497e-45,1.90547e-43,4.42187e-42,8.20143e-45,7.52089e-44,3.04739e-43,3.41670e-41,7.87509e-40,1.47987e-42,1.36198e-41,5.43967e-41
6.05890e-48,1.41783e-46,2.58745e-49,3.71697e-48,8.25221e-48,1.66497e-45,3.88142e-44,7.13575e-47,1.03393e-45,2.25930e-45,3.04739e-43,7.06878e-42,1.31216e-44,1.90547e-43,4.12072e-43,5.43967e-41,1.25309e-39,2.35724e-42,3.41670e-41,7.33418e-41
8.25221e-48,1.93039e-46,3.52523e-49,6.05890e-48,1.02464e-47,2.25930e-45,5.26470e-44,9.68660e-47,1.66497e-45,2.80043e-45,4.12072e-43,9.55365e-42,1.77513e-44,3.04739e-43,5.09691e-43,7.33418e-41,1.68847e-39,3.17998e-42,5.43967e-41,9.05214e-41
1.02464e-47,2.39593e-46,4.37869e-49,8.25221e-48,1.19986e-47,2.80043e-45,6.52253e-44,1.20118e-46,2.25930e-45,3.27560e-45,5.09691e-43,1.18100e-41,2.19678e-44,4.12072e-43,5.95287e-43,9.05214e-41,2.08252e-39,3.92731e-42,7.33418e-41,1.05544e-40
1.19986e-47,2.80448e-46,5.12939e-49,1.02464e-47,1.34742e-47,3.27560e-45,7.62538e-44,1.40563e-46,2.80043e-45,3.67512e-45,5.95287e-43,1.37849e-41,2.56711e-44,5.09691e-43,6.67123e-43,1.05544e-40,2.42635e-39,4.58207e-42,9.05214e-41,1.18117e-40
1.34742e-47,3.14808e-46,5.76226e-49,1.19986e-47,1.46464e-47,3.67512e-45,8.55122e-44,1.57777e-46,3.27560e-45,3.99195e-45,6.67123e-43,1.54392e-41,2.87843e-44,5.95287e-43,7.23976e-43,1.18117e-40,2.71346e-39,5.13119e-42,1.05544e-40,1.28041e-40
1.46464e-47,3.42072e-46,6.26559e-49,1.34742e-47,1.54962e-47,3.99195e-45,9.28434e-44,1.71446e-46,3.67512e-45,4.22125e-45,7.23976e-43,1.67461e-41,3.12520e-44,6.67123e-43,7.65044e-43,1.28041e-40,2.93959e-39,5.56547e-42,1.18117e-40,1.35194e-40
1.54962e-47,3.61817e-46,6.63081e-49,1.46464e-47,1.60109e-47,4.22125e-45,9.81425e-44,1.81350e-46,3.99195e-45,4.35996e-45,7.65044e-43,1.76887e-41,3.30371e-44,7.23976e-43,7.89850e-43,1.35194e-40,3.10225e-39,5.87898e-42,1.28041e-40,1.39507e-40
1.60109e-47,3.73768e-46,6.85218e-49,1.54962e-47,1.61835e-47,4.35996e-45,1.01345e-43,1.87346e-46,4.22125e-45,4.40640e-45,7.89850e-43,1.82574e-41,3.41164e-44,7.65044e-43,7.98148e-43,1.39507e-40,3.20019e-39,6.06824e-42,1.35194e-40,1.40948e-40
1.61835e-47,3.77771e-46,6.92641e-49,1.60109e-47,1.60115e-47,4.40640e-45,1.02417e-43,1.89354e-46,4.35996e-45,4.36005e-45,7.98148e-43,1.84475e-41,3.44776e-44,7.89850e-43,7.89862e-43,1.40948e-40,3.23289e-39,6.13153e-42,1.39507e-40,1.39508e-40
1.60115e-47,3.73779e-46,6.85243e-49,1.61835e-47,1.54972e-47,4.36005e-45,1.01347e-43,1.87350e-46,4.40640e-45,4.22144e-45,7.89862e-43,1.82576e-41,3.41170e-44,7.98148e-43,7.65068e-43,1.39508e-40,3.20022e-39,6.06831e-42,1.40948e-40,1.35197e-40
1.54972e-47,3.61839e-46,6.63130e-49,1.60115e-47,1.46479e-47,4.22144e-45,9.81466e-44,1.81359e-46,4.36005e-45,3.99222e-45,7.65068e-43,1.76892e-41,3.30382e-44,7.89862e-43,7.24009e-43,1.35197e-40,3.10231e-39,5.87911e-42,1.39508e-40,1.28046e-40
1.46479e-47,3.42103e-46,6.26628e-49,1.54972e-47,1.34759e-47,3.99222e-45,9.28491e-44,1.71459e-46,4.22144e-45,3.67545e-45,7.24009e-43,1.67468e-41,3.12536e-44,7.65068e-43,6.67164e-43,1.28046e-40,2.93967e-39,5.56566e-42,1.35197e-40,1.18122e-40
1.34759e-47,3.14846e-46,5.76311e-49,1.46479e-47,1.20006e-47,3.67545e-45,8.55191e-44,1.57792e-46,3.99222e-45,3.27595e-45,6.67164e-43,1.54401e-41,2.87862e-44,7.24009e-43,5.95332e-43,1.18122e-40,2.71356e-39,5.13142e-42,1.28046e-40,1.05549e-40
1.20006e-47,2.80490e-46,5.13032e-49,1.34759e-47,1.02484e-47,3.27595e-45,7.62614e-44,1.40580e-46,3.67545e-45,2.80079e-45,5.95332e-43,1.37859e-41,2.56732e-44,6.67164e-43,5.09736e-43,1.05549e-40,2.42646e-39,4.58233e-42,1.18122e-40,9.05269e-41
1.02484e-47,2.39636e-46,4.37963e-49,1.20006e-47,8.25405e-48,2.80079e-45,6.52330e-44,1.20135e-46,3.27595e-45,2.25963e-45,5.09736e-43,1.18110e-41,2.19699e-44,5.95332e-43,4.12113e-43,9.05269e-41,2.08264e-39,3.92756e-42,1.05549e-40,7.33468e-41
8.25405e-48,1.93078e-46,3.52609e-49,1.02484e-47,6.06040e-48,2.25963e-45,5.26541e-44,9.68814e-47,2.80079e-45,1.66524e-45,4.12113e-43,9.55453e-42,1.77532e-44,5.09736e-43,3.04772e-43,7.33468e-41,1.68857e-39,3.18021e-42,9.05269e-41,5.44007e-41
6.06040e-48,1.41815e-46,2.58815e-49,8.25405e-48,3.71796e-48,1.66524e-45,3.88200e-44,7.13700e-47,2.25963e-45,1.03411e-45,3.04772e-43,7.06949e-42,1.31231e-44,4.12113e-43,1.90569e-43,5.44007e-41,1.25317e-39,2.35743e-42,7.33468e-41,3.41697e-41
3.71796e-48,8.70291e-47,1.58732e-49,6.06040e-48,1.28655e-48,1.03411e-45,2.41156e-44,4.43060e-47,1.66524e-45,3.91624e-46,1.90569e-43,4.42235e-42,8.20247e-45,3.04772e-43,7.52184e-44,3.41697e-41,7.87566e-40,1.47999e-42,5.44007e-41,1.36209e-41
1.58686e-49,3.71697e-48,6.77044e-51,5.48738e-50,2.58745e-49,4.42977e-47,1.03393e-45,1.89636e-48,1.67677e-47,7.13575e-47,8.20143e-45,1.90547e-43,3.52615e-46,3.23490e-45,1.31216e-44,1.47987e-42,3.41670e-41,6.39973e-44,5.89344e-43,2.35724e-42
2.58745e-49,6.05890e-48,1.10425e-50,1.58686e-49,3.52523e-49,7.13575e-47,1.66497e-45,3.05568e-48,4.42977e-47,9.68660e-47,1.31216e-44,3.04739e-43,5.64353e-46,8.20143e-45,1.77513e-44,2.35724e-42,5.43967e-41,1.01985e-43,1.47987e-42,3.17998e-42
3.52523e-49,8.25221e-48,1.50491e-50,2.58745e-49,4.37869e-49,9.68660e-47,2.25930e-45,4.14942e-48,7.13575e-47,1.20118e-46,1.77513e-44,4.12072e-43,7.63786e-46,1.31216e-44,2.19678e-44,3.17998e-42,7.33418e-41,1.37649e-43,2.35724e-42,3.92731e-42
4.37869e-49,1.02464e-47,1.86984e-50,3.52523e-49,5.12939e-49,1.20118e-46,2.80043e-45,5.14745e-48,9.68660e-47,1.40563e-46,2.19678e-44,5.09691e-43,9.45653e-46,1.77513e-44,2.56711e-44,3.92731e-42,9.05214e-41,1.70093e-43,3.17998e-42,4.58207e-42
5.12939e-49,1.19986e-47,2.19115e-50,4.37869e-49,5.76226e-49,1.40563e-46,3.27560e-45,6.02603e-48,1.20118e-46,1.57777e-46,2.56711e-44,5.95287e-43,1.10561e-45,2.19678e-44,2.87843e-44,4.58207e-42,1.05544e-40,1.98568e-43,3.92731e-42,5.13119e-42
5.76226e-49,1.34742e-47,2.46229e-50,5.12939e-49,6.26559e-49,1.57777e-46,3.67512e-45,6.76667e-48,1.40563e-46,1.71446e-46,2.87843e-44,6.67123e-43,1.24027e-45,2.56711e-44,3.12520e-44,5.13119e-42,1.18117e-40,2.22491e-43,4.58207e-42,5.56547e-42
6.26559e-49,1.46464e-47,2.67814e-50,5.76226e-49,6.63081e-49,1.71446e-46,3.99195e-45,7.35547e-48,1.57777e-46,1.81350e-46,3.12520e-44,7.23976e-43,1.34718e-45,2.87843e-44,3.30371e-44,5.56547e-42,1.28041e-40,2.41444e-43,5.13119e-42,5.87898e-42
6.63081e-49,1.54962e-47,2.83489e-50,6.26559e-49,6.85218e-49,1.81350e-46,4.22125e-45,7.78250e-48,1.71446e-46,1.87346e-46,3.30371e-44,7.65044e-43,1.42460e-45,3.12520e-44,3.41164e-44,5.87898e-42,1.35194e-40,2.55146e-43,5.56547e-42,6.06824e-42
6.85218e-49,1.60109e-47,2.92995e-50,6.63081e-49,6.92641e-49,1.87346e-46,4.35996e-45,8.04122e-48,1.81350e-46,1.89354e-46,3.41164e-44,7.89850e-43,1.47145e-45,3.30371e-44,3.44776e-44,6.06824e-42,1.39507e-40,2.63427e-43,5.87898e-42,6.13153e-42
6.92641e-49,1.61835e-47,2.96185e-50,6.85218e-49,6.85243e-49,1.89354e-46,4.40640e-45,8.12792e-48,1.87346e-46,1.87350e-46,3.44776e-44,7.98148e-43,1.48714e-45,3.41164e-44,3.41170e-44,6.13153e-42,1.40948e-40,2.66198e-43,6.06824e-42,6.06831e-42
6.85243e-49,1.60115e-47,2.93007e-50,6.92641e-49,6.63130e-49,1.87350e-46,4.36005e-45,8.04143e-48,1.89354e-46,1.81359e-46,3.41170e-44,7.89862e-43,1.47148e-45,3.44776e-44,3.30382e-44,6.06831e-42,1.39508e-40,2.63431e-43,6.13153e-42,5.87911e-42
6.63130e-49,1.54972e-47,2.83512e-50,6.85243e-49,6.26628e-49,1.81359e-46,4.22144e-45,7.78292e-48,1.87350e-46,1.71459e-46,3.30382e-44,7.65068e-43,1.42465e-45,3.41170e-44,3.12536e-44,5.87911e-42,1.35197e-40,2.55153e-43,6.06831e-42,5.56566e-42
6.26628e-49,1.46479e-47,2.67847e-50,6.63130e-49,5.76311e-49,1.71459e-46,3.99222e-45,7.35605e-48,1.81359e-46,1.57792e-46,3.12536e-44,7.24009e-43,1.34725e-45,3.30382e-44,2.87862e-44,5.56566e-42,1.28046e-40,2.41453e-43,5.87911e-42,5.13142e-42
5.76311e-49,1.34759e-47,2.46269e-50,6.26628e-49,5.13032e-49,1.57792e-46,3.67545e-45,6.76738e-48,1.71459e-46,1.40580e-46,2.87862e-44,6.67164e-43,1.24036e-45,3.12536e-44,2.56732e-44,5.13142e-42,1.18122e-40,2.22502e-43,5.56566e-42,4.58233e-42
5.13032e-49,1.20006e-47,2.19159e-50,5.76311e-49,4.37963e-49,1.40580e-46,3.27595e-45,6.02681e-48,1.57792e-46,1.20135e-46,2.56732e-44,5.95332e-43,1.10570e-45,2.87862e-44,2.19699e-44,4.58233e-42,1.05549e-40,1.98580e-43,5.13142e-42,3.92756e-42
4.37963e-49,1.02484e-47,1.87028e-50,5.13032e-49,3.52609e-49,1.20135e-46,2.80079e-45,5.14824e-48,1.40580e-46,9.68814e-47,2.19699e-44,5.09736e-43,9.45750e-46,2.56732e-44,1.77532e-44,3.92756e-42,9.05269e-41,1.70105e-43,4.58233e-42,3.18021e-42
3.52609e-49,8.25405e-48,1.50531e-50,4.37963e-49,2.58815e-49,9.68814e-47,2.25963e-45,4.15014e-48,1.20135e-46,7.13700e-47,1.77532e-44,4.12113e-43,7.63875e-46,2.19699e-44,1.31231e-44,3.18021e-42,7.33468e-41,1.37660e-43,3.92756e-42,2.35743e-42
2.58815e-49,6.06040e-48,1.10458e-50,3.52609e-49,1.58732e-49,7.13700e-47,1.66524e-45,3.05626e-48,9.68814e-47,4.43060e-47,1.31231e-44,3.04772e-43,5.64425e-46,1.77532e-44,8.20247e-45,2.35743e-42,5.44007e-41,1.01994e-43,3.18021e-42,1.47999e-42
1.58732e-49,3.71796e-48,6.77263e-51,2.58815e-49,5.48916e-50,4.43060e-47,1.03411e-45,1.89675e-48,7.13700e-47,1.67711e-47,8.20247e-45,1.90569e-43,3.52664e-46,1.31231e-44,3.23534e-45,1.47999e-42,3.41697e-41,6.40032e-44,2.35743e-42,5.89399e-43
6.77044e-51,1.58686e-49,2.88693e-52,2.33977e-51,1.10425e-50,1.89636e-48,4.42977e-47,8.11196e-50,7.17496e-49,3.05568e-48,3.52615e-46,8.20143e-45,1.51449e-47,1.38994e-46,5.64353e-46,6.39973e-44,1.47987e-42,2.76359e-45,2.54638e-44,1.01985e-43
1.10425e-50,2.58745e-49,4.70973e-52,6.77044e-51,1.50491e-50,3.05568e-48,7.13575e-47,1.30746e-49,1.89636e-48,4.14942e-48,5.64353e-46,1.31216e-44,2.42468e-47,3.52615e-46,7.63786e-46,1.01985e-43,2.35724e-42,4.40580e-45,6.39973e-44,1.37649e-43
1.50491e-50,3.52523e-49,6.42021e-52,1.10425e-50,1.86984e-50,4.14942e-48,9.68660e-47,1.77600e-49,3.05568e-48,5.14745e-48,7.63786e-46,1.77513e-44,3.28273e-47,5.64353e-46,9.45653e-46,1.37649e-43,3.17998e-42,5.94916e-45,1.01985e-43,1.70093e-43
1.86984e-50,4.37869e-49,7.97938e-52,1.50491e-50,2.19115e-50,5.14745e-48,1.20118e-46,2.20393e-49,4.14942e-48,6.02603e-48,9.45653e-46,2.19678e-44,4.06607e-47,7.63786e-46,1.10561e-45,1.70093e-43,3.92731e-42,7.35507e-45,1.37649e-43,1.98568e-43
2.19115e-50,5.12939e-49,9.35333e-52,1.86984e-50,2.46229e-50,6.02603e-48,1.40563e-46,2.58103e-49,5.14745e-48,6.76667e-48,1.10561e-45,2.56711e-44,4.75591e-47,9.45653e-46,1.24027e-45,1.98568e-43,4.58207e-42,8.59086e-45,1.70093e-43,2.22491e-43
2.46229e-50,5.76226e-49,1.05138e-51,2.19115e-50,2.67814e-50,6.76667e-48,1.57777e-46,2.89928e-49,6.02603e-48,7.35547e-48,1.24027e-45,2.87843e-44,5.33747e-47,1.10561e-45,1.34718e-45,2.22491e-43,5.13119e-42,9.63080e-45,1.98568e-43,2.41444e-43
2.67814e-50,6.26559e-49,1.14384e-51,2.46229e-50,2.83489e-50,7.35547e-48,1.71446e-46,3.15254e-49,6.76667e-48,7.78250e-48,1.34718e-45,3.12520e-44,5.79970e-47,1.24027e-45,1.42460e-45,2.41444e-43,5.56547e-42,1.04559e-44,2.22491e-43,2.55146e-43
2.83489e-50,6.63081e-49,1.21103e-51,2.67814e-50,2.92995e-50,7.78250e-48,1.81350e-46,3.33638e-49,7.35547e-48,8.04122e-48,1.42460e-45,3.30371e-44,6.13482e-47,1.34718e-45,1.47145e-45,2.55146e-43,5.87898e-42,1.10533e-44,2.41444e-43,2.63427e-43
2.92995e-50,6.85218e-49,1.25180e-51,2.83489e-50,2.96185e-50,8.04122e-48,1.87346e-46,3.44784e-49,7.78250e-48,8.12792e-48,1.47145e-45,3.41164e-44,6.33778e-47,1.42460e-45,1.48714e-45,2.63427e-43,6.06824e-42,1.14146e-44,2.55146e-43,2.66198e-43
2.96185e-50,6.92641e-49,1.26549e-51,2.92995e-50,2.93007e-50,8.12792e-48,1.89354e-46,3.48520e-49,8.04122e-48,8.04143e-48,1.48714e-45,3.44776e-44,6.40578e-47,1.47145e-45,1.47148e-45,2.66198e-43,6.13153e-42,1.15355e-44,2.63427e-43,2.63431e-43
2.93007e-50,6.85243e-49,1.25186e-51,2.96185e-50,2.83512e-50,8.04143e-48,1.87350e-46,3.44794e-49,8.12792e-48,7.78292e-48,1.47148e-45,3.41170e-44,6.33791e-47,1.48714e-45,1.42465e-45,2.63431e-43,6.06831e-42,1.14147e-44,2.66198e-43,2.55153e-43
2.83512e-50,6.63130e-49,1.21114e-51,2.93007e-50,2.67847e-50,7.78292e-48,1.81359e-46,3.33658e-49,8.04143e-48,7.35605e-48,1.42465e-45,3.30382e-44,6.13506e-47,1.47148e-45,1.34725e-45,2.55153e-43,5.87911e-42,1.10536e-44,2.63431e-43,2.41453e-43
2.67847e-50,6.26628e-49,1.14399e-51,2.83512e-50,2.46269e-50,7.35605e-48,1.71459e-46,3.15282e-49,7.78292e-48,6.76738e-48,1.34725e-45,3.12536e-44,5.80004e-47,1.42465e-45,1.24036e-45,2.41453e-43,5.56566e-42,1.04564e-44,2.55153e-43,2.22502e-43
2.46269e-50,5.76311e-49,1.05157e-51,2.67847e-50,2.19159e-50,6.76738e-48,1.57792e-46,2.89961e-49,7.35605e-48,6.02681e-48,1.24036e-45,2.87862e-44,5.33788e-47,1.34725e-45,1.10570e-45,2.22502e-43,5.13142e-42,9.63132e-45,2.41453e-43,1.98580e-43
2.19159e-50,5.13032e-49,9.35538e-52,2.46269e-50,1.87028e-50,6.02681e-48,1.40580e-46,2.58140e-49,6.76738e-48,5.14824e-48,1.10570e-45,2.56732e-44,4.75637e-47,1.24036e-45,9.45750e-46,1.98580e-43,4.58233e-42,8.59143e-45,2.22502e-43,1.70105e-43
1.87028e-50,4.37963e-49,7.98146e-52,2.19159e-50,1.50531e-50,5.14824e-48,1.20135e-46,2.20430e-49,6.02681e-48,4.15014e-48,9.45750e-46,2.19699e-44,4.06653e-47,1.10570e-45,7.63875e-46,1.70105e-43,3.92756e-42,7.35563e-45,1.98580e-43,1.37660e-43
1.50531e-50,3.52609e-49,6.42212e-52,1.87028e-50,1.10458e-50,4.15014e-48,9.68814e-47,1.77634e-49,5.14824e-48,3.05626e-48,7.63875e-46,1.77532e-44,3.28314e-47,9.45750e-46,5.64425e-46,1.37660e-43,3.18021e-42,5.94967e-45,1.70105e-43,1.01994e-43
1.10458e-50,2.58815e-49,4.71128e-52,1.50531e-50,6.77263e-51,3.05626e-48,7.13700e-47,1.30774e-49,4.15014e-48,1.89675e-48,5.64425e-46,1.31231e-44,2.42502e-47,7.63875e-46,3.52664e-46,1.01994e-43,2.35743e-42,4.40621e-45,1.37660e-43,6.40032e-44
6.77263e-51,1.58732e-49,2.88795e-52,1.10458e-50,2.34061e-51,1.89675e-48,4.43060e-47,8.11379e-50,3.05626e-48,7.17654e-49,3.52664e-46,8.20247e-45,1.51471e-47,5.64425e-46,1.39015e-46,6.40032e-44,1.47999e-42,2.76387e-45,1.01994e-43,2.54664e-44
2.88693e-52,6.77044e-51,1.23028e-53,9.97091e-53,4.70973e-52,8.11196e-50,1.89636e-48,3.46746e-51,3.06790e-50,1.30746e-49,1.51449e-47,3.52615e-46,6.49843e-49,5.96628e-48,2.42468e-47,2.76359e-45,6.39973e-44,1.19180e-46,1.09871e-45,4.40580e-45
4.70973e-52,1.10425e-50,2.00754e-53,2.88693e-52,6.42021e-52,1.30746e-49,3.05568e-48,5.59013e-51,8.11196e-50,1.77600e-49,2.42468e-47,5.64353e-46,1.04070e-48,1.51449e-47,3.28273e-47,4.40580e-45,1.01985e-43,1.90070e-46,2.76359e-45,5.94916e-45
6.42021e-52,1.50491e-50,2.73728e-53,4.70973e-52,7.97938e-52,1.77600e-49,4.14942e-48,7.59548e-51,1.30746e-49,2.20393e-49,3.28273e-47,7.63786e-46,1.40944e-48,2.42468e-47,4.06607e-47,5.94916e-45,1.37649e-43,2.56755e-46,4.40580e-45,7.35507e-45
7.97938e-52,1.86984e-50,3.40291e-53,6.42021e-52,9.35333e-52,2.20393e-49,5.14745e-48,9.42853e-51,1.77600e-49,2.58103e-49,4.06607e-47,9.45653e-46,1.74642e-48,3.28273e-47,4.75591e-47,7.35507e-45,1.70093e-43,3.17574e-46,5.94916e-45,8.59086e-45
9.35333e-52,2.19115e-50,3.98992e-53,7.97938e-52,1.05138e-51,2.58103e-49,6.02603e-48,1.10454e-50,2.20393e-49,2.89928e-49,4.75591e-47,1.10561e-45,2.04351e-48,4.06607e-47,5.33747e-47,8.59086e-45,1.98568e-43,3.71108e-46,7.35507e-45,9.63080e-45
1.05138e-51,2.46229e-50,4.48611e-53,9.35333e-52,1.14384e-51,2.89928e-49,6.76667e-48,1.24112e-50,2.58103e-49,3.15254e-49,5.33747e-47,1.24027e-45,2.29427e-48,4.75591e-47,5.79970e-47,9.63080e-45,2.22491e-43,4.16221e-46,8.59086e-45,1.04559e-44
1.14384e-51,2.67814e-50,4.88173e-53,1.05138e-51,1.21103e-51,3.15254e-49,7.35547e-48,1.34991e-50,2.89928e-49,3.33638e-49,5.79970e-47,1.34718e-45,2.49379e-48,5.33747e-47,6.13482e-47,1.04559e-44,2.41444e-43,4.52064e-46,9.63080e-45,1.10533e-44
1.21103e-51,2.83489e-50,5.16943e-53,1.14384e-51,1.25180e-51,3.33638e-49,7.78250e-48,1.42894e-50,3.15254e-49,3.44784e-49,6.13482e-47,1.42460e-45,2.63858e-48,5.79970e-47,6.33778e-47,1.10533e-44,2.55146e-43,4.78041e-46,1.04559e-44,1.14146e-44
1.25180e-51,2.92995e-50,5.34409e-53,1.21103e-51,1.26549e-51,3.44784e-49,8.04122e-48,1.47689e-50,3.33638e-49,3.48520e-49,6.33778e-47,1.47145e-45,2.72634e-48,6.13482e-47,6.40578e-47,1.14146e-44,2.63427e-43,4.93768e-46,1.10533e-44,1.15355e-44
1.26549e-51,2.96185e-50,5.40273e-53,1.25180e-51,1.25186e-51,3.48520e-49,8.12792e-48,1.49297e-50,3.44784e-49,3.44794e-49,6.40578e-47,1.48714e-45,2.75575e-48,6.33778e-47,6.33791e-47,1.15355e-44,2.66198e-43,4.99036e-46,1.14146e-44,1.14147e-44
1.25186e-51,2.93007e-50,5.34435e-53,1.26549e-51,1.21114e-51,3.44794e-49,8.04143e-48,1.47693e-50,3.48520e-49,3.33658e-49,6.33791e-47,1.47148e-45,2.72640e-48,6.40578e-47,6.13506e-47,1.14147e-44,2.63431e-43,4.93776e-46,1.15355e-44,1.10536e-44
1.21114e-51,2.83512e-50,5.16994e-53,1.25186e-51,1.14399e-51,3.33658e-49,7.78292e-48,1.42904e-50,3.44794e-49,3.15282e-49,6.13506e-47,1.42465e-45,2.63870e-48,6.33791e-47,5.80004e-47,1.10536e-44,2.55153e-43,4.78055e-46,1.14147e-44,1.04564e-44
1.14399e-51,2.67847e-50,4.88245e-53,1.21114e-51,1.05157e-51,3.15282e-49,7.35605e-48,1.35004e-50,3.33658e-49,2.89961e-49,5.80004e-47,1.34725e-45,2.49395e-48,6.13506e-47,5.33788e-47,1.04564e-44,2.41453e-43,4.52084e-46,1.10536e-44,9.63132e-45
1.05157e-51,2.46269e-50,4.48698e-53,1.14399e-51,9.35538e-52,2.89961e-49,6.76738e-48,1.24128e-50,3.15282e-49,2.58140e-49,5.33788e-47,1.24036e-45,2.29446e-48,5.80004e-47,4.75637e-47,9.63132e-45,2.22502e-43,4.16245e-46,1.04564e-44,8.59143e-45
9.35538e-52,2.19159e-50,3.99088e-53,1.05157e-51,7.98146e-52,2.58140e-49,6.02681e-48,1.10471e-50,2.89961e-49,2.20430e-49,4.75637e-47,1.10570e-45,2.04373e-48,5.33788e-47,4.06653e-47,8.59143e-45,1.98580e-43,3.71134e-46,9.63132e-45,7.35563e-45
7.98146e-52,1.87028e-50,3.40388e-53,9.35538e-52,6.42212e-52,2.20430e-49,5.14824e-48,9.43027e-51,2.58140e-49,1.77634e-49,4.06653e-47,9.45750e-46,1.74663e-48,4.75637e-47,3.28314e-47,7.35563e-45,1.70105e-43,3.17601e-46,8.59143e-45,5.94967e-45
6.42212e-52,1.50531e-50,2.73817e-53,7.98146e-52,4.71128e-52,1.77634e-49,4.15014e-48,7.59707e-51,2.20430e-49,1.30774e-49,3.28314e-47,7.63875e-46,1.40964e-48,4.06653e-47,2.42502e-47,5.94967e-45,1.37660e-43,2.56779e-46,7.35563e-45,4.40621e-45
4.71128e-52,1.10458e-50,2.00826e-53,6.42212e-52,2.88795e-52,1.30774e-49,3.05626e-48,5.59142e-51,1.77634e-49,8.11379e-50,2.42502e-47,5.64425e-46,1.04085e-48,3.28314e-47,1.51471e-47,4.40621e-45,1.01994e-43,1.90089e-46,5.94967e-45,2.76387e-45
2.88795e-52,6.77263e-51,1.23076e-53,4.71128e-52,9.97481e-53,8.11379e-50,1.89675e-48,3.46832e-51,1.30774e-49,3.06865e-50,1.51471e-47,3.52664e-46,6.49948e-49,2.42502e-47,5.96724e-48,2.76387e-45,6.40032e-44,1.19193e-46,4.40621e-45,1.09883e-45
1.23028e-53,2.88693e-52,5.24000e-55,4.24675e-54,2.00754e-53,3.46746e-51,8.11196e-50,1.48113e-52,1.31086e-51,5.59013e-51,6.49843e-49,1.51449e-47,2.78583e-50,2.55863e-49,1.04070e-48,1.19180e-46,2.76359e-45,5.13325e-48,4.73463e-47,1.90070e-46
2.00754e-53,4.70973e-52,8.55230e-55,1.23028e-53,2.73728e-53,5.59013e-51,1.30746e-49,2.38836e-52,3.46746e-51,7.59548e-51,1.04070e-48,2.42468e-47,4.46255e-50,6.49843e-49,1.40944e-48,1.90070e-46,4.40580e-45,8.18929e-48,1.19180e-46,2.56755e-46
2.73728e-53,6.42021e-52,1.16635e-54,2.00754e-53,3.40291e-53,7.59548e-51,1.77600e-49,3.24595e-52,5.59013e-51,9.42853e-51,1.40944e-48,3.28273e-47,6.04555e-50,1.04070e-48,1.74642e-48,2.56755e-46,5.94916e-45,1.10665e-47,1.90070e-46,3.17574e-46
3.40291e-53,7.97938e-52,1.45032e-54,2.73728e-53,3.98992e-53,9.42853e-51,2.20393e-49,4.03042e-52,7.59548e-51,1.10454e-50,1.74642e-48,4.06607e-47,7.49346e-50,1.40944e-48,2.04351e-48,3.17574e-46,7.35507e-45,1.36933e-47,2.56755e-46,3.71108e-46
3.98992e-53,9.35333e-52,1.70090e-54,3.40291e-53,4.48611e-53,1.10454e-50,2.58103e-49,4.72295e-52,9.42853e-51,1.24112e-50,2.04351e-48,4.75591e-47,8.77127e-50,1.74642e-48,2.29427e-48,3.71108e-46,8.59086e-45,1.60084e-47,3.17574e-46,4.16221e-46
4.48611e-53,1.05138e-51,1.91287e-54,3.98992e-53,4.88173e-53,1.24112e-50,2.89928e-49,5.30845e-52,1.10454e-50,1.34991e-50,2.29427e-48,5.33747e-47,9.85090e-50,2.04351e-48,2.49379e-48,4.16221e-46,9.63080e-45,1.79617e-47,3.71108e-46,4.52064e-46
4.88173e-53,1.14384e-51,2.08199e-54,4.48611e-53,5.16943e-53,1.34991e-50,3.15254e-49,5.77520e-52,1.24112e-50,1.42894e-50,2.49379e-48,5.79970e-47,1.07108e-49,2.29427e-48,2.63858e-48,4.52064e-46,1.04559e-44,1.95155e-47,4.16221e-46,4.78041e-46
5.16943e-53,1.21103e-51,2.20504e-54,4.88173e-53,5.34409e-53,1.42894e-50,3.33638e-49,6.11452e-52,1.34991e-50,1.47689e-50,2.63858e-48,6.13482e-47,1.13354e-49,2.49379e-48,2.72634e-48,4.78041e-46,1.10533e-44,2.06428e-47,4.52064e-46,4.93768e-46
5.34409e-53,1.25180e-51,2.27978e-54,5.16943e-53,5.40273e-53,1.47689e-50,3.44784e-49,6.32045e-52,1.42894e-50,1.49297e-50,2.72634e-48,6.33778e-47,1.17141e-49,2.63858e-48,2.75575e-48,4.93768e-46,1.14146e-44,2.13259e-47,4.78041e-46,4.99036e-46
5.40273e-53,1.26549e-51,2.30488e-54,5.34409e-53,5.34435e-53,1.49297e-50,3.48520e-49,6.38955e-52,1.47689e-50,1.47693e-50,2.75575e-48,6.40578e-47,1.18411e-49,2.72634e-48,2.72640e-48,4.99036e-46,1.15355e-44,2.15547e-47,4.93768e-46,4.93776e-46
5.34435e-53,1.25186e-51,2.27990e-54,5.40273e-53,5.16994e-53,1.47693e-50,3.44794e-49,6.32068e-52,1.49297e-50,1.42904e-50,2.72640e-48,6.33791e-47,1.17144e-49,2.75575e-48,2.63870e-48,4.93776e-46,1.14147e-44,2.13262e-47,4.99036e-46,4.78055e-46
5.16994e-53,1.21114e-51,2.20528e-54,5.34435e-53,4.88245e-53,1.42904e-50,3.33658e-49,6.11495e-52,1.47693e-50,1.35004e-50,2.63870e-48,6.13506e-47,1.13359e-49,2.72640e-48,2.49395e-48,4.78055e-46,1.10536e-44,2.06435e-47,4.93776e-46,4.52084e-46
4.88245e-53,1.14399e-51,2.08232e-54,5.16994e-53,4.48698e-53,1.35004e-50,3.15282e-49,5.77581e-52,1.42904e-50,1.24128e-50,2.49395e-48,5.80004e-47,1.07116e-49,2.63870e-48,2.29446e-48,4.52084e-46,1.04564e-44,1.95165e-47,4.78055e-46,4.16245e-46
4.48698e-53,1.05157e-51,1.91328e-54,4.88245e-53,3.99088e-53,1.24128e-50,2.89961e-49,5.30919e-52,1.35004e-50,1.10471e-50,2.29446e-48,5.33788e-47,9.85181e-50,2.49395e-48,2.04373e-48,4.16245e-46,9.63132e-45,1.79628e-47,4.52084e-46,3.71134e-46
3.99088e-53,9.35538e-52,1.70135e-54,4.48698e-53,3.40388e-53,1.10471e-50,2.58140e-49,4.72376e-52,1.24128e-50,9.43027e-51,2.04373e-48,4.75637e-47,8.77227e-50,2.29446e-48,1.74663e-48,3.71134e-46,8.59143e-45,1.60096e-47,4.16245e-46,3.17601e-46
3.40388e-53,7.98146e-52,1.45077e-54,3.99088e-53,2.73817e-53,9.43027e-51,2.20430e-49,4.03124e-52,1.10471e-50,7.59707e-51,1.74663e-48,4.06653e-47,7.49446e-50,2.04373e-48,1.40964e-48,3.17601e-46,7.35563e-45,1.36946e-47,3.71134e-46,2.56779e-46
2.73817e-53,6.42212e-52,1.16677e-54,3.40388e-53,2.00826e-53,7.59707e-51,1.77634e-49,3.24669e-52,9.43027e-51,5.59142e-51,1.40964e-48,3.28314e-47,6.04646e-50,1.74663e-48,1.04085e-48,2.56779e-46,5.94967e-45,1.10676e-47,3.17601e-46,1.90089e-46
2.00826e-53,4.71128e-52,8.55567e-55,2.73817e-53,1.23076e-53,5.59142e-51,1.30774e-49,2.38897e-52,7.59707e-51,3.46832e-51,1.04085e-48,2.42502e-47,4.46329e-50,1.40964e-48,6.49948e-49,1.90089e-46,4.40621e-45,8.19020e-48,2.56779e-46,1.19193e-46
1.23076e-53,2.88795e-52,5.24223e-55,2.00826e-53,4.24856e-54,3.46832e-51,8.11379e-50,1.48153e-52,5.59142e-51,1.31121e-51,6.49948e-49,1.51471e-47,2.78632e-50,1.04085e-48,2.55907e-49,1.19193e-46,2.76387e-45,5.13385e-48,1.90089e-46,4.73518e-47
5.24000e-55,1.23028e-53,2.23062e-56,1.80778e-55,8.55230e-55,1.48113e-52,3.46746e-51,6.32241e-54,5.59724e-53,2.38836e-52,2.78583e-50,6.49843e-49,1.19323e-51,1.09629e-50,4.46255e-50,5.13325e-48,1.19180e-46,2.20838e-49,2.03785e-48,8.18929e-48
8.55230e-55,2.00754e-53,3.64134e-56,5.24000e-55,1.16635e-54,2.38836e-52,5.59013e-51,1.01971e-53,1.48113e-52,3.24595e-52,4.46255e-50,1.04070e-48,1.91186e-51,2.78583e-50,6.04555e-50,8.18929e-48,1.90070e-46,3.52419e-49,5.13325e-48,1.10665e-47
1.16635e-54,2.73728e-53,4.96699e-56,8.55230e-55,1.45032e-54,3.24595e-52,7.59548e-51,1.38617e-53,2.38836e-52,4.03042e-52,6.04555e-50,1.40944e-48,2.59075e-51,4.46255e-50,7.49346e-50,1.10665e-47,2.56755e-46,4.76390e-49,8.18929e-48,1.36933e-47
1.45032e-54,3.40291e-53,6.17753e-56,1.16635e-54,1.70090e-54,4.03042e-52,9.42853e-51,1.72161e-53,3.24595e-52,4.72295e-52,7.49346e-50,1.74642e-48,3.21219e-51,6.04555e-50,8.77127e-50,1.36933e-47,3.17574e-46,5.89685e-49,1.10665e-47,1.60084e-47
1.70090e-54,3.98992e-53,7.24644e-56,1.45032e-54,1.91287e-54,4.72295e-52,1.10454e-50,2.01795e-53,4.03042e-52,5.30845e-52,8.77127e-50,2.04351e-48,3.76112e-51,7.49346e-50,9.85090e-50,1.60084e-47,3.71108e-46,6.89637e-49,1.36933e-47,1.79617e-47
1.91287e-54,4.48611e-53,8.15117e-56,1.70090e-54,2.08199e-54,5.30845e-52,1.24112e-50,2.26868e-53,4.72295e-52,5.77520e-52,9.85090e-50,2.29427e-48,4.22534e-51,8.77127e-50,1.07108e-49,1.79617e-47,4.16221e-46,7.74070e-49,1.60084e-47,1.95155e-47
2.08199e-54,4.88173e-53,8.87345e-56,1.91287e-54,2.20504e-54,5.77520e-52,1.34991e-50,2.46870e-53,5.30845e-52,6.11452e-52,1.07108e-49,2.49379e-48,4.59541e-51,9.85090e-50,1.13354e-49,1.95155e-47,4.52064e-46,8.41305e-49,1.79617e-47,2.06428e-47
2.20504e-54,5.16943e-53,9.39925e-56,2.08199e-54,2.27978e-54,6.11452e-52,1.42894e-50,2.61420e-53,5.77520e-52,6.32045e-52,1.13354e-49,2.63858e-48,4.86440e-51,1.07108e-49,1.17141e-49,2.06428e-47,4.78041e-46,8.90127e-49,1.95155e-47,2.13259e-47
2.27978e-54,5.34409e-53,9.71873e-56,2.20504e-54,2.30488e-54,6.32045e-52,1.47689e-50,2.70255e-53,6.11452e-52,6.38955e-52,1.17141e-49,2.72634e-48,5.02762e-51,1.13354e-49,1.18411e-49,2.13259e-47,4.93768e-46,9.19729e-49,2.06428e-47,2.15547e-47
2.30488e-54,5.40273e-53,9.82607e-56,2.27978e-54,2.27990e-54,6.38955e-52,1.49297e-50,2.73220e-53,6.32045e-52,6.32068e-52,1.18411e-49,2.75575e-48,5.08236e-51,1.17141e-49,1.17144e-49,2.15547e-47,4.99036e-46,9.29651e-49,2.13259e-47,2.13262e-47
2.27990e-54,5.34435e-53,9.71931e-56,2.30488e-54,2.20528e-54,6.32068e-52,1.47693e-50,2.70266e-53,6.38955e-52,6.11495e-52,1.17144e-49,2.72640e-48,5.02775e-51,1.18411e-49,1.13359e-49,2.13262e-47,4.93776e-46,9.19745e-49,2.15547e-47,2.06435e-47
2.20528e-54,5.16994e-53,9.40037e-56,2.27990e-54,2.08232e-54,6.11495e-52,1.42904e-50,2.61441e-53,6.32068e-52,5.77581e-52,1.13359e-49,2.63870e-48,4.86465e-51,1.17144e-49,1.07116e-49,2.06435e-47,4.78055e-46,8.90159e-49,2.13262e-47,1.95165e-47
2.08232e-54,4.88245e-53,8.87502e-56,2.20528e-54,1.91328e-54,5.77581e-52,1.35004e-50,2.46899e-53,6.11495e-52,5.30919e-52,1.07116e-49,2.49395e-48,4.59576e-51,1.13359e-49,9.85181e-50,1.95165e-47,4.52084e-46,8.41349e-49,2.06435e-47,1.79628e-47
1.91328e-54,4.48698e-53,8.15308e-56,2.08232e-54,1.70135e-54,5.30919e-52,1.24128e-50,2.26903e-53,5.77581e-52,4.72376e-52,9.85181e-50,2.29446e-48,4.22577e-51,1.07116e-49,8.77227e-50,1.79628e-47,4.16245e-46,7.74123e-49,1.95165e-47,1.60096e-47
1.70135e-54,3.99088e-53,7.24853e-56,1.91328e-54,1.45077e-54,4.72376e-52,1.10471e-50,2.01833e-53,5.30919e-52,4.03124e-52,8.77227e-50,2.04373e-48,3.76158e-51,9.85181e-50,7.49446e-50,1.60096e-47,3.71134e-46,6.89695e-49,1.79628e-47,1.36946e-47
1.45077e-54,3.40388e-53,6.17964e-56,1.70135e-54,1.16677e-54,4.03124e-52,9.43027e-51,1.72199e-53,4.72376e-52,3.24669e-52,7.49446e-50,1.74663e-48,3.21265e-51,8.77227e-50,6.04646e-50,1.36946e-47,3.17601e-46,5.89743e-49,1.60096e-47,1.10676e-47
1.16677e-54,2.73817e-53,4.96892e-56,1.45077e-54,8.55567e-55,3.24669e-52,7.59707e-51,1.38652e-53,4.03124e-52,2.38897e-52,6.04646e-50,1.40964e-48,2.59117e-51,7.49446e-50,4.46329e-50,1.10676e-47,2.56779e-46,4.76443e-49,1.36946e-47,8.19020e-48
8.55567e-55,2.00826e-53,3.64291e-56,1.16677e-54,5.24223e-55,2.38897e-52,5.59142e-51,1.02000e-53,3.24669e-52,1.48153e-52,4.46329e-50,1.04085e-48,1.91220e-51,6.04646e-50,2.78632e-50,8.19020e-48,1.90089e-46,3.52461e-49,1.10676e-47,5.13385e-48
5.24223e-55,1.23076e-53,2.23166e-56,8.55567e-55,1.80863e-55,1.48153e-52,3.46832e-51,6.32429e-54,2.38897e-52,5.59887e-53,2.78632e-50,6.49948e-49,1.19346e-51,4.46329e-50,1.09650e-50,5.13385e-48,1.19193e-46,2.20867e-49,8.19020e-48,2.03810e-48
2.23062e-56,5.24000e-55,9.49062e-58,7.69153e-57,3.64134e-56,6.32241e-54,1.48113e-52,2.69708e-55,2.38841e-54,1.01971e-53,1.19323e-51,2.78583e-50,5.10663e-53,4.69337e-52,1.91186e-51,2.20838e-49,5.13325e-48,9.49036e-51,8.76137e-50,3.52419e-49
3.64134e-56,8.55230e-55,1.54956e-57,2.23062e-56,4.96699e-56,1.01971e-53,2.38836e-52,4.35081e-55,6.32241e-54,1.38617e-53,1.91186e-51,4.46255e-50,8.18394e-53,1.19323e-51,2.59075e-51,3.52419e-49,8.18929e-48,1.51491e-50,2.20838e-49,4.76390e-49
4.96699e-56,1.16635e-54,2.11406e-57,3.64134e-56,6.17753e-56,1.38617e-53,3.24595e-52,5.91557e-55,1.01971e-53,1.72161e-53,2.59075e-51,6.04555e-50,1.10927e-52,1.91186e-51,3.21219e-51,4.76390e-49,1.10665e-47,2.04841e-50,3.52419e-49,5.89685e-49
6.17753e-56,1.45032e-54,2.62978e-57,4.96699e-56,7.24644e-56,1.72161e-53,4.03042e-52,7.34871e-55,1.38617e-53,2.01795e-53,3.21219e-51,7.49346e-50,1.37571e-52,2.59075e-51,3.76112e-51,5.89685e-49,1.36933e-47,2.53638e-50,4.76390e-49,6.89637e-49
7.24644e-56,1.70090e-54,3.08541e-57,6.17753e-56,8.15117e-56,2.01795e-53,4.72295e-52,8.61562e-55,1.72161e-53,2.26868e-53,3.76112e-51,8.77127e-50,1.61126e-52,3.21219e-51,4.22534e-51,6.89637e-49,1.60084e-47,2.96730e-50,5.89685e-49,7.74070e-49
8.15117e-56,1.91287e-54,3.47127e-57,7.24644e-56,8.87345e-56,2.26868e-53,5.30845e-52,9.68829e-55,2.01795e-53,2.46870e-53,4.22534e-51,9.85090e-50,1.81062e-52,3.76112e-51,4.59541e-51,7.74070e-49,1.79617e-47,3.33167e-50,6.89637e-49,8.41305e-49
8.87345e-56,2.08199e-54,3.77948e-57,8.15117e-56,9.39925e-56,2.46870e-53,5.77520e-52,1.05446e-54,2.26868e-53,2.61420e-53,4.59541e-51,1.07108e-49,1.96967e-52,4.22534e-51,4.86440e-51,8.41305e-49,1.95155e-47,3.62210e-50,7.74070e-49,8.90127e-49
9.39925e-56,2.20504e-54,4.00395e-57,8.87345e-56,9.71873e-56,2.61420e-53,6.11452e-52,1.11678e-54,2.46870e-53,2.70255e-53,4.86440e-51,1.13354e-49,2.08536e-52,4.59541e-51,5.02762e-51,8.90127e-49,2.06428e-47,3.83317e-50,8.41305e-49,9.19729e-49
9.71873e-56,2.27978e-54,4.14038e-57,9.39925e-56,9.82607e-56,2.70255e-53,6.32045e-52,1.15464e-54,2.61420e-53,2.73220e-53,5.02762e-51,1.17141e-49,2.15559e-52,4.86440e-51,5.08236e-51,9.19729e-49,2.13259e-47,3.96121e-50,8.90127e-49,9.29651e-49
9.82607e-56,2.30488e-54,4.18624e-57,9.71873e-56,9.71931e-56,2.73220e-53,6.38955e-52,1.16735e-54,2.70255e-53,2.70266e-53,5.08236e-51,1.18411e-49,2.17915e-52,5.02762e-51,5.02775e-51,9.29651e-49,2.15547e-47,4.00415e-50,9.19729e-49,9.19745e-49
9.71931e-56,2.27990e-54,4.14065e-57,9.82607e-56,9.40037e-56,2.70266e-53,6.32068e-52,1.15469e-54,2.73220e-53,2.61441e-53,5.02775e-51,1.17144e-49,2.15565e-52,5.08236e-51,4.86465e-51,9.19745e-49,2.13262e-47,3.96129e-50,9.29651e-49,8.90159e-49
9.40037e-56,2.20528e-54,4.00446e-57,9.71931e-56,8.87502e-56,2.61441e-53,6.11495e-52,1.11688e-54,2.70266e-53,2.46899e-53,4.86465e-51,1.13359e-49,2.08548e-52,5.02775e-51,4.59576e-51,8.90159e-49,2.06435e-47,3.83331e-50,9.19745e-49,8.41349e-49
8.87502e-56,2.08232e-54,3.78021e-57,9.40037e-56,8.15308e-56,2.46899e-53,5.77581e-52,1.05459e-54,2.61441e-53,2.26903e-53,4.59576e-51,1.07116e-49,1.96984e-52,4.86465e-51,4.22577e-51,8.41349e-49,1.95165e-47,3.62231e-50,8.90159e-49,7.74123e-49
8.15308e-56,1.91328e-54,3.47216e-57,8.87502e-56,7.24853e-56,2.26903e-53,5.30919e-52,9.68993e-55,2.46899e-53,2.01833e-53,4.22577e-51,9.85181e-50,1.81082e-52,4.59576e-51,3.76158e-51,7.74123e-49,1.79628e-47,3.33192e-50,8.41349e-49,6.89695e-49
7.24853e-56,1.70135e-54,3.08638e-57,8.15308e-56,6.17964e-56,2.01833e-53,4.72376e-52,8.61741e-55,2.26903e-53,1.72199e-53,3.76158e-51,8.77227e-50,1.61148e-52,4.22577e-51,3.21265e-51,6.89695e-49,1.60096e-47,2.96757e-50,7.74123e-49,5.89743e-49
6.17964e-56,1.45077e-54,2.63076e-57,7.24853e-56,4.96892e-56,1.72199e-53,4.03124e-52,7.35050e-55,2.01833e-53,1.38652e-53,3.21265e-51,7.49446e-50,1.37593e-52,3.76158e-51,2.59117e-51,5.89743e-49,1.36946e-47,2.53665e-50,6.89695e-49,4.76443e-49
4.96892e-56,1.16677e-54,2.11495e-57,6.17964e-56,3.64291e-56,1.38652e-53,3.24669e-52,5.91721e-55,1.72199e-53,1.02000e-53,2.59117e-51,6.04646e-50,1.10947e-52,3.21265e-51,1.91220e-51,4.76443e-49,1.10676e-47,2.04865e-50,5.89743e-49,3.52461e-49
3.64291e-56,8.55567e-55,1.55029e-57,4.96892e-56,2.23166e-56,1.02000e-53,2.38897e-52,4.35214e-55,1.38652e-53,6.32429e-54,1.91220e-51,4.46329e-50,8.18556e-53,2.59117e-51,1.19346e-51,3.52461e-49,8.19020e-48,1.51511e-50,4.76443e-49,2.20867e-49
2.23166e-56,5.24223e-55,9.49543e-58,3.64291e-56,7.69546e-57,6.32429e-54,1.48153e-52,2.69795e-55,1.02000e-53,2.38917e-54,1.19346e-51,2.78632e-50,5.10771e-53,1.91220e-51,4.69435e-52,2.20867e-49,5.13385e-48,9.49168e-51,3.52461e-49,8.76258e-50
9.49062e-58,2.23062e-56,4.03595e-59,3.27087e-58,1.54956e-57,2.69708e-55,6.32241e-54,1.14984e-56,1.01853e-55,4.35081e-55,5.10663e-53,1.19323e-51,2.18377e-54,2.00770e-53,8.18394e-53,9.49036e-51,2.20838e-49,4.07423e-52,3.76286e-51,1.51491e-50
1.54956e-57,3.64134e-56,6.59074e-59,9.49062e-58,2.11406e-57,4.35081e-55,1.01971e-53,1.85519e-56,2.69708e-55,5.91557e-55,8.18394e-53,1.91186e-51,3.50043e-54,5.10663e-53,1.10927e-52,1.51491e-50,3.52419e-49,6.50515e-52,9.49036e-51,2.04841e-50
2.11406e-57,4.96699e-56,8.99312e-59,1.54956e-57,2.62978e-57,5.91557e-55,1.38617e-53,2.52286e-56,4.35081e-55,7.34871e-55,1.10927e-52,2.59075e-51,4.74557e-54,8.18394e-53,1.37571e-52,2.04841e-50,4.76390e-49,8.79836e-52,1.51491e-50,2.53638e-50
2.62978e-57,6.17753e-56,1.11889e-58,2.11406e-57,3.08541e-57,7.34871e-55,1.72161e-53,3.13469e-56,5.91557e-55,8.61562e-55,1.37571e-52,3.21219e-51,5.88687e-54,1.10927e-52,1.61126e-52,2.53638e-50,5.89685e-49,1.08974e-51,2.04841e-50,2.96730e-50
3.08541e-57,7.24644e-56,1.31297e-58,2.62978e-57,3.47127e-57,8.61562e-55,2.01795e-53,3.67587e-56,7.34871e-55,9.68829e-55,1.61126e-52,3.76112e-51,6.89653e-54,1.37571e-52,1.81062e-52,2.96730e-50,6.89637e-49,1.27527e-51,2.53638e-50,3.33167e-50
3.47127e-57,8.15117e-56,1.47741e-58,3.08541e-57,3.77948e-57,9.68829e-55,2.26868e-53,4.13436e-56,8.61562e-55,1.05446e-54,1.81062e-52,4.22534e-51,7.75172e-54,1.61126e-52,1.96967e-52,3.33167e-50,7.74070e-49,1.43229e-51,2.96730e-50,3.62210e-50
3.77948e-57,8.87345e-56,1.60882e-58,3.47127e-57,4.00395e-57,1.05446e-54,2.46870e-53,4.50057e-56,9.68829e-55,1.11678e-54,1.96967e-52,4.59541e-51,8.43446e-54,1.81062e-52,2.08536e-52,3.62210e-50,8.41305e-49,1.55755e-51,3.33167e-50,3.83317e-50
4.00395e-57,9.39925e-56,1.70457e-58,3.77948e-57,4.14038e-57,1.11678e-54,2.61420e-53,4.76723e-56,1.05446e-54,1.15464e-54,2.08536e-52,4.86440e-51,8.93135e-54,1.96967e-52,2.15559e-52,3.83317e-50,8.90127e-49,1.64864e-51,3.62210e-50,3.96121e-50
4.14038e-57,9.71873e-56,1.76279e-58,4.00395e-57,4.18624e-57,1.15464e-54,2.70255e-53,4.92927e-56,1.11678e-54,1.16735e-54,2.15559e-52,5.02762e-51,9.23314e-54,2.08536e-52,2.17915e-52,3.96121e-50,9.19729e-49,1.70393e-51,3.83317e-50,4.00415e-50
4.18624e-57,9.82607e-56,1.78236e-58,4.14038e-57,4.14065e-57,1.16735e-54,2.73220e-53,4.98369e-56,1.15464e-54,1.15469e-54,2.17915e-52,5.08236e-51,9.33442e-54,2.15559e-52,2.15565e-52,4.00415e-50,9.29651e-49,1.72248e-51,3.96121e-50,3.96129e-50
4.14065e-57,9.71931e-56,1.76291e-58,4.18624e-57,4.00446e-57,1.15469e-54,2.70266e-53,4.92950e-56,1.16735e-54,1.11688e-54,2.15565e-52,5.02775e-51,9.23343e-54,2.17915e-52,2.08548e-52,3.96129e-50,9.19745e-49,1.70397e-51,4.00415e-50,3.83331e-50
4.00446e-57,9.40037e-56,1.70481e-58,4.14065e-57,3.78021e-57,1.11688e-54,2.61441e-53,4.76768e-56,1.15469e-54,1.05459e-54,2.08548e-52,4.86465e-51,8.93191e-54,2.15565e-52,1.96984e-52,3.83331e-50,8.90159e-49,1.64871e-51,3.96129e-50,3.62231e-50
3.78021e-57,8.87502e-56,1.60916e-58,4.00446e-57,3.47216e-57,1.05459e-54,2.46899e-53,4.50120e-56,1.11688e-54,9.68993e-55,1.96984e-52,4.59576e-51,8.43525e-54,2.08548e-52,1.81082e-52,3.62231e-50,8.41349e-49,1.55764e-51,3.83331e-50,3.33192e-50
3.47216e-57,8.15308e-56,1.47782e-58,3.78021e-57,3.08638e-57,9.68993e-55,2.26903e-53,4.13512e-56,1.05459e-54,8.61741e-55,1.81082e-52,4.22577e-51,7.75266e-54,1.96984e-52,1.61148e-52,3.33192e-50,7.74123e-49,1.43240e-51,3.62231e-50,2.96757e-50
3.08638e-57,7.24853e-56,1.31342e-58,3.47216e-57,2.63076e-57,8.61741e-55,2.01833e-53,3.67671e-56,9.68993e-55,7.35050e-55,1.61148e-52,3.76158e-51,6.89757e-54,1.81082e-52,1.37593e-52,2.96757e-50,6.89695e-49,1.27540e-51,3.33192e-50,2.53665e-50
2.63076e-57,6.17964e-56,1.11934e-58,3.08638e-57,2.11495e-57,7.35050e-55,1.72199e-53,3.13553e-56,8.61741e-55,5.91721e-55,1.37593e-52,3.21265e-51,5.88791e-54,1.61148e-52,1.10947e-52,2.53665e-50,5.89743e-49,1.08987e-51,2.96757e-50,2.04865e-50
2.11495e-57,4.96892e-56,8.99727e-59,2.63076e-57,1.55029e-57,5.91721e-55,1.38652e-53,2.52362e-56,7.35050e-55,4.35214e-55,1.10947e-52,2.59117e-51,4.74651e-54,1.37593e-52,8.18556e-53,2.04865e-50,4.76443e-49,8.79950e-52,2.53665e-50,1.51511e-50
1.55029e-57,3.64291e-56,6.59411e-59,2.11495e-57,9.49543e-58,4.35214e-55,1.02000e-53,1.85580e-56,5.91721e-55,2.69795e-55,8.18556e-53,1.91220e-51,3.50119e-54,1.10947e-52,5.10771e-53,1.51511e-50,3.52461e-49,6.50607e-52,2.04865e-50,9.49168e-51
9.49543e-58,2.23166e-56,4.03818e-59,1.55029e-57,3.27269e-58,2.69795e-55,6.32429e-54,1.15025e-56,4.35214e-55,1.01889e-55,5.10771e-53,1.19346e-51,2.18427e-54,8.18556e-53,2.00816e-53,9.49168e-51,2.20867e-49,4.07485e-52,1.51511e-50,3.76342e-51
4.03595e-59,9.49062e-58,1.71549e-60,1.39029e-59,6.59074e-59,1.14984e-56,2.69708e-55,4.89916e-58,4.34088e-57,1.85519e-56,2.18377e-54,5.10663e-53,9.33161e-56,8.58191e-55,3.50043e-54,4.07423e-52,9.49036e-51,1.74738e-53,1.61449e-52,6.50515e-52
6.59074e-59,1.54956e-57,2.80184e-60,4.03595e-59,8.99312e-59,1.85519e-56,4.35081e-55,7.90573e-58,1.14984e-56,2.52286e-56,3.50043e-54,8.18394e-53,1.49606e-55,2.18377e-54,4.74557e-54,6.50515e-52,1.51491e-50,2.79061e-53,4.07423e-52,8.79836e-52
8.99312e-59,2.11406e-57,3.82369e-60,6.59074e-59,1.11889e-58,2.52286e-56,5.91557e-55,1.07528e-57,1.85519e-56,3.13469e-56,4.74557e-54,1.10927e-52,2.02863e-55,3.50043e-54,5.88687e-54,8.79836e-52,2.04841e-50,3.77525e-53,6.50515e-52,1.08974e-51
1.11889e-58,2.62978e-57,4.75799e-60,8.99312e-59,1.31297e-58,3.13469e-56,7.34871e-55,1.33629e-57,2.52286e-56,3.67587e-56,5.88687e-54,1.37571e-52,2.51705e-55,4.74557e-54,6.89653e-54,1.08974e-51,2.53638e-50,4.67715e-53,8.79836e-52,1.27527e-51
1.31297e-58,3.08541e-57,5.58417e-60,1.11889e-58,1.47741e-58,3.67587e-56,8.61562e-55,1.56728e-57,3.13469e-56,4.13436e-56,6.89653e-54,1.61126e-52,2.94941e-55,5.88687e-54,7.75172e-54,1.27527e-51,2.96730e-50,5.47491e-53,1.08974e-51,1.43229e-51
1.47741e-58,3.47127e-57,6.28451e-60,1.31297e-58,1.60882e-58,4.13436e-56,9.68829e-55,1.76308e-57,3.67587e-56,4.50057e-56,7.75172e-54,1.81062e-52,3.31586e-55,6.89653e-54,8.43446e-54,1.43229e-51,3.33167e-50,6.15060e-53,1.27527e-51,1.55755e-51
1.60882e-58,3.77948e-57,6.84440e-60,1.47741e-58,1.70457e-58,4.50057e-56,1.05446e-54,1.91955e-57,4.13436e-56,4.76723e-56,8.43446e-54,1.96967e-52,3.60860e-55,7.75172e-54,8.93135e-54,1.55755e-51,3.62210e-50,6.69003e-53,1.43229e-51,1.64864e-51
1.70457e-58,4.00395e-57,7.25248e-60,1.60882e-58,1.76279e-58,4.76723e-56,1.11678e-54,2.03354e-57,4.50057e-56,4.92927e-56,8.93135e-54,2.08536e-52,3.82176e-55,8.43446e-54,9.23314e-54,1.64864e-51,3.83317e-50,7.08259e-53,1.55755e-51,1.70393e-51
1.76279e-58,4.14038e-57,7.50067e-60,1.70457e-58,1.78236e-58,4.92927e-56,1.15464e-54,2.10283e-57,4.76723e-56,4.98369e-56,9.23314e-54,2.15559e-52,3.95127e-55,8.93135e-54,9.33442e-54,1.70393e-51,3.96121e-50,7.32097e-53,1.64864e-51,1.72248e-51
1.78236e-58,4.18624e-57,7.58413e-60,1.76279e-58,1.76291e-58,4.98369e-56,1.16735e-54,2.12610e-57,4.92927e-56,4.92950e-56,9.33442e-54,2.17915e-52,3.99475e-55,9.23314e-54,9.23343e-54,1.72248e-51,4.00415e-50,7.40095e-53,1.70393e-51,1.70397e-51
1.76291e-58,4.14065e-57,7.50125e-60,1.78236e-58,1.70481e-58,4.92950e-56,1.15469e-54,2.10293e-57,4.98369e-56,4.76768e-56,9.23343e-54,2.15565e-52,3.95141e-55,9.33442e-54,8.93191e-54,1.70397e-51,3.96129e-50,7.32114e-53,1.72248e-51,1.64871e-51
1.70481e-58,4.00446e-57,7.25359e-60,1.76291e-58,1.60916e-58,4.76768e-56,1.11688e-54,2.03375e-57,4.92950e-56,4.50120e-56,8.93191e-54,2.08548e-52,3.82202e-55,9.23343e-54,8.43525e-54,1.64871e-51,3.83331e-50,7.08291e-53,1.70397e-51,1.55764e-51
1.60916e-58,3.78021e-57,6.84596e-60,1.70481e-58,1.47782e-58,4.50120e-56,1.05459e-54,1.91984e-57,4.76768e-56,4.13512e-56,8.43525e-54,1.96984e-52,3.60897e-55,8.93191e-54,7.75266e-54,1.55764e-51,3.62231e-50,6.69049e-53,1.64871e-51,1.43240e-51
1.47782e-58,3.47216e-57,6.28641e-60,1.60916e-58,1.31342e-58,4.13512e-56,9.68993e-55,1.76343e-57,4.50120e-56,3.67671e-56,7.75266e-54,1.81082e-52,3.31630e-55,8.43525e-54,6.89757e-54,1.43240e-51,3.33192e-50,6.15115e-53,1.55764e-51,1.27540e-51
1.31342e-58,3.08638e-57,5.58626e-60,1.47782e-58,1.11934e-58,3.67671e-56,8.61741e-55,1.56767e-57,4.13512e-56,3.13553e-56,6.89757e-54,1.61148e-52,2.94989e-55,7.75266e-54,5.88791e-54,1.27540e-51,2.96757e-50,5.47550e-53,1.43240e-51,1.08987e-51
1.11934e-58,2.63076e-57,4.76009e-60,1.31342e-58,8.99727e-59,3.13553e-56,7.35050e-55,1.33668e-57,3.67671e-56,2.52362e-56,5.88791e-54,1.37593e-52,2.51753e-55,6.89757e-54,4.74651e-54,1.08987e-51,2.53665e-50,4.67775e-53,1.27540e-51,8.79950e-52
8.99727e-59,2.11495e-57,3.82561e-60,1.11934e-58,6.59411e-59,2.52362e-56,5.91721e-55,1.07563e-57,3.13553e-56,1.85580e-56,4.74651e-54,1.10947e-52,2.02907e-55,5.88791e-54,3.50119e-54,8.79950e-52,2.04865e-50,3.77579e-53,1.08987e-51,6.50607e-52
6.59411e-59,1.55029e-57,2.80340e-60,8.99727e-59,4.03818e-59,1.85580e-56,4.35214e-55,7.90861e-58,2.52362e-56,1.15025e-56,3.50119e-54,8.18556e-53,1.49642e-55,4.74651e-54,2.18427e-54,6.50607e-52,1.51511e-50,2.79104e-53,8.79950e-52,4.07485e-52
4.03818e-59,9.49543e-58,1.71652e-60,6.59411e-59,1.39113e-59,1.15025e-56,2.69795e-55,4.90107e-58,1.85580e-56,4.34253e-57,2.18427e-54,5.10771e-53,9.33397e-56,3.50119e-54,8.58405e-55,4.07485e-52,9.49168e-51,1.74767e-53,6.50607e-52,1.61475e-52
1.71549e-60,4.03595e-59,7.28830e-62,5.90667e-61,2.80184e-60,4.89916e-58,1.14984e-56,2.08623e-59,1.84898e-58,7.90573e-58,9.33161e-56,2.18377e-54,3.98473e-57,3.66570e-56,1.49606e-55,1.74738e-53,4.07423e-52,7.48748e-55,6.92068e-54,2.79061e-53
2.80184e-60,6.59074e-59,1.19054e-61,1.71549e-60,3.82369e-60,7.90573e-58,1.85519e-56,3.36701e-59,4.89916e-58,1.07528e-57,1.49606e-55,3.50043e-54,6.38946e-57,9.33161e-56,2.02863e-55,2.79061e-53,6.50515e-52,1.19601e-54,1.74738e-53,3.77525e-53
3.82369e-60,8.99312e-59,1.62496e-61,2.80184e-60,4.75799e-60,1.07528e-57,2.52286e-56,4.58023e-59,7.90573e-58,1.33629e-57,2.02863e-55,4.74557e-54,8.66548e-57,1.49606e-55,2.51705e-55,3.77525e-53,8.79836e-52,1.61836e-54,2.79061e-53,4.67715e-53
4.75799e-60,1.11889e-58,2.02228e-61,3.82369e-60,5.58417e-60,1.33629e-57,3.13469e-56,5.69294e-59,1.07528e-57,1.56728e-57,2.51705e-55,5.88687e-54,1.07539e-56,2.02863e-55,2.94941e-55,4.67715e-53,1.08974e-51,2.00545e-54,3.77525e-53,5.47491e-53
5.58417e-60,1.31297e-58,2.37376e-61,4.75799e-60,6.28451e-60,1.56728e-57,3.67587e-56,6.67815e-59,1.33629e-57,1.76308e-57,2.94941e-55,6.89653e-54,1.26037e-56,2.51705e-55,3.31586e-55,5.47491e-53,1.27527e-51,2.34808e-54,4.67715e-53,6.15060e-53
6.28451e-60,1.47741e-58,2.67182e-61,5.58417e-60,6.84440e-60,1.76308e-57,4.13436e-56,7.51366e-59,1.56728e-57,1.91955e-57,3.31586e-55,7.75172e-54,1.41723e-56,2.94941e-55,3.60860e-55,6.15060e-53,1.43229e-51,2.63848e-54,5.47491e-53,6.69003e-53
6.84440e-60,1.60882e-58,2.91020e-61,6.28451e-60,7.25248e-60,1.91955e-57,4.50057e-56,8.18164e-59,1.76308e-57,2.03354e-57,3.60860e-55,8.43446e-54,1.54262e-56,3.31586e-55,3.82176e-55,6.69003e-53,1.55755e-51,2.87048e-54,6.15060e-53,7.08259e-53
7.25248e-60,1.70457e-58,3.08400e-61,6.84440e-60,7.50067e-60,2.03354e-57,4.76723e-56,8.66845e-59,1.91955e-57,2.10283e-57,3.82176e-55,8.93135e-54,1.63396e-56,3.60860e-55,3.95127e-55,7.08259e-53,1.64864e-51,3.03940e-54,6.69003e-53,7.32097e-53
7.50067e-60,1.76279e-58,3.18973e-61,7.25248e-60,7.58413e-60,2.10283e-57,4.92927e-56,8.96446e-59,2.03354e-57,2.12610e-57,3.95127e-55,9.23314e-54,1.68948e-56,3.82176e-55,3.99475e-55,7.32097e-53,1.70393e-51,3.14203e-54,7.08259e-53,7.40095e-53
7.58413e-60,1.78236e-58,3.22530e-61,7.50067e-60,7.50125e-60,2.12610e-57,4.98369e-56,9.06394e-59,2.10283e-57,2.10293e-57,3.99475e-55,9.33442e-54,1.70812e-56,3.95127e-55,3.95141e-55,7.40095e-53,1.72248e-51,3.17647e-54,7.32097e-53,7.32114e-53
7.50125e-60,1.76291e-58,3.19000e-61,7.58413e-60,7.25359e-60,2.10293e-57,4.92950e-56,8.96497e-59,2.12610e-57,2.03375e-57,3.95141e-55,9.23343e-54,1.68954e-56,3.99475e-55,3.82202e-55,7.32114e-53,1.70397e-51,3.14211e-54,7.40095e-53,7.08291e-53
7.25359e-60,1.70481e-58,3.08451e-61,7.50125e-60,6.84596e-60,2.03375e-57,4.76768e-56,8.66943e-59,2.10293e-57,1.91984e-57,3.82202e-55,8.93191e-54,1.63408e-56,3.95141e-55,3.60897e-55,7.08291e-53,1.64871e-51,3.03955e-54,7.32114e-53,6.69049e-53
6.84596e-60,1.60916e-58,2.91092e-61,7.25359e-60,6.28641e-60,1.91984e-57,4.50120e-56,8.18301e-59,2.03375e-57,1.76343e-57,3.60897e-55,8.43525e-54,1.54279e-56,3.82202e-55,3.31630e-55,6.69049e-53,1.55764e-51,2.87069e-54,7.08291e-53,6.15115e-53
6.28641e-60,1.47782e-58,2.67270e-61,6.84596e-60,5.58626e-60,1.76343e-57,4.13512e-56,7.51532e-59,1.91984e-57,1.56767e-57,3.31630e-55,7.75266e-54,1.41744e-56,3.60897e-55,2.94989e-55,6.15115e-53,1.43240e-51,2.63874e-54,6.69049e-53,5.47550e-53
5.58626e-60,1.31342e-58,2.37473e-61,6.28641e-60,4.76009e-60,1.56767e-57,3.67671e-56,6.67996e-59,1.76343e-57,1.33668e-57,2.94989e-55,6.89757e-54,1.26059e-56,3.31630e-55,2.51753e-55,5.47550e-53,1.27540e-51,2.34836e-54,6.15115e-53,4.67775e-53
4.76009e-60,1.11934e-58,2.02325e-61,5.58626e-60,3.82561e-60,1.33668e-57,3.13553e-56,5.69476e-59,1.56767e-57,1.07563e-57,2.51753e-55,5.88791e-54,1.07562e-56,2.94989e-55,2.02907e-55,4.67775e-53,1.08987e-51,2.00573e-54,5.47550e-53,3.77579e-53
3.82561e-60,8.99727e-59,1.62584e-61,4.76009e-60,2.80340e-60,1.07563e-57,2.52362e-56,4.58188e-59,1.33668e-57,7.90861e-58,2.02907e-55,4.74651e-54,8.66754e-57,2.51753e-55,1.49642e-55,3.77579e-53,8.79950e-52,1.61861e-54,4.67775e-53,2.79104e-53
2.80340e-60,6.59411e-59,1.19126e-61,3.82561e-60,1.71652e-60,7.90861e-58,1.85580e-56,3.36834e-59,1.07563e-57,4.90107e-58,1.49642e-55,3.50119e-54,6.39112e-57,2.02907e-55,9.33397e-56,2.79104e-53,6.50607e-52,1.19621e-54,3.77579e-53,1.74767e-53
1.71652e-60,4.03818e-59,7.29306e-62,2.80340e-60,5.91056e-61,4.90107e-58,1.15025e-56,2.08711e-59,7.90861e-58,1.84975e-58,9.33397e-56,2.18427e-54,3.98583e-57,1.49642e-55,3.66670e-56,1.74767e-53,4.07485e-52,7.48884e-55,2.79104e-53,6.92192e-54
7.28830e-62,1.71549e-60,3.09505e-63,2.50833e-62,1.19054e-61,2.08623e-59,4.89916e-58,8.87898e-61,7.87126e-60,3.36701e-59,3.98473e-57,9.33161e-56,1.70038e-58,1.56471e-57,6.38946e-57,7.48748e-55,1.74738e-53,3.20559e-56,2.96402e-55,1.19601e-54
1.19054e-61,2.80184e-60,5.05646e-63,7.28830e-62,1.62496e-61,3.36701e-59,7.90573e-58,1.43319e-60,2.08623e-59,4.58023e-59,6.38946e-57,1.49606e-55,2.72696e-58,3.98473e-57,8.66548e-57,1.19601e-54,2.79061e-53,5.12142e-56,7.48748e-55,1.61836e-54
1.62496e-61,3.82369e-60,6.90231e-63,1.19054e-61,2.02228e-61,4.58023e-59,1.07528e-57,1.94987e-60,3.36701e-59,5.69294e-59,8.66548e-57,2.02863e-55,3.69893e-58,6.38946e-57,1.07539e-56,1.61836e-54,3.77525e-53,6.93128e-56,1.19601e-54,2.00545e-54
2.02228e-61,4.75799e-60,8.59110e-63,1.62496e-61,2.37376e-61,5.69294e-59,1.33629e-57,2.42393e-60,4.58023e-59,6.67815e-59,1.07539e-56,2.51705e-55,4.59119e-58,8.66548e-57,1.26037e-56,2.00545e-54,4.67715e-53,8.59095e-56,1.61836e-54,2.34808e-54
2.37376e-61,5.58417e-60,1.00855e-62,2.02228e-61,2.67182e-61,6.67815e-59,1.56728e-57,2.84383e-60,5.69294e-59,7.51366e-59,1.26037e-56,2.94941e-55,5.38188e-58,1.07539e-56,1.41723e-56,2.34808e-54,5.47491e-53,1.00609e-55,2.00545e-54,2.63848e-54
2.67182e-61,6.28451e-60,1.13533e-62,2.37376e-61,2.91020e-61,7.51366e-59,1.76308e-57,3.20008e-60,6.67815e-59,8.18164e-59,1.41723e-56,3.31586e-55,6.05277e-58,1.26037e-56,1.54262e-56,2.63848e-54,6.15060e-53,1.13075e-55,2.34808e-54,2.87048e-54
2.91020e-61,6.84440e-60,1.23675e-62,2.67182e-61,3.08400e-61,8.18164e-59,1.91955e-57,3.48502e-60,7.51366e-59,8.66845e-59,1.54262e-56,3.60860e-55,6.58927e-58,1.41723e-56,1.63396e-56,2.87048e-54,6.69003e-53,1.23040e-55,2.63848e-54,3.03940e-54
3.08400e-61,7.25248e-60,1.31072e-62,2.91020e-61,3.18973e-61,8.66845e-59,2.03354e-57,3.69275e-60,8.18164e-59,8.96446e-59,1.63396e-56,3.82176e-55,6.98027e-58,1.54262e-56,1.68948e-56,3.03940e-54,7.08259e-53,1.30300e-55,2.87048e-54,3.14203e-54
3.18973e-61,7.50067e-60,1.35573e-62,3.08400e-61,3.22530e-61,8.96446e-59,2.10283e-57,3.81910e-60,8.66845e-59,9.06394e-59,1.68948e-56,3.95127e-55,7.21800e-58,1.63396e-56,1.70812e-56,3.14203e-54,7.32097e-53,1.34712e-55,3.03940e-54,3.17647e-54
3.22530e-61,7.58413e-60,1.37088e-62,3.18973e-61,3.19000e-61,9.06394e-59,2.12610e-57,3.86157e-60,8.96446e-59,8.96497e-59,1.70812e-56,3.99475e-55,7.29786e-58,1.68948e-56,1.68954e-56,3.17647e-54,7.40095e-53,1.36193e-55,3.14203e-54,3.14211e-54
3.19000e-61,7.50125e-60,1.35585e-62,3.22530e-61,3.08451e-61,8.96497e-59,2.10293e-57,3.81933e-60,9.06394e-59,8.66943e-59,1.68954e-56,3.95141e-55,7.21830e-58,1.70812e-56,1.63408e-56,3.14211e-54,7.32114e-53,1.34716e-55,3.17647e-54,3.03955e-54
3.08451e-61,7.25359e-60,1.31096e-62,3.19000e-61,2.91092e-61,8.66943e-59,2.03375e-57,3.69321e-60,8.96497e-59,8.18301e-59,1.63408e-56,3.82202e-55,6.98085e-58,1.68954e-56,1.54279e-56,3.03955e-54,7.08291e-53,1.30307e-55,3.14211e-54,2.87069e-54
2.91092e-61,6.84596e-60,1.23709e-62,3.08451e-61,2.67270e-61,8.18301e-59,1.91984e-57,3.48566e-60,8.66943e-59,7.51532e-59,1.54279e-56,3.60897e-55,6.59007e-58,1.63408e-56,1.41744e-56,2.87069e-54,6.69049e-53,1.23050e-55,3.03955e-54,2.63874e-54
2.67270e-61,6.28641e-60,1.13573e-62,2.91092e-61,2.37473e-61,7.51532e-59,1.76343e-57,3.20085e-60,8.18301e-59,6.67996e-59,1.41744e-56,3.31630e-55,6.05374e-58,1.54279e-56,1.26059e-56,2.63874e-54,6.15115e-53,1.13087e-55,2.87069e-54,2.34836e-54
2.37473e-61,5.58626e-60,1.00900e-62,2.67270e-61,2.02325e-61,6.67996e-59,1.56767e-57,2.84467e-60,7.51532e-59,5.69476e-59,1.26059e-56,2.94989e-55,5.38294e-58,1.41744e-56,1.07562e-56,2.34836e-54,5.47550e-53,1.00622e-55,2.63874e-54,2.00573e-54
2.02325e-61,4.76009e-60,8.59559e-63,2.37473e-61,1.62584e-61,5.69476e-59,1.33668e-57,2.42477e-60,6.67996e-59,4.58188e-59,1.07562e-56,2.51753e-55,4.59225e-58,1.26059e-56,8.66754e-57,2.00573e-54,4.67775e-53,8.59225e-56,2.34836e-54,1.61861e-54
1.62584e-61,3.82561e-60,6.90642e-63,2.02325e-61,1.19126e-61,4.58188e-59,1.07563e-57,1.95064e-60,5.69476e-59,3.36834e-59,8.66754e-57,2.02907e-55,3.69989e-58,1.07562e-56,6.39112e-57,1.61861e-54,3.77579e-53,6.93246e-56,2.00573e-54,1.19621e-54
1.19126e-61,2.80340e-60,5.05978e-63,1.62584e-61,7.29306e-62,3.36834e-59,7.90861e-58,1.43381e-60,4.58188e-59,2.08711e-59,6.39112e-57,1.49642e-55,2.72774e-58,8.66754e-57,3.98583e-57,1.19621e-54,2.79104e-53,5.12237e-56,1.61861e-54,7.48884e-55
7.29306e-62,1.71652e-60,3.09725e-63,1.19126e-61,2.51013e-62,2.08711e-59,4.90107e-58,8.88309e-61,3.36834e-59,7.87484e-60,3.98583e-57,9.33397e-56,1.70090e-58,6.39112e-57,1.56517e-57,7.48884e-55,1.74767e-53,3.20623e-56,1.19621e-54,2.96460e-55
3.09505e-63,7.28830e-62,1.31377e-64,1.06472e-63,5.05646e-63,8.87898e-61,2.08623e-59,3.77691e-62,3.34908e-61,1.43319e-60,1.70038e-58,3.98473e-57,7.25129e-60,6.67457e-59,2.72696e-58,3.20559e-56,7.48748e-55,1.37128e-57,1.26838e-56,5.12142e-56
5.05646e-63,1.19054e-61,2.14661e-64,3.09505e-63,6.90231e-63,1.43319e-60,3.36701e-59,6.09722e-62,8.87898e-61,1.94987e-60,2.72696e-58,6.38946e-57,1.16308e-59,1.70038e-58,3.69893e-58,5.12142e-56,1.19601e-54,2.19121e-57,3.20559e-56,6.93128e-56
6.90231e-63,1.62496e-61,2.93055e-64,5.05646e-63,8.59110e-63,1.94987e-60,4.58023e-59,8.29635e-62,1.43319e-60,2.42393e-60,3.69893e-58,8.66548e-57,1.57786e-59,2.72696e-58,4.59119e-58,6.93128e-56,1.61836e-54,2.96607e-57,5.12142e-56,8.59095e-56
8.59110e-63,2.02228e-61,3.64798e-64,6.90231e-63,1.00855e-62,2.42393e-60,5.69294e-59,1.03147e-61,1.94987e-60,2.84383e-60,4.59119e-58,1.07539e-56,1.95877e-59,3.69893e-58,5.38188e-58,8.59095e-56,2.00545e-54,3.67698e-57,6.93128e-56,1.00609e-55
1.00855e-62,2.37376e-61,4.28303e-64,8.59110e-63,1.13533e-62,2.84383e-60,6.67815e-59,1.21032e-61,2.42393e-60,3.20008e-60,5.38188e-58,1.26037e-56,2.29648e-59,4.59119e-58,6.05277e-58,1.00609e-55,2.34808e-54,4.30694e-57,8.59095e-56,1.13075e-55
1.13533e-62,2.67182e-61,4.82193e-64,1.00855e-62,1.23675e-62,3.20008e-60,7.51366e-59,1.36212e-61,2.84383e-60,3.48502e-60,6.05277e-58,1.41723e-56,2.58315e-59,5.38188e-58,6.58927e-58,1.13075e-55,2.63848e-54,4.84153e-57,1.00609e-55,1.23040e-55
1.23675e-62,2.91020e-61,5.25318e-64,1.13533e-62,1.31072e-62,3.48502e-60,8.18164e-59,1.48357e-61,3.20008e-60,3.69275e-60,6.58927e-58,1.54262e-56,2.81250e-59,6.05277e-58,6.98027e-58,1.23040e-55,2.87048e-54,5.26908e-57,1.13075e-55,1.30300e-55
1.31072e-62,3.08400e-61,5.56779e-64,1.23675e-62,1.35573e-62,3.69275e-60,8.66845e-59,1.57214e-61,3.48502e-60,3.81910e-60,6.98027e-58,1.63396e-56,2.97971e-59,6.58927e-58,7.21800e-58,1.30300e-55,3.03940e-54,5.58068e-57,1.23040e-55,1.34712e-55
1.35573e-62,3.18973e-61,5.75927e-64,1.31072e-62,1.37088e-62,3.81910e-60,8.96446e-59,1.62602e-61,3.69275e-60,3.86157e-60,7.21800e-58,1.68948e-56,3.08141e-59,6.98027e-58,7.29786e-58,1.34712e-55,3.14203e-54,5.77012e-57,1.30300e-55,1.36193e-55
1.37088e-62,3.22530e-61,5.82373e-64,1.35573e-62,1.35585e-62,3.86157e-60,9.06394e-59,1.64414e-61,3.81910e-60,3.81933e-60,7.29786e-58,1.70812e-56,3.11558e-59,7.21800e-58,7.21830e-58,1.36193e-55,3.17647e-54,5.83373e-57,1.34712e-55,1.34716e-55
1.35585e-62,3.19000e-61,5.75984e-64,1.37088e-62,1.31096e-62,3.81933e-60,8.96497e-59,1.62613e-61,3.86157e-60,3.69321e-60,7.21830e-58,1.68954e-56,3.08155e-59,7.29786e-58,6.98085e-58,1.34716e-55,3.14211e-54,5.77030e-57,1.36193e-55,1.30307e-55
1.31096e-62,3.08451e-61,5.56889e-64,1.35585e-62,1.23709e-62,3.69321e-60,8.66943e-59,1.57235e-61,3.81933e-60,3.48566e-60,6.98085e-58,1.63408e-56,2.97998e-59,7.21830e-58,6.59007e-58,1.30307e-55,3.03955e-54,5.58101e-57,1.34716e-55,1.23050e-55
1.23709e-62,2.91092e-61,5.25473e-64,1.31096e-62,1.13573e-62,3.48566e-60,8.18301e-59,1.48386e-61,3.69321e-60,3.20085e-60,6.59007e-58,1.54279e-56,2.81288e-59,6.98085e-58,6.05374e-58,1.23050e-55,2.87069e-54,5.26954e-57,1.30307e-55,1.13087e-55
1.13573e-62,2.67270e-61,4.82380e-64,1.23709e-62,1.00900e-62,3.20085e-60,7.51532e-59,1.36247e-61,3.48566e-60,2.84467e-60,6.05374e-58,1.41744e-56,2.58361e-59,6.59007e-58,5.38294e-58,1.13087e-55,2.63874e-54,4.84210e-57,1.23050e-55,1.00622e-55
1.00900e-62,2.37473e-61,4.28509e-64,1.13573e-62,8.59559e-63,2.84467e-60,6.67996e-59,1.21071e-61,3.20085e-60,2.42477e-60,5.38294e-58,1.26059e-56,2.29697e-59,6.05374e-58,4.59225e-58,1.00622e-55,2.34836e-54,4.30756e-57,1.13087e-55,8.59225e-56
8.59559e-63,2.02325e-61,3.65005e-64,1.00900e-62,6.90642e-63,2.42477e-60,5.69476e-59,1.03186e-61,2.84467e-60,1.95064e-60,4.59225e-58,1.07562e-56,1.95927e-59,5.38294e-58,3.69989e-58,8.59225e-56,2.00573e-54,3.67759e-57,1.00622e-55,6.93246e-56
6.90642e-63,1.62584e-61,2.93244e-64,8.59559e-63,5.05978e-63,1.95064e-60,4.58188e-59,8.29990e-62,2.42477e-60,1.43381e-60,3.69989e-58,8.66754e-57,1.57830e-59,4.59225e-58,2.72774e-58,6.93246e-56,1.61861e-54,2.96663e-57,8.59225e-56,5.12237e-56
5.05978e-63,1.19126e-61,2.14814e-64,6.90642e-63,3.09725e-63,1.43381e-60,3.36834e-59,6.10008e-62,1.95064e-60,8.88309e-61,2.72774e-58,6.39112e-57,1.16344e-59,3.69989e-58,1.70090e-58,5.12237e-56,1.19621e-54,2.19165e-57,6.93246e-56,3.20623e-56
3.09725e-63,7.29306e-62,1.31478e-64,5.05978e-63,1.06555e-63,8.88309e-61,2.08711e-59,3.77881e-62,1.43381e-60,3.35074e-61,1.70090e-58,3.98583e-57,7.25369e-60,2.72774e-58,6.67675e-59,3.20623e-56,7.48884e-55,1.37158e-57,5.12237e-56,1.26866e-56
1.31377e-64,3.09505e-63,5.57343e-66,4.51756e-65,2.14661e-64,3.77691e-62,8.87898e-61,1.60496e-63,1.42424e-62,6.09722e-62,7.25129e-60,1.70038e-58,3.08883e-61,2.84539e-60,1.16308e-59,1.37128e-57,3.20559e-56,5.85847e-59,5.42349e-58,2.19121e-57
2.14661e-64,5.05646e-63,9.10799e-66,1.31377e-64,2.93055e-64,6.09722e-62,1.43319e-60,2.59128e-63,3.77691e-62,8.29635e-62,1.16308e-59,2.72696e-58,4.95506e-61,7.25129e-60,1.57786e-59,2.19121e-57,5.12142e-56,9.36301e-59,1.37128e-57,2.96607e-57
2.93055e-64,6.90231e-63,1.24356e-65,2.14661e-64,3.64798e-64,8.29635e-62,1.94987e-60,3.52629e-63,6.09722e-62,1.03147e-61,1.57786e-59,3.69893e-58,6.72304e-61,1.16308e-59,1.95877e-59,2.96607e-57,6.93128e-56,1.26760e-58,2.19121e-57,3.67698e-57
3.64798e-64,8.59110e-63,1.54815e-65,2.93055e-64,4.28303e-64,1.03147e-61,2.42393e-60,4.38470e-63,8.29635e-62,1.21032e-61,1.95877e-59,4.59119e-58,8.34724e-61,1.57786e-59,2.29648e-59,3.67698e-57,8.59095e-56,1.57168e-58,2.96607e-57,4.30694e-57
4.28303e-64,1.00855e-62,1.81785e-65,3.64798e-64,4.82193e-64,1.21032e-61,2.84383e-60,5.14559e-63,1.03147e-61,1.36212e-61,2.29648e-59,5.38188e-58,9.78777e-61,1.95877e-59,2.58315e-59,4.30694e-57,1.00609e-55,1.84127e-58,3.67698e-57,4.84153e-57
4.82193e-64,1.13533e-62,2.04677e-65,4.28303e-64,5.25318e-64,1.36212e-61,3.20008e-60,5.79161e-63,1.21032e-61,1.48357e-61,2.58315e-59,6.05277e-58,1.10111e-60,2.29648e-59,2.81250e-59,4.84153e-57,1.13075e-55,2.07016e-58,4.30694e-57,5.26908e-57
5.25318e-64,1.23675e-62,2.23002e-65,4.82193e-64,5.56779e-64,1.48357e-61,3.48502e-60,6.30867e-63,1.36212e-61,1.57214e-61,2.81250e-59,6.58927e-58,1.19902e-60,2.58315e-59,2.97971e-59,5.26908e-57,1.23040e-55,2.25331e-58,4.84153e-57,5.58068e-57
5.56779e-64,1.31072e-62,2.36373e-65,5.25318e-64,5.75927e-64,1.57214e-61,3.69275e-60,6.68584e-63,1.48357e-61,1.62602e-61,2.97971e-59,6.98027e-58,1.27043e-60,2.81250e-59,3.08141e-59,5.58068e-57,1.30300e-55,2.38684e-58,5.26908e-57,5.77012e-57
5.75927e-64,1.35573e-62,2.44513e-65,5.56779e-64,5.82373e-64,1.62602e-61,3.81910e-60,6.91535e-63,1.57214e-61,1.64414e-61,3.08141e-59,7.21800e-58,1.31387e-60,2.97971e-59,3.11558e-59,5.77012e-57,1.34712e-55,2.46804e-58,5.58068e-57,5.83373e-57
5.82373e-64,1.37088e-62,2.47254e-65,5.75927e-64,5.75984e-64,1.64414e-61,3.86157e-60,6.99255e-63,1.62602e-61,1.62613e-61,3.11558e-59,7.29786e-58,1.32847e-60,3.08141e-59,3.08155e-59,5.83373e-57,1.36193e-55,2.49532e-58,5.77012e-57,5.77030e-57
5.75984e-64,1.35585e-62,2.44540e-65,5.82373e-64,5.56889e-64,1.62613e-61,3.81933e-60,6.91586e-63,1.64414e-61,1.57235e-61,3.08155e-59,7.21830e-58,1.31393e-60,3.11558e-59,2.97998e-59,5.77030e-57,1.34716e-55,2.46813e-58,5.83373e-57,5.58101e-57
5.56889e-64,1.31096e-62,2.36424e-65,5.75984e-64,5.25473e-64,1.57235e-61,3.69321e-60,6.68681e-63,1.62613e-61,1.48386e-61,2.97998e-59,6.98085e-58,1.27055e-60,3.08155e-59,2.81288e-59,5.58101e-57,1.30307e-55,2.38699e-58,5.77030e-57,5.26954e-57
5.25473e-64,1.23709e-62,2.23073e-65,5.56889e-64,4.82380e-64,1.48386e-61,3.48566e-60,6.31003e-63,1.57235e-61,1.36247e-61,2.81288e-59,6.59007e-58,1.19920e-60,2.97998e-59,2.58361e-59,5.26954e-57,1.23050e-55,2.25353e-58,5.58101e-57,4.84210e-57
4.82380e-64,1.13573e-62,2.04764e-65,5.25473e-64,4.28509e-64,1.36247e-61,3.20085e-60,5.79327e-63,1.48386e-61,1.21071e-61,2.58361e-59,6.05374e-58,1.10132e-60,2.81288e-59,2.29697e-59,4.84210e-57,1.13087e-55,2.07043e-58,5.26954e-57,4.30756e-57
4.28509e-64,1.00900e-62,1.81880e-65,4.82380e-64,3.65005e-64,1.21071e-61,2.84467e-60,5.14740e-63,1.36247e-61,1.03186e-61,2.29697e-59,5.38294e-58,9.79007e-61,2.58361e-59,1.95927e-59,4.30756e-57,1.00622e-55,1.84156e-58,4.84210e-57,3.67759e-57
3.65005e-64,8.59559e-63,1.54911e-65,4.28509e-64,2.93244e-64,1.03186e-61,2.42477e-60,4.38650e-63,1.21071e-61,8.29990e-62,1.95927e-59,4.59225e-58,8.34953e-61,2.29697e-59,1.57830e-59,3.67759e-57,8.59225e-56,1.57197e-58,4.30756e-57,2.96663e-57
2.93244e-64,6.90642e-63,1.24443e-65,3.65005e-64,2.14814e-64,8.29990e-62,1.95064e-60,3.52793e-63,1.03186e-61,6.10008e-62,1.57830e-59,3.69989e-58,6.72511e-61,1.95927e-59,1.16344e-59,2.96663e-57,6.93246e-56,1.26786e-58,3.67759e-57,2.19165e-57
2.14814e-64,5.05978e-63,9.11509e-66,2.93244e-64,1.31478e-64,6.10008e-62,1.43381e-60,2.59260e-63,8.29990e-62,3.77881e-62,1.16344e-59,2.72774e-58,4.95673e-61,1.57830e-59,7.25369e-60,2.19165e-57,5.12237e-56,9.36510e-59,2.96663e-57,1.37158e-57
1.31478e-64,3.09725e-63,5.57812e-66,2.14814e-64,4.52138e-65,3.77881e-62,8.88309e-61,1.60584e-63,6.10008e-62,1.42501e-62,7.25369e-60,1.70090e-58,3.08995e-61,1.16344e-59,2.84640e-60,1.37158e-57,3.20623e-56,5.85986e-59,2.19165e-57,5.42476e-58
5.57343e-66,1.31377e-64,4.50115e-67,1.91515e-66,9.10799e-66,1.60496e-63,3.77691e-62,1.26974e-64,6.04967e-64,2.59128e-63,3.08883e-61,7.25129e-60,2.43667e-62,1.21145e-61,4.95506e-61,5.85847e-59,1.37128e-57,4.63348e-60,2.31573e-59,9.36301e-59
9.10799e-66,2.14661e-64,7.37576e-67,5.57343e-66,1.24356e-65,2.59128e-63,6.09722e-62,2.05899e-64,1.60496e-63,3.52629e-63,4.95506e-61,1.16308e-59,3.92409e-62,3.08883e-61,6.72304e-61,9.36301e-59,2.19121e-57,7.43338e-60,5.85847e-59,1.26760e-58
1.24356e-65,2.93055e-64,1.00810e-66,9.10799e-66,1.54815e-65,3.52629e-63,8.29635e-62,2.80588e-64,2.59128e-63,4.38470e-63,6.72304e-61,1.57786e-59,5.33157e-62,4.95506e-61,8.34724e-61,1.26760e-58,2.96607e-57,1.00776e-59,9.36301e-59,1.57168e-58
1.54815e-65,3.64798e-64,1.25574e-66,1.24356e-65,1.81785e-65,4.38470e-63,1.03147e-61,3.49087e-64,3.52629e-63,5.14559e-63,8.34724e-61,1.95877e-59,6.62345e-62,6.72304e-61,9.78777e-61,1.57168e-58,3.67698e-57,1.25026e-59,1.26760e-58,1.84127e-58
1.81785e-65,4.28303e-64,1.47505e-66,1.54815e-65,2.04677e-65,5.14559e-63,1.21032e-61,4.09777e-64,4.38470e-63,5.79161e-63,9.78777e-61,2.29648e-59,7.76878e-62,8.34724e-61,1.10111e-60,1.84127e-58,4.30694e-57,1.46519e-59,1.57168e-58,2.07016e-58
2.04677e-65,4.82193e-64,1.66125e-66,1.81785e-65,2.23002e-65,5.79161e-63,1.36212e-61,4.61299e-64,5.14559e-63,6.30867e-63,1.10111e-60,2.58315e-59,8.74138e-62,9.78777e-61,1.19902e-60,2.07016e-58,4.84153e-57,1.64766e-59,1.84127e-58,2.25331e-58
2.23002e-65,5.25318e-64,1.81033e-66,2.04677e-65,2.36373e-65,6.30867e-63,1.48357e-61,5.02537e-64,5.79161e-63,6.68584e-63,1.19902e-60,2.81250e-59,9.51987e-62,1.10111e-60,1.27043e-60,2.25331e-58,5.26908e-57,1.79369e-59,2.07016e-58,2.38684e-58
2.36373e-65,5.56779e-64,1.91913e-66,2.23002e-65,2.44513e-65,6.68584e-63,1.57214e-61,5.32623e-64,6.30867e-63,6.91535e-63,1.27043e-60,2.97971e-59,1.00877e-61,1.19902e-60,1.31387e-60,2.38684e-58,5.58068e-57,1.90018e-59,2.25331e-58,2.46804e-58
2.44513e-65,5.75927e-64,1.98538e-66,2.36373e-65,2.47254e-65,6.91535e-63,1.62602e-61,5.50933e-64,6.68584e-63,6.99255e-63,1.31387e-60,3.08141e-59,1.04332e-61,1.27043e-60,1.32847e-60,2.46804e-58,5.77012e-57,1.96496e-59,2.38684e-58,2.49532e-58
2.47254e-65,5.82373e-64,2.00769e-66,2.44513e-65,2.44540e-65,6.99255e-63,1.64414e-61,5.57093e-64,6.91535e-63,6.91586e-63,1.32847e-60,3.11558e-59,1.05494e-61,1.31387e-60,1.31393e-60,2.49532e-58,5.83373e-57,1.98672e-59,2.46804e-58,2.46813e-58
2.44540e-65,5.75984e-64,1.98561e-66,2.47254e-65,2.36424e-65,6.91586e-63,1.62613e-61,5.50977e-64,6.99255e-63,6.68681e-63,1.31393e-60,3.08155e-59,1.04338e-61,1.32847e-60,1.27055e-60,2.46813e-58,5.77030e-57,1.96503e-59,2.49532e-58,2.38699e-58
2.36424e-65,5.56889e-64,1.91958e-66,2.44540e-65,2.23073e-65,6.68681e-63,1.57235e-61,5.32707e-64,6.91586e-63,6.31003e-63,1.27055e-60,2.97998e-59,1.00888e-61,1.31393e-60,1.19920e-60,2.38699e-58,5.58101e-57,1.90032e-59,2.46813e-58,2.25353e-58
2.23073e-65,5.25473e-64,1.81095e-66,2.36424e-65,2.04764e-65,6.31003e-63,1.48386e-61,5.02655e-64,6.68681e-63,5.79327e-63,1.19920e-60,2.81288e-59,9.52137e-62,1.27055e-60,1.10132e-60,2.25353e-58,5.26954e-57,1.79388e-59,2.38699e-58,2.07043e-58
2.04764e-65,4.82380e-64,1.66200e-66,2.23073e-65,1.81880e-65,5.79327e-63,1.36247e-61,4.61441e-64,6.31003e-63,5.14740e-63,1.10132e-60,2.58361e-59,8.74319e-62,1.19920e-60,9.79007e-61,2.07043e-58,4.84210e-57,1.64789e-59,2.25353e-58,1.84156e-58
1.81880e-65,4.28509e-64,1.47588e-66,2.04764e-65,1.54911e-65,5.14740e-63,1.21071e-61,4.09932e-64,5.79327e-63,4.38650e-63,9.79007e-61,2.29697e-59,7.77075e-62,1.10132e-60,8.34953e-61,1.84156e-58,4.30756e-57,1.46543e-59,2.07043e-58,1.57197e-58
1.54911e-65,3.65005e-64,1.25658e-66,1.81880e-65,1.24443e-65,4.38650e-63,1.03186e-61,3.49242e-64,5.14740e-63,3.52793e-63,8.34953e-61,1.95927e-59,6.62541e-62,9.79007e-61,6.72511e-61,1.57197e-58,3.67759e-57,1.25051e-59,1.84156e-58,1.26786e-58
1.24443e-65,2.93244e-64,1.00887e-66,1.54911e-65,9.11509e-66,3.52793e-63,8.29990e-62,2.80729e-64,4.38650e-63,2.59260e-63,6.72511e-61,1.57830e-59,5.33335e-62,8.34953e-61,4.95673e-61,1.26786e-58,2.96663e-57,1.00798e-59,1.57197e-58,9.36510e-59
9.11509e-66,2.14814e-64,7.38195e-67,1.24443e-65,5.57812e-66,2.59260e-63,6.10008e-62,2.06012e-64,3.52793e-63,1.60584e-63,4.95673e-61,1.16344e-59,3.92552e-62,6.72511e-61,3.08995e-61,9.36510e-59,2.19165e-57,7.43516e-60,1.26786e-58,5.85986e-59
5.57812e-66,1.31478e-64,4.50523e-67,9.11509e-66,1.91692e-66,1.60584e-63,3.77881e-62,1.27049e-64,2.59260e-63,6.05321e-64,3.08995e-61,7.25369e-60,2.43762e-62,4.95673e-61,1.21192e-61,5.85986e-59,1.37158e-57,4.63466e-60,9.36510e-59,2.31632e-59
