"v^n-2_i,j","v^n-2_i-1,j","v^n-2_i+1,j","v^n-2_i,j-1","v^n-2_i,j+1","v^n-1_i,j","v^n-1_i-1,j","v^n-1_i+1,j","v^n-1_i,j-1","v^n-1_i,j+1","v^n_i,j","v^n_i-1,j","v^n_i+1,j","v^n_i,j-1","v^n_i,j+1","v^n+1_i,j","v^n+1_i-1,j","v^n+1_i+1,j","v^n+1_i,j-1","v^n+1_i,j+1"
0.00000e+00,0.00000e+00,0.00000e+00,0.00000e+00,0.00000e+00,0.00000e+00,0.00000e+00,0.00000e+00,0.00000e+00,0.00000e+00,-4.76618e-03,-8.97228e-03,-2.92408e-04,-7.05754e-03,-1.67071e-03,2.05224e-02,1.00765e-01,-1.47702e-03,6.17898e-02,-1.65847e-02
0.00000e+00,0.00000e+00,0.00000e+00,0.00000e+00,0.00000e+00,0.00000e+00,0.00000e+00,0.00000e+00,0.00000e+00,0.00000e+00,-1.67071e-03,-3.09001e-03,-1.32476e-04,-4.76618e-03,-5.84953e-04,-1.65847e-02,-2.76269e-02,-1.98697e-03,2.05224e-02,-1.03156e-02
0.00000e+00,0.00000e+00,0.00000e+00,0.00000e+00,0.00000e+00,0.00000e+00,0.00000e+00,0.00000e+00,0.00000e+00,0.00000e+00,-5.84953e-04,-1.06409e-03,-5.62721e-05,-1.67071e-03,-2.04733e-04,-1.03156e-02,-1.74305e-02,-1.22097e-03,-1.65847e-02,-5.13536e-03
0.00000e+00,0.00000e+00,0.00000e+00,0.00000e+00,0.00000e+00,0.00000e+00,0.00000e+00,0.00000e+00,0.00000e+00,0.00000e+00,-2.04733e-04,-3.66697e-04,-2.29473e-05,-5.84953e-04,-7.16492e-05,-5.13536e-03,-8.48968e-03,-6.61228e-04,-1.03156e-02,-2.31215e-03
0.00000e+00,0.00000e+00,0.00000e+00,0.00000e+00,0.00000e+00,0.00000e+00,0.00000e+00,0.00000e+00,0.00000e+00,0.00000e+00,-7.16492e-05,-1.26485e-04,-9.09858e-06,-2.04733e-04,-2.50702e-05,-2.31215e-03,-3.70845e-03,-3.28471e-04,-5.13536e-03,-9.82360e-04
0.00000e+00,0.00000e+00,0.00000e+00,0.00000e+00,0.00000e+00,0.00000e+00,0.00000e+00,0.00000e+00,0.00000e+00,0.00000e+00,-2.50702e-05,-4.36635e-05,-3.53381e-06,-7.16492e-05,-8.75968e-06,-9.82360e-04,-1.52539e-03,-1.53449e-04,-2.31215e-03,-4.01059e-04
0.00000e+00,0.00000e+00,0.00000e+00,0.00000e+00,0.00000e+00,0.00000e+00,0.00000e+00,0.00000e+00,0.00000e+00,0.00000e+00,-8.75968e-06,-1.50665e-05,-1.34884e-06,-2.50702e-05,-3.02516e-06,-4.01059e-04,-6.03032e-04,-6.83220e-05,-9.82360e-04,-1.56954e-04
0.00000e+00,0.00000e+00,0.00000e+00,0.00000e+00,0.00000e+00,0.00000e+00,0.00000e+00,0.00000e+00,0.00000e+00,0.00000e+00,-3.02516e-06,-5.14494e-06,-5.01510e-07,-8.75968e-06,-9.43167e-07,-1.56954e-04,-2.29015e-04,-2.88273e-05,-4.01059e-04,-5.35256e-05
0.00000e+00,0.00000e+00,0.00000e+00,0.00000e+00,0.00000e+00,0.00000e+00,0.00000e+00,0.00000e+00,0.00000e+00,0.00000e+00,-9.43167e-07,-1.58996e-06,-1.65107e-07,-3.02516e-06,5.36056e-15,-5.35256e-05,-7.62741e-05,-1.03955e-05,-1.56954e-04,4.60928e-14
0.00000e+00,0.00000e+00,0.00000e+00,0.00000e+00,0.00000e+00,0.00000e+00,0.00000e+00,0.00000e+00,0.00000e+00,0.00000e+00,5.36056e-15,1.15481e-15,4.48079e-16,-9.43167e-07,9.43167e-07,4.60928e-14,1.48453e-14,8.72571e-15,-5.35256e-05,5.35256e-05
0.00000e+00,0.00000e+00,0.00000e+00,0.00000e+00,0.00000e+00,0.00000e+00,0.00000e+00,0.00000e+00,0.00000e+00,0.00000e+00,9.43167e-07,1.58996e-06,1.65107e-07,5.36056e-15,3.02516e-06,5.35256e-05,7.62741e-05,1.03955e-05,4.60928e-14,1.56954e-04
0.00000e+00,0.00000e+00,0.00000e+00,0.00000e+00,0.00000e+00,0.00000e+00,0.00000e+00,0.00000e+00,0.00000e+00,0.00000e+00,3.02516e-06,5.14494e-06,5.01510e-07,9.43167e-07,8.75968e-06,1.56954e-04,2.29015e-04,2.88273e-05,5.35256e-05,4.01059e-04
0.00000e+00,0.00000e+00,0.00000e+00,0.00000e+00,0.00000e+00,0.00000e+00,0.00000e+00,0.00000e+00,0.00000e+00,0.00000e+00,8.75968e-06,1.50665e-05,1.34884e-06,3.02516e-06,2.50702e-05,4.01059e-04,6.03032e-04,6.83220e-05,1.56954e-04,9.82360e-04
0.00000e+00,0.00000e+00,0.00000e+00,0.00000e+00,0.00000e+00,0.00000e+00,0.00000e+00,0.00000e+00,0.00000e+00,0.00000e+00,2.50702e-05,4.36635e-05,3.53381e-06,8.75968e-06,7.16492e-05,9.82360e-04,1.52539e-03,1.53449e-04,4.01059e-04,2.31215e-03
0.00000e+00,0.00000e+00,0.00000e+00,0.00000e+00,0.00000e+00,0.00000e+00,0.00000e+00,0.00000e+00,0.00000e+00,0.00000e+00,7.16492e-05,1.26485e-04,9.09858e-06,2.50702e-05,2.04733e-04,2.31215e-03,3.70845e-03,3.28471e-04,9.82360e-04,5.13536e-03
0.00000e+00,0.00000e+00,0.00000e+00,0.00000e+00,0.00000e+00,0.00000e+00,0.00000e+00,0.00000e+00,0.00000e+00,0.00000e+00,2.04733e-04,3.66697e-04,2.29473e-05,7.16492e-05,5.84953e-04,5.13536e-03,8.48968e-03,6.61228e-04,2.31215e-03,1.03156e-02
0.00000e+00,0.00000e+00,0.00000e+00,0.00000e+00,0.00000e+00,0.00000e+00,0.00000e+00,0.00000e+00,0.00000e+00,0.00000e+00,5.84953e-04,1.06409e-03,5.62721e-05,2.04733e-04,1.67071e-03,1.03156e-02,1.74305e-02,1.22097e-03,5.13536e-03,1.65847e-02
0.00000e+00,0.00000e+00,0.00000e+00,0.00000e+00,0.00000e+00,0.00000e+00,0.00000e+00,0.00000e+00,0.00000e+00,0.00000e+00,1.67071e-03,3.09001e-03,1.32476e-04,5.84953e-04,4.76618e-03,1.65847e-02,2.76269e-02,1.98697e-03,1.03156e-02,-2.05224e-02
0.00000e+00,0.00000e+00,0.00000e+00,0.00000e+00,0.00000e+00,0.00000e+00,0.00000e+00,0.00000e+00,0.00000e+00,0.00000e+00,4.76618e-03,8.97228e-03,2.92408e-04,1.67071e-03,7.05754e-03,-2.05224e-02,-1.00765e-01,1.47702e-03,1.65847e-02,-6.17898e-02
0.00000e+00,0.00000e+00,0.00000e+00,0.00000e+00,0.00000e+00,0.00000e+00,0.00000e+00,0.00000e+00,0.00000e+00,0.00000e+00,-2.92408e-04,-4.76618e-03,-1.28728e-05,-3.99604e-04,-1.32476e-04,-1.47702e-03,2.05224e-02,-9.01284e-04,-4.36012e-04,-1.98697e-03
0.00000e+00,0.00000e+00,0.00000e+00,0.00000e+00,0.00000e+00,0.00000e+00,0.00000e+00,0.00000e+00,0.00000e+00,0.00000e+00,-1.32476e-04,-1.67071e-03,-7.09251e-06,-2.92408e-04,-5.62721e-05,-1.98697e-03,-1.65847e-02,-4.65349e-04,-1.47702e-03,-1.22097e-03
0.00000e+00,0.00000e+00,0.00000e+00,0.00000e+00,0.00000e+00,0.00000e+00,0.00000e+00,0.00000e+00,0.00000e+00,0.00000e+00,-5.62721e-05,-5.84953e-04,-3.54525e-06,-1.32476e-04,-2.29473e-05,-1.22097e-03,-1.03156e-02,-2.25615e-04,-1.98697e-03,-6.61228e-04
0.00000e+00,0.00000e+00,0.00000e+00,0.00000e+00,0.00000e+00,0.00000e+00,0.00000e+00,0.00000e+00,0.00000e+00,0.00000e+00,-2.29473e-05,-2.04733e-04,-1.65614e-06,-5.62721e-05,-9.09858e-06,-6.61228e-04,-5.13536e-03,-1.06853e-04,-1.22097e-03,-3.28471e-04
0.00000e+00,0.00000e+00,0.00000e+00,0.00000e+00,0.00000e+00,0.00000e+00,0.00000e+00,0.00000e+00,0.00000e+00,0.00000e+00,-9.09858e-06,-7.16492e-05,-7.37559e-07,-2.29473e-05,-3.53381e-06,-3.28471e-04,-2.31215e-03,-4.95578e-05,-6.61228e-04,-1.53449e-04
0.00000e+00,0.00000e+00,0.00000e+00,0.00000e+00,0.00000e+00,0.00000e+00,0.00000e+00,0.00000e+00,0.00000e+00,0.00000e+00,-3.53381e-06,-2.50702e-05,-3.16889e-07,-9.09858e-06,-1.34884e-06,-1.53449e-04,-9.82360e-04,-2.25085e-05,-3.28471e-04,-6.83220e-05
0.00000e+00,0.00000e+00,0.00000e+00,0.00000e+00,0.00000e+00,0.00000e+00,0.00000e+00,0.00000e+00,0.00000e+00,0.00000e+00,-1.34884e-06,-8.75968e-06,-1.32113e-07,-3.53381e-06,-5.01510e-07,-6.83220e-05,-4.01059e-04,-9.98699e-06,-1.53449e-04,-2.88273e-05
0.00000e+00,0.00000e+00,0.00000e+00,0.00000e+00,0.00000e+00,0.00000e+00,0.00000e+00,0.00000e+00,0.00000e+00,0.00000e+00,-5.01510e-07,-3.02516e-06,-5.29596e-08,-1.34884e-06,-1.65107e-07,-2.88273e-05,-1.56954e-04,-4.25678e-06,-6.83220e-05,-1.03955e-05
0.00000e+00,0.00000e+00,0.00000e+00,0.00000e+00,0.00000e+00,0.00000e+00,0.00000e+00,0.00000e+00,0.00000e+00,0.00000e+00,-1.65107e-07,-9.43167e-07,-1.84355e-08,-5.01510e-07,4.48079e-16,-1.03955e-05,-5.35256e-05,-1.55603e-06,-2.88273e-05,8.72571e-15
0.00000e+00,0.00000e+00,0.00000e+00,0.00000e+00,0.00000e+00,0.00000e+00,0.00000e+00,0.00000e+00,0.00000e+00,0.00000e+00,4.48079e-16,5.36056e-15,1.60377e-15,-1.65107e-07,1.65107e-07,8.72571e-15,4.60928e-14,7.11588e-15,-1.03955e-05,1.03955e-05
0.00000e+00,0.00000e+00,0.00000e+00,0.00000e+00,0.00000e+00,0.00000e+00,0.00000e+00,0.00000e+00,0.00000e+00,0.00000e+00,1.65107e-07,9.43167e-07,1.84355e-08,4.48079e-16,5.01510e-07,1.03955e-05,5.35256e-05,1.55603e-06,8.72571e-15,2.88273e-05
0.00000e+00,0.00000e+00,0.00000e+00,0.00000e+00,0.00000e+00,0.00000e+00,0.00000e+00,0.00000e+00,0.00000e+00,0.00000e+00,5.01510e-07,3.02516e-06,5.29596e-08,1.65107e-07,1.34884e-06,2.88273e-05,1.56954e-04,4.25678e-06,1.03955e-05,6.83220e-05
0.00000e+00,0.00000e+00,0.00000e+00,0.00000e+00,0.00000e+00,0.00000e+00,0.00000e+00,0.00000e+00,0.00000e+00,0.00000e+00,1.34884e-06,8.75968e-06,1.32113e-07,5.01510e-07,3.53381e-06,6.83220e-05,4.01059e-04,9.98699e-06,2.88273e-05,1.53449e-04
0.00000e+00,0.00000e+00,0.00000e+00,0.00000e+00,0.00000e+00,0.00000e+00,0.00000e+00,0.00000e+00,0.00000e+00,0.00000e+00,3.53381e-06,2.50702e-05,3.16889e-07,1.34884e-06,9.09858e-06,1.53449e-04,9.82360e-04,2.25085e-05,6.83220e-05,3.28471e-04
0.00000e+00,0.00000e+00,0.00000e+00,0.00000e+00,0.00000e+00,0.00000e+00,0.00000e+00,0.00000e+00,0.00000e+00,0.00000e+00,9.09858e-06,7.16492e-05,7.37559e-07,3.53381e-06,2.29473e-05,3.28471e-04,2.31215e-03,4.95578e-05,1.53449e-04,6.61228e-04
0.00000e+00,0.00000e+00,0.00000e+00,0.00000e+00,0.00000e+00,0.00000e+00,0.00000e+00,0.00000e+00,0.00000e+00,0.00000e+00,2.29473e-05,2.04733e-04,1.65614e-06,9.09858e-06,5.62721e-05,6.61228e-04,5.13536e-03,1.06853e-04,3.28471e-04,1.22097e-03
0.00000e+00,0.00000e+00,0.00000e+00,0.00000e+00,0.00000e+00,0.00000e+00,0.00000e+00,0.00000e+00,0.00000e+00,0.00000e+00,5.62721e-05,5.84953e-04,3.54525e-06,2.29473e-05,1.32476e-04,1.22097e-03,1.03156e-02,2.25615e-04,6.61228e-04,1.98697e-03
0.00000e+00,0.00000e+00,0.00000e+00,0.00000e+00,0.00000e+00,0.00000e+00,0.00000e+00,0.00000e+00,0.00000e+00,0.00000e+00,1.32476e-04,1.67071e-03,7.09251e-06,5.62721e-05,2.92408e-04,1.98697e-03,1.65847e-02,4.65349e-04,1.22097e-03,1.47702e-03
0.00000e+00,0.00000e+00,0.00000e+00,0.00000e+00,0.00000e+00,0.00000e+00,0.00000e+00,0.00000e+00,0.00000e+00,0.00000e+00,2.92408e-04,4.76618e-03,1.28728e-05,1.32476e-04,3.99604e-04,1.47702e-03,-2.05224e-02,9.01284e-04,1.98697e-03,4.36012e-04
0.00000e+00,0.00000e+00,0.00000e+00,0.00000e+00,0.00000e+00,0.00000e+00,0.00000e+00,0.00000e+00,0.00000e+00,0.00000e+00,-1.28728e-05,-2.92408e-04,-5.27949e-07,-1.63678e-05,-7.09251e-06,-9.01284e-04,-1.47702e-03,-7.67949e-05,-1.17075e-03,-4.65349e-04
0.00000e+00,0.00000e+00,0.00000e+00,0.00000e+00,0.00000e+00,0.00000e+00,0.00000e+00,0.00000e+00,0.00000e+00,0.00000e+00,-7.09251e-06,-1.32476e-04,-3.34154e-07,-1.28728e-05,-3.54525e-06,-4.65349e-04,-1.98697e-03,-4.48753e-05,-9.01284e-04,-2.25615e-04
0.00000e+00,0.00000e+00,0.00000e+00,0.00000e+00,0.00000e+00,0.00000e+00,0.00000e+00,0.00000e+00,0.00000e+00,0.00000e+00,-3.54525e-06,-5.62721e-05,-1.88990e-07,-7.09251e-06,-1.65614e-06,-2.25615e-04,-1.22097e-03,-2.36850e-05,-4.65349e-04,-1.06853e-04
0.00000e+00,0.00000e+00,0.00000e+00,0.00000e+00,0.00000e+00,0.00000e+00,0.00000e+00,0.00000e+00,0.00000e+00,0.00000e+00,-1.65614e-06,-2.29473e-05,-9.87102e-08,-3.54525e-06,-7.37559e-07,-1.06853e-04,-6.61228e-04,-1.18405e-05,-2.25615e-04,-4.95578e-05
0.00000e+00,0.00000e+00,0.00000e+00,0.00000e+00,0.00000e+00,0.00000e+00,0.00000e+00,0.00000e+00,0.00000e+00,0.00000e+00,-7.37559e-07,-9.09858e-06,-4.86039e-08,-1.65614e-06,-3.16889e-07,-4.95578e-05,-3.28471e-04,-5.69970e-06,-1.06853e-04,-2.25085e-05
0.00000e+00,0.00000e+00,0.00000e+00,0.00000e+00,0.00000e+00,0.00000e+00,0.00000e+00,0.00000e+00,0.00000e+00,0.00000e+00,-3.16889e-07,-3.53381e-06,-2.28593e-08,-7.37559e-07,-1.32113e-07,-2.25085e-05,-1.53449e-04,-2.66468e-06,-4.95578e-05,-9.98699e-06
0.00000e+00,0.00000e+00,0.00000e+00,0.00000e+00,0.00000e+00,0.00000e+00,0.00000e+00,0.00000e+00,0.00000e+00,0.00000e+00,-1.32113e-07,-1.34884e-06,-1.03352e-08,-3.16889e-07,-5.29596e-08,-9.98699e-06,-6.83220e-05,-1.21235e-06,-2.25085e-05,-4.25678e-06
0.00000e+00,0.00000e+00,0.00000e+00,0.00000e+00,0.00000e+00,0.00000e+00,0.00000e+00,0.00000e+00,0.00000e+00,0.00000e+00,-5.29596e-08,-5.01510e-07,-4.44359e-09,-1.32113e-07,-1.84355e-08,-4.25678e-06,-2.88273e-05,-5.28440e-07,-9.98699e-06,-1.55603e-06
0.00000e+00,0.00000e+00,0.00000e+00,0.00000e+00,0.00000e+00,0.00000e+00,0.00000e+00,0.00000e+00,0.00000e+00,0.00000e+00,-1.84355e-08,-1.65107e-07,-1.62904e-09,-5.29596e-08,1.60377e-15,-1.55603e-06,-1.03955e-05,-1.96526e-07,-4.25678e-06,7.11588e-15
0.00000e+00,0.00000e+00,0.00000e+00,0.00000e+00,0.00000e+00,0.00000e+00,0.00000e+00,0.00000e+00,0.00000e+00,0.00000e+00,1.60377e-15,4.48079e-16,4.68190e-16,-1.84355e-08,1.84355e-08,7.11588e-15,8.72571e-15,4.82244e-15,-1.55603e-06,1.55603e-06
0.00000e+00,0.00000e+00,0.00000e+00,0.00000e+00,0.00000e+00,0.00000e+00,0.00000e+00,0.00000e+00,0.00000e+00,0.00000e+00,1.84355e-08,1.65107e-07,1.62904e-09,1.60377e-15,5.29596e-08,1.55603e-06,1.03955e-05,1.96526e-07,7.11588e-15,4.25678e-06
0.00000e+00,0.00000e+00,0.00000e+00,0.00000e+00,0.00000e+00,0.00000e+00,0.00000e+00,0.00000e+00,0.00000e+00,0.00000e+00,5.29596e-08,5.01510e-07,4.44359e-09,1.84355e-08,1.32113e-07,4.25678e-06,2.88273e-05,5.28440e-07,1.55603e-06,9.98699e-06
0.00000e+00,0.00000e+00,0.00000e+00,0.00000e+00,0.00000e+00,0.00000e+00,0.00000e+00,0.00000e+00,0.00000e+00,0.00000e+00,1.32113e-07,1.34884e-06,1.03352e-08,5.29596e-08,3.16889e-07,9.98699e-06,6.83220e-05,1.21235e-06,4.25678e-06,2.25085e-05
0.00000e+00,0.00000e+00,0.00000e+00,0.00000e+00,0.00000e+00,0.00000e+00,0.00000e+00,0.00000e+00,0.00000e+00,0.00000e+00,3.16889e-07,3.53381e-06,2.28593e-08,1.32113e-07,7.37559e-07,2.25085e-05,1.53449e-04,2.66468e-06,9.98699e-06,4.95578e-05
0.00000e+00,0.00000e+00,0.00000e+00,0.00000e+00,0.00000e+00,0.00000e+00,0.00000e+00,0.00000e+00,0.00000e+00,0.00000e+00,7.37559e-07,9.09858e-06,4.86039e-08,3.16889e-07,1.65614e-06,4.95578e-05,3.28471e-04,5.69970e-06,2.25085e-05,1.06853e-04
0.00000e+00,0.00000e+00,0.00000e+00,0.00000e+00,0.00000e+00,0.00000e+00,0.00000e+00,0.00000e+00,0.00000e+00,0.00000e+00,1.65614e-06,2.29473e-05,9.87102e-08,7.37559e-07,3.54525e-06,1.06853e-04,6.61228e-04,1.18405e-05,4.95578e-05,2.25615e-04
0.00000e+00,0.00000e+00,0.00000e+00,0.00000e+00,0.00000e+00,0.00000e+00,0.00000e+00,0.00000e+00,0.00000e+00,0.00000e+00,3.54525e-06,5.62721e-05,1.88990e-07,1.65614e-06,7.09251e-06,2.25615e-04,1.22097e-03,2.36850e-05,1.06853e-04,4.65349e-04
0.00000e+00,0.00000e+00,0.00000e+00,0.00000e+00,0.00000e+00,0.00000e+00,0.00000e+00,0.00000e+00,0.00000e+00,0.00000e+00,7.09251e-06,1.32476e-04,3.34154e-07,3.54525e-06,1.28728e-05,4.65349e-04,1.98697e-03,4.48753e-05,2.25615e-04,9.01284e-04
0.00000e+00,0.00000e+00,0.00000e+00,0.00000e+00,0.00000e+00,0.00000e+00,0.00000e+00,0.00000e+00,0.00000e+00,0.00000e+00,1.28728e-05,2.92408e-04,5.27949e-07,7.09251e-06,1.63678e-05,9.01284e-04,1.47702e-03,7.67949e-05,4.65349e-04,1.17075e-03
0.00000e+00,0.00000e+00,0.00000e+00,0.00000e+00,0.00000e+00,0.00000e+00,0.00000e+00,0.00000e+00,0.00000e+00,0.00000e+00,-5.27949e-07,-1.28728e-05,-2.11761e-08,-6.33994e-07,-3.34154e-07,-7.67949e-05,-9.01284e-04,-4.65140e-06,-9.49340e-05,-4.48753e-05
0.00000e+00,0.00000e+00,0.00000e+00,0.00000e+00,0.00000e+00,0.00000e+00,0.00000e+00,0.00000e+00,0.00000e+00,0.00000e+00,-3.34154e-07,-7.09251e-06,-1.47332e-08,-5.27949e-07,-1.88990e-07,-4.48753e-05,-4.65349e-04,-3.04269e-06,-7.67949e-05,-2.36850e-05
0.00000e+00,0.00000e+00,0.00000e+00,0.00000e+00,0.00000e+00,0.00000e+00,0.00000e+00,0.00000e+00,0.00000e+00,0.00000e+00,-1.88990e-07,-3.54525e-06,-9.16139e-09,-3.34154e-07,-9.87102e-08,-2.36850e-05,-2.25615e-04,-1.77564e-06,-4.48753e-05,-1.18405e-05
0.00000e+00,0.00000e+00,0.00000e+00,0.00000e+00,0.00000e+00,0.00000e+00,0.00000e+00,0.00000e+00,0.00000e+00,0.00000e+00,-9.87102e-08,-1.65614e-06,-5.23791e-09,-1.88990e-07,-4.86039e-08,-1.18405e-05,-1.06853e-04,-9.64209e-07,-2.36850e-05,-5.69970e-06
0.00000e+00,0.00000e+00,0.00000e+00,0.00000e+00,0.00000e+00,0.00000e+00,0.00000e+00,0.00000e+00,0.00000e+00,0.00000e+00,-4.86039e-08,-7.37559e-07,-2.80674e-09,-9.87102e-08,-2.28593e-08,-5.69970e-06,-4.95578e-05,-4.96922e-07,-1.18405e-05,-2.66468e-06
0.00000e+00,0.00000e+00,0.00000e+00,0.00000e+00,0.00000e+00,0.00000e+00,0.00000e+00,0.00000e+00,0.00000e+00,0.00000e+00,-2.28593e-08,-3.16889e-07,-1.42767e-09,-4.86039e-08,-1.03352e-08,-2.66468e-06,-2.25085e-05,-2.45942e-07,-5.69970e-06,-1.21235e-06
0.00000e+00,0.00000e+00,0.00000e+00,0.00000e+00,0.00000e+00,0.00000e+00,0.00000e+00,0.00000e+00,0.00000e+00,0.00000e+00,-1.03352e-08,-1.32113e-07,-6.93359e-10,-2.28593e-08,-4.44359e-09,-1.21235e-06,-9.98699e-06,-1.17397e-07,-2.66468e-06,-5.28440e-07
0.00000e+00,0.00000e+00,0.00000e+00,0.00000e+00,0.00000e+00,0.00000e+00,0.00000e+00,0.00000e+00,0.00000e+00,0.00000e+00,-4.44359e-09,-5.29596e-08,-3.17230e-10,-1.03352e-08,-1.62904e-09,-5.28440e-07,-4.25678e-06,-5.32230e-08,-1.21235e-06,-1.96526e-07
0.00000e+00,0.00000e+00,0.00000e+00,0.00000e+00,0.00000e+00,0.00000e+00,0.00000e+00,0.00000e+00,0.00000e+00,0.00000e+00,-1.62904e-09,-1.84355e-08,-1.21730e-10,-4.44359e-09,4.68190e-16,-1.96526e-07,-1.55603e-06,-2.03506e-08,-5.28440e-07,4.82244e-15
0.00000e+00,0.00000e+00,0.00000e+00,0.00000e+00,0.00000e+00,0.00000e+00,0.00000e+00,0.00000e+00,0.00000e+00,0.00000e+00,4.68190e-16,1.60377e-15,-6.33062e-15,-1.62904e-09,1.62904e-09,4.82244e-15,7.11588e-15,-4.34950e-14,-1.96526e-07,1.96526e-07
0.00000e+00,0.00000e+00,0.00000e+00,0.00000e+00,0.00000e+00,0.00000e+00,0.00000e+00,0.00000e+00,0.00000e+00,0.00000e+00,1.62904e-09,1.84355e-08,1.21716e-10,4.68190e-16,4.44359e-09,1.96526e-07,1.55603e-06,2.03505e-08,4.82244e-15,5.28440e-07
0.00000e+00,0.00000e+00,0.00000e+00,0.00000e+00,0.00000e+00,0.00000e+00,0.00000e+00,0.00000e+00,0.00000e+00,0.00000e+00,4.44359e-09,5.29596e-08,3.17214e-10,1.62904e-09,1.03352e-08,5.28440e-07,4.25678e-06,5.32229e-08,1.96526e-07,1.21235e-06
0.00000e+00,0.00000e+00,0.00000e+00,0.00000e+00,0.00000e+00,0.00000e+00,0.00000e+00,0.00000e+00,0.00000e+00,0.00000e+00,1.03352e-08,1.32113e-07,6.93339e-10,4.44359e-09,2.28593e-08,1.21235e-06,9.98699e-06,1.17397e-07,5.28440e-07,2.66468e-06
0.00000e+00,0.00000e+00,0.00000e+00,0.00000e+00,0.00000e+00,0.00000e+00,0.00000e+00,0.00000e+00,0.00000e+00,0.00000e+00,2.28593e-08,3.16889e-07,1.42765e-09,1.03352e-08,4.86039e-08,2.66468e-06,2.25085e-05,2.45942e-07,1.21235e-06,5.69970e-06
0.00000e+00,0.00000e+00,0.00000e+00,0.00000e+00,0.00000e+00,0.00000e+00,0.00000e+00,0.00000e+00,0.00000e+00,0.00000e+00,4.86039e-08,7.37559e-07,2.80672e-09,2.28593e-08,9.87102e-08,5.69970e-06,4.95578e-05,4.96922e-07,2.66468e-06,1.18405e-05
0.00000e+00,0.00000e+00,0.00000e+00,0.00000e+00,0.00000e+00,0.00000e+00,0.00000e+00,0.00000e+00,0.00000e+00,0.00000e+00,9.87102e-08,1.65614e-06,5.23789e-09,4.86039e-08,1.88990e-07,1.18405e-05,1.06853e-04,9.64209e-07,5.69970e-06,2.36850e-05
0.00000e+00,0.00000e+00,0.00000e+00,0.00000e+00,0.00000e+00,0.00000e+00,0.00000e+00,0.00000e+00,0.00000e+00,0.00000e+00,1.88990e-07,3.54525e-06,9.16138e-09,9.87102e-08,3.34154e-07,2.36850e-05,2.25615e-04,1.77564e-06,1.18405e-05,4.48753e-05
0.00000e+00,0.00000e+00,0.00000e+00,0.00000e+00,0.00000e+00,0.00000e+00,0.00000e+00,0.00000e+00,0.00000e+00,0.00000e+00,3.34154e-07,7.09251e-06,1.47332e-08,1.88990e-07,5.27949e-07,4.48753e-05,4.65349e-04,3.04269e-06,2.36850e-05,7.67949e-05
0.00000e+00,0.00000e+00,0.00000e+00,0.00000e+00,0.00000e+00,0.00000e+00,0.00000e+00,0.00000e+00,0.00000e+00,0.00000e+00,5.27949e-07,1.28728e-05,2.11761e-08,3.34154e-07,6.33994e-07,7.67949e-05,9.01284e-04,4.65140e-06,4.48753e-05,9.49340e-05
0.00000e+00,0.00000e+00,0.00000e+00,0.00000e+00,0.00000e+00,0.00000e+00,0.00000e+00,0.00000e+00,0.00000e+00,0.00000e+00,-2.11761e-08,-5.27949e-07,-8.45225e-10,-2.44340e-08,-1.47332e-08,-4.65140e-06,-7.67949e-05,-2.46978e-07,-5.48630e-06,-3.04269e-06
0.00000e+00,0.00000e+00,0.00000e+00,0.00000e+00,0.00000e+00,0.00000e+00,0.00000e+00,0.00000e+00,0.00000e+00,0.00000e+00,-1.47332e-08,-3.34154e-07,-6.28328e-10,-2.11761e-08,-9.16139e-09,-3.04269e-06,-4.48753e-05,-1.75678e-07,-4.65140e-06,-1.77564e-06
0.00000e+00,0.00000e+00,0.00000e+00,0.00000e+00,0.00000e+00,0.00000e+00,0.00000e+00,0.00000e+00,0.00000e+00,0.00000e+00,-9.16139e-09,-1.88990e-07,-4.20139e-10,-1.47332e-08,-5.23791e-09,-1.77564e-06,-2.36850e-05,-1.11498e-07,-3.04269e-06,-9.64209e-07
0.00000e+00,0.00000e+00,0.00000e+00,0.00000e+00,0.00000e+00,0.00000e+00,0.00000e+00,0.00000e+00,0.00000e+00,0.00000e+00,-5.23791e-09,-9.87102e-08,-2.58413e-10,-9.16139e-09,-2.80674e-09,-9.64209e-07,-1.18405e-05,-6.53849e-08,-1.77564e-06,-4.96922e-07
0.00000e+00,0.00000e+00,0.00000e+00,0.00000e+00,0.00000e+00,0.00000e+00,0.00000e+00,0.00000e+00,0.00000e+00,0.00000e+00,-2.80674e-09,-4.86039e-08,-1.48636e-10,-5.23791e-09,-1.42767e-09,-4.96922e-07,-5.69970e-06,-3.61006e-08,-9.64209e-07,-2.45942e-07
0.00000e+00,0.00000e+00,0.00000e+00,0.00000e+00,0.00000e+00,0.00000e+00,0.00000e+00,0.00000e+00,0.00000e+00,0.00000e+00,-1.42767e-09,-2.28593e-08,-8.08676e-11,-2.80674e-09,-6.93359e-10,-2.45942e-07,-2.66468e-06,-1.89937e-08,-4.96922e-07,-1.17397e-07
0.00000e+00,0.00000e+00,0.00000e+00,0.00000e+00,0.00000e+00,0.00000e+00,0.00000e+00,0.00000e+00,0.00000e+00,0.00000e+00,-6.93359e-10,-1.03352e-08,-4.18005e-11,-1.42767e-09,-3.17230e-10,-1.17397e-07,-1.21235e-06,-9.56476e-09,-2.45942e-07,-5.32230e-08
0.00000e+00,0.00000e+00,0.00000e+00,0.00000e+00,0.00000e+00,0.00000e+00,0.00000e+00,0.00000e+00,0.00000e+00,0.00000e+00,-3.17230e-10,-4.44359e-09,-2.01930e-11,-6.93359e-10,-1.21730e-10,-5.32230e-08,-5.28440e-07,-4.53401e-09,-1.17397e-07,-2.03506e-08
0.00000e+00,0.00000e+00,0.00000e+00,0.00000e+00,0.00000e+00,0.00000e+00,0.00000e+00,0.00000e+00,0.00000e+00,0.00000e+00,-1.21730e-10,-1.62904e-09,-8.06130e-12,-3.17230e-10,-6.33062e-15,-2.03506e-08,-1.96526e-07,-1.78905e-09,-5.32230e-08,-4.34950e-14
0.00000e+00,0.00000e+00,0.00000e+00,0.00000e+00,0.00000e+00,0.00000e+00,0.00000e+00,0.00000e+00,0.00000e+00,0.00000e+00,-6.33062e-15,4.68190e-16,-9.38990e-16,-1.21730e-10,1.21716e-10,-4.34950e-14,4.82244e-15,-8.57975e-15,-2.03506e-08,2.03505e-08
0.00000e+00,0.00000e+00,0.00000e+00,0.00000e+00,0.00000e+00,0.00000e+00,0.00000e+00,0.00000e+00,0.00000e+00,0.00000e+00,1.21716e-10,1.62904e-09,8.05928e-12,-6.33062e-15,3.17214e-10,2.03505e-08,1.96526e-07,1.78904e-09,-4.34950e-14,5.32229e-08
0.00000e+00,0.00000e+00,0.00000e+00,0.00000e+00,0.00000e+00,0.00000e+00,0.00000e+00,0.00000e+00,0.00000e+00,0.00000e+00,3.17214e-10,4.44359e-09,2.01906e-11,1.21716e-10,6.93339e-10,5.32229e-08,5.28440e-07,4.53399e-09,2.03505e-08,1.17397e-07
0.00000e+00,0.00000e+00,0.00000e+00,0.00000e+00,0.00000e+00,0.00000e+00,0.00000e+00,0.00000e+00,0.00000e+00,0.00000e+00,6.93339e-10,1.03352e-08,4.17976e-11,3.17214e-10,1.42765e-09,1.17397e-07,1.21235e-06,9.56474e-09,5.32229e-08,2.45942e-07
0.00000e+00,0.00000e+00,0.00000e+00,0.00000e+00,0.00000e+00,0.00000e+00,0.00000e+00,0.00000e+00,0.00000e+00,0.00000e+00,1.42765e-09,2.28593e-08,8.08641e-11,6.93339e-10,2.80672e-09,2.45942e-07,2.66468e-06,1.89937e-08,1.17397e-07,4.96922e-07
0.00000e+00,0.00000e+00,0.00000e+00,0.00000e+00,0.00000e+00,0.00000e+00,0.00000e+00,0.00000e+00,0.00000e+00,0.00000e+00,2.80672e-09,4.86039e-08,1.48633e-10,1.42765e-09,5.23789e-09,4.96922e-07,5.69970e-06,3.61005e-08,2.45942e-07,9.64209e-07
0.00000e+00,0.00000e+00,0.00000e+00,0.00000e+00,0.00000e+00,0.00000e+00,0.00000e+00,0.00000e+00,0.00000e+00,0.00000e+00,5.23789e-09,9.87102e-08,2.58410e-10,2.80672e-09,9.16138e-09,9.64209e-07,1.18405e-05,6.53849e-08,4.96922e-07,1.77564e-06
0.00000e+00,0.00000e+00,0.00000e+00,0.00000e+00,0.00000e+00,0.00000e+00,0.00000e+00,0.00000e+00,0.00000e+00,0.00000e+00,9.16138e-09,1.88990e-07,4.20137e-10,5.23789e-09,1.47332e-08,1.77564e-06,2.36850e-05,1.11498e-07,9.64209e-07,3.04269e-06
0.00000e+00,0.00000e+00,0.00000e+00,0.00000e+00,0.00000e+00,0.00000e+00,0.00000e+00,0.00000e+00,0.00000e+00,0.00000e+00,1.47332e-08,3.34154e-07,6.28330e-10,9.16138e-09,2.11761e-08,3.04269e-06,4.48753e-05,1.75678e-07,1.77564e-06,4.65140e-06
0.00000e+00,0.00000e+00,0.00000e+00,0.00000e+00,0.00000e+00,0.00000e+00,0.00000e+00,0.00000e+00,0.00000e+00,0.00000e+00,2.11761e-08,5.27949e-07,8.45231e-10,1.47332e-08,2.44340e-08,4.65140e-06,7.67949e-05,2.46978e-07,3.04269e-06,5.48630e-06
0.00000e+00,0.00000e+00,0.00000e+00,0.00000e+00,0.00000e+00,0.00000e+00,0.00000e+00,0.00000e+00,0.00000e+00,0.00000e+00,-8.45225e-10,-2.11761e-08,-3.37756e-11,-9.48556e-10,-6.28328e-10,-2.46978e-07,-4.65140e-06,-1.22726e-08,-2.81156e-07,-1.75678e-07
0.00000e+00,0.00000e+00,0.00000e+00,0.00000e+00,0.00000e+00,0.00000e+00,0.00000e+00,0.00000e+00,0.00000e+00,0.00000e+00,-6.28328e-10,-1.47332e-08,-2.63365e-11,-8.45225e-10,-4.20139e-10,-1.75678e-07,-3.04269e-06,-9.27393e-09,-2.46978e-07,-1.11498e-07
0.00000e+00,0.00000e+00,0.00000e+00,0.00000e+00,0.00000e+00,0.00000e+00,0.00000e+00,0.00000e+00,0.00000e+00,0.00000e+00,-4.20139e-10,-9.16139e-09,-1.86271e-11,-6.28328e-10,-2.58413e-10,-1.11498e-07,-1.77564e-06,-6.29223e-09,-1.75678e-07,-6.53849e-08
0.00000e+00,0.00000e+00,0.00000e+00,0.00000e+00,0.00000e+00,0.00000e+00,0.00000e+00,0.00000e+00,0.00000e+00,0.00000e+00,-2.58413e-10,-5.23791e-09,-1.21553e-11,-4.20139e-10,-1.48636e-10,-6.53849e-08,-9.64209e-07,-3.94027e-09,-1.11498e-07,-3.61006e-08
0.00000e+00,0.00000e+00,0.00000e+00,0.00000e+00,0.00000e+00,0.00000e+00,0.00000e+00,0.00000e+00,0.00000e+00,0.00000e+00,-1.48636e-10,-2.80674e-09,-7.41865e-12,-2.58413e-10,-8.08676e-11,-3.61006e-08,-4.96922e-07,-2.31488e-09,-6.53849e-08,-1.89937e-08
0.00000e+00,0.00000e+00,0.00000e+00,0.00000e+00,0.00000e+00,0.00000e+00,0.00000e+00,0.00000e+00,0.00000e+00,0.00000e+00,-8.08676e-11,-1.42767e-09,-4.27544e-12,-1.48636e-10,-4.18005e-11,-1.89937e-08,-2.45942e-07,-1.28993e-09,-3.61006e-08,-9.56476e-09
0.00000e+00,0.00000e+00,0.00000e+00,0.00000e+00,0.00000e+00,0.00000e+00,0.00000e+00,0.00000e+00,0.00000e+00,0.00000e+00,-4.18005e-11,-6.93359e-10,-2.33263e-12,-8.08676e-11,-2.01930e-11,-9.56476e-09,-1.17397e-07,-6.84068e-10,-1.89937e-08,-4.53401e-09
0.00000e+00,0.00000e+00,0.00000e+00,0.00000e+00,0.00000e+00,0.00000e+00,0.00000e+00,0.00000e+00,0.00000e+00,0.00000e+00,-2.01930e-11,-3.17230e-10,-1.18122e-12,-4.18005e-11,-8.06130e-12,-4.53401e-09,-5.32230e-08,-3.38779e-10,-9.56476e-09,-1.78905e-09
0.00000e+00,0.00000e+00,0.00000e+00,0.00000e+00,0.00000e+00,0.00000e+00,0.00000e+00,0.00000e+00,0.00000e+00,0.00000e+00,-8.06130e-12,-1.21730e-10,-4.87867e-13,-2.01930e-11,-9.38990e-16,-1.78905e-09,-2.03506e-08,-1.37879e-10,-4.53401e-09,-8.57975e-15
0.00000e+00,0.00000e+00,0.00000e+00,0.00000e+00,0.00000e+00,0.00000e+00,0.00000e+00,0.00000e+00,0.00000e+00,0.00000e+00,-9.38990e-16,-6.33062e-15,-8.26563e-17,-8.06130e-12,8.05928e-12,-8.57975e-15,-4.34950e-14,-1.73258e-15,-1.78905e-09,1.78904e-09
0.00000e+00,0.00000e+00,0.00000e+00,0.00000e+00,0.00000e+00,0.00000e+00,0.00000e+00,0.00000e+00,0.00000e+00,0.00000e+00,8.05928e-12,1.21716e-10,4.87690e-13,-9.38990e-16,2.01906e-11,1.78904e-09,2.03505e-08,1.37876e-10,-8.57975e-15,4.53399e-09
0.00000e+00,0.00000e+00,0.00000e+00,0.00000e+00,0.00000e+00,0.00000e+00,0.00000e+00,0.00000e+00,0.00000e+00,0.00000e+00,2.01906e-11,3.17214e-10,1.18101e-12,8.05928e-12,4.17976e-11,4.53399e-09,5.32229e-08,3.38775e-10,1.78904e-09,9.56474e-09
0.00000e+00,0.00000e+00,0.00000e+00,0.00000e+00,0.00000e+00,0.00000e+00,0.00000e+00,0.00000e+00,0.00000e+00,0.00000e+00,4.17976e-11,6.93339e-10,2.33237e-12,2.01906e-11,8.08641e-11,9.56474e-09,1.17397e-07,6.84063e-10,4.53399e-09,1.89937e-08
0.00000e+00,0.00000e+00,0.00000e+00,0.00000e+00,0.00000e+00,0.00000e+00,0.00000e+00,0.00000e+00,0.00000e+00,0.00000e+00,8.08641e-11,1.42765e-09,4.27515e-12,4.17976e-11,1.48633e-10,1.89937e-08,2.45942e-07,1.28993e-09,9.56474e-09,3.61005e-08
0.00000e+00,0.00000e+00,0.00000e+00,0.00000e+00,0.00000e+00,0.00000e+00,0.00000e+00,0.00000e+00,0.00000e+00,0.00000e+00,1.48633e-10,2.80672e-09,7.41834e-12,8.08641e-11,2.58410e-10,3.61005e-08,4.96922e-07,2.31488e-09,1.89937e-08,6.53849e-08
0.00000e+00,0.00000e+00,0.00000e+00,0.00000e+00,0.00000e+00,0.00000e+00,0.00000e+00,0.00000e+00,0.00000e+00,0.00000e+00,2.58410e-10,5.23789e-09,1.21551e-11,1.48633e-10,4.20137e-10,6.53849e-08,9.64209e-07,3.94027e-09,3.61005e-08,1.11498e-07
0.00000e+00,0.00000e+00,0.00000e+00,0.00000e+00,0.00000e+00,0.00000e+00,0.00000e+00,0.00000e+00,0.00000e+00,0.00000e+00,4.20137e-10,9.16138e-09,1.86270e-11,2.58410e-10,6.28330e-10,1.11498e-07,1.77564e-06,6.29223e-09,6.53849e-08,1.75678e-07
0.00000e+00,0.00000e+00,0.00000e+00,0.00000e+00,0.00000e+00,0.00000e+00,0.00000e+00,0.00000e+00,0.00000e+00,0.00000e+00,6.28330e-10,1.47332e-08,2.63367e-11,4.20137e-10,8.45231e-10,1.75678e-07,3.04269e-06,9.27394e-09,1.11498e-07,2.46978e-07
0.00000e+00,0.00000e+00,0.00000e+00,0.00000e+00,0.00000e+00,0.00000e+00,0.00000e+00,0.00000e+00,0.00000e+00,0.00000e+00,8.45231e-10,2.11761e-08,3.37761e-11,6.28330e-10,9.48565e-10,2.46978e-07,4.65140e-06,1.22726e-08,1.75678e-07,2.81156e-07
0.00000e+00,0.00000e+00,0.00000e+00,0.00000e+00,0.00000e+00,0.00000e+00,0.00000e+00,0.00000e+00,0.00000e+00,0.00000e+00,-3.37756e-11,-8.45225e-10,-1.35393e-12,-3.71669e-11,-2.63365e-11,-1.22726e-08,-2.46978e-07,-5.86997e-10,-1.36230e-08,-9.27393e-09
0.00000e+00,0.00000e+00,0.00000e+00,0.00000e+00,0.00000e+00,0.00000e+00,0.00000e+00,0.00000e+00,0.00000e+00,0.00000e+00,-2.63365e-11,-6.28328e-10,-1.09386e-12,-3.37756e-11,-1.86271e-11,-9.27393e-09,-1.75678e-07,-4.63662e-10,-1.22726e-08,-6.29223e-09
0.00000e+00,0.00000e+00,0.00000e+00,0.00000e+00,0.00000e+00,0.00000e+00,0.00000e+00,0.00000e+00,0.00000e+00,0.00000e+00,-1.86271e-11,-4.20139e-10,-8.08442e-13,-2.63365e-11,-1.21553e-11,-6.29223e-09,-1.11498e-07,-3.31582e-10,-9.27393e-09,-3.94027e-09
0.00000e+00,0.00000e+00,0.00000e+00,0.00000e+00,0.00000e+00,0.00000e+00,0.00000e+00,0.00000e+00,0.00000e+00,0.00000e+00,-1.21553e-11,-2.58413e-10,-5.53620e-13,-1.86271e-11,-7.41865e-12,-3.94027e-09,-6.53849e-08,-2.19312e-10,-6.29223e-09,-2.31488e-09
0.00000e+00,0.00000e+00,0.00000e+00,0.00000e+00,0.00000e+00,0.00000e+00,0.00000e+00,0.00000e+00,0.00000e+00,0.00000e+00,-7.41865e-12,-1.48636e-10,-3.55108e-13,-1.21553e-11,-4.27544e-12,-2.31488e-09,-3.61006e-08,-1.35983e-10,-3.94027e-09,-1.28993e-09
0.00000e+00,0.00000e+00,0.00000e+00,0.00000e+00,0.00000e+00,0.00000e+00,0.00000e+00,0.00000e+00,0.00000e+00,0.00000e+00,-4.27544e-12,-8.08676e-11,-2.14978e-13,-7.41865e-12,-2.33263e-12,-1.28993e-09,-1.89937e-08,-7.97743e-11,-2.31488e-09,-6.84068e-10
0.00000e+00,0.00000e+00,0.00000e+00,0.00000e+00,0.00000e+00,0.00000e+00,0.00000e+00,0.00000e+00,0.00000e+00,0.00000e+00,-2.33263e-12,-4.18005e-11,-1.22888e-13,-4.27544e-12,-1.18122e-12,-6.84068e-10,-9.56476e-09,-4.43552e-11,-1.28993e-09,-3.38779e-10
0.00000e+00,0.00000e+00,0.00000e+00,0.00000e+00,0.00000e+00,0.00000e+00,0.00000e+00,0.00000e+00,0.00000e+00,0.00000e+00,-1.18122e-12,-2.01930e-11,-6.48118e-14,-2.33263e-12,-4.87867e-13,-3.38779e-10,-4.53401e-09,-2.28722e-11,-6.84068e-10,-1.37879e-10
0.00000e+00,0.00000e+00,0.00000e+00,0.00000e+00,0.00000e+00,0.00000e+00,0.00000e+00,0.00000e+00,0.00000e+00,0.00000e+00,-4.87867e-13,-8.06130e-12,-2.75586e-14,-1.18122e-12,-8.26563e-17,-1.37879e-10,-1.78905e-09,-9.57818e-12,-3.38779e-10,-1.73258e-15
0.00000e+00,0.00000e+00,0.00000e+00,0.00000e+00,0.00000e+00,0.00000e+00,0.00000e+00,0.00000e+00,0.00000e+00,0.00000e+00,-8.26563e-17,-9.38990e-16,-5.66232e-18,-4.87867e-13,4.87690e-13,-1.73258e-15,-8.57975e-15,-2.30180e-16,-1.37879e-10,1.37876e-10
0.00000e+00,0.00000e+00,0.00000e+00,0.00000e+00,0.00000e+00,0.00000e+00,0.00000e+00,0.00000e+00,0.00000e+00,0.00000e+00,4.87690e-13,8.05928e-12,2.75465e-14,-8.26563e-17,1.18101e-12,1.37876e-10,1.78904e-09,9.57770e-12,-1.73258e-15,3.38775e-10
0.00000e+00,0.00000e+00,0.00000e+00,0.00000e+00,0.00000e+00,0.00000e+00,0.00000e+00,0.00000e+00,0.00000e+00,0.00000e+00,1.18101e-12,2.01906e-11,6.47975e-14,4.87690e-13,2.33237e-12,3.38775e-10,4.53399e-09,2.28716e-11,1.37876e-10,6.84063e-10
0.00000e+00,0.00000e+00,0.00000e+00,0.00000e+00,0.00000e+00,0.00000e+00,0.00000e+00,0.00000e+00,0.00000e+00,0.00000e+00,2.33237e-12,4.17976e-11,1.22871e-13,1.18101e-12,4.27515e-12,6.84063e-10,9.56474e-09,4.43546e-11,3.38775e-10,1.28993e-09
0.00000e+00,0.00000e+00,0.00000e+00,0.00000e+00,0.00000e+00,0.00000e+00,0.00000e+00,0.00000e+00,0.00000e+00,0.00000e+00,4.27515e-12,8.08641e-11,2.14958e-13,2.33237e-12,7.41834e-12,1.28993e-09,1.89937e-08,7.97737e-11,6.84063e-10,2.31488e-09
0.00000e+00,0.00000e+00,0.00000e+00,0.00000e+00,0.00000e+00,0.00000e+00,0.00000e+00,0.00000e+00,0.00000e+00,0.00000e+00,7.41834e-12,1.48633e-10,3.55088e-13,4.27515e-12,1.21551e-11,2.31488e-09,3.61005e-08,1.35982e-10,1.28993e-09,3.94027e-09
0.00000e+00,0.00000e+00,0.00000e+00,0.00000e+00,0.00000e+00,0.00000e+00,0.00000e+00,0.00000e+00,0.00000e+00,0.00000e+00,1.21551e-11,2.58410e-10,5.53603e-13,7.41834e-12,1.86270e-11,3.94027e-09,6.53849e-08,2.19312e-10,2.31488e-09,6.29223e-09
0.00000e+00,0.00000e+00,0.00000e+00,0.00000e+00,0.00000e+00,0.00000e+00,0.00000e+00,0.00000e+00,0.00000e+00,0.00000e+00,1.86270e-11,4.20137e-10,8.08436e-13,1.21551e-11,2.63367e-11,6.29223e-09,1.11498e-07,3.31582e-10,3.94027e-09,9.27394e-09
0.00000e+00,0.00000e+00,0.00000e+00,0.00000e+00,0.00000e+00,0.00000e+00,0.00000e+00,0.00000e+00,0.00000e+00,0.00000e+00,2.63367e-11,6.28330e-10,1.09387e-12,1.86270e-11,3.37761e-11,9.27394e-09,1.75678e-07,4.63663e-10,6.29223e-09,1.22726e-08
0.00000e+00,0.00000e+00,0.00000e+00,0.00000e+00,0.00000e+00,0.00000e+00,0.00000e+00,0.00000e+00,0.00000e+00,0.00000e+00,3.37761e-11,8.45231e-10,1.35397e-12,2.63367e-11,3.71676e-11,1.22726e-08,2.46978e-07,5.86997e-10,9.27394e-09,1.36230e-08
0.00000e+00,0.00000e+00,0.00000e+00,0.00000e+00,0.00000e+00,0.00000e+00,0.00000e+00,0.00000e+00,0.00000e+00,0.00000e+00,-1.35393e-12,-3.37756e-11,-5.44697e-14,-1.46870e-12,-1.09386e-12,-5.86997e-10,-1.22726e-08,-2.74044e-11,-6.39964e-10,-4.63662e-10
0.00000e+00,0.00000e+00,0.00000e+00,0.00000e+00,0.00000e+00,0.00000e+00,0.00000e+00,0.00000e+00,0.00000e+00,0.00000e+00,-1.09386e-12,-2.63365e-11,-4.52157e-14,-1.35393e-12,-8.08442e-13,-4.63662e-10,-9.27393e-09,-2.23773e-11,-5.86997e-10,-3.31582e-10
0.00000e+00,0.00000e+00,0.00000e+00,0.00000e+00,0.00000e+00,0.00000e+00,0.00000e+00,0.00000e+00,0.00000e+00,0.00000e+00,-8.08442e-13,-1.86271e-11,-3.46071e-14,-1.09386e-12,-5.53620e-13,-3.31582e-10,-6.29223e-09,-1.66841e-11,-4.63662e-10,-2.19312e-10
0.00000e+00,0.00000e+00,0.00000e+00,0.00000e+00,0.00000e+00,0.00000e+00,0.00000e+00,0.00000e+00,0.00000e+00,0.00000e+00,-5.53620e-13,-1.21553e-11,-2.46561e-14,-8.08442e-13,-3.55108e-13,-2.19312e-10,-3.94027e-09,-1.15464e-11,-3.31582e-10,-1.35983e-10
0.00000e+00,0.00000e+00,0.00000e+00,0.00000e+00,0.00000e+00,0.00000e+00,0.00000e+00,0.00000e+00,0.00000e+00,0.00000e+00,-3.55108e-13,-7.41865e-12,-1.64907e-14,-5.53620e-13,-2.14978e-13,-1.35983e-10,-2.31488e-09,-7.49761e-12,-2.19312e-10,-7.97743e-11
0.00000e+00,0.00000e+00,0.00000e+00,0.00000e+00,0.00000e+00,0.00000e+00,0.00000e+00,0.00000e+00,0.00000e+00,0.00000e+00,-2.14978e-13,-4.27544e-12,-1.04124e-14,-3.55108e-13,-1.22888e-13,-7.97743e-11,-1.28993e-09,-4.60163e-12,-1.35983e-10,-4.43552e-11
0.00000e+00,0.00000e+00,0.00000e+00,0.00000e+00,0.00000e+00,0.00000e+00,0.00000e+00,0.00000e+00,0.00000e+00,0.00000e+00,-1.22888e-13,-2.33263e-12,-6.19607e-15,-2.14978e-13,-6.48118e-14,-4.43552e-11,-6.84068e-10,-2.66871e-12,-7.97743e-11,-2.28722e-11
0.00000e+00,0.00000e+00,0.00000e+00,0.00000e+00,0.00000e+00,0.00000e+00,0.00000e+00,0.00000e+00,0.00000e+00,0.00000e+00,-6.48118e-14,-1.18122e-12,-3.38417e-15,-1.22888e-13,-2.75586e-14,-2.28722e-11,-3.38779e-10,-1.42684e-12,-4.43552e-11,-9.57818e-12
0.00000e+00,0.00000e+00,0.00000e+00,0.00000e+00,0.00000e+00,0.00000e+00,0.00000e+00,0.00000e+00,0.00000e+00,0.00000e+00,-2.75586e-14,-4.87867e-13,-1.47513e-15,-6.48118e-14,-5.66232e-18,-9.57818e-12,-1.37879e-10,-6.12933e-13,-2.28722e-11,-2.30180e-16
0.00000e+00,0.00000e+00,0.00000e+00,0.00000e+00,0.00000e+00,0.00000e+00,0.00000e+00,0.00000e+00,0.00000e+00,0.00000e+00,-5.66232e-18,-8.26563e-17,-3.37166e-19,-2.75586e-14,2.75465e-14,-2.30180e-16,-1.73258e-15,-2.24882e-17,-9.57818e-12,9.57770e-12
0.00000e+00,0.00000e+00,0.00000e+00,0.00000e+00,0.00000e+00,0.00000e+00,0.00000e+00,0.00000e+00,0.00000e+00,0.00000e+00,2.75465e-14,4.87690e-13,1.47442e-15,-5.66232e-18,6.47975e-14,9.57770e-12,1.37876e-10,6.12886e-13,-2.30180e-16,2.28716e-11
0.00000e+00,0.00000e+00,0.00000e+00,0.00000e+00,0.00000e+00,0.00000e+00,0.00000e+00,0.00000e+00,0.00000e+00,0.00000e+00,6.47975e-14,1.18101e-12,3.38334e-15,2.75465e-14,1.22871e-13,2.28716e-11,3.38775e-10,1.42679e-12,9.57770e-12,4.43546e-11
0.00000e+00,0.00000e+00,0.00000e+00,0.00000e+00,0.00000e+00,0.00000e+00,0.00000e+00,0.00000e+00,0.00000e+00,0.00000e+00,1.22871e-13,2.33237e-12,6.19507e-15,6.47975e-14,2.14958e-13,4.43546e-11,6.84063e-10,2.66865e-12,2.28716e-11,7.97737e-11
0.00000e+00,0.00000e+00,0.00000e+00,0.00000e+00,0.00000e+00,0.00000e+00,0.00000e+00,0.00000e+00,0.00000e+00,0.00000e+00,2.14958e-13,4.27515e-12,1.04113e-14,1.22871e-13,3.55088e-13,7.97737e-11,1.28993e-09,4.60157e-12,4.43546e-11,1.35982e-10
0.00000e+00,0.00000e+00,0.00000e+00,0.00000e+00,0.00000e+00,0.00000e+00,0.00000e+00,0.00000e+00,0.00000e+00,0.00000e+00,3.55088e-13,7.41834e-12,1.64895e-14,2.14958e-13,5.53603e-13,1.35982e-10,2.31488e-09,7.49755e-12,7.97737e-11,2.19312e-10
0.00000e+00,0.00000e+00,0.00000e+00,0.00000e+00,0.00000e+00,0.00000e+00,0.00000e+00,0.00000e+00,0.00000e+00,0.00000e+00,5.53603e-13,1.21551e-11,2.46552e-14,3.55088e-13,8.08436e-13,2.19312e-10,3.94027e-09,1.15463e-11,1.35982e-10,3.31582e-10
0.00000e+00,0.00000e+00,0.00000e+00,0.00000e+00,0.00000e+00,0.00000e+00,0.00000e+00,0.00000e+00,0.00000e+00,0.00000e+00,8.08436e-13,1.86270e-11,3.46068e-14,5.53603e-13,1.09387e-12,3.31582e-10,6.29223e-09,1.66841e-11,2.19312e-10,4.63663e-10
0.00000e+00,0.00000e+00,0.00000e+00,0.00000e+00,0.00000e+00,0.00000e+00,0.00000e+00,0.00000e+00,0.00000e+00,0.00000e+00,1.09387e-12,2.63367e-11,4.52164e-14,8.08436e-13,1.35397e-12,4.63663e-10,9.27394e-09,2.23773e-11,3.31582e-10,5.86997e-10
0.00000e+00,0.00000e+00,0.00000e+00,0.00000e+00,0.00000e+00,0.00000e+00,0.00000e+00,0.00000e+00,0.00000e+00,0.00000e+00,1.35397e-12,3.37761e-11,5.44719e-14,1.09387e-12,1.46876e-12,5.86997e-10,1.22726e-08,2.74045e-11,4.63663e-10,6.39965e-10
0.00000e+00,0.00000e+00,0.00000e+00,0.00000e+00,0.00000e+00,0.00000e+00,0.00000e+00,0.00000e+00,0.00000e+00,0.00000e+00,-5.44697e-14,-1.35393e-12,-2.19904e-15,-5.84558e-14,-4.52157e-14,-2.74044e-11,-5.86997e-10,-1.25843e-12,-2.94869e-11,-2.23773e-11
0.00000e+00,0.00000e+00,0.00000e+00,0.00000e+00,0.00000e+00,0.00000e+00,0.00000e+00,0.00000e+00,0.00000e+00,0.00000e+00,-4.52157e-14,-1.09386e-12,-1.86460e-15,-5.44697e-14,-3.46071e-14,-2.23773e-11,-4.63662e-10,-1.05413e-12,-2.74044e-11,-1.66841e-11
0.00000e+00,0.00000e+00,0.00000e+00,0.00000e+00,0.00000e+00,0.00000e+00,0.00000e+00,0.00000e+00,0.00000e+00,0.00000e+00,-3.46071e-14,-8.08442e-13,-1.46797e-15,-4.52157e-14,-2.46561e-14,-1.66841e-11,-3.31582e-10,-8.12634e-13,-2.23773e-11,-1.15464e-11
0.00000e+00,0.00000e+00,0.00000e+00,0.00000e+00,0.00000e+00,0.00000e+00,0.00000e+00,0.00000e+00,0.00000e+00,0.00000e+00,-2.46561e-14,-5.53620e-13,-1.08074e-15,-3.46071e-14,-1.64907e-14,-1.15464e-11,-2.19312e-10,-5.83925e-13,-1.66841e-11,-7.49761e-12
0.00000e+00,0.00000e+00,0.00000e+00,0.00000e+00,0.00000e+00,0.00000e+00,0.00000e+00,0.00000e+00,0.00000e+00,0.00000e+00,-1.64907e-14,-3.55108e-13,-7.48827e-16,-2.46561e-14,-1.04124e-14,-7.49761e-12,-1.35983e-10,-3.94399e-13,-1.15464e-11,-4.60163e-12
0.00000e+00,0.00000e+00,0.00000e+00,0.00000e+00,0.00000e+00,0.00000e+00,0.00000e+00,0.00000e+00,0.00000e+00,0.00000e+00,-1.04124e-14,-2.14978e-13,-4.90165e-16,-1.64907e-14,-6.19607e-15,-4.60163e-12,-7.97743e-11,-2.51751e-13,-7.49761e-12,-2.66871e-12
0.00000e+00,0.00000e+00,0.00000e+00,0.00000e+00,0.00000e+00,0.00000e+00,0.00000e+00,0.00000e+00,0.00000e+00,0.00000e+00,-6.19607e-15,-1.22888e-13,-3.01943e-16,-1.04124e-14,-3.38417e-15,-2.66871e-12,-4.43552e-11,-1.51514e-13,-4.60163e-12,-1.42684e-12
0.00000e+00,0.00000e+00,0.00000e+00,0.00000e+00,0.00000e+00,0.00000e+00,0.00000e+00,0.00000e+00,0.00000e+00,0.00000e+00,-3.38417e-15,-6.48118e-14,-1.69943e-16,-6.19607e-15,-1.47513e-15,-1.42684e-12,-2.28722e-11,-8.36302e-14,-2.66871e-12,-6.12933e-13
0.00000e+00,0.00000e+00,0.00000e+00,0.00000e+00,0.00000e+00,0.00000e+00,0.00000e+00,0.00000e+00,0.00000e+00,0.00000e+00,-1.47513e-15,-2.75586e-14,-7.56591e-17,-3.38417e-15,-3.37166e-19,-6.12933e-13,-9.57818e-12,-3.67367e-14,-1.42684e-12,-2.24882e-17
0.00000e+00,0.00000e+00,0.00000e+00,0.00000e+00,0.00000e+00,0.00000e+00,0.00000e+00,0.00000e+00,0.00000e+00,0.00000e+00,-3.37166e-19,-5.66232e-18,-1.86844e-20,-1.47513e-15,1.47442e-15,-2.24882e-17,-2.30180e-16,-1.79640e-18,-6.12933e-13,6.12886e-13
0.00000e+00,0.00000e+00,0.00000e+00,0.00000e+00,0.00000e+00,0.00000e+00,0.00000e+00,0.00000e+00,0.00000e+00,0.00000e+00,1.47442e-15,2.75465e-14,7.56197e-17,-3.37166e-19,3.38334e-15,6.12886e-13,9.57770e-12,3.67329e-14,-2.24882e-17,1.42679e-12
0.00000e+00,0.00000e+00,0.00000e+00,0.00000e+00,0.00000e+00,0.00000e+00,0.00000e+00,0.00000e+00,0.00000e+00,0.00000e+00,3.38334e-15,6.47975e-14,1.69898e-16,1.47442e-15,6.19507e-15,1.42679e-12,2.28716e-11,8.36261e-14,6.12886e-13,2.66865e-12
0.00000e+00,0.00000e+00,0.00000e+00,0.00000e+00,0.00000e+00,0.00000e+00,0.00000e+00,0.00000e+00,0.00000e+00,0.00000e+00,6.19507e-15,1.22871e-13,3.01891e-16,3.38334e-15,1.04113e-14,2.66865e-12,4.43546e-11,1.51509e-13,1.42679e-12,4.60157e-12
0.00000e+00,0.00000e+00,0.00000e+00,0.00000e+00,0.00000e+00,0.00000e+00,0.00000e+00,0.00000e+00,0.00000e+00,0.00000e+00,1.04113e-14,2.14958e-13,4.90107e-16,6.19507e-15,1.64895e-14,4.60157e-12,7.97737e-11,2.51746e-13,2.66865e-12,7.49755e-12
0.00000e+00,0.00000e+00,0.00000e+00,0.00000e+00,0.00000e+00,0.00000e+00,0.00000e+00,0.00000e+00,0.00000e+00,0.00000e+00,1.64895e-14,3.55088e-13,7.48770e-16,1.04113e-14,2.46552e-14,7.49755e-12,1.35982e-10,3.94394e-13,4.60157e-12,1.15463e-11
0.00000e+00,0.00000e+00,0.00000e+00,0.00000e+00,0.00000e+00,0.00000e+00,0.00000e+00,0.00000e+00,0.00000e+00,0.00000e+00,2.46552e-14,5.53603e-13,1.08070e-15,1.64895e-14,3.46068e-14,1.15463e-11,2.19312e-10,5.83923e-13,7.49755e-12,1.66841e-11
0.00000e+00,0.00000e+00,0.00000e+00,0.00000e+00,0.00000e+00,0.00000e+00,0.00000e+00,0.00000e+00,0.00000e+00,0.00000e+00,3.46068e-14,8.08436e-13,1.46796e-15,2.46552e-14,4.52164e-14,1.66841e-11,3.31582e-10,8.12634e-13,1.15463e-11,2.23773e-11
0.00000e+00,0.00000e+00,0.00000e+00,0.00000e+00,0.00000e+00,0.00000e+00,0.00000e+00,0.00000e+00,0.00000e+00,0.00000e+00,4.52164e-14,1.09387e-12,1.86464e-15,3.46068e-14,5.44719e-14,2.23773e-11,4.63663e-10,1.05413e-12,1.66841e-11,2.74045e-11
0.00000e+00,0.00000e+00,0.00000e+00,0.00000e+00,0.00000e+00,0.00000e+00,0.00000e+00,0.00000e+00,0.00000e+00,0.00000e+00,5.44719e-14,1.35397e-12,2.19916e-15,4.52164e-14,5.84587e-14,2.74045e-11,5.86997e-10,1.25843e-12,2.23773e-11,2.94870e-11
0.00000e+00,0.00000e+00,0.00000e+00,0.00000e+00,0.00000e+00,0.00000e+00,0.00000e+00,0.00000e+00,0.00000e+00,0.00000e+00,-2.19904e-15,-5.44697e-14,-8.90647e-17,-2.34047e-15,-1.86460e-15,-1.25843e-12,-2.74044e-11,-5.71019e-14,-1.34074e-12,-1.05413e-12
0.00000e+00,0.00000e+00,0.00000e+00,0.00000e+00,0.00000e+00,0.00000e+00,0.00000e+00,0.00000e+00,0.00000e+00,0.00000e+00,-1.86460e-15,-4.52157e-14,-7.68131e-17,-2.19904e-15,-1.46797e-15,-1.05413e-12,-2.23773e-11,-4.88010e-14,-1.25843e-12,-8.12634e-13
0.00000e+00,0.00000e+00,0.00000e+00,0.00000e+00,0.00000e+00,0.00000e+00,0.00000e+00,0.00000e+00,0.00000e+00,0.00000e+00,-1.46797e-15,-3.46071e-14,-6.18873e-17,-1.86460e-15,-1.08074e-15,-8.12634e-13,-1.66841e-11,-3.86543e-14,-1.05413e-12,-5.83925e-13
0.00000e+00,0.00000e+00,0.00000e+00,0.00000e+00,0.00000e+00,0.00000e+00,0.00000e+00,0.00000e+00,0.00000e+00,0.00000e+00,-1.08074e-15,-2.46561e-14,-4.68275e-17,-1.46797e-15,-7.48827e-16,-5.83925e-13,-1.15464e-11,-2.86597e-14,-8.12634e-13,-3.94399e-13
0.00000e+00,0.00000e+00,0.00000e+00,0.00000e+00,0.00000e+00,0.00000e+00,0.00000e+00,0.00000e+00,0.00000e+00,0.00000e+00,-7.48827e-16,-1.64907e-14,-3.34337e-17,-1.08074e-15,-4.90165e-16,-3.94399e-13,-7.49761e-12,-2.00182e-14,-5.83925e-13,-2.51751e-13
0.00000e+00,0.00000e+00,0.00000e+00,0.00000e+00,0.00000e+00,0.00000e+00,0.00000e+00,0.00000e+00,0.00000e+00,0.00000e+00,-4.90165e-16,-1.04124e-14,-2.25716e-17,-7.48827e-16,-3.01943e-16,-2.51751e-13,-4.60163e-12,-1.32195e-14,-3.94399e-13,-1.51514e-13
0.00000e+00,0.00000e+00,0.00000e+00,0.00000e+00,0.00000e+00,0.00000e+00,0.00000e+00,0.00000e+00,0.00000e+00,0.00000e+00,-3.01943e-16,-6.19607e-15,-1.43240e-17,-4.90165e-16,-1.69943e-16,-1.51514e-13,-2.66871e-12,-8.21733e-15,-2.51751e-13,-8.36302e-14
0.00000e+00,0.00000e+00,0.00000e+00,0.00000e+00,0.00000e+00,0.00000e+00,0.00000e+00,0.00000e+00,0.00000e+00,0.00000e+00,-1.69943e-16,-3.38417e-15,-8.27232e-18,-3.01943e-16,-7.56591e-17,-8.36302e-14,-1.42684e-12,-4.66350e-15,-1.51514e-13,-3.67367e-14
0.00000e+00,0.00000e+00,0.00000e+00,0.00000e+00,0.00000e+00,0.00000e+00,0.00000e+00,0.00000e+00,0.00000e+00,0.00000e+00,-7.56591e-17,-1.47513e-15,-3.74973e-18,-1.69943e-16,-1.86844e-20,-3.67367e-14,-6.12933e-13,-2.08864e-15,-8.36302e-14,-1.79640e-18
0.00000e+00,0.00000e+00,0.00000e+00,0.00000e+00,0.00000e+00,0.00000e+00,0.00000e+00,0.00000e+00,0.00000e+00,0.00000e+00,-1.86844e-20,-3.37166e-19,-1.01168e-21,-7.56591e-17,7.56197e-17,-1.79640e-18,-2.24882e-17,-1.25413e-19,-3.67367e-14,3.67329e-14
0.00000e+00,0.00000e+00,0.00000e+00,0.00000e+00,0.00000e+00,0.00000e+00,0.00000e+00,0.00000e+00,0.00000e+00,0.00000e+00,7.56197e-17,1.47442e-15,3.74763e-18,-1.86844e-20,1.69898e-16,3.67329e-14,6.12886e-13,2.08839e-15,-1.79640e-18,8.36261e-14
0.00000e+00,0.00000e+00,0.00000e+00,0.00000e+00,0.00000e+00,0.00000e+00,0.00000e+00,0.00000e+00,0.00000e+00,0.00000e+00,1.69898e-16,3.38334e-15,8.26999e-18,7.56197e-17,3.01891e-16,8.36261e-14,1.42679e-12,4.66322e-15,3.67329e-14,1.51509e-13
0.00000e+00,0.00000e+00,0.00000e+00,0.00000e+00,0.00000e+00,0.00000e+00,0.00000e+00,0.00000e+00,0.00000e+00,0.00000e+00,3.01891e-16,6.19507e-15,1.43214e-17,1.69898e-16,4.90107e-16,1.51509e-13,2.66865e-12,8.21702e-15,8.36261e-14,2.51746e-13
0.00000e+00,0.00000e+00,0.00000e+00,0.00000e+00,0.00000e+00,0.00000e+00,0.00000e+00,0.00000e+00,0.00000e+00,0.00000e+00,4.90107e-16,1.04113e-14,2.25688e-17,3.01891e-16,7.48770e-16,2.51746e-13,4.60157e-12,1.32192e-14,1.51509e-13,3.94394e-13
0.00000e+00,0.00000e+00,0.00000e+00,0.00000e+00,0.00000e+00,0.00000e+00,0.00000e+00,0.00000e+00,0.00000e+00,0.00000e+00,7.48770e-16,1.64895e-14,3.34310e-17,4.90107e-16,1.08070e-15,3.94394e-13,7.49755e-12,2.00180e-14,2.51746e-13,5.83923e-13
0.00000e+00,0.00000e+00,0.00000e+00,0.00000e+00,0.00000e+00,0.00000e+00,0.00000e+00,0.00000e+00,0.00000e+00,0.00000e+00,1.08070e-15,2.46552e-14,4.68256e-17,7.48770e-16,1.46796e-15,5.83923e-13,1.15463e-11,2.86595e-14,3.94394e-13,8.12634e-13
0.00000e+00,0.00000e+00,0.00000e+00,0.00000e+00,0.00000e+00,0.00000e+00,0.00000e+00,0.00000e+00,0.00000e+00,0.00000e+00,1.46796e-15,3.46068e-14,6.18869e-17,1.08070e-15,1.86464e-15,8.12634e-13,1.66841e-11,3.86543e-14,5.83923e-13,1.05413e-12
0.00000e+00,0.00000e+00,0.00000e+00,0.00000e+00,0.00000e+00,0.00000e+00,0.00000e+00,0.00000e+00,0.00000e+00,0.00000e+00,1.86464e-15,4.52164e-14,7.68152e-17,1.46796e-15,2.19916e-15,1.05413e-12,2.23773e-11,4.88013e-14,8.12634e-13,1.25843e-12
0.00000e+00,0.00000e+00,0.00000e+00,0.00000e+00,0.00000e+00,0.00000e+00,0.00000e+00,0.00000e+00,0.00000e+00,0.00000e+00,2.19916e-15,5.44719e-14,8.90701e-17,1.86464e-15,2.34062e-15,1.25843e-12,2.74045e-11,5.71025e-14,1.05413e-12,1.34075e-12
0.00000e+00,0.00000e+00,0.00000e+00,0.00000e+00,0.00000e+00,0.00000e+00,0.00000e+00,0.00000e+00,0.00000e+00,0.00000e+00,-8.90647e-17,-2.19904e-15,-3.61763e-18,-9.41714e-17,-7.68131e-17,-5.71019e-14,-1.25843e-12,-2.56780e-15,-6.03740e-14,-4.88010e-14
0.00000e+00,0.00000e+00,0.00000e+00,0.00000e+00,0.00000e+00,0.00000e+00,0.00000e+00,0.00000e+00,0.00000e+00,0.00000e+00,-7.68131e-17,-1.86460e-15,-3.16352e-18,-8.90647e-17,-6.18873e-17,-4.88010e-14,-1.05413e-12,-2.23015e-15,-5.71019e-14,-3.86543e-14
0.00000e+00,0.00000e+00,0.00000e+00,0.00000e+00,0.00000e+00,0.00000e+00,0.00000e+00,0.00000e+00,0.00000e+00,0.00000e+00,-6.18873e-17,-1.46797e-15,-2.59811e-18,-7.68131e-17,-4.68275e-17,-3.86543e-14,-8.12634e-13,-1.80623e-15,-4.88010e-14,-2.86597e-14
0.00000e+00,0.00000e+00,0.00000e+00,0.00000e+00,0.00000e+00,0.00000e+00,0.00000e+00,0.00000e+00,0.00000e+00,0.00000e+00,-4.68275e-17,-1.08074e-15,-2.01175e-18,-6.18873e-17,-3.34337e-17,-2.86597e-14,-5.83925e-13,-1.37490e-15,-3.86543e-14,-2.00182e-14
0.00000e+00,0.00000e+00,0.00000e+00,0.00000e+00,0.00000e+00,0.00000e+00,0.00000e+00,0.00000e+00,0.00000e+00,0.00000e+00,-3.34337e-17,-7.48827e-16,-1.47354e-18,-4.68275e-17,-2.25716e-17,-2.00182e-14,-3.94399e-13,-9.88266e-16,-2.86597e-14,-1.32195e-14
0.00000e+00,0.00000e+00,0.00000e+00,0.00000e+00,0.00000e+00,0.00000e+00,0.00000e+00,0.00000e+00,0.00000e+00,0.00000e+00,-2.25716e-17,-4.90165e-16,-1.02155e-18,-3.34337e-17,-1.43240e-17,-1.32195e-14,-2.51751e-13,-6.72062e-16,-2.00182e-14,-8.21733e-15
0.00000e+00,0.00000e+00,0.00000e+00,0.00000e+00,0.00000e+00,0.00000e+00,0.00000e+00,0.00000e+00,0.00000e+00,0.00000e+00,-1.43240e-17,-3.01943e-16,-6.65089e-19,-2.25716e-17,-8.27232e-18,-8.21733e-15,-1.51514e-13,-4.29648e-16,-1.32195e-14,-4.66350e-15
0.00000e+00,0.00000e+00,0.00000e+00,0.00000e+00,0.00000e+00,0.00000e+00,0.00000e+00,0.00000e+00,0.00000e+00,0.00000e+00,-8.27232e-18,-1.69943e-16,-3.92672e-19,-1.43240e-17,-3.74973e-18,-4.66350e-15,-8.36302e-14,-2.49781e-16,-8.21733e-15,-2.08864e-15
0.00000e+00,0.00000e+00,0.00000e+00,0.00000e+00,0.00000e+00,0.00000e+00,0.00000e+00,0.00000e+00,0.00000e+00,0.00000e+00,-3.74973e-18,-7.56591e-17,-1.80742e-19,-8.27232e-18,-1.01168e-21,-2.08864e-15,-3.67367e-14,-1.13755e-16,-4.66350e-15,-1.25413e-19
0.00000e+00,0.00000e+00,0.00000e+00,0.00000e+00,0.00000e+00,0.00000e+00,0.00000e+00,0.00000e+00,0.00000e+00,0.00000e+00,-1.01168e-21,-1.86844e-20,-5.51064e-23,-3.74973e-18,3.74763e-18,-1.25413e-19,-1.79640e-18,-7.99775e-21,-2.08864e-15,2.08839e-15
0.00000e+00,0.00000e+00,0.00000e+00,0.00000e+00,0.00000e+00,0.00000e+00,0.00000e+00,0.00000e+00,0.00000e+00,0.00000e+00,3.74763e-18,7.56197e-17,1.80629e-19,-1.01168e-21,8.26999e-18,2.08839e-15,3.67329e-14,1.13739e-16,-1.25413e-19,4.66322e-15
0.00000e+00,0.00000e+00,0.00000e+00,0.00000e+00,0.00000e+00,0.00000e+00,0.00000e+00,0.00000e+00,0.00000e+00,0.00000e+00,8.26999e-18,1.69898e-16,3.92551e-19,3.74763e-18,1.43214e-17,4.66322e-15,8.36261e-14,2.49764e-16,2.08839e-15,8.21702e-15
0.00000e+00,0.00000e+00,0.00000e+00,0.00000e+00,0.00000e+00,0.00000e+00,0.00000e+00,0.00000e+00,0.00000e+00,0.00000e+00,1.43214e-17,3.01891e-16,6.64959e-19,8.26999e-18,2.25688e-17,8.21702e-15,1.51509e-13,4.29629e-16,4.66322e-15,1.32192e-14
0.00000e+00,0.00000e+00,0.00000e+00,0.00000e+00,0.00000e+00,0.00000e+00,0.00000e+00,0.00000e+00,0.00000e+00,0.00000e+00,2.25688e-17,4.90107e-16,1.02142e-18,1.43214e-17,3.34310e-17,1.32192e-14,2.51746e-13,6.72044e-16,8.21702e-15,2.00180e-14
0.00000e+00,0.00000e+00,0.00000e+00,0.00000e+00,0.00000e+00,0.00000e+00,0.00000e+00,0.00000e+00,0.00000e+00,0.00000e+00,3.34310e-17,7.48770e-16,1.47341e-18,2.25688e-17,4.68256e-17,2.00180e-14,3.94394e-13,9.88250e-16,1.32192e-14,2.86595e-14
0.00000e+00,0.00000e+00,0.00000e+00,0.00000e+00,0.00000e+00,0.00000e+00,0.00000e+00,0.00000e+00,0.00000e+00,0.00000e+00,4.68256e-17,1.08070e-15,2.01167e-18,3.34310e-17,6.18869e-17,2.86595e-14,5.83923e-13,1.37489e-15,2.00180e-14,3.86543e-14
0.00000e+00,0.00000e+00,0.00000e+00,0.00000e+00,0.00000e+00,0.00000e+00,0.00000e+00,0.00000e+00,0.00000e+00,0.00000e+00,6.18869e-17,1.46796e-15,2.59810e-18,4.68256e-17,7.68152e-17,3.86543e-14,8.12634e-13,1.80623e-15,2.86595e-14,4.88013e-14
0.00000e+00,0.00000e+00,0.00000e+00,0.00000e+00,0.00000e+00,0.00000e+00,0.00000e+00,0.00000e+00,0.00000e+00,0.00000e+00,7.68152e-17,1.86464e-15,3.16363e-18,6.18869e-17,8.90701e-17,4.88013e-14,1.05413e-12,2.23017e-15,3.86543e-14,5.71025e-14
0.00000e+00,0.00000e+00,0.00000e+00,0.00000e+00,0.00000e+00,0.00000e+00,0.00000e+00,0.00000e+00,0.00000e+00,0.00000e+00,8.90701e-17,2.19916e-15,3.61789e-18,7.68152e-17,9.41787e-17,5.71025e-14,1.25843e-12,2.56784e-15,4.88013e-14,6.03747e-14
0.00000e+00,0.00000e+00,0.00000e+00,0.00000e+00,0.00000e+00,0.00000e+00,0.00000e+00,0.00000e+00,0.00000e+00,0.00000e+00,-3.61763e-18,-8.90647e-17,-1.47315e-19,-3.80475e-18,-3.16352e-18,-2.56780e-15,-5.71019e-14,-1.14662e-16,-2.69858e-15,-2.23015e-15
0.00000e+00,0.00000e+00,0.00000e+00,0.00000e+00,0.00000e+00,0.00000e+00,0.00000e+00,0.00000e+00,0.00000e+00,0.00000e+00,-3.16352e-18,-7.68131e-17,-1.30311e-19,-3.61763e-18,-2.59811e-18,-2.23015e-15,-4.88010e-14,-1.00904e-16,-2.56780e-15,-1.80623e-15
0.00000e+00,0.00000e+00,0.00000e+00,0.00000e+00,0.00000e+00,0.00000e+00,0.00000e+00,0.00000e+00,0.00000e+00,0.00000e+00,-2.59811e-18,-6.18873e-17,-1.08754e-19,-3.16352e-18,-2.01175e-18,-1.80623e-15,-3.86543e-14,-8.32502e-17,-2.23015e-15,-1.37490e-15
0.00000e+00,0.00000e+00,0.00000e+00,0.00000e+00,0.00000e+00,0.00000e+00,0.00000e+00,0.00000e+00,0.00000e+00,0.00000e+00,-2.01175e-18,-4.68275e-17,-8.58740e-20,-2.59811e-18,-1.47354e-18,-1.37490e-15,-2.86597e-14,-6.47949e-17,-1.80623e-15,-9.88266e-16
0.00000e+00,0.00000e+00,0.00000e+00,0.00000e+00,0.00000e+00,0.00000e+00,0.00000e+00,0.00000e+00,0.00000e+00,0.00000e+00,-1.47354e-18,-3.34337e-17,-6.42917e-20,-2.01175e-18,-1.02155e-18,-9.88266e-16,-2.00182e-14,-4.77315e-17,-1.37490e-15,-6.72062e-16
0.00000e+00,0.00000e+00,0.00000e+00,0.00000e+00,0.00000e+00,0.00000e+00,0.00000e+00,0.00000e+00,0.00000e+00,0.00000e+00,-1.02155e-18,-2.25716e-17,-4.56008e-20,-1.47354e-18,-6.65089e-19,-6.72062e-16,-1.32195e-14,-3.32928e-17,-9.88266e-16,-4.29648e-16
0.00000e+00,0.00000e+00,0.00000e+00,0.00000e+00,0.00000e+00,0.00000e+00,0.00000e+00,0.00000e+00,0.00000e+00,0.00000e+00,-6.65089e-19,-1.43240e-17,-3.03501e-20,-1.02155e-18,-3.92672e-19,-4.29648e-16,-8.21733e-15,-2.18077e-17,-6.72062e-16,-2.49781e-16
0.00000e+00,0.00000e+00,0.00000e+00,0.00000e+00,0.00000e+00,0.00000e+00,0.00000e+00,0.00000e+00,0.00000e+00,0.00000e+00,-3.92672e-19,-8.27232e-18,-1.82612e-20,-6.65089e-19,-1.80742e-19,-2.49781e-16,-4.66350e-15,-1.29450e-17,-4.29648e-16,-1.13755e-16
0.00000e+00,0.00000e+00,0.00000e+00,0.00000e+00,0.00000e+00,0.00000e+00,0.00000e+00,0.00000e+00,0.00000e+00,0.00000e+00,-1.80742e-19,-3.74973e-18,-8.51591e-21,-3.92672e-19,-5.51064e-23,-1.13755e-16,-2.08864e-15,-5.98070e-18,-2.49781e-16,-7.99775e-21
0.00000e+00,0.00000e+00,0.00000e+00,0.00000e+00,0.00000e+00,0.00000e+00,0.00000e+00,0.00000e+00,0.00000e+00,0.00000e+00,-5.51064e-23,-1.01168e-21,-3.04230e-24,-1.80742e-19,1.80629e-19,-7.99775e-21,-1.25413e-19,-4.80650e-22,-1.13755e-16,1.13739e-16
0.00000e+00,0.00000e+00,0.00000e+00,0.00000e+00,0.00000e+00,0.00000e+00,0.00000e+00,0.00000e+00,0.00000e+00,0.00000e+00,1.80629e-19,3.74763e-18,8.50974e-21,-5.51064e-23,3.92551e-19,1.13739e-16,2.08839e-15,5.97972e-18,-7.99775e-21,2.49764e-16
0.00000e+00,0.00000e+00,0.00000e+00,0.00000e+00,0.00000e+00,0.00000e+00,0.00000e+00,0.00000e+00,0.00000e+00,0.00000e+00,3.92551e-19,8.26999e-18,1.82548e-20,1.80629e-19,6.64959e-19,2.49764e-16,4.66322e-15,1.29440e-17,1.13739e-16,4.29629e-16
0.00000e+00,0.00000e+00,0.00000e+00,0.00000e+00,0.00000e+00,0.00000e+00,0.00000e+00,0.00000e+00,0.00000e+00,0.00000e+00,6.64959e-19,1.43214e-17,3.03436e-20,3.92551e-19,1.02142e-18,4.29629e-16,8.21702e-15,2.18066e-17,2.49764e-16,6.72044e-16
0.00000e+00,0.00000e+00,0.00000e+00,0.00000e+00,0.00000e+00,0.00000e+00,0.00000e+00,0.00000e+00,0.00000e+00,0.00000e+00,1.02142e-18,2.25688e-17,4.55945e-20,6.64959e-19,1.47341e-18,6.72044e-16,1.32192e-14,3.32918e-17,4.29629e-16,9.88250e-16
0.00000e+00,0.00000e+00,0.00000e+00,0.00000e+00,0.00000e+00,0.00000e+00,0.00000e+00,0.00000e+00,0.00000e+00,0.00000e+00,1.47341e-18,3.34310e-17,6.42862e-20,1.02142e-18,2.01167e-18,9.88250e-16,2.00180e-14,4.77306e-17,6.72044e-16,1.37489e-15
0.00000e+00,0.00000e+00,0.00000e+00,0.00000e+00,0.00000e+00,0.00000e+00,0.00000e+00,0.00000e+00,0.00000e+00,0.00000e+00,2.01167e-18,4.68256e-17,8.58705e-20,1.47341e-18,2.59810e-18,1.37489e-15,2.86595e-14,6.47944e-17,9.88250e-16,1.80623e-15
0.00000e+00,0.00000e+00,0.00000e+00,0.00000e+00,0.00000e+00,0.00000e+00,0.00000e+00,0.00000e+00,0.00000e+00,0.00000e+00,2.59810e-18,6.18869e-17,1.08754e-19,2.01167e-18,3.16363e-18,1.80623e-15,3.86543e-14,8.32504e-17,1.37489e-15,2.23017e-15
0.00000e+00,0.00000e+00,0.00000e+00,0.00000e+00,0.00000e+00,0.00000e+00,0.00000e+00,0.00000e+00,0.00000e+00,0.00000e+00,3.16363e-18,7.68152e-17,1.30316e-19,2.59810e-18,3.61789e-18,2.23017e-15,4.88013e-14,1.00905e-16,1.80623e-15,2.56784e-15
0.00000e+00,0.00000e+00,0.00000e+00,0.00000e+00,0.00000e+00,0.00000e+00,0.00000e+00,0.00000e+00,0.00000e+00,0.00000e+00,3.61789e-18,8.90701e-17,1.47327e-19,3.16363e-18,3.80509e-18,2.56784e-15,5.71025e-14,1.14664e-16,2.23017e-15,2.69862e-15
0.00000e+00,0.00000e+00,0.00000e+00,0.00000e+00,0.00000e+00,0.00000e+00,0.00000e+00,0.00000e+00,0.00000e+00,0.00000e+00,-1.47315e-19,-3.61763e-18,-6.01235e-21,-1.54256e-19,-1.30311e-19,-1.14662e-16,-2.56780e-15,-5.09123e-18,-1.19913e-16,-1.00904e-16
0.00000e+00,0.00000e+00,0.00000e+00,0.00000e+00,0.00000e+00,0.00000e+00,0.00000e+00,0.00000e+00,0.00000e+00,0.00000e+00,-1.30311e-19,-3.16352e-18,-5.36991e-21,-1.47315e-19,-1.08754e-19,-1.00904e-16,-2.23015e-15,-4.52956e-18,-1.14662e-16,-8.32502e-17
0.00000e+00,0.00000e+00,0.00000e+00,0.00000e+00,0.00000e+00,0.00000e+00,0.00000e+00,0.00000e+00,0.00000e+00,0.00000e+00,-1.08754e-19,-2.59811e-18,-4.54298e-21,-1.30311e-19,-8.58740e-20,-8.32502e-17,-1.80623e-15,-3.79569e-18,-1.00904e-16,-6.47949e-17
0.00000e+00,0.00000e+00,0.00000e+00,0.00000e+00,0.00000e+00,0.00000e+00,0.00000e+00,0.00000e+00,0.00000e+00,0.00000e+00,-8.58740e-20,-2.01175e-18,-3.64771e-21,-1.08754e-19,-6.42917e-20,-6.47949e-17,-1.37490e-15,-3.01067e-18,-8.32502e-17,-4.77315e-17
0.00000e+00,0.00000e+00,0.00000e+00,0.00000e+00,0.00000e+00,0.00000e+00,0.00000e+00,0.00000e+00,0.00000e+00,0.00000e+00,-6.42917e-20,-1.47354e-18,-2.78284e-21,-8.58740e-20,-4.56008e-20,-4.77315e-17,-9.88266e-16,-2.26509e-18,-6.47949e-17,-3.32928e-17
0.00000e+00,0.00000e+00,0.00000e+00,0.00000e+00,0.00000e+00,0.00000e+00,0.00000e+00,0.00000e+00,0.00000e+00,0.00000e+00,-4.56008e-20,-1.02155e-18,-2.01307e-21,-6.42917e-20,-3.03501e-20,-3.32928e-17,-6.72062e-16,-1.61490e-18,-4.77315e-17,-2.18077e-17
0.00000e+00,0.00000e+00,0.00000e+00,0.00000e+00,0.00000e+00,0.00000e+00,0.00000e+00,0.00000e+00,0.00000e+00,0.00000e+00,-3.03501e-20,-6.65089e-19,-1.36550e-21,-4.56008e-20,-1.82612e-20,-2.18077e-17,-4.29648e-16,-1.08029e-18,-3.32928e-17,-1.29450e-17
0.00000e+00,0.00000e+00,0.00000e+00,0.00000e+00,0.00000e+00,0.00000e+00,0.00000e+00,0.00000e+00,0.00000e+00,0.00000e+00,-1.82612e-20,-3.92672e-19,-8.35039e-22,-3.03501e-20,-8.51591e-21,-1.29450e-17,-2.49781e-16,-6.52876e-19,-2.18077e-17,-5.98070e-18
0.00000e+00,0.00000e+00,0.00000e+00,0.00000e+00,0.00000e+00,0.00000e+00,0.00000e+00,0.00000e+00,0.00000e+00,0.00000e+00,-8.51591e-21,-1.80742e-19,-3.93777e-22,-1.82612e-20,-3.04230e-24,-5.98070e-18,-1.13755e-16,-3.05375e-19,-1.29450e-17,-4.80650e-22
0.00000e+00,0.00000e+00,0.00000e+00,0.00000e+00,0.00000e+00,0.00000e+00,0.00000e+00,0.00000e+00,0.00000e+00,0.00000e+00,-3.04230e-24,-5.51064e-23,-1.68780e-25,-8.51591e-21,8.50974e-21,-4.80650e-22,-7.99775e-21,-2.78304e-23,-5.98070e-18,5.97972e-18
0.00000e+00,0.00000e+00,0.00000e+00,0.00000e+00,0.00000e+00,0.00000e+00,0.00000e+00,0.00000e+00,0.00000e+00,0.00000e+00,8.50974e-21,1.80629e-19,3.93439e-22,-3.04230e-24,1.82548e-20,5.97972e-18,1.13739e-16,3.05319e-19,-4.80650e-22,1.29440e-17
0.00000e+00,0.00000e+00,0.00000e+00,0.00000e+00,0.00000e+00,0.00000e+00,0.00000e+00,0.00000e+00,0.00000e+00,0.00000e+00,1.82548e-20,3.92551e-19,8.34700e-22,8.50974e-21,3.03436e-20,1.29440e-17,2.49764e-16,6.52818e-19,5.97972e-18,2.18066e-17
0.00000e+00,0.00000e+00,0.00000e+00,0.00000e+00,0.00000e+00,0.00000e+00,0.00000e+00,0.00000e+00,0.00000e+00,0.00000e+00,3.03436e-20,6.64959e-19,1.36516e-21,1.82548e-20,4.55945e-20,2.18066e-17,4.29629e-16,1.08023e-18,1.29440e-17,3.32918e-17
0.00000e+00,0.00000e+00,0.00000e+00,0.00000e+00,0.00000e+00,0.00000e+00,0.00000e+00,0.00000e+00,0.00000e+00,0.00000e+00,4.55945e-20,1.02142e-18,2.01276e-21,3.03436e-20,6.42862e-20,3.32918e-17,6.72044e-16,1.61485e-18,2.18066e-17,4.77306e-17
0.00000e+00,0.00000e+00,0.00000e+00,0.00000e+00,0.00000e+00,0.00000e+00,0.00000e+00,0.00000e+00,0.00000e+00,0.00000e+00,6.42862e-20,1.47341e-18,2.78258e-21,4.55945e-20,8.58705e-20,4.77306e-17,9.88250e-16,2.26505e-18,3.32918e-17,6.47944e-17
0.00000e+00,0.00000e+00,0.00000e+00,0.00000e+00,0.00000e+00,0.00000e+00,0.00000e+00,0.00000e+00,0.00000e+00,0.00000e+00,8.58705e-20,2.01167e-18,3.64757e-21,6.42862e-20,1.08754e-19,6.47944e-17,1.37489e-15,3.01065e-18,4.77306e-17,8.32504e-17
0.00000e+00,0.00000e+00,0.00000e+00,0.00000e+00,0.00000e+00,0.00000e+00,0.00000e+00,0.00000e+00,0.00000e+00,0.00000e+00,1.08754e-19,2.59810e-18,4.54301e-21,8.58705e-20,1.30316e-19,8.32504e-17,1.80623e-15,3.79570e-18,6.47944e-17,1.00905e-16
0.00000e+00,0.00000e+00,0.00000e+00,0.00000e+00,0.00000e+00,0.00000e+00,0.00000e+00,0.00000e+00,0.00000e+00,0.00000e+00,1.30316e-19,3.16363e-18,5.37020e-21,1.08754e-19,1.47327e-19,1.00905e-16,2.23017e-15,4.52962e-18,8.32504e-17,1.14664e-16
0.00000e+00,0.00000e+00,0.00000e+00,0.00000e+00,0.00000e+00,0.00000e+00,0.00000e+00,0.00000e+00,0.00000e+00,0.00000e+00,1.47327e-19,3.61789e-18,6.01298e-21,1.30316e-19,1.54273e-19,1.14664e-16,2.56784e-15,5.09132e-18,1.00905e-16,1.19915e-16
0.00000e+00,0.00000e+00,0.00000e+00,0.00000e+00,0.00000e+00,0.00000e+00,0.00000e+00,0.00000e+00,0.00000e+00,0.00000e+00,-6.01235e-21,-1.47315e-19,-2.45869e-22,-6.27258e-21,-5.36991e-21,-5.09123e-18,-1.14662e-16,-2.25015e-19,-5.30300e-18,-4.52956e-18
0.00000e+00,0.00000e+00,0.00000e+00,0.00000e+00,0.00000e+00,0.00000e+00,0.00000e+00,0.00000e+00,0.00000e+00,0.00000e+00,-5.36991e-21,-1.30311e-19,-2.21403e-22,-6.01235e-21,-4.54298e-21,-4.52956e-18,-1.00904e-16,-2.02038e-19,-5.09123e-18,-3.79569e-18
0.00000e+00,0.00000e+00,0.00000e+00,0.00000e+00,0.00000e+00,0.00000e+00,0.00000e+00,0.00000e+00,0.00000e+00,0.00000e+00,-4.54298e-21,-1.08754e-19,-1.89499e-22,-5.36991e-21,-3.64771e-21,-3.79569e-18,-8.32502e-17,-1.71554e-19,-4.52956e-18,-3.01067e-18
0.00000e+00,0.00000e+00,0.00000e+00,0.00000e+00,0.00000e+00,0.00000e+00,0.00000e+00,0.00000e+00,0.00000e+00,0.00000e+00,-3.64771e-21,-8.58740e-20,-1.54358e-22,-4.54298e-21,-2.78284e-21,-3.01067e-18,-6.47949e-17,-1.38295e-19,-3.79569e-18,-2.26509e-18
0.00000e+00,0.00000e+00,0.00000e+00,0.00000e+00,0.00000e+00,0.00000e+00,0.00000e+00,0.00000e+00,0.00000e+00,0.00000e+00,-2.78284e-21,-6.42917e-20,-1.19688e-22,-3.64771e-21,-2.01307e-21,-2.26509e-18,-4.77315e-17,-1.05956e-19,-3.01067e-18,-1.61490e-18
0.00000e+00,0.00000e+00,0.00000e+00,0.00000e+00,0.00000e+00,0.00000e+00,0.00000e+00,0.00000e+00,0.00000e+00,0.00000e+00,-2.01307e-21,-4.56008e-20,-8.80669e-23,-2.78284e-21,-1.36550e-21,-1.61490e-18,-3.32928e-17,-7.69871e-20,-2.26509e-18,-1.08029e-18
0.00000e+00,0.00000e+00,0.00000e+00,0.00000e+00,0.00000e+00,0.00000e+00,0.00000e+00,0.00000e+00,0.00000e+00,0.00000e+00,-1.36550e-21,-3.03501e-20,-6.07230e-23,-2.01307e-21,-8.35039e-22,-1.08029e-18,-2.18077e-17,-5.24457e-20,-1.61490e-18,-6.52876e-19
0.00000e+00,0.00000e+00,0.00000e+00,0.00000e+00,0.00000e+00,0.00000e+00,0.00000e+00,0.00000e+00,0.00000e+00,0.00000e+00,-8.35039e-22,-1.82612e-20,-3.76548e-23,-1.36550e-21,-3.93777e-22,-6.52876e-19,-1.29450e-17,-3.21901e-20,-1.08029e-18,-3.05375e-19
0.00000e+00,0.00000e+00,0.00000e+00,0.00000e+00,0.00000e+00,0.00000e+00,0.00000e+00,0.00000e+00,0.00000e+00,0.00000e+00,-3.93777e-22,-8.51591e-21,-1.79268e-23,-8.35039e-22,-1.68780e-25,-3.05375e-19,-5.98070e-18,-1.52164e-20,-6.52876e-19,-2.78304e-23
0.00000e+00,0.00000e+00,0.00000e+00,0.00000e+00,0.00000e+00,0.00000e+00,0.00000e+00,0.00000e+00,0.00000e+00,0.00000e+00,-1.68780e-25,-3.04230e-24,-9.27890e-27,-3.93777e-22,3.93439e-22,-2.78304e-23,-4.80650e-22,-1.57514e-24,-3.05375e-19,3.05319e-19
0.00000e+00,0.00000e+00,0.00000e+00,0.00000e+00,0.00000e+00,0.00000e+00,0.00000e+00,0.00000e+00,0.00000e+00,0.00000e+00,3.93439e-22,8.50974e-21,1.79083e-23,-1.68780e-25,8.34700e-22,3.05319e-19,5.97972e-18,1.52133e-20,-2.78304e-23,6.52818e-19
0.00000e+00,0.00000e+00,0.00000e+00,0.00000e+00,0.00000e+00,0.00000e+00,0.00000e+00,0.00000e+00,0.00000e+00,0.00000e+00,8.34700e-22,1.82548e-20,3.76367e-23,3.93439e-22,1.36516e-21,6.52818e-19,1.29440e-17,3.21869e-20,3.05319e-19,1.08023e-18
0.00000e+00,0.00000e+00,0.00000e+00,0.00000e+00,0.00000e+00,0.00000e+00,0.00000e+00,0.00000e+00,0.00000e+00,0.00000e+00,1.36516e-21,3.03436e-20,6.07057e-23,8.34700e-22,2.01276e-21,1.08023e-18,2.18066e-17,5.24426e-20,6.52818e-19,1.61485e-18
0.00000e+00,0.00000e+00,0.00000e+00,0.00000e+00,0.00000e+00,0.00000e+00,0.00000e+00,0.00000e+00,0.00000e+00,0.00000e+00,2.01276e-21,4.55945e-20,8.80514e-23,1.36516e-21,2.78258e-21,1.61485e-18,3.32918e-17,7.69843e-20,1.08023e-18,2.26505e-18
0.00000e+00,0.00000e+00,0.00000e+00,0.00000e+00,0.00000e+00,0.00000e+00,0.00000e+00,0.00000e+00,0.00000e+00,0.00000e+00,2.78258e-21,6.42862e-20,1.19676e-22,2.01276e-21,3.64757e-21,2.26505e-18,4.77306e-17,1.05954e-19,1.61485e-18,3.01065e-18
0.00000e+00,0.00000e+00,0.00000e+00,0.00000e+00,0.00000e+00,0.00000e+00,0.00000e+00,0.00000e+00,0.00000e+00,0.00000e+00,3.64757e-21,8.58705e-20,1.54352e-22,2.78258e-21,4.54301e-21,3.01065e-18,6.47944e-17,1.38294e-19,2.26505e-18,3.79570e-18
0.00000e+00,0.00000e+00,0.00000e+00,0.00000e+00,0.00000e+00,0.00000e+00,0.00000e+00,0.00000e+00,0.00000e+00,0.00000e+00,4.54301e-21,1.08754e-19,1.89502e-22,3.64757e-21,5.37020e-21,3.79570e-18,8.32504e-17,1.71555e-19,3.01065e-18,4.52962e-18
0.00000e+00,0.00000e+00,0.00000e+00,0.00000e+00,0.00000e+00,0.00000e+00,0.00000e+00,0.00000e+00,0.00000e+00,0.00000e+00,5.37020e-21,1.30316e-19,2.21418e-22,4.54301e-21,6.01298e-21,4.52962e-18,1.00905e-16,2.02041e-19,3.79570e-18,5.09132e-18
0.00000e+00,0.00000e+00,0.00000e+00,0.00000e+00,0.00000e+00,0.00000e+00,0.00000e+00,0.00000e+00,0.00000e+00,0.00000e+00,6.01298e-21,1.47327e-19,2.45900e-22,5.37020e-21,6.27339e-21,5.09132e-18,1.14664e-16,2.25020e-19,4.52962e-18,5.30312e-18
0.00000e+00,0.00000e+00,0.00000e+00,0.00000e+00,0.00000e+00,0.00000e+00,0.00000e+00,0.00000e+00,0.00000e+00,0.00000e+00,-2.45869e-22,-6.01235e-21,-1.00722e-23,-2.55713e-22,-2.21403e-22,-2.25015e-19,-5.09123e-18,-9.90631e-21,-2.33587e-19,-2.02038e-19
0.00000e+00,0.00000e+00,0.00000e+00,0.00000e+00,0.00000e+00,0.00000e+00,0.00000e+00,0.00000e+00,0.00000e+00,0.00000e+00,-2.21403e-22,-5.36991e-21,-9.13382e-24,-2.45869e-22,-1.89499e-22,-2.02038e-19,-4.52956e-18,-8.96445e-21,-2.25015e-19,-1.71554e-19
0.00000e+00,0.00000e+00,0.00000e+00,0.00000e+00,0.00000e+00,0.00000e+00,0.00000e+00,0.00000e+00,0.00000e+00,0.00000e+00,-1.89499e-22,-4.54298e-21,-7.89630e-24,-2.21403e-22,-1.54358e-22,-1.71554e-19,-3.79569e-18,-7.69832e-21,-2.02038e-19,-1.38295e-19
0.00000e+00,0.00000e+00,0.00000e+00,0.00000e+00,0.00000e+00,0.00000e+00,0.00000e+00,0.00000e+00,0.00000e+00,0.00000e+00,-1.54358e-22,-3.64771e-21,-6.51235e-24,-1.89499e-22,-1.19688e-22,-1.38295e-19,-3.01067e-18,-6.29298e-21,-1.71554e-19,-1.05956e-19
0.00000e+00,0.00000e+00,0.00000e+00,0.00000e+00,0.00000e+00,0.00000e+00,0.00000e+00,0.00000e+00,0.00000e+00,0.00000e+00,-1.19688e-22,-2.78284e-21,-5.12117e-24,-1.54358e-22,-8.80669e-23,-1.05956e-19,-2.26509e-18,-4.89784e-21,-1.38295e-19,-7.69871e-20
0.00000e+00,0.00000e+00,0.00000e+00,0.00000e+00,0.00000e+00,0.00000e+00,0.00000e+00,0.00000e+00,0.00000e+00,0.00000e+00,-8.80669e-23,-2.01307e-21,-3.82411e-24,-1.19688e-22,-6.07230e-23,-7.69871e-20,-1.61490e-18,-3.61765e-21,-1.05956e-19,-5.24457e-20
0.00000e+00,0.00000e+00,0.00000e+00,0.00000e+00,0.00000e+00,0.00000e+00,0.00000e+00,0.00000e+00,0.00000e+00,0.00000e+00,-6.07230e-23,-1.36550e-21,-2.67430e-24,-8.80669e-23,-3.76548e-23,-5.24457e-20,-1.08029e-18,-2.50352e-21,-7.69871e-20,-3.21901e-20
0.00000e+00,0.00000e+00,0.00000e+00,0.00000e+00,0.00000e+00,0.00000e+00,0.00000e+00,0.00000e+00,0.00000e+00,0.00000e+00,-3.76548e-23,-8.35039e-22,-1.67833e-24,-6.07230e-23,-1.79268e-23,-3.21901e-20,-6.52876e-19,-1.55723e-21,-5.24457e-20,-1.52164e-20
0.00000e+00,0.00000e+00,0.00000e+00,0.00000e+00,0.00000e+00,0.00000e+00,0.00000e+00,0.00000e+00,0.00000e+00,0.00000e+00,-1.79268e-23,-3.93777e-22,-8.05566e-25,-3.76548e-23,-9.27890e-27,-1.52164e-20,-3.05375e-19,-7.42808e-22,-3.21901e-20,-1.57514e-24
0.00000e+00,0.00000e+00,0.00000e+00,0.00000e+00,0.00000e+00,0.00000e+00,0.00000e+00,0.00000e+00,0.00000e+00,0.00000e+00,-9.27890e-27,-1.68780e-25,-4.99658e-28,-1.79268e-23,1.79083e-23,-1.57514e-24,-2.78304e-23,-8.78294e-26,-1.52164e-20,1.52133e-20
0.00000e+00,0.00000e+00,0.00000e+00,0.00000e+00,0.00000e+00,0.00000e+00,0.00000e+00,0.00000e+00,0.00000e+00,0.00000e+00,1.79083e-23,3.93439e-22,8.04574e-25,-9.27890e-27,3.76367e-23,1.52133e-20,3.05319e-19,7.42633e-22,-1.57514e-24,3.21869e-20
0.00000e+00,0.00000e+00,0.00000e+00,0.00000e+00,0.00000e+00,0.00000e+00,0.00000e+00,0.00000e+00,0.00000e+00,0.00000e+00,3.76367e-23,8.34700e-22,1.67737e-24,1.79083e-23,6.07057e-23,3.21869e-20,6.52818e-19,1.55705e-21,1.52133e-20,5.24426e-20
0.00000e+00,0.00000e+00,0.00000e+00,0.00000e+00,0.00000e+00,0.00000e+00,0.00000e+00,0.00000e+00,0.00000e+00,0.00000e+00,6.07057e-23,1.36516e-21,2.67340e-24,3.76367e-23,8.80514e-23,5.24426e-20,1.08023e-18,2.50336e-21,3.21869e-20,7.69843e-20
0.00000e+00,0.00000e+00,0.00000e+00,0.00000e+00,0.00000e+00,0.00000e+00,0.00000e+00,0.00000e+00,0.00000e+00,0.00000e+00,8.80514e-23,2.01276e-21,3.82333e-24,6.07057e-23,1.19676e-22,7.69843e-20,1.61485e-18,3.61751e-21,5.24426e-20,1.05954e-19
0.00000e+00,0.00000e+00,0.00000e+00,0.00000e+00,0.00000e+00,0.00000e+00,0.00000e+00,0.00000e+00,0.00000e+00,0.00000e+00,1.19676e-22,2.78258e-21,5.12059e-24,8.80514e-23,1.54352e-22,1.05954e-19,2.26505e-18,4.89774e-21,7.69843e-20,1.38294e-19
0.00000e+00,0.00000e+00,0.00000e+00,0.00000e+00,0.00000e+00,0.00000e+00,0.00000e+00,0.00000e+00,0.00000e+00,0.00000e+00,1.54352e-22,3.64757e-21,6.51209e-24,1.19676e-22,1.89502e-22,1.38294e-19,3.01065e-18,6.29295e-21,1.05954e-19,1.71555e-19
0.00000e+00,0.00000e+00,0.00000e+00,0.00000e+00,0.00000e+00,0.00000e+00,0.00000e+00,0.00000e+00,0.00000e+00,0.00000e+00,1.89502e-22,4.54301e-21,7.89651e-24,1.54352e-22,2.21418e-22,1.71555e-19,3.79570e-18,7.69837e-21,1.38294e-19,2.02041e-19
0.00000e+00,0.00000e+00,0.00000e+00,0.00000e+00,0.00000e+00,0.00000e+00,0.00000e+00,0.00000e+00,0.00000e+00,0.00000e+00,2.21418e-22,5.37020e-21,9.13465e-24,1.89502e-22,2.45900e-22,2.02041e-19,4.52962e-18,8.96462e-21,1.71555e-19,2.25020e-19
0.00000e+00,0.00000e+00,0.00000e+00,0.00000e+00,0.00000e+00,0.00000e+00,0.00000e+00,0.00000e+00,0.00000e+00,0.00000e+00,2.45900e-22,6.01298e-21,1.00738e-23,2.21418e-22,2.55754e-22,2.25020e-19,5.09132e-18,9.90658e-21,2.02041e-19,2.33593e-19
0.00000e+00,0.00000e+00,0.00000e+00,0.00000e+00,0.00000e+00,0.00000e+00,0.00000e+00,0.00000e+00,0.00000e+00,0.00000e+00,-1.00722e-23,-2.45869e-22,-4.13253e-25,-1.04476e-23,-9.13382e-24,-9.90631e-21,-2.25015e-19,-4.34686e-22,-1.02545e-20,-8.96445e-21
0.00000e+00,0.00000e+00,0.00000e+00,0.00000e+00,0.00000e+00,0.00000e+00,0.00000e+00,0.00000e+00,0.00000e+00,0.00000e+00,-9.13382e-24,-2.21403e-22,-3.77034e-25,-1.00722e-23,-7.89630e-24,-8.96445e-21,-2.02038e-19,-3.95998e-22,-9.90631e-21,-7.69832e-21
0.00000e+00,0.00000e+00,0.00000e+00,0.00000e+00,0.00000e+00,0.00000e+00,0.00000e+00,0.00000e+00,0.00000e+00,0.00000e+00,-7.89630e-24,-1.89499e-22,-3.28788e-25,-9.13382e-24,-6.51235e-24,-7.69832e-21,-1.71554e-19,-3.43392e-22,-8.96445e-21,-6.29298e-21
0.00000e+00,0.00000e+00,0.00000e+00,0.00000e+00,0.00000e+00,0.00000e+00,0.00000e+00,0.00000e+00,0.00000e+00,0.00000e+00,-6.51235e-24,-1.54358e-22,-2.74101e-25,-7.89630e-24,-5.12117e-24,-6.29298e-21,-1.38295e-19,-2.84111e-22,-7.69832e-21,-4.89784e-21
0.00000e+00,0.00000e+00,0.00000e+00,0.00000e+00,0.00000e+00,0.00000e+00,0.00000e+00,0.00000e+00,0.00000e+00,0.00000e+00,-5.12117e-24,-1.19688e-22,-2.18196e-25,-6.51235e-24,-3.82411e-24,-4.89784e-21,-1.05956e-19,-2.24160e-22,-6.29298e-21,-3.61765e-21
0.00000e+00,0.00000e+00,0.00000e+00,0.00000e+00,0.00000e+00,0.00000e+00,0.00000e+00,0.00000e+00,0.00000e+00,0.00000e+00,-3.82411e-24,-8.80669e-23,-1.65029e-25,-5.12117e-24,-2.67430e-24,-3.61765e-21,-7.69871e-20,-1.67945e-22,-4.89784e-21,-2.50352e-21
0.00000e+00,0.00000e+00,0.00000e+00,0.00000e+00,0.00000e+00,0.00000e+00,0.00000e+00,0.00000e+00,0.00000e+00,0.00000e+00,-2.67430e-24,-6.07230e-23,-1.16829e-25,-3.82411e-24,-1.67833e-24,-2.50352e-21,-5.24457e-20,-1.17816e-22,-3.61765e-21,-1.55723e-21
0.00000e+00,0.00000e+00,0.00000e+00,0.00000e+00,0.00000e+00,0.00000e+00,0.00000e+00,0.00000e+00,0.00000e+00,0.00000e+00,-1.67833e-24,-3.76548e-23,-7.40786e-26,-2.67430e-24,-8.05566e-25,-1.55723e-21,-3.21901e-20,-7.41302e-23,-2.50352e-21,-7.42808e-22
0.00000e+00,0.00000e+00,0.00000e+00,0.00000e+00,0.00000e+00,0.00000e+00,0.00000e+00,0.00000e+00,0.00000e+00,0.00000e+00,-8.05566e-25,-1.79268e-23,-3.58058e-26,-1.67833e-24,-4.99658e-28,-7.42808e-22,-1.52164e-20,-3.56365e-23,-1.55723e-21,-8.78294e-26
0.00000e+00,0.00000e+00,0.00000e+00,0.00000e+00,0.00000e+00,0.00000e+00,0.00000e+00,0.00000e+00,0.00000e+00,0.00000e+00,-4.99658e-28,-9.27890e-27,-2.61728e-29,-8.05566e-25,8.04574e-25,-8.78294e-26,-1.57514e-24,-4.83796e-27,-7.42808e-22,7.42633e-22
0.00000e+00,0.00000e+00,0.00000e+00,0.00000e+00,0.00000e+00,0.00000e+00,0.00000e+00,0.00000e+00,0.00000e+00,0.00000e+00,8.04574e-25,1.79083e-23,3.57539e-26,-4.99658e-28,1.67737e-24,7.42633e-22,1.52133e-20,3.56269e-23,-8.78294e-26,1.55705e-21
0.00000e+00,0.00000e+00,0.00000e+00,0.00000e+00,0.00000e+00,0.00000e+00,0.00000e+00,0.00000e+00,0.00000e+00,0.00000e+00,1.67737e-24,3.76367e-23,7.40285e-26,8.04574e-25,2.67340e-24,1.55705e-21,3.21869e-20,7.41209e-23,7.42633e-22,2.50336e-21
0.00000e+00,0.00000e+00,0.00000e+00,0.00000e+00,0.00000e+00,0.00000e+00,0.00000e+00,0.00000e+00,0.00000e+00,0.00000e+00,2.67340e-24,6.07057e-23,1.16782e-25,1.67737e-24,3.82333e-24,2.50336e-21,5.24426e-20,1.17807e-22,1.55705e-21,3.61751e-21
0.00000e+00,0.00000e+00,0.00000e+00,0.00000e+00,0.00000e+00,0.00000e+00,0.00000e+00,0.00000e+00,0.00000e+00,0.00000e+00,3.82333e-24,8.80514e-23,1.64990e-25,2.67340e-24,5.12059e-24,3.61751e-21,7.69843e-20,1.67937e-22,2.50336e-21,4.89774e-21
0.00000e+00,0.00000e+00,0.00000e+00,0.00000e+00,0.00000e+00,0.00000e+00,0.00000e+00,0.00000e+00,0.00000e+00,0.00000e+00,5.12059e-24,1.19676e-22,2.18168e-25,3.82333e-24,6.51209e-24,4.89774e-21,1.05954e-19,2.24155e-22,3.61751e-21,6.29295e-21
0.00000e+00,0.00000e+00,0.00000e+00,0.00000e+00,0.00000e+00,0.00000e+00,0.00000e+00,0.00000e+00,0.00000e+00,0.00000e+00,6.51209e-24,1.54352e-22,2.74090e-25,5.12059e-24,7.89651e-24,6.29295e-21,1.38294e-19,2.84110e-22,4.89774e-21,7.69837e-21
0.00000e+00,0.00000e+00,0.00000e+00,0.00000e+00,0.00000e+00,0.00000e+00,0.00000e+00,0.00000e+00,0.00000e+00,0.00000e+00,7.89651e-24,1.89502e-22,3.28801e-25,6.51209e-24,9.13465e-24,7.69837e-21,1.71555e-19,3.43395e-22,6.29295e-21,8.96462e-21
0.00000e+00,0.00000e+00,0.00000e+00,0.00000e+00,0.00000e+00,0.00000e+00,0.00000e+00,0.00000e+00,0.00000e+00,0.00000e+00,9.13465e-24,2.21418e-22,3.77077e-25,7.89651e-24,1.00738e-23,8.96462e-21,2.02041e-19,3.96007e-22,7.69837e-21,9.90658e-21
0.00000e+00,0.00000e+00,0.00000e+00,0.00000e+00,0.00000e+00,0.00000e+00,0.00000e+00,0.00000e+00,0.00000e+00,0.00000e+00,1.00738e-23,2.45900e-22,4.13335e-25,9.13465e-24,1.04496e-23,9.90658e-21,2.25020e-19,4.34700e-22,8.96462e-21,1.02548e-20
0.00000e+00,0.00000e+00,0.00000e+00,0.00000e+00,0.00000e+00,0.00000e+00,0.00000e+00,0.00000e+00,0.00000e+00,0.00000e+00,-4.13253e-25,-1.00722e-23,-1.69789e-26,-4.27672e-25,-3.77034e-25,-4.34686e-22,-9.90631e-21,-1.90194e-23,-4.48871e-22,-3.95998e-22
0.00000e+00,0.00000e+00,0.00000e+00,0.00000e+00,0.00000e+00,0.00000e+00,0.00000e+00,0.00000e+00,0.00000e+00,0.00000e+00,-3.77034e-25,-9.13382e-24,-1.55726e-26,-4.13253e-25,-3.28788e-25,-3.95998e-22,-8.96445e-21,-1.74271e-23,-4.34686e-22,-3.43392e-22
0.00000e+00,0.00000e+00,0.00000e+00,0.00000e+00,0.00000e+00,0.00000e+00,0.00000e+00,0.00000e+00,0.00000e+00,0.00000e+00,-3.28788e-25,-7.89630e-24,-1.36828e-26,-3.77034e-25,-2.74101e-25,-3.43392e-22,-7.69832e-21,-1.52399e-23,-3.95998e-22,-2.84111e-22
0.00000e+00,0.00000e+00,0.00000e+00,0.00000e+00,0.00000e+00,0.00000e+00,0.00000e+00,0.00000e+00,0.00000e+00,0.00000e+00,-2.74101e-25,-6.51235e-24,-1.15145e-26,-3.28788e-25,-2.18196e-25,-2.84111e-22,-6.29298e-21,-1.27418e-23,-3.43392e-22,-2.24160e-22
0.00000e+00,0.00000e+00,0.00000e+00,0.00000e+00,0.00000e+00,0.00000e+00,0.00000e+00,0.00000e+00,0.00000e+00,0.00000e+00,-2.18196e-25,-5.12117e-24,-9.26413e-27,-2.74101e-25,-1.65029e-25,-2.24160e-22,-4.89784e-21,-1.01730e-23,-2.84111e-22,-1.67945e-22
0.00000e+00,0.00000e+00,0.00000e+00,0.00000e+00,0.00000e+00,0.00000e+00,0.00000e+00,0.00000e+00,0.00000e+00,0.00000e+00,-1.65029e-25,-3.82411e-24,-7.08507e-27,-2.18196e-25,-1.16829e-25,-1.67945e-22,-3.61765e-21,-7.71673e-24,-2.24160e-22,-1.17816e-22
0.00000e+00,0.00000e+00,0.00000e+00,0.00000e+00,0.00000e+00,0.00000e+00,0.00000e+00,0.00000e+00,0.00000e+00,0.00000e+00,-1.16829e-25,-2.67430e-24,-5.06907e-27,-1.65029e-25,-7.40786e-26,-1.17816e-22,-2.50352e-21,-5.47765e-24,-1.67945e-22,-7.41302e-23
0.00000e+00,0.00000e+00,0.00000e+00,0.00000e+00,0.00000e+00,0.00000e+00,0.00000e+00,0.00000e+00,0.00000e+00,0.00000e+00,-7.40786e-26,-1.67833e-24,-3.24286e-27,-1.16829e-25,-3.58058e-26,-7.41302e-23,-1.55723e-21,-3.48088e-24,-1.17816e-22,-3.56365e-23
0.00000e+00,0.00000e+00,0.00000e+00,0.00000e+00,0.00000e+00,0.00000e+00,0.00000e+00,0.00000e+00,0.00000e+00,0.00000e+00,-3.58058e-26,-8.05566e-25,-1.57688e-27,-7.40786e-26,-2.61728e-29,-3.56365e-23,-7.42808e-22,-1.68456e-24,-7.41302e-23,-4.83796e-27
0.00000e+00,0.00000e+00,0.00000e+00,0.00000e+00,0.00000e+00,0.00000e+00,0.00000e+00,0.00000e+00,0.00000e+00,0.00000e+00,-2.61728e-29,-4.99658e-28,-1.32994e-30,-3.58058e-26,3.57539e-26,-4.83796e-27,-8.78294e-26,-2.63131e-28,-3.56365e-23,3.56269e-23
0.00000e+00,0.00000e+00,0.00000e+00,0.00000e+00,0.00000e+00,0.00000e+00,0.00000e+00,0.00000e+00,0.00000e+00,0.00000e+00,3.57539e-26,8.04574e-25,1.57424e-27,-2.61728e-29,7.40285e-26,3.56269e-23,7.42633e-22,1.68404e-24,-4.83796e-27,7.41209e-23
0.00000e+00,0.00000e+00,0.00000e+00,0.00000e+00,0.00000e+00,0.00000e+00,0.00000e+00,0.00000e+00,0.00000e+00,0.00000e+00,7.40285e-26,1.67737e-24,3.24033e-27,3.57539e-26,1.16782e-25,7.41209e-23,1.55705e-21,3.48038e-24,3.56269e-23,1.17807e-22
0.00000e+00,0.00000e+00,0.00000e+00,0.00000e+00,0.00000e+00,0.00000e+00,0.00000e+00,0.00000e+00,0.00000e+00,0.00000e+00,1.16782e-25,2.67340e-24,5.06675e-27,7.40285e-26,1.64990e-25,1.17807e-22,2.50336e-21,5.47720e-24,7.41209e-23,1.67937e-22
0.00000e+00,0.00000e+00,0.00000e+00,0.00000e+00,0.00000e+00,0.00000e+00,0.00000e+00,0.00000e+00,0.00000e+00,0.00000e+00,1.64990e-25,3.82333e-24,7.08311e-27,1.16782e-25,2.18168e-25,1.67937e-22,3.61751e-21,7.71636e-24,1.17807e-22,2.24155e-22
0.00000e+00,0.00000e+00,0.00000e+00,0.00000e+00,0.00000e+00,0.00000e+00,0.00000e+00,0.00000e+00,0.00000e+00,0.00000e+00,2.18168e-25,5.12059e-24,9.26277e-27,1.64990e-25,2.74090e-25,2.24155e-22,4.89774e-21,1.01728e-23,1.67937e-22,2.84110e-22
0.00000e+00,0.00000e+00,0.00000e+00,0.00000e+00,0.00000e+00,0.00000e+00,0.00000e+00,0.00000e+00,0.00000e+00,0.00000e+00,2.74090e-25,6.51209e-24,1.15140e-26,2.18168e-25,3.28801e-25,2.84110e-22,6.29295e-21,1.27417e-23,2.24155e-22,3.43395e-22
0.00000e+00,0.00000e+00,0.00000e+00,0.00000e+00,0.00000e+00,0.00000e+00,0.00000e+00,0.00000e+00,0.00000e+00,0.00000e+00,3.28801e-25,7.89651e-24,1.36835e-26,2.74090e-25,3.77077e-25,3.43395e-22,7.69837e-21,1.52401e-23,2.84110e-22,3.96007e-22
0.00000e+00,0.00000e+00,0.00000e+00,0.00000e+00,0.00000e+00,0.00000e+00,0.00000e+00,0.00000e+00,0.00000e+00,0.00000e+00,3.77077e-25,9.13465e-24,1.55748e-26,3.28801e-25,4.13335e-25,3.96007e-22,8.96462e-21,1.74275e-23,3.43395e-22,4.34700e-22
0.00000e+00,0.00000e+00,0.00000e+00,0.00000e+00,0.00000e+00,0.00000e+00,0.00000e+00,0.00000e+00,0.00000e+00,0.00000e+00,4.13335e-25,1.00738e-23,1.69829e-26,3.77077e-25,4.27774e-25,4.34700e-22,9.90658e-21,1.90202e-23,3.96007e-22,4.48887e-22
0.00000e+00,0.00000e+00,0.00000e+00,0.00000e+00,0.00000e+00,0.00000e+00,0.00000e+00,0.00000e+00,0.00000e+00,0.00000e+00,-1.69789e-26,-4.13253e-25,-6.98446e-28,-1.75362e-26,-1.55726e-26,-1.90194e-23,-4.34686e-22,-8.30106e-25,-1.95991e-23,-1.74271e-23
0.00000e+00,0.00000e+00,0.00000e+00,0.00000e+00,0.00000e+00,0.00000e+00,0.00000e+00,0.00000e+00,0.00000e+00,0.00000e+00,-1.55726e-26,-3.77034e-25,-6.43553e-28,-1.69789e-26,-1.36828e-26,-1.74271e-23,-3.95998e-22,-7.64434e-25,-1.90194e-23,-1.52399e-23
0.00000e+00,0.00000e+00,0.00000e+00,0.00000e+00,0.00000e+00,0.00000e+00,0.00000e+00,0.00000e+00,0.00000e+00,0.00000e+00,-1.36828e-26,-3.28788e-25,-5.69195e-28,-1.55726e-26,-1.15145e-26,-1.52399e-23,-3.43392e-22,-6.73418e-25,-1.74271e-23,-1.27418e-23
0.00000e+00,0.00000e+00,0.00000e+00,0.00000e+00,0.00000e+00,0.00000e+00,0.00000e+00,0.00000e+00,0.00000e+00,0.00000e+00,-1.15145e-26,-2.74101e-25,-4.82944e-28,-1.36828e-26,-9.26413e-27,-1.27418e-23,-2.84111e-22,-5.68197e-25,-1.52399e-23,-1.01730e-23
0.00000e+00,0.00000e+00,0.00000e+00,0.00000e+00,0.00000e+00,0.00000e+00,0.00000e+00,0.00000e+00,0.00000e+00,0.00000e+00,-9.26413e-27,-2.18196e-25,-3.92184e-28,-1.15145e-26,-7.08507e-27,-1.01730e-23,-2.24160e-22,-4.58362e-25,-1.27418e-23,-7.71673e-24
0.00000e+00,0.00000e+00,0.00000e+00,0.00000e+00,0.00000e+00,0.00000e+00,0.00000e+00,0.00000e+00,0.00000e+00,0.00000e+00,-7.08507e-27,-1.65029e-25,-3.02852e-28,-9.26413e-27,-5.06907e-27,-7.71673e-24,-1.67945e-22,-3.51455e-25,-1.01730e-23,-5.47765e-24
0.00000e+00,0.00000e+00,0.00000e+00,0.00000e+00,0.00000e+00,0.00000e+00,0.00000e+00,0.00000e+00,0.00000e+00,0.00000e+00,-5.06907e-27,-1.16829e-25,-2.18676e-28,-7.08507e-27,-3.24286e-27,-5.47765e-24,-1.17816e-22,-2.52043e-25,-7.71673e-24,-3.48088e-24
0.00000e+00,0.00000e+00,0.00000e+00,0.00000e+00,0.00000e+00,0.00000e+00,0.00000e+00,0.00000e+00,0.00000e+00,0.00000e+00,-3.24286e-27,-7.40786e-26,-1.40972e-28,-5.06907e-27,-1.57688e-27,-3.48088e-24,-7.41302e-23,-1.61542e-25,-5.47765e-24,-1.68456e-24
0.00000e+00,0.00000e+00,0.00000e+00,0.00000e+00,0.00000e+00,0.00000e+00,0.00000e+00,0.00000e+00,0.00000e+00,0.00000e+00,-1.57688e-27,-3.58058e-26,-6.89039e-29,-3.24286e-27,-1.32994e-30,-1.68456e-24,-3.56365e-23,-7.86279e-26,-3.48088e-24,-2.63131e-28
0.00000e+00,0.00000e+00,0.00000e+00,0.00000e+00,0.00000e+00,0.00000e+00,0.00000e+00,0.00000e+00,0.00000e+00,0.00000e+00,-1.32994e-30,-2.61728e-29,-6.55646e-32,-1.57688e-27,1.57424e-27,-2.63131e-28,-4.83796e-27,-1.41043e-29,-1.68456e-24,1.68404e-24
0.00000e+00,0.00000e+00,0.00000e+00,0.00000e+00,0.00000e+00,0.00000e+00,0.00000e+00,0.00000e+00,0.00000e+00,0.00000e+00,1.57424e-27,3.57539e-26,6.87743e-29,-1.32994e-30,3.24033e-27,1.68404e-24,3.56269e-23,7.86001e-26,-2.63131e-28,3.48038e-24
0.00000e+00,0.00000e+00,0.00000e+00,0.00000e+00,0.00000e+00,0.00000e+00,0.00000e+00,0.00000e+00,0.00000e+00,0.00000e+00,3.24033e-27,7.40285e-26,1.40847e-28,1.57424e-27,5.06675e-27,3.48038e-24,7.41209e-23,1.61515e-25,1.68404e-24,5.47720e-24
0.00000e+00,0.00000e+00,0.00000e+00,0.00000e+00,0.00000e+00,0.00000e+00,0.00000e+00,0.00000e+00,0.00000e+00,0.00000e+00,5.06675e-27,1.16782e-25,2.18562e-28,3.24033e-27,7.08311e-27,5.47720e-24,1.17807e-22,2.52019e-25,3.48038e-24,7.71636e-24
0.00000e+00,0.00000e+00,0.00000e+00,0.00000e+00,0.00000e+00,0.00000e+00,0.00000e+00,0.00000e+00,0.00000e+00,0.00000e+00,7.08311e-27,1.64990e-25,3.02758e-28,5.06675e-27,9.26277e-27,7.71636e-24,1.67937e-22,3.51436e-25,5.47720e-24,1.01728e-23
0.00000e+00,0.00000e+00,0.00000e+00,0.00000e+00,0.00000e+00,0.00000e+00,0.00000e+00,0.00000e+00,0.00000e+00,0.00000e+00,9.26277e-27,2.18168e-25,3.92120e-28,7.08311e-27,1.15140e-26,1.01728e-23,2.24155e-22,4.58351e-25,7.71636e-24,1.27417e-23
0.00000e+00,0.00000e+00,0.00000e+00,0.00000e+00,0.00000e+00,0.00000e+00,0.00000e+00,0.00000e+00,0.00000e+00,0.00000e+00,1.15140e-26,2.74090e-25,4.82923e-28,9.26277e-27,1.36835e-26,1.27417e-23,2.84110e-22,5.68196e-25,1.01728e-23,1.52401e-23
0.00000e+00,0.00000e+00,0.00000e+00,0.00000e+00,0.00000e+00,0.00000e+00,0.00000e+00,0.00000e+00,0.00000e+00,0.00000e+00,1.36835e-26,3.28801e-25,5.69233e-28,1.15140e-26,1.55748e-26,1.52401e-23,3.43395e-22,6.73429e-25,1.27417e-23,1.74275e-23
0.00000e+00,0.00000e+00,0.00000e+00,0.00000e+00,0.00000e+00,0.00000e+00,0.00000e+00,0.00000e+00,0.00000e+00,0.00000e+00,1.55748e-26,3.77077e-25,6.43665e-28,1.36835e-26,1.69829e-26,1.74275e-23,3.96007e-22,7.64458e-25,1.52401e-23,1.90202e-23
0.00000e+00,0.00000e+00,0.00000e+00,0.00000e+00,0.00000e+00,0.00000e+00,0.00000e+00,0.00000e+00,0.00000e+00,0.00000e+00,1.69829e-26,4.13335e-25,6.98642e-28,1.55748e-26,1.75412e-26,1.90202e-23,4.34700e-22,8.30143e-25,1.74275e-23,1.95999e-23
0.00000e+00,0.00000e+00,0.00000e+00,0.00000e+00,0.00000e+00,0.00000e+00,0.00000e+00,0.00000e+00,0.00000e+00,0.00000e+00,-6.98446e-28,-1.69789e-26,-2.87628e-29,-7.20113e-28,-6.43553e-28,-8.30106e-25,-1.90194e-23,-3.61500e-26,-8.53855e-25,-7.64434e-25
0.00000e+00,0.00000e+00,0.00000e+00,0.00000e+00,0.00000e+00,0.00000e+00,0.00000e+00,0.00000e+00,0.00000e+00,0.00000e+00,-6.43553e-28,-1.55726e-26,-2.66095e-29,-6.98446e-28,-5.69195e-28,-7.64434e-25,-1.74271e-23,-3.34363e-26,-8.30106e-25,-6.73418e-25
0.00000e+00,0.00000e+00,0.00000e+00,0.00000e+00,0.00000e+00,0.00000e+00,0.00000e+00,0.00000e+00,0.00000e+00,0.00000e+00,-5.69195e-28,-1.36828e-26,-2.36714e-29,-6.43553e-28,-4.82944e-28,-6.73418e-25,-1.52399e-23,-2.96449e-26,-7.64434e-25,-5.68197e-25
0.00000e+00,0.00000e+00,0.00000e+00,0.00000e+00,0.00000e+00,0.00000e+00,0.00000e+00,0.00000e+00,0.00000e+00,0.00000e+00,-4.82944e-28,-1.15145e-26,-2.02294e-29,-5.69195e-28,-3.92184e-28,-5.68197e-25,-1.27418e-23,-2.52135e-26,-6.73418e-25,-4.58362e-25
0.00000e+00,0.00000e+00,0.00000e+00,0.00000e+00,0.00000e+00,0.00000e+00,0.00000e+00,0.00000e+00,0.00000e+00,0.00000e+00,-3.92184e-28,-9.26413e-27,-1.65617e-29,-4.82944e-28,-3.02852e-28,-4.58362e-25,-1.01730e-23,-2.05241e-26,-5.68197e-25,-3.51455e-25
0.00000e+00,0.00000e+00,0.00000e+00,0.00000e+00,0.00000e+00,0.00000e+00,0.00000e+00,0.00000e+00,0.00000e+00,0.00000e+00,-3.02852e-28,-7.08507e-27,-1.28977e-29,-3.92184e-28,-2.18676e-28,-3.51455e-25,-7.71673e-24,-1.58855e-26,-4.58362e-25,-2.52043e-25
0.00000e+00,0.00000e+00,0.00000e+00,0.00000e+00,0.00000e+00,0.00000e+00,0.00000e+00,0.00000e+00,0.00000e+00,0.00000e+00,-2.18676e-28,-5.06907e-27,-9.38735e-30,-3.02852e-28,-1.40972e-28,-2.52043e-25,-5.47765e-24,-1.14938e-26,-3.51455e-25,-1.61542e-25
0.00000e+00,0.00000e+00,0.00000e+00,0.00000e+00,0.00000e+00,0.00000e+00,0.00000e+00,0.00000e+00,0.00000e+00,0.00000e+00,-1.40972e-28,-3.24286e-27,-6.09189e-30,-2.18676e-28,-6.89039e-29,-1.61542e-25,-3.48088e-24,-7.42142e-27,-2.52043e-25,-7.86279e-26
0.00000e+00,0.00000e+00,0.00000e+00,0.00000e+00,0.00000e+00,0.00000e+00,0.00000e+00,0.00000e+00,0.00000e+00,0.00000e+00,-6.89039e-29,-1.57688e-27,-2.99087e-30,-1.40972e-28,-6.55646e-32,-7.86279e-26,-1.68456e-24,-3.63018e-27,-1.61542e-25,-1.41043e-29
0.00000e+00,0.00000e+00,0.00000e+00,0.00000e+00,0.00000e+00,0.00000e+00,0.00000e+00,0.00000e+00,0.00000e+00,0.00000e+00,-6.55646e-32,-1.32994e-30,-3.14232e-33,-6.89039e-29,6.87743e-29,-1.41043e-29,-2.63131e-28,-7.43599e-31,-7.86279e-26,7.86001e-26
0.00000e+00,0.00000e+00,0.00000e+00,0.00000e+00,0.00000e+00,0.00000e+00,0.00000e+00,0.00000e+00,0.00000e+00,0.00000e+00,6.87743e-29,1.57424e-27,2.98466e-30,-6.55646e-32,1.40847e-28,7.86001e-26,1.68404e-24,3.62872e-27,-1.41043e-29,1.61515e-25
0.00000e+00,0.00000e+00,0.00000e+00,0.00000e+00,0.00000e+00,0.00000e+00,0.00000e+00,0.00000e+00,0.00000e+00,0.00000e+00,1.40847e-28,3.24033e-27,6.08593e-30,6.87743e-29,2.18562e-28,1.61515e-25,3.48038e-24,7.42005e-27,7.86001e-26,2.52019e-25
0.00000e+00,0.00000e+00,0.00000e+00,0.00000e+00,0.00000e+00,0.00000e+00,0.00000e+00,0.00000e+00,0.00000e+00,0.00000e+00,2.18562e-28,5.06675e-27,9.38192e-30,1.40847e-28,3.02758e-28,2.52019e-25,5.47720e-24,1.14926e-26,1.61515e-25,3.51436e-25
0.00000e+00,0.00000e+00,0.00000e+00,0.00000e+00,0.00000e+00,0.00000e+00,0.00000e+00,0.00000e+00,0.00000e+00,0.00000e+00,3.02758e-28,7.08311e-27,1.28932e-29,2.18562e-28,3.92120e-28,3.51436e-25,7.71636e-24,1.58846e-26,2.52019e-25,4.58351e-25
0.00000e+00,0.00000e+00,0.00000e+00,0.00000e+00,0.00000e+00,0.00000e+00,0.00000e+00,0.00000e+00,0.00000e+00,0.00000e+00,3.92120e-28,9.26277e-27,1.65587e-29,3.02758e-28,4.82923e-28,4.58351e-25,1.01728e-23,2.05235e-26,3.51436e-25,5.68196e-25
0.00000e+00,0.00000e+00,0.00000e+00,0.00000e+00,0.00000e+00,0.00000e+00,0.00000e+00,0.00000e+00,0.00000e+00,0.00000e+00,4.82923e-28,1.15140e-26,2.02285e-29,3.92120e-28,5.69233e-28,5.68196e-25,1.27417e-23,2.52134e-26,4.58351e-25,6.73429e-25
0.00000e+00,0.00000e+00,0.00000e+00,0.00000e+00,0.00000e+00,0.00000e+00,0.00000e+00,0.00000e+00,0.00000e+00,0.00000e+00,5.69233e-28,1.36835e-26,2.36734e-29,4.82923e-28,6.43665e-28,6.73429e-25,1.52401e-23,2.96454e-26,5.68196e-25,7.64458e-25
0.00000e+00,0.00000e+00,0.00000e+00,0.00000e+00,0.00000e+00,0.00000e+00,0.00000e+00,0.00000e+00,0.00000e+00,0.00000e+00,6.43665e-28,1.55748e-26,2.66149e-29,5.69233e-28,6.98642e-28,7.64458e-25,1.74275e-23,3.34376e-26,6.73429e-25,8.30143e-25
0.00000e+00,0.00000e+00,0.00000e+00,0.00000e+00,0.00000e+00,0.00000e+00,0.00000e+00,0.00000e+00,0.00000e+00,0.00000e+00,6.98642e-28,1.69829e-26,2.87721e-29,6.43665e-28,7.20354e-28,8.30143e-25,1.90202e-23,3.61519e-26,7.64458e-25,8.53897e-25
0.00000e+00,0.00000e+00,0.00000e+00,0.00000e+00,0.00000e+00,0.00000e+00,0.00000e+00,0.00000e+00,0.00000e+00,0.00000e+00,-2.87628e-29,-6.98446e-28,-1.18564e-30,-2.96097e-29,-2.66095e-29,-3.61500e-26,-8.30106e-25,-1.57118e-27,-3.71256e-26,-3.34363e-26
0.00000e+00,0.00000e+00,0.00000e+00,0.00000e+00,0.00000e+00,0.00000e+00,0.00000e+00,0.00000e+00,0.00000e+00,0.00000e+00,-2.66095e-29,-6.43553e-28,-1.10078e-30,-2.87628e-29,-2.36714e-29,-3.34363e-26,-7.64434e-25,-1.45882e-27,-3.61500e-26,-2.96449e-26
0.00000e+00,0.00000e+00,0.00000e+00,0.00000e+00,0.00000e+00,0.00000e+00,0.00000e+00,0.00000e+00,0.00000e+00,0.00000e+00,-2.36714e-29,-5.69195e-28,-9.84231e-31,-2.66095e-29,-2.02294e-29,-2.96449e-26,-6.73418e-25,-1.30070e-27,-3.34363e-26,-2.52135e-26
0.00000e+00,0.00000e+00,0.00000e+00,0.00000e+00,0.00000e+00,0.00000e+00,0.00000e+00,0.00000e+00,0.00000e+00,0.00000e+00,-2.02294e-29,-4.82944e-28,-8.46445e-31,-2.36714e-29,-1.65617e-29,-2.52135e-26,-5.68197e-25,-1.11404e-27,-2.96449e-26,-2.05241e-26
0.00000e+00,0.00000e+00,0.00000e+00,0.00000e+00,0.00000e+00,0.00000e+00,0.00000e+00,0.00000e+00,0.00000e+00,0.00000e+00,-1.65617e-29,-3.92184e-28,-6.97934e-31,-2.02294e-29,-1.28977e-29,-2.05241e-26,-4.58362e-25,-9.14043e-28,-2.52135e-26,-1.58855e-26
0.00000e+00,0.00000e+00,0.00000e+00,0.00000e+00,0.00000e+00,0.00000e+00,0.00000e+00,0.00000e+00,0.00000e+00,0.00000e+00,-1.28977e-29,-3.02852e-28,-5.47545e-31,-1.65617e-29,-9.38735e-30,-1.58855e-26,-3.51455e-25,-7.13283e-28,-2.05241e-26,-1.14938e-26
0.00000e+00,0.00000e+00,0.00000e+00,0.00000e+00,0.00000e+00,0.00000e+00,0.00000e+00,0.00000e+00,0.00000e+00,0.00000e+00,-9.38735e-30,-2.18676e-28,-4.01294e-31,-1.28977e-29,-6.09189e-30,-1.14938e-26,-2.52043e-25,-5.20091e-28,-1.58855e-26,-7.42142e-27
0.00000e+00,0.00000e+00,0.00000e+00,0.00000e+00,0.00000e+00,0.00000e+00,0.00000e+00,0.00000e+00,0.00000e+00,0.00000e+00,-6.09189e-30,-1.40972e-28,-2.61918e-31,-9.38735e-30,-2.99087e-30,-7.42142e-27,-1.61542e-25,-3.37974e-28,-1.14938e-26,-3.63018e-27
0.00000e+00,0.00000e+00,0.00000e+00,0.00000e+00,0.00000e+00,0.00000e+00,0.00000e+00,0.00000e+00,0.00000e+00,0.00000e+00,-2.99087e-30,-6.89039e-29,-1.29086e-31,-6.09189e-30,-3.14232e-33,-3.63018e-27,-7.86279e-26,-1.66027e-28,-7.42142e-27,-7.43599e-31
0.00000e+00,0.00000e+00,0.00000e+00,0.00000e+00,0.00000e+00,0.00000e+00,0.00000e+00,0.00000e+00,0.00000e+00,0.00000e+00,-3.14232e-33,-6.55646e-32,-1.46916e-34,-2.99087e-30,2.98466e-30,-7.43599e-31,-1.41043e-29,-3.85066e-32,-3.63018e-27,3.62872e-27
0.00000e+00,0.00000e+00,0.00000e+00,0.00000e+00,0.00000e+00,0.00000e+00,0.00000e+00,0.00000e+00,0.00000e+00,0.00000e+00,2.98466e-30,6.87743e-29,1.28796e-31,-3.14232e-33,6.08593e-30,3.62872e-27,7.86001e-26,1.65951e-28,-7.43599e-31,7.42005e-27
0.00000e+00,0.00000e+00,0.00000e+00,0.00000e+00,0.00000e+00,0.00000e+00,0.00000e+00,0.00000e+00,0.00000e+00,0.00000e+00,6.08593e-30,1.40847e-28,2.61640e-31,2.98466e-30,9.38192e-30,7.42005e-27,1.61515e-25,3.37904e-28,3.62872e-27,1.14926e-26
0.00000e+00,0.00000e+00,0.00000e+00,0.00000e+00,0.00000e+00,0.00000e+00,0.00000e+00,0.00000e+00,0.00000e+00,0.00000e+00,9.38192e-30,2.18562e-28,4.01042e-31,6.08593e-30,1.28932e-29,1.14926e-26,2.52019e-25,5.20029e-28,7.42005e-27,1.58846e-26
0.00000e+00,0.00000e+00,0.00000e+00,0.00000e+00,0.00000e+00,0.00000e+00,0.00000e+00,0.00000e+00,0.00000e+00,0.00000e+00,1.28932e-29,3.02758e-28,5.47337e-31,9.38192e-30,1.65587e-29,1.58846e-26,3.51436e-25,7.13236e-28,1.14926e-26,2.05235e-26
0.00000e+00,0.00000e+00,0.00000e+00,0.00000e+00,0.00000e+00,0.00000e+00,0.00000e+00,0.00000e+00,0.00000e+00,0.00000e+00,1.65587e-29,3.92120e-28,6.97796e-31,1.28932e-29,2.02285e-29,2.05235e-26,4.58351e-25,9.14016e-28,1.58846e-26,2.52134e-26
0.00000e+00,0.00000e+00,0.00000e+00,0.00000e+00,0.00000e+00,0.00000e+00,0.00000e+00,0.00000e+00,0.00000e+00,0.00000e+00,2.02285e-29,4.82923e-28,8.46407e-31,1.65587e-29,2.36734e-29,2.52134e-26,5.68196e-25,1.11404e-27,2.05235e-26,2.96454e-26
0.00000e+00,0.00000e+00,0.00000e+00,0.00000e+00,0.00000e+00,0.00000e+00,0.00000e+00,0.00000e+00,0.00000e+00,0.00000e+00,2.36734e-29,5.69233e-28,9.84325e-31,2.02285e-29,2.66149e-29,2.96454e-26,6.73429e-25,1.30073e-27,2.52134e-26,3.34376e-26
0.00000e+00,0.00000e+00,0.00000e+00,0.00000e+00,0.00000e+00,0.00000e+00,0.00000e+00,0.00000e+00,0.00000e+00,0.00000e+00,2.66149e-29,6.43665e-28,1.10103e-30,2.36734e-29,2.87721e-29,3.34376e-26,7.64458e-25,1.45889e-27,2.96454e-26,3.61519e-26
0.00000e+00,0.00000e+00,0.00000e+00,0.00000e+00,0.00000e+00,0.00000e+00,0.00000e+00,0.00000e+00,0.00000e+00,0.00000e+00,2.87721e-29,6.98642e-28,1.18607e-30,2.66149e-29,2.96210e-29,3.61519e-26,8.30143e-25,1.57127e-27,3.34376e-26,3.71278e-26
0.00000e+00,0.00000e+00,0.00000e+00,0.00000e+00,0.00000e+00,0.00000e+00,0.00000e+00,0.00000e+00,0.00000e+00,0.00000e+00,-1.18564e-30,-2.87628e-29,-4.89161e-32,-1.21891e-30,-1.10078e-30,-1.57118e-27,-3.61500e-26,-6.81660e-29,-1.61135e-27,-1.45882e-27
0.00000e+00,0.00000e+00,0.00000e+00,0.00000e+00,0.00000e+00,0.00000e+00,0.00000e+00,0.00000e+00,0.00000e+00,0.00000e+00,-1.10078e-30,-2.66095e-29,-4.55576e-32,-1.18564e-30,-9.84231e-31,-1.45882e-27,-3.34363e-26,-6.35055e-29,-1.57118e-27,-1.30070e-27
0.00000e+00,0.00000e+00,0.00000e+00,0.00000e+00,0.00000e+00,0.00000e+00,0.00000e+00,0.00000e+00,0.00000e+00,0.00000e+00,-9.84231e-31,-2.36714e-29,-4.09170e-32,-1.10078e-30,-8.46445e-31,-1.30070e-27,-2.96449e-26,-5.69032e-29,-1.45882e-27,-1.11404e-27
0.00000e+00,0.00000e+00,0.00000e+00,0.00000e+00,0.00000e+00,0.00000e+00,0.00000e+00,0.00000e+00,0.00000e+00,0.00000e+00,-8.46445e-31,-2.02294e-29,-3.53850e-32,-9.84231e-31,-6.97934e-31,-1.11404e-27,-2.52135e-26,-4.90379e-29,-1.30070e-27,-9.14043e-28
0.00000e+00,0.00000e+00,0.00000e+00,0.00000e+00,0.00000e+00,0.00000e+00,0.00000e+00,0.00000e+00,0.00000e+00,0.00000e+00,-6.97934e-31,-1.65617e-29,-2.93596e-32,-8.46445e-31,-5.47545e-31,-9.14043e-28,-2.05241e-26,-4.05141e-29,-1.11404e-27,-7.13283e-28
0.00000e+00,0.00000e+00,0.00000e+00,0.00000e+00,0.00000e+00,0.00000e+00,0.00000e+00,0.00000e+00,0.00000e+00,0.00000e+00,-5.47545e-31,-1.28977e-29,-2.31822e-32,-6.97934e-31,-4.01294e-31,-7.13283e-28,-1.58855e-26,-3.18429e-29,-9.14043e-28,-5.20091e-28
0.00000e+00,0.00000e+00,0.00000e+00,0.00000e+00,0.00000e+00,0.00000e+00,0.00000e+00,0.00000e+00,0.00000e+00,0.00000e+00,-4.01294e-31,-9.38735e-30,-1.70931e-32,-5.47545e-31,-2.61918e-31,-5.20091e-28,-1.14938e-26,-2.33749e-29,-7.13283e-28,-3.37974e-28
0.00000e+00,0.00000e+00,0.00000e+00,0.00000e+00,0.00000e+00,0.00000e+00,0.00000e+00,0.00000e+00,0.00000e+00,0.00000e+00,-2.61918e-31,-6.09189e-30,-1.12121e-32,-4.01294e-31,-1.29086e-31,-3.37974e-28,-7.42142e-27,-1.52745e-29,-5.20091e-28,-1.66027e-28
0.00000e+00,0.00000e+00,0.00000e+00,0.00000e+00,0.00000e+00,0.00000e+00,0.00000e+00,0.00000e+00,0.00000e+00,0.00000e+00,-1.29086e-31,-2.99087e-30,-5.54427e-33,-2.61918e-31,-1.46916e-34,-1.66027e-28,-3.63018e-27,-7.53120e-30,-3.37974e-28,-3.85066e-32
0.00000e+00,0.00000e+00,0.00000e+00,0.00000e+00,0.00000e+00,0.00000e+00,0.00000e+00,0.00000e+00,0.00000e+00,0.00000e+00,-1.46916e-34,-3.14232e-33,-6.73207e-36,-1.29086e-31,1.28796e-31,-3.85066e-32,-7.43599e-31,-1.95755e-33,-1.66027e-28,1.65951e-28
0.00000e+00,0.00000e+00,0.00000e+00,0.00000e+00,0.00000e+00,0.00000e+00,0.00000e+00,0.00000e+00,0.00000e+00,0.00000e+00,1.28796e-31,2.98466e-30,5.53098e-33,-1.46916e-34,2.61640e-31,1.65951e-28,3.62872e-27,7.52737e-30,-3.85066e-32,3.37904e-28
0.00000e+00,0.00000e+00,0.00000e+00,0.00000e+00,0.00000e+00,0.00000e+00,0.00000e+00,0.00000e+00,0.00000e+00,0.00000e+00,2.61640e-31,6.08593e-30,1.11994e-32,1.28796e-31,4.01042e-31,3.37904e-28,7.42005e-27,1.52709e-29,1.65951e-28,5.20029e-28
0.00000e+00,0.00000e+00,0.00000e+00,0.00000e+00,0.00000e+00,0.00000e+00,0.00000e+00,0.00000e+00,0.00000e+00,0.00000e+00,4.01042e-31,9.38192e-30,1.70816e-32,2.61640e-31,5.47337e-31,5.20029e-28,1.14926e-26,2.33718e-29,3.37904e-28,7.13236e-28
0.00000e+00,0.00000e+00,0.00000e+00,0.00000e+00,0.00000e+00,0.00000e+00,0.00000e+00,0.00000e+00,0.00000e+00,0.00000e+00,5.47337e-31,1.28932e-29,2.31728e-32,4.01042e-31,6.97796e-31,7.13236e-28,1.58846e-26,3.18405e-29,5.20029e-28,9.14016e-28
0.00000e+00,0.00000e+00,0.00000e+00,0.00000e+00,0.00000e+00,0.00000e+00,0.00000e+00,0.00000e+00,0.00000e+00,0.00000e+00,6.97796e-31,1.65587e-29,2.93534e-32,5.47337e-31,8.46407e-31,9.14016e-28,2.05235e-26,4.05128e-29,7.13236e-28,1.11404e-27
0.00000e+00,0.00000e+00,0.00000e+00,0.00000e+00,0.00000e+00,0.00000e+00,0.00000e+00,0.00000e+00,0.00000e+00,0.00000e+00,8.46407e-31,2.02285e-29,3.53835e-32,6.97796e-31,9.84325e-31,1.11404e-27,2.52134e-26,4.90379e-29,9.14016e-28,1.30073e-27
0.00000e+00,0.00000e+00,0.00000e+00,0.00000e+00,0.00000e+00,0.00000e+00,0.00000e+00,0.00000e+00,0.00000e+00,0.00000e+00,9.84325e-31,2.36734e-29,4.09215e-32,8.46407e-31,1.10103e-30,1.30073e-27,2.96454e-26,5.69048e-29,1.11404e-27,1.45889e-27
0.00000e+00,0.00000e+00,0.00000e+00,0.00000e+00,0.00000e+00,0.00000e+00,0.00000e+00,0.00000e+00,0.00000e+00,0.00000e+00,1.10103e-30,2.66149e-29,4.55692e-32,9.84325e-31,1.18607e-30,1.45889e-27,3.34376e-26,6.35089e-29,1.30073e-27,1.57127e-27
0.00000e+00,0.00000e+00,0.00000e+00,0.00000e+00,0.00000e+00,0.00000e+00,0.00000e+00,0.00000e+00,0.00000e+00,0.00000e+00,1.18607e-30,2.87721e-29,4.89355e-32,1.10103e-30,1.21942e-30,1.57127e-27,3.61519e-26,6.81707e-29,1.45889e-27,1.61146e-27
0.00000e+00,0.00000e+00,0.00000e+00,0.00000e+00,0.00000e+00,0.00000e+00,0.00000e+00,0.00000e+00,0.00000e+00,0.00000e+00,-4.89161e-32,-1.18564e-30,-2.01970e-33,-5.02287e-32,-4.55576e-32,-6.81660e-29,-1.57118e-27,-2.95262e-30,-6.98245e-29,-6.35055e-29
0.00000e+00,0.00000e+00,0.00000e+00,0.00000e+00,0.00000e+00,0.00000e+00,0.00000e+00,0.00000e+00,0.00000e+00,0.00000e+00,-4.55576e-32,-1.10078e-30,-1.88625e-33,-4.89161e-32,-4.09170e-32,-6.35055e-29,-1.45882e-27,-2.75895e-30,-6.81660e-29,-5.69032e-29
0.00000e+00,0.00000e+00,0.00000e+00,0.00000e+00,0.00000e+00,0.00000e+00,0.00000e+00,0.00000e+00,0.00000e+00,0.00000e+00,-4.09170e-32,-9.84231e-31,-1.70084e-33,-4.55576e-32,-3.53850e-32,-5.69032e-29,-1.30070e-27,-2.48292e-30,-6.35055e-29,-4.90379e-29
0.00000e+00,0.00000e+00,0.00000e+00,0.00000e+00,0.00000e+00,0.00000e+00,0.00000e+00,0.00000e+00,0.00000e+00,0.00000e+00,-3.53850e-32,-8.46445e-31,-1.47811e-33,-4.09170e-32,-2.93596e-32,-4.90379e-29,-1.11404e-27,-2.15134e-30,-5.69032e-29,-4.05141e-29
0.00000e+00,0.00000e+00,0.00000e+00,0.00000e+00,0.00000e+00,0.00000e+00,0.00000e+00,0.00000e+00,0.00000e+00,0.00000e+00,-2.93596e-32,-6.97934e-31,-1.23317e-33,-3.53850e-32,-2.31822e-32,-4.05141e-29,-9.14043e-28,-1.78825e-30,-4.90379e-29,-3.18429e-29
0.00000e+00,0.00000e+00,0.00000e+00,0.00000e+00,0.00000e+00,0.00000e+00,0.00000e+00,0.00000e+00,0.00000e+00,0.00000e+00,-2.31822e-32,-5.47545e-31,-9.79217e-34,-2.93596e-32,-1.70931e-32,-3.18429e-29,-7.13283e-28,-1.41434e-30,-4.05141e-29,-2.33749e-29
0.00000e+00,0.00000e+00,0.00000e+00,0.00000e+00,0.00000e+00,0.00000e+00,0.00000e+00,0.00000e+00,0.00000e+00,0.00000e+00,-1.70931e-32,-4.01294e-31,-7.25829e-34,-2.31822e-32,-1.12121e-32,-2.33749e-29,-5.20091e-28,-1.04433e-30,-3.18429e-29,-1.52745e-29
0.00000e+00,0.00000e+00,0.00000e+00,0.00000e+00,0.00000e+00,0.00000e+00,0.00000e+00,0.00000e+00,0.00000e+00,0.00000e+00,-1.12121e-32,-2.61918e-31,-4.78167e-34,-1.70931e-32,-5.54427e-33,-1.52745e-29,-3.37974e-28,-6.85726e-31,-2.33749e-29,-7.53120e-30
0.00000e+00,0.00000e+00,0.00000e+00,0.00000e+00,0.00000e+00,0.00000e+00,0.00000e+00,0.00000e+00,0.00000e+00,0.00000e+00,-5.54427e-33,-1.29086e-31,-2.37131e-34,-1.12121e-32,-6.73207e-36,-7.53120e-30,-1.66027e-28,-3.39185e-31,-1.52745e-29,-1.95755e-33
0.00000e+00,0.00000e+00,0.00000e+00,0.00000e+00,0.00000e+00,0.00000e+00,0.00000e+00,0.00000e+00,0.00000e+00,0.00000e+00,-6.73207e-36,-1.46916e-34,-3.04107e-37,-5.54427e-33,5.53098e-33,-1.95755e-33,-3.85066e-32,-9.77278e-35,-7.53120e-30,7.52737e-30
0.00000e+00,0.00000e+00,0.00000e+00,0.00000e+00,0.00000e+00,0.00000e+00,0.00000e+00,0.00000e+00,0.00000e+00,0.00000e+00,5.53098e-33,1.28796e-31,2.36531e-34,-6.73207e-36,1.11994e-32,7.52737e-30,1.65951e-28,3.38994e-31,-1.95755e-33,1.52709e-29
0.00000e+00,0.00000e+00,0.00000e+00,0.00000e+00,0.00000e+00,0.00000e+00,0.00000e+00,0.00000e+00,0.00000e+00,0.00000e+00,1.11994e-32,2.61640e-31,4.77596e-34,5.53098e-33,1.70816e-32,1.52709e-29,3.37904e-28,6.85549e-31,7.52737e-30,2.33718e-29
0.00000e+00,0.00000e+00,0.00000e+00,0.00000e+00,0.00000e+00,0.00000e+00,0.00000e+00,0.00000e+00,0.00000e+00,0.00000e+00,1.70816e-32,4.01042e-31,7.25315e-34,1.11994e-32,2.31728e-32,2.33718e-29,5.20029e-28,1.04418e-30,1.52709e-29,3.18405e-29
0.00000e+00,0.00000e+00,0.00000e+00,0.00000e+00,0.00000e+00,0.00000e+00,0.00000e+00,0.00000e+00,0.00000e+00,0.00000e+00,2.31728e-32,5.47337e-31,9.78800e-34,1.70816e-32,2.93534e-32,3.18405e-29,7.13236e-28,1.41423e-30,2.33718e-29,4.05128e-29
0.00000e+00,0.00000e+00,0.00000e+00,0.00000e+00,0.00000e+00,0.00000e+00,0.00000e+00,0.00000e+00,0.00000e+00,0.00000e+00,2.93534e-32,6.97796e-31,1.23290e-33,2.31728e-32,3.53835e-32,4.05128e-29,9.14016e-28,1.78818e-30,3.18405e-29,4.90379e-29
0.00000e+00,0.00000e+00,0.00000e+00,0.00000e+00,0.00000e+00,0.00000e+00,0.00000e+00,0.00000e+00,0.00000e+00,0.00000e+00,3.53835e-32,8.46407e-31,1.47805e-33,2.93534e-32,4.09215e-32,4.90379e-29,1.11404e-27,2.15135e-30,4.05128e-29,5.69048e-29
0.00000e+00,0.00000e+00,0.00000e+00,0.00000e+00,0.00000e+00,0.00000e+00,0.00000e+00,0.00000e+00,0.00000e+00,0.00000e+00,4.09215e-32,9.84325e-31,1.70104e-33,3.53835e-32,4.55692e-32,5.69048e-29,1.30073e-27,2.48300e-30,4.90379e-29,6.35089e-29
0.00000e+00,0.00000e+00,0.00000e+00,0.00000e+00,0.00000e+00,0.00000e+00,0.00000e+00,0.00000e+00,0.00000e+00,0.00000e+00,4.55692e-32,1.10103e-30,1.88678e-33,4.09215e-32,4.89355e-32,6.35089e-29,1.45889e-27,2.75911e-30,5.69048e-29,6.81707e-29
0.00000e+00,0.00000e+00,0.00000e+00,0.00000e+00,0.00000e+00,0.00000e+00,0.00000e+00,0.00000e+00,0.00000e+00,0.00000e+00,4.89355e-32,1.18607e-30,2.02057e-33,4.55692e-32,5.02521e-32,6.81707e-29,1.57127e-27,2.95285e-30,6.35089e-29,6.98299e-29
0.00000e+00,0.00000e+00,0.00000e+00,0.00000e+00,0.00000e+00,0.00000e+00,0.00000e+00,0.00000e+00,0.00000e+00,0.00000e+00,-2.01970e-33,-4.89161e-32,-8.34493e-35,-2.07171e-33,-1.88625e-33,-2.95262e-30,-6.81660e-29,-1.27703e-31,-3.02124e-30,-2.75895e-30
0.00000e+00,0.00000e+00,0.00000e+00,0.00000e+00,0.00000e+00,0.00000e+00,0.00000e+00,0.00000e+00,0.00000e+00,0.00000e+00,-1.88625e-33,-4.55576e-32,-7.81273e-35,-2.01970e-33,-1.70084e-33,-2.75895e-30,-6.35055e-29,-1.19641e-31,-2.95262e-30,-2.48292e-30
0.00000e+00,0.00000e+00,0.00000e+00,0.00000e+00,0.00000e+00,0.00000e+00,0.00000e+00,0.00000e+00,0.00000e+00,0.00000e+00,-1.70084e-33,-4.09170e-32,-7.06948e-35,-1.88625e-33,-1.47811e-33,-2.48292e-30,-5.69032e-29,-1.08087e-31,-2.75895e-30,-2.15134e-30
0.00000e+00,0.00000e+00,0.00000e+00,0.00000e+00,0.00000e+00,0.00000e+00,0.00000e+00,0.00000e+00,0.00000e+00,0.00000e+00,-1.47811e-33,-3.53850e-32,-6.17033e-35,-1.70084e-33,-1.23317e-33,-2.15134e-30,-4.90379e-29,-9.41005e-32,-2.48292e-30,-1.78825e-30
0.00000e+00,0.00000e+00,0.00000e+00,0.00000e+00,0.00000e+00,0.00000e+00,0.00000e+00,0.00000e+00,0.00000e+00,0.00000e+00,-1.23317e-33,-2.93596e-32,-5.17279e-35,-1.47811e-33,-9.79217e-34,-1.78825e-30,-4.05141e-29,-7.86382e-32,-2.15134e-30,-1.41434e-30
0.00000e+00,0.00000e+00,0.00000e+00,0.00000e+00,0.00000e+00,0.00000e+00,0.00000e+00,0.00000e+00,0.00000e+00,0.00000e+00,-9.79217e-34,-2.31822e-32,-4.12793e-35,-1.23317e-33,-7.25829e-34,-1.41434e-30,-3.18429e-29,-6.25383e-32,-1.78825e-30,-1.04433e-30
0.00000e+00,0.00000e+00,0.00000e+00,0.00000e+00,0.00000e+00,0.00000e+00,0.00000e+00,0.00000e+00,0.00000e+00,0.00000e+00,-7.25829e-34,-1.70931e-32,-3.07388e-35,-9.79217e-34,-4.78167e-34,-1.04433e-30,-2.33749e-29,-4.64145e-32,-1.41434e-30,-6.85726e-31
0.00000e+00,0.00000e+00,0.00000e+00,0.00000e+00,0.00000e+00,0.00000e+00,0.00000e+00,0.00000e+00,0.00000e+00,0.00000e+00,-4.78167e-34,-1.12121e-32,-2.03269e-35,-7.25829e-34,-2.37131e-34,-6.85726e-31,-1.52745e-29,-3.06046e-32,-1.04433e-30,-3.39185e-31
0.00000e+00,0.00000e+00,0.00000e+00,0.00000e+00,0.00000e+00,0.00000e+00,0.00000e+00,0.00000e+00,0.00000e+00,0.00000e+00,-2.37131e-34,-5.54427e-33,-1.01057e-35,-4.78167e-34,-3.04107e-37,-3.39185e-31,-7.53120e-30,-1.51802e-32,-6.85726e-31,-9.77278e-35
0.00000e+00,0.00000e+00,0.00000e+00,0.00000e+00,0.00000e+00,0.00000e+00,0.00000e+00,0.00000e+00,0.00000e+00,0.00000e+00,-3.04107e-37,-6.73207e-36,-1.36364e-38,-2.37131e-34,2.36531e-34,-9.77278e-35,-1.95755e-33,-4.79659e-36,-3.39185e-31,3.38994e-31
0.00000e+00,0.00000e+00,0.00000e+00,0.00000e+00,0.00000e+00,0.00000e+00,0.00000e+00,0.00000e+00,0.00000e+00,0.00000e+00,2.36531e-34,5.53098e-33,1.00788e-35,-3.04107e-37,4.77596e-34,3.38994e-31,7.52737e-30,1.51708e-32,-9.77278e-35,6.85549e-31
0.00000e+00,0.00000e+00,0.00000e+00,0.00000e+00,0.00000e+00,0.00000e+00,0.00000e+00,0.00000e+00,0.00000e+00,0.00000e+00,4.77596e-34,1.11994e-32,2.03014e-35,2.36531e-34,7.25315e-34,6.85549e-31,1.52709e-29,3.05960e-32,3.38994e-31,1.04418e-30
0.00000e+00,0.00000e+00,0.00000e+00,0.00000e+00,0.00000e+00,0.00000e+00,0.00000e+00,0.00000e+00,0.00000e+00,0.00000e+00,7.25315e-34,1.70816e-32,3.07160e-35,4.77596e-34,9.78800e-34,1.04418e-30,2.33718e-29,4.64071e-32,6.85549e-31,1.41423e-30
0.00000e+00,0.00000e+00,0.00000e+00,0.00000e+00,0.00000e+00,0.00000e+00,0.00000e+00,0.00000e+00,0.00000e+00,0.00000e+00,9.78800e-34,2.31728e-32,4.12609e-35,7.25315e-34,1.23290e-33,1.41423e-30,3.18405e-29,6.25328e-32,1.04418e-30,1.78818e-30
0.00000e+00,0.00000e+00,0.00000e+00,0.00000e+00,0.00000e+00,0.00000e+00,0.00000e+00,0.00000e+00,0.00000e+00,0.00000e+00,1.23290e-33,2.93534e-32,5.17162e-35,9.78800e-34,1.47805e-33,1.78818e-30,4.05128e-29,7.86353e-32,1.41423e-30,2.15135e-30
0.00000e+00,0.00000e+00,0.00000e+00,0.00000e+00,0.00000e+00,0.00000e+00,0.00000e+00,0.00000e+00,0.00000e+00,0.00000e+00,1.47805e-33,3.53835e-32,6.17008e-35,1.23290e-33,1.70104e-33,2.15135e-30,4.90379e-29,9.41009e-32,1.78818e-30,2.48300e-30
0.00000e+00,0.00000e+00,0.00000e+00,0.00000e+00,0.00000e+00,0.00000e+00,0.00000e+00,0.00000e+00,0.00000e+00,0.00000e+00,1.70104e-33,4.09215e-32,7.07040e-35,1.47805e-33,1.88678e-33,2.48300e-30,5.69048e-29,1.08091e-31,2.15135e-30,2.75911e-30
0.00000e+00,0.00000e+00,0.00000e+00,0.00000e+00,0.00000e+00,0.00000e+00,0.00000e+00,0.00000e+00,0.00000e+00,0.00000e+00,1.88678e-33,4.55692e-32,7.81505e-35,1.70104e-33,2.02057e-33,2.75911e-30,6.35089e-29,1.19649e-31,2.48300e-30,2.95285e-30
0.00000e+00,0.00000e+00,0.00000e+00,0.00000e+00,0.00000e+00,0.00000e+00,0.00000e+00,0.00000e+00,0.00000e+00,0.00000e+00,2.02057e-33,4.89355e-32,8.34877e-35,1.88678e-33,2.07276e-33,2.95285e-30,6.81707e-29,1.27715e-31,2.75911e-30,3.02150e-30
0.00000e+00,0.00000e+00,0.00000e+00,0.00000e+00,0.00000e+00,0.00000e+00,0.00000e+00,0.00000e+00,0.00000e+00,0.00000e+00,-8.34493e-35,-2.01970e-33,-3.45005e-36,-8.55182e-35,-7.81273e-35,-1.27703e-31,-2.95262e-30,-5.51575e-33,-1.30549e-31,-1.19641e-31
0.00000e+00,0.00000e+00,0.00000e+00,0.00000e+00,0.00000e+00,0.00000e+00,0.00000e+00,0.00000e+00,0.00000e+00,0.00000e+00,-7.81273e-35,-1.88625e-33,-3.23708e-36,-8.34493e-35,-7.06948e-35,-1.19641e-31,-2.75895e-30,-5.17954e-33,-1.27703e-31,-1.08087e-31
0.00000e+00,0.00000e+00,0.00000e+00,0.00000e+00,0.00000e+00,0.00000e+00,0.00000e+00,0.00000e+00,0.00000e+00,0.00000e+00,-7.06948e-35,-1.70084e-33,-2.93823e-36,-7.81273e-35,-6.17033e-35,-1.08087e-31,-2.48292e-30,-4.69530e-33,-1.19641e-31,-9.41005e-32
0.00000e+00,0.00000e+00,0.00000e+00,0.00000e+00,0.00000e+00,0.00000e+00,0.00000e+00,0.00000e+00,0.00000e+00,0.00000e+00,-6.17033e-35,-1.47811e-33,-2.57435e-36,-7.06948e-35,-5.17279e-35,-9.41005e-32,-2.15134e-30,-4.10499e-33,-1.08087e-31,-7.86382e-32
0.00000e+00,0.00000e+00,0.00000e+00,0.00000e+00,0.00000e+00,0.00000e+00,0.00000e+00,0.00000e+00,0.00000e+00,0.00000e+00,-5.17279e-35,-1.23317e-33,-2.16738e-36,-6.17033e-35,-4.12793e-35,-7.86382e-32,-1.78825e-30,-3.44667e-33,-9.41005e-32,-6.25383e-32
0.00000e+00,0.00000e+00,0.00000e+00,0.00000e+00,0.00000e+00,0.00000e+00,0.00000e+00,0.00000e+00,0.00000e+00,0.00000e+00,-4.12793e-35,-9.79217e-34,-1.73712e-36,-5.17279e-35,-3.07388e-35,-6.25383e-32,-1.41434e-30,-2.75426e-33,-7.86382e-32,-4.64145e-32
0.00000e+00,0.00000e+00,0.00000e+00,0.00000e+00,0.00000e+00,0.00000e+00,0.00000e+00,0.00000e+00,0.00000e+00,0.00000e+00,-3.07388e-35,-7.25829e-34,-1.29878e-36,-4.12793e-35,-2.03269e-35,-4.64145e-32,-1.04433e-30,-2.05331e-33,-6.25383e-32,-3.06046e-32
0.00000e+00,0.00000e+00,0.00000e+00,0.00000e+00,0.00000e+00,0.00000e+00,0.00000e+00,0.00000e+00,0.00000e+00,0.00000e+00,-2.03269e-35,-4.78167e-34,-8.61685e-37,-3.07388e-35,-1.01057e-35,-3.06046e-32,-6.85726e-31,-1.35887e-33,-4.64145e-32,-1.51802e-32
0.00000e+00,0.00000e+00,0.00000e+00,0.00000e+00,0.00000e+00,0.00000e+00,0.00000e+00,0.00000e+00,0.00000e+00,0.00000e+00,-1.01057e-35,-2.37131e-34,-4.29333e-37,-2.03269e-35,-1.36364e-38,-1.51802e-32,-3.39185e-31,-6.75639e-34,-3.06046e-32,-4.79659e-36
0.00000e+00,0.00000e+00,0.00000e+00,0.00000e+00,0.00000e+00,0.00000e+00,0.00000e+00,0.00000e+00,0.00000e+00,0.00000e+00,-1.36364e-38,-3.04107e-37,-6.11561e-40,-1.01057e-35,1.00788e-35,-4.79659e-36,-9.77278e-35,-2.31858e-37,-1.51802e-32,1.51708e-32
0.00000e+00,0.00000e+00,0.00000e+00,0.00000e+00,0.00000e+00,0.00000e+00,0.00000e+00,0.00000e+00,0.00000e+00,0.00000e+00,1.00788e-35,2.36531e-34,4.28130e-37,-1.36364e-38,2.03014e-35,1.51708e-32,3.38994e-31,6.75187e-34,-4.79659e-36,3.05960e-32
0.00000e+00,0.00000e+00,0.00000e+00,0.00000e+00,0.00000e+00,0.00000e+00,0.00000e+00,0.00000e+00,0.00000e+00,0.00000e+00,2.03014e-35,4.77596e-34,8.60549e-37,1.00788e-35,3.07160e-35,3.05960e-32,6.85549e-31,1.35845e-33,1.51708e-32,4.64071e-32
0.00000e+00,0.00000e+00,0.00000e+00,0.00000e+00,0.00000e+00,0.00000e+00,0.00000e+00,0.00000e+00,0.00000e+00,0.00000e+00,3.07160e-35,7.25315e-34,1.29777e-36,2.03014e-35,4.12609e-35,4.64071e-32,1.04418e-30,2.05296e-33,3.05960e-32,6.25328e-32
0.00000e+00,0.00000e+00,0.00000e+00,0.00000e+00,0.00000e+00,0.00000e+00,0.00000e+00,0.00000e+00,0.00000e+00,0.00000e+00,4.12609e-35,9.78800e-34,1.73632e-36,3.07160e-35,5.17162e-35,6.25328e-32,1.41423e-30,2.75400e-33,4.64071e-32,7.86353e-32
0.00000e+00,0.00000e+00,0.00000e+00,0.00000e+00,0.00000e+00,0.00000e+00,0.00000e+00,0.00000e+00,0.00000e+00,0.00000e+00,5.17162e-35,1.23290e-33,2.16687e-36,4.12609e-35,6.17008e-35,7.86353e-32,1.78818e-30,3.44654e-33,6.25328e-32,9.41009e-32
0.00000e+00,0.00000e+00,0.00000e+00,0.00000e+00,0.00000e+00,0.00000e+00,0.00000e+00,0.00000e+00,0.00000e+00,0.00000e+00,6.17008e-35,1.47805e-33,2.57425e-36,5.17162e-35,7.07040e-35,9.41009e-32,2.15135e-30,4.10502e-33,7.86353e-32,1.08091e-31
0.00000e+00,0.00000e+00,0.00000e+00,0.00000e+00,0.00000e+00,0.00000e+00,0.00000e+00,0.00000e+00,0.00000e+00,0.00000e+00,7.07040e-35,1.70104e-33,2.93865e-36,6.17008e-35,7.81505e-35,1.08091e-31,2.48300e-30,4.69550e-33,9.41009e-32,1.19649e-31
0.00000e+00,0.00000e+00,0.00000e+00,0.00000e+00,0.00000e+00,0.00000e+00,0.00000e+00,0.00000e+00,0.00000e+00,0.00000e+00,7.81505e-35,1.88678e-33,3.23810e-36,7.07040e-35,8.34877e-35,1.19649e-31,2.75911e-30,5.17993e-33,1.08091e-31,1.27715e-31
0.00000e+00,0.00000e+00,0.00000e+00,0.00000e+00,0.00000e+00,0.00000e+00,0.00000e+00,0.00000e+00,0.00000e+00,0.00000e+00,8.34877e-35,2.02057e-33,3.45175e-36,7.81505e-35,8.55644e-35,1.27715e-31,2.95285e-30,5.51628e-33,1.19649e-31,1.30562e-31
0.00000e+00,0.00000e+00,0.00000e+00,0.00000e+00,0.00000e+00,0.00000e+00,0.00000e+00,0.00000e+00,0.00000e+00,0.00000e+00,-3.45005e-36,-8.34493e-35,-1.42713e-37,-3.53264e-36,-3.23708e-36,-5.51575e-33,-1.27703e-31,-2.37934e-34,-5.63401e-33,-5.17954e-33
0.00000e+00,0.00000e+00,0.00000e+00,0.00000e+00,0.00000e+00,0.00000e+00,0.00000e+00,0.00000e+00,0.00000e+00,0.00000e+00,-3.23708e-36,-7.81273e-35,-1.34164e-37,-3.45005e-36,-2.93823e-36,-5.17954e-33,-1.19641e-31,-2.23892e-34,-5.51575e-33,-4.69530e-33
0.00000e+00,0.00000e+00,0.00000e+00,0.00000e+00,0.00000e+00,0.00000e+00,0.00000e+00,0.00000e+00,0.00000e+00,0.00000e+00,-2.93823e-36,-7.06948e-35,-1.22114e-37,-3.23708e-36,-2.57435e-36,-4.69530e-33,-1.08087e-31,-2.03573e-34,-5.17954e-33,-4.10499e-33
0.00000e+00,0.00000e+00,0.00000e+00,0.00000e+00,0.00000e+00,0.00000e+00,0.00000e+00,0.00000e+00,0.00000e+00,0.00000e+00,-2.57435e-36,-6.17033e-35,-1.07353e-37,-2.93823e-36,-2.16738e-36,-4.10499e-33,-9.41005e-32,-1.78643e-34,-4.69530e-33,-3.44667e-33
0.00000e+00,0.00000e+00,0.00000e+00,0.00000e+00,0.00000e+00,0.00000e+00,0.00000e+00,0.00000e+00,0.00000e+00,0.00000e+00,-2.16738e-36,-5.17279e-35,-9.07228e-38,-2.57435e-36,-1.73712e-36,-3.44667e-33,-7.86382e-32,-1.50617e-34,-4.10499e-33,-2.75426e-33
0.00000e+00,0.00000e+00,0.00000e+00,0.00000e+00,0.00000e+00,0.00000e+00,0.00000e+00,0.00000e+00,0.00000e+00,0.00000e+00,-1.73712e-36,-4.12793e-35,-7.29918e-38,-2.16738e-36,-1.29878e-36,-2.75426e-33,-6.25383e-32,-1.20870e-34,-3.44667e-33,-2.05331e-33
0.00000e+00,0.00000e+00,0.00000e+00,0.00000e+00,0.00000e+00,0.00000e+00,0.00000e+00,0.00000e+00,0.00000e+00,0.00000e+00,-1.29878e-36,-3.07388e-35,-5.47665e-38,-1.73712e-36,-8.61685e-37,-2.05331e-33,-4.64145e-32,-9.04627e-35,-2.75426e-33,-1.35887e-33
0.00000e+00,0.00000e+00,0.00000e+00,0.00000e+00,0.00000e+00,0.00000e+00,0.00000e+00,0.00000e+00,0.00000e+00,0.00000e+00,-8.61685e-37,-2.03269e-35,-3.64399e-38,-1.29878e-36,-4.29333e-37,-1.35887e-33,-3.06046e-32,-6.00588e-35,-2.05331e-33,-6.75639e-34
0.00000e+00,0.00000e+00,0.00000e+00,0.00000e+00,0.00000e+00,0.00000e+00,0.00000e+00,0.00000e+00,0.00000e+00,0.00000e+00,-4.29333e-37,-1.01057e-35,-1.81910e-38,-8.61685e-37,-6.11561e-40,-6.75639e-34,-1.51802e-32,-2.99244e-35,-1.35887e-33,-2.31858e-37
0.00000e+00,0.00000e+00,0.00000e+00,0.00000e+00,0.00000e+00,0.00000e+00,0.00000e+00,0.00000e+00,0.00000e+00,0.00000e+00,-6.11561e-40,-1.36364e-38,-2.76310e-41,-4.29333e-37,4.28130e-37,-2.31858e-37,-4.79659e-36,-1.10634e-38,-6.75639e-34,6.75187e-34
0.00000e+00,0.00000e+00,0.00000e+00,0.00000e+00,0.00000e+00,0.00000e+00,0.00000e+00,0.00000e+00,0.00000e+00,0.00000e+00,4.28130e-37,1.00788e-35,1.81368e-38,-6.11561e-40,8.60549e-37,6.75187e-34,1.51708e-32,2.99029e-35,-2.31858e-37,1.35845e-33
0.00000e+00,0.00000e+00,0.00000e+00,0.00000e+00,0.00000e+00,0.00000e+00,0.00000e+00,0.00000e+00,0.00000e+00,0.00000e+00,8.60549e-37,2.03014e-35,3.63889e-38,4.28130e-37,1.29777e-36,1.35845e-33,3.05960e-32,6.00390e-35,6.75187e-34,2.05296e-33
0.00000e+00,0.00000e+00,0.00000e+00,0.00000e+00,0.00000e+00,0.00000e+00,0.00000e+00,0.00000e+00,0.00000e+00,0.00000e+00,1.29777e-36,3.07160e-35,5.47215e-38,8.60549e-37,1.73632e-36,2.05296e-33,4.64071e-32,9.04460e-35,1.35845e-33,2.75400e-33
0.00000e+00,0.00000e+00,0.00000e+00,0.00000e+00,0.00000e+00,0.00000e+00,0.00000e+00,0.00000e+00,0.00000e+00,0.00000e+00,1.73632e-36,4.12609e-35,7.29562e-38,1.29777e-36,2.16687e-36,2.75400e-33,6.25328e-32,1.20858e-34,2.05296e-33,3.44654e-33
0.00000e+00,0.00000e+00,0.00000e+00,0.00000e+00,0.00000e+00,0.00000e+00,0.00000e+00,0.00000e+00,0.00000e+00,0.00000e+00,2.16687e-36,5.17162e-35,9.07007e-38,1.73632e-36,2.57425e-36,3.44654e-33,7.86353e-32,1.50611e-34,2.75400e-33,4.10502e-33
0.00000e+00,0.00000e+00,0.00000e+00,0.00000e+00,0.00000e+00,0.00000e+00,0.00000e+00,0.00000e+00,0.00000e+00,0.00000e+00,2.57425e-36,6.17008e-35,1.07349e-37,2.16687e-36,2.93865e-36,4.10502e-33,9.41009e-32,1.78644e-34,3.44654e-33,4.69550e-33
0.00000e+00,0.00000e+00,0.00000e+00,0.00000e+00,0.00000e+00,0.00000e+00,0.00000e+00,0.00000e+00,0.00000e+00,0.00000e+00,2.93865e-36,7.07040e-35,1.22132e-37,2.57425e-36,3.23810e-36,4.69550e-33,1.08091e-31,2.03582e-34,4.10502e-33,5.17993e-33
0.00000e+00,0.00000e+00,0.00000e+00,0.00000e+00,0.00000e+00,0.00000e+00,0.00000e+00,0.00000e+00,0.00000e+00,0.00000e+00,3.23810e-36,7.81505e-35,1.34209e-37,2.93865e-36,3.45175e-36,5.17993e-33,1.19649e-31,2.23910e-34,4.69550e-33,5.51628e-33
0.00000e+00,0.00000e+00,0.00000e+00,0.00000e+00,0.00000e+00,0.00000e+00,0.00000e+00,0.00000e+00,0.00000e+00,0.00000e+00,3.45175e-36,8.34877e-35,1.42789e-37,3.23810e-36,3.53468e-36,5.51628e-33,1.27715e-31,2.37960e-34,5.17993e-33,5.63461e-33
0.00000e+00,0.00000e+00,0.00000e+00,0.00000e+00,0.00000e+00,0.00000e+00,0.00000e+00,0.00000e+00,0.00000e+00,0.00000e+00,-1.42713e-37,-3.45005e-36,-5.90626e-39,-1.46021e-37,-1.34164e-37,-2.37934e-34,-5.51575e-33,-1.02518e-35,-2.42859e-34,-2.23892e-34
0.00000e+00,0.00000e+00,0.00000e+00,0.00000e+00,0.00000e+00,0.00000e+00,0.00000e+00,0.00000e+00,0.00000e+00,0.00000e+00,-1.34164e-37,-3.23708e-36,-5.56205e-39,-1.42713e-37,-1.22114e-37,-2.23892e-34,-5.17954e-33,-9.66432e-36,-2.37934e-34,-2.03573e-34
0.00000e+00,0.00000e+00,0.00000e+00,0.00000e+00,0.00000e+00,0.00000e+00,0.00000e+00,0.00000e+00,0.00000e+00,0.00000e+00,-1.22114e-37,-2.93823e-36,-5.07490e-39,-1.34164e-37,-1.07353e-37,-2.03573e-34,-4.69530e-33,-8.81076e-36,-2.23892e-34,-1.78643e-34
0.00000e+00,0.00000e+00,0.00000e+00,0.00000e+00,0.00000e+00,0.00000e+00,0.00000e+00,0.00000e+00,0.00000e+00,0.00000e+00,-1.07353e-37,-2.57435e-36,-4.47488e-39,-1.22114e-37,-9.07228e-38,-1.78643e-34,-4.10499e-33,-7.75726e-36,-2.03573e-34,-1.50617e-34
0.00000e+00,0.00000e+00,0.00000e+00,0.00000e+00,0.00000e+00,0.00000e+00,0.00000e+00,0.00000e+00,0.00000e+00,0.00000e+00,-9.07228e-38,-2.16738e-36,-3.79425e-39,-1.07353e-37,-7.29918e-38,-1.50617e-34,-3.44667e-33,-6.56429e-36,-1.78643e-34,-1.20870e-34
0.00000e+00,0.00000e+00,0.00000e+00,0.00000e+00,0.00000e+00,0.00000e+00,0.00000e+00,0.00000e+00,0.00000e+00,0.00000e+00,-7.29918e-38,-1.73712e-36,-3.06300e-39,-9.07228e-38,-5.47665e-38,-1.20870e-34,-2.75426e-33,-5.28747e-36,-1.50617e-34,-9.04627e-35
0.00000e+00,0.00000e+00,0.00000e+00,0.00000e+00,0.00000e+00,0.00000e+00,0.00000e+00,0.00000e+00,0.00000e+00,0.00000e+00,-5.47665e-38,-1.29878e-36,-2.30535e-39,-7.29918e-38,-3.64399e-38,-9.04627e-35,-2.05331e-33,-3.97091e-36,-1.20870e-34,-6.00588e-35
0.00000e+00,0.00000e+00,0.00000e+00,0.00000e+00,0.00000e+00,0.00000e+00,0.00000e+00,0.00000e+00,0.00000e+00,0.00000e+00,-3.64399e-38,-8.61685e-37,-1.53779e-39,-5.47665e-38,-1.81910e-38,-6.00588e-35,-1.35887e-33,-2.64367e-36,-9.04627e-35,-2.99244e-35
0.00000e+00,0.00000e+00,0.00000e+00,0.00000e+00,0.00000e+00,0.00000e+00,0.00000e+00,0.00000e+00,0.00000e+00,0.00000e+00,-1.81910e-38,-4.29333e-37,-7.68977e-40,-3.64399e-38,-2.76310e-41,-2.99244e-35,-6.75639e-34,-1.31963e-36,-6.00588e-35,-1.10634e-38
0.00000e+00,0.00000e+00,0.00000e+00,0.00000e+00,0.00000e+00,0.00000e+00,0.00000e+00,0.00000e+00,0.00000e+00,0.00000e+00,-2.76310e-41,-6.11561e-40,-1.26486e-42,-1.81910e-38,1.81368e-38,-1.10634e-38,-2.31858e-37,-5.22535e-40,-2.99244e-35,2.99029e-35
0.00000e+00,0.00000e+00,0.00000e+00,0.00000e+00,0.00000e+00,0.00000e+00,0.00000e+00,0.00000e+00,0.00000e+00,0.00000e+00,1.81368e-38,4.28130e-37,7.66499e-40,-2.76310e-41,3.63889e-38,2.99029e-35,6.75187e-34,1.31861e-36,-1.10634e-38,6.00390e-35
0.00000e+00,0.00000e+00,0.00000e+00,0.00000e+00,0.00000e+00,0.00000e+00,0.00000e+00,0.00000e+00,0.00000e+00,0.00000e+00,3.63889e-38,8.60549e-37,1.53547e-39,1.81368e-38,5.47215e-38,6.00390e-35,1.35845e-33,2.64274e-36,2.99029e-35,9.04460e-35
0.00000e+00,0.00000e+00,0.00000e+00,0.00000e+00,0.00000e+00,0.00000e+00,0.00000e+00,0.00000e+00,0.00000e+00,0.00000e+00,5.47215e-38,1.29777e-36,2.30332e-39,3.63889e-38,7.29562e-38,9.04460e-35,2.05296e-33,3.97013e-36,6.00390e-35,1.20858e-34
0.00000e+00,0.00000e+00,0.00000e+00,0.00000e+00,0.00000e+00,0.00000e+00,0.00000e+00,0.00000e+00,0.00000e+00,0.00000e+00,7.29562e-38,1.73632e-36,3.06141e-39,5.47215e-38,9.07007e-38,1.20858e-34,2.75400e-33,5.28690e-36,9.04460e-35,1.50611e-34
0.00000e+00,0.00000e+00,0.00000e+00,0.00000e+00,0.00000e+00,0.00000e+00,0.00000e+00,0.00000e+00,0.00000e+00,0.00000e+00,9.07007e-38,2.16687e-36,3.79327e-39,7.29562e-38,1.07349e-37,1.50611e-34,3.44654e-33,6.56402e-36,1.20858e-34,1.78644e-34
0.00000e+00,0.00000e+00,0.00000e+00,0.00000e+00,0.00000e+00,0.00000e+00,0.00000e+00,0.00000e+00,0.00000e+00,0.00000e+00,1.07349e-37,2.57425e-36,4.47472e-39,9.07007e-38,1.22132e-37,1.78644e-34,4.10502e-33,7.75733e-36,1.50611e-34,2.03582e-34
0.00000e+00,0.00000e+00,0.00000e+00,0.00000e+00,0.00000e+00,0.00000e+00,0.00000e+00,0.00000e+00,0.00000e+00,0.00000e+00,1.22132e-37,2.93865e-36,5.07576e-39,1.07349e-37,1.34209e-37,2.03582e-34,4.69550e-33,8.81122e-36,1.78644e-34,2.23910e-34
0.00000e+00,0.00000e+00,0.00000e+00,0.00000e+00,0.00000e+00,0.00000e+00,0.00000e+00,0.00000e+00,0.00000e+00,0.00000e+00,1.34209e-37,3.23810e-36,5.56411e-39,1.22132e-37,1.42789e-37,2.23910e-34,5.17993e-33,9.66517e-36,2.03582e-34,2.37960e-34
0.00000e+00,0.00000e+00,0.00000e+00,0.00000e+00,0.00000e+00,0.00000e+00,0.00000e+00,0.00000e+00,0.00000e+00,0.00000e+00,1.42789e-37,3.45175e-36,5.90965e-39,1.34209e-37,1.46112e-37,2.37960e-34,5.51628e-33,1.02529e-35,2.23910e-34,2.42887e-34
0.00000e+00,0.00000e+00,0.00000e+00,0.00000e+00,0.00000e+00,0.00000e+00,0.00000e+00,0.00000e+00,0.00000e+00,0.00000e+00,-5.90626e-39,-1.42713e-37,-2.44537e-40,-6.03916e-39,-5.56205e-39,-1.02518e-35,-2.37934e-34,-4.41227e-37,-1.04572e-35,-9.66432e-36
0.00000e+00,0.00000e+00,0.00000e+00,0.00000e+00,0.00000e+00,0.00000e+00,0.00000e+00,0.00000e+00,0.00000e+00,0.00000e+00,-5.56205e-39,-1.34164e-37,-2.30642e-40,-5.90626e-39,-5.07490e-39,-9.66432e-36,-2.23892e-34,-4.16616e-37,-1.02518e-35,-8.81076e-36
0.00000e+00,0.00000e+00,0.00000e+00,0.00000e+00,0.00000e+00,0.00000e+00,0.00000e+00,0.00000e+00,0.00000e+00,0.00000e+00,-5.07490e-39,-1.22114e-37,-2.10901e-40,-5.56205e-39,-4.47488e-39,-8.81076e-36,-2.03573e-34,-3.80721e-37,-9.66432e-36,-7.75726e-36
0.00000e+00,0.00000e+00,0.00000e+00,0.00000e+00,0.00000e+00,0.00000e+00,0.00000e+00,0.00000e+00,0.00000e+00,0.00000e+00,-4.47488e-39,-1.07353e-37,-1.86461e-40,-5.07490e-39,-3.79425e-39,-7.75726e-36,-1.78643e-34,-3.36176e-37,-8.81076e-36,-6.56429e-36
0.00000e+00,0.00000e+00,0.00000e+00,0.00000e+00,0.00000e+00,0.00000e+00,0.00000e+00,0.00000e+00,0.00000e+00,0.00000e+00,-3.79425e-39,-9.07228e-38,-1.58565e-40,-4.47488e-39,-3.06300e-39,-6.56429e-36,-1.50617e-34,-2.85398e-37,-7.75726e-36,-5.28747e-36
0.00000e+00,0.00000e+00,0.00000e+00,0.00000e+00,0.00000e+00,0.00000e+00,0.00000e+00,0.00000e+00,0.00000e+00,0.00000e+00,-3.06300e-39,-7.29918e-38,-1.28387e-40,-3.79425e-39,-2.30535e-39,-5.28747e-36,-1.20870e-34,-2.30639e-37,-6.56429e-36,-3.97091e-36
0.00000e+00,0.00000e+00,0.00000e+00,0.00000e+00,0.00000e+00,0.00000e+00,0.00000e+00,0.00000e+00,0.00000e+00,0.00000e+00,-2.30535e-39,-5.47665e-38,-9.68942e-41,-3.06300e-39,-1.53779e-39,-3.97091e-36,-9.04627e-35,-1.73733e-37,-5.28747e-36,-2.64367e-36
0.00000e+00,0.00000e+00,0.00000e+00,0.00000e+00,0.00000e+00,0.00000e+00,0.00000e+00,0.00000e+00,0.00000e+00,0.00000e+00,-1.53779e-39,-3.64399e-38,-6.47774e-41,-2.30535e-39,-7.68977e-40,-2.64367e-36,-6.00588e-35,-1.15947e-37,-3.97091e-36,-1.31963e-36
0.00000e+00,0.00000e+00,0.00000e+00,0.00000e+00,0.00000e+00,0.00000e+00,0.00000e+00,0.00000e+00,0.00000e+00,0.00000e+00,-7.68977e-40,-1.81910e-38,-3.24414e-41,-1.53779e-39,-1.26486e-42,-1.31963e-36,-2.99244e-35,-5.79695e-38,-2.64367e-36,-5.22535e-40
0.00000e+00,0.00000e+00,0.00000e+00,0.00000e+00,0.00000e+00,0.00000e+00,0.00000e+00,0.00000e+00,0.00000e+00,0.00000e+00,-1.26486e-42,-2.76310e-41,-5.88356e-44,-7.68977e-40,7.66499e-40,-5.22535e-40,-1.10634e-38,-2.45011e-41,-1.31963e-36,1.31861e-36
0.00000e+00,0.00000e+00,0.00000e+00,0.00000e+00,0.00000e+00,0.00000e+00,0.00000e+00,0.00000e+00,0.00000e+00,0.00000e+00,7.66499e-40,1.81368e-38,3.23263e-41,-1.26486e-42,1.53547e-39,1.31861e-36,2.99029e-35,5.79218e-38,-5.22535e-40,2.64274e-36
0.00000e+00,0.00000e+00,0.00000e+00,0.00000e+00,0.00000e+00,0.00000e+00,0.00000e+00,0.00000e+00,0.00000e+00,0.00000e+00,1.53547e-39,3.63889e-38,6.46704e-41,7.66499e-40,2.30332e-39,2.64274e-36,6.00390e-35,1.15904e-37,1.31861e-36,3.97013e-36
0.00000e+00,0.00000e+00,0.00000e+00,0.00000e+00,0.00000e+00,0.00000e+00,0.00000e+00,0.00000e+00,0.00000e+00,0.00000e+00,2.30332e-39,5.47215e-38,9.68012e-41,1.53547e-39,3.06141e-39,3.97013e-36,9.04460e-35,1.73697e-37,2.64274e-36,5.28690e-36
0.00000e+00,0.00000e+00,0.00000e+00,0.00000e+00,0.00000e+00,0.00000e+00,0.00000e+00,0.00000e+00,0.00000e+00,0.00000e+00,3.06141e-39,7.29562e-38,1.28315e-40,2.30332e-39,3.79327e-39,5.28690e-36,1.20858e-34,2.30613e-37,3.97013e-36,6.56402e-36
0.00000e+00,0.00000e+00,0.00000e+00,0.00000e+00,0.00000e+00,0.00000e+00,0.00000e+00,0.00000e+00,0.00000e+00,0.00000e+00,3.79327e-39,9.07007e-38,1.58522e-40,3.06141e-39,4.47472e-39,6.56402e-36,1.50611e-34,2.85385e-37,5.28690e-36,7.75733e-36
0.00000e+00,0.00000e+00,0.00000e+00,0.00000e+00,0.00000e+00,0.00000e+00,0.00000e+00,0.00000e+00,0.00000e+00,0.00000e+00,4.47472e-39,1.07349e-37,1.86454e-40,3.79327e-39,5.07576e-39,7.75733e-36,1.78644e-34,3.36180e-37,6.56402e-36,8.81122e-36
0.00000e+00,0.00000e+00,0.00000e+00,0.00000e+00,0.00000e+00,0.00000e+00,0.00000e+00,0.00000e+00,0.00000e+00,0.00000e+00,5.07576e-39,1.22132e-37,2.10940e-40,4.47472e-39,5.56411e-39,8.81122e-36,2.03582e-34,3.80743e-37,7.75733e-36,9.66517e-36
0.00000e+00,0.00000e+00,0.00000e+00,0.00000e+00,0.00000e+00,0.00000e+00,0.00000e+00,0.00000e+00,0.00000e+00,0.00000e+00,5.56411e-39,1.34209e-37,2.30736e-40,5.07576e-39,5.90965e-39,9.66517e-36,2.23910e-34,4.16656e-37,8.81122e-36,1.02529e-35
0.00000e+00,0.00000e+00,0.00000e+00,0.00000e+00,0.00000e+00,0.00000e+00,0.00000e+00,0.00000e+00,0.00000e+00,0.00000e+00,5.90965e-39,1.42789e-37,2.44692e-40,5.56411e-39,6.04325e-39,1.02529e-35,2.37960e-34,4.41281e-37,9.66517e-36,1.04585e-35
0.00000e+00,0.00000e+00,0.00000e+00,0.00000e+00,0.00000e+00,0.00000e+00,0.00000e+00,0.00000e+00,0.00000e+00,0.00000e+00,-2.44537e-40,-5.90626e-39,-1.01284e-41,-2.49892e-40,-2.30642e-40,-4.41227e-37,-1.02518e-35,-1.89704e-38,-4.49814e-37,-4.16616e-37
0.00000e+00,0.00000e+00,0.00000e+00,0.00000e+00,0.00000e+00,0.00000e+00,0.00000e+00,0.00000e+00,0.00000e+00,0.00000e+00,-2.30642e-40,-5.56205e-39,-9.56605e-42,-2.44537e-40,-2.10901e-40,-4.16616e-37,-9.66432e-36,-1.79379e-38,-4.41227e-37,-3.80721e-37
0.00000e+00,0.00000e+00,0.00000e+00,0.00000e+00,0.00000e+00,0.00000e+00,0.00000e+00,0.00000e+00,0.00000e+00,0.00000e+00,-2.10901e-40,-5.07490e-39,-8.76427e-42,-2.30642e-40,-1.86461e-40,-3.80721e-37,-8.81076e-36,-1.64269e-38,-4.16616e-37,-3.36176e-37
0.00000e+00,0.00000e+00,0.00000e+00,0.00000e+00,0.00000e+00,0.00000e+00,0.00000e+00,0.00000e+00,0.00000e+00,0.00000e+00,-1.86461e-40,-4.47488e-39,-7.76698e-42,-2.10901e-40,-1.58565e-40,-3.36176e-37,-7.75726e-36,-1.45424e-38,-3.80721e-37,-2.85398e-37
0.00000e+00,0.00000e+00,0.00000e+00,0.00000e+00,0.00000e+00,0.00000e+00,0.00000e+00,0.00000e+00,0.00000e+00,0.00000e+00,-1.58565e-40,-3.79425e-39,-6.62224e-42,-1.86461e-40,-1.28387e-40,-2.85398e-37,-6.56429e-36,-1.23811e-38,-3.36176e-37,-2.30639e-37
0.00000e+00,0.00000e+00,0.00000e+00,0.00000e+00,0.00000e+00,0.00000e+00,0.00000e+00,0.00000e+00,0.00000e+00,0.00000e+00,-1.28387e-40,-3.06300e-39,-5.37600e-42,-1.58565e-40,-9.68942e-41,-2.30639e-37,-5.28747e-36,-1.00345e-38,-2.85398e-37,-1.73733e-37
0.00000e+00,0.00000e+00,0.00000e+00,0.00000e+00,0.00000e+00,0.00000e+00,0.00000e+00,0.00000e+00,0.00000e+00,0.00000e+00,-9.68942e-41,-2.30535e-39,-4.06708e-42,-1.28387e-40,-6.47774e-41,-1.73733e-37,-3.97091e-36,-7.57869e-39,-2.30639e-37,-1.15947e-37
0.00000e+00,0.00000e+00,0.00000e+00,0.00000e+00,0.00000e+00,0.00000e+00,0.00000e+00,0.00000e+00,0.00000e+00,0.00000e+00,-6.47774e-41,-1.53779e-39,-2.72434e-42,-9.68942e-41,-3.24414e-41,-1.15947e-37,-2.64367e-36,-5.06874e-39,-1.73733e-37,-5.79695e-38
0.00000e+00,0.00000e+00,0.00000e+00,0.00000e+00,0.00000e+00,0.00000e+00,0.00000e+00,0.00000e+00,0.00000e+00,0.00000e+00,-3.24414e-41,-7.68977e-40,-1.36625e-42,-6.47774e-41,-5.88356e-44,-5.79695e-38,-1.31963e-36,-2.53775e-39,-1.15947e-37,-2.45011e-41
0.00000e+00,0.00000e+00,0.00000e+00,0.00000e+00,0.00000e+00,0.00000e+00,0.00000e+00,0.00000e+00,0.00000e+00,0.00000e+00,-5.88356e-44,-1.26486e-42,-2.77967e-45,-3.24414e-41,3.23263e-41,-2.45011e-41,-5.22535e-40,-1.14395e-42,-5.79695e-38,5.79218e-38
0.00000e+00,0.00000e+00,0.00000e+00,0.00000e+00,0.00000e+00,0.00000e+00,0.00000e+00,0.00000e+00,0.00000e+00,0.00000e+00,3.23263e-41,7.66499e-40,1.36082e-42,-5.88356e-44,6.46704e-41,5.79218e-38,1.31861e-36,2.53553e-39,-2.45011e-41,1.15904e-37
0.00000e+00,0.00000e+00,0.00000e+00,0.00000e+00,0.00000e+00,0.00000e+00,0.00000e+00,0.00000e+00,0.00000e+00,0.00000e+00,6.46704e-41,1.53547e-39,2.71932e-42,3.23263e-41,9.68012e-41,1.15904e-37,2.64274e-36,5.06672e-39,5.79218e-38,1.73697e-37
0.00000e+00,0.00000e+00,0.00000e+00,0.00000e+00,0.00000e+00,0.00000e+00,0.00000e+00,0.00000e+00,0.00000e+00,0.00000e+00,9.68012e-41,2.30332e-39,4.06275e-42,6.46704e-41,1.28315e-40,1.73697e-37,3.97013e-36,7.57702e-39,1.15904e-37,2.30613e-37
0.00000e+00,0.00000e+00,0.00000e+00,0.00000e+00,0.00000e+00,0.00000e+00,0.00000e+00,0.00000e+00,0.00000e+00,0.00000e+00,1.28315e-40,3.06141e-39,5.37268e-42,9.68012e-41,1.58522e-40,2.30613e-37,5.28690e-36,1.00333e-38,1.73697e-37,2.85385e-37
0.00000e+00,0.00000e+00,0.00000e+00,0.00000e+00,0.00000e+00,0.00000e+00,0.00000e+00,0.00000e+00,0.00000e+00,0.00000e+00,1.58522e-40,3.79327e-39,6.62029e-42,1.28315e-40,1.86454e-40,2.85385e-37,6.56402e-36,1.23806e-38,2.30613e-37,3.36180e-37
0.00000e+00,0.00000e+00,0.00000e+00,0.00000e+00,0.00000e+00,0.00000e+00,0.00000e+00,0.00000e+00,0.00000e+00,0.00000e+00,1.86454e-40,4.47472e-39,7.76675e-42,1.58522e-40,2.10940e-40,3.36180e-37,7.75733e-36,1.45426e-38,2.85385e-37,3.80743e-37
0.00000e+00,0.00000e+00,0.00000e+00,0.00000e+00,0.00000e+00,0.00000e+00,0.00000e+00,0.00000e+00,0.00000e+00,0.00000e+00,2.10940e-40,5.07576e-39,8.76617e-42,1.86454e-40,2.30736e-40,3.80743e-37,8.81122e-36,1.64279e-38,3.36180e-37,4.16656e-37
0.00000e+00,0.00000e+00,0.00000e+00,0.00000e+00,0.00000e+00,0.00000e+00,0.00000e+00,0.00000e+00,0.00000e+00,0.00000e+00,2.30736e-40,5.56411e-39,9.57046e-42,2.10940e-40,2.44692e-40,4.16656e-37,9.66517e-36,1.79398e-38,3.80743e-37,4.41281e-37
0.00000e+00,0.00000e+00,0.00000e+00,0.00000e+00,0.00000e+00,0.00000e+00,0.00000e+00,0.00000e+00,0.00000e+00,0.00000e+00,2.44692e-40,5.90965e-39,1.01356e-41,2.30736e-40,2.50078e-40,4.41281e-37,1.02529e-35,1.89729e-38,4.16656e-37,4.49875e-37
0.00000e+00,0.00000e+00,0.00000e+00,0.00000e+00,0.00000e+00,0.00000e+00,0.00000e+00,0.00000e+00,0.00000e+00,0.00000e+00,-1.01284e-41,-2.44537e-40,-4.19641e-43,-1.03447e-41,-9.56605e-42,-1.89704e-38,-4.41227e-37,-8.14827e-40,-1.93299e-38,-1.79379e-38
0.00000e+00,0.00000e+00,0.00000e+00,0.00000e+00,0.00000e+00,0.00000e+00,0.00000e+00,0.00000e+00,0.00000e+00,0.00000e+00,-9.56605e-42,-2.30642e-40,-3.96832e-43,-1.01284e-41,-8.76427e-42,-1.79379e-38,-4.16616e-37,-7.71463e-40,-1.89704e-38,-1.64269e-38
0.00000e+00,0.00000e+00,0.00000e+00,0.00000e+00,0.00000e+00,0.00000e+00,0.00000e+00,0.00000e+00,0.00000e+00,0.00000e+00,-8.76427e-42,-2.10901e-40,-3.64202e-43,-9.56605e-42,-7.76698e-42,-1.64269e-38,-3.80721e-37,-7.07797e-40,-1.79379e-38,-1.45424e-38
0.00000e+00,0.00000e+00,0.00000e+00,0.00000e+00,0.00000e+00,0.00000e+00,0.00000e+00,0.00000e+00,0.00000e+00,0.00000e+00,-7.76698e-42,-1.86461e-40,-3.23439e-43,-8.76427e-42,-6.62224e-42,-1.45424e-38,-3.36176e-37,-6.28033e-40,-1.64269e-38,-1.23811e-38
0.00000e+00,0.00000e+00,0.00000e+00,0.00000e+00,0.00000e+00,0.00000e+00,0.00000e+00,0.00000e+00,0.00000e+00,0.00000e+00,-6.62224e-42,-1.58565e-40,-2.76407e-43,-7.76698e-42,-5.37600e-42,-1.23811e-38,-2.85398e-37,-5.36045e-40,-1.45424e-38,-1.00345e-38
0.00000e+00,0.00000e+00,0.00000e+00,0.00000e+00,0.00000e+00,0.00000e+00,0.00000e+00,0.00000e+00,0.00000e+00,0.00000e+00,-5.37600e-42,-1.28387e-40,-2.24912e-43,-6.62224e-42,-4.06708e-42,-1.00345e-38,-2.30639e-37,-4.35554e-40,-1.23811e-38,-7.57869e-39
0.00000e+00,0.00000e+00,0.00000e+00,0.00000e+00,0.00000e+00,0.00000e+00,0.00000e+00,0.00000e+00,0.00000e+00,0.00000e+00,-4.06708e-42,-9.68942e-41,-1.70515e-43,-5.37600e-42,-2.72434e-42,-7.57869e-39,-1.73733e-37,-3.29725e-40,-1.00345e-38,-5.06874e-39
0.00000e+00,0.00000e+00,0.00000e+00,0.00000e+00,0.00000e+00,0.00000e+00,0.00000e+00,0.00000e+00,0.00000e+00,0.00000e+00,-2.72434e-42,-6.47774e-41,-1.14419e-43,-4.06708e-42,-1.36625e-42,-5.06874e-39,-1.15947e-37,-2.20939e-40,-7.57869e-39,-2.53775e-39
0.00000e+00,0.00000e+00,0.00000e+00,0.00000e+00,0.00000e+00,0.00000e+00,0.00000e+00,0.00000e+00,0.00000e+00,0.00000e+00,-1.36625e-42,-3.24414e-41,-5.74520e-44,-2.72434e-42,-2.77967e-45,-2.53775e-39,-5.79695e-38,-1.10753e-40,-5.06874e-39,-1.14395e-42
0.00000e+00,0.00000e+00,0.00000e+00,0.00000e+00,0.00000e+00,0.00000e+00,0.00000e+00,0.00000e+00,0.00000e+00,0.00000e+00,-2.77967e-45,-5.88356e-44,-1.32940e-46,-1.36625e-42,1.36082e-42,-1.14395e-42,-2.45011e-41,-5.33319e-44,-2.53775e-39,2.53553e-39
0.00000e+00,0.00000e+00,0.00000e+00,0.00000e+00,0.00000e+00,0.00000e+00,0.00000e+00,0.00000e+00,0.00000e+00,0.00000e+00,1.36082e-42,3.23263e-41,5.71929e-44,-2.77967e-45,2.71932e-42,2.53553e-39,5.79218e-38,1.10649e-40,-1.14395e-42,5.06672e-39
0.00000e+00,0.00000e+00,0.00000e+00,0.00000e+00,0.00000e+00,0.00000e+00,0.00000e+00,0.00000e+00,0.00000e+00,0.00000e+00,2.71932e-42,6.46704e-41,1.14180e-43,1.36082e-42,4.06275e-42,5.06672e-39,1.15904e-37,2.20845e-40,2.53553e-39,7.57702e-39
0.00000e+00,0.00000e+00,0.00000e+00,0.00000e+00,0.00000e+00,0.00000e+00,0.00000e+00,0.00000e+00,0.00000e+00,0.00000e+00,4.06275e-42,9.68012e-41,1.70311e-43,2.71932e-42,5.37268e-42,7.57702e-39,1.73697e-37,3.29647e-40,5.06672e-39,1.00333e-38
0.00000e+00,0.00000e+00,0.00000e+00,0.00000e+00,0.00000e+00,0.00000e+00,0.00000e+00,0.00000e+00,0.00000e+00,0.00000e+00,5.37268e-42,1.28315e-40,2.24757e-43,4.06275e-42,6.62029e-42,1.00333e-38,2.30613e-37,4.35500e-40,7.57702e-39,1.23806e-38
0.00000e+00,0.00000e+00,0.00000e+00,0.00000e+00,0.00000e+00,0.00000e+00,0.00000e+00,0.00000e+00,0.00000e+00,0.00000e+00,6.62029e-42,1.58522e-40,2.76317e-43,5.37268e-42,7.76675e-42,1.23806e-38,2.85385e-37,5.36021e-40,1.00333e-38,1.45426e-38
0.00000e+00,0.00000e+00,0.00000e+00,0.00000e+00,0.00000e+00,0.00000e+00,0.00000e+00,0.00000e+00,0.00000e+00,0.00000e+00,7.76675e-42,1.86454e-40,3.23431e-43,6.62029e-42,8.76617e-42,1.45426e-38,3.36180e-37,6.28043e-40,1.23806e-38,1.64279e-38
0.00000e+00,0.00000e+00,0.00000e+00,0.00000e+00,0.00000e+00,0.00000e+00,0.00000e+00,0.00000e+00,0.00000e+00,0.00000e+00,8.76617e-42,2.10940e-40,3.64294e-43,7.76675e-42,9.57046e-42,1.64279e-38,3.80743e-37,7.07845e-40,1.45426e-38,1.79398e-38
0.00000e+00,0.00000e+00,0.00000e+00,0.00000e+00,0.00000e+00,0.00000e+00,0.00000e+00,0.00000e+00,0.00000e+00,0.00000e+00,9.57046e-42,2.30736e-40,3.97041e-43,8.76617e-42,1.01356e-41,1.79398e-38,4.16656e-37,7.71548e-40,1.64279e-38,1.89729e-38
0.00000e+00,0.00000e+00,0.00000e+00,0.00000e+00,0.00000e+00,0.00000e+00,0.00000e+00,0.00000e+00,0.00000e+00,0.00000e+00,1.01356e-41,2.44692e-40,4.19980e-43,9.57046e-42,1.03533e-41,1.89729e-38,4.41281e-37,8.14943e-40,1.79398e-38,1.93327e-38
0.00000e+00,0.00000e+00,0.00000e+00,0.00000e+00,0.00000e+00,0.00000e+00,0.00000e+00,0.00000e+00,0.00000e+00,0.00000e+00,-4.19641e-43,-1.01284e-41,-1.73917e-44,-4.28398e-43,-3.96832e-43,-8.14827e-40,-1.89704e-38,-3.49668e-41,-8.29905e-40,-7.71463e-40
0.00000e+00,0.00000e+00,0.00000e+00,0.00000e+00,0.00000e+00,0.00000e+00,0.00000e+00,0.00000e+00,0.00000e+00,0.00000e+00,-3.96832e-43,-9.56605e-42,-1.64646e-44,-4.19641e-43,-3.64202e-43,-7.71463e-40,-1.79379e-38,-3.31432e-41,-8.14827e-40,-7.07797e-40
0.00000e+00,0.00000e+00,0.00000e+00,0.00000e+00,0.00000e+00,0.00000e+00,0.00000e+00,0.00000e+00,0.00000e+00,0.00000e+00,-3.64202e-43,-8.76427e-42,-1.51341e-44,-3.96832e-43,-3.23439e-43,-7.07797e-40,-1.64269e-38,-3.04585e-41,-7.71463e-40,-6.28033e-40
0.00000e+00,0.00000e+00,0.00000e+00,0.00000e+00,0.00000e+00,0.00000e+00,0.00000e+00,0.00000e+00,0.00000e+00,0.00000e+00,-3.23439e-43,-7.76698e-42,-1.34654e-44,-3.64202e-43,-2.76407e-43,-6.28033e-40,-1.45424e-38,-2.70808e-41,-7.07797e-40,-5.36045e-40
0.00000e+00,0.00000e+00,0.00000e+00,0.00000e+00,0.00000e+00,0.00000e+00,0.00000e+00,0.00000e+00,0.00000e+00,0.00000e+00,-2.76407e-43,-6.62224e-42,-1.15310e-44,-3.23439e-43,-2.24912e-43,-5.36045e-40,-1.23811e-38,-2.31660e-41,-6.28033e-40,-4.35554e-40
0.00000e+00,0.00000e+00,0.00000e+00,0.00000e+00,0.00000e+00,0.00000e+00,0.00000e+00,0.00000e+00,0.00000e+00,0.00000e+00,-2.24912e-43,-5.37600e-42,-9.40216e-45,-2.76407e-43,-1.70515e-43,-4.35554e-40,-1.00345e-38,-1.88654e-41,-5.36045e-40,-3.29725e-40
0.00000e+00,0.00000e+00,0.00000e+00,0.00000e+00,0.00000e+00,0.00000e+00,0.00000e+00,0.00000e+00,0.00000e+00,0.00000e+00,-1.70515e-43,-4.06708e-42,-7.14162e-45,-2.24912e-43,-1.14419e-43,-3.29725e-40,-7.57869e-39,-1.43109e-41,-4.35554e-40,-2.20939e-40
0.00000e+00,0.00000e+00,0.00000e+00,0.00000e+00,0.00000e+00,0.00000e+00,0.00000e+00,0.00000e+00,0.00000e+00,0.00000e+00,-1.14419e-43,-2.72434e-42,-4.79960e-45,-1.70515e-43,-5.74520e-44,-2.20939e-40,-5.06874e-39,-9.60510e-42,-3.29725e-40,-1.10753e-40
0.00000e+00,0.00000e+00,0.00000e+00,0.00000e+00,0.00000e+00,0.00000e+00,0.00000e+00,0.00000e+00,0.00000e+00,0.00000e+00,-5.74520e-44,-1.36625e-42,-2.41273e-45,-1.14419e-43,-1.32940e-46,-1.10753e-40,-2.53775e-39,-4.82010e-42,-2.20939e-40,-5.33319e-44
0.00000e+00,0.00000e+00,0.00000e+00,0.00000e+00,0.00000e+00,0.00000e+00,0.00000e+00,0.00000e+00,0.00000e+00,0.00000e+00,-1.32940e-46,-2.77967e-45,-6.40410e-48,-5.74520e-44,5.71929e-44,-5.33319e-44,-1.14395e-42,-2.48844e-45,-1.10753e-40,1.10649e-40
0.00000e+00,0.00000e+00,0.00000e+00,0.00000e+00,0.00000e+00,0.00000e+00,0.00000e+00,0.00000e+00,0.00000e+00,0.00000e+00,5.71929e-44,1.36082e-42,2.40026e-45,-1.32940e-46,1.14180e-43,1.10649e-40,2.53553e-39,4.81527e-42,-5.33319e-44,2.20845e-40
0.00000e+00,0.00000e+00,0.00000e+00,0.00000e+00,0.00000e+00,0.00000e+00,0.00000e+00,0.00000e+00,0.00000e+00,0.00000e+00,1.14180e-43,2.71932e-42,4.78816e-45,5.71929e-44,1.70311e-43,2.20845e-40,5.06672e-39,9.60074e-42,1.10649e-40,3.29647e-40
0.00000e+00,0.00000e+00,0.00000e+00,0.00000e+00,0.00000e+00,0.00000e+00,0.00000e+00,0.00000e+00,0.00000e+00,0.00000e+00,1.70311e-43,4.06275e-42,7.13190e-45,1.14180e-43,2.24757e-43,3.29647e-40,7.57702e-39,1.43073e-41,2.20845e-40,4.35500e-40
0.00000e+00,0.00000e+00,0.00000e+00,0.00000e+00,0.00000e+00,0.00000e+00,0.00000e+00,0.00000e+00,0.00000e+00,0.00000e+00,2.24757e-43,5.37268e-42,9.39487e-45,1.70311e-43,2.76317e-43,4.35500e-40,1.00333e-38,1.88629e-41,3.29647e-40,5.36021e-40
0.00000e+00,0.00000e+00,0.00000e+00,0.00000e+00,0.00000e+00,0.00000e+00,0.00000e+00,0.00000e+00,0.00000e+00,0.00000e+00,2.76317e-43,6.62029e-42,1.15269e-44,2.24757e-43,3.23431e-43,5.36021e-40,1.23806e-38,2.31649e-41,4.35500e-40,6.28043e-40
0.00000e+00,0.00000e+00,0.00000e+00,0.00000e+00,0.00000e+00,0.00000e+00,0.00000e+00,0.00000e+00,0.00000e+00,0.00000e+00,3.23431e-43,7.76675e-42,1.34652e-44,2.76317e-43,3.64294e-43,6.28043e-40,1.45426e-38,2.70813e-41,5.36021e-40,7.07845e-40
0.00000e+00,0.00000e+00,0.00000e+00,0.00000e+00,0.00000e+00,0.00000e+00,0.00000e+00,0.00000e+00,0.00000e+00,0.00000e+00,3.64294e-43,8.76617e-42,1.51386e-44,3.23431e-43,3.97041e-43,7.07845e-40,1.64279e-38,3.04607e-41,6.28043e-40,7.71548e-40
0.00000e+00,0.00000e+00,0.00000e+00,0.00000e+00,0.00000e+00,0.00000e+00,0.00000e+00,0.00000e+00,0.00000e+00,0.00000e+00,3.97041e-43,9.57046e-42,1.64745e-44,3.64294e-43,4.19980e-43,7.71548e-40,1.79398e-38,3.31472e-41,7.07845e-40,8.14943e-40
0.00000e+00,0.00000e+00,0.00000e+00,0.00000e+00,0.00000e+00,0.00000e+00,0.00000e+00,0.00000e+00,0.00000e+00,0.00000e+00,4.19980e-43,1.01356e-41,1.74077e-44,3.97041e-43,4.28804e-43,8.14943e-40,1.89729e-38,3.49721e-41,7.71548e-40,8.30033e-40
0.00000e+00,0.00000e+00,0.00000e+00,0.00000e+00,0.00000e+00,0.00000e+00,0.00000e+00,0.00000e+00,0.00000e+00,0.00000e+00,-1.73917e-44,-4.19641e-43,-7.20966e-46,-1.77470e-44,-1.64646e-44,-3.49668e-41,-8.14827e-40,-1.49922e-42,-3.55999e-41,-3.31432e-41
0.00000e+00,0.00000e+00,0.00000e+00,0.00000e+00,0.00000e+00,0.00000e+00,0.00000e+00,0.00000e+00,0.00000e+00,0.00000e+00,-1.64646e-44,-3.96832e-43,-6.83208e-46,-1.73917e-44,-1.51341e-44,-3.31432e-41,-7.71463e-40,-1.42246e-42,-3.49668e-41,-3.04585e-41
0.00000e+00,0.00000e+00,0.00000e+00,0.00000e+00,0.00000e+00,0.00000e+00,0.00000e+00,0.00000e+00,0.00000e+00,0.00000e+00,-1.51341e-44,-3.64202e-43,-6.28868e-46,-1.64646e-44,-1.34654e-44,-3.04585e-41,-7.07797e-40,-1.30916e-42,-3.31432e-41,-2.70808e-41
0.00000e+00,0.00000e+00,0.00000e+00,0.00000e+00,0.00000e+00,0.00000e+00,0.00000e+00,0.00000e+00,0.00000e+00,0.00000e+00,-1.34654e-44,-3.23439e-43,-5.60463e-46,-1.51341e-44,-1.15310e-44,-2.70808e-41,-6.28033e-40,-1.16608e-42,-3.04585e-41,-2.31660e-41
0.00000e+00,0.00000e+00,0.00000e+00,0.00000e+00,0.00000e+00,0.00000e+00,0.00000e+00,0.00000e+00,0.00000e+00,0.00000e+00,-1.15310e-44,-2.76407e-43,-4.80826e-46,-1.34654e-44,-9.40216e-45,-2.31660e-41,-5.36045e-40,-9.99479e-43,-2.70808e-41,-1.88654e-41
0.00000e+00,0.00000e+00,0.00000e+00,0.00000e+00,0.00000e+00,0.00000e+00,0.00000e+00,0.00000e+00,0.00000e+00,0.00000e+00,-9.40216e-45,-2.24912e-43,-3.92774e-46,-1.15310e-44,-7.14162e-45,-1.88654e-41,-4.35554e-40,-8.15550e-43,-2.31660e-41,-1.43109e-41
0.00000e+00,0.00000e+00,0.00000e+00,0.00000e+00,0.00000e+00,0.00000e+00,0.00000e+00,0.00000e+00,0.00000e+00,0.00000e+00,-7.14162e-45,-1.70515e-43,-2.98841e-46,-9.40216e-45,-4.79960e-45,-1.43109e-41,-3.29725e-40,-6.19775e-43,-1.88654e-41,-9.60510e-42
0.00000e+00,0.00000e+00,0.00000e+00,0.00000e+00,0.00000e+00,0.00000e+00,0.00000e+00,0.00000e+00,0.00000e+00,0.00000e+00,-4.79960e-45,-1.14419e-43,-2.01117e-46,-7.14162e-45,-2.41273e-45,-9.60510e-42,-2.20939e-40,-4.16582e-43,-1.43109e-41,-4.82010e-42
0.00000e+00,0.00000e+00,0.00000e+00,0.00000e+00,0.00000e+00,0.00000e+00,0.00000e+00,0.00000e+00,0.00000e+00,0.00000e+00,-2.41273e-45,-5.74520e-44,-1.01207e-46,-4.79960e-45,-6.40410e-48,-4.82010e-42,-1.10753e-40,-2.09252e-43,-9.60510e-42,-2.48844e-45
0.00000e+00,0.00000e+00,0.00000e+00,0.00000e+00,0.00000e+00,0.00000e+00,0.00000e+00,0.00000e+00,0.00000e+00,0.00000e+00,-6.40410e-48,-1.32940e-46,-3.09104e-49,-2.41273e-45,2.40026e-45,-2.48844e-45,-5.33319e-44,-1.16391e-46,-4.82010e-42,4.81527e-42
0.00000e+00,0.00000e+00,0.00000e+00,0.00000e+00,0.00000e+00,0.00000e+00,0.00000e+00,0.00000e+00,0.00000e+00,0.00000e+00,2.40026e-45,5.71929e-44,1.00606e-46,-6.40410e-48,4.78816e-45,4.81527e-42,1.10649e-40,2.09027e-43,-2.48844e-45,9.60074e-42
0.00000e+00,0.00000e+00,0.00000e+00,0.00000e+00,0.00000e+00,0.00000e+00,0.00000e+00,0.00000e+00,0.00000e+00,0.00000e+00,4.78816e-45,1.14180e-43,2.00567e-46,2.40026e-45,7.13190e-45,9.60074e-42,2.20845e-40,4.16379e-43,4.81527e-42,1.43073e-41
0.00000e+00,0.00000e+00,0.00000e+00,0.00000e+00,0.00000e+00,0.00000e+00,0.00000e+00,0.00000e+00,0.00000e+00,0.00000e+00,7.13190e-45,1.70311e-43,2.98376e-46,4.78816e-45,9.39487e-45,1.43073e-41,3.29647e-40,6.19609e-43,9.60074e-42,1.88629e-41
0.00000e+00,0.00000e+00,0.00000e+00,0.00000e+00,0.00000e+00,0.00000e+00,0.00000e+00,0.00000e+00,0.00000e+00,0.00000e+00,9.39487e-45,2.24757e-43,3.92429e-46,7.13190e-45,1.15269e-44,1.88629e-41,4.35500e-40,8.15434e-43,1.43073e-41,2.31649e-41
0.00000e+00,0.00000e+00,0.00000e+00,0.00000e+00,0.00000e+00,0.00000e+00,0.00000e+00,0.00000e+00,0.00000e+00,0.00000e+00,1.15269e-44,2.76317e-43,4.80635e-46,9.39487e-45,1.34652e-44,2.31649e-41,5.36021e-40,9.99428e-43,1.88629e-41,2.70813e-41
0.00000e+00,0.00000e+00,0.00000e+00,0.00000e+00,0.00000e+00,0.00000e+00,0.00000e+00,0.00000e+00,0.00000e+00,0.00000e+00,1.34652e-44,3.23431e-43,5.60461e-46,1.15269e-44,1.51386e-44,2.70813e-41,6.28043e-40,1.16610e-42,2.31649e-41,3.04607e-41
0.00000e+00,0.00000e+00,0.00000e+00,0.00000e+00,0.00000e+00,0.00000e+00,0.00000e+00,0.00000e+00,0.00000e+00,0.00000e+00,1.51386e-44,3.64294e-43,6.29090e-46,1.34652e-44,1.64745e-44,3.04607e-41,7.07845e-40,1.30926e-42,2.70813e-41,3.31472e-41
0.00000e+00,0.00000e+00,0.00000e+00,0.00000e+00,0.00000e+00,0.00000e+00,0.00000e+00,0.00000e+00,0.00000e+00,0.00000e+00,1.64745e-44,3.97041e-43,6.83689e-46,1.51386e-44,1.74077e-44,3.31472e-41,7.71548e-40,1.42264e-42,3.04607e-41,3.49721e-41
0.00000e+00,0.00000e+00,0.00000e+00,0.00000e+00,0.00000e+00,0.00000e+00,0.00000e+00,0.00000e+00,0.00000e+00,0.00000e+00,1.74077e-44,4.19980e-43,7.21729e-46,1.64745e-44,1.77662e-44,3.49721e-41,8.14943e-40,1.49947e-42,3.31472e-41,3.56058e-41
0.00000e+00,0.00000e+00,0.00000e+00,0.00000e+00,0.00000e+00,0.00000e+00,0.00000e+00,0.00000e+00,0.00000e+00,0.00000e+00,-7.20966e-46,-1.73917e-44,-2.98940e-47,-7.35414e-46,-6.83208e-46,-1.49922e-42,-3.49668e-41,-6.42266e-44,-1.52585e-42,-1.42246e-42
0.00000e+00,0.00000e+00,0.00000e+00,0.00000e+00,0.00000e+00,0.00000e+00,0.00000e+00,0.00000e+00,0.00000e+00,0.00000e+00,-6.83208e-46,-1.64646e-44,-2.83536e-47,-7.20966e-46,-6.28868e-46,-1.42246e-42,-3.31432e-41,-6.09923e-44,-1.49922e-42,-1.30916e-42
0.00000e+00,0.00000e+00,0.00000e+00,0.00000e+00,0.00000e+00,0.00000e+00,0.00000e+00,0.00000e+00,0.00000e+00,0.00000e+00,-6.28868e-46,-1.51341e-44,-2.61306e-47,-6.83208e-46,-5.60463e-46,-1.30916e-42,-3.04585e-41,-5.62076e-44,-1.42246e-42,-1.16608e-42
0.00000e+00,0.00000e+00,0.00000e+00,0.00000e+00,0.00000e+00,0.00000e+00,0.00000e+00,0.00000e+00,0.00000e+00,0.00000e+00,-5.60463e-46,-1.34654e-44,-2.33230e-47,-6.28868e-46,-4.80826e-46,-1.16608e-42,-2.70808e-41,-5.01444e-44,-1.30916e-42,-9.99479e-43
0.00000e+00,0.00000e+00,0.00000e+00,0.00000e+00,0.00000e+00,0.00000e+00,0.00000e+00,0.00000e+00,0.00000e+00,0.00000e+00,-4.80826e-46,-1.15310e-44,-2.00415e-47,-5.60463e-46,-3.92774e-46,-9.99479e-43,-2.31660e-41,-4.30556e-44,-1.16608e-42,-8.15550e-43
0.00000e+00,0.00000e+00,0.00000e+00,0.00000e+00,0.00000e+00,0.00000e+00,0.00000e+00,0.00000e+00,0.00000e+00,0.00000e+00,-3.92774e-46,-9.40216e-45,-1.63980e-47,-4.80826e-46,-2.98841e-46,-8.15550e-43,-1.88654e-41,-3.51939e-44,-9.99479e-43,-6.19775e-43
0.00000e+00,0.00000e+00,0.00000e+00,0.00000e+00,0.00000e+00,0.00000e+00,0.00000e+00,0.00000e+00,0.00000e+00,0.00000e+00,-2.98841e-46,-7.14162e-45,-1.24950e-47,-3.92774e-46,-2.01117e-46,-6.19775e-43,-1.43109e-41,-2.67882e-44,-8.15550e-43,-4.16582e-43
0.00000e+00,0.00000e+00,0.00000e+00,0.00000e+00,0.00000e+00,0.00000e+00,0.00000e+00,0.00000e+00,0.00000e+00,0.00000e+00,-2.01117e-46,-4.79960e-45,-8.41943e-48,-2.98841e-46,-1.01207e-46,-4.16582e-43,-9.60510e-42,-1.80287e-44,-6.19775e-43,-2.09252e-43
0.00000e+00,0.00000e+00,0.00000e+00,0.00000e+00,0.00000e+00,0.00000e+00,0.00000e+00,0.00000e+00,0.00000e+00,0.00000e+00,-1.01207e-46,-2.41273e-45,-4.24102e-48,-2.01117e-46,-3.09104e-49,-2.09252e-43,-4.82010e-42,-9.06362e-45,-4.16582e-43,-1.16391e-46
0.00000e+00,0.00000e+00,0.00000e+00,0.00000e+00,0.00000e+00,0.00000e+00,0.00000e+00,0.00000e+00,0.00000e+00,0.00000e+00,-3.09104e-49,-6.40410e-48,-1.48800e-50,-1.01207e-46,1.00606e-46,-1.16391e-46,-2.48844e-45,-5.46129e-48,-2.09252e-43,2.09027e-43
0.00000e+00,0.00000e+00,0.00000e+00,0.00000e+00,0.00000e+00,0.00000e+00,0.00000e+00,0.00000e+00,0.00000e+00,0.00000e+00,1.00606e-46,2.40026e-45,4.21210e-48,-3.09104e-49,2.00567e-46,2.09027e-43,4.81527e-42,9.05305e-45,-1.16391e-46,4.16379e-43
0.00000e+00,0.00000e+00,0.00000e+00,0.00000e+00,0.00000e+00,0.00000e+00,0.00000e+00,0.00000e+00,0.00000e+00,0.00000e+00,2.00567e-46,4.78816e-45,8.39304e-48,1.00606e-46,2.98376e-46,4.16379e-43,9.60074e-42,1.80192e-44,2.09027e-43,6.19609e-43
0.00000e+00,0.00000e+00,0.00000e+00,0.00000e+00,0.00000e+00,0.00000e+00,0.00000e+00,0.00000e+00,0.00000e+00,0.00000e+00,2.98376e-46,7.13190e-45,1.24728e-47,2.00567e-46,3.92429e-46,6.19609e-43,1.43073e-41,2.67804e-44,4.16379e-43,8.15434e-43
0.00000e+00,0.00000e+00,0.00000e+00,0.00000e+00,0.00000e+00,0.00000e+00,0.00000e+00,0.00000e+00,0.00000e+00,0.00000e+00,3.92429e-46,9.39487e-45,1.63817e-47,2.98376e-46,4.80635e-46,8.15434e-43,1.88629e-41,3.51885e-44,6.19609e-43,9.99428e-43
0.00000e+00,0.00000e+00,0.00000e+00,0.00000e+00,0.00000e+00,0.00000e+00,0.00000e+00,0.00000e+00,0.00000e+00,0.00000e+00,4.80635e-46,1.15269e-44,2.00326e-47,3.92429e-46,5.60461e-46,9.99428e-43,2.31649e-41,4.30533e-44,8.15434e-43,1.16610e-42
0.00000e+00,0.00000e+00,0.00000e+00,0.00000e+00,0.00000e+00,0.00000e+00,0.00000e+00,0.00000e+00,0.00000e+00,0.00000e+00,5.60461e-46,1.34652e-44,2.33232e-47,4.80635e-46,6.29090e-46,1.16610e-42,2.70813e-41,5.01456e-44,9.99428e-43,1.30926e-42
0.00000e+00,0.00000e+00,0.00000e+00,0.00000e+00,0.00000e+00,0.00000e+00,0.00000e+00,0.00000e+00,0.00000e+00,0.00000e+00,6.29090e-46,1.51386e-44,2.61416e-47,5.60461e-46,6.83689e-46,1.30926e-42,3.04607e-41,5.62126e-44,1.16610e-42,1.42264e-42
0.00000e+00,0.00000e+00,0.00000e+00,0.00000e+00,0.00000e+00,0.00000e+00,0.00000e+00,0.00000e+00,0.00000e+00,0.00000e+00,6.83689e-46,1.64745e-44,2.83767e-47,6.29090e-46,7.21729e-46,1.42264e-42,3.31472e-41,6.10009e-44,1.30926e-42,1.49947e-42
0.00000e+00,0.00000e+00,0.00000e+00,0.00000e+00,0.00000e+00,0.00000e+00,0.00000e+00,0.00000e+00,0.00000e+00,0.00000e+00,7.21729e-46,1.74077e-44,2.99303e-47,6.83689e-46,7.36322e-46,1.49947e-42,3.49721e-41,6.42382e-44,1.42264e-42,1.52612e-42
0.00000e+00,0.00000e+00,0.00000e+00,0.00000e+00,0.00000e+00,0.00000e+00,0.00000e+00,0.00000e+00,0.00000e+00,0.00000e+00,-2.98940e-47,-7.20966e-46,-1.23977e-48,-3.04826e-47,-2.83536e-47,-6.42266e-44,-1.49922e-42,-2.74930e-45,-6.53476e-44,-6.09923e-44
0.00000e+00,0.00000e+00,0.00000e+00,0.00000e+00,0.00000e+00,0.00000e+00,0.00000e+00,0.00000e+00,0.00000e+00,0.00000e+00,-2.83536e-47,-6.83208e-46,-1.17681e-48,-2.98940e-47,-2.61306e-47,-6.09923e-44,-1.42246e-42,-2.61290e-45,-6.42266e-44,-5.62076e-44
0.00000e+00,0.00000e+00,0.00000e+00,0.00000e+00,0.00000e+00,0.00000e+00,0.00000e+00,0.00000e+00,0.00000e+00,0.00000e+00,-2.61306e-47,-6.28868e-46,-1.08575e-48,-2.83536e-47,-2.33230e-47,-5.62076e-44,-1.30916e-42,-2.41073e-45,-6.09923e-44,-5.01444e-44
0.00000e+00,0.00000e+00,0.00000e+00,0.00000e+00,0.00000e+00,0.00000e+00,0.00000e+00,0.00000e+00,0.00000e+00,0.00000e+00,-2.33230e-47,-5.60463e-46,-9.70372e-49,-2.61306e-47,-2.00415e-47,-5.01444e-44,-1.16608e-42,-2.15372e-45,-5.62076e-44,-4.30556e-44
0.00000e+00,0.00000e+00,0.00000e+00,0.00000e+00,0.00000e+00,0.00000e+00,0.00000e+00,0.00000e+00,0.00000e+00,0.00000e+00,-2.00415e-47,-4.80826e-46,-8.35052e-49,-2.33230e-47,-1.63980e-47,-4.30556e-44,-9.99479e-43,-1.85212e-45,-5.01444e-44,-3.51939e-44
0.00000e+00,0.00000e+00,0.00000e+00,0.00000e+00,0.00000e+00,0.00000e+00,0.00000e+00,0.00000e+00,0.00000e+00,0.00000e+00,-1.63980e-47,-3.92774e-46,-6.84231e-49,-2.00415e-47,-1.24950e-47,-3.51939e-44,-8.15550e-43,-1.51629e-45,-4.30556e-44,-2.67882e-44
0.00000e+00,0.00000e+00,0.00000e+00,0.00000e+00,0.00000e+00,0.00000e+00,0.00000e+00,0.00000e+00,0.00000e+00,0.00000e+00,-1.24950e-47,-2.98841e-46,-5.22065e-49,-1.63980e-47,-8.41943e-48,-2.67882e-44,-6.19775e-43,-1.15576e-45,-3.51939e-44,-1.80287e-44
0.00000e+00,0.00000e+00,0.00000e+00,0.00000e+00,0.00000e+00,0.00000e+00,0.00000e+00,0.00000e+00,0.00000e+00,0.00000e+00,-8.41943e-48,-2.01117e-46,-3.52171e-49,-1.24950e-47,-4.24102e-48,-1.80287e-44,-4.16582e-43,-7.78720e-46,-2.67882e-44,-9.06362e-45
0.00000e+00,0.00000e+00,0.00000e+00,0.00000e+00,0.00000e+00,0.00000e+00,0.00000e+00,0.00000e+00,0.00000e+00,0.00000e+00,-4.24102e-48,-1.01207e-46,-1.77558e-49,-8.41943e-48,-1.48800e-50,-9.06362e-45,-2.09252e-43,-3.91781e-46,-1.80287e-44,-5.46129e-48
0.00000e+00,0.00000e+00,0.00000e+00,0.00000e+00,0.00000e+00,0.00000e+00,0.00000e+00,0.00000e+00,0.00000e+00,0.00000e+00,-1.48800e-50,-3.09104e-49,-7.12019e-52,-4.24102e-48,4.21210e-48,-5.46129e-48,-1.16391e-46,-2.57060e-49,-9.06362e-45,9.05305e-45
0.00000e+00,0.00000e+00,0.00000e+00,0.00000e+00,0.00000e+00,0.00000e+00,0.00000e+00,0.00000e+00,0.00000e+00,0.00000e+00,4.21210e-48,1.00606e-46,1.76175e-49,-1.48800e-50,8.39304e-48,9.05305e-45,2.09027e-43,3.91284e-46,-5.46129e-48,1.80192e-44
0.00000e+00,0.00000e+00,0.00000e+00,0.00000e+00,0.00000e+00,0.00000e+00,0.00000e+00,0.00000e+00,0.00000e+00,0.00000e+00,8.39304e-48,2.00567e-46,3.50911e-49,4.21210e-48,1.24728e-47,1.80192e-44,4.16379e-43,7.78273e-46,9.05305e-45,2.67804e-44
0.00000e+00,0.00000e+00,0.00000e+00,0.00000e+00,0.00000e+00,0.00000e+00,0.00000e+00,0.00000e+00,0.00000e+00,0.00000e+00,1.24728e-47,2.98376e-46,5.21009e-49,8.39304e-48,1.63817e-47,2.67804e-44,6.19609e-43,1.15540e-45,1.80192e-44,3.51885e-44
0.00000e+00,0.00000e+00,0.00000e+00,0.00000e+00,0.00000e+00,0.00000e+00,0.00000e+00,0.00000e+00,0.00000e+00,0.00000e+00,1.63817e-47,3.92429e-46,6.83459e-49,1.24728e-47,2.00326e-47,3.51885e-44,8.15434e-43,1.51604e-45,2.67804e-44,4.30533e-44
0.00000e+00,0.00000e+00,0.00000e+00,0.00000e+00,0.00000e+00,0.00000e+00,0.00000e+00,0.00000e+00,0.00000e+00,0.00000e+00,2.00326e-47,4.80635e-46,8.34640e-49,1.63817e-47,2.33232e-47,4.30533e-44,9.99428e-43,1.85202e-45,3.51885e-44,5.01456e-44
0.00000e+00,0.00000e+00,0.00000e+00,0.00000e+00,0.00000e+00,0.00000e+00,0.00000e+00,0.00000e+00,0.00000e+00,0.00000e+00,2.33232e-47,5.60461e-46,9.70397e-49,2.00326e-47,2.61416e-47,5.01456e-44,1.16610e-42,2.15378e-45,4.30533e-44,5.62126e-44
0.00000e+00,0.00000e+00,0.00000e+00,0.00000e+00,0.00000e+00,0.00000e+00,0.00000e+00,0.00000e+00,0.00000e+00,0.00000e+00,2.61416e-47,6.29090e-46,1.08628e-48,2.33232e-47,2.83767e-47,5.62126e-44,1.30926e-42,2.41096e-45,5.01456e-44,6.10009e-44
0.00000e+00,0.00000e+00,0.00000e+00,0.00000e+00,0.00000e+00,0.00000e+00,0.00000e+00,0.00000e+00,0.00000e+00,0.00000e+00,2.83767e-47,6.83689e-46,1.17792e-48,2.61416e-47,2.99303e-47,6.10009e-44,1.42264e-42,2.61331e-45,5.62126e-44,6.42382e-44
0.00000e+00,0.00000e+00,0.00000e+00,0.00000e+00,0.00000e+00,0.00000e+00,0.00000e+00,0.00000e+00,0.00000e+00,0.00000e+00,2.99303e-47,7.21729e-46,1.24148e-48,2.83767e-47,3.05256e-47,6.42382e-44,1.49947e-42,2.74983e-45,6.10009e-44,6.53603e-44
0.00000e+00,0.00000e+00,0.00000e+00,0.00000e+00,0.00000e+00,0.00000e+00,0.00000e+00,0.00000e+00,0.00000e+00,0.00000e+00,-1.23977e-48,-2.98940e-47,-5.14243e-50,-1.26379e-48,-1.17681e-48,-2.74930e-45,-6.42266e-44,-1.17598e-46,-2.79654e-45,-2.61290e-45
0.00000e+00,0.00000e+00,0.00000e+00,0.00000e+00,0.00000e+00,0.00000e+00,0.00000e+00,0.00000e+00,0.00000e+00,0.00000e+00,-1.17681e-48,-2.83536e-47,-4.88479e-50,-1.23977e-48,-1.08575e-48,-2.61290e-45,-6.09923e-44,-1.11842e-46,-2.74930e-45,-2.41073e-45
0.00000e+00,0.00000e+00,0.00000e+00,0.00000e+00,0.00000e+00,0.00000e+00,0.00000e+00,0.00000e+00,0.00000e+00,0.00000e+00,-1.08575e-48,-2.61306e-47,-4.51123e-50,-1.17681e-48,-9.70372e-49,-2.41073e-45,-5.62076e-44,-1.03295e-46,-2.61290e-45,-2.15372e-45
0.00000e+00,0.00000e+00,0.00000e+00,0.00000e+00,0.00000e+00,0.00000e+00,0.00000e+00,0.00000e+00,0.00000e+00,0.00000e+00,-9.70372e-49,-2.33230e-47,-4.03663e-50,-1.08575e-48,-8.35052e-49,-2.15372e-45,-5.01444e-44,-9.23985e-47,-2.41073e-45,-1.85212e-45
0.00000e+00,0.00000e+00,0.00000e+00,0.00000e+00,0.00000e+00,0.00000e+00,0.00000e+00,0.00000e+00,0.00000e+00,0.00000e+00,-8.35052e-49,-2.00415e-47,-3.47820e-50,-9.70372e-49,-6.84231e-49,-1.85212e-45,-4.30556e-44,-7.95688e-47,-2.15372e-45,-1.51629e-45
0.00000e+00,0.00000e+00,0.00000e+00,0.00000e+00,0.00000e+00,0.00000e+00,0.00000e+00,0.00000e+00,0.00000e+00,0.00000e+00,-6.84231e-49,-1.63980e-47,-2.85367e-50,-8.35052e-49,-5.22065e-49,-1.51629e-45,-3.51939e-44,-6.52304e-47,-1.85212e-45,-1.15576e-45
0.00000e+00,0.00000e+00,0.00000e+00,0.00000e+00,0.00000e+00,0.00000e+00,0.00000e+00,0.00000e+00,0.00000e+00,0.00000e+00,-5.22065e-49,-1.24950e-47,-2.17991e-50,-6.84231e-49,-3.52171e-49,-1.15576e-45,-2.67882e-44,-4.97826e-47,-1.51629e-45,-7.78720e-46
0.00000e+00,0.00000e+00,0.00000e+00,0.00000e+00,0.00000e+00,0.00000e+00,0.00000e+00,0.00000e+00,0.00000e+00,0.00000e+00,-3.52171e-49,-8.41943e-48,-1.47198e-50,-5.22065e-49,-1.77558e-49,-7.78720e-46,-1.80287e-44,-3.35756e-47,-1.15576e-45,-3.91781e-46
0.00000e+00,0.00000e+00,0.00000e+00,0.00000e+00,0.00000e+00,0.00000e+00,0.00000e+00,0.00000e+00,0.00000e+00,0.00000e+00,-1.77558e-49,-4.24102e-48,-7.42785e-51,-3.52171e-49,-7.12019e-52,-3.91781e-46,-9.06362e-45,-1.69035e-47,-7.78720e-46,-2.57060e-49
0.00000e+00,0.00000e+00,0.00000e+00,0.00000e+00,0.00000e+00,0.00000e+00,0.00000e+00,0.00000e+00,0.00000e+00,0.00000e+00,-7.12019e-52,-1.48800e-50,-3.37977e-53,-1.77558e-49,1.76175e-49,-2.57060e-49,-5.46129e-48,-1.21290e-50,-3.91781e-46,3.91284e-46
0.00000e+00,0.00000e+00,0.00000e+00,0.00000e+00,0.00000e+00,0.00000e+00,0.00000e+00,0.00000e+00,0.00000e+00,0.00000e+00,1.76175e-49,4.21210e-48,7.36223e-51,-7.12019e-52,3.50911e-49,3.91284e-46,9.05305e-45,1.68800e-47,-2.57060e-49,7.78273e-46
0.00000e+00,0.00000e+00,0.00000e+00,0.00000e+00,0.00000e+00,0.00000e+00,0.00000e+00,0.00000e+00,0.00000e+00,0.00000e+00,3.50911e-49,8.39304e-48,1.46602e-50,1.76175e-49,5.21009e-49,7.78273e-46,1.80192e-44,3.35546e-47,3.91284e-46,1.15540e-45
0.00000e+00,0.00000e+00,0.00000e+00,0.00000e+00,0.00000e+00,0.00000e+00,0.00000e+00,0.00000e+00,0.00000e+00,0.00000e+00,5.21009e-49,1.24728e-47,2.17493e-50,3.50911e-49,6.83459e-49,1.15540e-45,2.67804e-44,4.97655e-47,7.78273e-46,1.51604e-45
0.00000e+00,0.00000e+00,0.00000e+00,0.00000e+00,0.00000e+00,0.00000e+00,0.00000e+00,0.00000e+00,0.00000e+00,0.00000e+00,6.83459e-49,1.63817e-47,2.85004e-50,5.21009e-49,8.34640e-49,1.51604e-45,3.51885e-44,6.52188e-47,1.15540e-45,1.85202e-45
0.00000e+00,0.00000e+00,0.00000e+00,0.00000e+00,0.00000e+00,0.00000e+00,0.00000e+00,0.00000e+00,0.00000e+00,0.00000e+00,8.34640e-49,2.00326e-47,3.47629e-50,6.83459e-49,9.70397e-49,1.85202e-45,4.30533e-44,7.95639e-47,1.51604e-45,2.15378e-45
0.00000e+00,0.00000e+00,0.00000e+00,0.00000e+00,0.00000e+00,0.00000e+00,0.00000e+00,0.00000e+00,0.00000e+00,0.00000e+00,9.70397e-49,2.33232e-47,4.03680e-50,8.34640e-49,1.08628e-48,2.15378e-45,5.01456e-44,9.24013e-47,1.85202e-45,2.41096e-45
0.00000e+00,0.00000e+00,0.00000e+00,0.00000e+00,0.00000e+00,0.00000e+00,0.00000e+00,0.00000e+00,0.00000e+00,0.00000e+00,1.08628e-48,2.61416e-47,4.51380e-50,9.70397e-49,1.17792e-48,2.41096e-45,5.62126e-44,1.03306e-46,2.15378e-45,2.61331e-45
0.00000e+00,0.00000e+00,0.00000e+00,0.00000e+00,0.00000e+00,0.00000e+00,0.00000e+00,0.00000e+00,0.00000e+00,0.00000e+00,1.17792e-48,2.83767e-47,4.89004e-50,1.08628e-48,1.24148e-48,2.61331e-45,6.10009e-44,1.11861e-46,2.41096e-45,2.74983e-45
0.00000e+00,0.00000e+00,0.00000e+00,0.00000e+00,0.00000e+00,0.00000e+00,0.00000e+00,0.00000e+00,0.00000e+00,0.00000e+00,1.24148e-48,2.99303e-47,5.15051e-50,1.17792e-48,1.26581e-48,2.74983e-45,6.42382e-44,1.17623e-46,2.61331e-45,2.79713e-45
0.00000e+00,0.00000e+00,0.00000e+00,0.00000e+00,0.00000e+00,0.00000e+00,0.00000e+00,0.00000e+00,0.00000e+00,0.00000e+00,-5.14243e-50,-1.23977e-48,-2.13336e-51,-5.24062e-50,-4.88479e-50,-1.17598e-46,-2.74930e-45,-5.02650e-48,-1.19591e-46,-1.11842e-46
0.00000e+00,0.00000e+00,0.00000e+00,0.00000e+00,0.00000e+00,0.00000e+00,0.00000e+00,0.00000e+00,0.00000e+00,0.00000e+00,-4.88479e-50,-1.17681e-48,-2.02776e-51,-5.14243e-50,-4.51123e-50,-1.11842e-46,-2.61290e-45,-4.78343e-48,-1.17598e-46,-1.03295e-46
0.00000e+00,0.00000e+00,0.00000e+00,0.00000e+00,0.00000e+00,0.00000e+00,0.00000e+00,0.00000e+00,0.00000e+00,0.00000e+00,-4.51123e-50,-1.08575e-48,-1.87434e-51,-4.88479e-50,-4.03663e-50,-1.03295e-46,-2.41073e-45,-4.42191e-48,-1.11842e-46,-9.23985e-47
0.00000e+00,0.00000e+00,0.00000e+00,0.00000e+00,0.00000e+00,0.00000e+00,0.00000e+00,0.00000e+00,0.00000e+00,0.00000e+00,-4.03663e-50,-9.70372e-49,-1.67893e-51,-4.51123e-50,-3.47820e-50,-9.23985e-47,-2.15372e-45,-3.95988e-48,-1.03295e-46,-7.95688e-47
0.00000e+00,0.00000e+00,0.00000e+00,0.00000e+00,0.00000e+00,0.00000e+00,0.00000e+00,0.00000e+00,0.00000e+00,0.00000e+00,-3.47820e-50,-8.35052e-49,-1.44833e-51,-4.03663e-50,-2.85367e-50,-7.95688e-47,-1.85212e-45,-3.41420e-48,-9.23985e-47,-6.52304e-47
0.00000e+00,0.00000e+00,0.00000e+00,0.00000e+00,0.00000e+00,0.00000e+00,0.00000e+00,0.00000e+00,0.00000e+00,0.00000e+00,-2.85367e-50,-6.84231e-49,-1.18964e-51,-3.47820e-50,-2.17991e-50,-6.52304e-47,-1.51629e-45,-2.80236e-48,-7.95688e-47,-4.97826e-47
0.00000e+00,0.00000e+00,0.00000e+00,0.00000e+00,0.00000e+00,0.00000e+00,0.00000e+00,0.00000e+00,0.00000e+00,0.00000e+00,-2.17991e-50,-5.22065e-49,-9.09728e-52,-2.85367e-50,-1.47198e-50,-4.97826e-47,-1.15576e-45,-2.14106e-48,-6.52304e-47,-3.35756e-47
0.00000e+00,0.00000e+00,0.00000e+00,0.00000e+00,0.00000e+00,0.00000e+00,0.00000e+00,0.00000e+00,0.00000e+00,0.00000e+00,-1.47198e-50,-3.52171e-49,-6.14847e-52,-2.17991e-50,-7.42785e-51,-3.35756e-47,-7.78720e-46,-1.44531e-48,-4.97826e-47,-1.69035e-47
0.00000e+00,0.00000e+00,0.00000e+00,0.00000e+00,0.00000e+00,0.00000e+00,0.00000e+00,0.00000e+00,0.00000e+00,0.00000e+00,-7.42785e-51,-1.77558e-49,-3.10512e-52,-1.47198e-50,-3.37977e-53,-1.69035e-47,-3.91781e-46,-7.28068e-49,-3.35756e-47,-1.21290e-50
0.00000e+00,0.00000e+00,0.00000e+00,0.00000e+00,0.00000e+00,0.00000e+00,0.00000e+00,0.00000e+00,0.00000e+00,0.00000e+00,-3.37977e-53,-7.12019e-52,-1.59014e-54,-7.42785e-51,7.36223e-51,-1.21290e-50,-2.57060e-49,-5.73022e-52,-1.69035e-47,1.68800e-47
0.00000e+00,0.00000e+00,0.00000e+00,0.00000e+00,0.00000e+00,0.00000e+00,0.00000e+00,0.00000e+00,0.00000e+00,0.00000e+00,7.36223e-51,1.76175e-49,3.07426e-52,-3.37977e-53,1.46602e-50,1.68800e-47,3.91284e-46,7.26961e-49,-1.21290e-50,3.35546e-47
0.00000e+00,0.00000e+00,0.00000e+00,0.00000e+00,0.00000e+00,0.00000e+00,0.00000e+00,0.00000e+00,0.00000e+00,0.00000e+00,1.46602e-50,3.50911e-49,6.12042e-52,7.36223e-51,2.17493e-50,3.35546e-47,7.78273e-46,1.44432e-48,1.68800e-47,4.97655e-47
0.00000e+00,0.00000e+00,0.00000e+00,0.00000e+00,0.00000e+00,0.00000e+00,0.00000e+00,0.00000e+00,0.00000e+00,0.00000e+00,2.17493e-50,5.21009e-49,9.07389e-52,1.46602e-50,2.85004e-50,4.97655e-47,1.15540e-45,2.14026e-48,3.35546e-47,6.52188e-47
0.00000e+00,0.00000e+00,0.00000e+00,0.00000e+00,0.00000e+00,0.00000e+00,0.00000e+00,0.00000e+00,0.00000e+00,0.00000e+00,2.85004e-50,6.83459e-49,1.18795e-51,2.17493e-50,3.47629e-50,6.52188e-47,1.51604e-45,2.80182e-48,4.97655e-47,7.95639e-47
0.00000e+00,0.00000e+00,0.00000e+00,0.00000e+00,0.00000e+00,0.00000e+00,0.00000e+00,0.00000e+00,0.00000e+00,0.00000e+00,3.47629e-50,8.34640e-49,1.44745e-51,2.85004e-50,4.03680e-50,7.95639e-47,1.85202e-45,3.41398e-48,6.52188e-47,9.24013e-47
0.00000e+00,0.00000e+00,0.00000e+00,0.00000e+00,0.00000e+00,0.00000e+00,0.00000e+00,0.00000e+00,0.00000e+00,0.00000e+00,4.03680e-50,9.70397e-49,1.67903e-51,3.47629e-50,4.51380e-50,9.24013e-47,2.15378e-45,3.96002e-48,7.95639e-47,1.03306e-46
0.00000e+00,0.00000e+00,0.00000e+00,0.00000e+00,0.00000e+00,0.00000e+00,0.00000e+00,0.00000e+00,0.00000e+00,0.00000e+00,4.51380e-50,1.08628e-48,1.87557e-51,4.03680e-50,4.89004e-50,1.03306e-46,2.41096e-45,4.42243e-48,9.24013e-47,1.11861e-46
0.00000e+00,0.00000e+00,0.00000e+00,0.00000e+00,0.00000e+00,0.00000e+00,0.00000e+00,0.00000e+00,0.00000e+00,0.00000e+00,4.89004e-50,1.17792e-48,2.03023e-51,4.51380e-50,5.15051e-50,1.11861e-46,2.61331e-45,4.78432e-48,1.03306e-46,1.17623e-46
0.00000e+00,0.00000e+00,0.00000e+00,0.00000e+00,0.00000e+00,0.00000e+00,0.00000e+00,0.00000e+00,0.00000e+00,0.00000e+00,5.15051e-50,1.24148e-48,2.13713e-51,4.89004e-50,5.25013e-50,1.17623e-46,2.74983e-45,5.02768e-48,1.11861e-46,1.19619e-46
0.00000e+00,0.00000e+00,0.00000e+00,0.00000e+00,0.00000e+00,0.00000e+00,0.00000e+00,0.00000e+00,0.00000e+00,0.00000e+00,-2.13336e-51,-5.14243e-50,-8.85144e-53,-2.17355e-51,-2.02776e-51,-5.02650e-48,-1.17598e-46,-2.14700e-49,-5.11066e-48,-4.78343e-48
0.00000e+00,0.00000e+00,0.00000e+00,0.00000e+00,0.00000e+00,0.00000e+00,0.00000e+00,0.00000e+00,0.00000e+00,0.00000e+00,-2.02776e-51,-4.88479e-50,-8.41817e-53,-2.13336e-51,-1.87434e-51,-4.78343e-48,-1.11842e-46,-2.04430e-49,-5.02650e-48,-4.42191e-48
0.00000e+00,0.00000e+00,0.00000e+00,0.00000e+00,0.00000e+00,0.00000e+00,0.00000e+00,0.00000e+00,0.00000e+00,0.00000e+00,-1.87434e-51,-4.51123e-50,-7.78740e-53,-2.02776e-51,-1.67893e-51,-4.42191e-48,-1.03295e-46,-1.89133e-49,-4.78343e-48,-3.95988e-48
0.00000e+00,0.00000e+00,0.00000e+00,0.00000e+00,0.00000e+00,0.00000e+00,0.00000e+00,0.00000e+00,0.00000e+00,0.00000e+00,-1.67893e-51,-4.03663e-50,-6.98212e-53,-1.87434e-51,-1.44833e-51,-3.95988e-48,-9.23985e-47,-1.69539e-49,-4.42191e-48,-3.41420e-48
0.00000e+00,0.00000e+00,0.00000e+00,0.00000e+00,0.00000e+00,0.00000e+00,0.00000e+00,0.00000e+00,0.00000e+00,0.00000e+00,-1.44833e-51,-3.47820e-50,-6.02931e-53,-1.67893e-51,-1.18964e-51,-3.41420e-48,-7.95688e-47,-1.46335e-49,-3.95988e-48,-2.80236e-48
0.00000e+00,0.00000e+00,0.00000e+00,0.00000e+00,0.00000e+00,0.00000e+00,0.00000e+00,0.00000e+00,0.00000e+00,0.00000e+00,-1.18964e-51,-2.85367e-50,-4.95749e-53,-1.44833e-51,-9.09728e-52,-2.80236e-48,-6.52304e-47,-1.20240e-49,-3.41420e-48,-2.14106e-48
0.00000e+00,0.00000e+00,0.00000e+00,0.00000e+00,0.00000e+00,0.00000e+00,0.00000e+00,0.00000e+00,0.00000e+00,0.00000e+00,-9.09728e-52,-2.17991e-50,-3.79462e-53,-1.18964e-51,-6.14847e-52,-2.14106e-48,-4.97826e-47,-9.19558e-50,-2.80236e-48,-1.44531e-48
0.00000e+00,0.00000e+00,0.00000e+00,0.00000e+00,0.00000e+00,0.00000e+00,0.00000e+00,0.00000e+00,0.00000e+00,0.00000e+00,-6.14847e-52,-1.47198e-50,-2.56671e-53,-9.09728e-52,-3.10512e-52,-1.44531e-48,-3.35756e-47,-6.21226e-50,-2.14106e-48,-7.28068e-49
0.00000e+00,0.00000e+00,0.00000e+00,0.00000e+00,0.00000e+00,0.00000e+00,0.00000e+00,0.00000e+00,0.00000e+00,0.00000e+00,-3.10512e-52,-7.42785e-51,-1.29724e-53,-6.14847e-52,-1.59014e-54,-7.28068e-49,-1.69035e-47,-3.13108e-50,-1.44531e-48,-5.73022e-52
0.00000e+00,0.00000e+00,0.00000e+00,0.00000e+00,0.00000e+00,0.00000e+00,0.00000e+00,0.00000e+00,0.00000e+00,0.00000e+00,-1.59014e-54,-3.37977e-53,-7.41692e-56,-3.10512e-52,3.07426e-52,-5.73022e-52,-1.21290e-50,-2.70715e-53,-7.28068e-49,7.26961e-49
0.00000e+00,0.00000e+00,0.00000e+00,0.00000e+00,0.00000e+00,0.00000e+00,0.00000e+00,0.00000e+00,0.00000e+00,0.00000e+00,3.07426e-52,7.36223e-51,1.28285e-53,-1.59014e-54,6.12042e-52,7.26961e-49,1.68800e-47,3.12585e-50,-5.73022e-52,1.44432e-48
0.00000e+00,0.00000e+00,0.00000e+00,0.00000e+00,0.00000e+00,0.00000e+00,0.00000e+00,0.00000e+00,0.00000e+00,0.00000e+00,6.12042e-52,1.46602e-50,2.55364e-53,3.07426e-52,9.07389e-52,1.44432e-48,3.35546e-47,6.20758e-50,7.26961e-49,2.14026e-48
0.00000e+00,0.00000e+00,0.00000e+00,0.00000e+00,0.00000e+00,0.00000e+00,0.00000e+00,0.00000e+00,0.00000e+00,0.00000e+00,9.07389e-52,2.17493e-50,3.78373e-53,6.12042e-52,1.18795e-51,2.14026e-48,4.97655e-47,9.19180e-50,1.44432e-48,2.80182e-48
0.00000e+00,0.00000e+00,0.00000e+00,0.00000e+00,0.00000e+00,0.00000e+00,0.00000e+00,0.00000e+00,0.00000e+00,0.00000e+00,1.18795e-51,2.85004e-50,4.94962e-53,9.07389e-52,1.44745e-51,2.80182e-48,6.52188e-47,1.20215e-49,2.14026e-48,3.41398e-48
0.00000e+00,0.00000e+00,0.00000e+00,0.00000e+00,0.00000e+00,0.00000e+00,0.00000e+00,0.00000e+00,0.00000e+00,0.00000e+00,1.44745e-51,3.47629e-50,6.02527e-53,1.18795e-51,1.67903e-51,3.41398e-48,7.95639e-47,1.46324e-49,2.80182e-48,3.96002e-48
0.00000e+00,0.00000e+00,0.00000e+00,0.00000e+00,0.00000e+00,0.00000e+00,0.00000e+00,0.00000e+00,0.00000e+00,0.00000e+00,1.67903e-51,4.03680e-50,6.98265e-53,1.44745e-51,1.87557e-51,3.96002e-48,9.24013e-47,1.69546e-49,3.41398e-48,4.42243e-48
0.00000e+00,0.00000e+00,0.00000e+00,0.00000e+00,0.00000e+00,0.00000e+00,0.00000e+00,0.00000e+00,0.00000e+00,0.00000e+00,1.87557e-51,4.51380e-50,7.79316e-53,1.67903e-51,2.03023e-51,4.42243e-48,1.03306e-46,1.89158e-49,3.96002e-48,4.78432e-48
0.00000e+00,0.00000e+00,0.00000e+00,0.00000e+00,0.00000e+00,0.00000e+00,0.00000e+00,0.00000e+00,0.00000e+00,0.00000e+00,2.03023e-51,4.89004e-50,8.42969e-53,1.87557e-51,2.13713e-51,4.78432e-48,1.11861e-46,2.04472e-49,4.42243e-48,5.02768e-48
0.00000e+00,0.00000e+00,0.00000e+00,0.00000e+00,0.00000e+00,0.00000e+00,0.00000e+00,0.00000e+00,0.00000e+00,0.00000e+00,2.13713e-51,5.15051e-50,8.86897e-53,2.03023e-51,2.17798e-51,5.02768e-48,1.17623e-46,2.14755e-49,4.78432e-48,5.11196e-48
0.00000e+00,0.00000e+00,0.00000e+00,0.00000e+00,0.00000e+00,0.00000e+00,0.00000e+00,0.00000e+00,0.00000e+00,0.00000e+00,-8.85144e-53,-2.13336e-51,-3.67293e-54,-9.01617e-53,-8.41817e-53,-2.14700e-49,-5.02650e-48,-9.16455e-51,-2.18256e-49,-2.04430e-49
0.00000e+00,0.00000e+00,0.00000e+00,0.00000e+00,0.00000e+00,0.00000e+00,0.00000e+00,0.00000e+00,0.00000e+00,0.00000e+00,-8.41817e-53,-2.02776e-51,-3.49495e-54,-8.85144e-53,-7.78740e-53,-2.04430e-49,-4.78343e-48,-8.73041e-51,-2.14700e-49,-1.89133e-49
0.00000e+00,0.00000e+00,0.00000e+00,0.00000e+00,0.00000e+00,0.00000e+00,0.00000e+00,0.00000e+00,0.00000e+00,0.00000e+00,-7.78740e-53,-1.87434e-51,-3.23537e-54,-8.41817e-53,-6.98212e-53,-1.89133e-49,-4.42191e-48,-8.08300e-51,-2.04430e-49,-1.69539e-49
0.00000e+00,0.00000e+00,0.00000e+00,0.00000e+00,0.00000e+00,0.00000e+00,0.00000e+00,0.00000e+00,0.00000e+00,0.00000e+00,-6.98212e-53,-1.67893e-51,-2.90327e-54,-7.78740e-53,-6.02931e-53,-1.69539e-49,-3.95988e-48,-7.25199e-51,-1.89133e-49,-1.46335e-49
0.00000e+00,0.00000e+00,0.00000e+00,0.00000e+00,0.00000e+00,0.00000e+00,0.00000e+00,0.00000e+00,0.00000e+00,0.00000e+00,-6.02931e-53,-1.44833e-51,-2.50938e-54,-6.98212e-53,-4.95749e-53,-1.46335e-49,-3.41420e-48,-6.26543e-51,-1.69539e-49,-1.20240e-49
0.00000e+00,0.00000e+00,0.00000e+00,0.00000e+00,0.00000e+00,0.00000e+00,0.00000e+00,0.00000e+00,0.00000e+00,0.00000e+00,-4.95749e-53,-1.18964e-51,-2.06518e-54,-6.02931e-53,-3.79462e-53,-1.20240e-49,-2.80236e-48,-5.15310e-51,-1.46335e-49,-9.19558e-50
0.00000e+00,0.00000e+00,0.00000e+00,0.00000e+00,0.00000e+00,0.00000e+00,0.00000e+00,0.00000e+00,0.00000e+00,0.00000e+00,-3.79462e-53,-9.09728e-52,-1.58210e-54,-4.95749e-53,-2.56671e-53,-9.19558e-50,-2.14106e-48,-3.94432e-51,-1.20240e-49,-6.21226e-50
0.00000e+00,0.00000e+00,0.00000e+00,0.00000e+00,0.00000e+00,0.00000e+00,0.00000e+00,0.00000e+00,0.00000e+00,0.00000e+00,-2.56671e-53,-6.14847e-52,-1.07094e-54,-3.79462e-53,-1.29724e-53,-6.21226e-50,-1.44531e-48,-2.66652e-51,-9.19558e-50,-3.13108e-50
0.00000e+00,0.00000e+00,0.00000e+00,0.00000e+00,0.00000e+00,0.00000e+00,0.00000e+00,0.00000e+00,0.00000e+00,0.00000e+00,-1.29724e-53,-3.10512e-52,-5.41652e-55,-2.56671e-53,-7.41692e-56,-3.13108e-50,-7.28068e-49,-1.34462e-51,-6.21226e-50,-2.70715e-53
0.00000e+00,0.00000e+00,0.00000e+00,0.00000e+00,0.00000e+00,0.00000e+00,0.00000e+00,0.00000e+00,0.00000e+00,0.00000e+00,-7.41692e-56,-1.59014e-54,-3.43314e-57,-1.29724e-53,1.28285e-53,-2.70715e-53,-5.73022e-52,-1.27736e-54,-3.13108e-50,3.12585e-50
0.00000e+00,0.00000e+00,0.00000e+00,0.00000e+00,0.00000e+00,0.00000e+00,0.00000e+00,0.00000e+00,0.00000e+00,0.00000e+00,1.28285e-53,3.07426e-52,5.34991e-55,-7.41692e-56,2.55364e-53,3.12585e-50,7.26961e-49,1.34215e-51,-2.70715e-53,6.20758e-50
0.00000e+00,0.00000e+00,0.00000e+00,0.00000e+00,0.00000e+00,0.00000e+00,0.00000e+00,0.00000e+00,0.00000e+00,0.00000e+00,2.55364e-53,6.12042e-52,1.06489e-54,1.28285e-53,3.78373e-53,6.20758e-50,1.44432e-48,2.66432e-51,3.12585e-50,9.19180e-50
0.00000e+00,0.00000e+00,0.00000e+00,0.00000e+00,0.00000e+00,0.00000e+00,0.00000e+00,0.00000e+00,0.00000e+00,0.00000e+00,3.78373e-53,9.07389e-52,1.57707e-54,2.55364e-53,4.94962e-53,9.19180e-50,2.14026e-48,3.94255e-51,6.20758e-50,1.20215e-49
0.00000e+00,0.00000e+00,0.00000e+00,0.00000e+00,0.00000e+00,0.00000e+00,0.00000e+00,0.00000e+00,0.00000e+00,0.00000e+00,4.94962e-53,1.18795e-51,2.06155e-54,3.78373e-53,6.02527e-53,1.20215e-49,2.80182e-48,5.15191e-51,9.19180e-50,1.46324e-49
0.00000e+00,0.00000e+00,0.00000e+00,0.00000e+00,0.00000e+00,0.00000e+00,0.00000e+00,0.00000e+00,0.00000e+00,0.00000e+00,6.02527e-53,1.44745e-51,2.50752e-54,4.94962e-53,6.98265e-53,1.46324e-49,3.41398e-48,6.26495e-51,1.20215e-49,1.69546e-49
0.00000e+00,0.00000e+00,0.00000e+00,0.00000e+00,0.00000e+00,0.00000e+00,0.00000e+00,0.00000e+00,0.00000e+00,0.00000e+00,6.98265e-53,1.67903e-51,2.90353e-54,6.02527e-53,7.79316e-53,1.69546e-49,3.96002e-48,7.25231e-51,1.46324e-49,1.89158e-49
0.00000e+00,0.00000e+00,0.00000e+00,0.00000e+00,0.00000e+00,0.00000e+00,0.00000e+00,0.00000e+00,0.00000e+00,0.00000e+00,7.79316e-53,1.87557e-51,3.23806e-54,6.98265e-53,8.42969e-53,1.89158e-49,4.42243e-48,8.08417e-51,1.69546e-49,2.04472e-49
0.00000e+00,0.00000e+00,0.00000e+00,0.00000e+00,0.00000e+00,0.00000e+00,0.00000e+00,0.00000e+00,0.00000e+00,0.00000e+00,8.42969e-53,2.03023e-51,3.50029e-54,7.79316e-53,8.86897e-53,2.04472e-49,4.78432e-48,8.73238e-51,1.89158e-49,2.14755e-49
0.00000e+00,0.00000e+00,0.00000e+00,0.00000e+00,0.00000e+00,0.00000e+00,0.00000e+00,0.00000e+00,0.00000e+00,0.00000e+00,8.86897e-53,2.13713e-51,3.68103e-54,8.42969e-53,9.03672e-53,2.14755e-49,5.02768e-48,9.16716e-51,2.04472e-49,2.18317e-49
0.00000e+00,0.00000e+00,0.00000e+00,0.00000e+00,0.00000e+00,0.00000e+00,0.00000e+00,0.00000e+00,0.00000e+00,0.00000e+00,-3.67293e-54,-8.85144e-53,-1.52424e-55,-3.74053e-54,-3.49495e-54,-9.16455e-51,-2.14700e-49,-3.90945e-52,-9.31492e-51,-8.73041e-51
0.00000e+00,0.00000e+00,0.00000e+00,0.00000e+00,0.00000e+00,0.00000e+00,0.00000e+00,0.00000e+00,0.00000e+00,0.00000e+00,-3.49495e-54,-8.41817e-53,-1.45106e-55,-3.67293e-54,-3.23537e-54,-8.73041e-51,-2.04430e-49,-3.72585e-52,-9.16455e-51,-8.08300e-51
0.00000e+00,0.00000e+00,0.00000e+00,0.00000e+00,0.00000e+00,0.00000e+00,0.00000e+00,0.00000e+00,0.00000e+00,0.00000e+00,-3.23537e-54,-7.78740e-53,-1.34414e-55,-3.49495e-54,-2.90327e-54,-8.08300e-51,-1.89133e-49,-3.45178e-52,-8.73041e-51,-7.25199e-51
0.00000e+00,0.00000e+00,0.00000e+00,0.00000e+00,0.00000e+00,0.00000e+00,0.00000e+00,0.00000e+00,0.00000e+00,0.00000e+00,-2.90327e-54,-6.98212e-53,-1.20708e-55,-3.23537e-54,-2.50938e-54,-7.25199e-51,-1.69539e-49,-3.09932e-52,-8.08300e-51,-6.26543e-51
0.00000e+00,0.00000e+00,0.00000e+00,0.00000e+00,0.00000e+00,0.00000e+00,0.00000e+00,0.00000e+00,0.00000e+00,0.00000e+00,-2.50938e-54,-6.02931e-53,-1.04418e-55,-2.90327e-54,-2.06518e-54,-6.26543e-51,-1.46335e-49,-2.67997e-52,-7.25199e-51,-5.15310e-51
0.00000e+00,0.00000e+00,0.00000e+00,0.00000e+00,0.00000e+00,0.00000e+00,0.00000e+00,0.00000e+00,0.00000e+00,0.00000e+00,-2.06518e-54,-4.95749e-53,-8.60050e-56,-2.50938e-54,-1.58210e-54,-5.15310e-51,-1.20240e-49,-2.20606e-52,-6.26543e-51,-3.94432e-51
0.00000e+00,0.00000e+00,0.00000e+00,0.00000e+00,0.00000e+00,0.00000e+00,0.00000e+00,0.00000e+00,0.00000e+00,0.00000e+00,-1.58210e-54,-3.79462e-53,-6.59373e-56,-2.06518e-54,-1.07094e-54,-3.94432e-51,-9.19558e-50,-1.68987e-52,-5.15310e-51,-2.66652e-51
0.00000e+00,0.00000e+00,0.00000e+00,0.00000e+00,0.00000e+00,0.00000e+00,0.00000e+00,0.00000e+00,0.00000e+00,0.00000e+00,-1.07094e-54,-2.56671e-53,-4.46636e-56,-1.58210e-54,-5.41652e-55,-2.66652e-51,-6.21226e-50,-1.14313e-52,-3.94432e-51,-1.34462e-51
0.00000e+00,0.00000e+00,0.00000e+00,0.00000e+00,0.00000e+00,0.00000e+00,0.00000e+00,0.00000e+00,0.00000e+00,0.00000e+00,-5.41652e-55,-1.29724e-53,-2.26053e-56,-1.07094e-54,-3.43314e-57,-1.34462e-51,-3.13108e-50,-5.76683e-53,-2.66652e-51,-1.27736e-54
0.00000e+00,0.00000e+00,0.00000e+00,0.00000e+00,0.00000e+00,0.00000e+00,0.00000e+00,0.00000e+00,0.00000e+00,0.00000e+00,-3.43314e-57,-7.41692e-56,-1.57953e-58,-5.41652e-55,5.34991e-55,-1.27736e-54,-2.70715e-53,-6.01372e-56,-1.34462e-51,1.34215e-51
0.00000e+00,0.00000e+00,0.00000e+00,0.00000e+00,0.00000e+00,0.00000e+00,0.00000e+00,0.00000e+00,0.00000e+00,0.00000e+00,5.34991e-55,1.28285e-53,2.22989e-56,-3.43314e-57,1.06489e-54,1.34215e-51,3.12585e-50,5.75523e-53,-1.27736e-54,2.66432e-51
0.00000e+00,0.00000e+00,0.00000e+00,0.00000e+00,0.00000e+00,0.00000e+00,0.00000e+00,0.00000e+00,0.00000e+00,0.00000e+00,1.06489e-54,2.55364e-53,4.43853e-56,5.34991e-55,1.57707e-54,2.66432e-51,6.20758e-50,1.14209e-52,1.34215e-51,3.94255e-51
0.00000e+00,0.00000e+00,0.00000e+00,0.00000e+00,0.00000e+00,0.00000e+00,0.00000e+00,0.00000e+00,0.00000e+00,0.00000e+00,1.57707e-54,3.78373e-53,6.57058e-56,1.06489e-54,2.06155e-54,3.94255e-51,9.19180e-50,1.68904e-52,2.66432e-51,5.15191e-51
0.00000e+00,0.00000e+00,0.00000e+00,0.00000e+00,0.00000e+00,0.00000e+00,0.00000e+00,0.00000e+00,0.00000e+00,0.00000e+00,2.06155e-54,4.94962e-53,8.58382e-56,1.57707e-54,2.50752e-54,5.15191e-51,1.20215e-49,2.20550e-52,3.94255e-51,6.26495e-51
0.00000e+00,0.00000e+00,0.00000e+00,0.00000e+00,0.00000e+00,0.00000e+00,0.00000e+00,0.00000e+00,0.00000e+00,0.00000e+00,2.50752e-54,6.02527e-53,1.04333e-55,2.06155e-54,2.90353e-54,6.26495e-51,1.46324e-49,2.67975e-52,5.15191e-51,7.25231e-51
0.00000e+00,0.00000e+00,0.00000e+00,0.00000e+00,0.00000e+00,0.00000e+00,0.00000e+00,0.00000e+00,0.00000e+00,0.00000e+00,2.90353e-54,6.98265e-53,1.20721e-55,2.50752e-54,3.23806e-54,7.25231e-51,1.69546e-49,3.09948e-52,6.26495e-51,8.08417e-51
0.00000e+00,0.00000e+00,0.00000e+00,0.00000e+00,0.00000e+00,0.00000e+00,0.00000e+00,0.00000e+00,0.00000e+00,0.00000e+00,3.23806e-54,7.79316e-53,1.34538e-55,2.90353e-54,3.50029e-54,8.08417e-51,1.89158e-49,3.45233e-52,7.25231e-51,8.73238e-51
0.00000e+00,0.00000e+00,0.00000e+00,0.00000e+00,0.00000e+00,0.00000e+00,0.00000e+00,0.00000e+00,0.00000e+00,0.00000e+00,3.50029e-54,8.42969e-53,1.45351e-55,3.23806e-54,3.68103e-54,8.73238e-51,2.04472e-49,3.72678e-52,8.08417e-51,9.16716e-51
0.00000e+00,0.00000e+00,0.00000e+00,0.00000e+00,0.00000e+00,0.00000e+00,0.00000e+00,0.00000e+00,0.00000e+00,0.00000e+00,3.68103e-54,8.86897e-53,1.52795e-55,3.50029e-54,3.75000e-54,9.16716e-51,2.14755e-49,3.91067e-52,8.73238e-51,9.31778e-51
0.00000e+00,0.00000e+00,0.00000e+00,0.00000e+00,0.00000e+00,0.00000e+00,0.00000e+00,0.00000e+00,0.00000e+00,0.00000e+00,-1.52424e-55,-3.67293e-54,-6.32591e-57,-1.55200e-55,-1.45106e-55,-3.90945e-52,-9.16455e-51,-1.66670e-53,-3.97306e-52,-3.72585e-52
0.00000e+00,0.00000e+00,0.00000e+00,0.00000e+00,0.00000e+00,0.00000e+00,0.00000e+00,0.00000e+00,0.00000e+00,0.00000e+00,-1.45106e-55,-3.49495e-54,-6.02478e-57,-1.52424e-55,-1.34414e-55,-3.72585e-52,-8.73041e-51,-1.58903e-53,-3.90945e-52,-3.45178e-52
0.00000e+00,0.00000e+00,0.00000e+00,0.00000e+00,0.00000e+00,0.00000e+00,0.00000e+00,0.00000e+00,0.00000e+00,0.00000e+00,-1.34414e-55,-3.23537e-54,-5.58410e-57,-1.45106e-55,-1.20708e-55,-3.45178e-52,-8.08300e-51,-1.47298e-53,-3.72585e-52,-3.09932e-52
0.00000e+00,0.00000e+00,0.00000e+00,0.00000e+00,0.00000e+00,0.00000e+00,0.00000e+00,0.00000e+00,0.00000e+00,0.00000e+00,-1.20708e-55,-2.90327e-54,-5.01814e-57,-1.34414e-55,-1.04418e-55,-3.09932e-52,-7.25199e-51,-1.32349e-53,-3.45178e-52,-2.67997e-52
0.00000e+00,0.00000e+00,0.00000e+00,0.00000e+00,0.00000e+00,0.00000e+00,0.00000e+00,0.00000e+00,0.00000e+00,0.00000e+00,-1.04418e-55,-2.50938e-54,-4.34411e-57,-1.20708e-55,-8.60050e-56,-2.67997e-52,-6.26543e-51,-1.14529e-53,-3.09932e-52,-2.20606e-52
0.00000e+00,0.00000e+00,0.00000e+00,0.00000e+00,0.00000e+00,0.00000e+00,0.00000e+00,0.00000e+00,0.00000e+00,0.00000e+00,-8.60050e-56,-2.06518e-54,-3.58074e-57,-1.04418e-55,-6.59373e-56,-2.20606e-52,-5.15310e-51,-9.43468e-54,-2.67997e-52,-1.68987e-52
0.00000e+00,0.00000e+00,0.00000e+00,0.00000e+00,0.00000e+00,0.00000e+00,0.00000e+00,0.00000e+00,0.00000e+00,0.00000e+00,-6.59373e-56,-1.58210e-54,-2.74714e-57,-8.60050e-56,-4.46636e-56,-1.68987e-52,-3.94432e-51,-7.23201e-54,-2.20606e-52,-1.14313e-52
0.00000e+00,0.00000e+00,0.00000e+00,0.00000e+00,0.00000e+00,0.00000e+00,0.00000e+00,0.00000e+00,0.00000e+00,0.00000e+00,-4.46636e-56,-1.07094e-54,-1.86196e-57,-6.59373e-56,-2.26053e-56,-1.14313e-52,-2.66652e-51,-4.89485e-54,-1.68987e-52,-5.76683e-53
0.00000e+00,0.00000e+00,0.00000e+00,0.00000e+00,0.00000e+00,0.00000e+00,0.00000e+00,0.00000e+00,0.00000e+00,0.00000e+00,-2.26053e-56,-5.41652e-55,-9.43020e-58,-4.46636e-56,-1.57953e-58,-5.76683e-53,-1.34462e-51,-2.47032e-54,-1.14313e-52,-6.01372e-56
0.00000e+00,0.00000e+00,0.00000e+00,0.00000e+00,0.00000e+00,0.00000e+00,0.00000e+00,0.00000e+00,0.00000e+00,0.00000e+00,-1.57953e-58,-3.43314e-57,-7.23740e-60,-2.26053e-56,2.22989e-56,-6.01372e-56,-1.27736e-54,-2.82301e-57,-5.76683e-53,5.75523e-53
0.00000e+00,0.00000e+00,0.00000e+00,0.00000e+00,0.00000e+00,0.00000e+00,0.00000e+00,0.00000e+00,0.00000e+00,0.00000e+00,2.22989e-56,5.34991e-55,9.28976e-58,-1.57953e-58,4.43853e-56,5.75523e-53,1.34215e-51,2.46487e-54,-6.01372e-56,1.14209e-52
0.00000e+00,0.00000e+00,0.00000e+00,0.00000e+00,0.00000e+00,0.00000e+00,0.00000e+00,0.00000e+00,0.00000e+00,0.00000e+00,4.43853e-56,1.06489e-54,1.84921e-57,2.22989e-56,6.57058e-56,1.14209e-52,2.66432e-51,4.88999e-54,5.75523e-53,1.68904e-52
0.00000e+00,0.00000e+00,0.00000e+00,0.00000e+00,0.00000e+00,0.00000e+00,0.00000e+00,0.00000e+00,0.00000e+00,0.00000e+00,6.57058e-56,1.57707e-54,2.73652e-57,4.43853e-56,8.58382e-56,1.68904e-52,3.94255e-51,7.22812e-54,1.14209e-52,2.20550e-52
0.00000e+00,0.00000e+00,0.00000e+00,0.00000e+00,0.00000e+00,0.00000e+00,0.00000e+00,0.00000e+00,0.00000e+00,0.00000e+00,8.58382e-56,2.06155e-54,3.57309e-57,6.57058e-56,1.04333e-55,2.20550e-52,5.15191e-51,9.43207e-54,1.68904e-52,2.67975e-52
0.00000e+00,0.00000e+00,0.00000e+00,0.00000e+00,0.00000e+00,0.00000e+00,0.00000e+00,0.00000e+00,0.00000e+00,0.00000e+00,1.04333e-55,2.50752e-54,4.34022e-57,8.58382e-56,1.20721e-55,2.67975e-52,6.26495e-51,1.14518e-53,2.20550e-52,3.09948e-52
0.00000e+00,0.00000e+00,0.00000e+00,0.00000e+00,0.00000e+00,0.00000e+00,0.00000e+00,0.00000e+00,0.00000e+00,0.00000e+00,1.20721e-55,2.90353e-54,5.01872e-57,1.04333e-55,1.34538e-55,3.09948e-52,7.25231e-51,1.32357e-53,2.67975e-52,3.45233e-52
0.00000e+00,0.00000e+00,0.00000e+00,0.00000e+00,0.00000e+00,0.00000e+00,0.00000e+00,0.00000e+00,0.00000e+00,0.00000e+00,1.34538e-55,3.23806e-54,5.58977e-57,1.20721e-55,1.45351e-55,3.45233e-52,8.08417e-51,1.47324e-53,3.09948e-52,3.72678e-52
0.00000e+00,0.00000e+00,0.00000e+00,0.00000e+00,0.00000e+00,0.00000e+00,0.00000e+00,0.00000e+00,0.00000e+00,0.00000e+00,1.45351e-55,3.50029e-54,6.03604e-57,1.34538e-55,1.52795e-55,3.72678e-52,8.73238e-51,1.58946e-53,3.45233e-52,3.91067e-52
0.00000e+00,0.00000e+00,0.00000e+00,0.00000e+00,0.00000e+00,0.00000e+00,0.00000e+00,0.00000e+00,0.00000e+00,0.00000e+00,1.52795e-55,3.68103e-54,6.34295e-57,1.45351e-55,1.55635e-55,3.91067e-52,9.16716e-51,1.66727e-53,3.72678e-52,3.97440e-52
0.00000e+00,0.00000e+00,0.00000e+00,0.00000e+00,0.00000e+00,0.00000e+00,0.00000e+00,0.00000e+00,0.00000e+00,0.00000e+00,-6.32591e-57,-1.52424e-55,-2.62554e-58,-6.44003e-57,-6.02478e-57,-1.66670e-53,-3.90945e-52,-7.10139e-55,-1.69362e-53,-1.58903e-53
0.00000e+00,0.00000e+00,0.00000e+00,0.00000e+00,0.00000e+00,0.00000e+00,0.00000e+00,0.00000e+00,0.00000e+00,0.00000e+00,-6.02478e-57,-1.45106e-55,-2.50154e-58,-6.32591e-57,-5.58410e-57,-1.58903e-53,-3.72585e-52,-6.77273e-55,-1.66670e-53,-1.47298e-53
0.00000e+00,0.00000e+00,0.00000e+00,0.00000e+00,0.00000e+00,0.00000e+00,0.00000e+00,0.00000e+00,0.00000e+00,0.00000e+00,-5.58410e-57,-1.34414e-55,-2.31979e-58,-6.02478e-57,-5.01814e-57,-1.47298e-53,-3.45178e-52,-6.28130e-55,-1.58903e-53,-1.32349e-53
0.00000e+00,0.00000e+00,0.00000e+00,0.00000e+00,0.00000e+00,0.00000e+00,0.00000e+00,0.00000e+00,0.00000e+00,0.00000e+00,-5.01814e-57,-1.20708e-55,-2.08597e-58,-5.58410e-57,-4.34411e-57,-1.32349e-53,-3.09932e-52,-5.64733e-55,-1.47298e-53,-1.14529e-53
0.00000e+00,0.00000e+00,0.00000e+00,0.00000e+00,0.00000e+00,0.00000e+00,0.00000e+00,0.00000e+00,0.00000e+00,0.00000e+00,-4.34411e-57,-1.04418e-55,-1.80699e-58,-5.01814e-57,-3.58074e-57,-1.14529e-53,-2.67997e-52,-4.89021e-55,-1.32349e-53,-9.43468e-54
0.00000e+00,0.00000e+00,0.00000e+00,0.00000e+00,0.00000e+00,0.00000e+00,0.00000e+00,0.00000e+00,0.00000e+00,0.00000e+00,-3.58074e-57,-8.60050e-56,-1.49045e-58,-4.34411e-57,-2.74714e-57,-9.43468e-54,-2.20606e-52,-4.03116e-55,-1.14529e-53,-7.23201e-54
0.00000e+00,0.00000e+00,0.00000e+00,0.00000e+00,0.00000e+00,0.00000e+00,0.00000e+00,0.00000e+00,0.00000e+00,0.00000e+00,-2.74714e-57,-6.59373e-56,-1.14419e-58,-3.58074e-57,-1.86196e-57,-7.23201e-54,-1.68987e-52,-3.09190e-55,-9.43468e-54,-4.89485e-54
0.00000e+00,0.00000e+00,0.00000e+00,0.00000e+00,0.00000e+00,0.00000e+00,0.00000e+00,0.00000e+00,0.00000e+00,0.00000e+00,-1.86196e-57,-4.46636e-56,-7.75961e-59,-2.74714e-57,-9.43020e-58,-4.89485e-54,-1.14313e-52,-2.09372e-55,-7.23201e-54,-2.47032e-54
0.00000e+00,0.00000e+00,0.00000e+00,0.00000e+00,0.00000e+00,0.00000e+00,0.00000e+00,0.00000e+00,0.00000e+00,0.00000e+00,-9.43020e-58,-2.26053e-56,-3.93259e-59,-1.86196e-57,-7.23740e-60,-2.47032e-54,-5.76683e-53,-1.05703e-55,-4.89485e-54,-2.82301e-57
0.00000e+00,0.00000e+00,0.00000e+00,0.00000e+00,0.00000e+00,0.00000e+00,0.00000e+00,0.00000e+00,0.00000e+00,0.00000e+00,-7.23740e-60,-1.57953e-58,-3.30944e-61,-9.43020e-58,9.28976e-58,-2.82301e-57,-6.01372e-56,-1.32095e-58,-2.47032e-54,2.46487e-54
0.00000e+00,0.00000e+00,0.00000e+00,0.00000e+00,0.00000e+00,0.00000e+00,0.00000e+00,0.00000e+00,0.00000e+00,0.00000e+00,9.28976e-58,2.22989e-56,3.86837e-59,-7.23740e-60,1.84921e-57,2.46487e-54,5.75523e-53,1.05448e-55,-2.82301e-57,4.88999e-54
0.00000e+00,0.00000e+00,0.00000e+00,0.00000e+00,0.00000e+00,0.00000e+00,0.00000e+00,0.00000e+00,0.00000e+00,0.00000e+00,1.84921e-57,4.43853e-56,7.70128e-59,9.28976e-58,2.73652e-57,4.88999e-54,1.14209e-52,2.09145e-55,2.46487e-54,7.22812e-54
0.00000e+00,0.00000e+00,0.00000e+00,0.00000e+00,0.00000e+00,0.00000e+00,0.00000e+00,0.00000e+00,0.00000e+00,0.00000e+00,2.73652e-57,6.57058e-56,1.13934e-58,1.84921e-57,3.57309e-57,7.22812e-54,1.68904e-52,3.09008e-55,4.88999e-54,9.43207e-54
0.00000e+00,0.00000e+00,0.00000e+00,0.00000e+00,0.00000e+00,0.00000e+00,0.00000e+00,0.00000e+00,0.00000e+00,0.00000e+00,3.57309e-57,8.58382e-56,1.48695e-58,2.73652e-57,4.34022e-57,9.43207e-54,2.20550e-52,4.02995e-55,7.22812e-54,1.14518e-53
0.00000e+00,0.00000e+00,0.00000e+00,0.00000e+00,0.00000e+00,0.00000e+00,0.00000e+00,0.00000e+00,0.00000e+00,0.00000e+00,4.34022e-57,1.04333e-55,1.80521e-58,3.57309e-57,5.01872e-57,1.14518e-53,2.67975e-52,4.88974e-55,9.43207e-54,1.32357e-53
0.00000e+00,0.00000e+00,0.00000e+00,0.00000e+00,0.00000e+00,0.00000e+00,0.00000e+00,0.00000e+00,0.00000e+00,0.00000e+00,5.01872e-57,1.20721e-55,2.08623e-58,4.34022e-57,5.58977e-57,1.32357e-53,3.09948e-52,5.64768e-55,1.14518e-53,1.47324e-53
0.00000e+00,0.00000e+00,0.00000e+00,0.00000e+00,0.00000e+00,0.00000e+00,0.00000e+00,0.00000e+00,0.00000e+00,0.00000e+00,5.58977e-57,1.34538e-55,2.32238e-58,5.01872e-57,6.03604e-57,1.47324e-53,3.45233e-52,6.28252e-55,1.32357e-53,1.58946e-53
0.00000e+00,0.00000e+00,0.00000e+00,0.00000e+00,0.00000e+00,0.00000e+00,0.00000e+00,0.00000e+00,0.00000e+00,0.00000e+00,6.03604e-57,1.45351e-55,2.50669e-58,5.58977e-57,6.34295e-57,1.58946e-53,3.72678e-52,6.77476e-55,1.47324e-53,1.66727e-53
0.00000e+00,0.00000e+00,0.00000e+00,0.00000e+00,0.00000e+00,0.00000e+00,0.00000e+00,0.00000e+00,0.00000e+00,0.00000e+00,6.34295e-57,1.52795e-55,2.63334e-58,6.03604e-57,6.45997e-57,1.66727e-53,3.91067e-52,7.10406e-55,1.58946e-53,1.69425e-53
0.00000e+00,0.00000e+00,0.00000e+00,0.00000e+00,0.00000e+00,0.00000e+00,0.00000e+00,0.00000e+00,0.00000e+00,0.00000e+00,-2.62554e-58,-6.32591e-57,-1.08976e-59,-2.67248e-58,-2.50154e-58,-7.10139e-55,-1.66670e-53,-3.02403e-56,-7.21538e-55,-6.77273e-55
0.00000e+00,0.00000e+00,0.00000e+00,0.00000e+00,0.00000e+00,0.00000e+00,0.00000e+00,0.00000e+00,0.00000e+00,0.00000e+00,-2.50154e-58,-6.02478e-57,-1.03867e-59,-2.62554e-58,-2.31979e-58,-6.77273e-55,-1.58903e-53,-2.88493e-56,-7.10139e-55,-6.28130e-55
0.00000e+00,0.00000e+00,0.00000e+00,0.00000e+00,0.00000e+00,0.00000e+00,0.00000e+00,0.00000e+00,0.00000e+00,0.00000e+00,-2.31979e-58,-5.58410e-57,-9.63671e-60,-2.50154e-58,-2.08597e-58,-6.28130e-55,-1.47298e-53,-2.67681e-56,-6.77273e-55,-5.64733e-55
0.00000e+00,0.00000e+00,0.00000e+00,0.00000e+00,0.00000e+00,0.00000e+00,0.00000e+00,0.00000e+00,0.00000e+00,0.00000e+00,-2.08597e-58,-5.01814e-57,-8.67029e-60,-2.31979e-58,-1.80699e-58,-5.64733e-55,-1.32349e-53,-2.40796e-56,-6.28130e-55,-4.89021e-55
0.00000e+00,0.00000e+00,0.00000e+00,0.00000e+00,0.00000e+00,0.00000e+00,0.00000e+00,0.00000e+00,0.00000e+00,0.00000e+00,-1.80699e-58,-4.34411e-57,-7.51530e-60,-2.08597e-58,-1.49045e-58,-4.89021e-55,-1.14529e-53,-2.08638e-56,-5.64733e-55,-4.03116e-55
0.00000e+00,0.00000e+00,0.00000e+00,0.00000e+00,0.00000e+00,0.00000e+00,0.00000e+00,0.00000e+00,0.00000e+00,0.00000e+00,-1.49045e-58,-3.58074e-57,-6.20260e-60,-1.80699e-58,-1.14419e-58,-4.03116e-55,-9.43468e-54,-1.72089e-56,-4.89021e-55,-3.09190e-55
0.00000e+00,0.00000e+00,0.00000e+00,0.00000e+00,0.00000e+00,0.00000e+00,0.00000e+00,0.00000e+00,0.00000e+00,0.00000e+00,-1.14419e-58,-2.74714e-57,-4.76436e-60,-1.49045e-58,-7.75961e-59,-3.09190e-55,-7.23201e-54,-1.32063e-56,-4.03116e-55,-2.09372e-55
0.00000e+00,0.00000e+00,0.00000e+00,0.00000e+00,0.00000e+00,0.00000e+00,0.00000e+00,0.00000e+00,0.00000e+00,0.00000e+00,-7.75961e-59,-1.86196e-57,-3.23281e-60,-1.14419e-58,-3.93259e-59,-2.09372e-55,-4.89485e-54,-8.94676e-57,-3.09190e-55,-1.05703e-55
0.00000e+00,0.00000e+00,0.00000e+00,0.00000e+00,0.00000e+00,0.00000e+00,0.00000e+00,0.00000e+00,0.00000e+00,0.00000e+00,-3.93259e-59,-9.43020e-58,-1.63950e-60,-7.75961e-59,-3.30944e-61,-1.05703e-55,-2.47032e-54,-4.51832e-57,-2.09372e-55,-1.32095e-58
0.00000e+00,0.00000e+00,0.00000e+00,0.00000e+00,0.00000e+00,0.00000e+00,0.00000e+00,0.00000e+00,0.00000e+00,0.00000e+00,-3.30944e-61,-7.23740e-60,-1.51320e-62,-3.93259e-59,3.86837e-59,-1.32095e-58,-2.82301e-57,-6.16130e-60,-1.05703e-55,1.05448e-55
0.00000e+00,0.00000e+00,0.00000e+00,0.00000e+00,0.00000e+00,0.00000e+00,0.00000e+00,0.00000e+00,0.00000e+00,0.00000e+00,3.86837e-59,9.28976e-58,1.61014e-60,-3.30944e-61,7.70128e-59,1.05448e-55,2.46487e-54,4.50643e-57,-1.32095e-58,2.09145e-55
0.00000e+00,0.00000e+00,0.00000e+00,0.00000e+00,0.00000e+00,0.00000e+00,0.00000e+00,0.00000e+00,0.00000e+00,0.00000e+00,7.70128e-59,1.84921e-57,3.20614e-60,3.86837e-59,1.13934e-58,2.09145e-55,4.88999e-54,8.93617e-57,1.05448e-55,3.09008e-55
0.00000e+00,0.00000e+00,0.00000e+00,0.00000e+00,0.00000e+00,0.00000e+00,0.00000e+00,0.00000e+00,0.00000e+00,0.00000e+00,1.13934e-58,2.73652e-57,4.74215e-60,7.70128e-59,1.48695e-58,3.09008e-55,7.22812e-54,1.31978e-56,2.09145e-55,4.02995e-55
0.00000e+00,0.00000e+00,0.00000e+00,0.00000e+00,0.00000e+00,0.00000e+00,0.00000e+00,0.00000e+00,0.00000e+00,0.00000e+00,1.48695e-58,3.57309e-57,6.18657e-60,1.13934e-58,1.80521e-58,4.02995e-55,9.43207e-54,1.72033e-56,3.09008e-55,4.88974e-55
0.00000e+00,0.00000e+00,0.00000e+00,0.00000e+00,0.00000e+00,0.00000e+00,0.00000e+00,0.00000e+00,0.00000e+00,0.00000e+00,1.80521e-58,4.34022e-57,7.50710e-60,1.48695e-58,2.08623e-58,4.88974e-55,1.14518e-53,2.08616e-56,4.02995e-55,5.64768e-55
0.00000e+00,0.00000e+00,0.00000e+00,0.00000e+00,0.00000e+00,0.00000e+00,0.00000e+00,0.00000e+00,0.00000e+00,0.00000e+00,2.08623e-58,5.01872e-57,8.67144e-60,1.80521e-58,2.32238e-58,5.64768e-55,1.32357e-53,2.40812e-56,4.88974e-55,6.28252e-55
0.00000e+00,0.00000e+00,0.00000e+00,0.00000e+00,0.00000e+00,0.00000e+00,0.00000e+00,0.00000e+00,0.00000e+00,0.00000e+00,2.32238e-58,5.58977e-57,9.64852e-60,2.08623e-58,2.50669e-58,6.28252e-55,1.47324e-53,2.67738e-56,5.64768e-55,6.77476e-55
0.00000e+00,0.00000e+00,0.00000e+00,0.00000e+00,0.00000e+00,0.00000e+00,0.00000e+00,0.00000e+00,0.00000e+00,0.00000e+00,2.50669e-58,6.03604e-57,1.04102e-59,2.32238e-58,2.63334e-58,6.77476e-55,1.58946e-53,2.88588e-56,6.28252e-55,7.10406e-55
0.00000e+00,0.00000e+00,0.00000e+00,0.00000e+00,0.00000e+00,0.00000e+00,0.00000e+00,0.00000e+00,0.00000e+00,0.00000e+00,2.63334e-58,6.34295e-57,1.09333e-59,2.50669e-58,2.68161e-58,7.10406e-55,1.66727e-53,3.02527e-56,6.77476e-55,7.21830e-55
0.00000e+00,0.00000e+00,0.00000e+00,0.00000e+00,0.00000e+00,0.00000e+00,0.00000e+00,0.00000e+00,0.00000e+00,0.00000e+00,-1.08976e-59,-2.62554e-58,-4.52323e-61,-1.10907e-59,-1.03867e-59,-3.02403e-56,-7.10139e-55,-1.28705e-57,-3.07231e-56,-2.88493e-56
0.00000e+00,0.00000e+00,0.00000e+00,0.00000e+00,0.00000e+00,0.00000e+00,0.00000e+00,0.00000e+00,0.00000e+00,0.00000e+00,-1.03867e-59,-2.50154e-58,-4.31268e-61,-1.08976e-59,-9.63671e-60,-2.88493e-56,-6.77273e-55,-1.22817e-57,-3.02403e-56,-2.67681e-56
0.00000e+00,0.00000e+00,0.00000e+00,0.00000e+00,0.00000e+00,0.00000e+00,0.00000e+00,0.00000e+00,0.00000e+00,0.00000e+00,-9.63671e-60,-2.31979e-58,-4.00306e-61,-1.03867e-59,-8.67029e-60,-2.67681e-56,-6.28130e-55,-1.14002e-57,-2.88493e-56,-2.40796e-56
0.00000e+00,0.00000e+00,0.00000e+00,0.00000e+00,0.00000e+00,0.00000e+00,0.00000e+00,0.00000e+00,0.00000e+00,0.00000e+00,-8.67029e-60,-2.08597e-58,-3.60348e-61,-9.63671e-60,-7.51530e-60,-2.40796e-56,-5.64733e-55,-1.02602e-57,-2.67681e-56,-2.08638e-56
0.00000e+00,0.00000e+00,0.00000e+00,0.00000e+00,0.00000e+00,0.00000e+00,0.00000e+00,0.00000e+00,0.00000e+00,0.00000e+00,-7.51530e-60,-1.80699e-58,-3.12519e-61,-8.67029e-60,-6.20260e-60,-2.08638e-56,-4.89021e-55,-8.89470e-58,-2.40796e-56,-1.72089e-56
0.00000e+00,0.00000e+00,0.00000e+00,0.00000e+00,0.00000e+00,0.00000e+00,0.00000e+00,0.00000e+00,0.00000e+00,0.00000e+00,-6.20260e-60,-1.49045e-58,-2.58076e-61,-7.51530e-60,-4.76436e-60,-1.72089e-56,-4.03116e-55,-7.34042e-58,-2.08638e-56,-1.32063e-56
0.00000e+00,0.00000e+00,0.00000e+00,0.00000e+00,0.00000e+00,0.00000e+00,0.00000e+00,0.00000e+00,0.00000e+00,0.00000e+00,-4.76436e-60,-1.14419e-58,-1.98340e-61,-6.20260e-60,-3.23281e-60,-1.32063e-56,-3.09190e-55,-5.63583e-58,-1.72089e-56,-8.94676e-57
0.00000e+00,0.00000e+00,0.00000e+00,0.00000e+00,0.00000e+00,0.00000e+00,0.00000e+00,0.00000e+00,0.00000e+00,0.00000e+00,-3.23281e-60,-7.75961e-59,-1.34652e-61,-4.76436e-60,-1.63950e-60,-8.94676e-57,-2.09372e-55,-3.81955e-58,-1.32063e-56,-4.51832e-57
0.00000e+00,0.00000e+00,0.00000e+00,0.00000e+00,0.00000e+00,0.00000e+00,0.00000e+00,0.00000e+00,0.00000e+00,0.00000e+00,-1.63950e-60,-3.93259e-59,-6.83357e-62,-3.23281e-60,-1.51320e-62,-4.51832e-57,-1.05703e-55,-1.92954e-58,-8.94676e-57,-6.16130e-60
0.00000e+00,0.00000e+00,0.00000e+00,0.00000e+00,0.00000e+00,0.00000e+00,0.00000e+00,0.00000e+00,0.00000e+00,0.00000e+00,-1.51320e-62,-3.30944e-61,-6.92964e-64,-1.63950e-60,1.61014e-60,-6.16130e-60,-1.32095e-58,-2.86552e-61,-4.51832e-57,4.50643e-57
0.00000e+00,0.00000e+00,0.00000e+00,0.00000e+00,0.00000e+00,0.00000e+00,0.00000e+00,0.00000e+00,0.00000e+00,0.00000e+00,1.61014e-60,3.86837e-59,6.69909e-62,-1.51320e-62,3.20614e-60,4.50643e-57,1.05448e-55,1.92401e-58,-6.16130e-60,8.93617e-57
0.00000e+00,0.00000e+00,0.00000e+00,0.00000e+00,0.00000e+00,0.00000e+00,0.00000e+00,0.00000e+00,0.00000e+00,0.00000e+00,3.20614e-60,7.70128e-59,1.33430e-61,1.61014e-60,4.74215e-60,8.93617e-57,2.09145e-55,3.81462e-58,4.50643e-57,1.31978e-56
0.00000e+00,0.00000e+00,0.00000e+00,0.00000e+00,0.00000e+00,0.00000e+00,0.00000e+00,0.00000e+00,0.00000e+00,0.00000e+00,4.74215e-60,1.13934e-58,1.97323e-61,3.20614e-60,6.18657e-60,1.31978e-56,3.09008e-55,5.63189e-58,8.93617e-57,1.72033e-56
0.00000e+00,0.00000e+00,0.00000e+00,0.00000e+00,0.00000e+00,0.00000e+00,0.00000e+00,0.00000e+00,0.00000e+00,0.00000e+00,6.18657e-60,1.48695e-58,2.57341e-61,4.74215e-60,7.50710e-60,1.72033e-56,4.02995e-55,7.33781e-58,1.31978e-56,2.08616e-56
0.00000e+00,0.00000e+00,0.00000e+00,0.00000e+00,0.00000e+00,0.00000e+00,0.00000e+00,0.00000e+00,0.00000e+00,0.00000e+00,7.50710e-60,1.80521e-58,3.12143e-61,6.18657e-60,8.67144e-60,2.08616e-56,4.88974e-55,8.89369e-58,1.72033e-56,2.40812e-56
0.00000e+00,0.00000e+00,0.00000e+00,0.00000e+00,0.00000e+00,0.00000e+00,0.00000e+00,0.00000e+00,0.00000e+00,0.00000e+00,8.67144e-60,2.08623e-58,3.60399e-61,7.50710e-60,9.64852e-60,2.40812e-56,5.64768e-55,1.02610e-57,2.08616e-56,2.67738e-56
0.00000e+00,0.00000e+00,0.00000e+00,0.00000e+00,0.00000e+00,0.00000e+00,0.00000e+00,0.00000e+00,0.00000e+00,0.00000e+00,9.64852e-60,2.32238e-58,4.00845e-61,8.67144e-60,1.04102e-59,2.67738e-56,6.28252e-55,1.14029e-57,2.40812e-56,2.88588e-56
0.00000e+00,0.00000e+00,0.00000e+00,0.00000e+00,0.00000e+00,0.00000e+00,0.00000e+00,0.00000e+00,0.00000e+00,0.00000e+00,1.04102e-59,2.50669e-58,4.32345e-61,9.64852e-60,1.09333e-59,2.88588e-56,6.77476e-55,1.22861e-57,2.67738e-56,3.02527e-56
0.00000e+00,0.00000e+00,0.00000e+00,0.00000e+00,0.00000e+00,0.00000e+00,0.00000e+00,0.00000e+00,0.00000e+00,0.00000e+00,1.09333e-59,2.63334e-58,4.53961e-61,1.04102e-59,1.11326e-59,3.02527e-56,7.10406e-55,1.28762e-57,2.88588e-56,3.07367e-56
0.00000e+00,0.00000e+00,0.00000e+00,0.00000e+00,0.00000e+00,0.00000e+00,0.00000e+00,0.00000e+00,0.00000e+00,0.00000e+00,-4.52323e-61,-1.08976e-59,-1.87746e-62,-4.60277e-61,-4.31268e-61,-1.28705e-57,-3.02403e-56,-5.47491e-59,-1.30750e-57,-1.22817e-57
0.00000e+00,0.00000e+00,0.00000e+00,0.00000e+00,0.00000e+00,0.00000e+00,0.00000e+00,0.00000e+00,0.00000e+00,0.00000e+00,-4.31268e-61,-1.03867e-59,-1.79064e-62,-4.52323e-61,-4.00306e-61,-1.22817e-57,-2.88493e-56,-5.22565e-59,-1.28705e-57,-1.14002e-57
0.00000e+00,0.00000e+00,0.00000e+00,0.00000e+00,0.00000e+00,0.00000e+00,0.00000e+00,0.00000e+00,0.00000e+00,0.00000e+00,-4.00306e-61,-9.63671e-60,-1.66278e-62,-4.31268e-61,-3.60348e-61,-1.14002e-57,-2.67681e-56,-4.85233e-59,-1.22817e-57,-1.02602e-57
0.00000e+00,0.00000e+00,0.00000e+00,0.00000e+00,0.00000e+00,0.00000e+00,0.00000e+00,0.00000e+00,0.00000e+00,0.00000e+00,-3.60348e-61,-8.67029e-60,-1.49753e-62,-4.00306e-61,-3.12519e-61,-1.02602e-57,-2.40796e-56,-4.36900e-59,-1.14002e-57,-8.89470e-58
0.00000e+00,0.00000e+00,0.00000e+00,0.00000e+00,0.00000e+00,0.00000e+00,0.00000e+00,0.00000e+00,0.00000e+00,0.00000e+00,-3.12519e-61,-7.51530e-60,-1.29943e-62,-3.60348e-61,-2.58076e-61,-8.89470e-58,-2.08638e-56,-3.78933e-59,-1.02602e-57,-7.34042e-58
0.00000e+00,0.00000e+00,0.00000e+00,0.00000e+00,0.00000e+00,0.00000e+00,0.00000e+00,0.00000e+00,0.00000e+00,0.00000e+00,-2.58076e-61,-6.20260e-60,-1.07361e-62,-3.12519e-61,-1.98340e-61,-7.34042e-58,-1.72089e-56,-3.12864e-59,-8.89470e-58,-5.63583e-58
0.00000e+00,0.00000e+00,0.00000e+00,0.00000e+00,0.00000e+00,0.00000e+00,0.00000e+00,0.00000e+00,0.00000e+00,0.00000e+00,-1.98340e-61,-4.76436e-60,-8.25526e-63,-2.58076e-61,-1.34652e-61,-5.63583e-58,-1.32063e-56,-2.40313e-59,-7.34042e-58,-3.81955e-58
0.00000e+00,0.00000e+00,0.00000e+00,0.00000e+00,0.00000e+00,0.00000e+00,0.00000e+00,0.00000e+00,0.00000e+00,0.00000e+00,-1.34652e-61,-3.23281e-60,-5.60729e-63,-1.98340e-61,-6.83357e-62,-3.81955e-58,-8.94676e-57,-1.62924e-59,-5.63583e-58,-1.92954e-58
0.00000e+00,0.00000e+00,0.00000e+00,0.00000e+00,0.00000e+00,0.00000e+00,0.00000e+00,0.00000e+00,0.00000e+00,0.00000e+00,-6.83357e-62,-1.63950e-60,-2.84779e-63,-1.34652e-61,-6.92964e-64,-1.92954e-58,-4.51832e-57,-8.23280e-60,-3.81955e-58,-2.86552e-61
0.00000e+00,0.00000e+00,0.00000e+00,0.00000e+00,0.00000e+00,0.00000e+00,0.00000e+00,0.00000e+00,0.00000e+00,0.00000e+00,-6.92964e-64,-1.51320e-62,-3.18186e-65,-6.83357e-62,6.69909e-62,-2.86552e-61,-6.16130e-60,-1.32953e-62,-1.92954e-58,1.92401e-58
0.00000e+00,0.00000e+00,0.00000e+00,0.00000e+00,0.00000e+00,0.00000e+00,0.00000e+00,0.00000e+00,0.00000e+00,0.00000e+00,6.69909e-62,1.61014e-60,2.78604e-63,-6.92964e-64,1.33430e-61,1.92401e-58,4.50643e-57,8.20716e-60,-2.86552e-61,3.81462e-58
0.00000e+00,0.00000e+00,0.00000e+00,0.00000e+00,0.00000e+00,0.00000e+00,0.00000e+00,0.00000e+00,0.00000e+00,0.00000e+00,1.33430e-61,3.20614e-60,5.55119e-63,6.69909e-62,1.97323e-61,3.81462e-58,8.93617e-57,1.62696e-59,1.92401e-58,5.63189e-58
0.00000e+00,0.00000e+00,0.00000e+00,0.00000e+00,0.00000e+00,0.00000e+00,0.00000e+00,0.00000e+00,0.00000e+00,0.00000e+00,1.97323e-61,4.74215e-60,8.20853e-63,1.33430e-61,2.57341e-61,5.63189e-58,1.31978e-56,2.40131e-59,3.81462e-58,7.33781e-58
0.00000e+00,0.00000e+00,0.00000e+00,0.00000e+00,0.00000e+00,0.00000e+00,0.00000e+00,0.00000e+00,0.00000e+00,0.00000e+00,2.57341e-61,6.18657e-60,1.07024e-62,1.97323e-61,3.12143e-61,7.33781e-58,1.72033e-56,3.12744e-59,5.63189e-58,8.89369e-58
0.00000e+00,0.00000e+00,0.00000e+00,0.00000e+00,0.00000e+00,0.00000e+00,0.00000e+00,0.00000e+00,0.00000e+00,0.00000e+00,3.12143e-61,7.50710e-60,1.29769e-62,2.57341e-61,3.60399e-61,8.89369e-58,2.08616e-56,3.78886e-59,7.33781e-58,1.02610e-57
0.00000e+00,0.00000e+00,0.00000e+00,0.00000e+00,0.00000e+00,0.00000e+00,0.00000e+00,0.00000e+00,0.00000e+00,0.00000e+00,3.60399e-61,8.67144e-60,1.49775e-62,3.12143e-61,4.00845e-61,1.02610e-57,2.40812e-56,4.36937e-59,8.89369e-58,1.14029e-57
0.00000e+00,0.00000e+00,0.00000e+00,0.00000e+00,0.00000e+00,0.00000e+00,0.00000e+00,0.00000e+00,0.00000e+00,0.00000e+00,4.00845e-61,9.64852e-60,1.66525e-62,3.60399e-61,4.32345e-61,1.14029e-57,2.67738e-56,4.85356e-59,1.02610e-57,1.22861e-57
0.00000e+00,0.00000e+00,0.00000e+00,0.00000e+00,0.00000e+00,0.00000e+00,0.00000e+00,0.00000e+00,0.00000e+00,0.00000e+00,4.32345e-61,1.04102e-59,1.79559e-62,4.00845e-61,4.53961e-61,1.22861e-57,2.88588e-56,5.22768e-59,1.14029e-57,1.28762e-57
0.00000e+00,0.00000e+00,0.00000e+00,0.00000e+00,0.00000e+00,0.00000e+00,0.00000e+00,0.00000e+00,0.00000e+00,0.00000e+00,4.53961e-61,1.09333e-59,1.88498e-62,4.32345e-61,4.62195e-61,1.28762e-57,3.02527e-56,5.47758e-59,1.22861e-57,1.30813e-57
0.00000e+00,0.00000e+00,0.00000e+00,0.00000e+00,0.00000e+00,0.00000e+00,0.00000e+00,0.00000e+00,0.00000e+00,0.00000e+00,-1.87746e-62,-4.52323e-61,-7.79262e-64,-1.91021e-62,-1.79064e-62,-5.47491e-59,-1.28705e-57,-2.32777e-60,-5.56155e-59,-5.22565e-59
0.00000e+00,0.00000e+00,0.00000e+00,0.00000e+00,0.00000e+00,0.00000e+00,0.00000e+00,0.00000e+00,0.00000e+00,0.00000e+00,-1.79064e-62,-4.31268e-61,-7.43461e-64,-1.87746e-62,-1.66278e-62,-5.22565e-59,-1.22817e-57,-2.22225e-60,-5.47491e-59,-4.85233e-59
0.00000e+00,0.00000e+00,0.00000e+00,0.00000e+00,0.00000e+00,0.00000e+00,0.00000e+00,0.00000e+00,0.00000e+00,0.00000e+00,-1.66278e-62,-4.00306e-61,-6.90645e-64,-1.79064e-62,-1.49753e-62,-4.85233e-59,-1.14002e-57,-2.06415e-60,-5.22565e-59,-4.36900e-59
0.00000e+00,0.00000e+00,0.00000e+00,0.00000e+00,0.00000e+00,0.00000e+00,0.00000e+00,0.00000e+00,0.00000e+00,0.00000e+00,-1.49753e-62,-3.60348e-61,-6.22284e-64,-1.66278e-62,-1.29943e-62,-4.36900e-59,-1.02602e-57,-1.85926e-60,-4.85233e-59,-3.78933e-59
0.00000e+00,0.00000e+00,0.00000e+00,0.00000e+00,0.00000e+00,0.00000e+00,0.00000e+00,0.00000e+00,0.00000e+00,0.00000e+00,-1.29943e-62,-3.12519e-61,-5.40226e-64,-1.49753e-62,-1.07361e-62,-3.78933e-59,-8.89470e-58,-1.61325e-60,-4.36900e-59,-3.12864e-59
0.00000e+00,0.00000e+00,0.00000e+00,0.00000e+00,0.00000e+00,0.00000e+00,0.00000e+00,0.00000e+00,0.00000e+00,0.00000e+00,-1.07361e-62,-2.58076e-61,-4.46563e-64,-1.29943e-62,-8.25526e-63,-3.12864e-59,-7.34042e-58,-1.33254e-60,-3.78933e-59,-2.40313e-59
0.00000e+00,0.00000e+00,0.00000e+00,0.00000e+00,0.00000e+00,0.00000e+00,0.00000e+00,0.00000e+00,0.00000e+00,0.00000e+00,-8.25526e-63,-1.98340e-61,-3.43537e-64,-1.07361e-62,-5.60729e-63,-2.40313e-59,-5.63583e-58,-1.02392e-60,-3.12864e-59,-1.62924e-59
0.00000e+00,0.00000e+00,0.00000e+00,0.00000e+00,0.00000e+00,0.00000e+00,0.00000e+00,0.00000e+00,0.00000e+00,0.00000e+00,-5.60729e-63,-1.34652e-61,-2.33461e-64,-8.25526e-63,-2.84779e-63,-1.62924e-59,-3.81955e-58,-6.94401e-61,-2.40313e-59,-8.23280e-60
0.00000e+00,0.00000e+00,0.00000e+00,0.00000e+00,0.00000e+00,0.00000e+00,0.00000e+00,0.00000e+00,0.00000e+00,0.00000e+00,-2.84779e-63,-6.83357e-62,-1.18663e-64,-5.60729e-63,-3.18186e-65,-8.23280e-60,-1.92954e-58,-3.50983e-61,-1.62924e-59,-1.32953e-62
0.00000e+00,0.00000e+00,0.00000e+00,0.00000e+00,0.00000e+00,0.00000e+00,0.00000e+00,0.00000e+00,0.00000e+00,0.00000e+00,-3.18186e-65,-6.92964e-64,-1.46562e-66,-2.84779e-63,2.78604e-63,-1.32953e-62,-2.86552e-61,-6.15782e-64,-8.23280e-60,8.20716e-60
0.00000e+00,0.00000e+00,0.00000e+00,0.00000e+00,0.00000e+00,0.00000e+00,0.00000e+00,0.00000e+00,0.00000e+00,0.00000e+00,2.78604e-63,6.69909e-62,1.15819e-64,-3.18186e-65,5.55119e-63,8.20716e-60,1.92401e-58,3.49795e-61,-1.32953e-62,1.62696e-59
0.00000e+00,0.00000e+00,0.00000e+00,0.00000e+00,0.00000e+00,0.00000e+00,0.00000e+00,0.00000e+00,0.00000e+00,0.00000e+00,5.55119e-63,1.33430e-61,2.30878e-64,2.78604e-63,8.20853e-63,1.62696e-59,3.81462e-58,6.93344e-61,8.20716e-60,2.40131e-59
0.00000e+00,0.00000e+00,0.00000e+00,0.00000e+00,0.00000e+00,0.00000e+00,0.00000e+00,0.00000e+00,0.00000e+00,0.00000e+00,8.20853e-63,1.97323e-61,3.41386e-64,5.55119e-63,1.07024e-62,2.40131e-59,5.63189e-58,1.02308e-60,1.62696e-59,3.12744e-59
0.00000e+00,0.00000e+00,0.00000e+00,0.00000e+00,0.00000e+00,0.00000e+00,0.00000e+00,0.00000e+00,0.00000e+00,0.00000e+00,1.07024e-62,2.57341e-61,4.45009e-64,8.20853e-63,1.29769e-62,3.12744e-59,7.33781e-58,1.33198e-60,2.40131e-59,3.78886e-59
0.00000e+00,0.00000e+00,0.00000e+00,0.00000e+00,0.00000e+00,0.00000e+00,0.00000e+00,0.00000e+00,0.00000e+00,0.00000e+00,1.29769e-62,3.12143e-61,5.39428e-64,1.07024e-62,1.49775e-62,3.78886e-59,8.89369e-58,1.61304e-60,3.12744e-59,4.36937e-59
0.00000e+00,0.00000e+00,0.00000e+00,0.00000e+00,0.00000e+00,0.00000e+00,0.00000e+00,0.00000e+00,0.00000e+00,0.00000e+00,1.49775e-62,3.60399e-61,6.22390e-64,1.29769e-62,1.66525e-62,4.36937e-59,1.02610e-57,1.85943e-60,3.78886e-59,4.85356e-59
0.00000e+00,0.00000e+00,0.00000e+00,0.00000e+00,0.00000e+00,0.00000e+00,0.00000e+00,0.00000e+00,0.00000e+00,0.00000e+00,1.66525e-62,4.00845e-61,6.91783e-64,1.49775e-62,1.79559e-62,4.85356e-59,1.14029e-57,2.06472e-60,4.36937e-59,5.22768e-59
0.00000e+00,0.00000e+00,0.00000e+00,0.00000e+00,0.00000e+00,0.00000e+00,0.00000e+00,0.00000e+00,0.00000e+00,0.00000e+00,1.79559e-62,4.32345e-61,7.45737e-64,1.66525e-62,1.88498e-62,5.22768e-59,1.22861e-57,2.22319e-60,4.85356e-59,5.47758e-59
0.00000e+00,0.00000e+00,0.00000e+00,0.00000e+00,0.00000e+00,0.00000e+00,0.00000e+00,0.00000e+00,0.00000e+00,0.00000e+00,1.88498e-62,4.53961e-61,7.82725e-64,1.79559e-62,1.91902e-62,5.47758e-59,1.28762e-57,2.32901e-60,5.22768e-59,5.56447e-59
0.00000e+00,0.00000e+00,0.00000e+00,0.00000e+00,0.00000e+00,0.00000e+00,0.00000e+00,0.00000e+00,0.00000e+00,0.00000e+00,-7.79262e-64,-1.87746e-62,-3.23433e-65,-7.92752e-64,-7.43461e-64,-2.32777e-60,-5.47491e-59,-9.89222e-62,-2.36449e-60,-2.22225e-60
0.00000e+00,0.00000e+00,0.00000e+00,0.00000e+00,0.00000e+00,0.00000e+00,0.00000e+00,0.00000e+00,0.00000e+00,0.00000e+00,-7.43461e-64,-1.79064e-62,-3.08666e-65,-7.79262e-64,-6.90645e-64,-2.22225e-60,-5.22565e-59,-9.44549e-62,-2.32777e-60,-2.06415e-60
0.00000e+00,0.00000e+00,0.00000e+00,0.00000e+00,0.00000e+00,0.00000e+00,0.00000e+00,0.00000e+00,0.00000e+00,0.00000e+00,-6.90645e-64,-1.66278e-62,-2.86845e-65,-7.43461e-64,-6.22284e-64,-2.06415e-60,-4.85233e-59,-8.77596e-62,-2.22225e-60,-1.85926e-60
0.00000e+00,0.00000e+00,0.00000e+00,0.00000e+00,0.00000e+00,0.00000e+00,0.00000e+00,0.00000e+00,0.00000e+00,0.00000e+00,-6.22284e-64,-1.49753e-62,-2.58562e-65,-6.90645e-64,-5.40226e-64,-1.85926e-60,-4.36900e-59,-7.90757e-62,-2.06415e-60,-1.61325e-60
0.00000e+00,0.00000e+00,0.00000e+00,0.00000e+00,0.00000e+00,0.00000e+00,0.00000e+00,0.00000e+00,0.00000e+00,0.00000e+00,-5.40226e-64,-1.29943e-62,-2.24568e-65,-6.22284e-64,-4.46563e-64,-1.61325e-60,-3.78933e-59,-6.86387e-62,-1.85926e-60,-1.33254e-60
0.00000e+00,0.00000e+00,0.00000e+00,0.00000e+00,0.00000e+00,0.00000e+00,0.00000e+00,0.00000e+00,0.00000e+00,0.00000e+00,-4.46563e-64,-1.07361e-62,-1.85718e-65,-5.40226e-64,-3.43537e-64,-1.33254e-60,-3.12864e-59,-5.67163e-62,-1.61325e-60,-1.02392e-60
0.00000e+00,0.00000e+00,0.00000e+00,0.00000e+00,0.00000e+00,0.00000e+00,0.00000e+00,0.00000e+00,0.00000e+00,0.00000e+00,-3.43537e-64,-8.25526e-63,-1.42938e-65,-4.46563e-64,-2.33461e-64,-1.02392e-60,-2.40313e-59,-4.35957e-62,-1.33254e-60,-6.94401e-61
0.00000e+00,0.00000e+00,0.00000e+00,0.00000e+00,0.00000e+00,0.00000e+00,0.00000e+00,0.00000e+00,0.00000e+00,0.00000e+00,-2.33461e-64,-5.60729e-63,-9.71874e-66,-3.43537e-64,-1.18663e-64,-6.94401e-61,-1.62924e-59,-2.95741e-62,-1.02392e-60,-3.50983e-61
0.00000e+00,0.00000e+00,0.00000e+00,0.00000e+00,0.00000e+00,0.00000e+00,0.00000e+00,0.00000e+00,0.00000e+00,0.00000e+00,-1.18663e-64,-2.84779e-63,-4.94411e-66,-2.33461e-64,-1.46562e-66,-3.50983e-61,-8.23280e-60,-1.49518e-62,-6.94401e-61,-6.15782e-64
0.00000e+00,0.00000e+00,0.00000e+00,0.00000e+00,0.00000e+00,0.00000e+00,0.00000e+00,0.00000e+00,0.00000e+00,0.00000e+00,-1.46562e-66,-3.18186e-65,-6.77165e-68,-1.18663e-64,1.15819e-64,-6.15782e-64,-1.32953e-62,-2.84890e-65,-3.50983e-61,3.49795e-61
0.00000e+00,0.00000e+00,0.00000e+00,0.00000e+00,0.00000e+00,0.00000e+00,0.00000e+00,0.00000e+00,0.00000e+00,0.00000e+00,1.15819e-64,2.78604e-63,4.81272e-66,-1.46562e-66,2.30878e-64,3.49795e-61,8.20716e-60,1.48968e-62,-6.15782e-64,6.93344e-61
0.00000e+00,0.00000e+00,0.00000e+00,0.00000e+00,0.00000e+00,0.00000e+00,0.00000e+00,0.00000e+00,0.00000e+00,0.00000e+00,2.30878e-64,5.55119e-63,9.59944e-66,1.15819e-64,3.41386e-64,6.93344e-61,1.62696e-59,2.95252e-62,3.49795e-61,1.02308e-60
0.00000e+00,0.00000e+00,0.00000e+00,0.00000e+00,0.00000e+00,0.00000e+00,0.00000e+00,0.00000e+00,0.00000e+00,0.00000e+00,3.41386e-64,8.20853e-63,1.41945e-65,2.30878e-64,4.45009e-64,1.02308e-60,2.40131e-59,4.35566e-62,6.93344e-61,1.33198e-60
0.00000e+00,0.00000e+00,0.00000e+00,0.00000e+00,0.00000e+00,0.00000e+00,0.00000e+00,0.00000e+00,0.00000e+00,0.00000e+00,4.45009e-64,1.07024e-62,1.85002e-65,3.41386e-64,5.39428e-64,1.33198e-60,3.12744e-59,5.66904e-62,1.02308e-60,1.61304e-60
0.00000e+00,0.00000e+00,0.00000e+00,0.00000e+00,0.00000e+00,0.00000e+00,0.00000e+00,0.00000e+00,0.00000e+00,0.00000e+00,5.39428e-64,1.29769e-62,2.24201e-65,4.45009e-64,6.22390e-64,1.61304e-60,3.78886e-59,6.86289e-62,1.33198e-60,1.85943e-60
0.00000e+00,0.00000e+00,0.00000e+00,0.00000e+00,0.00000e+00,0.00000e+00,0.00000e+00,0.00000e+00,0.00000e+00,0.00000e+00,6.22390e-64,1.49775e-62,2.58612e-65,5.39428e-64,6.91783e-64,1.85943e-60,4.36937e-59,7.90837e-62,1.61304e-60,2.06472e-60
0.00000e+00,0.00000e+00,0.00000e+00,0.00000e+00,0.00000e+00,0.00000e+00,0.00000e+00,0.00000e+00,0.00000e+00,0.00000e+00,6.91783e-64,1.66525e-62,2.87371e-65,6.22390e-64,7.45737e-64,2.06472e-60,4.85356e-59,8.77859e-62,1.85943e-60,2.22319e-60
0.00000e+00,0.00000e+00,0.00000e+00,0.00000e+00,0.00000e+00,0.00000e+00,0.00000e+00,0.00000e+00,0.00000e+00,0.00000e+00,7.45737e-64,1.79559e-62,3.09717e-65,6.91783e-64,7.82725e-64,2.22319e-60,5.22768e-59,9.44984e-62,2.06472e-60,2.32901e-60
0.00000e+00,0.00000e+00,0.00000e+00,0.00000e+00,0.00000e+00,0.00000e+00,0.00000e+00,0.00000e+00,0.00000e+00,0.00000e+00,7.82725e-64,1.88498e-62,3.25031e-65,7.45737e-64,7.96812e-64,2.32901e-60,5.47758e-59,9.89794e-62,2.22319e-60,2.36584e-60
0.00000e+00,0.00000e+00,0.00000e+00,0.00000e+00,0.00000e+00,0.00000e+00,0.00000e+00,0.00000e+00,0.00000e+00,0.00000e+00,-3.23433e-65,-7.79262e-64,-1.34235e-66,-3.28990e-65,-3.08666e-65,-9.89222e-62,-2.32777e-60,-4.20188e-63,-1.00478e-61,-9.44549e-62
0.00000e+00,0.00000e+00,0.00000e+00,0.00000e+00,0.00000e+00,0.00000e+00,0.00000e+00,0.00000e+00,0.00000e+00,0.00000e+00,-3.08666e-65,-7.43461e-64,-1.28144e-66,-3.23433e-65,-2.86845e-65,-9.44549e-62,-2.22225e-60,-4.01276e-63,-9.89222e-62,-8.77596e-62
0.00000e+00,0.00000e+00,0.00000e+00,0.00000e+00,0.00000e+00,0.00000e+00,0.00000e+00,0.00000e+00,0.00000e+00,0.00000e+00,-2.86845e-65,-6.90645e-64,-1.19127e-66,-3.08666e-65,-2.58562e-65,-8.77596e-62,-2.06415e-60,-3.72926e-63,-9.44549e-62,-7.90757e-62
0.00000e+00,0.00000e+00,0.00000e+00,0.00000e+00,0.00000e+00,0.00000e+00,0.00000e+00,0.00000e+00,0.00000e+00,0.00000e+00,-2.58562e-65,-6.22284e-64,-1.07424e-66,-2.86845e-65,-2.24568e-65,-7.90757e-62,-1.85926e-60,-3.36128e-63,-8.77596e-62,-6.86387e-62
0.00000e+00,0.00000e+00,0.00000e+00,0.00000e+00,0.00000e+00,0.00000e+00,0.00000e+00,0.00000e+00,0.00000e+00,0.00000e+00,-2.24568e-65,-5.40226e-64,-9.33405e-67,-2.58562e-65,-1.85718e-65,-6.86387e-62,-1.61325e-60,-2.91861e-63,-7.90757e-62,-5.67163e-62
0.00000e+00,0.00000e+00,0.00000e+00,0.00000e+00,0.00000e+00,0.00000e+00,0.00000e+00,0.00000e+00,0.00000e+00,0.00000e+00,-1.85718e-65,-4.46563e-64,-7.72270e-67,-2.24568e-65,-1.42938e-65,-5.67163e-62,-1.33254e-60,-2.41246e-63,-6.86387e-62,-4.35957e-62
0.00000e+00,0.00000e+00,0.00000e+00,0.00000e+00,0.00000e+00,0.00000e+00,0.00000e+00,0.00000e+00,0.00000e+00,0.00000e+00,-1.42938e-65,-3.43537e-64,-5.94648e-67,-1.85718e-65,-9.71874e-66,-4.35957e-62,-1.02392e-60,-1.85493e-63,-5.67163e-62,-2.95741e-62
0.00000e+00,0.00000e+00,0.00000e+00,0.00000e+00,0.00000e+00,0.00000e+00,0.00000e+00,0.00000e+00,0.00000e+00,0.00000e+00,-9.71874e-66,-2.33461e-64,-4.04528e-67,-1.42938e-65,-4.94411e-66,-2.95741e-62,-6.94401e-61,-1.25866e-63,-4.35957e-62,-1.49518e-62
0.00000e+00,0.00000e+00,0.00000e+00,0.00000e+00,0.00000e+00,0.00000e+00,0.00000e+00,0.00000e+00,0.00000e+00,0.00000e+00,-4.94411e-66,-1.18663e-64,-2.05987e-67,-9.71874e-66,-6.77165e-68,-1.49518e-62,-3.50983e-61,-6.36490e-64,-2.95741e-62,-2.84890e-65
0.00000e+00,0.00000e+00,0.00000e+00,0.00000e+00,0.00000e+00,0.00000e+00,0.00000e+00,0.00000e+00,0.00000e+00,0.00000e+00,-6.77165e-68,-1.46562e-66,-3.13648e-69,-4.94411e-66,4.81272e-66,-2.84890e-65,-6.15782e-64,-1.31740e-66,-1.49518e-62,1.48968e-62
0.00000e+00,0.00000e+00,0.00000e+00,0.00000e+00,0.00000e+00,0.00000e+00,0.00000e+00,0.00000e+00,0.00000e+00,0.00000e+00,4.81272e-66,1.15819e-64,1.99902e-67,-6.77165e-68,9.59944e-66,1.48968e-62,3.49795e-61,6.33950e-64,-2.84890e-65,2.95252e-62
0.00000e+00,0.00000e+00,0.00000e+00,0.00000e+00,0.00000e+00,0.00000e+00,0.00000e+00,0.00000e+00,0.00000e+00,0.00000e+00,9.59944e-66,2.30878e-64,3.99006e-67,4.81272e-66,1.41945e-65,2.95252e-62,6.93344e-61,1.25640e-63,1.48968e-62,4.35566e-62
0.00000e+00,0.00000e+00,0.00000e+00,0.00000e+00,0.00000e+00,0.00000e+00,0.00000e+00,0.00000e+00,0.00000e+00,0.00000e+00,1.41945e-65,3.41386e-64,5.90056e-67,9.59944e-66,1.85002e-65,4.35566e-62,1.02308e-60,1.85313e-63,2.95252e-62,5.66904e-62
0.00000e+00,0.00000e+00,0.00000e+00,0.00000e+00,0.00000e+00,0.00000e+00,0.00000e+00,0.00000e+00,0.00000e+00,0.00000e+00,1.85002e-65,4.45009e-64,7.68962e-67,1.41945e-65,2.24201e-65,5.66904e-62,1.33198e-60,2.41126e-63,4.35566e-62,6.86289e-62
0.00000e+00,0.00000e+00,0.00000e+00,0.00000e+00,0.00000e+00,0.00000e+00,0.00000e+00,0.00000e+00,0.00000e+00,0.00000e+00,2.24201e-65,5.39428e-64,9.31717e-67,1.85002e-65,2.58612e-65,6.86289e-62,1.61304e-60,2.91816e-63,5.66904e-62,7.90837e-62
0.00000e+00,0.00000e+00,0.00000e+00,0.00000e+00,0.00000e+00,0.00000e+00,0.00000e+00,0.00000e+00,0.00000e+00,0.00000e+00,2.58612e-65,6.22390e-64,1.07448e-66,2.24201e-65,2.87371e-65,7.90837e-62,1.85943e-60,3.36165e-63,6.86289e-62,8.77859e-62
0.00000e+00,0.00000e+00,0.00000e+00,0.00000e+00,0.00000e+00,0.00000e+00,0.00000e+00,0.00000e+00,0.00000e+00,0.00000e+00,2.87371e-65,6.91783e-64,1.19371e-66,2.58612e-65,3.09717e-65,8.77859e-62,2.06472e-60,3.73048e-63,7.90837e-62,9.44984e-62
0.00000e+00,0.00000e+00,0.00000e+00,0.00000e+00,0.00000e+00,0.00000e+00,0.00000e+00,0.00000e+00,0.00000e+00,0.00000e+00,3.09717e-65,7.45737e-64,1.28630e-66,2.87371e-65,3.25031e-65,9.44984e-62,2.22319e-60,4.01477e-63,8.77859e-62,9.89794e-62
0.00000e+00,0.00000e+00,0.00000e+00,0.00000e+00,0.00000e+00,0.00000e+00,0.00000e+00,0.00000e+00,0.00000e+00,0.00000e+00,3.25031e-65,7.82725e-64,1.34973e-66,3.09717e-65,3.30863e-65,9.89794e-62,2.32901e-60,4.20452e-63,9.44984e-62,1.00540e-61
0.00000e+00,0.00000e+00,0.00000e+00,0.00000e+00,0.00000e+00,0.00000e+00,0.00000e+00,0.00000e+00,0.00000e+00,0.00000e+00,-1.34235e-66,-3.23433e-65,-5.57083e-68,-1.36524e-66,-1.28144e-66,-4.20188e-63,-9.89222e-62,-1.78401e-64,-4.26780e-63,-4.01276e-63
0.00000e+00,0.00000e+00,0.00000e+00,0.00000e+00,0.00000e+00,0.00000e+00,0.00000e+00,0.00000e+00,0.00000e+00,0.00000e+00,-1.28144e-66,-3.08666e-65,-5.31956e-68,-1.34235e-66,-1.19127e-66,-4.01276e-63,-9.44549e-62,-1.70395e-64,-4.20188e-63,-3.72926e-63
0.00000e+00,0.00000e+00,0.00000e+00,0.00000e+00,0.00000e+00,0.00000e+00,0.00000e+00,0.00000e+00,0.00000e+00,0.00000e+00,-1.19127e-66,-2.86845e-65,-4.94695e-68,-1.28144e-66,-1.07424e-66,-3.72926e-63,-8.77596e-62,-1.58392e-64,-4.01276e-63,-3.36128e-63
0.00000e+00,0.00000e+00,0.00000e+00,0.00000e+00,0.00000e+00,0.00000e+00,0.00000e+00,0.00000e+00,0.00000e+00,0.00000e+00,-1.07424e-66,-2.58562e-65,-4.46268e-68,-1.19127e-66,-9.33405e-67,-3.36128e-63,-7.90757e-62,-1.42802e-64,-3.72926e-63,-2.91861e-63
0.00000e+00,0.00000e+00,0.00000e+00,0.00000e+00,0.00000e+00,0.00000e+00,0.00000e+00,0.00000e+00,0.00000e+00,0.00000e+00,-9.33405e-67,-2.24568e-65,-3.87921e-68,-1.07424e-66,-7.72270e-67,-2.91861e-63,-6.86387e-62,-1.24033e-64,-3.36128e-63,-2.41246e-63
0.00000e+00,0.00000e+00,0.00000e+00,0.00000e+00,0.00000e+00,0.00000e+00,0.00000e+00,0.00000e+00,0.00000e+00,0.00000e+00,-7.72270e-67,-1.85718e-65,-3.21090e-68,-9.33405e-67,-5.94648e-67,-2.41246e-63,-5.67163e-62,-1.02553e-64,-2.91861e-63,-1.85493e-63
0.00000e+00,0.00000e+00,0.00000e+00,0.00000e+00,0.00000e+00,0.00000e+00,0.00000e+00,0.00000e+00,0.00000e+00,0.00000e+00,-5.94648e-67,-1.42938e-65,-2.47351e-68,-7.72270e-67,-4.04528e-67,-1.85493e-63,-4.35957e-62,-7.88749e-65,-2.41246e-63,-1.25866e-63
0.00000e+00,0.00000e+00,0.00000e+00,0.00000e+00,0.00000e+00,0.00000e+00,0.00000e+00,0.00000e+00,0.00000e+00,0.00000e+00,-4.04528e-67,-9.71874e-66,-1.68359e-68,-5.94648e-67,-2.05987e-67,-1.25866e-63,-2.95741e-62,-5.35332e-65,-1.85493e-63,-6.36490e-64
0.00000e+00,0.00000e+00,0.00000e+00,0.00000e+00,0.00000e+00,0.00000e+00,0.00000e+00,0.00000e+00,0.00000e+00,0.00000e+00,-2.05987e-67,-4.94411e-66,-8.58184e-69,-4.04528e-67,-3.13648e-69,-6.36490e-64,-1.49518e-62,-2.70771e-65,-1.25866e-63,-1.31740e-66
0.00000e+00,0.00000e+00,0.00000e+00,0.00000e+00,0.00000e+00,0.00000e+00,0.00000e+00,0.00000e+00,0.00000e+00,0.00000e+00,-3.13648e-69,-6.77165e-68,-1.45504e-70,-2.05987e-67,1.99902e-67,-1.31740e-66,-2.84890e-65,-6.09221e-68,-6.36490e-64,6.33950e-64
0.00000e+00,0.00000e+00,0.00000e+00,0.00000e+00,0.00000e+00,0.00000e+00,0.00000e+00,0.00000e+00,0.00000e+00,0.00000e+00,1.99902e-67,4.81272e-66,8.29963e-69,-3.13648e-69,3.99006e-67,6.33950e-64,1.48968e-62,2.69597e-65,-1.31740e-66,1.25640e-63
0.00000e+00,0.00000e+00,0.00000e+00,0.00000e+00,0.00000e+00,0.00000e+00,0.00000e+00,0.00000e+00,0.00000e+00,0.00000e+00,3.99006e-67,9.59944e-66,1.65800e-68,1.99902e-67,5.90056e-67,1.25640e-63,2.95252e-62,5.34287e-65,6.33950e-64,1.85313e-63
0.00000e+00,0.00000e+00,0.00000e+00,0.00000e+00,0.00000e+00,0.00000e+00,0.00000e+00,0.00000e+00,0.00000e+00,0.00000e+00,5.90056e-67,1.41945e-65,2.45225e-68,3.99006e-67,7.68962e-67,1.85313e-63,4.35566e-62,7.87915e-65,1.25640e-63,2.41126e-63
0.00000e+00,0.00000e+00,0.00000e+00,0.00000e+00,0.00000e+00,0.00000e+00,0.00000e+00,0.00000e+00,0.00000e+00,0.00000e+00,7.68962e-67,1.85002e-65,3.19562e-68,5.90056e-67,9.31717e-67,2.41126e-63,5.66904e-62,1.02498e-64,1.85313e-63,2.91816e-63
0.00000e+00,0.00000e+00,0.00000e+00,0.00000e+00,0.00000e+00,0.00000e+00,0.00000e+00,0.00000e+00,0.00000e+00,0.00000e+00,9.31717e-67,2.24201e-65,3.87145e-68,7.68962e-67,1.07448e-66,2.91816e-63,6.86289e-62,1.24012e-64,2.41126e-63,3.36165e-63
0.00000e+00,0.00000e+00,0.00000e+00,0.00000e+00,0.00000e+00,0.00000e+00,0.00000e+00,0.00000e+00,0.00000e+00,0.00000e+00,1.07448e-66,2.58612e-65,4.46387e-68,9.31717e-67,1.19371e-66,3.36165e-63,7.90837e-62,1.42819e-64,2.91816e-63,3.73048e-63
0.00000e+00,0.00000e+00,0.00000e+00,0.00000e+00,0.00000e+00,0.00000e+00,0.00000e+00,0.00000e+00,0.00000e+00,0.00000e+00,1.19371e-66,2.87371e-65,4.95832e-68,1.07448e-66,1.28630e-66,3.73048e-63,8.77859e-62,1.58448e-64,3.36165e-63,4.01477e-63
0.00000e+00,0.00000e+00,0.00000e+00,0.00000e+00,0.00000e+00,0.00000e+00,0.00000e+00,0.00000e+00,0.00000e+00,0.00000e+00,1.28630e-66,3.09717e-65,5.34210e-68,1.19371e-66,1.34973e-66,4.01477e-63,9.44984e-62,1.70488e-64,3.73048e-63,4.20452e-63
0.00000e+00,0.00000e+00,0.00000e+00,0.00000e+00,0.00000e+00,0.00000e+00,0.00000e+00,0.00000e+00,0.00000e+00,0.00000e+00,1.34973e-66,3.25031e-65,5.60499e-68,1.28630e-66,1.37389e-66,4.20452e-63,9.89794e-62,1.78523e-64,4.01477e-63,4.27069e-63
0.00000e+00,0.00000e+00,0.00000e+00,0.00000e+00,0.00000e+00,0.00000e+00,0.00000e+00,0.00000e+00,0.00000e+00,0.00000e+00,-5.57083e-68,-1.34235e-66,-2.31178e-69,-5.66513e-68,-5.31956e-68,-1.78401e-64,-4.20188e-63,-7.57093e-66,-1.81194e-64,-1.70395e-64
0.00000e+00,0.00000e+00,0.00000e+00,0.00000e+00,0.00000e+00,0.00000e+00,0.00000e+00,0.00000e+00,0.00000e+00,0.00000e+00,-5.31956e-68,-1.28144e-66,-2.20801e-69,-5.57083e-68,-4.94695e-68,-1.70395e-64,-4.01276e-63,-7.23172e-66,-1.78401e-64,-1.58392e-64
0.00000e+00,0.00000e+00,0.00000e+00,0.00000e+00,0.00000e+00,0.00000e+00,0.00000e+00,0.00000e+00,0.00000e+00,0.00000e+00,-4.94695e-68,-1.19127e-66,-2.05400e-69,-5.31956e-68,-4.46268e-68,-1.58392e-64,-3.72926e-63,-6.72353e-66,-1.70395e-64,-1.42802e-64
0.00000e+00,0.00000e+00,0.00000e+00,0.00000e+00,0.00000e+00,0.00000e+00,0.00000e+00,0.00000e+00,0.00000e+00,0.00000e+00,-4.46268e-68,-1.07424e-66,-1.85360e-69,-4.94695e-68,-3.87921e-68,-1.42802e-64,-3.36128e-63,-6.06320e-66,-1.58392e-64,-1.24033e-64
0.00000e+00,0.00000e+00,0.00000e+00,0.00000e+00,0.00000e+00,0.00000e+00,0.00000e+00,0.00000e+00,0.00000e+00,0.00000e+00,-3.87921e-68,-9.33405e-67,-1.61189e-69,-4.46268e-68,-3.21090e-68,-1.24033e-64,-2.91861e-63,-5.26768e-66,-1.42802e-64,-1.02553e-64
0.00000e+00,0.00000e+00,0.00000e+00,0.00000e+00,0.00000e+00,0.00000e+00,0.00000e+00,0.00000e+00,0.00000e+00,0.00000e+00,-3.21090e-68,-7.72270e-67,-1.33475e-69,-3.87921e-68,-2.47351e-68,-1.02553e-64,-2.41246e-63,-4.35662e-66,-1.24033e-64,-7.88749e-65
0.00000e+00,0.00000e+00,0.00000e+00,0.00000e+00,0.00000e+00,0.00000e+00,0.00000e+00,0.00000e+00,0.00000e+00,0.00000e+00,-2.47351e-68,-5.94648e-67,-1.02868e-69,-3.21090e-68,-1.68359e-68,-7.88749e-65,-1.85493e-63,-3.35155e-66,-1.02553e-64,-5.35332e-65
0.00000e+00,0.00000e+00,0.00000e+00,0.00000e+00,0.00000e+00,0.00000e+00,0.00000e+00,0.00000e+00,0.00000e+00,0.00000e+00,-1.68359e-68,-4.04528e-67,-7.00565e-70,-2.47351e-68,-8.58184e-69,-5.35332e-65,-1.25866e-63,-2.27523e-66,-7.88749e-65,-2.70771e-65
0.00000e+00,0.00000e+00,0.00000e+00,0.00000e+00,0.00000e+00,0.00000e+00,0.00000e+00,0.00000e+00,0.00000e+00,0.00000e+00,-8.58184e-69,-2.05987e-67,-3.57509e-70,-1.68359e-68,-1.45504e-70,-2.70771e-65,-6.36490e-64,-1.15107e-66,-5.35332e-65,-6.09221e-68
0.00000e+00,0.00000e+00,0.00000e+00,0.00000e+00,0.00000e+00,0.00000e+00,0.00000e+00,0.00000e+00,0.00000e+00,0.00000e+00,-1.45504e-70,-3.13648e-69,-6.75307e-72,-8.58184e-69,8.29963e-69,-6.09221e-68,-1.31740e-66,-2.81770e-69,-2.70771e-65,2.69597e-65
0.00000e+00,0.00000e+00,0.00000e+00,0.00000e+00,0.00000e+00,0.00000e+00,0.00000e+00,0.00000e+00,0.00000e+00,0.00000e+00,8.29963e-69,1.99902e-67,3.44415e-70,-1.45504e-70,1.65800e-68,2.69597e-65,6.33950e-64,1.14563e-66,-6.09221e-68,5.34287e-65
0.00000e+00,0.00000e+00,0.00000e+00,0.00000e+00,0.00000e+00,0.00000e+00,0.00000e+00,0.00000e+00,0.00000e+00,0.00000e+00,1.65800e-68,3.99006e-67,6.88697e-70,8.29963e-69,2.45225e-68,5.34287e-65,1.25640e-63,2.27040e-66,2.69597e-65,7.87915e-65
0.00000e+00,0.00000e+00,0.00000e+00,0.00000e+00,0.00000e+00,0.00000e+00,0.00000e+00,0.00000e+00,0.00000e+00,0.00000e+00,2.45225e-68,5.90056e-67,1.01884e-69,1.65800e-68,3.19562e-68,7.87915e-65,1.85313e-63,3.34770e-66,5.34287e-65,1.02498e-64
0.00000e+00,0.00000e+00,0.00000e+00,0.00000e+00,0.00000e+00,0.00000e+00,0.00000e+00,0.00000e+00,0.00000e+00,0.00000e+00,3.19562e-68,7.68962e-67,1.32769e-69,2.45225e-68,3.87145e-68,1.02498e-64,2.41126e-63,4.35407e-66,7.87915e-65,1.24012e-64
0.00000e+00,0.00000e+00,0.00000e+00,0.00000e+00,0.00000e+00,0.00000e+00,0.00000e+00,0.00000e+00,0.00000e+00,0.00000e+00,3.87145e-68,9.31717e-67,1.60833e-69,3.19562e-68,4.46387e-68,1.24012e-64,2.91816e-63,5.26671e-66,1.02498e-64,1.42819e-64
0.00000e+00,0.00000e+00,0.00000e+00,0.00000e+00,0.00000e+00,0.00000e+00,0.00000e+00,0.00000e+00,0.00000e+00,0.00000e+00,4.46387e-68,1.07448e-66,1.85419e-69,3.87145e-68,4.95832e-68,1.42819e-64,3.36165e-63,6.06399e-66,1.24012e-64,1.58448e-64
0.00000e+00,0.00000e+00,0.00000e+00,0.00000e+00,0.00000e+00,0.00000e+00,0.00000e+00,0.00000e+00,0.00000e+00,0.00000e+00,4.95832e-68,1.19371e-66,2.05930e-69,4.46387e-68,5.34210e-68,1.58448e-64,3.73048e-63,6.72613e-66,1.42819e-64,1.70488e-64
0.00000e+00,0.00000e+00,0.00000e+00,0.00000e+00,0.00000e+00,0.00000e+00,0.00000e+00,0.00000e+00,0.00000e+00,0.00000e+00,5.34210e-68,1.28630e-66,2.21846e-69,4.95832e-68,5.60499e-68,1.70488e-64,4.01477e-63,7.23602e-66,1.58448e-64,1.78523e-64
0.00000e+00,0.00000e+00,0.00000e+00,0.00000e+00,0.00000e+00,0.00000e+00,0.00000e+00,0.00000e+00,0.00000e+00,0.00000e+00,5.60499e-68,1.34973e-66,2.32758e-69,5.34210e-68,5.70510e-68,1.78523e-64,4.20452e-63,7.57657e-66,1.70488e-64,1.81328e-64
0.00000e+00,0.00000e+00,0.00000e+00,0.00000e+00,0.00000e+00,0.00000e+00,0.00000e+00,0.00000e+00,0.00000e+00,0.00000e+00,-2.31178e-69,-5.57083e-68,-1.84246e-70,-2.35071e-69,-2.20801e-69,-7.57093e-66,-1.78401e-64,-6.14444e-67,-7.68957e-66,-7.23172e-66
0.00000e+00,0.00000e+00,0.00000e+00,0.00000e+00,0.00000e+00,0.00000e+00,0.00000e+00,0.00000e+00,0.00000e+00,0.00000e+00,-2.20801e-69,-5.31956e-68,-1.75806e-70,-2.31178e-69,-2.05400e-69,-7.23172e-66,-1.70395e-64,-5.87113e-67,-7.57093e-66,-6.72353e-66
0.00000e+00,0.00000e+00,0.00000e+00,0.00000e+00,0.00000e+00,0.00000e+00,0.00000e+00,0.00000e+00,0.00000e+00,0.00000e+00,-2.05400e-69,-4.94695e-68,-1.63527e-70,-2.20801e-69,-1.85360e-69,-6.72353e-66,-1.58392e-64,-5.45510e-67,-7.23172e-66,-6.06320e-66
0.00000e+00,0.00000e+00,0.00000e+00,0.00000e+00,0.00000e+00,0.00000e+00,0.00000e+00,0.00000e+00,0.00000e+00,0.00000e+00,-1.85360e-69,-4.46268e-68,-1.47603e-70,-2.05400e-69,-1.61189e-69,-6.06320e-66,-1.42802e-64,-4.91805e-67,-6.72353e-66,-5.26768e-66
0.00000e+00,0.00000e+00,0.00000e+00,0.00000e+00,0.00000e+00,0.00000e+00,0.00000e+00,0.00000e+00,0.00000e+00,0.00000e+00,-1.61189e-69,-3.87921e-68,-1.28396e-70,-1.85360e-69,-1.33475e-69,-5.26768e-66,-1.24033e-64,-4.27238e-67,-6.06320e-66,-4.35662e-66
0.00000e+00,0.00000e+00,0.00000e+00,0.00000e+00,0.00000e+00,0.00000e+00,0.00000e+00,0.00000e+00,0.00000e+00,0.00000e+00,-1.33475e-69,-3.21090e-68,-1.06360e-70,-1.61189e-69,-1.02868e-69,-4.35662e-66,-1.02553e-64,-3.53343e-67,-5.26768e-66,-3.35155e-66
0.00000e+00,0.00000e+00,0.00000e+00,0.00000e+00,0.00000e+00,0.00000e+00,0.00000e+00,0.00000e+00,0.00000e+00,0.00000e+00,-1.02868e-69,-2.47351e-68,-8.20061e-71,-1.33475e-69,-7.00565e-70,-3.35155e-66,-7.88749e-65,-2.71838e-67,-4.35662e-66,-2.27523e-66
0.00000e+00,0.00000e+00,0.00000e+00,0.00000e+00,0.00000e+00,0.00000e+00,0.00000e+00,0.00000e+00,0.00000e+00,0.00000e+00,-7.00565e-70,-1.68359e-68,-5.58800e-71,-1.02868e-69,-3.57509e-70,-2.27523e-66,-5.35332e-65,-1.84552e-67,-3.35155e-66,-1.15107e-66
0.00000e+00,0.00000e+00,0.00000e+00,0.00000e+00,0.00000e+00,0.00000e+00,0.00000e+00,0.00000e+00,0.00000e+00,0.00000e+00,-3.57509e-70,-8.58184e-69,-2.85503e-71,-7.00565e-70,-6.75307e-72,-1.15107e-66,-2.70771e-65,-9.33784e-68,-2.27523e-66,-2.81770e-69
0.00000e+00,0.00000e+00,0.00000e+00,0.00000e+00,0.00000e+00,0.00000e+00,0.00000e+00,0.00000e+00,0.00000e+00,0.00000e+00,-6.75307e-72,-1.45504e-70,-5.97799e-73,-3.57509e-70,3.44415e-70,-2.81770e-69,-6.09221e-68,-2.44945e-70,-1.15107e-66,1.14563e-66
0.00000e+00,0.00000e+00,0.00000e+00,0.00000e+00,0.00000e+00,0.00000e+00,0.00000e+00,0.00000e+00,0.00000e+00,0.00000e+00,3.44415e-70,8.29963e-69,2.73914e-71,-6.75307e-72,6.88697e-70,1.14563e-66,2.69597e-65,9.29063e-68,-2.81770e-69,2.27040e-66
0.00000e+00,0.00000e+00,0.00000e+00,0.00000e+00,0.00000e+00,0.00000e+00,0.00000e+00,0.00000e+00,0.00000e+00,0.00000e+00,6.88697e-70,1.65800e-68,5.48304e-71,3.44415e-70,1.01884e-69,2.27040e-66,5.34287e-65,1.84132e-67,1.14563e-66,3.34770e-66
0.00000e+00,0.00000e+00,0.00000e+00,0.00000e+00,0.00000e+00,0.00000e+00,0.00000e+00,0.00000e+00,0.00000e+00,0.00000e+00,1.01884e-69,2.45225e-68,8.11366e-71,6.88697e-70,1.32769e-69,3.34770e-66,7.87915e-65,2.71504e-67,2.27040e-66,4.35407e-66
0.00000e+00,0.00000e+00,0.00000e+00,0.00000e+00,0.00000e+00,0.00000e+00,0.00000e+00,0.00000e+00,0.00000e+00,0.00000e+00,1.32769e-69,3.19562e-68,1.05738e-70,1.01884e-69,1.60833e-69,4.35407e-66,1.02498e-64,3.53123e-67,3.34770e-66,5.26671e-66
0.00000e+00,0.00000e+00,0.00000e+00,0.00000e+00,0.00000e+00,0.00000e+00,0.00000e+00,0.00000e+00,0.00000e+00,0.00000e+00,1.60833e-69,3.87145e-68,1.28084e-70,1.32769e-69,1.85419e-69,5.26671e-66,1.24012e-64,4.27155e-67,4.35407e-66,6.06399e-66
0.00000e+00,0.00000e+00,0.00000e+00,0.00000e+00,0.00000e+00,0.00000e+00,0.00000e+00,0.00000e+00,0.00000e+00,0.00000e+00,1.85419e-69,4.46387e-68,1.47658e-70,1.60833e-69,2.05930e-69,6.06399e-66,1.42819e-64,4.91875e-67,5.26671e-66,6.72613e-66
0.00000e+00,0.00000e+00,0.00000e+00,0.00000e+00,0.00000e+00,0.00000e+00,0.00000e+00,0.00000e+00,0.00000e+00,0.00000e+00,2.05930e-69,4.95832e-68,1.63998e-70,1.85419e-69,2.21846e-69,6.72613e-66,1.58448e-64,5.45738e-67,6.06399e-66,7.23602e-66
0.00000e+00,0.00000e+00,0.00000e+00,0.00000e+00,0.00000e+00,0.00000e+00,0.00000e+00,0.00000e+00,0.00000e+00,0.00000e+00,2.21846e-69,5.34210e-68,1.76732e-70,2.05930e-69,2.32758e-69,7.23602e-66,1.70488e-64,5.87490e-67,6.72613e-66,7.57657e-66
0.00000e+00,0.00000e+00,0.00000e+00,0.00000e+00,0.00000e+00,0.00000e+00,0.00000e+00,0.00000e+00,0.00000e+00,0.00000e+00,2.32758e-69,5.60499e-68,1.85643e-70,2.21846e-69,2.36918e-69,7.57657e-66,1.78523e-64,6.14929e-67,7.23602e-66,7.69574e-66
0.00000e+00,0.00000e+00,0.00000e+00,0.00000e+00,0.00000e+00,-4.76618e-03,-8.97228e-03,-2.92408e-04,-7.05754e-03,-1.67071e-03,2.05224e-02,1.00765e-01,-1.47702e-03,6.17898e-02,-1.65847e-02,-1.55331e-01,-1.47770e+00,6.87194e-03,-5.85051e-01,1.69870e-01
0.00000e+00,0.00000e+00,0.00000e+00,0.00000e+00,0.00000e+00,-1.67071e-03,-3.09001e-03,-1.32476e-04,-4.76618e-03,-5.84953e-04,-1.65847e-02,-2.76269e-02,-1.98697e-03,2.05224e-02,-1.03156e-02,1.69870e-01,4.93613e-01,8.88849e-04,-1.55331e-01,3.65530e-02
0.00000e+00,0.00000e+00,0.00000e+00,0.00000e+00,0.00000e+00,-5.84953e-04,-1.06409e-03,-5.62721e-05,-1.67071e-03,-2.04733e-04,-1.03156e-02,-1.74305e-02,-1.22097e-03,-1.65847e-02,-5.13536e-03,3.65530e-02,1.25920e-01,-3.46412e-03,1.69870e-01,-1.03821e-02
0.00000e+00,0.00000e+00,0.00000e+00,0.00000e+00,0.00000e+00,-2.04733e-04,-3.66697e-04,-2.29473e-05,-5.84953e-04,-7.16492e-05,-5.13536e-03,-8.48968e-03,-6.61228e-04,-1.03156e-02,-2.31215e-03,-1.03821e-02,-1.33687e-03,-4.03655e-03,3.65530e-02,-1.47800e-02
0.00000e+00,0.00000e+00,0.00000e+00,0.00000e+00,0.00000e+00,-7.16492e-05,-1.26485e-04,-9.09858e-06,-2.04733e-04,-2.50702e-05,-2.31215e-03,-3.70845e-03,-3.28471e-04,-5.13536e-03,-9.82360e-04,-1.47800e-02,-1.97480e-02,-2.98567e-03,-1.03821e-02,-9.83279e-03
0.00000e+00,0.00000e+00,0.00000e+00,0.00000e+00,0.00000e+00,-2.50702e-05,-4.36635e-05,-3.53381e-06,-7.16492e-05,-8.75968e-06,-9.82360e-04,-1.52539e-03,-1.53449e-04,-2.31215e-03,-4.01059e-04,-9.83279e-03,-1.41596e-02,-1.81457e-03,-1.47800e-02,-5.23775e-03
0.00000e+00,0.00000e+00,0.00000e+00,0.00000e+00,0.00000e+00,-8.75968e-06,-1.50665e-05,-1.34884e-06,-2.50702e-05,-3.02516e-06,-4.01059e-04,-6.03032e-04,-6.83220e-05,-9.82360e-04,-1.56954e-04,-5.23775e-03,-7.50640e-03,-9.76355e-04,-9.83279e-03,-2.44543e-03
0.00000e+00,0.00000e+00,0.00000e+00,0.00000e+00,0.00000e+00,-3.02516e-06,-5.14494e-06,-5.01510e-07,-8.75968e-06,-9.43167e-07,-1.56954e-04,-2.29015e-04,-2.88273e-05,-4.01059e-04,-5.35256e-05,-2.44543e-03,-3.42866e-03,-4.73005e-04,-5.23775e-03,-9.31400e-04
0.00000e+00,0.00000e+00,0.00000e+00,0.00000e+00,0.00000e+00,-9.43167e-07,-1.58996e-06,-1.65107e-07,-3.02516e-06,5.36056e-15,-5.35256e-05,-7.62741e-05,-1.03955e-05,-1.56954e-04,4.60928e-14,-9.31400e-04,-1.27825e-03,-1.86685e-04,-2.44543e-03,-5.49404e-08
0.00000e+00,0.00000e+00,0.00000e+00,0.00000e+00,0.00000e+00,5.36056e-15,1.15481e-15,4.48079e-16,-9.43167e-07,9.43167e-07,4.60928e-14,1.48453e-14,8.72571e-15,-5.35256e-05,5.35256e-05,-5.49404e-08,-1.26830e-07,-8.22362e-09,-9.31400e-04,9.31186e-04
0.00000e+00,0.00000e+00,0.00000e+00,0.00000e+00,0.00000e+00,9.43167e-07,1.58996e-06,1.65107e-07,5.36056e-15,3.02516e-06,5.35256e-05,7.62741e-05,1.03955e-05,4.60928e-14,1.56954e-04,9.31186e-04,1.27771e-03,1.86656e-04,-5.49404e-08,2.44472e-03
0.00000e+00,0.00000e+00,0.00000e+00,0.00000e+00,0.00000e+00,3.02516e-06,5.14494e-06,5.01510e-07,9.43167e-07,8.75968e-06,1.56954e-04,2.29015e-04,2.88273e-05,5.35256e-05,4.01059e-04,2.44472e-03,3.42667e-03,4.72917e-04,9.31186e-04,5.23521e-03
0.00000e+00,0.00000e+00,0.00000e+00,0.00000e+00,0.00000e+00,8.75968e-06,1.50665e-05,1.34884e-06,3.02516e-06,2.50702e-05,4.01059e-04,6.03032e-04,6.83220e-05,1.56954e-04,9.82360e-04,5.23521e-03,7.49859e-03,9.76075e-04,2.44472e-03,9.82377e-03
0.00000e+00,0.00000e+00,0.00000e+00,0.00000e+00,0.00000e+00,2.50702e-05,4.36635e-05,3.53381e-06,8.75968e-06,7.16492e-05,9.82360e-04,1.52539e-03,1.53449e-04,4.01059e-04,2.31215e-03,9.82377e-03,1.41287e-02,1.81369e-03,5.23521e-03,1.47481e-02
0.00000e+00,0.00000e+00,0.00000e+00,0.00000e+00,0.00000e+00,7.16492e-05,1.26485e-04,9.09858e-06,2.50702e-05,2.04733e-04,2.31215e-03,3.70845e-03,3.28471e-04,9.82360e-04,5.13536e-03,1.47481e-02,1.96250e-02,2.98296e-03,9.82377e-03,1.02696e-02
0.00000e+00,0.00000e+00,0.00000e+00,0.00000e+00,0.00000e+00,2.04733e-04,3.66697e-04,2.29473e-05,7.16492e-05,5.84953e-04,5.13536e-03,8.48968e-03,6.61228e-04,2.31215e-03,1.03156e-02,1.02696e-02,8.48363e-04,4.02839e-03,1.47481e-02,-3.69428e-02
0.00000e+00,0.00000e+00,0.00000e+00,0.00000e+00,0.00000e+00,5.84953e-04,1.06409e-03,5.62721e-05,2.04733e-04,1.67071e-03,1.03156e-02,1.74305e-02,1.22097e-03,5.13536e-03,1.65847e-02,-3.69428e-02,-1.27725e-01,3.44043e-03,1.02696e-02,-1.71143e-01
0.00000e+00,0.00000e+00,0.00000e+00,0.00000e+00,0.00000e+00,1.67071e-03,3.09001e-03,1.32476e-04,5.84953e-04,4.76618e-03,1.65847e-02,2.76269e-02,1.98697e-03,1.03156e-02,-2.05224e-02,-1.71143e-01,-4.99732e-01,-9.50152e-04,-3.69428e-02,1.53045e-01
0.00000e+00,0.00000e+00,0.00000e+00,0.00000e+00,0.00000e+00,4.76618e-03,8.97228e-03,2.92408e-04,1.67071e-03,7.05754e-03,-2.05224e-02,-1.00765e-01,1.47702e-03,1.65847e-02,-6.17898e-02,1.53045e-01,1.46793e+00,-7.04174e-03,-1.71143e-01,5.82007e-01
0.00000e+00,0.00000e+00,0.00000e+00,0.00000e+00,0.00000e+00,-2.92408e-04,-4.76618e-03,-1.28728e-05,-3.99604e-04,-1.32476e-04,-1.47702e-03,2.05224e-02,-9.01284e-04,-4.36012e-04,-1.98697e-03,6.87194e-03,-1.55331e-01,2.93626e-03,9.54067e-03,8.88849e-04
0.00000e+00,0.00000e+00,0.00000e+00,0.00000e+00,0.00000e+00,-1.32476e-04,-1.67071e-03,-7.09251e-06,-2.92408e-04,-5.62721e-05,-1.98697e-03,-1.65847e-02,-4.65349e-04,-1.47702e-03,-1.22097e-03,8.88849e-04,1.69870e-01,-2.62504e-03,6.87194e-03,-3.46412e-03
0.00000e+00,0.00000e+00,0.00000e+00,0.00000e+00,0.00000e+00,-5.62721e-05,-5.84953e-04,-3.54525e-06,-1.32476e-04,-2.29473e-05,-1.22097e-03,-1.03156e-02,-2.25615e-04,-1.98697e-03,-6.61228e-04,-3.46412e-03,3.65530e-02,-2.51392e-03,8.88849e-04,-4.03655e-03
0.00000e+00,0.00000e+00,0.00000e+00,0.00000e+00,0.00000e+00,-2.29473e-05,-2.04733e-04,-1.65614e-06,-5.62721e-05,-9.09858e-06,-6.61228e-04,-5.13536e-03,-1.06853e-04,-1.22097e-03,-3.28471e-04,-4.03655e-03,-1.03821e-02,-1.60323e-03,-3.46412e-03,-2.98567e-03
0.00000e+00,0.00000e+00,0.00000e+00,0.00000e+00,0.00000e+00,-9.09858e-06,-7.16492e-05,-7.37559e-07,-2.29473e-05,-3.53381e-06,-3.28471e-04,-2.31215e-03,-4.95578e-05,-6.61228e-04,-1.53449e-04,-2.98567e-03,-1.47800e-02,-8.78983e-04,-4.03655e-03,-1.81457e-03
0.00000e+00,0.00000e+00,0.00000e+00,0.00000e+00,0.00000e+00,-3.53381e-06,-2.50702e-05,-3.16889e-07,-9.09858e-06,-1.34884e-06,-1.53449e-04,-9.82360e-04,-2.25085e-05,-3.28471e-04,-6.83220e-05,-1.81457e-03,-9.83279e-03,-4.45142e-04,-2.98567e-03,-9.76355e-04
0.00000e+00,0.00000e+00,0.00000e+00,0.00000e+00,0.00000e+00,-1.34884e-06,-8.75968e-06,-1.32113e-07,-3.53381e-06,-5.01510e-07,-6.83220e-05,-4.01059e-04,-9.98699e-06,-1.53449e-04,-2.88273e-05,-9.76355e-04,-5.23775e-03,-2.13562e-04,-1.81457e-03,-4.73005e-04
0.00000e+00,0.00000e+00,0.00000e+00,0.00000e+00,0.00000e+00,-5.01510e-07,-3.02516e-06,-5.29596e-08,-1.34884e-06,-1.65107e-07,-2.88273e-05,-1.56954e-04,-4.25678e-06,-6.83220e-05,-1.03955e-05,-4.73005e-04,-2.44543e-03,-9.64788e-05,-9.76355e-04,-1.86685e-04
0.00000e+00,0.00000e+00,0.00000e+00,0.00000e+00,0.00000e+00,-1.65107e-07,-9.43167e-07,-1.84355e-08,-5.01510e-07,4.48079e-16,-1.03955e-05,-5.35256e-05,-1.55603e-06,-2.88273e-05,8.72571e-15,-1.86685e-04,-9.31400e-04,-3.66704e-05,-4.73005e-04,-8.22362e-09
0.00000e+00,0.00000e+00,0.00000e+00,0.00000e+00,0.00000e+00,4.48079e-16,5.36056e-15,1.60377e-15,-1.65107e-07,1.65107e-07,8.72571e-15,4.60928e-14,7.11588e-15,-1.03955e-05,1.03955e-05,-8.22362e-09,-5.49404e-08,-6.67171e-10,-1.86685e-04,1.86656e-04
0.00000e+00,0.00000e+00,0.00000e+00,0.00000e+00,0.00000e+00,1.65107e-07,9.43167e-07,1.84355e-08,4.48079e-16,5.01510e-07,1.03955e-05,5.35256e-05,1.55603e-06,8.72571e-15,2.88273e-05,1.86656e-04,9.31186e-04,3.66682e-05,-8.22362e-09,4.72917e-04
0.00000e+00,0.00000e+00,0.00000e+00,0.00000e+00,0.00000e+00,5.01510e-07,3.02516e-06,5.29596e-08,1.65107e-07,1.34884e-06,2.88273e-05,1.56954e-04,4.25678e-06,1.03955e-05,6.83220e-05,4.72917e-04,2.44472e-03,9.64728e-05,1.86656e-04,9.76075e-04
0.00000e+00,0.00000e+00,0.00000e+00,0.00000e+00,0.00000e+00,1.34884e-06,8.75968e-06,1.32113e-07,5.01510e-07,3.53381e-06,6.83220e-05,4.01059e-04,9.98699e-06,2.88273e-05,1.53449e-04,9.76075e-04,5.23521e-03,2.13545e-04,4.72917e-04,1.81369e-03
0.00000e+00,0.00000e+00,0.00000e+00,0.00000e+00,0.00000e+00,3.53381e-06,2.50702e-05,3.16889e-07,1.34884e-06,9.09858e-06,1.53449e-04,9.82360e-04,2.25085e-05,6.83220e-05,3.28471e-04,1.81369e-03,9.82377e-03,4.45094e-04,9.76075e-04,2.98296e-03
0.00000e+00,0.00000e+00,0.00000e+00,0.00000e+00,0.00000e+00,9.09858e-06,7.16492e-05,7.37559e-07,3.53381e-06,2.29473e-05,3.28471e-04,2.31215e-03,4.95578e-05,1.53449e-04,6.61228e-04,2.98296e-03,1.47481e-02,8.78853e-04,1.81369e-03,4.02839e-03
0.00000e+00,0.00000e+00,0.00000e+00,0.00000e+00,0.00000e+00,2.29473e-05,2.04733e-04,1.65614e-06,9.09858e-06,5.62721e-05,6.61228e-04,5.13536e-03,1.06853e-04,3.28471e-04,1.22097e-03,4.02839e-03,1.02696e-02,1.60290e-03,2.98296e-03,3.44043e-03
0.00000e+00,0.00000e+00,0.00000e+00,0.00000e+00,0.00000e+00,5.62721e-05,5.84953e-04,3.54525e-06,2.29473e-05,1.32476e-04,1.22097e-03,1.03156e-02,2.25615e-04,6.61228e-04,1.98697e-03,3.44043e-03,-3.69428e-02,2.51311e-03,4.02839e-03,-9.50152e-04
0.00000e+00,0.00000e+00,0.00000e+00,0.00000e+00,0.00000e+00,1.32476e-04,1.67071e-03,7.09251e-06,5.62721e-05,2.92408e-04,1.98697e-03,1.65847e-02,4.65349e-04,1.22097e-03,1.47702e-03,-9.50152e-04,-1.71143e-01,2.62348e-03,3.44043e-03,-7.04174e-03
0.00000e+00,0.00000e+00,0.00000e+00,0.00000e+00,0.00000e+00,2.92408e-04,4.76618e-03,1.28728e-05,1.32476e-04,3.99604e-04,1.47702e-03,-2.05224e-02,9.01284e-04,1.98697e-03,4.36012e-04,-7.04174e-03,1.53045e-01,-2.93823e-03,-9.50152e-04,-9.79378e-03
0.00000e+00,0.00000e+00,0.00000e+00,0.00000e+00,0.00000e+00,-1.28728e-05,-2.92408e-04,-5.27949e-07,-1.63678e-05,-7.09251e-06,-9.01284e-04,-1.47702e-03,-7.67949e-05,-1.17075e-03,-4.65349e-04,2.93626e-03,6.87194e-03,-2.65250e-04,8.42988e-03,-2.62504e-03
0.00000e+00,0.00000e+00,0.00000e+00,0.00000e+00,0.00000e+00,-7.09251e-06,-1.32476e-04,-3.34154e-07,-1.28728e-05,-3.54525e-06,-4.65349e-04,-1.98697e-03,-4.48753e-05,-9.01284e-04,-2.25615e-04,-2.62504e-03,8.88849e-04,-4.19643e-04,2.93626e-03,-2.51392e-03
0.00000e+00,0.00000e+00,0.00000e+00,0.00000e+00,0.00000e+00,-3.54525e-06,-5.62721e-05,-1.88990e-07,-7.09251e-06,-1.65614e-06,-2.25615e-04,-1.22097e-03,-2.36850e-05,-4.65349e-04,-1.06853e-04,-2.51392e-03,-3.46412e-03,-3.32376e-04,-2.62504e-03,-1.60323e-03
0.00000e+00,0.00000e+00,0.00000e+00,0.00000e+00,0.00000e+00,-1.65614e-06,-2.29473e-05,-9.87102e-08,-3.54525e-06,-7.37559e-07,-1.06853e-04,-6.61228e-04,-1.18405e-05,-2.25615e-04,-4.95578e-05,-1.60323e-03,-4.03655e-03,-2.12791e-04,-2.51392e-03,-8.78983e-04
0.00000e+00,0.00000e+00,0.00000e+00,0.00000e+00,0.00000e+00,-7.37559e-07,-9.09858e-06,-4.86039e-08,-1.65614e-06,-3.16889e-07,-4.95578e-05,-3.28471e-04,-5.69970e-06,-1.06853e-04,-2.25085e-05,-8.78983e-04,-2.98567e-03,-1.20534e-04,-1.60323e-03,-4.45142e-04
0.00000e+00,0.00000e+00,0.00000e+00,0.00000e+00,0.00000e+00,-3.16889e-07,-3.53381e-06,-2.28593e-08,-7.37559e-07,-1.32113e-07,-2.25085e-05,-1.53449e-04,-2.66468e-06,-4.95578e-05,-9.98699e-06,-4.45142e-04,-1.81457e-03,-6.30454e-05,-8.78983e-04,-2.13562e-04
0.00000e+00,0.00000e+00,0.00000e+00,0.00000e+00,0.00000e+00,-1.32113e-07,-1.34884e-06,-1.03352e-08,-3.16889e-07,-5.29596e-08,-9.98699e-06,-6.83220e-05,-1.21235e-06,-2.25085e-05,-4.25678e-06,-2.13562e-04,-9.76355e-04,-3.10602e-05,-4.45142e-04,-9.64788e-05
0.00000e+00,0.00000e+00,0.00000e+00,0.00000e+00,0.00000e+00,-5.29596e-08,-5.01510e-07,-4.44359e-09,-1.32113e-07,-1.84355e-08,-4.25678e-06,-2.88273e-05,-5.28440e-07,-9.98699e-06,-1.55603e-06,-9.64788e-05,-4.73005e-04,-1.43201e-05,-2.13562e-04,-3.66704e-05
0.00000e+00,0.00000e+00,0.00000e+00,0.00000e+00,0.00000e+00,-1.84355e-08,-1.65107e-07,-1.62904e-09,-5.29596e-08,1.60377e-15,-1.55603e-06,-1.03955e-05,-1.96526e-07,-4.25678e-06,7.11588e-15,-3.66704e-05,-1.86685e-04,-5.51723e-06,-9.64788e-05,-6.67171e-10
0.00000e+00,0.00000e+00,0.00000e+00,0.00000e+00,0.00000e+00,1.60377e-15,4.48079e-16,4.68190e-16,-1.84355e-08,1.84355e-08,7.11588e-15,8.72571e-15,4.82244e-15,-1.55603e-06,1.55603e-06,-6.67171e-10,-8.22362e-09,-4.05073e-11,-3.66704e-05,3.66682e-05
0.00000e+00,0.00000e+00,0.00000e+00,0.00000e+00,0.00000e+00,1.84355e-08,1.65107e-07,1.62904e-09,1.60377e-15,5.29596e-08,1.55603e-06,1.03955e-05,1.96526e-07,7.11588e-15,4.25678e-06,3.66682e-05,1.86656e-04,5.51710e-06,-6.67171e-10,9.64728e-05
0.00000e+00,0.00000e+00,0.00000e+00,0.00000e+00,0.00000e+00,5.29596e-08,5.01510e-07,4.44359e-09,1.84355e-08,1.32113e-07,4.25678e-06,2.88273e-05,5.28440e-07,1.55603e-06,9.98699e-06,9.64728e-05,4.72917e-04,1.43198e-05,3.66682e-05,2.13545e-04
0.00000e+00,0.00000e+00,0.00000e+00,0.00000e+00,0.00000e+00,1.32113e-07,1.34884e-06,1.03352e-08,5.29596e-08,3.16889e-07,9.98699e-06,6.83220e-05,1.21235e-06,4.25678e-06,2.25085e-05,2.13545e-04,9.76075e-04,3.10595e-05,9.64728e-05,4.45094e-04
0.00000e+00,0.00000e+00,0.00000e+00,0.00000e+00,0.00000e+00,3.16889e-07,3.53381e-06,2.28593e-08,1.32113e-07,7.37559e-07,2.25085e-05,1.53449e-04,2.66468e-06,9.98699e-06,4.95578e-05,4.45094e-04,1.81369e-03,6.30435e-05,2.13545e-04,8.78853e-04
0.00000e+00,0.00000e+00,0.00000e+00,0.00000e+00,0.00000e+00,7.37559e-07,9.09858e-06,4.86039e-08,3.16889e-07,1.65614e-06,4.95578e-05,3.28471e-04,5.69970e-06,2.25085e-05,1.06853e-04,8.78853e-04,2.98296e-03,1.20530e-04,4.45094e-04,1.60290e-03
0.00000e+00,0.00000e+00,0.00000e+00,0.00000e+00,0.00000e+00,1.65614e-06,2.29473e-05,9.87102e-08,7.37559e-07,3.54525e-06,1.06853e-04,6.61228e-04,1.18405e-05,4.95578e-05,2.25615e-04,1.60290e-03,4.02839e-03,2.12780e-04,8.78853e-04,2.51311e-03
0.00000e+00,0.00000e+00,0.00000e+00,0.00000e+00,0.00000e+00,3.54525e-06,5.62721e-05,1.88990e-07,1.65614e-06,7.09251e-06,2.25615e-04,1.22097e-03,2.36850e-05,1.06853e-04,4.65349e-04,2.51311e-03,3.44043e-03,3.32356e-04,1.60290e-03,2.62348e-03
0.00000e+00,0.00000e+00,0.00000e+00,0.00000e+00,0.00000e+00,7.09251e-06,1.32476e-04,3.34154e-07,3.54525e-06,1.28728e-05,4.65349e-04,1.98697e-03,4.48753e-05,2.25615e-04,9.01284e-04,2.62348e-03,-9.50152e-04,4.19611e-04,2.51311e-03,-2.93823e-03
0.00000e+00,0.00000e+00,0.00000e+00,0.00000e+00,0.00000e+00,1.28728e-05,2.92408e-04,5.27949e-07,7.09251e-06,1.63678e-05,9.01284e-04,1.47702e-03,7.67949e-05,4.65349e-04,1.17075e-03,-2.93823e-03,-7.04174e-03,2.65233e-04,2.62348e-03,-8.43178e-03
0.00000e+00,0.00000e+00,0.00000e+00,0.00000e+00,0.00000e+00,-5.27949e-07,-1.28728e-05,-2.11761e-08,-6.33994e-07,-3.34154e-07,-7.67949e-05,-9.01284e-04,-4.65140e-06,-9.49340e-05,-4.48753e-05,-2.65250e-04,2.93626e-03,-1.19956e-04,-5.51494e-05,-4.19643e-04
0.00000e+00,0.00000e+00,0.00000e+00,0.00000e+00,0.00000e+00,-3.34154e-07,-7.09251e-06,-1.47332e-08,-5.27949e-07,-1.88990e-07,-4.48753e-05,-4.65349e-04,-3.04269e-06,-7.67949e-05,-2.36850e-05,-4.19643e-04,-2.62504e-03,-7.99176e-05,-2.65250e-04,-3.32376e-04
0.00000e+00,0.00000e+00,0.00000e+00,0.00000e+00,0.00000e+00,-1.88990e-07,-3.54525e-06,-9.16139e-09,-3.34154e-07,-9.87102e-08,-2.36850e-05,-2.25615e-04,-1.77564e-06,-4.48753e-05,-1.18405e-05,-3.32376e-04,-2.51392e-03,-4.80686e-05,-4.19643e-04,-2.12791e-04
0.00000e+00,0.00000e+00,0.00000e+00,0.00000e+00,0.00000e+00,-9.87102e-08,-1.65614e-06,-5.23791e-09,-1.88990e-07,-4.86039e-08,-1.18405e-05,-1.06853e-04,-9.64209e-07,-2.36850e-05,-5.69970e-06,-2.12791e-04,-1.60323e-03,-2.72337e-05,-3.32376e-04,-1.20534e-04
0.00000e+00,0.00000e+00,0.00000e+00,0.00000e+00,0.00000e+00,-4.86039e-08,-7.37559e-07,-2.80674e-09,-9.87102e-08,-2.28593e-08,-5.69970e-06,-4.95578e-05,-4.96922e-07,-1.18405e-05,-2.66468e-06,-1.20534e-04,-8.78983e-04,-1.46681e-05,-2.12791e-04,-6.30454e-05
0.00000e+00,0.00000e+00,0.00000e+00,0.00000e+00,0.00000e+00,-2.28593e-08,-3.16889e-07,-1.42767e-09,-4.86039e-08,-1.03352e-08,-2.66468e-06,-2.25085e-05,-2.45942e-07,-5.69970e-06,-1.21235e-06,-6.30454e-05,-4.45142e-04,-7.56011e-06,-1.20534e-04,-3.10602e-05
0.00000e+00,0.00000e+00,0.00000e+00,0.00000e+00,0.00000e+00,-1.03352e-08,-1.32113e-07,-6.93359e-10,-2.28593e-08,-4.44359e-09,-1.21235e-06,-9.98699e-06,-1.17397e-07,-2.66468e-06,-5.28440e-07,-3.10602e-05,-2.13562e-04,-3.73631e-06,-6.30454e-05,-1.43201e-05
0.00000e+00,0.00000e+00,0.00000e+00,0.00000e+00,0.00000e+00,-4.44359e-09,-5.29596e-08,-3.17230e-10,-1.03352e-08,-1.62904e-09,-5.28440e-07,-4.25678e-06,-5.32230e-08,-1.21235e-06,-1.96526e-07,-1.43201e-05,-9.64788e-05,-1.74136e-06,-3.10602e-05,-5.51723e-06
0.00000e+00,0.00000e+00,0.00000e+00,0.00000e+00,0.00000e+00,-1.62904e-09,-1.84355e-08,-1.21730e-10,-4.44359e-09,4.68190e-16,-1.96526e-07,-1.55603e-06,-2.03506e-08,-5.28440e-07,4.82244e-15,-5.51723e-06,-3.66704e-05,-6.78336e-07,-1.43201e-05,-4.05073e-11
0.00000e+00,0.00000e+00,0.00000e+00,0.00000e+00,0.00000e+00,4.68190e-16,1.60377e-15,-6.33062e-15,-1.62904e-09,1.62904e-09,4.82244e-15,7.11588e-15,-4.34950e-14,-1.96526e-07,1.96526e-07,-4.05073e-11,-6.67171e-10,-2.23081e-12,-5.51723e-06,5.51710e-06
0.00000e+00,0.00000e+00,0.00000e+00,0.00000e+00,0.00000e+00,1.62904e-09,1.84355e-08,1.21716e-10,4.68190e-16,4.44359e-09,1.96526e-07,1.55603e-06,2.03505e-08,4.82244e-15,5.28440e-07,5.51710e-06,3.66682e-05,6.78330e-07,-4.05073e-11,1.43198e-05
0.00000e+00,0.00000e+00,0.00000e+00,0.00000e+00,0.00000e+00,4.44359e-09,5.29596e-08,3.17214e-10,1.62904e-09,1.03352e-08,5.28440e-07,4.25678e-06,5.32229e-08,1.96526e-07,1.21235e-06,1.43198e-05,9.64728e-05,1.74135e-06,5.51710e-06,3.10595e-05
0.00000e+00,0.00000e+00,0.00000e+00,0.00000e+00,0.00000e+00,1.03352e-08,1.32113e-07,6.93339e-10,4.44359e-09,2.28593e-08,1.21235e-06,9.98699e-06,1.17397e-07,5.28440e-07,2.66468e-06,3.10595e-05,2.13545e-04,3.73628e-06,1.43198e-05,6.30435e-05
0.00000e+00,0.00000e+00,0.00000e+00,0.00000e+00,0.00000e+00,2.28593e-08,3.16889e-07,1.42765e-09,1.03352e-08,4.86039e-08,2.66468e-06,2.25085e-05,2.45942e-07,1.21235e-06,5.69970e-06,6.30435e-05,4.45094e-04,7.56003e-06,3.10595e-05,1.20530e-04
0.00000e+00,0.00000e+00,0.00000e+00,0.00000e+00,0.00000e+00,4.86039e-08,7.37559e-07,2.80672e-09,2.28593e-08,9.87102e-08,5.69970e-06,4.95578e-05,4.96922e-07,2.66468e-06,1.18405e-05,1.20530e-04,8.78853e-04,1.46679e-05,6.30435e-05,2.12780e-04
0.00000e+00,0.00000e+00,0.00000e+00,0.00000e+00,0.00000e+00,9.87102e-08,1.65614e-06,5.23789e-09,4.86039e-08,1.88990e-07,1.18405e-05,1.06853e-04,9.64209e-07,5.69970e-06,2.36850e-05,2.12780e-04,1.60290e-03,2.72334e-05,1.20530e-04,3.32356e-04
0.00000e+00,0.00000e+00,0.00000e+00,0.00000e+00,0.00000e+00,1.88990e-07,3.54525e-06,9.16138e-09,9.87102e-08,3.34154e-07,2.36850e-05,2.25615e-04,1.77564e-06,1.18405e-05,4.48753e-05,3.32356e-04,2.51311e-03,4.80681e-05,2.12780e-04,4.19611e-04
0.00000e+00,0.00000e+00,0.00000e+00,0.00000e+00,0.00000e+00,3.34154e-07,7.09251e-06,1.47332e-08,1.88990e-07,5.27949e-07,4.48753e-05,4.65349e-04,3.04269e-06,2.36850e-05,7.67949e-05,4.19611e-04,2.62348e-03,7.99170e-05,3.32356e-04,2.65233e-04
0.00000e+00,0.00000e+00,0.00000e+00,0.00000e+00,0.00000e+00,5.27949e-07,1.28728e-05,2.11761e-08,3.34154e-07,6.33994e-07,7.67949e-05,9.01284e-04,4.65140e-06,4.48753e-05,9.49340e-05,2.65233e-04,-2.93823e-03,1.19956e-04,4.19611e-04,5.51547e-05
0.00000e+00,0.00000e+00,0.00000e+00,0.00000e+00,0.00000e+00,-2.11761e-08,-5.27949e-07,-8.45225e-10,-2.44340e-08,-1.47332e-08,-4.65140e-06,-7.67949e-05,-2.46978e-07,-5.48630e-06,-3.04269e-06,-1.19956e-04,-2.65250e-04,-1.20938e-05,-1.38670e-04,-7.99176e-05
0.00000e+00,0.00000e+00,0.00000e+00,0.00000e+00,0.00000e+00,-1.47332e-08,-3.34154e-07,-6.28328e-10,-2.11761e-08,-9.16139e-09,-3.04269e-06,-4.48753e-05,-1.75678e-07,-4.65140e-06,-1.77564e-06,-7.99176e-05,-4.19643e-04,-8.18943e-06,-1.19956e-04,-4.80686e-05
0.00000e+00,0.00000e+00,0.00000e+00,0.00000e+00,0.00000e+00,-9.16139e-09,-1.88990e-07,-4.20139e-10,-1.47332e-08,-5.23791e-09,-1.77564e-06,-2.36850e-05,-1.11498e-07,-3.04269e-06,-9.64209e-07,-4.80686e-05,-3.32376e-04,-4.95776e-06,-7.99176e-05,-2.72337e-05
0.00000e+00,0.00000e+00,0.00000e+00,0.00000e+00,0.00000e+00,-5.23791e-09,-9.87102e-08,-2.58413e-10,-9.16139e-09,-2.80674e-09,-9.64209e-07,-1.18405e-05,-6.53849e-08,-1.77564e-06,-4.96922e-07,-2.72337e-05,-2.12791e-04,-2.81021e-06,-4.80686e-05,-1.46681e-05
0.00000e+00,0.00000e+00,0.00000e+00,0.00000e+00,0.00000e+00,-2.80674e-09,-4.86039e-08,-1.48636e-10,-5.23791e-09,-1.42767e-09,-4.96922e-07,-5.69970e-06,-3.61006e-08,-9.64209e-07,-2.45942e-07,-1.46681e-05,-1.20534e-04,-1.51729e-06,-2.72337e-05,-7.56011e-06
0.00000e+00,0.00000e+00,0.00000e+00,0.00000e+00,0.00000e+00,-1.42767e-09,-2.28593e-08,-8.08676e-11,-2.80674e-09,-6.93359e-10,-2.45942e-07,-2.66468e-06,-1.89937e-08,-4.96922e-07,-1.17397e-07,-7.56011e-06,-6.30454e-05,-7.87397e-07,-1.46681e-05,-3.73631e-06
0.00000e+00,0.00000e+00,0.00000e+00,0.00000e+00,0.00000e+00,-6.93359e-10,-1.03352e-08,-4.18005e-11,-1.42767e-09,-3.17230e-10,-1.17397e-07,-1.21235e-06,-9.56476e-09,-2.45942e-07,-5.32230e-08,-3.73631e-06,-3.10602e-05,-3.93383e-07,-7.56011e-06,-1.74136e-06
0.00000e+00,0.00000e+00,0.00000e+00,0.00000e+00,0.00000e+00,-3.17230e-10,-4.44359e-09,-2.01930e-11,-6.93359e-10,-1.21730e-10,-5.32230e-08,-5.28440e-07,-4.53401e-09,-1.17397e-07,-2.03506e-08,-1.74136e-06,-1.43201e-05,-1.85693e-07,-3.73631e-06,-6.78336e-07
0.00000e+00,0.00000e+00,0.00000e+00,0.00000e+00,0.00000e+00,-1.21730e-10,-1.62904e-09,-8.06130e-12,-3.17230e-10,-6.33062e-15,-2.03506e-08,-1.96526e-07,-1.78905e-09,-5.32230e-08,-4.34950e-14,-6.78336e-07,-5.51723e-06,-7.31294e-08,-1.74136e-06,-2.23081e-12
0.00000e+00,0.00000e+00,0.00000e+00,0.00000e+00,0.00000e+00,-6.33062e-15,4.68190e-16,-9.38990e-16,-1.21730e-10,1.21716e-10,-4.34950e-14,4.82244e-15,-8.57975e-15,-2.03506e-08,2.03505e-08,-2.23081e-12,-4.05073e-11,-1.28104e-13,-6.78336e-07,6.78330e-07
0.00000e+00,0.00000e+00,0.00000e+00,0.00000e+00,0.00000e+00,1.21716e-10,1.62904e-09,8.05928e-12,-6.33062e-15,3.17214e-10,2.03505e-08,1.96526e-07,1.78904e-09,-4.34950e-14,5.32229e-08,6.78330e-07,5.51710e-06,7.31291e-08,-2.23081e-12,1.74135e-06
0.00000e+00,0.00000e+00,0.00000e+00,0.00000e+00,0.00000e+00,3.17214e-10,4.44359e-09,2.01906e-11,1.21716e-10,6.93339e-10,5.32229e-08,5.28440e-07,4.53399e-09,2.03505e-08,1.17397e-07,1.74135e-06,1.43198e-05,1.85693e-07,6.78330e-07,3.73628e-06
0.00000e+00,0.00000e+00,0.00000e+00,0.00000e+00,0.00000e+00,6.93339e-10,1.03352e-08,4.17976e-11,3.17214e-10,1.42765e-09,1.17397e-07,1.21235e-06,9.56474e-09,5.32229e-08,2.45942e-07,3.73628e-06,3.10595e-05,3.93382e-07,1.74135e-06,7.56003e-06
0.00000e+00,0.00000e+00,0.00000e+00,0.00000e+00,0.00000e+00,1.42765e-09,2.28593e-08,8.08641e-11,6.93339e-10,2.80672e-09,2.45942e-07,2.66468e-06,1.89937e-08,1.17397e-07,4.96922e-07,7.56003e-06,6.30435e-05,7.87394e-07,3.73628e-06,1.46679e-05
0.00000e+00,0.00000e+00,0.00000e+00,0.00000e+00,0.00000e+00,2.80672e-09,4.86039e-08,1.48633e-10,1.42765e-09,5.23789e-09,4.96922e-07,5.69970e-06,3.61005e-08,2.45942e-07,9.64209e-07,1.46679e-05,1.20530e-04,1.51728e-06,7.56003e-06,2.72334e-05
0.00000e+00,0.00000e+00,0.00000e+00,0.00000e+00,0.00000e+00,5.23789e-09,9.87102e-08,2.58410e-10,2.80672e-09,9.16138e-09,9.64209e-07,1.18405e-05,6.53849e-08,4.96922e-07,1.77564e-06,2.72334e-05,2.12780e-04,2.81020e-06,1.46679e-05,4.80681e-05
0.00000e+00,0.00000e+00,0.00000e+00,0.00000e+00,0.00000e+00,9.16138e-09,1.88990e-07,4.20137e-10,5.23789e-09,1.47332e-08,1.77564e-06,2.36850e-05,1.11498e-07,9.64209e-07,3.04269e-06,4.80681e-05,3.32356e-04,4.95775e-06,2.72334e-05,7.99170e-05
0.00000e+00,0.00000e+00,0.00000e+00,0.00000e+00,0.00000e+00,1.47332e-08,3.34154e-07,6.28330e-10,9.16138e-09,2.11761e-08,3.04269e-06,4.48753e-05,1.75678e-07,1.77564e-06,4.65140e-06,7.99170e-05,4.19611e-04,8.18942e-06,4.80681e-05,1.19956e-04
0.00000e+00,0.00000e+00,0.00000e+00,0.00000e+00,0.00000e+00,2.11761e-08,5.27949e-07,8.45231e-10,1.47332e-08,2.44340e-08,4.65140e-06,7.67949e-05,2.46978e-07,3.04269e-06,5.48630e-06,1.19956e-04,2.65233e-04,1.20938e-05,7.99170e-05,1.38671e-04
0.00000e+00,0.00000e+00,0.00000e+00,0.00000e+00,0.00000e+00,-8.45225e-10,-2.11761e-08,-3.37756e-11,-9.48556e-10,-6.28328e-10,-2.46978e-07,-4.65140e-06,-1.22726e-08,-2.81156e-07,-1.75678e-07,-1.20938e-05,-1.19956e-04,-8.47584e-07,-1.39528e-05,-8.18943e-06
0.00000e+00,0.00000e+00,0.00000e+00,0.00000e+00,0.00000e+00,-6.28328e-10,-1.47332e-08,-2.63365e-11,-8.45225e-10,-4.20139e-10,-1.75678e-07,-3.04269e-06,-9.27393e-09,-2.46978e-07,-1.11498e-07,-8.18943e-06,-7.99176e-05,-6.09469e-07,-1.20938e-05,-4.95776e-06
0.00000e+00,0.00000e+00,0.00000e+00,0.00000e+00,0.00000e+00,-4.20139e-10,-9.16139e-09,-1.86271e-11,-6.28328e-10,-2.58413e-10,-1.11498e-07,-1.77564e-06,-6.29223e-09,-1.75678e-07,-6.53849e-08,-4.95776e-06,-4.80686e-05,-3.89739e-07,-8.18943e-06,-2.81021e-06
0.00000e+00,0.00000e+00,0.00000e+00,0.00000e+00,0.00000e+00,-2.58413e-10,-5.23791e-09,-1.21553e-11,-4.20139e-10,-1.48636e-10,-6.53849e-08,-9.64209e-07,-3.94027e-09,-1.11498e-07,-3.61006e-08,-2.81021e-06,-2.72337e-05,-2.31034e-07,-4.95776e-06,-1.51729e-06
0.00000e+00,0.00000e+00,0.00000e+00,0.00000e+00,0.00000e+00,-1.48636e-10,-2.80674e-09,-7.41865e-12,-2.58413e-10,-8.08676e-11,-3.61006e-08,-4.96922e-07,-2.31488e-09,-6.53849e-08,-1.89937e-08,-1.51729e-06,-1.46681e-05,-1.29462e-07,-2.81021e-06,-7.87397e-07
0.00000e+00,0.00000e+00,0.00000e+00,0.00000e+00,0.00000e+00,-8.08676e-11,-1.42767e-09,-4.27544e-12,-1.48636e-10,-4.18005e-11,-1.89937e-08,-2.45942e-07,-1.28993e-09,-3.61006e-08,-9.56476e-09,-7.87397e-07,-7.56011e-06,-6.93584e-08,-1.51729e-06,-3.93383e-07
0.00000e+00,0.00000e+00,0.00000e+00,0.00000e+00,0.00000e+00,-4.18005e-11,-6.93359e-10,-2.33263e-12,-8.08676e-11,-2.01930e-11,-9.56476e-09,-1.17397e-07,-6.84068e-10,-1.89937e-08,-4.53401e-09,-3.93383e-07,-3.73631e-06,-3.56310e-08,-7.87397e-07,-1.85693e-07
0.00000e+00,0.00000e+00,0.00000e+00,0.00000e+00,0.00000e+00,-2.01930e-11,-3.17230e-10,-1.18122e-12,-4.18005e-11,-8.06130e-12,-4.53401e-09,-5.32230e-08,-3.38779e-10,-9.56476e-09,-1.78905e-09,-1.85693e-07,-1.74136e-06,-1.72216e-08,-3.93383e-07,-7.31294e-08
0.00000e+00,0.00000e+00,0.00000e+00,0.00000e+00,0.00000e+00,-8.06130e-12,-1.21730e-10,-4.87867e-13,-2.01930e-11,-9.38990e-16,-1.78905e-09,-2.03506e-08,-1.37879e-10,-4.53401e-09,-8.57975e-15,-7.31294e-08,-6.78336e-07,-6.89818e-09,-1.85693e-07,-1.28104e-13
0.00000e+00,0.00000e+00,0.00000e+00,0.00000e+00,0.00000e+00,-9.38990e-16,-6.33062e-15,-8.26563e-17,-8.06130e-12,8.05928e-12,-8.57975e-15,-4.34950e-14,-1.73258e-15,-1.78905e-09,1.78904e-09,-1.28104e-13,-2.23081e-12,-1.46335e-14,-7.31294e-08,7.31291e-08
0.00000e+00,0.00000e+00,0.00000e+00,0.00000e+00,0.00000e+00,8.05928e-12,1.21716e-10,4.87690e-13,-9.38990e-16,2.01906e-11,1.78904e-09,2.03505e-08,1.37876e-10,-8.57975e-15,4.53399e-09,7.31291e-08,6.78330e-07,6.89815e-09,-1.28104e-13,1.85693e-07
0.00000e+00,0.00000e+00,0.00000e+00,0.00000e+00,0.00000e+00,2.01906e-11,3.17214e-10,1.18101e-12,8.05928e-12,4.17976e-11,4.53399e-09,5.32229e-08,3.38775e-10,1.78904e-09,9.56474e-09,1.85693e-07,1.74135e-06,1.72216e-08,7.31291e-08,3.93382e-07
0.00000e+00,0.00000e+00,0.00000e+00,0.00000e+00,0.00000e+00,4.17976e-11,6.93339e-10,2.33237e-12,2.01906e-11,8.08641e-11,9.56474e-09,1.17397e-07,6.84063e-10,4.53399e-09,1.89937e-08,3.93382e-07,3.73628e-06,3.56310e-08,1.85693e-07,7.87394e-07
0.00000e+00,0.00000e+00,0.00000e+00,0.00000e+00,0.00000e+00,8.08641e-11,1.42765e-09,4.27515e-12,4.17976e-11,1.48633e-10,1.89937e-08,2.45942e-07,1.28993e-09,9.56474e-09,3.61005e-08,7.87394e-07,7.56003e-06,6.93583e-08,3.93382e-07,1.51728e-06
0.00000e+00,0.00000e+00,0.00000e+00,0.00000e+00,0.00000e+00,1.48633e-10,2.80672e-09,7.41834e-12,8.08641e-11,2.58410e-10,3.61005e-08,4.96922e-07,2.31488e-09,1.89937e-08,6.53849e-08,1.51728e-06,1.46679e-05,1.29461e-07,7.87394e-07,2.81020e-06
0.00000e+00,0.00000e+00,0.00000e+00,0.00000e+00,0.00000e+00,2.58410e-10,5.23789e-09,1.21551e-11,1.48633e-10,4.20137e-10,6.53849e-08,9.64209e-07,3.94027e-09,3.61005e-08,1.11498e-07,2.81020e-06,2.72334e-05,2.31034e-07,1.51728e-06,4.95775e-06
0.00000e+00,0.00000e+00,0.00000e+00,0.00000e+00,0.00000e+00,4.20137e-10,9.16138e-09,1.86270e-11,2.58410e-10,6.28330e-10,1.11498e-07,1.77564e-06,6.29223e-09,6.53849e-08,1.75678e-07,4.95775e-06,4.80681e-05,3.89739e-07,2.81020e-06,8.18942e-06
0.00000e+00,0.00000e+00,0.00000e+00,0.00000e+00,0.00000e+00,6.28330e-10,1.47332e-08,2.63367e-11,4.20137e-10,8.45231e-10,1.75678e-07,3.04269e-06,9.27394e-09,1.11498e-07,2.46978e-07,8.18942e-06,7.99170e-05,6.09468e-07,4.95775e-06,1.20938e-05
0.00000e+00,0.00000e+00,0.00000e+00,0.00000e+00,0.00000e+00,8.45231e-10,2.11761e-08,3.37761e-11,6.28330e-10,9.48565e-10,2.46978e-07,4.65140e-06,1.22726e-08,1.75678e-07,2.81156e-07,1.20938e-05,1.19956e-04,8.47584e-07,8.18942e-06,1.39528e-05
0.00000e+00,0.00000e+00,0.00000e+00,0.00000e+00,0.00000e+00,-3.37756e-11,-8.45225e-10,-1.35393e-12,-3.71669e-11,-2.63365e-11,-1.22726e-08,-2.46978e-07,-5.86997e-10,-1.36230e-08,-9.27393e-09,-8.47584e-07,-1.20938e-05,-5.03356e-08,-9.53813e-07,-6.09469e-07
0.00000e+00,0.00000e+00,0.00000e+00,0.00000e+00,0.00000e+00,-2.63365e-11,-6.28328e-10,-1.09386e-12,-3.37756e-11,-1.86271e-11,-9.27393e-09,-1.75678e-07,-4.63662e-10,-1.22726e-08,-6.29223e-09,-6.09469e-07,-8.18943e-06,-3.81963e-08,-8.47584e-07,-3.89739e-07
0.00000e+00,0.00000e+00,0.00000e+00,0.00000e+00,0.00000e+00,-1.86271e-11,-4.20139e-10,-8.08442e-13,-2.63365e-11,-1.21553e-11,-6.29223e-09,-1.11498e-07,-3.31582e-10,-9.27393e-09,-3.94027e-09,-3.89739e-07,-4.95776e-06,-2.58424e-08,-6.09469e-07,-2.31034e-07
0.00000e+00,0.00000e+00,0.00000e+00,0.00000e+00,0.00000e+00,-1.21553e-11,-2.58413e-10,-5.53620e-13,-1.86271e-11,-7.41865e-12,-3.94027e-09,-6.53849e-08,-2.19312e-10,-6.29223e-09,-2.31488e-09,-2.31034e-07,-2.81021e-06,-1.61418e-08,-3.89739e-07,-1.29462e-07
0.00000e+00,0.00000e+00,0.00000e+00,0.00000e+00,0.00000e+00,-7.41865e-12,-1.48636e-10,-3.55108e-13,-1.21553e-11,-4.27544e-12,-2.31488e-09,-3.61006e-08,-1.35983e-10,-3.94027e-09,-1.28993e-09,-1.29462e-07,-1.51729e-06,-9.48103e-09,-2.31034e-07,-6.93584e-08
0.00000e+00,0.00000e+00,0.00000e+00,0.00000e+00,0.00000e+00,-4.27544e-12,-8.08676e-11,-2.14978e-13,-7.41865e-12,-2.33263e-12,-1.28993e-09,-1.89937e-08,-7.97743e-11,-2.31488e-09,-6.84068e-10,-6.93584e-08,-7.87397e-07,-5.29659e-09,-1.29462e-07,-3.56310e-08
0.00000e+00,0.00000e+00,0.00000e+00,0.00000e+00,0.00000e+00,-2.33263e-12,-4.18005e-11,-1.22888e-13,-4.27544e-12,-1.18122e-12,-6.84068e-10,-9.56476e-09,-4.43552e-11,-1.28993e-09,-3.38779e-10,-3.56310e-08,-3.93383e-07,-2.82266e-09,-6.93584e-08,-1.72216e-08
0.00000e+00,0.00000e+00,0.00000e+00,0.00000e+00,0.00000e+00,-1.18122e-12,-2.01930e-11,-6.48118e-14,-2.33263e-12,-4.87867e-13,-3.38779e-10,-4.53401e-09,-2.28722e-11,-6.84068e-10,-1.37879e-10,-1.72216e-08,-1.85693e-07,-1.40648e-09,-3.56310e-08,-6.89818e-09
0.00000e+00,0.00000e+00,0.00000e+00,0.00000e+00,0.00000e+00,-4.87867e-13,-8.06130e-12,-2.75586e-14,-1.18122e-12,-8.26563e-17,-1.37879e-10,-1.78905e-09,-9.57818e-12,-3.38779e-10,-1.73258e-15,-6.89818e-09,-7.31294e-08,-5.75480e-10,-1.72216e-08,-1.46335e-14
0.00000e+00,0.00000e+00,0.00000e+00,0.00000e+00,0.00000e+00,-8.26563e-17,-9.38990e-16,-5.66232e-18,-4.87867e-13,4.87690e-13,-1.73258e-15,-8.57975e-15,-2.30180e-16,-1.37879e-10,1.37876e-10,-1.46335e-14,-1.28104e-13,-2.12086e-15,-6.89818e-09,6.89815e-09
0.00000e+00,0.00000e+00,0.00000e+00,0.00000e+00,0.00000e+00,4.87690e-13,8.05928e-12,2.75465e-14,-8.26563e-17,1.18101e-12,1.37876e-10,1.78904e-09,9.57770e-12,-1.73258e-15,3.38775e-10,6.89815e-09,7.31291e-08,5.75476e-10,-1.46335e-14,1.72216e-08
0.00000e+00,0.00000e+00,0.00000e+00,0.00000e+00,0.00000e+00,1.18101e-12,2.01906e-11,6.47975e-14,4.87690e-13,2.33237e-12,3.38775e-10,4.53399e-09,2.28716e-11,1.37876e-10,6.84063e-10,1.72216e-08,1.85693e-07,1.40647e-09,6.89815e-09,3.56310e-08
0.00000e+00,0.00000e+00,0.00000e+00,0.00000e+00,0.00000e+00,2.33237e-12,4.17976e-11,1.22871e-13,1.18101e-12,4.27515e-12,6.84063e-10,9.56474e-09,4.43546e-11,3.38775e-10,1.28993e-09,3.56310e-08,3.93382e-07,2.82265e-09,1.72216e-08,6.93583e-08
0.00000e+00,0.00000e+00,0.00000e+00,0.00000e+00,0.00000e+00,4.27515e-12,8.08641e-11,2.14958e-13,2.33237e-12,7.41834e-12,1.28993e-09,1.89937e-08,7.97737e-11,6.84063e-10,2.31488e-09,6.93583e-08,7.87394e-07,5.29658e-09,3.56310e-08,1.29461e-07
0.00000e+00,0.00000e+00,0.00000e+00,0.00000e+00,0.00000e+00,7.41834e-12,1.48633e-10,3.55088e-13,4.27515e-12,1.21551e-11,2.31488e-09,3.61005e-08,1.35982e-10,1.28993e-09,3.94027e-09,1.29461e-07,1.51728e-06,9.48102e-09,6.93583e-08,2.31034e-07
0.00000e+00,0.00000e+00,0.00000e+00,0.00000e+00,0.00000e+00,1.21551e-11,2.58410e-10,5.53603e-13,7.41834e-12,1.86270e-11,3.94027e-09,6.53849e-08,2.19312e-10,2.31488e-09,6.29223e-09,2.31034e-07,2.81020e-06,1.61418e-08,1.29461e-07,3.89739e-07
0.00000e+00,0.00000e+00,0.00000e+00,0.00000e+00,0.00000e+00,1.86270e-11,4.20137e-10,8.08436e-13,1.21551e-11,2.63367e-11,6.29223e-09,1.11498e-07,3.31582e-10,3.94027e-09,9.27394e-09,3.89739e-07,4.95775e-06,2.58424e-08,2.31034e-07,6.09468e-07
0.00000e+00,0.00000e+00,0.00000e+00,0.00000e+00,0.00000e+00,2.63367e-11,6.28330e-10,1.09387e-12,1.86270e-11,3.37761e-11,9.27394e-09,1.75678e-07,4.63663e-10,6.29223e-09,1.22726e-08,6.09468e-07,8.18942e-06,3.81963e-08,3.89739e-07,8.47584e-07
0.00000e+00,0.00000e+00,0.00000e+00,0.00000e+00,0.00000e+00,3.37761e-11,8.45231e-10,1.35397e-12,2.63367e-11,3.71676e-11,1.22726e-08,2.46978e-07,5.86997e-10,9.27394e-09,1.36230e-08,8.47584e-07,1.20938e-05,5.03356e-08,6.09468e-07,9.53813e-07
0.00000e+00,0.00000e+00,0.00000e+00,0.00000e+00,0.00000e+00,-1.35393e-12,-3.37756e-11,-5.44697e-14,-1.46870e-12,-1.09386e-12,-5.86997e-10,-1.22726e-08,-2.74044e-11,-6.39964e-10,-4.63662e-10,-5.03356e-08,-8.47584e-07,-2.72552e-09,-5.53875e-08,-3.81963e-08
0.00000e+00,0.00000e+00,0.00000e+00,0.00000e+00,0.00000e+00,-1.09386e-12,-2.63365e-11,-4.52157e-14,-1.35393e-12,-8.08442e-13,-4.63662e-10,-9.27393e-09,-2.23773e-11,-5.86997e-10,-3.31582e-10,-3.81963e-08,-6.09469e-07,-2.15880e-09,-5.03356e-08,-2.58424e-08
0.00000e+00,0.00000e+00,0.00000e+00,0.00000e+00,0.00000e+00,-8.08442e-13,-1.86271e-11,-3.46071e-14,-1.09386e-12,-5.53620e-13,-3.31582e-10,-6.29223e-09,-1.66841e-11,-4.63662e-10,-2.19312e-10,-2.58424e-08,-3.89739e-07,-1.53412e-09,-3.81963e-08,-1.61418e-08
0.00000e+00,0.00000e+00,0.00000e+00,0.00000e+00,0.00000e+00,-5.53620e-13,-1.21553e-11,-2.46561e-14,-8.08442e-13,-3.55108e-13,-2.19312e-10,-3.94027e-09,-1.15464e-11,-3.31582e-10,-1.35983e-10,-1.61418e-08,-2.31034e-07,-1.00653e-09,-2.58424e-08,-9.48103e-09
0.00000e+00,0.00000e+00,0.00000e+00,0.00000e+00,0.00000e+00,-3.55108e-13,-7.41865e-12,-1.64907e-14,-5.53620e-13,-2.14978e-13,-1.35983e-10,-2.31488e-09,-7.49761e-12,-2.19312e-10,-7.97743e-11,-9.48103e-09,-1.29462e-07,-6.19543e-10,-1.61418e-08,-5.29659e-09
0.00000e+00,0.00000e+00,0.00000e+00,0.00000e+00,0.00000e+00,-2.14978e-13,-4.27544e-12,-1.04124e-14,-3.55108e-13,-1.22888e-13,-7.97743e-11,-1.28993e-09,-4.60163e-12,-1.35983e-10,-4.43552e-11,-5.29659e-09,-6.93584e-08,-3.61455e-10,-9.48103e-09,-2.82266e-09
0.00000e+00,0.00000e+00,0.00000e+00,0.00000e+00,0.00000e+00,-1.22888e-13,-2.33263e-12,-6.19607e-15,-2.14978e-13,-6.48118e-14,-4.43552e-11,-6.84068e-10,-2.66871e-12,-7.97743e-11,-2.28722e-11,-2.82266e-09,-3.56310e-08,-2.00275e-10,-5.29659e-09,-1.40648e-09
0.00000e+00,0.00000e+00,0.00000e+00,0.00000e+00,0.00000e+00,-6.48118e-14,-1.18122e-12,-3.38417e-15,-1.22888e-13,-2.75586e-14,-2.28722e-11,-3.38779e-10,-1.42684e-12,-4.43552e-11,-9.57818e-12,-1.40648e-09,-1.72216e-08,-1.03102e-10,-2.82266e-09,-5.75480e-10
0.00000e+00,0.00000e+00,0.00000e+00,0.00000e+00,0.00000e+00,-2.75586e-14,-4.87867e-13,-1.47513e-15,-6.48118e-14,-5.66232e-18,-9.57818e-12,-1.37879e-10,-6.12933e-13,-2.28722e-11,-2.30180e-16,-5.75480e-10,-6.89818e-09,-4.31552e-11,-1.40648e-09,-2.12086e-15
0.00000e+00,0.00000e+00,0.00000e+00,0.00000e+00,0.00000e+00,-5.66232e-18,-8.26563e-17,-3.37166e-19,-2.75586e-14,2.75465e-14,-2.30180e-16,-1.73258e-15,-2.24882e-17,-9.57818e-12,9.57770e-12,-2.12086e-15,-1.46335e-14,-3.30187e-16,-5.75480e-10,5.75476e-10
0.00000e+00,0.00000e+00,0.00000e+00,0.00000e+00,0.00000e+00,2.75465e-14,4.87690e-13,1.47442e-15,-5.66232e-18,6.47975e-14,9.57770e-12,1.37876e-10,6.12886e-13,-2.30180e-16,2.28716e-11,5.75476e-10,6.89815e-09,4.31546e-11,-2.12086e-15,1.40647e-09
0.00000e+00,0.00000e+00,0.00000e+00,0.00000e+00,0.00000e+00,6.47975e-14,1.18101e-12,3.38334e-15,2.75465e-14,1.22871e-13,2.28716e-11,3.38775e-10,1.42679e-12,9.57770e-12,4.43546e-11,1.40647e-09,1.72216e-08,1.03101e-10,5.75476e-10,2.82265e-09
0.00000e+00,0.00000e+00,0.00000e+00,0.00000e+00,0.00000e+00,1.22871e-13,2.33237e-12,6.19507e-15,6.47975e-14,2.14958e-13,4.43546e-11,6.84063e-10,2.66865e-12,2.28716e-11,7.97737e-11,2.82265e-09,3.56310e-08,2.00274e-10,1.40647e-09,5.29658e-09
0.00000e+00,0.00000e+00,0.00000e+00,0.00000e+00,0.00000e+00,2.14958e-13,4.27515e-12,1.04113e-14,1.22871e-13,3.55088e-13,7.97737e-11,1.28993e-09,4.60157e-12,4.43546e-11,1.35982e-10,5.29658e-09,6.93583e-08,3.61454e-10,2.82265e-09,9.48102e-09
0.00000e+00,0.00000e+00,0.00000e+00,0.00000e+00,0.00000e+00,3.55088e-13,7.41834e-12,1.64895e-14,2.14958e-13,5.53603e-13,1.35982e-10,2.31488e-09,7.49755e-12,7.97737e-11,2.19312e-10,9.48102e-09,1.29461e-07,6.19543e-10,5.29658e-09,1.61418e-08
0.00000e+00,0.00000e+00,0.00000e+00,0.00000e+00,0.00000e+00,5.53603e-13,1.21551e-11,2.46552e-14,3.55088e-13,8.08436e-13,2.19312e-10,3.94027e-09,1.15463e-11,1.35982e-10,3.31582e-10,1.61418e-08,2.31034e-07,1.00653e-09,9.48102e-09,2.58424e-08
0.00000e+00,0.00000e+00,0.00000e+00,0.00000e+00,0.00000e+00,8.08436e-13,1.86270e-11,3.46068e-14,5.53603e-13,1.09387e-12,3.31582e-10,6.29223e-09,1.66841e-11,2.19312e-10,4.63663e-10,2.58424e-08,3.89739e-07,1.53412e-09,1.61418e-08,3.81963e-08
0.00000e+00,0.00000e+00,0.00000e+00,0.00000e+00,0.00000e+00,1.09387e-12,2.63367e-11,4.52164e-14,8.08436e-13,1.35397e-12,4.63663e-10,9.27394e-09,2.23773e-11,3.31582e-10,5.86997e-10,3.81963e-08,6.09468e-07,2.15880e-09,2.58424e-08,5.03356e-08
0.00000e+00,0.00000e+00,0.00000e+00,0.00000e+00,0.00000e+00,1.35397e-12,3.37761e-11,5.44719e-14,1.09387e-12,1.46876e-12,5.86997e-10,1.22726e-08,2.74045e-11,4.63663e-10,6.39965e-10,5.03356e-08,8.47584e-07,2.72552e-09,3.81963e-08,5.53875e-08
0.00000e+00,0.00000e+00,0.00000e+00,0.00000e+00,0.00000e+00,-5.44697e-14,-1.35393e-12,-2.19904e-15,-5.84558e-14,-4.52157e-14,-2.74044e-11,-5.86997e-10,-1.25843e-12,-2.94869e-11,-2.23773e-11,-2.72552e-09,-5.03356e-08,-1.39337e-10,-2.94692e-09,-2.15880e-09
0.00000e+00,0.00000e+00,0.00000e+00,0.00000e+00,0.00000e+00,-4.52157e-14,-1.09386e-12,-1.86460e-15,-5.44697e-14,-3.46071e-14,-2.23773e-11,-4.63662e-10,-1.05413e-12,-2.74044e-11,-1.66841e-11,-2.15880e-09,-3.81963e-08,-1.14130e-10,-2.72552e-09,-1.53412e-09
0.00000e+00,0.00000e+00,0.00000e+00,0.00000e+00,0.00000e+00,-3.46071e-14,-8.08442e-13,-1.46797e-15,-4.52157e-14,-2.46561e-14,-1.66841e-11,-3.31582e-10,-8.12634e-13,-2.23773e-11,-1.15464e-11,-1.53412e-09,-2.58424e-08,-8.44969e-11,-2.15880e-09,-1.00653e-09
0.00000e+00,0.00000e+00,0.00000e+00,0.00000e+00,0.00000e+00,-2.46561e-14,-5.53620e-13,-1.08074e-15,-3.46071e-14,-1.64907e-14,-1.15464e-11,-2.19312e-10,-5.83925e-13,-1.66841e-11,-7.49761e-12,-1.00653e-09,-1.61418e-08,-5.78910e-11,-1.53412e-09,-6.19543e-10
0.00000e+00,0.00000e+00,0.00000e+00,0.00000e+00,0.00000e+00,-1.64907e-14,-3.55108e-13,-7.48827e-16,-2.46561e-14,-1.04124e-14,-7.49761e-12,-1.35983e-10,-3.94399e-13,-1.15464e-11,-4.60163e-12,-6.19543e-10,-9.48103e-09,-3.72009e-11,-1.00653e-09,-3.61455e-10
0.00000e+00,0.00000e+00,0.00000e+00,0.00000e+00,0.00000e+00,-1.04124e-14,-2.14978e-13,-4.90165e-16,-1.64907e-14,-6.19607e-15,-4.60163e-12,-7.97743e-11,-2.51751e-13,-7.49761e-12,-2.66871e-12,-3.61455e-10,-5.29659e-09,-2.26157e-11,-6.19543e-10,-2.00275e-10
0.00000e+00,0.00000e+00,0.00000e+00,0.00000e+00,0.00000e+00,-6.19607e-15,-1.22888e-13,-3.01943e-16,-1.04124e-14,-3.38417e-15,-2.66871e-12,-4.43552e-11,-1.51514e-13,-4.60163e-12,-1.42684e-12,-2.00275e-10,-2.82266e-09,-1.30124e-11,-3.61455e-10,-1.03102e-10
0.00000e+00,0.00000e+00,0.00000e+00,0.00000e+00,0.00000e+00,-3.38417e-15,-6.48118e-14,-1.69943e-16,-6.19607e-15,-1.47513e-15,-1.42684e-12,-2.28722e-11,-8.36302e-14,-2.66871e-12,-6.12933e-13,-1.03102e-10,-1.40648e-09,-6.91582e-12,-2.00275e-10,-4.31552e-11
0.00000e+00,0.00000e+00,0.00000e+00,0.00000e+00,0.00000e+00,-1.47513e-15,-2.75586e-14,-7.56591e-17,-3.38417e-15,-3.37166e-19,-6.12933e-13,-9.57818e-12,-3.67367e-14,-1.42684e-12,-2.24882e-17,-4.31552e-11,-5.75480e-10,-2.95978e-12,-1.03102e-10,-3.30187e-16
0.00000e+00,0.00000e+00,0.00000e+00,0.00000e+00,0.00000e+00,-3.37166e-19,-5.66232e-18,-1.86844e-20,-1.47513e-15,1.47442e-15,-2.24882e-17,-2.30180e-16,-1.79640e-18,-6.12933e-13,6.12886e-13,-3.30187e-16,-2.12086e-15,-4.15293e-17,-4.31552e-11,4.31546e-11
0.00000e+00,0.00000e+00,0.00000e+00,0.00000e+00,0.00000e+00,1.47442e-15,2.75465e-14,7.56197e-17,-3.37166e-19,3.38334e-15,6.12886e-13,9.57770e-12,3.67329e-14,-2.24882e-17,1.42679e-12,4.31546e-11,5.75476e-10,2.95970e-12,-3.30187e-16,1.03101e-10
0.00000e+00,0.00000e+00,0.00000e+00,0.00000e+00,0.00000e+00,3.38334e-15,6.47975e-14,1.69898e-16,1.47442e-15,6.19507e-15,1.42679e-12,2.28716e-11,8.36261e-14,6.12886e-13,2.66865e-12,1.03101e-10,1.40647e-09,6.91573e-12,4.31546e-11,2.00274e-10
0.00000e+00,0.00000e+00,0.00000e+00,0.00000e+00,0.00000e+00,6.19507e-15,1.22871e-13,3.01891e-16,3.38334e-15,1.04113e-14,2.66865e-12,4.43546e-11,1.51509e-13,1.42679e-12,4.60157e-12,2.00274e-10,2.82265e-09,1.30123e-11,1.03101e-10,3.61454e-10
0.00000e+00,0.00000e+00,0.00000e+00,0.00000e+00,0.00000e+00,1.04113e-14,2.14958e-13,4.90107e-16,6.19507e-15,1.64895e-14,4.60157e-12,7.97737e-11,2.51746e-13,2.66865e-12,7.49755e-12,3.61454e-10,5.29658e-09,2.26156e-11,2.00274e-10,6.19543e-10
0.00000e+00,0.00000e+00,0.00000e+00,0.00000e+00,0.00000e+00,1.64895e-14,3.55088e-13,7.48770e-16,1.04113e-14,2.46552e-14,7.49755e-12,1.35982e-10,3.94394e-13,4.60157e-12,1.15463e-11,6.19543e-10,9.48102e-09,3.72008e-11,3.61454e-10,1.00653e-09
0.00000e+00,0.00000e+00,0.00000e+00,0.00000e+00,0.00000e+00,2.46552e-14,5.53603e-13,1.08070e-15,1.64895e-14,3.46068e-14,1.15463e-11,2.19312e-10,5.83923e-13,7.49755e-12,1.66841e-11,1.00653e-09,1.61418e-08,5.78910e-11,6.19543e-10,1.53412e-09
0.00000e+00,0.00000e+00,0.00000e+00,0.00000e+00,0.00000e+00,3.46068e-14,8.08436e-13,1.46796e-15,2.46552e-14,4.52164e-14,1.66841e-11,3.31582e-10,8.12634e-13,1.15463e-11,2.23773e-11,1.53412e-09,2.58424e-08,8.44969e-11,1.00653e-09,2.15880e-09
0.00000e+00,0.00000e+00,0.00000e+00,0.00000e+00,0.00000e+00,4.52164e-14,1.09387e-12,1.86464e-15,3.46068e-14,5.44719e-14,2.23773e-11,4.63663e-10,1.05413e-12,1.66841e-11,2.74045e-11,2.15880e-09,3.81963e-08,1.14130e-10,1.53412e-09,2.72552e-09
0.00000e+00,0.00000e+00,0.00000e+00,0.00000e+00,0.00000e+00,5.44719e-14,1.35397e-12,2.19916e-15,4.52164e-14,5.84587e-14,2.74045e-11,5.86997e-10,1.25843e-12,2.23773e-11,2.94870e-11,2.72552e-09,5.03356e-08,1.39337e-10,2.15880e-09,2.94693e-09
0.00000e+00,0.00000e+00,0.00000e+00,0.00000e+00,0.00000e+00,-2.19904e-15,-5.44697e-14,-8.90647e-17,-2.34047e-15,-1.86460e-15,-1.25843e-12,-2.74044e-11,-5.71019e-14,-1.34074e-12,-1.05413e-12,-1.39337e-10,-2.72552e-09,-6.85462e-12,-1.48645e-10,-1.14130e-10
0.00000e+00,0.00000e+00,0.00000e+00,0.00000e+00,0.00000e+00,-1.86460e-15,-4.52157e-14,-7.68131e-17,-2.19904e-15,-1.46797e-15,-1.05413e-12,-2.23773e-11,-4.88010e-14,-1.25843e-12,-8.12634e-13,-1.14130e-10,-2.15880e-09,-5.76506e-12,-1.39337e-10,-8.44969e-11
0.00000e+00,0.00000e+00,0.00000e+00,0.00000e+00,0.00000e+00,-1.46797e-15,-3.46071e-14,-6.18873e-17,-1.86460e-15,-1.08074e-15,-8.12634e-13,-1.66841e-11,-3.86543e-14,-1.05413e-12,-5.83925e-13,-8.44969e-11,-1.53412e-09,-4.41501e-12,-1.14130e-10,-5.78910e-11
0.00000e+00,0.00000e+00,0.00000e+00,0.00000e+00,0.00000e+00,-1.08074e-15,-2.46561e-14,-4.68275e-17,-1.46797e-15,-7.48827e-16,-5.83925e-13,-1.15464e-11,-2.86597e-14,-8.12634e-13,-3.94399e-13,-5.78910e-11,-1.00653e-09,-3.13964e-12,-8.44969e-11,-3.72009e-11
0.00000e+00,0.00000e+00,0.00000e+00,0.00000e+00,0.00000e+00,-7.48827e-16,-1.64907e-14,-3.34337e-17,-1.08074e-15,-4.90165e-16,-3.94399e-13,-7.49761e-12,-2.00182e-14,-5.83925e-13,-2.51751e-13,-3.72009e-11,-6.19543e-10,-2.09625e-12,-5.78910e-11,-2.26157e-11
0.00000e+00,0.00000e+00,0.00000e+00,0.00000e+00,0.00000e+00,-4.90165e-16,-1.04124e-14,-2.25716e-17,-7.48827e-16,-3.01943e-16,-2.51751e-13,-4.60163e-12,-1.32195e-14,-3.94399e-13,-1.51514e-13,-2.26157e-11,-3.61455e-10,-1.32308e-12,-3.72009e-11,-1.30124e-11
0.00000e+00,0.00000e+00,0.00000e+00,0.00000e+00,0.00000e+00,-3.01943e-16,-6.19607e-15,-1.43240e-17,-4.90165e-16,-1.69943e-16,-1.51514e-13,-2.66871e-12,-8.21733e-15,-2.51751e-13,-8.36302e-14,-1.30124e-11,-2.00275e-10,-7.88297e-13,-2.26157e-11,-6.91582e-12
0.00000e+00,0.00000e+00,0.00000e+00,0.00000e+00,0.00000e+00,-1.69943e-16,-3.38417e-15,-8.27232e-18,-3.01943e-16,-7.56591e-17,-8.36302e-14,-1.42684e-12,-4.66350e-15,-1.51514e-13,-3.67367e-14,-6.91582e-12,-1.03102e-10,-4.31589e-13,-1.30124e-11,-2.95978e-12
0.00000e+00,0.00000e+00,0.00000e+00,0.00000e+00,0.00000e+00,-7.56591e-17,-1.47513e-15,-3.74973e-18,-1.69943e-16,-1.86844e-20,-3.67367e-14,-6.12933e-13,-2.08864e-15,-8.36302e-14,-1.79640e-18,-2.95978e-12,-4.31552e-11,-1.88567e-13,-6.91582e-12,-4.15293e-17
0.00000e+00,0.00000e+00,0.00000e+00,0.00000e+00,0.00000e+00,-1.86844e-20,-3.37166e-19,-1.01168e-21,-7.56591e-17,7.56197e-17,-1.79640e-18,-2.24882e-17,-1.25413e-19,-3.67367e-14,3.67329e-14,-4.15293e-17,-3.30187e-16,-4.15822e-18,-2.95978e-12,2.95970e-12
0.00000e+00,0.00000e+00,0.00000e+00,0.00000e+00,0.00000e+00,7.56197e-17,1.47442e-15,3.74763e-18,-1.86844e-20,1.69898e-16,3.67329e-14,6.12886e-13,2.08839e-15,-1.79640e-18,8.36261e-14,2.95970e-12,4.31546e-11,1.88558e-13,-4.15293e-17,6.91573e-12
0.00000e+00,0.00000e+00,0.00000e+00,0.00000e+00,0.00000e+00,1.69898e-16,3.38334e-15,8.26999e-18,7.56197e-17,3.01891e-16,8.36261e-14,1.42679e-12,4.66322e-15,3.67329e-14,1.51509e-13,6.91573e-12,1.03101e-10,4.31580e-13,2.95970e-12,1.30123e-11
0.00000e+00,0.00000e+00,0.00000e+00,0.00000e+00,0.00000e+00,3.01891e-16,6.19507e-15,1.43214e-17,1.69898e-16,4.90107e-16,1.51509e-13,2.66865e-12,8.21702e-15,8.36261e-14,2.51746e-13,1.30123e-11,2.00274e-10,7.88287e-13,6.91573e-12,2.26156e-11
0.00000e+00,0.00000e+00,0.00000e+00,0.00000e+00,0.00000e+00,4.90107e-16,1.04113e-14,2.25688e-17,3.01891e-16,7.48770e-16,2.51746e-13,4.60157e-12,1.32192e-14,1.51509e-13,3.94394e-13,2.26156e-11,3.61454e-10,1.32307e-12,1.30123e-11,3.72008e-11
0.00000e+00,0.00000e+00,0.00000e+00,0.00000e+00,0.00000e+00,7.48770e-16,1.64895e-14,3.34310e-17,4.90107e-16,1.08070e-15,3.94394e-13,7.49755e-12,2.00180e-14,2.51746e-13,5.83923e-13,3.72008e-11,6.19543e-10,2.09624e-12,2.26156e-11,5.78910e-11
0.00000e+00,0.00000e+00,0.00000e+00,0.00000e+00,0.00000e+00,1.08070e-15,2.46552e-14,4.68256e-17,7.48770e-16,1.46796e-15,5.83923e-13,1.15463e-11,2.86595e-14,3.94394e-13,8.12634e-13,5.78910e-11,1.00653e-09,3.13963e-12,3.72008e-11,8.44969e-11
0.00000e+00,0.00000e+00,0.00000e+00,0.00000e+00,0.00000e+00,1.46796e-15,3.46068e-14,6.18869e-17,1.08070e-15,1.86464e-15,8.12634e-13,1.66841e-11,3.86543e-14,5.83923e-13,1.05413e-12,8.44969e-11,1.53412e-09,4.41501e-12,5.78910e-11,1.14130e-10
0.00000e+00,0.00000e+00,0.00000e+00,0.00000e+00,0.00000e+00,1.86464e-15,4.52164e-14,7.68152e-17,1.46796e-15,2.19916e-15,1.05413e-12,2.23773e-11,4.88013e-14,8.12634e-13,1.25843e-12,1.14130e-10,2.15880e-09,5.76506e-12,8.44969e-11,1.39337e-10
0.00000e+00,0.00000e+00,0.00000e+00,0.00000e+00,0.00000e+00,2.19916e-15,5.44719e-14,8.90701e-17,1.86464e-15,2.34062e-15,1.25843e-12,2.74045e-11,5.71025e-14,1.05413e-12,1.34075e-12,1.39337e-10,2.72552e-09,6.85463e-12,1.14130e-10,1.48645e-10
0.00000e+00,0.00000e+00,0.00000e+00,0.00000e+00,0.00000e+00,-8.90647e-17,-2.19904e-15,-3.61763e-18,-9.41714e-17,-7.68131e-17,-5.71019e-14,-1.25843e-12,-2.56780e-15,-6.03740e-14,-4.88010e-14,-6.85462e-12,-1.39337e-10,-3.28188e-13,-7.23698e-12,-5.76506e-12
0.00000e+00,0.00000e+00,0.00000e+00,0.00000e+00,0.00000e+00,-7.68131e-17,-1.86460e-15,-3.16352e-18,-8.90647e-17,-6.18873e-17,-4.88010e-14,-1.05413e-12,-2.23015e-15,-5.71019e-14,-3.86543e-14,-5.76506e-12,-1.14130e-10,-2.81916e-13,-6.85462e-12,-4.41501e-12
0.00000e+00,0.00000e+00,0.00000e+00,0.00000e+00,0.00000e+00,-6.18873e-17,-1.46797e-15,-2.59811e-18,-7.68131e-17,-4.68275e-17,-3.86543e-14,-8.12634e-13,-1.80623e-15,-4.88010e-14,-2.86597e-14,-4.41501e-12,-8.44969e-11,-2.22021e-13,-5.76506e-12,-3.13964e-12
0.00000e+00,0.00000e+00,0.00000e+00,0.00000e+00,0.00000e+00,-4.68275e-17,-1.08074e-15,-2.01175e-18,-6.18873e-17,-3.34337e-17,-2.86597e-14,-5.83925e-13,-1.37490e-15,-3.86543e-14,-2.00182e-14,-3.13964e-12,-5.78910e-11,-1.62986e-13,-4.41501e-12,-2.09625e-12
0.00000e+00,0.00000e+00,0.00000e+00,0.00000e+00,0.00000e+00,-3.34337e-17,-7.48827e-16,-1.47354e-18,-4.68275e-17,-2.25716e-17,-2.00182e-14,-3.94399e-13,-9.88266e-16,-2.86597e-14,-1.32195e-14,-2.09625e-12,-3.72009e-11,-1.12531e-13,-3.13964e-12,-1.32308e-12
0.00000e+00,0.00000e+00,0.00000e+00,0.00000e+00,0.00000e+00,-2.25716e-17,-4.90165e-16,-1.02155e-18,-3.34337e-17,-1.43240e-17,-1.32195e-14,-2.51751e-13,-6.72062e-16,-2.00182e-14,-8.21733e-15,-1.32308e-12,-2.26157e-11,-7.34434e-14,-2.09625e-12,-7.88297e-13
0.00000e+00,0.00000e+00,0.00000e+00,0.00000e+00,0.00000e+00,-1.43240e-17,-3.01943e-16,-6.65089e-19,-2.25716e-17,-8.27232e-18,-8.21733e-15,-1.51514e-13,-4.29648e-16,-1.32195e-14,-4.66350e-15,-7.88297e-13,-1.30124e-11,-4.51587e-14,-1.32308e-12,-4.31589e-13
0.00000e+00,0.00000e+00,0.00000e+00,0.00000e+00,0.00000e+00,-8.27232e-18,-1.69943e-16,-3.92672e-19,-1.43240e-17,-3.74973e-18,-4.66350e-15,-8.36302e-14,-2.49781e-16,-8.21733e-15,-2.08864e-15,-4.31589e-13,-6.91582e-12,-2.53983e-14,-7.88297e-13,-1.88567e-13
0.00000e+00,0.00000e+00,0.00000e+00,0.00000e+00,0.00000e+00,-3.74973e-18,-7.56591e-17,-1.80742e-19,-8.27232e-18,-1.01168e-21,-2.08864e-15,-3.67367e-14,-1.13755e-16,-4.66350e-15,-1.25413e-19,-1.88567e-13,-2.95978e-12,-1.13060e-14,-4.31589e-13,-4.15822e-18
0.00000e+00,0.00000e+00,0.00000e+00,0.00000e+00,0.00000e+00,-1.01168e-21,-1.86844e-20,-5.51064e-23,-3.74973e-18,3.74763e-18,-1.25413e-19,-1.79640e-18,-7.99775e-21,-2.08864e-15,2.08839e-15,-4.15822e-18,-4.15293e-17,-3.48881e-19,-1.88567e-13,1.88558e-13
0.00000e+00,0.00000e+00,0.00000e+00,0.00000e+00,0.00000e+00,3.74763e-18,7.56197e-17,1.80629e-19,-1.01168e-21,8.26999e-18,2.08839e-15,3.67329e-14,1.13739e-16,-1.25413e-19,4.66322e-15,1.88558e-13,2.95970e-12,1.13053e-14,-4.15822e-18,4.31580e-13
0.00000e+00,0.00000e+00,0.00000e+00,0.00000e+00,0.00000e+00,8.26999e-18,1.69898e-16,3.92551e-19,3.74763e-18,1.43214e-17,4.66322e-15,8.36261e-14,2.49764e-16,2.08839e-15,8.21702e-15,4.31580e-13,6.91573e-12,2.53976e-14,1.88558e-13,7.88287e-13
0.00000e+00,0.00000e+00,0.00000e+00,0.00000e+00,0.00000e+00,1.43214e-17,3.01891e-16,6.64959e-19,8.26999e-18,2.25688e-17,8.21702e-15,1.51509e-13,4.29629e-16,4.66322e-15,1.32192e-14,7.88287e-13,1.30123e-11,4.51579e-14,4.31580e-13,1.32307e-12
0.00000e+00,0.00000e+00,0.00000e+00,0.00000e+00,0.00000e+00,2.25688e-17,4.90107e-16,1.02142e-18,1.43214e-17,3.34310e-17,1.32192e-14,2.51746e-13,6.72044e-16,8.21702e-15,2.00180e-14,1.32307e-12,2.26156e-11,7.34426e-14,7.88287e-13,2.09624e-12
0.00000e+00,0.00000e+00,0.00000e+00,0.00000e+00,0.00000e+00,3.34310e-17,7.48770e-16,1.47341e-18,2.25688e-17,4.68256e-17,2.00180e-14,3.94394e-13,9.88250e-16,1.32192e-14,2.86595e-14,2.09624e-12,3.72008e-11,1.12530e-13,1.32307e-12,3.13963e-12
0.00000e+00,0.00000e+00,0.00000e+00,0.00000e+00,0.00000e+00,4.68256e-17,1.08070e-15,2.01167e-18,3.34310e-17,6.18869e-17,2.86595e-14,5.83923e-13,1.37489e-15,2.00180e-14,3.86543e-14,3.13963e-12,5.78910e-11,1.62985e-13,2.09624e-12,4.41501e-12
0.00000e+00,0.00000e+00,0.00000e+00,0.00000e+00,0.00000e+00,6.18869e-17,1.46796e-15,2.59810e-18,4.68256e-17,7.68152e-17,3.86543e-14,8.12634e-13,1.80623e-15,2.86595e-14,4.88013e-14,4.41501e-12,8.44969e-11,2.22021e-13,3.13963e-12,5.76506e-12
0.00000e+00,0.00000e+00,0.00000e+00,0.00000e+00,0.00000e+00,7.68152e-17,1.86464e-15,3.16363e-18,6.18869e-17,8.90701e-17,4.88013e-14,1.05413e-12,2.23017e-15,3.86543e-14,5.71025e-14,5.76506e-12,1.14130e-10,2.81917e-13,4.41501e-12,6.85463e-12
0.00000e+00,0.00000e+00,0.00000e+00,0.00000e+00,0.00000e+00,8.90701e-17,2.19916e-15,3.61789e-18,7.68152e-17,9.41787e-17,5.71025e-14,1.25843e-12,2.56784e-15,4.88013e-14,6.03747e-14,6.85463e-12,1.39337e-10,3.28189e-13,5.76506e-12,7.23700e-12
0.00000e+00,0.00000e+00,0.00000e+00,0.00000e+00,0.00000e+00,-3.61763e-18,-8.90647e-17,-1.47315e-19,-3.80475e-18,-3.16352e-18,-2.56780e-15,-5.71019e-14,-1.14662e-16,-2.69858e-15,-2.23015e-15,-3.28188e-13,-6.85462e-12,-1.54033e-14,-3.43672e-13,-2.81916e-13
0.00000e+00,0.00000e+00,0.00000e+00,0.00000e+00,0.00000e+00,-3.16352e-18,-7.68131e-17,-1.30311e-19,-3.61763e-18,-2.59811e-18,-2.23015e-15,-4.88010e-14,-1.00904e-16,-2.56780e-15,-1.80623e-15,-2.81916e-13,-5.76506e-12,-1.34604e-14,-3.28188e-13,-2.22021e-13
0.00000e+00,0.00000e+00,0.00000e+00,0.00000e+00,0.00000e+00,-2.59811e-18,-6.18873e-17,-1.08754e-19,-3.16352e-18,-2.01175e-18,-1.80623e-15,-3.86543e-14,-8.32502e-17,-2.23015e-15,-1.37490e-15,-2.22021e-13,-4.41501e-12,-1.08501e-14,-2.81916e-13,-1.62986e-13
0.00000e+00,0.00000e+00,0.00000e+00,0.00000e+00,0.00000e+00,-2.01175e-18,-4.68275e-17,-8.58740e-20,-2.59811e-18,-1.47354e-18,-1.37490e-15,-2.86597e-14,-6.47949e-17,-1.80623e-15,-9.88266e-16,-1.62986e-13,-3.13964e-12,-8.18398e-15,-2.22021e-13,-1.12531e-13
0.00000e+00,0.00000e+00,0.00000e+00,0.00000e+00,0.00000e+00,-1.47354e-18,-3.34337e-17,-6.42917e-20,-2.01175e-18,-1.02155e-18,-9.88266e-16,-2.00182e-14,-4.77315e-17,-1.37490e-15,-6.72062e-16,-1.12531e-13,-2.09625e-12,-5.81775e-15,-1.62986e-13,-7.34434e-14
0.00000e+00,0.00000e+00,0.00000e+00,0.00000e+00,0.00000e+00,-1.02155e-18,-2.25716e-17,-4.56008e-20,-1.47354e-18,-6.65089e-19,-6.72062e-16,-1.32195e-14,-3.32928e-17,-9.88266e-16,-4.29648e-16,-7.34434e-14,-1.32308e-12,-3.91086e-15,-1.12531e-13,-4.51587e-14
0.00000e+00,0.00000e+00,0.00000e+00,0.00000e+00,0.00000e+00,-6.65089e-19,-1.43240e-17,-3.03501e-20,-1.02155e-18,-3.92672e-19,-4.29648e-16,-8.21733e-15,-2.18077e-17,-6.72062e-16,-2.49781e-16,-4.51587e-14,-7.88297e-13,-2.47309e-15,-7.34434e-14,-2.53983e-14
0.00000e+00,0.00000e+00,0.00000e+00,0.00000e+00,0.00000e+00,-3.92672e-19,-8.27232e-18,-1.82612e-20,-6.65089e-19,-1.80742e-19,-2.49781e-16,-4.66350e-15,-1.29450e-17,-4.29648e-16,-1.13755e-16,-2.53983e-14,-4.31589e-13,-1.42466e-15,-4.51587e-14,-1.13060e-14
0.00000e+00,0.00000e+00,0.00000e+00,0.00000e+00,0.00000e+00,-1.80742e-19,-3.74973e-18,-8.51591e-21,-3.92672e-19,-5.51064e-23,-1.13755e-16,-2.08864e-15,-5.98070e-18,-2.49781e-16,-7.99775e-21,-1.13060e-14,-1.88567e-13,-6.44790e-16,-2.53983e-14,-3.48881e-19
0.00000e+00,0.00000e+00,0.00000e+00,0.00000e+00,0.00000e+00,-5.51064e-23,-1.01168e-21,-3.04230e-24,-1.80742e-19,1.80629e-19,-7.99775e-21,-1.25413e-19,-4.80650e-22,-1.13755e-16,1.13739e-16,-3.48881e-19,-4.15822e-18,-2.56907e-20,-1.13060e-14,1.13053e-14
0.00000e+00,0.00000e+00,0.00000e+00,0.00000e+00,0.00000e+00,1.80629e-19,3.74763e-18,8.50974e-21,-5.51064e-23,3.92551e-19,1.13739e-16,2.08839e-15,5.97972e-18,-7.99775e-21,2.49764e-16,1.13053e-14,1.88558e-13,6.44737e-16,-3.48881e-19,2.53976e-14
0.00000e+00,0.00000e+00,0.00000e+00,0.00000e+00,0.00000e+00,3.92551e-19,8.26999e-18,1.82548e-20,1.80629e-19,6.64959e-19,2.49764e-16,4.66322e-15,1.29440e-17,1.13739e-16,4.29629e-16,2.53976e-14,4.31580e-13,1.42460e-15,1.13053e-14,4.51579e-14
0.00000e+00,0.00000e+00,0.00000e+00,0.00000e+00,0.00000e+00,6.64959e-19,1.43214e-17,3.03436e-20,3.92551e-19,1.02142e-18,4.29629e-16,8.21702e-15,2.18066e-17,2.49764e-16,6.72044e-16,4.51579e-14,7.88287e-13,2.47303e-15,2.53976e-14,7.34426e-14
0.00000e+00,0.00000e+00,0.00000e+00,0.00000e+00,0.00000e+00,1.02142e-18,2.25688e-17,4.55945e-20,6.64959e-19,1.47341e-18,6.72044e-16,1.32192e-14,3.32918e-17,4.29629e-16,9.88250e-16,7.34426e-14,1.32307e-12,3.91081e-15,4.51579e-14,1.12530e-13
0.00000e+00,0.00000e+00,0.00000e+00,0.00000e+00,0.00000e+00,1.47341e-18,3.34310e-17,6.42862e-20,1.02142e-18,2.01167e-18,9.88250e-16,2.00180e-14,4.77306e-17,6.72044e-16,1.37489e-15,1.12530e-13,2.09624e-12,5.81770e-15,7.34426e-14,1.62985e-13
0.00000e+00,0.00000e+00,0.00000e+00,0.00000e+00,0.00000e+00,2.01167e-18,4.68256e-17,8.58705e-20,1.47341e-18,2.59810e-18,1.37489e-15,2.86595e-14,6.47944e-17,9.88250e-16,1.80623e-15,1.62985e-13,3.13963e-12,8.18396e-15,1.12530e-13,2.22021e-13
0.00000e+00,0.00000e+00,0.00000e+00,0.00000e+00,0.00000e+00,2.59810e-18,6.18869e-17,1.08754e-19,2.01167e-18,3.16363e-18,1.80623e-15,3.86543e-14,8.32504e-17,1.37489e-15,2.23017e-15,2.22021e-13,4.41501e-12,1.08501e-14,1.62985e-13,2.81917e-13
0.00000e+00,0.00000e+00,0.00000e+00,0.00000e+00,0.00000e+00,3.16363e-18,7.68152e-17,1.30316e-19,2.59810e-18,3.61789e-18,2.23017e-15,4.88013e-14,1.00905e-16,1.80623e-15,2.56784e-15,2.81917e-13,5.76506e-12,1.34604e-14,2.22021e-13,3.28189e-13
0.00000e+00,0.00000e+00,0.00000e+00,0.00000e+00,0.00000e+00,3.61789e-18,8.90701e-17,1.47327e-19,3.16363e-18,3.80509e-18,2.56784e-15,5.71025e-14,1.14664e-16,2.23017e-15,2.69862e-15,3.28189e-13,6.85463e-12,1.54034e-14,2.81917e-13,3.43673e-13
0.00000e+00,0.00000e+00,0.00000e+00,0.00000e+00,0.00000e+00,-1.47315e-19,-3.61763e-18,-6.01235e-21,-1.54256e-19,-1.30311e-19,-1.14662e-16,-2.56780e-15,-5.09123e-18,-1.19913e-16,-1.00904e-16,-1.54033e-14,-3.28188e-13,-7.12110e-16,-1.60244e-14,-1.34604e-14
0.00000e+00,0.00000e+00,0.00000e+00,0.00000e+00,0.00000e+00,-1.30311e-19,-3.16352e-18,-5.36991e-21,-1.47315e-19,-1.08754e-19,-1.00904e-16,-2.23015e-15,-4.52956e-18,-1.14662e-16,-8.32502e-17,-1.34604e-14,-2.81916e-13,-6.31137e-16,-1.54033e-14,-1.08501e-14
0.00000e+00,0.00000e+00,0.00000e+00,0.00000e+00,0.00000e+00,-1.08754e-19,-2.59811e-18,-4.54298e-21,-1.30311e-19,-8.58740e-20,-8.32502e-17,-1.80623e-15,-3.79569e-18,-1.00904e-16,-6.47949e-17,-1.08501e-14,-2.22021e-13,-5.18769e-16,-1.34604e-14,-8.18398e-15
0.00000e+00,0.00000e+00,0.00000e+00,0.00000e+00,0.00000e+00,-8.58740e-20,-2.01175e-18,-3.64771e-21,-1.08754e-19,-6.42917e-20,-6.47949e-17,-1.37490e-15,-3.01067e-18,-8.32502e-17,-4.77315e-17,-8.18398e-15,-1.62986e-13,-4.00465e-16,-1.08501e-14,-5.81775e-15
0.00000e+00,0.00000e+00,0.00000e+00,0.00000e+00,0.00000e+00,-6.42917e-20,-1.47354e-18,-2.78284e-21,-8.58740e-20,-4.56008e-20,-4.77315e-17,-9.88266e-16,-2.26509e-18,-6.47949e-17,-3.32928e-17,-5.81775e-15,-1.12531e-13,-2.91979e-16,-8.18398e-15,-3.91086e-15
0.00000e+00,0.00000e+00,0.00000e+00,0.00000e+00,0.00000e+00,-4.56008e-20,-1.02155e-18,-2.01307e-21,-6.42917e-20,-3.03501e-20,-3.32928e-17,-6.72062e-16,-1.61490e-18,-4.77315e-17,-2.18077e-17,-3.91086e-15,-7.34434e-14,-2.01434e-16,-5.81775e-15,-2.47309e-15
0.00000e+00,0.00000e+00,0.00000e+00,0.00000e+00,0.00000e+00,-3.03501e-20,-6.65089e-19,-1.36550e-21,-4.56008e-20,-1.82612e-20,-2.18077e-17,-4.29648e-16,-1.08029e-18,-3.32928e-17,-1.29450e-17,-2.47309e-15,-4.51587e-14,-1.30569e-16,-3.91086e-15,-1.42466e-15
0.00000e+00,0.00000e+00,0.00000e+00,0.00000e+00,0.00000e+00,-1.82612e-20,-3.92672e-19,-8.35039e-22,-3.03501e-20,-8.51591e-21,-1.29450e-17,-2.49781e-16,-6.52876e-19,-2.18077e-17,-5.98070e-18,-1.42466e-15,-2.53983e-14,-7.68222e-17,-2.47309e-15,-6.44790e-16
0.00000e+00,0.00000e+00,0.00000e+00,0.00000e+00,0.00000e+00,-8.51591e-21,-1.80742e-19,-3.93777e-22,-1.82612e-20,-3.04230e-24,-5.98070e-18,-1.13755e-16,-3.05375e-19,-1.29450e-17,-4.80650e-22,-6.44790e-16,-1.13060e-14,-3.52791e-17,-1.42466e-15,-2.56907e-20
0.00000e+00,0.00000e+00,0.00000e+00,0.00000e+00,0.00000e+00,-3.04230e-24,-5.51064e-23,-1.68780e-25,-8.51591e-21,8.50974e-21,-4.80650e-22,-7.99775e-21,-2.78304e-23,-5.98070e-18,5.97972e-18,-2.56907e-20,-3.48881e-19,-1.71984e-21,-6.44790e-16,6.44737e-16
0.00000e+00,0.00000e+00,0.00000e+00,0.00000e+00,0.00000e+00,8.50974e-21,1.80629e-19,3.93439e-22,-3.04230e-24,1.82548e-20,5.97972e-18,1.13739e-16,3.05319e-19,-4.80650e-22,1.29440e-17,6.44737e-16,1.13053e-14,3.52756e-17,-2.56907e-20,1.42460e-15
0.00000e+00,0.00000e+00,0.00000e+00,0.00000e+00,0.00000e+00,1.82548e-20,3.92551e-19,8.34700e-22,8.50974e-21,3.03436e-20,1.29440e-17,2.49764e-16,6.52818e-19,5.97972e-18,2.18066e-17,1.42460e-15,2.53976e-14,7.68186e-17,6.44737e-16,2.47303e-15
0.00000e+00,0.00000e+00,0.00000e+00,0.00000e+00,0.00000e+00,3.03436e-20,6.64959e-19,1.36516e-21,1.82548e-20,4.55945e-20,2.18066e-17,4.29629e-16,1.08023e-18,1.29440e-17,3.32918e-17,2.47303e-15,4.51579e-14,1.30566e-16,1.42460e-15,3.91081e-15
0.00000e+00,0.00000e+00,0.00000e+00,0.00000e+00,0.00000e+00,4.55945e-20,1.02142e-18,2.01276e-21,3.03436e-20,6.42862e-20,3.32918e-17,6.72044e-16,1.61485e-18,2.18066e-17,4.77306e-17,3.91081e-15,7.34426e-14,2.01431e-16,2.47303e-15,5.81770e-15
0.00000e+00,0.00000e+00,0.00000e+00,0.00000e+00,0.00000e+00,6.42862e-20,1.47341e-18,2.78258e-21,4.55945e-20,8.58705e-20,4.77306e-17,9.88250e-16,2.26505e-18,3.32918e-17,6.47944e-17,5.81770e-15,1.12530e-13,2.91976e-16,3.91081e-15,8.18396e-15
0.00000e+00,0.00000e+00,0.00000e+00,0.00000e+00,0.00000e+00,8.58705e-20,2.01167e-18,3.64757e-21,6.42862e-20,1.08754e-19,6.47944e-17,1.37489e-15,3.01065e-18,4.77306e-17,8.32504e-17,8.18396e-15,1.62985e-13,4.00464e-16,5.81770e-15,1.08501e-14
0.00000e+00,0.00000e+00,0.00000e+00,0.00000e+00,0.00000e+00,1.08754e-19,2.59810e-18,4.54301e-21,8.58705e-20,1.30316e-19,8.32504e-17,1.80623e-15,3.79570e-18,6.47944e-17,1.00905e-16,1.08501e-14,2.22021e-13,5.18770e-16,8.18396e-15,1.34604e-14
0.00000e+00,0.00000e+00,0.00000e+00,0.00000e+00,0.00000e+00,1.30316e-19,3.16363e-18,5.37020e-21,1.08754e-19,1.47327e-19,1.00905e-16,2.23017e-15,4.52962e-18,8.32504e-17,1.14664e-16,1.34604e-14,2.81917e-13,6.31140e-16,1.08501e-14,1.54034e-14
0.00000e+00,0.00000e+00,0.00000e+00,0.00000e+00,0.00000e+00,1.47327e-19,3.61789e-18,6.01298e-21,1.30316e-19,1.54273e-19,1.14664e-16,2.56784e-15,5.09132e-18,1.00905e-16,1.19915e-16,1.54034e-14,3.28189e-13,7.12116e-16,1.34604e-14,1.60245e-14
0.00000e+00,0.00000e+00,0.00000e+00,0.00000e+00,0.00000e+00,-6.01235e-21,-1.47315e-19,-2.45869e-22,-6.27258e-21,-5.36991e-21,-5.09123e-18,-1.14662e-16,-2.25015e-19,-5.30300e-18,-4.52956e-18,-7.12110e-16,-1.54033e-14,-3.25372e-17,-7.36858e-16,-6.31137e-16
0.00000e+00,0.00000e+00,0.00000e+00,0.00000e+00,0.00000e+00,-5.36991e-21,-1.30311e-19,-2.21403e-22,-6.01235e-21,-4.54298e-21,-4.52956e-18,-1.00904e-16,-2.02038e-19,-5.09123e-18,-3.79569e-18,-6.31137e-16,-1.34604e-14,-2.91792e-17,-7.12110e-16,-5.18769e-16
0.00000e+00,0.00000e+00,0.00000e+00,0.00000e+00,0.00000e+00,-4.54298e-21,-1.08754e-19,-1.89499e-22,-5.36991e-21,-3.64771e-21,-3.79569e-18,-8.32502e-17,-1.71554e-19,-4.52956e-18,-3.01067e-18,-5.18769e-16,-1.08501e-14,-2.43830e-17,-6.31137e-16,-4.00465e-16
0.00000e+00,0.00000e+00,0.00000e+00,0.00000e+00,0.00000e+00,-3.64771e-21,-8.58740e-20,-1.54358e-22,-4.54298e-21,-2.78284e-21,-3.01067e-18,-6.47949e-17,-1.38295e-19,-3.79569e-18,-2.26509e-18,-4.00465e-16,-8.18398e-15,-1.92002e-17,-5.18769e-16,-2.91979e-16
0.00000e+00,0.00000e+00,0.00000e+00,0.00000e+00,0.00000e+00,-2.78284e-21,-6.42917e-20,-1.19688e-22,-3.64771e-21,-2.01307e-21,-2.26509e-18,-4.77315e-17,-1.05956e-19,-3.01067e-18,-1.61490e-18,-2.91979e-16,-5.81775e-15,-1.43099e-17,-4.00465e-16,-2.01434e-16
0.00000e+00,0.00000e+00,0.00000e+00,0.00000e+00,0.00000e+00,-2.01307e-21,-4.56008e-20,-8.80669e-23,-2.78284e-21,-1.36550e-21,-1.61490e-18,-3.32928e-17,-7.69871e-20,-2.26509e-18,-1.08029e-18,-2.01434e-16,-3.91086e-15,-1.00988e-17,-2.91979e-16,-1.30569e-16
0.00000e+00,0.00000e+00,0.00000e+00,0.00000e+00,0.00000e+00,-1.36550e-21,-3.03501e-20,-6.07230e-23,-2.01307e-21,-8.35039e-22,-1.08029e-18,-2.18077e-17,-5.24457e-20,-1.61490e-18,-6.52876e-19,-1.30569e-16,-2.47309e-15,-6.68958e-18,-2.01434e-16,-7.68222e-17
0.00000e+00,0.00000e+00,0.00000e+00,0.00000e+00,0.00000e+00,-8.35039e-22,-1.82612e-20,-3.76548e-23,-1.36550e-21,-3.93777e-22,-6.52876e-19,-1.29450e-17,-3.21901e-20,-1.08029e-18,-3.05375e-19,-7.68222e-17,-1.42466e-15,-4.00938e-18,-1.30569e-16,-3.52791e-17
0.00000e+00,0.00000e+00,0.00000e+00,0.00000e+00,0.00000e+00,-3.93777e-22,-8.51591e-21,-1.79268e-23,-8.35039e-22,-1.68780e-25,-3.05375e-19,-5.98070e-18,-1.52164e-20,-6.52876e-19,-2.78304e-23,-3.52791e-17,-6.44790e-16,-1.86475e-18,-7.68222e-17,-1.71984e-21
0.00000e+00,0.00000e+00,0.00000e+00,0.00000e+00,0.00000e+00,-1.68780e-25,-3.04230e-24,-9.27890e-27,-3.93777e-22,3.93439e-22,-2.78304e-23,-4.80650e-22,-1.57514e-24,-3.05375e-19,3.05319e-19,-1.71984e-21,-2.56907e-20,-1.07498e-22,-3.52791e-17,3.52756e-17
0.00000e+00,0.00000e+00,0.00000e+00,0.00000e+00,0.00000e+00,3.93439e-22,8.50974e-21,1.79083e-23,-1.68780e-25,8.34700e-22,3.05319e-19,5.97972e-18,1.52133e-20,-2.78304e-23,6.52818e-19,3.52756e-17,6.44737e-16,1.86453e-18,-1.71984e-21,7.68186e-17
0.00000e+00,0.00000e+00,0.00000e+00,0.00000e+00,0.00000e+00,8.34700e-22,1.82548e-20,3.76367e-23,3.93439e-22,1.36516e-21,6.52818e-19,1.29440e-17,3.21869e-20,3.05319e-19,1.08023e-18,7.68186e-17,1.42460e-15,4.00916e-18,3.52756e-17,1.30566e-16
0.00000e+00,0.00000e+00,0.00000e+00,0.00000e+00,0.00000e+00,1.36516e-21,3.03436e-20,6.07057e-23,8.34700e-22,2.01276e-21,1.08023e-18,2.18066e-17,5.24426e-20,6.52818e-19,1.61485e-18,1.30566e-16,2.47303e-15,6.68936e-18,7.68186e-17,2.01431e-16
0.00000e+00,0.00000e+00,0.00000e+00,0.00000e+00,0.00000e+00,2.01276e-21,4.55945e-20,8.80514e-23,1.36516e-21,2.78258e-21,1.61485e-18,3.32918e-17,7.69843e-20,1.08023e-18,2.26505e-18,2.01431e-16,3.91081e-15,1.00986e-17,1.30566e-16,2.91976e-16
0.00000e+00,0.00000e+00,0.00000e+00,0.00000e+00,0.00000e+00,2.78258e-21,6.42862e-20,1.19676e-22,2.01276e-21,3.64757e-21,2.26505e-18,4.77306e-17,1.05954e-19,1.61485e-18,3.01065e-18,2.91976e-16,5.81770e-15,1.43097e-17,2.01431e-16,4.00464e-16
0.00000e+00,0.00000e+00,0.00000e+00,0.00000e+00,0.00000e+00,3.64757e-21,8.58705e-20,1.54352e-22,2.78258e-21,4.54301e-21,3.01065e-18,6.47944e-17,1.38294e-19,2.26505e-18,3.79570e-18,4.00464e-16,8.18396e-15,1.92002e-17,2.91976e-16,5.18770e-16
0.00000e+00,0.00000e+00,0.00000e+00,0.00000e+00,0.00000e+00,4.54301e-21,1.08754e-19,1.89502e-22,3.64757e-21,5.37020e-21,3.79570e-18,8.32504e-17,1.71555e-19,3.01065e-18,4.52962e-18,5.18770e-16,1.08501e-14,2.43831e-17,4.00464e-16,6.31140e-16
0.00000e+00,0.00000e+00,0.00000e+00,0.00000e+00,0.00000e+00,5.37020e-21,1.30316e-19,2.21418e-22,4.54301e-21,6.01298e-21,4.52962e-18,1.00905e-16,2.02041e-19,3.79570e-18,5.09132e-18,6.31140e-16,1.34604e-14,2.91794e-17,5.18770e-16,7.12116e-16
0.00000e+00,0.00000e+00,0.00000e+00,0.00000e+00,0.00000e+00,6.01298e-21,1.47327e-19,2.45900e-22,5.37020e-21,6.27339e-21,5.09132e-18,1.14664e-16,2.25020e-19,4.52962e-18,5.30312e-18,7.12116e-16,1.54034e-14,3.25376e-17,6.31140e-16,7.36865e-16
0.00000e+00,0.00000e+00,0.00000e+00,0.00000e+00,0.00000e+00,-2.45869e-22,-6.01235e-21,-1.00722e-23,-2.55713e-22,-2.21403e-22,-2.25015e-19,-5.09123e-18,-9.90631e-21,-2.33587e-19,-2.02038e-19,-3.25372e-17,-7.12110e-16,-1.47285e-18,-3.35182e-17,-2.91792e-17
0.00000e+00,0.00000e+00,0.00000e+00,0.00000e+00,0.00000e+00,-2.21403e-22,-5.36991e-21,-9.13382e-24,-2.45869e-22,-1.89499e-22,-2.02038e-19,-4.52956e-18,-8.96445e-21,-2.25015e-19,-1.71554e-19,-2.91792e-17,-6.31137e-16,-1.33404e-18,-3.25372e-17,-2.43830e-17
0.00000e+00,0.00000e+00,0.00000e+00,0.00000e+00,0.00000e+00,-1.89499e-22,-4.54298e-21,-7.89630e-24,-2.21403e-22,-1.54358e-22,-1.71554e-19,-3.79569e-18,-7.69832e-21,-2.02038e-19,-1.38295e-19,-2.43830e-17,-5.18769e-16,-1.13054e-18,-2.91792e-17,-1.92002e-17
0.00000e+00,0.00000e+00,0.00000e+00,0.00000e+00,0.00000e+00,-1.54358e-22,-3.64771e-21,-6.51235e-24,-1.89499e-22,-1.19688e-22,-1.38295e-19,-3.01067e-18,-6.29298e-21,-1.71554e-19,-1.05956e-19,-1.92002e-17,-4.00465e-16,-9.05598e-19,-2.43830e-17,-1.43099e-17
0.00000e+00,0.00000e+00,0.00000e+00,0.00000e+00,0.00000e+00,-1.19688e-22,-2.78284e-21,-5.12117e-24,-1.54358e-22,-8.80669e-23,-1.05956e-19,-2.26509e-18,-4.89784e-21,-1.38295e-19,-7.69871e-20,-1.43099e-17,-2.91979e-16,-6.87944e-19,-1.92002e-17,-1.00988e-17
0.00000e+00,0.00000e+00,0.00000e+00,0.00000e+00,0.00000e+00,-8.80669e-23,-2.01307e-21,-3.82411e-24,-1.19688e-22,-6.07230e-23,-7.69871e-20,-1.61490e-18,-3.61765e-21,-1.05956e-19,-5.24457e-20,-1.00988e-17,-2.01434e-16,-4.95211e-19,-1.43099e-17,-6.68958e-18
0.00000e+00,0.00000e+00,0.00000e+00,0.00000e+00,0.00000e+00,-6.07230e-23,-1.36550e-21,-2.67430e-24,-8.80669e-23,-3.76548e-23,-5.24457e-20,-1.08029e-18,-2.50352e-21,-7.69871e-20,-3.21901e-20,-6.68958e-18,-1.30569e-16,-3.34314e-19,-1.00988e-17,-4.00938e-18
0.00000e+00,0.00000e+00,0.00000e+00,0.00000e+00,0.00000e+00,-3.76548e-23,-8.35039e-22,-1.67833e-24,-6.07230e-23,-1.79268e-23,-3.21901e-20,-6.52876e-19,-1.55723e-21,-5.24457e-20,-1.52164e-20,-4.00938e-18,-7.68222e-17,-2.03627e-19,-6.68958e-18,-1.86475e-18
0.00000e+00,0.00000e+00,0.00000e+00,0.00000e+00,0.00000e+00,-1.79268e-23,-3.93777e-22,-8.05566e-25,-3.76548e-23,-9.27890e-27,-1.52164e-20,-3.05375e-19,-7.42808e-22,-3.21901e-20,-1.57514e-24,-1.86475e-18,-3.52791e-17,-9.57555e-20,-4.00938e-18,-1.07498e-22
0.00000e+00,0.00000e+00,0.00000e+00,0.00000e+00,0.00000e+00,-9.27890e-27,-1.68780e-25,-4.99658e-28,-1.79268e-23,1.79083e-23,-1.57514e-24,-2.78304e-23,-8.78294e-26,-1.52164e-20,1.52133e-20,-1.07498e-22,-1.71984e-21,-6.40233e-24,-1.86475e-18,1.86453e-18
0.00000e+00,0.00000e+00,0.00000e+00,0.00000e+00,0.00000e+00,1.79083e-23,3.93439e-22,8.04574e-25,-9.27890e-27,3.76367e-23,1.52133e-20,3.05319e-19,7.42633e-22,-1.57514e-24,3.21869e-20,1.86453e-18,3.52756e-17,9.57426e-20,-1.07498e-22,4.00916e-18
0.00000e+00,0.00000e+00,0.00000e+00,0.00000e+00,0.00000e+00,3.76367e-23,8.34700e-22,1.67737e-24,1.79083e-23,6.07057e-23,3.21869e-20,6.52818e-19,1.55705e-21,1.52133e-20,5.24426e-20,4.00916e-18,7.68186e-17,2.03615e-19,1.86453e-18,6.68936e-18
0.00000e+00,0.00000e+00,0.00000e+00,0.00000e+00,0.00000e+00,6.07057e-23,1.36516e-21,2.67340e-24,3.76367e-23,8.80514e-23,5.24426e-20,1.08023e-18,2.50336e-21,3.21869e-20,7.69843e-20,6.68936e-18,1.30566e-16,3.34301e-19,4.00916e-18,1.00986e-17
0.00000e+00,0.00000e+00,0.00000e+00,0.00000e+00,0.00000e+00,8.80514e-23,2.01276e-21,3.82333e-24,6.07057e-23,1.19676e-22,7.69843e-20,1.61485e-18,3.61751e-21,5.24426e-20,1.05954e-19,1.00986e-17,2.01431e-16,4.95200e-19,6.68936e-18,1.43097e-17
0.00000e+00,0.00000e+00,0.00000e+00,0.00000e+00,0.00000e+00,1.19676e-22,2.78258e-21,5.12059e-24,8.80514e-23,1.54352e-22,1.05954e-19,2.26505e-18,4.89774e-21,7.69843e-20,1.38294e-19,1.43097e-17,2.91976e-16,6.87936e-19,1.00986e-17,1.92002e-17
0.00000e+00,0.00000e+00,0.00000e+00,0.00000e+00,0.00000e+00,1.54352e-22,3.64757e-21,6.51209e-24,1.19676e-22,1.89502e-22,1.38294e-19,3.01065e-18,6.29295e-21,1.05954e-19,1.71555e-19,1.92002e-17,4.00464e-16,9.05595e-19,1.43097e-17,2.43831e-17
0.00000e+00,0.00000e+00,0.00000e+00,0.00000e+00,0.00000e+00,1.89502e-22,4.54301e-21,7.89651e-24,1.54352e-22,2.21418e-22,1.71555e-19,3.79570e-18,7.69837e-21,1.38294e-19,2.02041e-19,2.43831e-17,5.18770e-16,1.13055e-18,1.92002e-17,2.91794e-17
0.00000e+00,0.00000e+00,0.00000e+00,0.00000e+00,0.00000e+00,2.21418e-22,5.37020e-21,9.13465e-24,1.89502e-22,2.45900e-22,2.02041e-19,4.52962e-18,8.96462e-21,1.71555e-19,2.25020e-19,2.91794e-17,6.31140e-16,1.33405e-18,2.43831e-17,3.25376e-17
0.00000e+00,0.00000e+00,0.00000e+00,0.00000e+00,0.00000e+00,2.45900e-22,6.01298e-21,1.00738e-23,2.21418e-22,2.55754e-22,2.25020e-19,5.09132e-18,9.90658e-21,2.02041e-19,2.33593e-19,3.25376e-17,7.12116e-16,1.47287e-18,2.91794e-17,3.35186e-17
0.00000e+00,0.00000e+00,0.00000e+00,0.00000e+00,0.00000e+00,-1.00722e-23,-2.45869e-22,-4.13253e-25,-1.04476e-23,-9.13382e-24,-9.90631e-21,-2.25015e-19,-4.34686e-22,-1.02545e-20,-8.96445e-21,-1.47285e-18,-3.25372e-17,-6.61678e-20,-1.51156e-18,-1.33404e-18
0.00000e+00,0.00000e+00,0.00000e+00,0.00000e+00,0.00000e+00,-9.13382e-24,-2.21403e-22,-3.77034e-25,-1.00722e-23,-7.89630e-24,-8.96445e-21,-2.02038e-19,-3.95998e-22,-9.90631e-21,-7.69832e-21,-1.33404e-18,-2.91792e-17,-6.04420e-20,-1.47285e-18,-1.13054e-18
0.00000e+00,0.00000e+00,0.00000e+00,0.00000e+00,0.00000e+00,-7.89630e-24,-1.89499e-22,-3.28788e-25,-9.13382e-24,-6.51235e-24,-7.69832e-21,-1.71554e-19,-3.43392e-22,-8.96445e-21,-6.29298e-21,-1.13054e-18,-2.43830e-17,-5.18437e-20,-1.33404e-18,-9.05598e-19
0.00000e+00,0.00000e+00,0.00000e+00,0.00000e+00,0.00000e+00,-6.51235e-24,-1.54358e-22,-2.74101e-25,-7.89630e-24,-5.12117e-24,-6.29298e-21,-1.38295e-19,-2.84111e-22,-7.69832e-21,-4.89784e-21,-9.05598e-19,-1.92002e-17,-4.21472e-20,-1.13054e-18,-6.87944e-19
0.00000e+00,0.00000e+00,0.00000e+00,0.00000e+00,0.00000e+00,-5.12117e-24,-1.19688e-22,-2.18196e-25,-6.51235e-24,-3.82411e-24,-4.89784e-21,-1.05956e-19,-2.24160e-22,-6.29298e-21,-3.61765e-21,-6.87944e-19,-1.43099e-17,-3.25534e-20,-9.05598e-19,-4.95211e-19
0.00000e+00,0.00000e+00,0.00000e+00,0.00000e+00,0.00000e+00,-3.82411e-24,-8.80669e-23,-1.65029e-25,-5.12117e-24,-2.67430e-24,-3.61765e-21,-7.69871e-20,-1.67945e-22,-4.89784e-21,-2.50352e-21,-4.95211e-19,-1.00988e-17,-2.38418e-20,-6.87944e-19,-3.34314e-19
0.00000e+00,0.00000e+00,0.00000e+00,0.00000e+00,0.00000e+00,-2.67430e-24,-6.07230e-23,-1.16829e-25,-3.82411e-24,-1.67833e-24,-2.50352e-21,-5.24457e-20,-1.17816e-22,-3.61765e-21,-1.55723e-21,-3.34314e-19,-6.68958e-18,-1.63639e-20,-4.95211e-19,-2.03627e-19
0.00000e+00,0.00000e+00,0.00000e+00,0.00000e+00,0.00000e+00,-1.67833e-24,-3.76548e-23,-7.40786e-26,-2.67430e-24,-8.05566e-25,-1.55723e-21,-3.21901e-20,-7.41302e-23,-2.50352e-21,-7.42808e-22,-2.03627e-19,-4.00938e-18,-1.01078e-20,-3.34314e-19,-9.57555e-20
0.00000e+00,0.00000e+00,0.00000e+00,0.00000e+00,0.00000e+00,-8.05566e-25,-1.79268e-23,-3.58058e-26,-1.67833e-24,-4.99658e-28,-7.42808e-22,-1.52164e-20,-3.56365e-23,-1.55723e-21,-8.78294e-26,-9.57555e-20,-1.86475e-18,-4.79874e-21,-2.03627e-19,-6.40233e-24
0.00000e+00,0.00000e+00,0.00000e+00,0.00000e+00,0.00000e+00,-4.99658e-28,-9.27890e-27,-2.61728e-29,-8.05566e-25,8.04574e-25,-8.78294e-26,-1.57514e-24,-4.83796e-27,-7.42808e-22,7.42633e-22,-6.40233e-24,-1.07498e-22,-3.68855e-25,-9.57555e-20,9.57426e-20
0.00000e+00,0.00000e+00,0.00000e+00,0.00000e+00,0.00000e+00,8.04574e-25,1.79083e-23,3.57539e-26,-4.99658e-28,1.67737e-24,7.42633e-22,1.52133e-20,3.56269e-23,-8.78294e-26,1.55705e-21,9.57426e-20,1.86453e-18,4.79800e-21,-6.40233e-24,2.03615e-19
0.00000e+00,0.00000e+00,0.00000e+00,0.00000e+00,0.00000e+00,1.67737e-24,3.76367e-23,7.40285e-26,8.04574e-25,2.67340e-24,1.55705e-21,3.21869e-20,7.41209e-23,7.42633e-22,2.50336e-21,2.03615e-19,4.00916e-18,1.01071e-20,9.57426e-20,3.34301e-19
0.00000e+00,0.00000e+00,0.00000e+00,0.00000e+00,0.00000e+00,2.67340e-24,6.07057e-23,1.16782e-25,1.67737e-24,3.82333e-24,2.50336e-21,5.24426e-20,1.17807e-22,1.55705e-21,3.61751e-21,3.34301e-19,6.68936e-18,1.63633e-20,2.03615e-19,4.95200e-19
0.00000e+00,0.00000e+00,0.00000e+00,0.00000e+00,0.00000e+00,3.82333e-24,8.80514e-23,1.64990e-25,2.67340e-24,5.12059e-24,3.61751e-21,7.69843e-20,1.67937e-22,2.50336e-21,4.89774e-21,4.95200e-19,1.00986e-17,2.38412e-20,3.34301e-19,6.87936e-19
0.00000e+00,0.00000e+00,0.00000e+00,0.00000e+00,0.00000e+00,5.12059e-24,1.19676e-22,2.18168e-25,3.82333e-24,6.51209e-24,4.89774e-21,1.05954e-19,2.24155e-22,3.61751e-21,6.29295e-21,6.87936e-19,1.43097e-17,3.25530e-20,4.95200e-19,9.05595e-19
0.00000e+00,0.00000e+00,0.00000e+00,0.00000e+00,0.00000e+00,6.51209e-24,1.54352e-22,2.74090e-25,5.12059e-24,7.89651e-24,6.29295e-21,1.38294e-19,2.84110e-22,4.89774e-21,7.69837e-21,9.05595e-19,1.92002e-17,4.21471e-20,6.87936e-19,1.13055e-18
0.00000e+00,0.00000e+00,0.00000e+00,0.00000e+00,0.00000e+00,7.89651e-24,1.89502e-22,3.28801e-25,6.51209e-24,9.13465e-24,7.69837e-21,1.71555e-19,3.43395e-22,6.29295e-21,8.96462e-21,1.13055e-18,2.43831e-17,5.18440e-20,9.05595e-19,1.33405e-18
0.00000e+00,0.00000e+00,0.00000e+00,0.00000e+00,0.00000e+00,9.13465e-24,2.21418e-22,3.77077e-25,7.89651e-24,1.00738e-23,8.96462e-21,2.02041e-19,3.96007e-22,7.69837e-21,9.90658e-21,1.33405e-18,2.91794e-17,6.04427e-20,1.13055e-18,1.47287e-18
0.00000e+00,0.00000e+00,0.00000e+00,0.00000e+00,0.00000e+00,1.00738e-23,2.45900e-22,4.13335e-25,9.13465e-24,1.04496e-23,9.90658e-21,2.25020e-19,4.34700e-22,8.96462e-21,1.02548e-20,1.47287e-18,3.25376e-17,6.61689e-20,1.33405e-18,1.51159e-18
0.00000e+00,0.00000e+00,0.00000e+00,0.00000e+00,0.00000e+00,-4.13253e-25,-1.00722e-23,-1.69789e-26,-4.27672e-25,-3.77034e-25,-4.34686e-22,-9.90631e-21,-1.90194e-23,-4.48871e-22,-3.95998e-22,-6.61678e-20,-1.47285e-18,-2.95412e-21,-6.76906e-20,-6.04420e-20
0.00000e+00,0.00000e+00,0.00000e+00,0.00000e+00,0.00000e+00,-3.77034e-25,-9.13382e-24,-1.55726e-26,-4.13253e-25,-3.28788e-25,-3.95998e-22,-8.96445e-21,-1.74271e-23,-4.34686e-22,-3.43392e-22,-6.04420e-20,-1.33404e-18,-2.71822e-21,-6.61678e-20,-5.18437e-20
0.00000e+00,0.00000e+00,0.00000e+00,0.00000e+00,0.00000e+00,-3.28788e-25,-7.89630e-24,-1.36828e-26,-3.77034e-25,-2.74101e-25,-3.43392e-22,-7.69832e-21,-1.52399e-23,-3.95998e-22,-2.84111e-22,-5.18437e-20,-1.13054e-18,-2.35594e-21,-6.04420e-20,-4.21472e-20
0.00000e+00,0.00000e+00,0.00000e+00,0.00000e+00,0.00000e+00,-2.74101e-25,-6.51235e-24,-1.15145e-26,-3.28788e-25,-2.18196e-25,-2.84111e-22,-6.29298e-21,-1.27418e-23,-3.43392e-22,-2.24160e-22,-4.21472e-20,-9.05598e-19,-1.94005e-21,-5.18437e-20,-3.25534e-20
0.00000e+00,0.00000e+00,0.00000e+00,0.00000e+00,0.00000e+00,-2.18196e-25,-5.12117e-24,-9.26413e-27,-2.74101e-25,-1.65029e-25,-2.24160e-22,-4.89784e-21,-1.01730e-23,-2.84111e-22,-1.67945e-22,-3.25534e-20,-6.87944e-19,-1.52028e-21,-4.21472e-20,-2.38418e-20
0.00000e+00,0.00000e+00,0.00000e+00,0.00000e+00,0.00000e+00,-1.65029e-25,-3.82411e-24,-7.08507e-27,-2.18196e-25,-1.16829e-25,-1.67945e-22,-3.61765e-21,-7.71673e-24,-2.24160e-22,-1.17816e-22,-2.38418e-20,-4.95211e-19,-1.13036e-21,-3.25534e-20,-1.63639e-20
0.00000e+00,0.00000e+00,0.00000e+00,0.00000e+00,0.00000e+00,-1.16829e-25,-2.67430e-24,-5.06907e-27,-1.65029e-25,-7.40786e-26,-1.17816e-22,-2.50352e-21,-5.47765e-24,-1.67945e-22,-7.41302e-23,-1.63639e-20,-3.34314e-19,-7.87091e-22,-2.38418e-20,-1.01078e-20
0.00000e+00,0.00000e+00,0.00000e+00,0.00000e+00,0.00000e+00,-7.40786e-26,-1.67833e-24,-3.24286e-27,-1.16829e-25,-3.58058e-26,-7.41302e-23,-1.55723e-21,-3.48088e-24,-1.17816e-22,-3.56365e-23,-1.01078e-20,-2.03627e-19,-4.92132e-22,-1.63639e-20,-4.79874e-21
0.00000e+00,0.00000e+00,0.00000e+00,0.00000e+00,0.00000e+00,-3.58058e-26,-8.05566e-25,-1.57688e-27,-7.40786e-26,-2.61728e-29,-3.56365e-23,-7.42808e-22,-1.68456e-24,-7.41302e-23,-4.83796e-27,-4.79874e-21,-9.57555e-20,-2.35575e-22,-1.01078e-20,-3.68855e-25
0.00000e+00,0.00000e+00,0.00000e+00,0.00000e+00,0.00000e+00,-2.61728e-29,-4.99658e-28,-1.32994e-30,-3.58058e-26,3.57539e-26,-4.83796e-27,-8.78294e-26,-2.63131e-28,-3.56365e-23,3.56269e-23,-3.68855e-25,-6.40233e-24,-2.07713e-26,-4.79874e-21,4.79800e-21
0.00000e+00,0.00000e+00,0.00000e+00,0.00000e+00,0.00000e+00,3.57539e-26,8.04574e-25,1.57424e-27,-2.61728e-29,7.40285e-26,3.56269e-23,7.42633e-22,1.68404e-24,-4.83796e-27,7.41209e-23,4.79800e-21,9.57426e-20,2.35534e-22,-3.68855e-25,1.01071e-20
0.00000e+00,0.00000e+00,0.00000e+00,0.00000e+00,0.00000e+00,7.40285e-26,1.67737e-24,3.24033e-27,3.57539e-26,1.16782e-25,7.41209e-23,1.55705e-21,3.48038e-24,3.56269e-23,1.17807e-22,1.01071e-20,2.03615e-19,4.92092e-22,4.79800e-21,1.63633e-20
0.00000e+00,0.00000e+00,0.00000e+00,0.00000e+00,0.00000e+00,1.16782e-25,2.67340e-24,5.06675e-27,7.40285e-26,1.64990e-25,1.17807e-22,2.50336e-21,5.47720e-24,7.41209e-23,1.67937e-22,1.63633e-20,3.34301e-19,7.87054e-22,1.01071e-20,2.38412e-20
0.00000e+00,0.00000e+00,0.00000e+00,0.00000e+00,0.00000e+00,1.64990e-25,3.82333e-24,7.08311e-27,1.16782e-25,2.18168e-25,1.67937e-22,3.61751e-21,7.71636e-24,1.17807e-22,2.24155e-22,2.38412e-20,4.95200e-19,1.13033e-21,1.63633e-20,3.25530e-20
0.00000e+00,0.00000e+00,0.00000e+00,0.00000e+00,0.00000e+00,2.18168e-25,5.12059e-24,9.26277e-27,1.64990e-25,2.74090e-25,2.24155e-22,4.89774e-21,1.01728e-23,1.67937e-22,2.84110e-22,3.25530e-20,6.87936e-19,1.52026e-21,2.38412e-20,4.21471e-20
0.00000e+00,0.00000e+00,0.00000e+00,0.00000e+00,0.00000e+00,2.74090e-25,6.51209e-24,1.15140e-26,2.18168e-25,3.28801e-25,2.84110e-22,6.29295e-21,1.27417e-23,2.24155e-22,3.43395e-22,4.21471e-20,9.05595e-19,1.94005e-21,3.25530e-20,5.18440e-20
0.00000e+00,0.00000e+00,0.00000e+00,0.00000e+00,0.00000e+00,3.28801e-25,7.89651e-24,1.36835e-26,2.74090e-25,3.77077e-25,3.43395e-22,7.69837e-21,1.52401e-23,2.84110e-22,3.96007e-22,5.18440e-20,1.13055e-18,2.35596e-21,4.21471e-20,6.04427e-20
0.00000e+00,0.00000e+00,0.00000e+00,0.00000e+00,0.00000e+00,3.77077e-25,9.13465e-24,1.55748e-26,3.28801e-25,4.13335e-25,3.96007e-22,8.96462e-21,1.74275e-23,3.43395e-22,4.34700e-22,6.04427e-20,1.33405e-18,2.71826e-21,5.18440e-20,6.61689e-20
0.00000e+00,0.00000e+00,0.00000e+00,0.00000e+00,0.00000e+00,4.13335e-25,1.00738e-23,1.69829e-26,3.77077e-25,4.27774e-25,4.34700e-22,9.90658e-21,1.90202e-23,3.96007e-22,4.48887e-22,6.61689e-20,1.47287e-18,2.95417e-21,6.04427e-20,6.76919e-20
0.00000e+00,0.00000e+00,0.00000e+00,0.00000e+00,0.00000e+00,-1.69789e-26,-4.13253e-25,-6.98446e-28,-1.75362e-26,-1.55726e-26,-1.90194e-23,-4.34686e-22,-8.30106e-25,-1.95991e-23,-1.74271e-23,-2.95412e-21,-6.61678e-20,-1.31203e-22,-3.01382e-21,-2.71822e-21
0.00000e+00,0.00000e+00,0.00000e+00,0.00000e+00,0.00000e+00,-1.55726e-26,-3.77034e-25,-6.43553e-28,-1.69789e-26,-1.36828e-26,-1.74271e-23,-3.95998e-22,-7.64434e-25,-1.90194e-23,-1.52399e-23,-2.71822e-21,-6.04420e-20,-1.21490e-22,-2.95412e-21,-2.35594e-21
0.00000e+00,0.00000e+00,0.00000e+00,0.00000e+00,0.00000e+00,-1.36828e-26,-3.28788e-25,-5.69195e-28,-1.55726e-26,-1.15145e-26,-1.52399e-23,-3.43392e-22,-6.73418e-25,-1.74271e-23,-1.27418e-23,-2.35594e-21,-5.18437e-20,-1.06255e-22,-2.71822e-21,-1.94005e-21
0.00000e+00,0.00000e+00,0.00000e+00,0.00000e+00,0.00000e+00,-1.15145e-26,-2.74101e-25,-4.82944e-28,-1.36828e-26,-9.26413e-27,-1.27418e-23,-2.84111e-22,-5.68197e-25,-1.52399e-23,-1.01730e-23,-1.94005e-21,-4.21472e-20,-8.84817e-23,-2.35594e-21,-1.52028e-21
0.00000e+00,0.00000e+00,0.00000e+00,0.00000e+00,0.00000e+00,-9.26413e-27,-2.18196e-25,-3.92184e-28,-1.15145e-26,-7.08507e-27,-1.01730e-23,-2.24160e-22,-4.58362e-25,-1.27418e-23,-7.71673e-24,-1.52028e-21,-3.25534e-20,-7.02178e-23,-1.94005e-21,-1.13036e-21
0.00000e+00,0.00000e+00,0.00000e+00,0.00000e+00,0.00000e+00,-7.08507e-27,-1.65029e-25,-3.02852e-28,-9.26413e-27,-5.06907e-27,-7.71673e-24,-1.67945e-22,-3.51455e-25,-1.01730e-23,-5.47765e-24,-1.13036e-21,-2.38418e-20,-5.29004e-23,-1.52028e-21,-7.87091e-22
0.00000e+00,0.00000e+00,0.00000e+00,0.00000e+00,0.00000e+00,-5.06907e-27,-1.16829e-25,-2.18676e-28,-7.08507e-27,-3.24286e-27,-5.47765e-24,-1.17816e-22,-2.52043e-25,-7.71673e-24,-3.48088e-24,-7.87091e-22,-1.63639e-20,-3.73009e-23,-1.13036e-21,-4.92132e-22
0.00000e+00,0.00000e+00,0.00000e+00,0.00000e+00,0.00000e+00,-3.24286e-27,-7.40786e-26,-1.40972e-28,-5.06907e-27,-1.57688e-27,-3.48088e-24,-7.41302e-23,-1.61542e-25,-5.47765e-24,-1.68456e-24,-4.92132e-22,-1.01078e-20,-2.35701e-23,-7.87091e-22,-2.35575e-22
0.00000e+00,0.00000e+00,0.00000e+00,0.00000e+00,0.00000e+00,-1.57688e-27,-3.58058e-26,-6.89039e-29,-3.24286e-27,-1.32994e-30,-1.68456e-24,-3.56365e-23,-7.86279e-26,-3.48088e-24,-2.63131e-28,-2.35575e-22,-4.79874e-21,-1.13632e-23,-4.92132e-22,-2.07713e-26
0.00000e+00,0.00000e+00,0.00000e+00,0.00000e+00,0.00000e+00,-1.32994e-30,-2.61728e-29,-6.55646e-32,-1.57688e-27,1.57424e-27,-2.63131e-28,-4.83796e-27,-1.41043e-29,-1.68456e-24,1.68404e-24,-2.07713e-26,-3.68855e-25,-1.15041e-27,-2.35575e-22,2.35534e-22
0.00000e+00,0.00000e+00,0.00000e+00,0.00000e+00,0.00000e+00,1.57424e-27,3.57539e-26,6.87743e-29,-1.32994e-30,3.24033e-27,1.68404e-24,3.56269e-23,7.86001e-26,-2.63131e-28,3.48038e-24,2.35534e-22,4.79800e-21,1.13610e-23,-2.07713e-26,4.92092e-22
0.00000e+00,0.00000e+00,0.00000e+00,0.00000e+00,0.00000e+00,3.24033e-27,7.40285e-26,1.40847e-28,1.57424e-27,5.06675e-27,3.48038e-24,7.41209e-23,1.61515e-25,1.68404e-24,5.47720e-24,4.92092e-22,1.01071e-20,2.35679e-23,2.35534e-22,7.87054e-22
0.00000e+00,0.00000e+00,0.00000e+00,0.00000e+00,0.00000e+00,5.06675e-27,1.16782e-25,2.18562e-28,3.24033e-27,7.08311e-27,5.47720e-24,1.17807e-22,2.52019e-25,3.48038e-24,7.71636e-24,7.87054e-22,1.63633e-20,3.72989e-23,4.92092e-22,1.13033e-21
0.00000e+00,0.00000e+00,0.00000e+00,0.00000e+00,0.00000e+00,7.08311e-27,1.64990e-25,3.02758e-28,5.06675e-27,9.26277e-27,7.71636e-24,1.67937e-22,3.51436e-25,5.47720e-24,1.01728e-23,1.13033e-21,2.38412e-20,5.28988e-23,7.87054e-22,1.52026e-21
0.00000e+00,0.00000e+00,0.00000e+00,0.00000e+00,0.00000e+00,9.26277e-27,2.18168e-25,3.92120e-28,7.08311e-27,1.15140e-26,1.01728e-23,2.24155e-22,4.58351e-25,7.71636e-24,1.27417e-23,1.52026e-21,3.25530e-20,7.02167e-23,1.13033e-21,1.94005e-21
0.00000e+00,0.00000e+00,0.00000e+00,0.00000e+00,0.00000e+00,1.15140e-26,2.74090e-25,4.82923e-28,9.26277e-27,1.36835e-26,1.27417e-23,2.84110e-22,5.68196e-25,1.01728e-23,1.52401e-23,1.94005e-21,4.21471e-20,8.84815e-23,1.52026e-21,2.35596e-21
0.00000e+00,0.00000e+00,0.00000e+00,0.00000e+00,0.00000e+00,1.36835e-26,3.28801e-25,5.69233e-28,1.15140e-26,1.55748e-26,1.52401e-23,3.43395e-22,6.73429e-25,1.27417e-23,1.74275e-23,2.35596e-21,5.18440e-20,1.06255e-22,1.94005e-21,2.71826e-21
0.00000e+00,0.00000e+00,0.00000e+00,0.00000e+00,0.00000e+00,1.55748e-26,3.77077e-25,6.43665e-28,1.36835e-26,1.69829e-26,1.74275e-23,3.96007e-22,7.64458e-25,1.52401e-23,1.90202e-23,2.71826e-21,6.04427e-20,1.21492e-22,2.35596e-21,2.95417e-21
0.00000e+00,0.00000e+00,0.00000e+00,0.00000e+00,0.00000e+00,1.69829e-26,4.13335e-25,6.98642e-28,1.55748e-26,1.75412e-26,1.90202e-23,4.34700e-22,8.30143e-25,1.74275e-23,1.95999e-23,2.95417e-21,6.61689e-20,1.31206e-22,2.71826e-21,3.01388e-21
0.00000e+00,0.00000e+00,0.00000e+00,0.00000e+00,0.00000e+00,-6.98446e-28,-1.69789e-26,-2.87628e-29,-7.20113e-28,-6.43553e-28,-8.30106e-25,-1.90194e-23,-3.61500e-26,-8.53855e-25,-7.64434e-25,-1.31203e-22,-2.95412e-21,-5.80149e-24,-1.33537e-22,-1.21490e-22
0.00000e+00,0.00000e+00,0.00000e+00,0.00000e+00,0.00000e+00,-6.43553e-28,-1.55726e-26,-2.66095e-29,-6.98446e-28,-5.69195e-28,-7.64434e-25,-1.74271e-23,-3.34363e-26,-8.30106e-25,-6.73418e-25,-1.21490e-22,-2.71822e-21,-5.40160e-24,-1.31203e-22,-1.06255e-22
0.00000e+00,0.00000e+00,0.00000e+00,0.00000e+00,0.00000e+00,-5.69195e-28,-1.36828e-26,-2.36714e-29,-6.43553e-28,-4.82944e-28,-6.73418e-25,-1.52399e-23,-2.96449e-26,-7.64434e-25,-5.68197e-25,-1.06255e-22,-2.35594e-21,-4.76162e-24,-1.21490e-22,-8.84817e-23
0.00000e+00,0.00000e+00,0.00000e+00,0.00000e+00,0.00000e+00,-4.82944e-28,-1.15145e-26,-2.02294e-29,-5.69195e-28,-3.92184e-28,-5.68197e-25,-1.27418e-23,-2.52135e-26,-6.73418e-25,-4.58362e-25,-8.84817e-23,-1.94005e-21,-4.00410e-24,-1.06255e-22,-7.02178e-23
0.00000e+00,0.00000e+00,0.00000e+00,0.00000e+00,0.00000e+00,-3.92184e-28,-9.26413e-27,-1.65617e-29,-4.82944e-28,-3.02852e-28,-4.58362e-25,-1.01730e-23,-2.05241e-26,-5.68197e-25,-3.51455e-25,-7.02178e-23,-1.52028e-21,-3.21287e-24,-8.84817e-23,-5.29004e-23
0.00000e+00,0.00000e+00,0.00000e+00,0.00000e+00,0.00000e+00,-3.02852e-28,-7.08507e-27,-1.28977e-29,-3.92184e-28,-2.18676e-28,-3.51455e-25,-7.71673e-24,-1.58855e-26,-4.58362e-25,-2.52043e-25,-5.29004e-23,-1.13036e-21,-2.44850e-24,-7.02178e-23,-3.73009e-23
0.00000e+00,0.00000e+00,0.00000e+00,0.00000e+00,0.00000e+00,-2.18676e-28,-5.06907e-27,-9.38735e-30,-3.02852e-28,-1.40972e-28,-2.52043e-25,-5.47765e-24,-1.14938e-26,-3.51455e-25,-1.61542e-25,-3.73009e-23,-7.87091e-22,-1.74546e-24,-5.29004e-23,-2.35701e-23
0.00000e+00,0.00000e+00,0.00000e+00,0.00000e+00,0.00000e+00,-1.40972e-28,-3.24286e-27,-6.09189e-30,-2.18676e-28,-6.89039e-29,-1.61542e-25,-3.48088e-24,-7.42142e-27,-2.52043e-25,-7.86279e-26,-2.35701e-23,-4.92132e-22,-1.11309e-24,-3.73009e-23,-1.13632e-23
0.00000e+00,0.00000e+00,0.00000e+00,0.00000e+00,0.00000e+00,-6.89039e-29,-1.57688e-27,-2.99087e-30,-1.40972e-28,-6.55646e-32,-7.86279e-26,-1.68456e-24,-3.63018e-27,-1.61542e-25,-1.41043e-29,-1.13632e-23,-2.35575e-22,-5.39937e-25,-2.35701e-23,-1.15041e-27
0.00000e+00,0.00000e+00,0.00000e+00,0.00000e+00,0.00000e+00,-6.55646e-32,-1.32994e-30,-3.14232e-33,-6.89039e-29,6.87743e-29,-1.41043e-29,-2.63131e-28,-7.43599e-31,-7.86279e-26,7.86001e-26,-1.15041e-27,-2.07713e-26,-6.28415e-29,-1.13632e-23,1.13610e-23
0.00000e+00,0.00000e+00,0.00000e+00,0.00000e+00,0.00000e+00,6.87743e-29,1.57424e-27,2.98466e-30,-6.55646e-32,1.40847e-28,7.86001e-26,1.68404e-24,3.62872e-27,-1.41043e-29,1.61515e-25,1.13610e-23,2.35534e-22,5.39813e-25,-1.15041e-27,2.35679e-23
0.00000e+00,0.00000e+00,0.00000e+00,0.00000e+00,0.00000e+00,1.40847e-28,3.24033e-27,6.08593e-30,6.87743e-29,2.18562e-28,1.61515e-25,3.48038e-24,7.42005e-27,7.86001e-26,2.52019e-25,2.35679e-23,4.92092e-22,1.11297e-24,1.13610e-23,3.72989e-23
0.00000e+00,0.00000e+00,0.00000e+00,0.00000e+00,0.00000e+00,2.18562e-28,5.06675e-27,9.38192e-30,1.40847e-28,3.02758e-28,2.52019e-25,5.47720e-24,1.14926e-26,1.61515e-25,3.51436e-25,3.72989e-23,7.87054e-22,1.74535e-24,2.35679e-23,5.28988e-23
0.00000e+00,0.00000e+00,0.00000e+00,0.00000e+00,0.00000e+00,3.02758e-28,7.08311e-27,1.28932e-29,2.18562e-28,3.92120e-28,3.51436e-25,7.71636e-24,1.58846e-26,2.52019e-25,4.58351e-25,5.28988e-23,1.13033e-21,2.44842e-24,3.72989e-23,7.02167e-23
0.00000e+00,0.00000e+00,0.00000e+00,0.00000e+00,0.00000e+00,3.92120e-28,9.26277e-27,1.65587e-29,3.02758e-28,4.82923e-28,4.58351e-25,1.01728e-23,2.05235e-26,3.51436e-25,5.68196e-25,7.02167e-23,1.52026e-21,3.21282e-24,5.28988e-23,8.84815e-23
0.00000e+00,0.00000e+00,0.00000e+00,0.00000e+00,0.00000e+00,4.82923e-28,1.15140e-26,2.02285e-29,3.92120e-28,5.69233e-28,5.68196e-25,1.27417e-23,2.52134e-26,4.58351e-25,6.73429e-25,8.84815e-23,1.94005e-21,4.00409e-24,7.02167e-23,1.06255e-22
0.00000e+00,0.00000e+00,0.00000e+00,0.00000e+00,0.00000e+00,5.69233e-28,1.36835e-26,2.36734e-29,4.82923e-28,6.43665e-28,6.73429e-25,1.52401e-23,2.96454e-26,5.68196e-25,7.64458e-25,1.06255e-22,2.35596e-21,4.76167e-24,8.84815e-23,1.21492e-22
0.00000e+00,0.00000e+00,0.00000e+00,0.00000e+00,0.00000e+00,6.43665e-28,1.55748e-26,2.66149e-29,5.69233e-28,6.98642e-28,7.64458e-25,1.74275e-23,3.34376e-26,6.73429e-25,8.30143e-25,1.21492e-22,2.71826e-21,5.40171e-24,1.06255e-22,1.31206e-22
0.00000e+00,0.00000e+00,0.00000e+00,0.00000e+00,0.00000e+00,6.98642e-28,1.69829e-26,2.87721e-29,6.43665e-28,7.20354e-28,8.30143e-25,1.90202e-23,3.61519e-26,7.64458e-25,8.53897e-25,1.31206e-22,2.95417e-21,5.80165e-24,1.21492e-22,1.33540e-22
0.00000e+00,0.00000e+00,0.00000e+00,0.00000e+00,0.00000e+00,-2.87628e-29,-6.98446e-28,-1.18564e-30,-2.96097e-29,-2.66095e-29,-3.61500e-26,-8.30106e-25,-1.57118e-27,-3.71256e-26,-3.34363e-26,-5.80149e-24,-1.31203e-22,-2.55558e-25,-5.89248e-24,-5.40160e-24
0.00000e+00,0.00000e+00,0.00000e+00,0.00000e+00,0.00000e+00,-2.66095e-29,-6.43553e-28,-1.10078e-30,-2.87628e-29,-2.36714e-29,-3.34363e-26,-7.64434e-25,-1.45882e-27,-3.61500e-26,-2.96449e-26,-5.40160e-24,-1.21490e-22,-2.39089e-25,-5.80149e-24,-4.76162e-24
0.00000e+00,0.00000e+00,0.00000e+00,0.00000e+00,0.00000e+00,-2.36714e-29,-5.69195e-28,-9.84231e-31,-2.66095e-29,-2.02294e-29,-2.96449e-26,-6.73418e-25,-1.30070e-27,-3.34363e-26,-2.52135e-26,-4.76162e-24,-1.06255e-22,-2.12222e-25,-5.40160e-24,-4.00410e-24
0.00000e+00,0.00000e+00,0.00000e+00,0.00000e+00,0.00000e+00,-2.02294e-29,-4.82944e-28,-8.46445e-31,-2.36714e-29,-1.65617e-29,-2.52135e-26,-5.68197e-25,-1.11404e-27,-2.96449e-26,-2.05241e-26,-4.00410e-24,-8.84817e-23,-1.79994e-25,-4.76162e-24,-3.21287e-24
0.00000e+00,0.00000e+00,0.00000e+00,0.00000e+00,0.00000e+00,-1.65617e-29,-3.92184e-28,-6.97934e-31,-2.02294e-29,-1.28977e-29,-2.05241e-26,-4.58362e-25,-9.14043e-28,-2.52135e-26,-1.58855e-26,-3.21287e-24,-7.02178e-23,-1.45830e-25,-4.00410e-24,-2.44850e-24
0.00000e+00,0.00000e+00,0.00000e+00,0.00000e+00,0.00000e+00,-1.28977e-29,-3.02852e-28,-5.47545e-31,-1.65617e-29,-9.38735e-30,-1.58855e-26,-3.51455e-25,-7.13283e-28,-2.05241e-26,-1.14938e-26,-2.44850e-24,-5.29004e-23,-1.12259e-25,-3.21287e-24,-1.74546e-24
0.00000e+00,0.00000e+00,0.00000e+00,0.00000e+00,0.00000e+00,-9.38735e-30,-2.18676e-28,-4.01294e-31,-1.28977e-29,-6.09189e-30,-1.14938e-26,-2.52043e-25,-5.20091e-28,-1.58855e-26,-7.42142e-27,-1.74546e-24,-3.73009e-23,-8.07920e-26,-2.44850e-24,-1.11309e-24
0.00000e+00,0.00000e+00,0.00000e+00,0.00000e+00,0.00000e+00,-6.09189e-30,-1.40972e-28,-2.61918e-31,-9.38735e-30,-2.99087e-30,-7.42142e-27,-1.61542e-25,-3.37974e-28,-1.14938e-26,-3.63018e-27,-1.11309e-24,-2.35701e-23,-5.19327e-26,-1.74546e-24,-5.39937e-25
0.00000e+00,0.00000e+00,0.00000e+00,0.00000e+00,0.00000e+00,-2.99087e-30,-6.89039e-29,-1.29086e-31,-6.09189e-30,-3.14232e-33,-3.63018e-27,-7.86279e-26,-1.66027e-28,-7.42142e-27,-7.43599e-31,-5.39937e-25,-1.13632e-23,-2.53259e-26,-1.11309e-24,-6.28415e-29
0.00000e+00,0.00000e+00,0.00000e+00,0.00000e+00,0.00000e+00,-3.14232e-33,-6.55646e-32,-1.46916e-34,-2.99087e-30,2.98466e-30,-7.43599e-31,-1.41043e-29,-3.85066e-32,-3.63018e-27,3.62872e-27,-6.28415e-29,-1.15041e-27,-3.38734e-30,-5.39937e-25,5.39813e-25
0.00000e+00,0.00000e+00,0.00000e+00,0.00000e+00,0.00000e+00,2.98466e-30,6.87743e-29,1.28796e-31,-3.14232e-33,6.08593e-30,3.62872e-27,7.86001e-26,1.65951e-28,-7.43599e-31,7.42005e-27,5.39813e-25,1.13610e-23,2.53193e-26,-6.28415e-29,1.11297e-24
0.00000e+00,0.00000e+00,0.00000e+00,0.00000e+00,0.00000e+00,6.08593e-30,1.40847e-28,2.61640e-31,2.98466e-30,9.38192e-30,7.42005e-27,1.61515e-25,3.37904e-28,3.62872e-27,1.14926e-26,1.11297e-24,2.35679e-23,5.19265e-26,5.39813e-25,1.74535e-24
0.00000e+00,0.00000e+00,0.00000e+00,0.00000e+00,0.00000e+00,9.38192e-30,2.18562e-28,4.01042e-31,6.08593e-30,1.28932e-29,1.14926e-26,2.52019e-25,5.20029e-28,7.42005e-27,1.58846e-26,1.74535e-24,3.72989e-23,8.07865e-26,1.11297e-24,2.44842e-24
0.00000e+00,0.00000e+00,0.00000e+00,0.00000e+00,0.00000e+00,1.28932e-29,3.02758e-28,5.47337e-31,9.38192e-30,1.65587e-29,1.58846e-26,3.51436e-25,7.13236e-28,1.14926e-26,2.05235e-26,2.44842e-24,5.28988e-23,1.12255e-25,1.74535e-24,3.21282e-24
0.00000e+00,0.00000e+00,0.00000e+00,0.00000e+00,0.00000e+00,1.65587e-29,3.92120e-28,6.97796e-31,1.28932e-29,2.02285e-29,2.05235e-26,4.58351e-25,9.14016e-28,1.58846e-26,2.52134e-26,3.21282e-24,7.02167e-23,1.45828e-25,2.44842e-24,4.00409e-24
0.00000e+00,0.00000e+00,0.00000e+00,0.00000e+00,0.00000e+00,2.02285e-29,4.82923e-28,8.46407e-31,1.65587e-29,2.36734e-29,2.52134e-26,5.68196e-25,1.11404e-27,2.05235e-26,2.96454e-26,4.00409e-24,8.84815e-23,1.79994e-25,3.21282e-24,4.76167e-24
0.00000e+00,0.00000e+00,0.00000e+00,0.00000e+00,0.00000e+00,2.36734e-29,5.69233e-28,9.84325e-31,2.02285e-29,2.66149e-29,2.96454e-26,6.73429e-25,1.30073e-27,2.52134e-26,3.34376e-26,4.76167e-24,1.06255e-22,2.12225e-25,4.00409e-24,5.40171e-24
0.00000e+00,0.00000e+00,0.00000e+00,0.00000e+00,0.00000e+00,2.66149e-29,6.43665e-28,1.10103e-30,2.36734e-29,2.87721e-29,3.34376e-26,7.64458e-25,1.45889e-27,2.96454e-26,3.61519e-26,5.40171e-24,1.21492e-22,2.39095e-25,4.76167e-24,5.80165e-24
0.00000e+00,0.00000e+00,0.00000e+00,0.00000e+00,0.00000e+00,2.87721e-29,6.98642e-28,1.18607e-30,2.66149e-29,2.96210e-29,3.61519e-26,8.30143e-25,1.57127e-27,3.34376e-26,3.71278e-26,5.80165e-24,1.31206e-22,2.55566e-25,5.40171e-24,5.89265e-24
0.00000e+00,0.00000e+00,0.00000e+00,0.00000e+00,0.00000e+00,-1.18564e-30,-2.87628e-29,-4.89161e-32,-1.21891e-30,-1.10078e-30,-1.57118e-27,-3.61500e-26,-6.81660e-29,-1.61135e-27,-1.45882e-27,-2.55558e-25,-5.80149e-24,-1.12204e-26,-2.59096e-25,-2.39089e-25
0.00000e+00,0.00000e+00,0.00000e+00,0.00000e+00,0.00000e+00,-1.10078e-30,-2.66095e-29,-4.55576e-32,-1.18564e-30,-9.84231e-31,-1.45882e-27,-3.34363e-26,-6.35055e-29,-1.57118e-27,-1.30070e-27,-2.39089e-25,-5.40160e-24,-1.05418e-26,-2.55558e-25,-2.12222e-25
0.00000e+00,0.00000e+00,0.00000e+00,0.00000e+00,0.00000e+00,-9.84231e-31,-2.36714e-29,-4.09170e-32,-1.10078e-30,-8.46445e-31,-1.30070e-27,-2.96449e-26,-5.69032e-29,-1.45882e-27,-1.11404e-27,-2.12222e-25,-4.76162e-24,-9.41413e-27,-2.39089e-25,-1.79994e-25
0.00000e+00,0.00000e+00,0.00000e+00,0.00000e+00,0.00000e+00,-8.46445e-31,-2.02294e-29,-3.53850e-32,-9.84231e-31,-6.97934e-31,-1.11404e-27,-2.52135e-26,-4.90379e-29,-1.30070e-27,-9.14043e-28,-1.79994e-25,-4.00410e-24,-8.04478e-27,-2.12222e-25,-1.45830e-25
0.00000e+00,0.00000e+00,0.00000e+00,0.00000e+00,0.00000e+00,-6.97934e-31,-1.65617e-29,-2.93596e-32,-8.46445e-31,-5.47545e-31,-9.14043e-28,-2.05241e-26,-4.05141e-29,-1.11404e-27,-7.13283e-28,-1.45830e-25,-3.21287e-24,-6.57335e-27,-1.79994e-25,-1.12259e-25
0.00000e+00,0.00000e+00,0.00000e+00,0.00000e+00,0.00000e+00,-5.47545e-31,-1.28977e-29,-2.31822e-32,-6.97934e-31,-4.01294e-31,-7.13283e-28,-1.58855e-26,-3.18429e-29,-9.14043e-28,-5.20091e-28,-1.12259e-25,-2.44850e-24,-5.10483e-27,-1.45830e-25,-8.07920e-26
0.00000e+00,0.00000e+00,0.00000e+00,0.00000e+00,0.00000e+00,-4.01294e-31,-9.38735e-30,-1.70931e-32,-5.47545e-31,-2.61918e-31,-5.20091e-28,-1.14938e-26,-2.33749e-29,-7.13283e-28,-3.37974e-28,-8.07920e-26,-1.74546e-24,-3.70456e-27,-1.12259e-25,-5.19327e-26
0.00000e+00,0.00000e+00,0.00000e+00,0.00000e+00,0.00000e+00,-2.61918e-31,-6.09189e-30,-1.12121e-32,-4.01294e-31,-1.29086e-31,-3.37974e-28,-7.42142e-27,-1.52745e-29,-5.20091e-28,-1.66027e-28,-5.19327e-26,-1.11309e-24,-2.39777e-27,-8.07920e-26,-2.53259e-26
0.00000e+00,0.00000e+00,0.00000e+00,0.00000e+00,0.00000e+00,-1.29086e-31,-2.99087e-30,-5.54427e-33,-2.61918e-31,-1.46916e-34,-1.66027e-28,-3.63018e-27,-7.53120e-30,-3.37974e-28,-3.85066e-32,-2.53259e-26,-5.39937e-25,-1.17471e-27,-5.19327e-26,-3.38734e-30
0.00000e+00,0.00000e+00,0.00000e+00,0.00000e+00,0.00000e+00,-1.46916e-34,-3.14232e-33,-6.73207e-36,-1.29086e-31,1.28796e-31,-3.85066e-32,-7.43599e-31,-1.95755e-33,-1.66027e-28,1.65951e-28,-3.38734e-30,-6.28415e-29,-1.80042e-31,-2.53259e-26,2.53193e-26
0.00000e+00,0.00000e+00,0.00000e+00,0.00000e+00,0.00000e+00,1.28796e-31,2.98466e-30,5.53098e-33,-1.46916e-34,2.61640e-31,1.65951e-28,3.62872e-27,7.52737e-30,-3.85066e-32,3.37904e-28,2.53193e-26,5.39813e-25,1.17436e-27,-3.38734e-30,5.19265e-26
0.00000e+00,0.00000e+00,0.00000e+00,0.00000e+00,0.00000e+00,2.61640e-31,6.08593e-30,1.11994e-32,1.28796e-31,4.01042e-31,3.37904e-28,7.42005e-27,1.52709e-29,1.65951e-28,5.20029e-28,5.19265e-26,1.11297e-24,2.39744e-27,2.53193e-26,8.07865e-26
0.00000e+00,0.00000e+00,0.00000e+00,0.00000e+00,0.00000e+00,4.01042e-31,9.38192e-30,1.70816e-32,2.61640e-31,5.47337e-31,5.20029e-28,1.14926e-26,2.33718e-29,3.37904e-28,7.13236e-28,8.07865e-26,1.74535e-24,3.70427e-27,5.19265e-26,1.12255e-25
0.00000e+00,0.00000e+00,0.00000e+00,0.00000e+00,0.00000e+00,5.47337e-31,1.28932e-29,2.31728e-32,4.01042e-31,6.97796e-31,7.13236e-28,1.58846e-26,3.18405e-29,5.20029e-28,9.14016e-28,1.12255e-25,2.44842e-24,5.10461e-27,8.07865e-26,1.45828e-25
0.00000e+00,0.00000e+00,0.00000e+00,0.00000e+00,0.00000e+00,6.97796e-31,1.65587e-29,2.93534e-32,5.47337e-31,8.46407e-31,9.14016e-28,2.05235e-26,4.05128e-29,7.13236e-28,1.11404e-27,1.45828e-25,3.21282e-24,6.57323e-27,1.12255e-25,1.79994e-25
0.00000e+00,0.00000e+00,0.00000e+00,0.00000e+00,0.00000e+00,8.46407e-31,2.02285e-29,3.53835e-32,6.97796e-31,9.84325e-31,1.11404e-27,2.52134e-26,4.90379e-29,9.14016e-28,1.30073e-27,1.79994e-25,4.00409e-24,8.04479e-27,1.45828e-25,2.12225e-25
0.00000e+00,0.00000e+00,0.00000e+00,0.00000e+00,0.00000e+00,9.84325e-31,2.36734e-29,4.09215e-32,8.46407e-31,1.10103e-30,1.30073e-27,2.96454e-26,5.69048e-29,1.11404e-27,1.45889e-27,2.12225e-25,4.76167e-24,9.41428e-27,1.79994e-25,2.39095e-25
0.00000e+00,0.00000e+00,0.00000e+00,0.00000e+00,0.00000e+00,1.10103e-30,2.66149e-29,4.55692e-32,9.84325e-31,1.18607e-30,1.45889e-27,3.34376e-26,6.35089e-29,1.30073e-27,1.57127e-27,2.39095e-25,5.40171e-24,1.05421e-26,2.12225e-25,2.55566e-25
0.00000e+00,0.00000e+00,0.00000e+00,0.00000e+00,0.00000e+00,1.18607e-30,2.87721e-29,4.89355e-32,1.10103e-30,1.21942e-30,1.57127e-27,3.61519e-26,6.81707e-29,1.45889e-27,1.61146e-27,2.55566e-25,5.80165e-24,1.12209e-26,2.39095e-25,2.59105e-25
0.00000e+00,0.00000e+00,0.00000e+00,0.00000e+00,0.00000e+00,-4.89161e-32,-1.18564e-30,-2.01970e-33,-5.02287e-32,-4.55576e-32,-6.81660e-29,-1.57118e-27,-2.95262e-30,-6.98245e-29,-6.35055e-29,-1.12204e-26,-2.55558e-25,-4.91222e-28,-1.13576e-26,-1.05418e-26
0.00000e+00,0.00000e+00,0.00000e+00,0.00000e+00,0.00000e+00,-4.55576e-32,-1.10078e-30,-1.88625e-33,-4.89161e-32,-4.09170e-32,-6.35055e-29,-1.45882e-27,-2.75895e-30,-6.81660e-29,-5.69032e-29,-1.05418e-26,-2.39089e-25,-4.63233e-28,-1.12204e-26,-9.41413e-27
0.00000e+00,0.00000e+00,0.00000e+00,0.00000e+00,0.00000e+00,-4.09170e-32,-9.84231e-31,-1.70084e-33,-4.55576e-32,-3.53850e-32,-5.69032e-29,-1.30070e-27,-2.48292e-30,-6.35055e-29,-4.90379e-29,-9.41413e-27,-2.12222e-25,-4.15897e-28,-1.05418e-26,-8.04478e-27
0.00000e+00,0.00000e+00,0.00000e+00,0.00000e+00,0.00000e+00,-3.53850e-32,-8.46445e-31,-1.47811e-33,-4.09170e-32,-2.93596e-32,-4.90379e-29,-1.11404e-27,-2.15134e-30,-5.69032e-29,-4.05141e-29,-8.04478e-27,-1.79994e-25,-3.57761e-28,-9.41413e-27,-6.57335e-27
0.00000e+00,0.00000e+00,0.00000e+00,0.00000e+00,0.00000e+00,-2.93596e-32,-6.97934e-31,-1.23317e-33,-3.53850e-32,-2.31822e-32,-4.05141e-29,-9.14043e-28,-1.78825e-30,-4.90379e-29,-3.18429e-29,-6.57335e-27,-1.45830e-25,-2.94511e-28,-8.04478e-27,-5.10483e-27
0.00000e+00,0.00000e+00,0.00000e+00,0.00000e+00,0.00000e+00,-2.31822e-32,-5.47545e-31,-9.79217e-34,-2.93596e-32,-1.70931e-32,-3.18429e-29,-7.13283e-28,-1.41434e-30,-4.05141e-29,-2.33749e-29,-5.10483e-27,-1.12259e-25,-2.30485e-28,-6.57335e-27,-3.70456e-27
0.00000e+00,0.00000e+00,0.00000e+00,0.00000e+00,0.00000e+00,-1.70931e-32,-4.01294e-31,-7.25829e-34,-2.31822e-32,-1.12121e-32,-2.33749e-29,-5.20091e-28,-1.04433e-30,-3.18429e-29,-1.52745e-29,-3.70456e-27,-8.07920e-26,-1.68480e-28,-5.10483e-27,-2.39777e-27
0.00000e+00,0.00000e+00,0.00000e+00,0.00000e+00,0.00000e+00,-1.12121e-32,-2.61918e-31,-4.78167e-34,-1.70931e-32,-5.54427e-33,-1.52745e-29,-3.37974e-28,-6.85726e-31,-2.33749e-29,-7.53120e-30,-2.39777e-27,-5.19327e-26,-1.09704e-28,-3.70456e-27,-1.17471e-27
0.00000e+00,0.00000e+00,0.00000e+00,0.00000e+00,0.00000e+00,-5.54427e-33,-1.29086e-31,-2.37131e-34,-1.12121e-32,-6.73207e-36,-7.53120e-30,-1.66027e-28,-3.39185e-31,-1.52745e-29,-1.95755e-33,-1.17471e-27,-2.53259e-26,-5.39612e-29,-2.39777e-27,-1.80042e-31
0.00000e+00,0.00000e+00,0.00000e+00,0.00000e+00,0.00000e+00,-6.73207e-36,-1.46916e-34,-3.04107e-37,-5.54427e-33,5.53098e-33,-1.95755e-33,-3.85066e-32,-9.77278e-35,-7.53120e-30,7.52737e-30,-1.80042e-31,-3.38734e-30,-9.42585e-33,-1.17471e-27,1.17436e-27
0.00000e+00,0.00000e+00,0.00000e+00,0.00000e+00,0.00000e+00,5.53098e-33,1.28796e-31,2.36531e-34,-6.73207e-36,1.11994e-32,7.52737e-30,1.65951e-28,3.38994e-31,-1.95755e-33,1.52709e-29,1.17436e-27,2.53193e-26,5.39428e-29,-1.80042e-31,2.39744e-27
0.00000e+00,0.00000e+00,0.00000e+00,0.00000e+00,0.00000e+00,1.11994e-32,2.61640e-31,4.77596e-34,5.53098e-33,1.70816e-32,1.52709e-29,3.37904e-28,6.85549e-31,7.52737e-30,2.33718e-29,2.39744e-27,5.19265e-26,1.09687e-28,1.17436e-27,3.70427e-27
0.00000e+00,0.00000e+00,0.00000e+00,0.00000e+00,0.00000e+00,1.70816e-32,4.01042e-31,7.25315e-34,1.11994e-32,2.31728e-32,2.33718e-29,5.20029e-28,1.04418e-30,1.52709e-29,3.18405e-29,3.70427e-27,8.07865e-26,1.68465e-28,2.39744e-27,5.10461e-27
0.00000e+00,0.00000e+00,0.00000e+00,0.00000e+00,0.00000e+00,2.31728e-32,5.47337e-31,9.78800e-34,1.70816e-32,2.93534e-32,3.18405e-29,7.13236e-28,1.41423e-30,2.33718e-29,4.05128e-29,5.10461e-27,1.12255e-25,2.30474e-28,3.70427e-27,6.57323e-27
0.00000e+00,0.00000e+00,0.00000e+00,0.00000e+00,0.00000e+00,2.93534e-32,6.97796e-31,1.23290e-33,2.31728e-32,3.53835e-32,4.05128e-29,9.14016e-28,1.78818e-30,3.18405e-29,4.90379e-29,6.57323e-27,1.45828e-25,2.94505e-28,5.10461e-27,8.04479e-27
0.00000e+00,0.00000e+00,0.00000e+00,0.00000e+00,0.00000e+00,3.53835e-32,8.46407e-31,1.47805e-33,2.93534e-32,4.09215e-32,4.90379e-29,1.11404e-27,2.15135e-30,4.05128e-29,5.69048e-29,8.04479e-27,1.79994e-25,3.57762e-28,6.57323e-27,9.41428e-27
0.00000e+00,0.00000e+00,0.00000e+00,0.00000e+00,0.00000e+00,4.09215e-32,9.84325e-31,1.70104e-33,3.53835e-32,4.55692e-32,5.69048e-29,1.30073e-27,2.48300e-30,4.90379e-29,6.35089e-29,9.41428e-27,2.12225e-25,4.15905e-28,8.04479e-27,1.05421e-26
0.00000e+00,0.00000e+00,0.00000e+00,0.00000e+00,0.00000e+00,4.55692e-32,1.10103e-30,1.88678e-33,4.09215e-32,4.89355e-32,6.35089e-29,1.45889e-27,2.75911e-30,5.69048e-29,6.81707e-29,1.05421e-26,2.39095e-25,4.63249e-28,9.41428e-27,1.12209e-26
0.00000e+00,0.00000e+00,0.00000e+00,0.00000e+00,0.00000e+00,4.89355e-32,1.18607e-30,2.02057e-33,4.55692e-32,5.02521e-32,6.81707e-29,1.57127e-27,2.95285e-30,6.35089e-29,6.98299e-29,1.12209e-26,2.55566e-25,4.91244e-28,1.05421e-26,1.13581e-26
0.00000e+00,0.00000e+00,0.00000e+00,0.00000e+00,0.00000e+00,-2.01970e-33,-4.89161e-32,-8.34493e-35,-2.07171e-33,-1.88625e-33,-2.95262e-30,-6.81660e-29,-1.27703e-31,-3.02124e-30,-2.75895e-30,-4.91222e-28,-1.12204e-26,-2.14506e-29,-4.96531e-28,-4.63233e-28
0.00000e+00,0.00000e+00,0.00000e+00,0.00000e+00,0.00000e+00,-1.88625e-33,-4.55576e-32,-7.81273e-35,-2.01970e-33,-1.70084e-33,-2.75895e-30,-6.35055e-29,-1.19641e-31,-2.95262e-30,-2.48292e-30,-4.63233e-28,-1.05418e-26,-2.02950e-29,-4.91222e-28,-4.15897e-28
0.00000e+00,0.00000e+00,0.00000e+00,0.00000e+00,0.00000e+00,-1.70084e-33,-4.09170e-32,-7.06948e-35,-1.88625e-33,-1.47811e-33,-2.48292e-30,-5.69032e-29,-1.08087e-31,-2.75895e-30,-2.15134e-30,-4.15897e-28,-9.41413e-27,-1.83073e-29,-4.63233e-28,-3.57761e-28
0.00000e+00,0.00000e+00,0.00000e+00,0.00000e+00,0.00000e+00,-1.47811e-33,-3.53850e-32,-6.17033e-35,-1.70084e-33,-1.23317e-33,-2.15134e-30,-4.90379e-29,-9.41005e-32,-2.48292e-30,-1.78825e-30,-3.57761e-28,-8.04478e-27,-1.58403e-29,-4.15897e-28,-2.94511e-28
0.00000e+00,0.00000e+00,0.00000e+00,0.00000e+00,0.00000e+00,-1.23317e-33,-2.93596e-32,-5.17279e-35,-1.47811e-33,-9.79217e-34,-1.78825e-30,-4.05141e-29,-7.86382e-32,-2.15134e-30,-1.41434e-30,-2.94511e-28,-6.57335e-27,-1.31256e-29,-3.57761e-28,-2.30485e-28
0.00000e+00,0.00000e+00,0.00000e+00,0.00000e+00,0.00000e+00,-9.79217e-34,-2.31822e-32,-4.12793e-35,-1.23317e-33,-7.25829e-34,-1.41434e-30,-3.18429e-29,-6.25383e-32,-1.78825e-30,-1.04433e-30,-2.30485e-28,-5.10483e-27,-1.03418e-29,-2.94511e-28,-1.68480e-28
0.00000e+00,0.00000e+00,0.00000e+00,0.00000e+00,0.00000e+00,-7.25829e-34,-1.70931e-32,-3.07388e-35,-9.79217e-34,-4.78167e-34,-1.04433e-30,-2.33749e-29,-4.64145e-32,-1.41434e-30,-6.85726e-31,-1.68480e-28,-3.70456e-27,-7.60763e-30,-2.30485e-28,-1.09704e-28
0.00000e+00,0.00000e+00,0.00000e+00,0.00000e+00,0.00000e+00,-4.78167e-34,-1.12121e-32,-2.03269e-35,-7.25829e-34,-2.37131e-34,-6.85726e-31,-1.52745e-29,-3.06046e-32,-1.04433e-30,-3.39185e-31,-1.09704e-28,-2.39777e-27,-4.97959e-30,-1.68480e-28,-5.39612e-29
0.00000e+00,0.00000e+00,0.00000e+00,0.00000e+00,0.00000e+00,-2.37131e-34,-5.54427e-33,-1.01057e-35,-4.78167e-34,-3.04107e-37,-3.39185e-31,-7.53120e-30,-1.51802e-32,-6.85726e-31,-9.77278e-35,-5.39612e-29,-1.17471e-27,-2.45785e-30,-1.09704e-28,-9.42585e-33
0.00000e+00,0.00000e+00,0.00000e+00,0.00000e+00,0.00000e+00,-3.04107e-37,-6.73207e-36,-1.36364e-38,-2.37131e-34,2.36531e-34,-9.77278e-35,-1.95755e-33,-4.79659e-36,-3.39185e-31,3.38994e-31,-9.42585e-33,-1.80042e-31,-4.85656e-34,-5.39612e-29,5.39428e-29
0.00000e+00,0.00000e+00,0.00000e+00,0.00000e+00,0.00000e+00,2.36531e-34,5.53098e-33,1.00788e-35,-3.04107e-37,4.77596e-34,3.38994e-31,7.52737e-30,1.51708e-32,-9.77278e-35,6.85549e-31,5.39428e-29,1.17436e-27,2.45690e-30,-9.42585e-33,1.09687e-28
0.00000e+00,0.00000e+00,0.00000e+00,0.00000e+00,0.00000e+00,4.77596e-34,1.11994e-32,2.03014e-35,2.36531e-34,7.25315e-34,6.85549e-31,1.52709e-29,3.05960e-32,3.38994e-31,1.04418e-30,1.09687e-28,2.39744e-27,4.97871e-30,5.39428e-29,1.68465e-28
0.00000e+00,0.00000e+00,0.00000e+00,0.00000e+00,0.00000e+00,7.25315e-34,1.70816e-32,3.07160e-35,4.77596e-34,9.78800e-34,1.04418e-30,2.33718e-29,4.64071e-32,6.85549e-31,1.41423e-30,1.68465e-28,3.70427e-27,7.60689e-30,1.09687e-28,2.30474e-28
0.00000e+00,0.00000e+00,0.00000e+00,0.00000e+00,0.00000e+00,9.78800e-34,2.31728e-32,4.12609e-35,7.25315e-34,1.23290e-33,1.41423e-30,3.18405e-29,6.25328e-32,1.04418e-30,1.78818e-30,2.30474e-28,5.10461e-27,1.03412e-29,1.68465e-28,2.94505e-28
0.00000e+00,0.00000e+00,0.00000e+00,0.00000e+00,0.00000e+00,1.23290e-33,2.93534e-32,5.17162e-35,9.78800e-34,1.47805e-33,1.78818e-30,4.05128e-29,7.86353e-32,1.41423e-30,2.15135e-30,2.94505e-28,6.57323e-27,1.31253e-29,2.30474e-28,3.57762e-28
0.00000e+00,0.00000e+00,0.00000e+00,0.00000e+00,0.00000e+00,1.47805e-33,3.53835e-32,6.17008e-35,1.23290e-33,1.70104e-33,2.15135e-30,4.90379e-29,9.41009e-32,1.78818e-30,2.48300e-30,3.57762e-28,8.04479e-27,1.58404e-29,2.94505e-28,4.15905e-28
0.00000e+00,0.00000e+00,0.00000e+00,0.00000e+00,0.00000e+00,1.70104e-33,4.09215e-32,7.07040e-35,1.47805e-33,1.88678e-33,2.48300e-30,5.69048e-29,1.08091e-31,2.15135e-30,2.75911e-30,4.15905e-28,9.41428e-27,1.83077e-29,3.57762e-28,4.63249e-28
0.00000e+00,0.00000e+00,0.00000e+00,0.00000e+00,0.00000e+00,1.88678e-33,4.55692e-32,7.81505e-35,1.70104e-33,2.02057e-33,2.75911e-30,6.35089e-29,1.19649e-31,2.48300e-30,2.95285e-30,4.63249e-28,1.05421e-26,2.02958e-29,4.15905e-28,4.91244e-28
0.00000e+00,0.00000e+00,0.00000e+00,0.00000e+00,0.00000e+00,2.02057e-33,4.89355e-32,8.34877e-35,1.88678e-33,2.07276e-33,2.95285e-30,6.81707e-29,1.27715e-31,2.75911e-30,3.02150e-30,4.91244e-28,1.12209e-26,2.14517e-29,4.63249e-28,4.96554e-28
0.00000e+00,0.00000e+00,0.00000e+00,0.00000e+00,0.00000e+00,-8.34493e-35,-2.01970e-33,-3.45005e-36,-8.55182e-35,-7.81273e-35,-1.27703e-31,-2.95262e-30,-5.51575e-33,-1.30549e-31,-1.19641e-31,-2.14506e-29,-4.91222e-28,-9.34568e-31,-2.16554e-29,-2.02950e-29
0.00000e+00,0.00000e+00,0.00000e+00,0.00000e+00,0.00000e+00,-7.81273e-35,-1.88625e-33,-3.23708e-36,-8.34493e-35,-7.06948e-35,-1.19641e-31,-2.75895e-30,-5.17954e-33,-1.27703e-31,-1.08087e-31,-2.02950e-29,-4.63233e-28,-8.86801e-31,-2.14506e-29,-1.83073e-29
0.00000e+00,0.00000e+00,0.00000e+00,0.00000e+00,0.00000e+00,-7.06948e-35,-1.70084e-33,-2.93823e-36,-7.81273e-35,-6.17033e-35,-1.08087e-31,-2.48292e-30,-4.69530e-33,-1.19641e-31,-9.41005e-32,-1.83073e-29,-4.15897e-28,-8.03290e-31,-2.02950e-29,-1.58403e-29
0.00000e+00,0.00000e+00,0.00000e+00,0.00000e+00,0.00000e+00,-6.17033e-35,-1.47811e-33,-2.57435e-36,-7.06948e-35,-5.17279e-35,-9.41005e-32,-2.15134e-30,-4.10499e-33,-1.08087e-31,-7.86382e-32,-1.58403e-29,-3.57761e-28,-6.98632e-31,-1.83073e-29,-1.31256e-29
0.00000e+00,0.00000e+00,0.00000e+00,0.00000e+00,0.00000e+00,-5.17279e-35,-1.23317e-33,-2.16738e-36,-6.17033e-35,-4.12793e-35,-7.86382e-32,-1.78825e-30,-3.44667e-33,-9.41005e-32,-6.25383e-32,-1.31256e-29,-2.94511e-28,-5.82250e-31,-1.58403e-29,-1.03418e-29
0.00000e+00,0.00000e+00,0.00000e+00,0.00000e+00,0.00000e+00,-4.12793e-35,-9.79217e-34,-1.73712e-36,-5.17279e-35,-3.07388e-35,-6.25383e-32,-1.41434e-30,-2.75426e-33,-7.86382e-32,-4.64145e-32,-1.03418e-29,-2.30485e-28,-4.61489e-31,-1.31256e-29,-7.60763e-30
0.00000e+00,0.00000e+00,0.00000e+00,0.00000e+00,0.00000e+00,-3.07388e-35,-7.25829e-34,-1.29878e-36,-4.12793e-35,-2.03269e-35,-4.64145e-32,-1.04433e-30,-2.05331e-33,-6.25383e-32,-3.06046e-32,-7.60763e-30,-1.68480e-28,-3.41366e-31,-1.03418e-29,-4.97959e-30
0.00000e+00,0.00000e+00,0.00000e+00,0.00000e+00,0.00000e+00,-2.03269e-35,-4.78167e-34,-8.61685e-37,-3.07388e-35,-1.01057e-35,-3.06046e-32,-6.85726e-31,-1.35887e-33,-4.64145e-32,-1.51802e-32,-4.97959e-30,-1.09704e-28,-2.24461e-31,-7.60763e-30,-2.45785e-30
0.00000e+00,0.00000e+00,0.00000e+00,0.00000e+00,0.00000e+00,-1.01057e-35,-2.37131e-34,-4.29333e-37,-2.03269e-35,-1.36364e-38,-1.51802e-32,-3.39185e-31,-6.75639e-34,-3.06046e-32,-4.79659e-36,-2.45785e-30,-5.39612e-29,-1.11124e-31,-4.97959e-30,-4.85656e-34
0.00000e+00,0.00000e+00,0.00000e+00,0.00000e+00,0.00000e+00,-1.36364e-38,-3.04107e-37,-6.11561e-40,-1.01057e-35,1.00788e-35,-4.79659e-36,-9.77278e-35,-2.31858e-37,-1.51802e-32,1.51708e-32,-4.85656e-34,-9.42585e-33,-2.46176e-35,-2.45785e-30,2.45690e-30
0.00000e+00,0.00000e+00,0.00000e+00,0.00000e+00,0.00000e+00,1.00788e-35,2.36531e-34,4.28130e-37,-1.36364e-38,2.03014e-35,1.51708e-32,3.38994e-31,6.75187e-34,-4.79659e-36,3.05960e-32,2.45690e-30,5.39428e-29,1.11076e-31,-4.85656e-34,4.97871e-30
0.00000e+00,0.00000e+00,0.00000e+00,0.00000e+00,0.00000e+00,2.03014e-35,4.77596e-34,8.60549e-37,1.00788e-35,3.07160e-35,3.05960e-32,6.85549e-31,1.35845e-33,1.51708e-32,4.64071e-32,4.97871e-30,1.09687e-28,2.24417e-31,2.45690e-30,7.60689e-30
0.00000e+00,0.00000e+00,0.00000e+00,0.00000e+00,0.00000e+00,3.07160e-35,7.25315e-34,1.29777e-36,2.03014e-35,4.12609e-35,4.64071e-32,1.04418e-30,2.05296e-33,3.05960e-32,6.25328e-32,7.60689e-30,1.68465e-28,3.41329e-31,4.97871e-30,1.03412e-29
0.00000e+00,0.00000e+00,0.00000e+00,0.00000e+00,0.00000e+00,4.12609e-35,9.78800e-34,1.73632e-36,3.07160e-35,5.17162e-35,6.25328e-32,1.41423e-30,2.75400e-33,4.64071e-32,7.86353e-32,1.03412e-29,2.30474e-28,4.61462e-31,7.60689e-30,1.31253e-29
0.00000e+00,0.00000e+00,0.00000e+00,0.00000e+00,0.00000e+00,5.17162e-35,1.23290e-33,2.16687e-36,4.12609e-35,6.17008e-35,7.86353e-32,1.78818e-30,3.44654e-33,6.25328e-32,9.41009e-32,1.31253e-29,2.94505e-28,5.82236e-31,1.03412e-29,1.58404e-29
0.00000e+00,0.00000e+00,0.00000e+00,0.00000e+00,0.00000e+00,6.17008e-35,1.47805e-33,2.57425e-36,5.17162e-35,7.07040e-35,9.41009e-32,2.15135e-30,4.10502e-33,7.86353e-32,1.08091e-31,1.58404e-29,3.57762e-28,6.98636e-31,1.31253e-29,1.83077e-29
0.00000e+00,0.00000e+00,0.00000e+00,0.00000e+00,0.00000e+00,7.07040e-35,1.70104e-33,2.93865e-36,6.17008e-35,7.81505e-35,1.08091e-31,2.48300e-30,4.69550e-33,9.41009e-32,1.19649e-31,1.83077e-29,4.15905e-28,8.03312e-31,1.58404e-29,2.02958e-29
0.00000e+00,0.00000e+00,0.00000e+00,0.00000e+00,0.00000e+00,7.81505e-35,1.88678e-33,3.23810e-36,7.07040e-35,8.34877e-35,1.19649e-31,2.75911e-30,5.17993e-33,1.08091e-31,1.27715e-31,2.02958e-29,4.63249e-28,8.86841e-31,1.83077e-29,2.14517e-29
0.00000e+00,0.00000e+00,0.00000e+00,0.00000e+00,0.00000e+00,8.34877e-35,2.02057e-33,3.45175e-36,7.81505e-35,8.55644e-35,1.27715e-31,2.95285e-30,5.51628e-33,1.19649e-31,1.30562e-31,2.14517e-29,4.91244e-28,9.34623e-31,2.02958e-29,2.16566e-29
0.00000e+00,0.00000e+00,0.00000e+00,0.00000e+00,0.00000e+00,-3.45005e-36,-8.34493e-35,-1.42713e-37,-3.53264e-36,-3.23708e-36,-5.51575e-33,-1.27703e-31,-2.37934e-34,-5.63401e-33,-5.17954e-33,-9.34568e-31,-2.14506e-29,-4.06345e-32,-9.42454e-31,-8.86801e-31
0.00000e+00,0.00000e+00,0.00000e+00,0.00000e+00,0.00000e+00,-3.23708e-36,-7.81273e-35,-1.34164e-37,-3.45005e-36,-2.93823e-36,-5.17954e-33,-1.19641e-31,-2.23892e-34,-5.51575e-33,-4.69530e-33,-8.86801e-31,-2.02950e-29,-3.86573e-32,-9.34568e-31,-8.03290e-31
0.00000e+00,0.00000e+00,0.00000e+00,0.00000e+00,0.00000e+00,-2.93823e-36,-7.06948e-35,-1.22114e-37,-3.23708e-36,-2.57435e-36,-4.69530e-33,-1.08087e-31,-2.03573e-34,-5.17954e-33,-4.10499e-33,-8.03290e-31,-1.83073e-29,-3.51465e-32,-8.86801e-31,-6.98632e-31
0.00000e+00,0.00000e+00,0.00000e+00,0.00000e+00,0.00000e+00,-2.57435e-36,-6.17033e-35,-1.07353e-37,-2.93823e-36,-2.16738e-36,-4.10499e-33,-9.41005e-32,-1.78643e-34,-4.69530e-33,-3.44667e-33,-6.98632e-31,-1.58403e-29,-3.07068e-32,-8.03290e-31,-5.82250e-31
0.00000e+00,0.00000e+00,0.00000e+00,0.00000e+00,0.00000e+00,-2.16738e-36,-5.17279e-35,-9.07228e-38,-2.57435e-36,-1.73712e-36,-3.44667e-33,-7.86382e-32,-1.50617e-34,-4.10499e-33,-2.75426e-33,-5.82250e-31,-1.31256e-29,-2.57220e-32,-6.98632e-31,-4.61489e-31
0.00000e+00,0.00000e+00,0.00000e+00,0.00000e+00,0.00000e+00,-1.73712e-36,-4.12793e-35,-7.29918e-38,-2.16738e-36,-1.29878e-36,-2.75426e-33,-6.25383e-32,-1.20870e-34,-3.44667e-33,-2.05331e-33,-4.61489e-31,-1.03418e-29,-2.04936e-32,-5.82250e-31,-3.41366e-31
0.00000e+00,0.00000e+00,0.00000e+00,0.00000e+00,0.00000e+00,-1.29878e-36,-3.07388e-35,-5.47665e-38,-1.73712e-36,-8.61685e-37,-2.05331e-33,-4.64145e-32,-9.04627e-35,-2.75426e-33,-1.35887e-33,-3.41366e-31,-7.60763e-30,-1.52329e-32,-4.61489e-31,-2.24461e-31
0.00000e+00,0.00000e+00,0.00000e+00,0.00000e+00,0.00000e+00,-8.61685e-37,-2.03269e-35,-3.64399e-38,-1.29878e-36,-4.29333e-37,-1.35887e-33,-3.06046e-32,-6.00588e-35,-2.05331e-33,-6.75639e-34,-2.24461e-31,-4.97959e-30,-1.00560e-32,-3.41366e-31,-1.11124e-31
0.00000e+00,0.00000e+00,0.00000e+00,0.00000e+00,0.00000e+00,-4.29333e-37,-1.01057e-35,-1.81910e-38,-8.61685e-37,-6.11561e-40,-6.75639e-34,-1.51802e-32,-2.99244e-35,-1.35887e-33,-2.31858e-37,-1.11124e-31,-2.45785e-30,-4.99152e-33,-2.24461e-31,-2.46176e-35
0.00000e+00,0.00000e+00,0.00000e+00,0.00000e+00,0.00000e+00,-6.11561e-40,-1.36364e-38,-2.76310e-41,-4.29333e-37,4.28130e-37,-2.31858e-37,-4.79659e-36,-1.10634e-38,-6.75639e-34,6.75187e-34,-2.46176e-35,-4.85656e-34,-1.22796e-36,-1.11124e-31,1.11076e-31
0.00000e+00,0.00000e+00,0.00000e+00,0.00000e+00,0.00000e+00,4.28130e-37,1.00788e-35,1.81368e-38,-6.11561e-40,8.60549e-37,6.75187e-34,1.51708e-32,2.99029e-35,-2.31858e-37,1.35845e-33,1.11076e-31,2.45690e-30,4.98913e-33,-2.46176e-35,2.24417e-31
0.00000e+00,0.00000e+00,0.00000e+00,0.00000e+00,0.00000e+00,8.60549e-37,2.03014e-35,3.63889e-38,4.28130e-37,1.29777e-36,1.35845e-33,3.05960e-32,6.00390e-35,6.75187e-34,2.05296e-33,2.24417e-31,4.97871e-30,1.00538e-32,1.11076e-31,3.41329e-31
0.00000e+00,0.00000e+00,0.00000e+00,0.00000e+00,0.00000e+00,1.29777e-36,3.07160e-35,5.47215e-38,8.60549e-37,1.73632e-36,2.05296e-33,4.64071e-32,9.04460e-35,1.35845e-33,2.75400e-33,3.41329e-31,7.60689e-30,1.52311e-32,2.24417e-31,4.61462e-31
0.00000e+00,0.00000e+00,0.00000e+00,0.00000e+00,0.00000e+00,1.73632e-36,4.12609e-35,7.29562e-38,1.29777e-36,2.16687e-36,2.75400e-33,6.25328e-32,1.20858e-34,2.05296e-33,3.44654e-33,4.61462e-31,1.03412e-29,2.04923e-32,3.41329e-31,5.82236e-31
0.00000e+00,0.00000e+00,0.00000e+00,0.00000e+00,0.00000e+00,2.16687e-36,5.17162e-35,9.07007e-38,1.73632e-36,2.57425e-36,3.44654e-33,7.86353e-32,1.50611e-34,2.75400e-33,4.10502e-33,5.82236e-31,1.31253e-29,2.57213e-32,4.61462e-31,6.98636e-31
0.00000e+00,0.00000e+00,0.00000e+00,0.00000e+00,0.00000e+00,2.57425e-36,6.17008e-35,1.07349e-37,2.16687e-36,2.93865e-36,4.10502e-33,9.41009e-32,1.78644e-34,3.44654e-33,4.69550e-33,6.98636e-31,1.58404e-29,3.07070e-32,5.82236e-31,8.03312e-31
0.00000e+00,0.00000e+00,0.00000e+00,0.00000e+00,0.00000e+00,2.93865e-36,7.07040e-35,1.22132e-37,2.57425e-36,3.23810e-36,4.69550e-33,1.08091e-31,2.03582e-34,4.10502e-33,5.17993e-33,8.03312e-31,1.83077e-29,3.51476e-32,6.98636e-31,8.86841e-31
0.00000e+00,0.00000e+00,0.00000e+00,0.00000e+00,0.00000e+00,3.23810e-36,7.81505e-35,1.34209e-37,2.93865e-36,3.45175e-36,5.17993e-33,1.19649e-31,2.23910e-34,4.69550e-33,5.51628e-33,8.86841e-31,2.02958e-29,3.86593e-32,8.03312e-31,9.34623e-31
0.00000e+00,0.00000e+00,0.00000e+00,0.00000e+00,0.00000e+00,3.45175e-36,8.34877e-35,1.42789e-37,3.23810e-36,3.53468e-36,5.51628e-33,1.27715e-31,2.37960e-34,5.17993e-33,5.63461e-33,9.34623e-31,2.14517e-29,4.06371e-32,8.86841e-31,9.42514e-31
0.00000e+00,0.00000e+00,0.00000e+00,0.00000e+00,0.00000e+00,-1.42713e-37,-3.45005e-36,-5.90626e-39,-1.46021e-37,-1.34164e-37,-2.37934e-34,-5.51575e-33,-1.02518e-35,-2.42859e-34,-2.23892e-34,-4.06345e-32,-9.34568e-31,-1.76349e-33,-4.09373e-32,-3.86573e-32
0.00000e+00,0.00000e+00,0.00000e+00,0.00000e+00,0.00000e+00,-1.34164e-37,-3.23708e-36,-5.56205e-39,-1.42713e-37,-1.22114e-37,-2.23892e-34,-5.17954e-33,-9.66432e-36,-2.37934e-34,-2.03573e-34,-3.86573e-32,-8.86801e-31,-1.68154e-33,-4.06345e-32,-3.51465e-32
0.00000e+00,0.00000e+00,0.00000e+00,0.00000e+00,0.00000e+00,-1.22114e-37,-2.93823e-36,-5.07490e-39,-1.34164e-37,-1.07353e-37,-2.03573e-34,-4.69530e-33,-8.81076e-36,-2.23892e-34,-1.78643e-34,-3.51465e-32,-8.03290e-31,-1.53384e-33,-3.86573e-32,-3.07068e-32
0.00000e+00,0.00000e+00,0.00000e+00,0.00000e+00,0.00000e+00,-1.07353e-37,-2.57435e-36,-4.47488e-39,-1.22114e-37,-9.07228e-38,-1.78643e-34,-4.10499e-33,-7.75726e-36,-2.03573e-34,-1.50617e-34,-3.07068e-32,-6.98632e-31,-1.34549e-33,-3.51465e-32,-2.57220e-32
0.00000e+00,0.00000e+00,0.00000e+00,0.00000e+00,0.00000e+00,-9.07228e-38,-2.16738e-36,-3.79425e-39,-1.07353e-37,-7.29918e-38,-1.50617e-34,-3.44667e-33,-6.56429e-36,-1.78643e-34,-1.20870e-34,-2.57220e-32,-5.82250e-31,-1.13214e-33,-3.07068e-32,-2.04936e-32
0.00000e+00,0.00000e+00,0.00000e+00,0.00000e+00,0.00000e+00,-7.29918e-38,-1.73712e-36,-3.06300e-39,-9.07228e-38,-5.47665e-38,-1.20870e-34,-2.75426e-33,-5.28747e-36,-1.50617e-34,-9.04627e-35,-2.04936e-32,-4.61489e-31,-9.06157e-34,-2.57220e-32,-1.52329e-32
0.00000e+00,0.00000e+00,0.00000e+00,0.00000e+00,0.00000e+00,-5.47665e-38,-1.29878e-36,-2.30535e-39,-7.29918e-38,-3.64399e-38,-9.04627e-35,-2.05331e-33,-3.97091e-36,-1.20870e-34,-6.00588e-35,-1.52329e-32,-3.41366e-31,-6.76414e-34,-2.04936e-32,-1.00560e-32
0.00000e+00,0.00000e+00,0.00000e+00,0.00000e+00,0.00000e+00,-3.64399e-38,-8.61685e-37,-1.53779e-39,-5.47665e-38,-1.81910e-38,-6.00588e-35,-1.35887e-33,-2.64367e-36,-9.04627e-35,-2.99244e-35,-1.00560e-32,-2.24461e-31,-4.48085e-34,-1.52329e-32,-4.99152e-33
0.00000e+00,0.00000e+00,0.00000e+00,0.00000e+00,0.00000e+00,-1.81910e-38,-4.29333e-37,-7.68977e-40,-3.64399e-38,-2.76310e-41,-2.99244e-35,-6.75639e-34,-1.31963e-36,-6.00588e-35,-1.10634e-38,-4.99152e-33,-1.11124e-31,-2.22925e-34,-1.00560e-32,-1.22796e-36
0.00000e+00,0.00000e+00,0.00000e+00,0.00000e+00,0.00000e+00,-2.76310e-41,-6.11561e-40,-1.26486e-42,-1.81910e-38,1.81368e-38,-1.10634e-38,-2.31858e-37,-5.22535e-40,-2.99244e-35,2.99029e-35,-1.22796e-36,-2.46176e-35,-6.03288e-38,-4.99152e-33,4.98913e-33
0.00000e+00,0.00000e+00,0.00000e+00,0.00000e+00,0.00000e+00,1.81368e-38,4.28130e-37,7.66499e-40,-2.76310e-41,3.63889e-38,2.99029e-35,6.75187e-34,1.31861e-36,-1.10634e-38,6.00390e-35,4.98913e-33,1.11076e-31,2.22807e-34,-1.22796e-36,1.00538e-32
0.00000e+00,0.00000e+00,0.00000e+00,0.00000e+00,0.00000e+00,3.63889e-38,8.60549e-37,1.53547e-39,1.81368e-38,5.47215e-38,6.00390e-35,1.35845e-33,2.64274e-36,2.99029e-35,9.04460e-35,1.00538e-32,2.24417e-31,4.47978e-34,4.98913e-33,1.52311e-32
0.00000e+00,0.00000e+00,0.00000e+00,0.00000e+00,0.00000e+00,5.47215e-38,1.29777e-36,2.30332e-39,3.63889e-38,7.29562e-38,9.04460e-35,2.05296e-33,3.97013e-36,6.00390e-35,1.20858e-34,1.52311e-32,3.41329e-31,6.76325e-34,1.00538e-32,2.04923e-32
0.00000e+00,0.00000e+00,0.00000e+00,0.00000e+00,0.00000e+00,7.29562e-38,1.73632e-36,3.06141e-39,5.47215e-38,9.07007e-38,1.20858e-34,2.75400e-33,5.28690e-36,9.04460e-35,1.50611e-34,2.04923e-32,4.61462e-31,9.06093e-34,1.52311e-32,2.57213e-32
0.00000e+00,0.00000e+00,0.00000e+00,0.00000e+00,0.00000e+00,9.07007e-38,2.16687e-36,3.79327e-39,7.29562e-38,1.07349e-37,1.50611e-34,3.44654e-33,6.56402e-36,1.20858e-34,1.78644e-34,2.57213e-32,5.82236e-31,1.13211e-33,2.04923e-32,3.07070e-32
0.00000e+00,0.00000e+00,0.00000e+00,0.00000e+00,0.00000e+00,1.07349e-37,2.57425e-36,4.47472e-39,9.07007e-38,1.22132e-37,1.78644e-34,4.10502e-33,7.75733e-36,1.50611e-34,2.03582e-34,3.07070e-32,6.98636e-31,1.34550e-33,2.57213e-32,3.51476e-32
0.00000e+00,0.00000e+00,0.00000e+00,0.00000e+00,0.00000e+00,1.22132e-37,2.93865e-36,5.07576e-39,1.07349e-37,1.34209e-37,2.03582e-34,4.69550e-33,8.81122e-36,1.78644e-34,2.23910e-34,3.51476e-32,8.03312e-31,1.53389e-33,3.07070e-32,3.86593e-32
0.00000e+00,0.00000e+00,0.00000e+00,0.00000e+00,0.00000e+00,1.34209e-37,3.23810e-36,5.56411e-39,1.22132e-37,1.42789e-37,2.23910e-34,5.17993e-33,9.66517e-36,2.03582e-34,2.37960e-34,3.86593e-32,8.86841e-31,1.68163e-33,3.51476e-32,4.06371e-32
0.00000e+00,0.00000e+00,0.00000e+00,0.00000e+00,0.00000e+00,1.42789e-37,3.45175e-36,5.90965e-39,1.34209e-37,1.46112e-37,2.37960e-34,5.51628e-33,1.02529e-35,2.23910e-34,2.42887e-34,4.06371e-32,9.34623e-31,1.76362e-33,3.86593e-32,4.09402e-32
0.00000e+00,0.00000e+00,0.00000e+00,0.00000e+00,0.00000e+00,-5.90626e-39,-1.42713e-37,-2.44537e-40,-6.03916e-39,-5.56205e-39,-1.02518e-35,-2.37934e-34,-4.41227e-37,-1.04572e-35,-9.66432e-36,-1.76349e-33,-4.06345e-32,-7.64043e-35,-1.77509e-33,-1.68154e-33
0.00000e+00,0.00000e+00,0.00000e+00,0.00000e+00,0.00000e+00,-5.56205e-39,-1.34164e-37,-2.30642e-40,-5.90626e-39,-5.07490e-39,-9.66432e-36,-2.23892e-34,-4.16616e-37,-1.02518e-35,-8.81076e-36,-1.68154e-33,-3.86573e-32,-7.30024e-35,-1.76349e-33,-1.53384e-33
0.00000e+00,0.00000e+00,0.00000e+00,0.00000e+00,0.00000e+00,-5.07490e-39,-1.22114e-37,-2.10901e-40,-5.56205e-39,-4.47488e-39,-8.81076e-36,-2.03573e-34,-3.80721e-37,-9.66432e-36,-7.75726e-36,-1.53384e-33,-3.51465e-32,-6.67841e-35,-1.68154e-33,-1.34549e-33
0.00000e+00,0.00000e+00,0.00000e+00,0.00000e+00,0.00000e+00,-4.47488e-39,-1.07353e-37,-1.86461e-40,-5.07490e-39,-3.79425e-39,-7.75726e-36,-1.78643e-34,-3.36176e-37,-8.81076e-36,-6.56429e-36,-1.34549e-33,-3.07068e-32,-5.87925e-35,-1.53384e-33,-1.13214e-33
0.00000e+00,0.00000e+00,0.00000e+00,0.00000e+00,0.00000e+00,-3.79425e-39,-9.07228e-38,-1.58565e-40,-4.47488e-39,-3.06300e-39,-6.56429e-36,-1.50617e-34,-2.85398e-37,-7.75726e-36,-5.28747e-36,-1.13214e-33,-2.57220e-32,-4.96662e-35,-1.34549e-33,-9.06157e-34
0.00000e+00,0.00000e+00,0.00000e+00,0.00000e+00,0.00000e+00,-3.06300e-39,-7.29918e-38,-1.28387e-40,-3.79425e-39,-2.30535e-39,-5.28747e-36,-1.20870e-34,-2.30639e-37,-6.56429e-36,-3.97091e-36,-9.06157e-34,-2.04936e-32,-3.99132e-35,-1.13214e-33,-6.76414e-34
0.00000e+00,0.00000e+00,0.00000e+00,0.00000e+00,0.00000e+00,-2.30535e-39,-5.47665e-38,-9.68942e-41,-3.06300e-39,-1.53779e-39,-3.97091e-36,-9.04627e-35,-1.73733e-37,-5.28747e-36,-2.64367e-36,-6.76414e-34,-1.52329e-32,-2.99050e-35,-9.06157e-34,-4.48085e-34
0.00000e+00,0.00000e+00,0.00000e+00,0.00000e+00,0.00000e+00,-1.53779e-39,-3.64399e-38,-6.47774e-41,-2.30535e-39,-7.68977e-40,-2.64367e-36,-6.00588e-35,-1.15947e-37,-3.97091e-36,-1.31963e-36,-4.48085e-34,-1.00560e-32,-1.98705e-35,-6.76414e-34,-2.22925e-34
0.00000e+00,0.00000e+00,0.00000e+00,0.00000e+00,0.00000e+00,-7.68977e-40,-1.81910e-38,-3.24414e-41,-1.53779e-39,-1.26486e-42,-1.31963e-36,-2.99244e-35,-5.79695e-38,-2.64367e-36,-5.22535e-40,-2.22925e-34,-4.99152e-33,-9.90539e-36,-4.48085e-34,-6.03288e-38
0.00000e+00,0.00000e+00,0.00000e+00,0.00000e+00,0.00000e+00,-1.26486e-42,-2.76310e-41,-5.88356e-44,-7.68977e-40,7.66499e-40,-5.22535e-40,-1.10634e-38,-2.45011e-41,-1.31963e-36,1.31861e-36,-6.03288e-38,-1.22796e-36,-2.92333e-39,-2.22925e-34,2.22807e-34
0.00000e+00,0.00000e+00,0.00000e+00,0.00000e+00,0.00000e+00,7.66499e-40,1.81368e-38,3.23263e-41,-1.26486e-42,1.53547e-39,1.31861e-36,2.99029e-35,5.79218e-38,-5.22535e-40,2.64274e-36,2.22807e-34,4.98913e-33,9.89971e-36,-6.03288e-38,4.47978e-34
0.00000e+00,0.00000e+00,0.00000e+00,0.00000e+00,0.00000e+00,1.53547e-39,3.63889e-38,6.46704e-41,7.66499e-40,2.30332e-39,2.64274e-36,6.00390e-35,1.15904e-37,1.31861e-36,3.97013e-36,4.47978e-34,1.00538e-32,1.98653e-35,2.22807e-34,6.76325e-34
0.00000e+00,0.00000e+00,0.00000e+00,0.00000e+00,0.00000e+00,2.30332e-39,5.47215e-38,9.68012e-41,1.53547e-39,3.06141e-39,3.97013e-36,9.04460e-35,1.73697e-37,2.64274e-36,5.28690e-36,6.76325e-34,1.52311e-32,2.99008e-35,4.47978e-34,9.06093e-34
0.00000e+00,0.00000e+00,0.00000e+00,0.00000e+00,0.00000e+00,3.06141e-39,7.29562e-38,1.28315e-40,2.30332e-39,3.79327e-39,5.28690e-36,1.20858e-34,2.30613e-37,3.97013e-36,6.56402e-36,9.06093e-34,2.04923e-32,3.99102e-35,6.76325e-34,1.13211e-33
0.00000e+00,0.00000e+00,0.00000e+00,0.00000e+00,0.00000e+00,3.79327e-39,9.07007e-38,1.58522e-40,3.06141e-39,4.47472e-39,6.56402e-36,1.50611e-34,2.85385e-37,5.28690e-36,7.75733e-36,1.13211e-33,2.57213e-32,4.96649e-35,9.06093e-34,1.34550e-33
0.00000e+00,0.00000e+00,0.00000e+00,0.00000e+00,0.00000e+00,4.47472e-39,1.07349e-37,1.86454e-40,3.79327e-39,5.07576e-39,7.75733e-36,1.78644e-34,3.36180e-37,6.56402e-36,8.81122e-36,1.34550e-33,3.07070e-32,5.87931e-35,1.13211e-33,1.53389e-33
0.00000e+00,0.00000e+00,0.00000e+00,0.00000e+00,0.00000e+00,5.07576e-39,1.22132e-37,2.10940e-40,4.47472e-39,5.56411e-39,8.81122e-36,2.03582e-34,3.80743e-37,7.75733e-36,9.66517e-36,1.53389e-33,3.51476e-32,6.67867e-35,1.34550e-33,1.68163e-33
0.00000e+00,0.00000e+00,0.00000e+00,0.00000e+00,0.00000e+00,5.56411e-39,1.34209e-37,2.30736e-40,5.07576e-39,5.90965e-39,9.66517e-36,2.23910e-34,4.16656e-37,8.81122e-36,1.02529e-35,1.68163e-33,3.86593e-32,7.30071e-35,1.53389e-33,1.76362e-33
0.00000e+00,0.00000e+00,0.00000e+00,0.00000e+00,0.00000e+00,5.90965e-39,1.42789e-37,2.44692e-40,5.56411e-39,6.04325e-39,1.02529e-35,2.37960e-34,4.41281e-37,9.66517e-36,1.04585e-35,1.76362e-33,4.06371e-32,7.64105e-35,1.68163e-33,1.77523e-33
0.00000e+00,0.00000e+00,0.00000e+00,0.00000e+00,0.00000e+00,-2.44537e-40,-5.90626e-39,-1.01284e-41,-2.49892e-40,-2.30642e-40,-4.41227e-37,-1.02518e-35,-1.89704e-38,-4.49814e-37,-4.16616e-37,-7.64043e-35,-1.76349e-33,-3.30514e-36,-7.68474e-35,-7.30024e-35
0.00000e+00,0.00000e+00,0.00000e+00,0.00000e+00,0.00000e+00,-2.30642e-40,-5.56205e-39,-9.56605e-42,-2.44537e-40,-2.10901e-40,-4.16616e-37,-9.66432e-36,-1.79379e-38,-4.41227e-37,-3.80721e-37,-7.30024e-35,-1.68154e-33,-3.16371e-36,-7.64043e-35,-6.67841e-35
0.00000e+00,0.00000e+00,0.00000e+00,0.00000e+00,0.00000e+00,-2.10901e-40,-5.07490e-39,-8.76427e-42,-2.30642e-40,-1.86461e-40,-3.80721e-37,-8.81076e-36,-1.64269e-38,-4.16616e-37,-3.36176e-37,-6.67841e-35,-1.53384e-33,-2.90171e-36,-7.30024e-35,-5.87925e-35
0.00000e+00,0.00000e+00,0.00000e+00,0.00000e+00,0.00000e+00,-1.86461e-40,-4.47488e-39,-7.76698e-42,-2.10901e-40,-1.58565e-40,-3.36176e-37,-7.75726e-36,-1.45424e-38,-3.80721e-37,-2.85398e-37,-5.87925e-35,-1.34549e-33,-2.56257e-36,-6.67841e-35,-4.96662e-35
0.00000e+00,0.00000e+00,0.00000e+00,0.00000e+00,0.00000e+00,-1.58565e-40,-3.79425e-39,-6.62224e-42,-1.86461e-40,-1.28387e-40,-2.85398e-37,-6.56429e-36,-1.23811e-38,-3.36176e-37,-2.30639e-37,-4.96662e-35,-1.13214e-33,-2.17238e-36,-5.87925e-35,-3.99132e-35
0.00000e+00,0.00000e+00,0.00000e+00,0.00000e+00,0.00000e+00,-1.28387e-40,-3.06300e-39,-5.37600e-42,-1.58565e-40,-9.68942e-41,-2.30639e-37,-5.28747e-36,-1.00345e-38,-2.85398e-37,-1.73733e-37,-3.99132e-35,-9.06157e-34,-1.75200e-36,-4.96662e-35,-2.99050e-35
0.00000e+00,0.00000e+00,0.00000e+00,0.00000e+00,0.00000e+00,-9.68942e-41,-2.30535e-39,-4.06708e-42,-1.28387e-40,-6.47774e-41,-1.73733e-37,-3.97091e-36,-7.57869e-39,-2.30639e-37,-1.15947e-37,-2.99050e-35,-6.76414e-34,-1.31699e-36,-3.99132e-35,-1.98705e-35
0.00000e+00,0.00000e+00,0.00000e+00,0.00000e+00,0.00000e+00,-6.47774e-41,-1.53779e-39,-2.72434e-42,-9.68942e-41,-3.24414e-41,-1.15947e-37,-2.64367e-36,-5.06874e-39,-1.73733e-37,-5.79695e-38,-1.98705e-35,-4.48085e-34,-8.77402e-37,-2.99050e-35,-9.90539e-36
0.00000e+00,0.00000e+00,0.00000e+00,0.00000e+00,0.00000e+00,-3.24414e-41,-7.68977e-40,-1.36625e-42,-6.47774e-41,-5.88356e-44,-5.79695e-38,-1.31963e-36,-2.53775e-39,-1.15947e-37,-2.45011e-41,-9.90539e-36,-2.22925e-34,-4.38145e-37,-1.98705e-35,-2.92333e-39
0.00000e+00,0.00000e+00,0.00000e+00,0.00000e+00,0.00000e+00,-5.88356e-44,-1.26486e-42,-2.77967e-45,-3.24414e-41,3.23263e-41,-2.45011e-41,-5.22535e-40,-1.14395e-42,-5.79695e-38,5.79218e-38,-2.92333e-39,-6.03288e-38,-1.39978e-40,-9.90539e-36,9.89971e-36
0.00000e+00,0.00000e+00,0.00000e+00,0.00000e+00,0.00000e+00,3.23263e-41,7.66499e-40,1.36082e-42,-5.88356e-44,6.46704e-41,5.79218e-38,1.31861e-36,2.53553e-39,-2.45011e-41,1.15904e-37,9.89971e-36,2.22807e-34,4.37874e-37,-2.92333e-39,1.98653e-35
0.00000e+00,0.00000e+00,0.00000e+00,0.00000e+00,0.00000e+00,6.46704e-41,1.53547e-39,2.71932e-42,3.23263e-41,9.68012e-41,1.15904e-37,2.64274e-36,5.06672e-39,5.79218e-38,1.73697e-37,1.98653e-35,4.47978e-34,8.77155e-37,9.89971e-36,2.99008e-35
0.00000e+00,0.00000e+00,0.00000e+00,0.00000e+00,0.00000e+00,9.68012e-41,2.30332e-39,4.06275e-42,6.46704e-41,1.28315e-40,1.73697e-37,3.97013e-36,7.57702e-39,1.15904e-37,2.30613e-37,2.99008e-35,6.76325e-34,1.31679e-36,1.98653e-35,3.99102e-35
0.00000e+00,0.00000e+00,0.00000e+00,0.00000e+00,0.00000e+00,1.28315e-40,3.06141e-39,5.37268e-42,9.68012e-41,1.58522e-40,2.30613e-37,5.28690e-36,1.00333e-38,1.73697e-37,2.85385e-37,3.99102e-35,9.06093e-34,1.75186e-36,2.99008e-35,4.96649e-35
0.00000e+00,0.00000e+00,0.00000e+00,0.00000e+00,0.00000e+00,1.58522e-40,3.79327e-39,6.62029e-42,1.28315e-40,1.86454e-40,2.85385e-37,6.56402e-36,1.23806e-38,2.30613e-37,3.36180e-37,4.96649e-35,1.13211e-33,2.17231e-36,3.99102e-35,5.87931e-35
0.00000e+00,0.00000e+00,0.00000e+00,0.00000e+00,0.00000e+00,1.86454e-40,4.47472e-39,7.76675e-42,1.58522e-40,2.10940e-40,3.36180e-37,7.75733e-36,1.45426e-38,2.85385e-37,3.80743e-37,5.87931e-35,1.34550e-33,2.56260e-36,4.96649e-35,6.67867e-35
0.00000e+00,0.00000e+00,0.00000e+00,0.00000e+00,0.00000e+00,2.10940e-40,5.07576e-39,8.76617e-42,1.86454e-40,2.30736e-40,3.80743e-37,8.81122e-36,1.64279e-38,3.36180e-37,4.16656e-37,6.67867e-35,1.53389e-33,2.90184e-36,5.87931e-35,7.30071e-35
0.00000e+00,0.00000e+00,0.00000e+00,0.00000e+00,0.00000e+00,2.30736e-40,5.56411e-39,9.57046e-42,2.10940e-40,2.44692e-40,4.16656e-37,9.66517e-36,1.79398e-38,3.80743e-37,4.41281e-37,7.30071e-35,1.68163e-33,3.16393e-36,6.67867e-35,7.64105e-35
0.00000e+00,0.00000e+00,0.00000e+00,0.00000e+00,0.00000e+00,2.44692e-40,5.90965e-39,1.01356e-41,2.30736e-40,2.50078e-40,4.41281e-37,1.02529e-35,1.89729e-38,4.16656e-37,4.49875e-37,7.64105e-35,1.76362e-33,3.30543e-36,7.30071e-35,7.68542e-35
0.00000e+00,0.00000e+00,0.00000e+00,0.00000e+00,0.00000e+00,-1.01284e-41,-2.44537e-40,-4.19641e-43,-1.03447e-41,-9.56605e-42,-1.89704e-38,-4.41227e-37,-8.14827e-40,-1.93299e-38,-1.79379e-38,-3.30514e-36,-7.64043e-35,-1.42771e-37,-3.32202e-36,-3.16371e-36
0.00000e+00,0.00000e+00,0.00000e+00,0.00000e+00,0.00000e+00,-9.56605e-42,-2.30642e-40,-3.96832e-43,-1.01284e-41,-8.76427e-42,-1.79379e-38,-4.16616e-37,-7.71463e-40,-1.89704e-38,-1.64269e-38,-3.16371e-36,-7.30024e-35,-1.36883e-37,-3.30514e-36,-2.90171e-36
0.00000e+00,0.00000e+00,0.00000e+00,0.00000e+00,0.00000e+00,-8.76427e-42,-2.10901e-40,-3.64202e-43,-9.56605e-42,-7.76698e-42,-1.64269e-38,-3.80721e-37,-7.07797e-40,-1.79379e-38,-1.45424e-38,-2.90171e-36,-6.67841e-35,-1.25836e-37,-3.16371e-36,-2.56257e-36
0.00000e+00,0.00000e+00,0.00000e+00,0.00000e+00,0.00000e+00,-7.76698e-42,-1.86461e-40,-3.23439e-43,-8.76427e-42,-6.62224e-42,-1.45424e-38,-3.36176e-37,-6.28033e-40,-1.64269e-38,-1.23811e-38,-2.56257e-36,-5.87925e-35,-1.11440e-37,-2.90171e-36,-2.17238e-36
0.00000e+00,0.00000e+00,0.00000e+00,0.00000e+00,0.00000e+00,-6.62224e-42,-1.58565e-40,-2.76407e-43,-7.76698e-42,-5.37600e-42,-1.23811e-38,-2.85398e-37,-5.36045e-40,-1.45424e-38,-1.00345e-38,-2.17238e-36,-4.96662e-35,-9.47646e-38,-2.56257e-36,-1.75200e-36
0.00000e+00,0.00000e+00,0.00000e+00,0.00000e+00,0.00000e+00,-5.37600e-42,-1.28387e-40,-2.24912e-43,-6.62224e-42,-4.06708e-42,-1.00345e-38,-2.30639e-37,-4.35554e-40,-1.23811e-38,-7.57869e-39,-1.75200e-36,-3.99132e-35,-7.66664e-38,-2.17238e-36,-1.31699e-36
0.00000e+00,0.00000e+00,0.00000e+00,0.00000e+00,0.00000e+00,-4.06708e-42,-9.68942e-41,-1.70515e-43,-5.37600e-42,-2.72434e-42,-7.57869e-39,-1.73733e-37,-3.29725e-40,-1.00345e-38,-5.06874e-39,-1.31699e-36,-2.99050e-35,-5.77966e-38,-1.75200e-36,-8.77402e-37
0.00000e+00,0.00000e+00,0.00000e+00,0.00000e+00,0.00000e+00,-2.72434e-42,-6.47774e-41,-1.14419e-43,-4.06708e-42,-1.36625e-42,-5.06874e-39,-1.15947e-37,-2.20939e-40,-7.57869e-39,-2.53775e-39,-8.77402e-37,-1.98705e-35,-3.85948e-38,-1.31699e-36,-4.38145e-37
0.00000e+00,0.00000e+00,0.00000e+00,0.00000e+00,0.00000e+00,-1.36625e-42,-3.24414e-41,-5.74520e-44,-2.72434e-42,-2.77967e-45,-2.53775e-39,-5.79695e-38,-1.10753e-40,-5.06874e-39,-1.14395e-42,-4.38145e-37,-9.90539e-36,-1.93024e-38,-8.77402e-37,-1.39978e-40
0.00000e+00,0.00000e+00,0.00000e+00,0.00000e+00,0.00000e+00,-2.77967e-45,-5.88356e-44,-1.32940e-46,-1.36625e-42,1.36082e-42,-1.14395e-42,-2.45011e-41,-5.33319e-44,-2.53775e-39,2.53553e-39,-1.39978e-40,-2.92333e-39,-6.63809e-42,-4.38145e-37,4.37874e-37
0.00000e+00,0.00000e+00,0.00000e+00,0.00000e+00,0.00000e+00,1.36082e-42,3.23263e-41,5.71929e-44,-2.77967e-45,2.71932e-42,2.53553e-39,5.79218e-38,1.10649e-40,-1.14395e-42,5.06672e-39,4.37874e-37,9.89971e-36,1.92895e-38,-1.39978e-40,8.77155e-37
0.00000e+00,0.00000e+00,0.00000e+00,0.00000e+00,0.00000e+00,2.71932e-42,6.46704e-41,1.14180e-43,1.36082e-42,4.06275e-42,5.06672e-39,1.15904e-37,2.20845e-40,2.53553e-39,7.57702e-39,8.77155e-37,1.98653e-35,3.85832e-38,4.37874e-37,1.31679e-36
0.00000e+00,0.00000e+00,0.00000e+00,0.00000e+00,0.00000e+00,4.06275e-42,9.68012e-41,1.70311e-43,2.71932e-42,5.37268e-42,7.57702e-39,1.73697e-37,3.29647e-40,5.06672e-39,1.00333e-38,1.31679e-36,2.99008e-35,5.77871e-38,8.77155e-37,1.75186e-36
0.00000e+00,0.00000e+00,0.00000e+00,0.00000e+00,0.00000e+00,5.37268e-42,1.28315e-40,2.24757e-43,4.06275e-42,6.62029e-42,1.00333e-38,2.30613e-37,4.35500e-40,7.57702e-39,1.23806e-38,1.75186e-36,3.99102e-35,7.66597e-38,1.31679e-36,2.17231e-36
0.00000e+00,0.00000e+00,0.00000e+00,0.00000e+00,0.00000e+00,6.62029e-42,1.58522e-40,2.76317e-43,5.37268e-42,7.76675e-42,1.23806e-38,2.85385e-37,5.36021e-40,1.00333e-38,1.45426e-38,2.17231e-36,4.96649e-35,9.47617e-38,1.75186e-36,2.56260e-36
0.00000e+00,0.00000e+00,0.00000e+00,0.00000e+00,0.00000e+00,7.76675e-42,1.86454e-40,3.23431e-43,6.62029e-42,8.76617e-42,1.45426e-38,3.36180e-37,6.28043e-40,1.23806e-38,1.64279e-38,2.56260e-36,5.87931e-35,1.11442e-37,2.17231e-36,2.90184e-36
0.00000e+00,0.00000e+00,0.00000e+00,0.00000e+00,0.00000e+00,8.76617e-42,2.10940e-40,3.64294e-43,7.76675e-42,9.57046e-42,1.64279e-38,3.80743e-37,7.07845e-40,1.45426e-38,1.79398e-38,2.90184e-36,6.67867e-35,1.25842e-37,2.56260e-36,3.16393e-36
0.00000e+00,0.00000e+00,0.00000e+00,0.00000e+00,0.00000e+00,9.57046e-42,2.30736e-40,3.97041e-43,8.76617e-42,1.01356e-41,1.79398e-38,4.16656e-37,7.71548e-40,1.64279e-38,1.89729e-38,3.16393e-36,7.30071e-35,1.36894e-37,2.90184e-36,3.30543e-36
0.00000e+00,0.00000e+00,0.00000e+00,0.00000e+00,0.00000e+00,1.01356e-41,2.44692e-40,4.19980e-43,9.57046e-42,1.03533e-41,1.89729e-38,4.41281e-37,8.14943e-40,1.79398e-38,1.93327e-38,3.30543e-36,7.64105e-35,1.42785e-37,3.16393e-36,3.32234e-36
0.00000e+00,0.00000e+00,0.00000e+00,0.00000e+00,0.00000e+00,-4.19641e-43,-1.01284e-41,-1.73917e-44,-4.28398e-43,-3.96832e-43,-8.14827e-40,-1.89704e-38,-3.49668e-41,-8.29905e-40,-7.71463e-40,-1.42771e-37,-3.30514e-36,-6.15910e-39,-1.43413e-37,-1.36883e-37
0.00000e+00,0.00000e+00,0.00000e+00,0.00000e+00,0.00000e+00,-3.96832e-43,-9.56605e-42,-1.64646e-44,-4.19641e-43,-3.64202e-43,-7.71463e-40,-1.79379e-38,-3.31432e-41,-8.14827e-40,-7.07797e-40,-1.36883e-37,-3.16371e-36,-5.91359e-39,-1.42771e-37,-1.25836e-37
0.00000e+00,0.00000e+00,0.00000e+00,0.00000e+00,0.00000e+00,-3.64202e-43,-8.76427e-42,-1.51341e-44,-3.96832e-43,-3.23439e-43,-7.07797e-40,-1.64269e-38,-3.04585e-41,-7.71463e-40,-6.28033e-40,-1.25836e-37,-2.90171e-36,-5.44743e-39,-1.36883e-37,-1.11440e-37
0.00000e+00,0.00000e+00,0.00000e+00,0.00000e+00,0.00000e+00,-3.23439e-43,-7.76698e-42,-1.34654e-44,-3.64202e-43,-2.76407e-43,-6.28033e-40,-1.45424e-38,-2.70808e-41,-7.07797e-40,-5.36045e-40,-1.11440e-37,-2.56257e-36,-4.83625e-39,-1.25836e-37,-9.47646e-38
0.00000e+00,0.00000e+00,0.00000e+00,0.00000e+00,0.00000e+00,-2.76407e-43,-6.62224e-42,-1.15310e-44,-3.23439e-43,-2.24912e-43,-5.36045e-40,-1.23811e-38,-2.31660e-41,-6.28033e-40,-4.35554e-40,-9.47646e-38,-2.17238e-36,-4.12386e-39,-1.11440e-37,-7.66664e-38
0.00000e+00,0.00000e+00,0.00000e+00,0.00000e+00,0.00000e+00,-2.24912e-43,-5.37600e-42,-9.40216e-45,-2.76407e-43,-1.70515e-43,-4.35554e-40,-1.00345e-38,-1.88654e-41,-5.36045e-40,-3.29725e-40,-7.66664e-38,-1.75200e-36,-3.34551e-39,-9.47646e-38,-5.77966e-38
0.00000e+00,0.00000e+00,0.00000e+00,0.00000e+00,0.00000e+00,-1.70515e-43,-4.06708e-42,-7.14162e-45,-2.24912e-43,-1.14419e-43,-3.29725e-40,-7.57869e-39,-1.43109e-41,-4.35554e-40,-2.20939e-40,-5.77966e-38,-1.31699e-36,-2.52848e-39,-7.66664e-38,-3.85948e-38
0.00000e+00,0.00000e+00,0.00000e+00,0.00000e+00,0.00000e+00,-1.14419e-43,-2.72434e-42,-4.79960e-45,-1.70515e-43,-5.74520e-44,-2.20939e-40,-5.06874e-39,-9.60510e-42,-3.29725e-40,-1.10753e-40,-3.85948e-38,-8.77402e-37,-1.69189e-39,-5.77966e-38,-1.93024e-38
0.00000e+00,0.00000e+00,0.00000e+00,0.00000e+00,0.00000e+00,-5.74520e-44,-1.36625e-42,-2.41273e-45,-1.14419e-43,-1.32940e-46,-1.10753e-40,-2.53775e-39,-4.82010e-42,-2.20939e-40,-5.33319e-44,-1.93024e-38,-4.38145e-37,-8.47297e-40,-3.85948e-38,-6.63809e-42
0.00000e+00,0.00000e+00,0.00000e+00,0.00000e+00,0.00000e+00,-1.32940e-46,-2.77967e-45,-6.40410e-48,-5.74520e-44,5.71929e-44,-5.33319e-44,-1.14395e-42,-2.48844e-45,-1.10753e-40,1.10649e-40,-6.63809e-42,-1.39978e-40,-3.12529e-43,-1.93024e-38,1.92895e-38
0.00000e+00,0.00000e+00,0.00000e+00,0.00000e+00,0.00000e+00,5.71929e-44,1.36082e-42,2.40026e-45,-1.32940e-46,1.14180e-43,1.10649e-40,2.53553e-39,4.81527e-42,-5.33319e-44,2.20845e-40,1.92895e-38,4.37874e-37,8.46692e-40,-6.63809e-42,3.85832e-38
0.00000e+00,0.00000e+00,0.00000e+00,0.00000e+00,0.00000e+00,1.14180e-43,2.71932e-42,4.78816e-45,5.71929e-44,1.70311e-43,2.20845e-40,5.06672e-39,9.60074e-42,1.10649e-40,3.29647e-40,3.85832e-38,8.77155e-37,1.69135e-39,1.92895e-38,5.77871e-38
0.00000e+00,0.00000e+00,0.00000e+00,0.00000e+00,0.00000e+00,1.70311e-43,4.06275e-42,7.13190e-45,1.14180e-43,2.24757e-43,3.29647e-40,7.57702e-39,1.43073e-41,2.20845e-40,4.35500e-40,5.77871e-38,1.31679e-36,2.52803e-39,3.85832e-38,7.66597e-38
0.00000e+00,0.00000e+00,0.00000e+00,0.00000e+00,0.00000e+00,2.24757e-43,5.37268e-42,9.39487e-45,1.70311e-43,2.76317e-43,4.35500e-40,1.00333e-38,1.88629e-41,3.29647e-40,5.36021e-40,7.66597e-38,1.75186e-36,3.34520e-39,5.77871e-38,9.47617e-38
0.00000e+00,0.00000e+00,0.00000e+00,0.00000e+00,0.00000e+00,2.76317e-43,6.62029e-42,1.15269e-44,2.24757e-43,3.23431e-43,5.36021e-40,1.23806e-38,2.31649e-41,4.35500e-40,6.28043e-40,9.47617e-38,2.17231e-36,4.12373e-39,7.66597e-38,1.11442e-37
0.00000e+00,0.00000e+00,0.00000e+00,0.00000e+00,0.00000e+00,3.23431e-43,7.76675e-42,1.34652e-44,2.76317e-43,3.64294e-43,6.28043e-40,1.45426e-38,2.70813e-41,5.36021e-40,7.07845e-40,1.11442e-37,2.56260e-36,4.83632e-39,9.47617e-38,1.25842e-37
0.00000e+00,0.00000e+00,0.00000e+00,0.00000e+00,0.00000e+00,3.64294e-43,8.76617e-42,1.51386e-44,3.23431e-43,3.97041e-43,7.07845e-40,1.64279e-38,3.04607e-41,6.28043e-40,7.71548e-40,1.25842e-37,2.90184e-36,5.44772e-39,1.11442e-37,1.36894e-37
0.00000e+00,0.00000e+00,0.00000e+00,0.00000e+00,0.00000e+00,3.97041e-43,9.57046e-42,1.64745e-44,3.64294e-43,4.19980e-43,7.71548e-40,1.79398e-38,3.31472e-41,7.07845e-40,8.14943e-40,1.36894e-37,3.16393e-36,5.91408e-39,1.25842e-37,1.42785e-37
0.00000e+00,0.00000e+00,0.00000e+00,0.00000e+00,0.00000e+00,4.19980e-43,1.01356e-41,1.74077e-44,3.97041e-43,4.28804e-43,8.14943e-40,1.89729e-38,3.49721e-41,7.71548e-40,8.30033e-40,1.42785e-37,3.30543e-36,6.15975e-39,1.36894e-37,1.43428e-37
0.00000e+00,0.00000e+00,0.00000e+00,0.00000e+00,0.00000e+00,-1.73917e-44,-4.19641e-43,-7.20966e-46,-1.77470e-44,-1.64646e-44,-3.49668e-41,-8.14827e-40,-1.49922e-42,-3.55999e-41,-3.31432e-41,-6.15910e-39,-1.42771e-37,-2.65375e-40,-6.18341e-39,-5.91359e-39
0.00000e+00,0.00000e+00,0.00000e+00,0.00000e+00,0.00000e+00,-1.64646e-44,-3.96832e-43,-6.83208e-46,-1.73917e-44,-1.51341e-44,-3.31432e-41,-7.71463e-40,-1.42246e-42,-3.49668e-41,-3.04585e-41,-5.91359e-39,-1.36883e-37,-2.55123e-40,-6.15910e-39,-5.44743e-39
0.00000e+00,0.00000e+00,0.00000e+00,0.00000e+00,0.00000e+00,-1.51341e-44,-3.64202e-43,-6.28868e-46,-1.64646e-44,-1.34654e-44,-3.04585e-41,-7.07797e-40,-1.30916e-42,-3.31432e-41,-2.70808e-41,-5.44743e-39,-1.25836e-37,-2.35439e-40,-5.91359e-39,-4.83625e-39
0.00000e+00,0.00000e+00,0.00000e+00,0.00000e+00,0.00000e+00,-1.34654e-44,-3.23439e-43,-5.60463e-46,-1.51341e-44,-1.15310e-44,-2.70808e-41,-6.28033e-40,-1.16608e-42,-3.04585e-41,-2.31660e-41,-4.83625e-39,-1.11440e-37,-2.09486e-40,-5.44743e-39,-4.12386e-39
0.00000e+00,0.00000e+00,0.00000e+00,0.00000e+00,0.00000e+00,-1.15310e-44,-2.76407e-43,-4.80826e-46,-1.34654e-44,-9.40216e-45,-2.31660e-41,-5.36045e-40,-9.99479e-43,-2.70808e-41,-1.88654e-41,-4.12386e-39,-9.47646e-38,-1.79062e-40,-4.83625e-39,-3.34551e-39
0.00000e+00,0.00000e+00,0.00000e+00,0.00000e+00,0.00000e+00,-9.40216e-45,-2.24912e-43,-3.92774e-46,-1.15310e-44,-7.14162e-45,-1.88654e-41,-4.35554e-40,-8.15550e-43,-2.31660e-41,-1.43109e-41,-3.34551e-39,-7.66664e-38,-1.45620e-40,-4.12386e-39,-2.52848e-39
0.00000e+00,0.00000e+00,0.00000e+00,0.00000e+00,0.00000e+00,-7.14162e-45,-1.70515e-43,-2.98841e-46,-9.40216e-45,-4.79960e-45,-1.43109e-41,-3.29725e-40,-6.19775e-43,-1.88654e-41,-9.60510e-42,-2.52848e-39,-5.77966e-38,-1.10303e-40,-3.34551e-39,-1.69189e-39
0.00000e+00,0.00000e+00,0.00000e+00,0.00000e+00,0.00000e+00,-4.79960e-45,-1.14419e-43,-2.01117e-46,-7.14162e-45,-2.41273e-45,-9.60510e-42,-2.20939e-40,-4.16582e-43,-1.43109e-41,-4.82010e-42,-1.69189e-39,-3.85948e-38,-7.39400e-41,-2.52848e-39,-8.47297e-40
0.00000e+00,0.00000e+00,0.00000e+00,0.00000e+00,0.00000e+00,-2.41273e-45,-5.74520e-44,-1.01207e-46,-4.79960e-45,-6.40410e-48,-4.82010e-42,-1.10753e-40,-2.09252e-43,-9.60510e-42,-2.48844e-45,-8.47297e-40,-1.93024e-38,-3.70726e-41,-1.69189e-39,-3.12529e-43
0.00000e+00,0.00000e+00,0.00000e+00,0.00000e+00,0.00000e+00,-6.40410e-48,-1.32940e-46,-3.09104e-49,-2.41273e-45,2.40026e-45,-2.48844e-45,-5.33319e-44,-1.16391e-46,-4.82010e-42,4.81527e-42,-3.12529e-43,-6.63809e-42,-1.46450e-44,-8.47297e-40,8.46692e-40
0.00000e+00,0.00000e+00,0.00000e+00,0.00000e+00,0.00000e+00,2.40026e-45,5.71929e-44,1.00606e-46,-6.40410e-48,4.78816e-45,4.81527e-42,1.10649e-40,2.09027e-43,-2.48844e-45,9.60074e-42,8.46692e-40,1.92895e-38,3.70442e-41,-3.12529e-43,1.69135e-39
0.00000e+00,0.00000e+00,0.00000e+00,0.00000e+00,0.00000e+00,4.78816e-45,1.14180e-43,2.00567e-46,2.40026e-45,7.13190e-45,9.60074e-42,2.20845e-40,4.16379e-43,4.81527e-42,1.43073e-41,1.69135e-39,3.85832e-38,7.39145e-41,8.46692e-40,2.52803e-39
0.00000e+00,0.00000e+00,0.00000e+00,0.00000e+00,0.00000e+00,7.13190e-45,1.70311e-43,2.98376e-46,4.78816e-45,9.39487e-45,1.43073e-41,3.29647e-40,6.19609e-43,9.60074e-42,1.88629e-41,2.52803e-39,5.77871e-38,1.10282e-40,1.69135e-39,3.34520e-39
0.00000e+00,0.00000e+00,0.00000e+00,0.00000e+00,0.00000e+00,9.39487e-45,2.24757e-43,3.92429e-46,7.13190e-45,1.15269e-44,1.88629e-41,4.35500e-40,8.15434e-43,1.43073e-41,2.31649e-41,3.34520e-39,7.66597e-38,1.45606e-40,2.52803e-39,4.12373e-39
0.00000e+00,0.00000e+00,0.00000e+00,0.00000e+00,0.00000e+00,1.15269e-44,2.76317e-43,4.80635e-46,9.39487e-45,1.34652e-44,2.31649e-41,5.36021e-40,9.99428e-43,1.88629e-41,2.70813e-41,4.12373e-39,9.47617e-38,1.79056e-40,3.34520e-39,4.83632e-39
0.00000e+00,0.00000e+00,0.00000e+00,0.00000e+00,0.00000e+00,1.34652e-44,3.23431e-43,5.60461e-46,1.15269e-44,1.51386e-44,2.70813e-41,6.28043e-40,1.16610e-42,2.31649e-41,3.04607e-41,4.83632e-39,1.11442e-37,2.09489e-40,4.12373e-39,5.44772e-39
0.00000e+00,0.00000e+00,0.00000e+00,0.00000e+00,0.00000e+00,1.51386e-44,3.64294e-43,6.29090e-46,1.34652e-44,1.64745e-44,3.04607e-41,7.07845e-40,1.30926e-42,2.70813e-41,3.31472e-41,5.44772e-39,1.25842e-37,2.35453e-40,4.83632e-39,5.91408e-39
0.00000e+00,0.00000e+00,0.00000e+00,0.00000e+00,0.00000e+00,1.64745e-44,3.97041e-43,6.83689e-46,1.51386e-44,1.74077e-44,3.31472e-41,7.71548e-40,1.42264e-42,3.04607e-41,3.49721e-41,5.91408e-39,1.36894e-37,2.55146e-40,5.44772e-39,6.15975e-39
0.00000e+00,0.00000e+00,0.00000e+00,0.00000e+00,0.00000e+00,1.74077e-44,4.19980e-43,7.21729e-46,1.64745e-44,1.77662e-44,3.49721e-41,8.14943e-40,1.49947e-42,3.31472e-41,3.56058e-41,6.15975e-39,1.42785e-37,2.65404e-40,5.91408e-39,6.18411e-39
0.00000e+00,0.00000e+00,0.00000e+00,0.00000e+00,0.00000e+00,-7.20966e-46,-1.73917e-44,-2.98940e-47,-7.35414e-46,-6.83208e-46,-1.49922e-42,-3.49668e-41,-6.42266e-44,-1.52585e-42,-1.42246e-42,-2.65375e-40,-6.15910e-39,-1.14209e-41,-2.66293e-40,-2.55123e-40
0.00000e+00,0.00000e+00,0.00000e+00,0.00000e+00,0.00000e+00,-6.83208e-46,-1.64646e-44,-2.83536e-47,-7.20966e-46,-6.28868e-46,-1.42246e-42,-3.31432e-41,-6.09923e-44,-1.49922e-42,-1.30916e-42,-2.55123e-40,-5.91359e-39,-1.09923e-41,-2.65375e-40,-2.35439e-40
0.00000e+00,0.00000e+00,0.00000e+00,0.00000e+00,0.00000e+00,-6.28868e-46,-1.51341e-44,-2.61306e-47,-6.83208e-46,-5.60463e-46,-1.30916e-42,-3.04585e-41,-5.62076e-44,-1.42246e-42,-1.16608e-42,-2.35439e-40,-5.44743e-39,-1.01606e-41,-2.55123e-40,-2.09486e-40
0.00000e+00,0.00000e+00,0.00000e+00,0.00000e+00,0.00000e+00,-5.60463e-46,-1.34654e-44,-2.33230e-47,-6.28868e-46,-4.80826e-46,-1.16608e-42,-2.70808e-41,-5.01444e-44,-1.30916e-42,-9.99479e-43,-2.09486e-40,-4.83625e-39,-9.05828e-42,-2.35439e-40,-1.79062e-40
0.00000e+00,0.00000e+00,0.00000e+00,0.00000e+00,0.00000e+00,-4.80826e-46,-1.15310e-44,-2.00415e-47,-5.60463e-46,-3.92774e-46,-9.99479e-43,-2.31660e-41,-4.30556e-44,-1.16608e-42,-8.15550e-43,-1.79062e-40,-4.12386e-39,-7.75939e-42,-2.09486e-40,-1.45620e-40
0.00000e+00,0.00000e+00,0.00000e+00,0.00000e+00,0.00000e+00,-3.92774e-46,-9.40216e-45,-1.63980e-47,-4.80826e-46,-2.98841e-46,-8.15550e-43,-1.88654e-41,-3.51939e-44,-9.99479e-43,-6.19775e-43,-1.45620e-40,-3.34551e-39,-6.32387e-42,-1.79062e-40,-1.10303e-40
0.00000e+00,0.00000e+00,0.00000e+00,0.00000e+00,0.00000e+00,-2.98841e-46,-7.14162e-45,-1.24950e-47,-3.92774e-46,-2.01117e-46,-6.19775e-43,-1.43109e-41,-2.67882e-44,-8.15550e-43,-4.16582e-43,-1.10303e-40,-2.52848e-39,-4.79956e-42,-1.45620e-40,-7.39400e-41
0.00000e+00,0.00000e+00,0.00000e+00,0.00000e+00,0.00000e+00,-2.01117e-46,-4.79960e-45,-8.41943e-48,-2.98841e-46,-1.01207e-46,-4.16582e-43,-9.60510e-42,-1.80287e-44,-6.19775e-43,-2.09252e-43,-7.39400e-41,-1.69189e-39,-3.22241e-42,-1.10303e-40,-3.70726e-41
0.00000e+00,0.00000e+00,0.00000e+00,0.00000e+00,0.00000e+00,-1.01207e-46,-2.41273e-45,-4.24102e-48,-2.01117e-46,-3.09104e-49,-2.09252e-43,-4.82010e-42,-9.06362e-45,-4.16582e-43,-1.16391e-46,-3.70726e-41,-8.47297e-40,-1.61735e-42,-7.39400e-41,-1.46450e-44
0.00000e+00,0.00000e+00,0.00000e+00,0.00000e+00,0.00000e+00,-3.09104e-49,-6.40410e-48,-1.48800e-50,-1.01207e-46,1.00606e-46,-1.16391e-46,-2.48844e-45,-5.46129e-48,-2.09252e-43,2.09027e-43,-1.46450e-44,-3.12529e-43,-6.84645e-46,-3.70726e-41,3.70442e-41
0.00000e+00,0.00000e+00,0.00000e+00,0.00000e+00,0.00000e+00,1.00606e-46,2.40026e-45,4.21210e-48,-3.09104e-49,2.00567e-46,2.09027e-43,4.81527e-42,9.05305e-45,-1.16391e-46,4.16379e-43,3.70442e-41,8.46692e-40,1.61602e-42,-1.46450e-44,7.39145e-41
0.00000e+00,0.00000e+00,0.00000e+00,0.00000e+00,0.00000e+00,2.00567e-46,4.78816e-45,8.39304e-48,1.00606e-46,2.98376e-46,4.16379e-43,9.60074e-42,1.80192e-44,2.09027e-43,6.19609e-43,7.39145e-41,1.69135e-39,3.22122e-42,3.70442e-41,1.10282e-40
0.00000e+00,0.00000e+00,0.00000e+00,0.00000e+00,0.00000e+00,2.98376e-46,7.13190e-45,1.24728e-47,2.00567e-46,3.92429e-46,6.19609e-43,1.43073e-41,2.67804e-44,4.16379e-43,8.15434e-43,1.10282e-40,2.52803e-39,4.79859e-42,7.39145e-41,1.45606e-40
0.00000e+00,0.00000e+00,0.00000e+00,0.00000e+00,0.00000e+00,3.92429e-46,9.39487e-45,1.63817e-47,2.98376e-46,4.80635e-46,8.15434e-43,1.88629e-41,3.51885e-44,6.19609e-43,9.99428e-43,1.45606e-40,3.34520e-39,6.32322e-42,1.10282e-40,1.79056e-40
0.00000e+00,0.00000e+00,0.00000e+00,0.00000e+00,0.00000e+00,4.80635e-46,1.15269e-44,2.00326e-47,3.92429e-46,5.60461e-46,9.99428e-43,2.31649e-41,4.30533e-44,8.15434e-43,1.16610e-42,1.79056e-40,4.12373e-39,7.75912e-42,1.45606e-40,2.09489e-40
0.00000e+00,0.00000e+00,0.00000e+00,0.00000e+00,0.00000e+00,5.60461e-46,1.34652e-44,2.33232e-47,4.80635e-46,6.29090e-46,1.16610e-42,2.70813e-41,5.01456e-44,9.99428e-43,1.30926e-42,2.09489e-40,4.83632e-39,9.05845e-42,1.79056e-40,2.35453e-40
0.00000e+00,0.00000e+00,0.00000e+00,0.00000e+00,0.00000e+00,6.29090e-46,1.51386e-44,2.61416e-47,5.60461e-46,6.83689e-46,1.30926e-42,3.04607e-41,5.62126e-44,1.16610e-42,1.42264e-42,2.35453e-40,5.44772e-39,1.01612e-41,2.09489e-40,2.55146e-40
0.00000e+00,0.00000e+00,0.00000e+00,0.00000e+00,0.00000e+00,6.83689e-46,1.64745e-44,2.83767e-47,6.29090e-46,7.21729e-46,1.42264e-42,3.31472e-41,6.10009e-44,1.30926e-42,1.49947e-42,2.55146e-40,5.91408e-39,1.09934e-41,2.35453e-40,2.65404e-40
0.00000e+00,0.00000e+00,0.00000e+00,0.00000e+00,0.00000e+00,7.21729e-46,1.74077e-44,2.99303e-47,6.83689e-46,7.36322e-46,1.49947e-42,3.49721e-41,6.42382e-44,1.42264e-42,1.52612e-42,2.65404e-40,6.15975e-39,1.14223e-41,2.55146e-40,2.66325e-40
0.00000e+00,0.00000e+00,0.00000e+00,0.00000e+00,0.00000e+00,-2.98940e-47,-7.20966e-46,-1.23977e-48,-3.04826e-47,-2.83536e-47,-6.42266e-44,-1.49922e-42,-2.74930e-45,-6.53476e-44,-6.09923e-44,-1.14209e-41,-2.65375e-40,-4.90994e-43,-1.14555e-41,-1.09923e-41
0.00000e+00,0.00000e+00,0.00000e+00,0.00000e+00,0.00000e+00,-2.83536e-47,-6.83208e-46,-1.17681e-48,-2.98940e-47,-2.61306e-47,-6.09923e-44,-1.42246e-42,-2.61290e-45,-6.42266e-44,-5.62076e-44,-1.09923e-41,-2.55123e-40,-4.73048e-43,-1.14209e-41,-1.01606e-41
0.00000e+00,0.00000e+00,0.00000e+00,0.00000e+00,0.00000e+00,-2.61306e-47,-6.28868e-46,-1.08575e-48,-2.83536e-47,-2.33230e-47,-5.62076e-44,-1.30916e-42,-2.41073e-45,-6.09923e-44,-5.01444e-44,-1.01606e-41,-2.35439e-40,-4.37886e-43,-1.09923e-41,-9.05828e-42
0.00000e+00,0.00000e+00,0.00000e+00,0.00000e+00,0.00000e+00,-2.33230e-47,-5.60463e-46,-9.70372e-49,-2.61306e-47,-2.00415e-47,-5.01444e-44,-1.16608e-42,-2.15372e-45,-5.62076e-44,-4.30556e-44,-9.05828e-42,-2.09486e-40,-3.91060e-43,-1.01606e-41,-7.75939e-42
0.00000e+00,0.00000e+00,0.00000e+00,0.00000e+00,0.00000e+00,-2.00415e-47,-4.80826e-46,-8.35052e-49,-2.33230e-47,-1.63980e-47,-4.30556e-44,-9.99479e-43,-1.85212e-45,-5.01444e-44,-3.51939e-44,-7.75939e-42,-1.79062e-40,-3.35624e-43,-9.05828e-42,-6.32387e-42
0.00000e+00,0.00000e+00,0.00000e+00,0.00000e+00,0.00000e+00,-1.63980e-47,-3.92774e-46,-6.84231e-49,-2.00415e-47,-1.24950e-47,-3.51939e-44,-8.15550e-43,-1.51629e-45,-4.30556e-44,-2.67882e-44,-6.32387e-42,-1.45620e-40,-2.74054e-43,-7.75939e-42,-4.79956e-42
0.00000e+00,0.00000e+00,0.00000e+00,0.00000e+00,0.00000e+00,-1.24950e-47,-2.98841e-46,-5.22065e-49,-1.63980e-47,-8.41943e-48,-2.67882e-44,-6.19775e-43,-1.15576e-45,-3.51939e-44,-1.80287e-44,-4.79956e-42,-1.10303e-40,-2.08357e-43,-6.32387e-42,-3.22241e-42
0.00000e+00,0.00000e+00,0.00000e+00,0.00000e+00,0.00000e+00,-8.41943e-48,-2.01117e-46,-3.52171e-49,-1.24950e-47,-4.24102e-48,-1.80287e-44,-4.16582e-43,-7.78720e-46,-2.67882e-44,-9.06362e-45,-3.22241e-42,-7.39400e-41,-1.40085e-43,-4.79956e-42,-1.61735e-42
0.00000e+00,0.00000e+00,0.00000e+00,0.00000e+00,0.00000e+00,-4.24102e-48,-1.01207e-46,-1.77558e-49,-8.41943e-48,-1.48800e-50,-9.06362e-45,-2.09252e-43,-3.91781e-46,-1.80287e-44,-5.46129e-48,-1.61735e-42,-3.70726e-41,-7.03738e-44,-3.22241e-42,-6.84645e-46
0.00000e+00,0.00000e+00,0.00000e+00,0.00000e+00,0.00000e+00,-1.48800e-50,-3.09104e-49,-7.12019e-52,-4.24102e-48,4.21210e-48,-5.46129e-48,-1.16391e-46,-2.57060e-49,-9.06362e-45,9.05305e-45,-6.84645e-46,-1.46450e-44,-3.19955e-47,-1.61735e-42,1.61602e-42
0.00000e+00,0.00000e+00,0.00000e+00,0.00000e+00,0.00000e+00,4.21210e-48,1.00606e-46,1.76175e-49,-1.48800e-50,8.39304e-48,9.05305e-45,2.09027e-43,3.91284e-46,-5.46129e-48,1.80192e-44,1.61602e-42,3.70442e-41,7.03119e-44,-6.84645e-46,3.22122e-42
0.00000e+00,0.00000e+00,0.00000e+00,0.00000e+00,0.00000e+00,8.39304e-48,2.00567e-46,3.50911e-49,4.21210e-48,1.24728e-47,1.80192e-44,4.16379e-43,7.78273e-46,9.05305e-45,2.67804e-44,3.22122e-42,7.39145e-41,1.40029e-43,1.61602e-42,4.79859e-42
0.00000e+00,0.00000e+00,0.00000e+00,0.00000e+00,0.00000e+00,1.24728e-47,2.98376e-46,5.21009e-49,8.39304e-48,1.63817e-47,2.67804e-44,6.19609e-43,1.15540e-45,1.80192e-44,3.51885e-44,4.79859e-42,1.10282e-40,2.08312e-43,3.22122e-42,6.32322e-42
0.00000e+00,0.00000e+00,0.00000e+00,0.00000e+00,0.00000e+00,1.63817e-47,3.92429e-46,6.83459e-49,1.24728e-47,2.00326e-47,3.51885e-44,8.15434e-43,1.51604e-45,2.67804e-44,4.30533e-44,6.32322e-42,1.45606e-40,2.74024e-43,4.79859e-42,7.75912e-42
0.00000e+00,0.00000e+00,0.00000e+00,0.00000e+00,0.00000e+00,2.00326e-47,4.80635e-46,8.34640e-49,1.63817e-47,2.33232e-47,4.30533e-44,9.99428e-43,1.85202e-45,3.51885e-44,5.01456e-44,7.75912e-42,1.79056e-40,3.35612e-43,6.32322e-42,9.05845e-42
0.00000e+00,0.00000e+00,0.00000e+00,0.00000e+00,0.00000e+00,2.33232e-47,5.60461e-46,9.70397e-49,2.00326e-47,2.61416e-47,5.01456e-44,1.16610e-42,2.15378e-45,4.30533e-44,5.62126e-44,9.05845e-42,2.09489e-40,3.91068e-43,7.75912e-42,1.01612e-41
0.00000e+00,0.00000e+00,0.00000e+00,0.00000e+00,0.00000e+00,2.61416e-47,6.29090e-46,1.08628e-48,2.33232e-47,2.83767e-47,5.62126e-44,1.30926e-42,2.41096e-45,5.01456e-44,6.10009e-44,1.01612e-41,2.35453e-40,4.37916e-43,9.05845e-42,1.09934e-41
0.00000e+00,0.00000e+00,0.00000e+00,0.00000e+00,0.00000e+00,2.83767e-47,6.83689e-46,1.17792e-48,2.61416e-47,2.99303e-47,6.10009e-44,1.42264e-42,2.61331e-45,5.62126e-44,6.42382e-44,1.09934e-41,2.55146e-40,4.73097e-43,1.01612e-41,1.14223e-41
0.00000e+00,0.00000e+00,0.00000e+00,0.00000e+00,0.00000e+00,2.99303e-47,7.21729e-46,1.24148e-48,2.83767e-47,3.05256e-47,6.42382e-44,1.49947e-42,2.74983e-45,6.10009e-44,6.53603e-44,1.14223e-41,2.65404e-40,4.91058e-43,1.09934e-41,1.14570e-41
0.00000e+00,0.00000e+00,0.00000e+00,0.00000e+00,0.00000e+00,-1.23977e-48,-2.98940e-47,-5.14243e-50,-1.26379e-48,-1.17681e-48,-2.74930e-45,-6.42266e-44,-1.17598e-46,-2.79654e-45,-2.61290e-45,-4.90994e-43,-1.14209e-41,-2.10868e-44,-4.92290e-43,-4.73048e-43
0.00000e+00,0.00000e+00,0.00000e+00,0.00000e+00,0.00000e+00,-1.17681e-48,-2.83536e-47,-4.88479e-50,-1.23977e-48,-1.08575e-48,-2.61290e-45,-6.09923e-44,-1.11842e-46,-2.74930e-45,-2.41073e-45,-4.73048e-43,-1.09923e-41,-2.03345e-44,-4.90994e-43,-4.37886e-43
0.00000e+00,0.00000e+00,0.00000e+00,0.00000e+00,0.00000e+00,-1.08575e-48,-2.61306e-47,-4.51123e-50,-1.17681e-48,-9.70372e-49,-2.41073e-45,-5.62076e-44,-1.03295e-46,-2.61290e-45,-2.15372e-45,-4.37886e-43,-1.01606e-41,-1.88472e-44,-4.73048e-43,-3.91060e-43
0.00000e+00,0.00000e+00,0.00000e+00,0.00000e+00,0.00000e+00,-9.70372e-49,-2.33230e-47,-4.03663e-50,-1.08575e-48,-8.35052e-49,-2.15372e-45,-5.01444e-44,-9.23985e-47,-2.41073e-45,-1.85212e-45,-3.91060e-43,-9.05828e-42,-1.68578e-44,-4.37886e-43,-3.35624e-43
0.00000e+00,0.00000e+00,0.00000e+00,0.00000e+00,0.00000e+00,-8.35052e-49,-2.00415e-47,-3.47820e-50,-9.70372e-49,-6.84231e-49,-1.85212e-45,-4.30556e-44,-7.95688e-47,-2.15372e-45,-1.51629e-45,-3.35624e-43,-7.75939e-42,-1.44925e-44,-3.91060e-43,-2.74054e-43
0.00000e+00,0.00000e+00,0.00000e+00,0.00000e+00,0.00000e+00,-6.84231e-49,-1.63980e-47,-2.85367e-50,-8.35052e-49,-5.22065e-49,-1.51629e-45,-3.51939e-44,-6.52304e-47,-1.85212e-45,-1.15576e-45,-2.74054e-43,-6.32387e-42,-1.18539e-44,-3.35624e-43,-2.08357e-43
0.00000e+00,0.00000e+00,0.00000e+00,0.00000e+00,0.00000e+00,-5.22065e-49,-1.24950e-47,-2.17991e-50,-6.84231e-49,-3.52171e-49,-1.15576e-45,-2.67882e-44,-4.97826e-47,-1.51629e-45,-7.78720e-46,-2.08357e-43,-4.79956e-42,-9.02603e-45,-2.74054e-43,-1.40085e-43
0.00000e+00,0.00000e+00,0.00000e+00,0.00000e+00,0.00000e+00,-3.52171e-49,-8.41943e-48,-1.47198e-50,-5.22065e-49,-1.77558e-49,-7.78720e-46,-1.80287e-44,-3.35756e-47,-1.15576e-45,-3.91781e-46,-1.40085e-43,-3.22241e-42,-6.07594e-45,-2.08357e-43,-7.03738e-44
0.00000e+00,0.00000e+00,0.00000e+00,0.00000e+00,0.00000e+00,-1.77558e-49,-4.24102e-48,-7.42785e-51,-3.52171e-49,-7.12019e-52,-3.91781e-46,-9.06362e-45,-1.69035e-47,-7.78720e-46,-2.57060e-49,-7.03738e-44,-1.61735e-42,-3.05481e-45,-1.40085e-43,-3.19955e-47
0.00000e+00,0.00000e+00,0.00000e+00,0.00000e+00,0.00000e+00,-7.12019e-52,-1.48800e-50,-3.37977e-53,-1.77558e-49,1.76175e-49,-2.57060e-49,-5.46129e-48,-1.21290e-50,-3.91781e-46,3.91284e-46,-3.19955e-47,-6.84645e-46,-1.49694e-48,-7.03738e-44,7.03119e-44
0.00000e+00,0.00000e+00,0.00000e+00,0.00000e+00,0.00000e+00,1.76175e-49,4.21210e-48,7.36223e-51,-7.12019e-52,3.50911e-49,3.91284e-46,9.05305e-45,1.68800e-47,-2.57060e-49,7.78273e-46,7.03119e-44,1.61602e-42,3.05192e-45,-3.19955e-47,1.40029e-43
0.00000e+00,0.00000e+00,0.00000e+00,0.00000e+00,0.00000e+00,3.50911e-49,8.39304e-48,1.46602e-50,1.76175e-49,5.21009e-49,7.78273e-46,1.80192e-44,3.35546e-47,3.91284e-46,1.15540e-45,1.40029e-43,3.22122e-42,6.07335e-45,7.03119e-44,2.08312e-43
0.00000e+00,0.00000e+00,0.00000e+00,0.00000e+00,0.00000e+00,5.21009e-49,1.24728e-47,2.17493e-50,3.50911e-49,6.83459e-49,1.15540e-45,2.67804e-44,4.97655e-47,7.78273e-46,1.51604e-45,2.08312e-43,4.79859e-42,9.02394e-45,1.40029e-43,2.74024e-43
0.00000e+00,0.00000e+00,0.00000e+00,0.00000e+00,0.00000e+00,6.83459e-49,1.63817e-47,2.85004e-50,5.21009e-49,8.34640e-49,1.51604e-45,3.51885e-44,6.52188e-47,1.15540e-45,1.85202e-45,2.74024e-43,6.32322e-42,1.18525e-44,2.08312e-43,3.35612e-43
0.00000e+00,0.00000e+00,0.00000e+00,0.00000e+00,0.00000e+00,8.34640e-49,2.00326e-47,3.47629e-50,6.83459e-49,9.70397e-49,1.85202e-45,4.30533e-44,7.95639e-47,1.51604e-45,2.15378e-45,3.35612e-43,7.75912e-42,1.44919e-44,2.74024e-43,3.91068e-43
0.00000e+00,0.00000e+00,0.00000e+00,0.00000e+00,0.00000e+00,9.70397e-49,2.33232e-47,4.03680e-50,8.34640e-49,1.08628e-48,2.15378e-45,5.01456e-44,9.24013e-47,1.85202e-45,2.41096e-45,3.91068e-43,9.05845e-42,1.68582e-44,3.35612e-43,4.37916e-43
0.00000e+00,0.00000e+00,0.00000e+00,0.00000e+00,0.00000e+00,1.08628e-48,2.61416e-47,4.51380e-50,9.70397e-49,1.17792e-48,2.41096e-45,5.62126e-44,1.03306e-46,2.15378e-45,2.61331e-45,4.37916e-43,1.01612e-41,1.88486e-44,3.91068e-43,4.73097e-43
0.00000e+00,0.00000e+00,0.00000e+00,0.00000e+00,0.00000e+00,1.17792e-48,2.83767e-47,4.89004e-50,1.08628e-48,1.24148e-48,2.61331e-45,6.10009e-44,1.11861e-46,2.41096e-45,2.74983e-45,4.73097e-43,1.09934e-41,2.03368e-44,4.37916e-43,4.91058e-43
0.00000e+00,0.00000e+00,0.00000e+00,0.00000e+00,0.00000e+00,1.24148e-48,2.99303e-47,5.15051e-50,1.17792e-48,1.26581e-48,2.74983e-45,6.42382e-44,1.17623e-46,2.61331e-45,2.79713e-45,4.91058e-43,1.14223e-41,2.10898e-44,4.73097e-43,4.92360e-43
0.00000e+00,0.00000e+00,0.00000e+00,0.00000e+00,0.00000e+00,-5.14243e-50,-1.23977e-48,-2.13336e-51,-5.24062e-50,-4.88479e-50,-1.17598e-46,-2.74930e-45,-5.02650e-48,-1.19591e-46,-1.11842e-46,-2.10868e-44,-4.90994e-43,-9.04751e-46,-2.11352e-44,-2.03345e-44
0.00000e+00,0.00000e+00,0.00000e+00,0.00000e+00,0.00000e+00,-4.88479e-50,-1.17681e-48,-2.02776e-51,-5.14243e-50,-4.51123e-50,-1.11842e-46,-2.61290e-45,-4.78343e-48,-1.17598e-46,-1.03295e-46,-2.03345e-44,-4.73048e-43,-8.73181e-46,-2.10868e-44,-1.88472e-44
0.00000e+00,0.00000e+00,0.00000e+00,0.00000e+00,0.00000e+00,-4.51123e-50,-1.08575e-48,-1.87434e-51,-4.88479e-50,-4.03663e-50,-1.03295e-46,-2.41073e-45,-4.42191e-48,-1.11842e-46,-9.23985e-47,-1.88472e-44,-4.37886e-43,-8.10239e-46,-2.03345e-44,-1.68578e-44
0.00000e+00,0.00000e+00,0.00000e+00,0.00000e+00,0.00000e+00,-4.03663e-50,-9.70372e-49,-1.67893e-51,-4.51123e-50,-3.47820e-50,-9.23985e-47,-2.15372e-45,-3.95988e-48,-1.03295e-46,-7.95688e-47,-1.68578e-44,-3.91060e-43,-7.25712e-46,-1.88472e-44,-1.44925e-44
0.00000e+00,0.00000e+00,0.00000e+00,0.00000e+00,0.00000e+00,-3.47820e-50,-8.35052e-49,-1.44833e-51,-4.03663e-50,-2.85367e-50,-7.95688e-47,-1.85212e-45,-3.41420e-48,-9.23985e-47,-6.52304e-47,-1.44925e-44,-3.35624e-43,-6.24825e-46,-1.68578e-44,-1.18539e-44
0.00000e+00,0.00000e+00,0.00000e+00,0.00000e+00,0.00000e+00,-2.85367e-50,-6.84231e-49,-1.18964e-51,-3.47820e-50,-2.17991e-50,-6.52304e-47,-1.51629e-45,-2.80236e-48,-7.95688e-47,-4.97826e-47,-1.18539e-44,-2.74054e-43,-5.11828e-46,-1.44925e-44,-9.02603e-45
0.00000e+00,0.00000e+00,0.00000e+00,0.00000e+00,0.00000e+00,-2.17991e-50,-5.22065e-49,-9.09728e-52,-2.85367e-50,-1.47198e-50,-4.97826e-47,-1.15576e-45,-2.14106e-48,-6.52304e-47,-3.35756e-47,-9.02603e-45,-2.08357e-43,-3.90255e-46,-1.18539e-44,-6.07594e-45
0.00000e+00,0.00000e+00,0.00000e+00,0.00000e+00,0.00000e+00,-1.47198e-50,-3.52171e-49,-6.14847e-52,-2.17991e-50,-7.42785e-51,-3.35756e-47,-7.78720e-46,-1.44531e-48,-4.97826e-47,-1.69035e-47,-6.07594e-45,-1.40085e-43,-2.62989e-46,-9.02603e-45,-3.05481e-45
0.00000e+00,0.00000e+00,0.00000e+00,0.00000e+00,0.00000e+00,-7.42785e-51,-1.77558e-49,-3.10512e-52,-1.47198e-50,-3.37977e-53,-1.69035e-47,-3.91781e-46,-7.28068e-49,-3.35756e-47,-1.21290e-50,-3.05481e-45,-7.03738e-44,-1.32318e-46,-6.07594e-45,-1.49694e-48
0.00000e+00,0.00000e+00,0.00000e+00,0.00000e+00,0.00000e+00,-3.37977e-53,-7.12019e-52,-1.59014e-54,-7.42785e-51,7.36223e-51,-1.21290e-50,-2.57060e-49,-5.73022e-52,-1.69035e-47,1.68800e-47,-1.49694e-48,-3.19955e-47,-7.01748e-50,-3.05481e-45,3.05192e-45
0.00000e+00,0.00000e+00,0.00000e+00,0.00000e+00,0.00000e+00,7.36223e-51,1.76175e-49,3.07426e-52,-3.37977e-53,1.46602e-50,1.68800e-47,3.91284e-46,7.26961e-49,-1.21290e-50,3.35546e-47,3.05192e-45,7.03119e-44,1.32182e-46,-1.49694e-48,6.07335e-45
0.00000e+00,0.00000e+00,0.00000e+00,0.00000e+00,0.00000e+00,1.46602e-50,3.50911e-49,6.12042e-52,7.36223e-51,2.17493e-50,3.35546e-47,7.78273e-46,1.44432e-48,1.68800e-47,4.97655e-47,6.07335e-45,1.40029e-43,2.62868e-46,3.05192e-45,9.02394e-45
0.00000e+00,0.00000e+00,0.00000e+00,0.00000e+00,0.00000e+00,2.17493e-50,5.21009e-49,9.07389e-52,1.46602e-50,2.85004e-50,4.97655e-47,1.15540e-45,2.14026e-48,3.35546e-47,6.52188e-47,9.02394e-45,2.08312e-43,3.90158e-46,6.07335e-45,1.18525e-44
0.00000e+00,0.00000e+00,0.00000e+00,0.00000e+00,0.00000e+00,2.85004e-50,6.83459e-49,1.18795e-51,2.17493e-50,3.47629e-50,6.52188e-47,1.51604e-45,2.80182e-48,4.97655e-47,7.95639e-47,1.18525e-44,2.74024e-43,5.11763e-46,9.02394e-45,1.44919e-44
0.00000e+00,0.00000e+00,0.00000e+00,0.00000e+00,0.00000e+00,3.47629e-50,8.34640e-49,1.44745e-51,2.85004e-50,4.03680e-50,7.95639e-47,1.85202e-45,3.41398e-48,6.52188e-47,9.24013e-47,1.44919e-44,3.35612e-43,6.24800e-46,1.18525e-44,1.68582e-44
0.00000e+00,0.00000e+00,0.00000e+00,0.00000e+00,0.00000e+00,4.03680e-50,9.70397e-49,1.67903e-51,3.47629e-50,4.51380e-50,9.24013e-47,2.15378e-45,3.96002e-48,7.95639e-47,1.03306e-46,1.68582e-44,3.91068e-43,7.25731e-46,1.44919e-44,1.88486e-44
0.00000e+00,0.00000e+00,0.00000e+00,0.00000e+00,0.00000e+00,4.51380e-50,1.08628e-48,1.87557e-51,4.03680e-50,4.89004e-50,1.03306e-46,2.41096e-45,4.42243e-48,9.24013e-47,1.11861e-46,1.88486e-44,4.37916e-43,8.10304e-46,1.68582e-44,2.03368e-44
0.00000e+00,0.00000e+00,0.00000e+00,0.00000e+00,0.00000e+00,4.89004e-50,1.17792e-48,2.03023e-51,4.51380e-50,5.15051e-50,1.11861e-46,2.61331e-45,4.78432e-48,1.03306e-46,1.17623e-46,2.03368e-44,4.73097e-43,8.73289e-46,1.88486e-44,2.10898e-44
0.00000e+00,0.00000e+00,0.00000e+00,0.00000e+00,0.00000e+00,5.15051e-50,1.24148e-48,2.13713e-51,4.89004e-50,5.25013e-50,1.17623e-46,2.74983e-45,5.02768e-48,1.11861e-46,1.19619e-46,2.10898e-44,4.91058e-43,9.04890e-46,2.03368e-44,2.11385e-44
0.00000e+00,0.00000e+00,0.00000e+00,0.00000e+00,0.00000e+00,-2.13336e-51,-5.14243e-50,-8.85144e-53,-2.17355e-51,-2.02776e-51,-5.02650e-48,-1.17598e-46,-2.14700e-49,-5.11066e-48,-4.78343e-48,-9.04751e-46,-2.10868e-44,-3.87843e-47,-9.06554e-46,-8.73181e-46
0.00000e+00,0.00000e+00,0.00000e+00,0.00000e+00,0.00000e+00,-2.02776e-51,-4.88479e-50,-8.41817e-53,-2.13336e-51,-1.87434e-51,-4.78343e-48,-1.11842e-46,-2.04430e-49,-5.02650e-48,-4.42191e-48,-8.73181e-46,-2.03345e-44,-3.74580e-47,-9.04751e-46,-8.10239e-46
0.00000e+00,0.00000e+00,0.00000e+00,0.00000e+00,0.00000e+00,-1.87434e-51,-4.51123e-50,-7.78740e-53,-2.02776e-51,-1.67893e-51,-4.42191e-48,-1.03295e-46,-1.89133e-49,-4.78343e-48,-3.95988e-48,-8.10239e-46,-1.88472e-44,-3.47933e-47,-8.73181e-46,-7.25712e-46
0.00000e+00,0.00000e+00,0.00000e+00,0.00000e+00,0.00000e+00,-1.67893e-51,-4.03663e-50,-6.98212e-53,-1.87434e-51,-1.44833e-51,-3.95988e-48,-9.23985e-47,-1.69539e-49,-4.42191e-48,-3.41420e-48,-7.25712e-46,-1.68578e-44,-3.12017e-47,-8.10239e-46,-6.24825e-46
0.00000e+00,0.00000e+00,0.00000e+00,0.00000e+00,0.00000e+00,-1.44833e-51,-3.47820e-50,-6.02931e-53,-1.67893e-51,-1.18964e-51,-3.41420e-48,-7.95688e-47,-1.46335e-49,-3.95988e-48,-2.80236e-48,-6.24825e-46,-1.44925e-44,-2.68999e-47,-7.25712e-46,-5.11828e-46
0.00000e+00,0.00000e+00,0.00000e+00,0.00000e+00,0.00000e+00,-1.18964e-51,-2.85367e-50,-4.95749e-53,-1.44833e-51,-9.09728e-52,-2.80236e-48,-6.52304e-47,-1.20240e-49,-3.41420e-48,-2.14106e-48,-5.11828e-46,-1.18539e-44,-2.20643e-47,-6.24825e-46,-3.90255e-46
0.00000e+00,0.00000e+00,0.00000e+00,0.00000e+00,0.00000e+00,-9.09728e-52,-2.17991e-50,-3.79462e-53,-1.18964e-51,-6.14847e-52,-2.14106e-48,-4.97826e-47,-9.19558e-50,-2.80236e-48,-1.44531e-48,-3.90255e-46,-9.02603e-45,-1.68436e-47,-5.11828e-46,-2.62989e-46
0.00000e+00,0.00000e+00,0.00000e+00,0.00000e+00,0.00000e+00,-6.14847e-52,-1.47198e-50,-2.56671e-53,-9.09728e-52,-3.10512e-52,-1.44531e-48,-3.35756e-47,-6.21226e-50,-2.14106e-48,-7.28068e-49,-2.62989e-46,-6.07594e-45,-1.13616e-47,-3.90255e-46,-1.32318e-46
0.00000e+00,0.00000e+00,0.00000e+00,0.00000e+00,0.00000e+00,-3.10512e-52,-7.42785e-51,-1.29724e-53,-6.14847e-52,-1.59014e-54,-7.28068e-49,-1.69035e-47,-3.13108e-50,-1.44531e-48,-5.73022e-52,-1.32318e-46,-3.05481e-45,-5.72004e-48,-2.62989e-46,-7.01748e-50
0.00000e+00,0.00000e+00,0.00000e+00,0.00000e+00,0.00000e+00,-1.59014e-54,-3.37977e-53,-7.41692e-56,-3.10512e-52,3.07426e-52,-5.73022e-52,-1.21290e-50,-2.70715e-53,-7.28068e-49,7.26961e-49,-7.01748e-50,-1.49694e-48,-3.29691e-51,-1.32318e-46,1.32182e-46
0.00000e+00,0.00000e+00,0.00000e+00,0.00000e+00,0.00000e+00,3.07426e-52,7.36223e-51,1.28285e-53,-1.59014e-54,6.12042e-52,7.26961e-49,1.68800e-47,3.12585e-50,-5.73022e-52,1.44432e-48,1.32182e-46,3.05192e-45,5.71367e-48,-7.01748e-50,2.62868e-46
0.00000e+00,0.00000e+00,0.00000e+00,0.00000e+00,0.00000e+00,6.12042e-52,1.46602e-50,2.55364e-53,3.07426e-52,9.07389e-52,1.44432e-48,3.35546e-47,6.20758e-50,7.26961e-49,2.14026e-48,2.62868e-46,6.07335e-45,1.13560e-47,1.32182e-46,3.90158e-46
0.00000e+00,0.00000e+00,0.00000e+00,0.00000e+00,0.00000e+00,9.07389e-52,2.17493e-50,3.78373e-53,6.12042e-52,1.18795e-51,2.14026e-48,4.97655e-47,9.19180e-50,1.44432e-48,2.80182e-48,3.90158e-46,9.02394e-45,1.68391e-47,2.62868e-46,5.11763e-46
0.00000e+00,0.00000e+00,0.00000e+00,0.00000e+00,0.00000e+00,1.18795e-51,2.85004e-50,4.94962e-53,9.07389e-52,1.44745e-51,2.80182e-48,6.52188e-47,1.20215e-49,2.14026e-48,3.41398e-48,5.11763e-46,1.18525e-44,2.20613e-47,3.90158e-46,6.24800e-46
0.00000e+00,0.00000e+00,0.00000e+00,0.00000e+00,0.00000e+00,1.44745e-51,3.47629e-50,6.02527e-53,1.18795e-51,1.67903e-51,3.41398e-48,7.95639e-47,1.46324e-49,2.80182e-48,3.96002e-48,6.24800e-46,1.44919e-44,2.68987e-47,5.11763e-46,7.25731e-46
0.00000e+00,0.00000e+00,0.00000e+00,0.00000e+00,0.00000e+00,1.67903e-51,4.03680e-50,6.98265e-53,1.44745e-51,1.87557e-51,3.96002e-48,9.24013e-47,1.69546e-49,3.41398e-48,4.42243e-48,7.25731e-46,1.68582e-44,3.12026e-47,6.24800e-46,8.10304e-46
0.00000e+00,0.00000e+00,0.00000e+00,0.00000e+00,0.00000e+00,1.87557e-51,4.51380e-50,7.79316e-53,1.67903e-51,2.03023e-51,4.42243e-48,1.03306e-46,1.89158e-49,3.96002e-48,4.78432e-48,8.10304e-46,1.88486e-44,3.47963e-47,7.25731e-46,8.73289e-46
0.00000e+00,0.00000e+00,0.00000e+00,0.00000e+00,0.00000e+00,2.03023e-51,4.89004e-50,8.42969e-53,1.87557e-51,2.13713e-51,4.78432e-48,1.11861e-46,2.04472e-49,4.42243e-48,5.02768e-48,8.73289e-46,2.03368e-44,3.74631e-47,8.10304e-46,9.04890e-46
0.00000e+00,0.00000e+00,0.00000e+00,0.00000e+00,0.00000e+00,2.13713e-51,5.15051e-50,8.86897e-53,2.03023e-51,2.17798e-51,5.02768e-48,1.17623e-46,2.14755e-49,4.78432e-48,5.11196e-48,9.04890e-46,2.10898e-44,3.87908e-47,8.73289e-46,9.06704e-46
0.00000e+00,0.00000e+00,0.00000e+00,0.00000e+00,0.00000e+00,-8.85144e-53,-2.13336e-51,-3.67293e-54,-9.01617e-53,-8.41817e-53,-2.14700e-49,-5.02650e-48,-9.16455e-51,-2.18256e-49,-2.04430e-49,-3.87843e-47,-9.04751e-46,-1.66116e-48,-3.88510e-47,-3.74580e-47
0.00000e+00,0.00000e+00,0.00000e+00,0.00000e+00,0.00000e+00,-8.41817e-53,-2.02776e-51,-3.49495e-54,-8.85144e-53,-7.78740e-53,-2.04430e-49,-4.78343e-48,-8.73041e-51,-2.14700e-49,-1.89133e-49,-3.74580e-47,-8.73181e-46,-1.60539e-48,-3.87843e-47,-3.47933e-47
0.00000e+00,0.00000e+00,0.00000e+00,0.00000e+00,0.00000e+00,-7.78740e-53,-1.87434e-51,-3.23537e-54,-8.41817e-53,-6.98212e-53,-1.89133e-49,-4.42191e-48,-8.08300e-51,-2.04430e-49,-1.69539e-49,-3.47933e-47,-8.10239e-46,-1.49253e-48,-3.74580e-47,-3.12017e-47
0.00000e+00,0.00000e+00,0.00000e+00,0.00000e+00,0.00000e+00,-6.98212e-53,-1.67893e-51,-2.90327e-54,-7.78740e-53,-6.02931e-53,-1.69539e-49,-3.95988e-48,-7.25199e-51,-1.89133e-49,-1.46335e-49,-3.12017e-47,-7.25712e-46,-1.33992e-48,-3.47933e-47,-2.68999e-47
0.00000e+00,0.00000e+00,0.00000e+00,0.00000e+00,0.00000e+00,-6.02931e-53,-1.44833e-51,-2.50938e-54,-6.98212e-53,-4.95749e-53,-1.46335e-49,-3.41420e-48,-6.26543e-51,-1.69539e-49,-1.20240e-49,-2.68999e-47,-6.24825e-46,-1.15655e-48,-3.12017e-47,-2.20643e-47
0.00000e+00,0.00000e+00,0.00000e+00,0.00000e+00,0.00000e+00,-4.95749e-53,-1.18964e-51,-2.06518e-54,-6.02931e-53,-3.79462e-53,-1.20240e-49,-2.80236e-48,-5.15310e-51,-1.46335e-49,-9.19558e-50,-2.20643e-47,-5.11828e-46,-9.49764e-49,-2.68999e-47,-1.68436e-47
0.00000e+00,0.00000e+00,0.00000e+00,0.00000e+00,0.00000e+00,-3.79462e-53,-9.09728e-52,-1.58210e-54,-4.95749e-53,-2.56671e-53,-9.19558e-50,-2.14106e-48,-3.94432e-51,-1.20240e-49,-6.21226e-50,-1.68436e-47,-3.90255e-46,-7.25808e-49,-2.20643e-47,-1.13616e-47
0.00000e+00,0.00000e+00,0.00000e+00,0.00000e+00,0.00000e+00,-2.56671e-53,-6.14847e-52,-1.07094e-54,-3.79462e-53,-1.29724e-53,-6.21226e-50,-1.44531e-48,-2.66652e-51,-9.19558e-50,-3.13108e-50,-1.13616e-47,-2.62989e-46,-4.89999e-49,-1.68436e-47,-5.72004e-48
0.00000e+00,0.00000e+00,0.00000e+00,0.00000e+00,0.00000e+00,-1.29724e-53,-3.10512e-52,-5.41652e-55,-2.56671e-53,-7.41692e-56,-3.13108e-50,-7.28068e-49,-1.34462e-51,-6.21226e-50,-2.70715e-53,-5.72004e-48,-1.32318e-46,-2.46831e-49,-1.13616e-47,-3.29691e-51
0.00000e+00,0.00000e+00,0.00000e+00,0.00000e+00,0.00000e+00,-7.41692e-56,-1.59014e-54,-3.43314e-57,-1.29724e-53,1.28285e-53,-2.70715e-53,-5.73022e-52,-1.27736e-54,-3.13108e-50,3.12585e-50,-3.29691e-51,-7.01748e-50,-1.55179e-52,-5.72004e-48,5.71367e-48
0.00000e+00,0.00000e+00,0.00000e+00,0.00000e+00,0.00000e+00,1.28285e-53,3.07426e-52,5.34991e-55,-7.41692e-56,2.55364e-53,3.12585e-50,7.26961e-49,1.34215e-51,-2.70715e-53,6.20758e-50,5.71367e-48,1.32182e-46,2.46532e-49,-3.29691e-51,1.13560e-47
0.00000e+00,0.00000e+00,0.00000e+00,0.00000e+00,0.00000e+00,2.55364e-53,6.12042e-52,1.06489e-54,1.28285e-53,3.78373e-53,6.20758e-50,1.44432e-48,2.66432e-51,3.12585e-50,9.19180e-50,1.13560e-47,2.62868e-46,4.89733e-49,5.71367e-48,1.68391e-47
0.00000e+00,0.00000e+00,0.00000e+00,0.00000e+00,0.00000e+00,3.78373e-53,9.07389e-52,1.57707e-54,2.55364e-53,4.94962e-53,9.19180e-50,2.14026e-48,3.94255e-51,6.20758e-50,1.20215e-49,1.68391e-47,3.90158e-46,7.25595e-49,1.13560e-47,2.20613e-47
0.00000e+00,0.00000e+00,0.00000e+00,0.00000e+00,0.00000e+00,4.94962e-53,1.18795e-51,2.06155e-54,3.78373e-53,6.02527e-53,1.20215e-49,2.80182e-48,5.15191e-51,9.19180e-50,1.46324e-49,2.20613e-47,5.11763e-46,9.49623e-49,1.68391e-47,2.68987e-47
0.00000e+00,0.00000e+00,0.00000e+00,0.00000e+00,0.00000e+00,6.02527e-53,1.44745e-51,2.50752e-54,4.94962e-53,6.98265e-53,1.46324e-49,3.41398e-48,6.26495e-51,1.20215e-49,1.69546e-49,2.68987e-47,6.24800e-46,1.15650e-48,2.20613e-47,3.12026e-47
0.00000e+00,0.00000e+00,0.00000e+00,0.00000e+00,0.00000e+00,6.98265e-53,1.67903e-51,2.90353e-54,6.02527e-53,7.79316e-53,1.69546e-49,3.96002e-48,7.25231e-51,1.46324e-49,1.89158e-49,3.12026e-47,7.25731e-46,1.33996e-48,2.68987e-47,3.47963e-47
0.00000e+00,0.00000e+00,0.00000e+00,0.00000e+00,0.00000e+00,7.79316e-53,1.87557e-51,3.23806e-54,6.98265e-53,8.42969e-53,1.89158e-49,4.42243e-48,8.08417e-51,1.69546e-49,2.04472e-49,3.47963e-47,8.10304e-46,1.49268e-48,3.12026e-47,3.74631e-47
0.00000e+00,0.00000e+00,0.00000e+00,0.00000e+00,0.00000e+00,8.42969e-53,2.03023e-51,3.50029e-54,7.79316e-53,8.86897e-53,2.04472e-49,4.78432e-48,8.73238e-51,1.89158e-49,2.14755e-49,3.74631e-47,8.73289e-46,1.60562e-48,3.47963e-47,3.87908e-47
0.00000e+00,0.00000e+00,0.00000e+00,0.00000e+00,0.00000e+00,8.86897e-53,2.13713e-51,3.68103e-54,8.42969e-53,9.03672e-53,2.14755e-49,5.02768e-48,9.16716e-51,2.04472e-49,2.18317e-49,3.87908e-47,9.04890e-46,1.66146e-48,3.74631e-47,3.88580e-47
0.00000e+00,0.00000e+00,0.00000e+00,0.00000e+00,0.00000e+00,-3.67293e-54,-8.85144e-53,-1.52424e-55,-3.74053e-54,-3.49495e-54,-9.16455e-51,-2.14700e-49,-3.90945e-52,-9.31492e-51,-8.73041e-51,-1.66116e-48,-3.87843e-47,-7.10908e-50,-1.66362e-48,-1.60539e-48
0.00000e+00,0.00000e+00,0.00000e+00,0.00000e+00,0.00000e+00,-3.49495e-54,-8.41817e-53,-1.45106e-55,-3.67293e-54,-3.23537e-54,-8.73041e-51,-2.04430e-49,-3.72585e-52,-9.16455e-51,-8.08300e-51,-1.60539e-48,-3.74580e-47,-6.87435e-50,-1.66116e-48,-1.49253e-48
0.00000e+00,0.00000e+00,0.00000e+00,0.00000e+00,0.00000e+00,-3.23537e-54,-7.78740e-53,-1.34414e-55,-3.49495e-54,-2.90327e-54,-8.08300e-51,-1.89133e-49,-3.45178e-52,-8.73041e-51,-7.25199e-51,-1.49253e-48,-3.47933e-47,-6.39627e-50,-1.60539e-48,-1.33992e-48
0.00000e+00,0.00000e+00,0.00000e+00,0.00000e+00,0.00000e+00,-2.90327e-54,-6.98212e-53,-1.20708e-55,-3.23537e-54,-2.50938e-54,-7.25199e-51,-1.69539e-49,-3.09932e-52,-8.08300e-51,-6.26543e-51,-1.33992e-48,-3.12017e-47,-5.74781e-50,-1.49253e-48,-1.15655e-48
0.00000e+00,0.00000e+00,0.00000e+00,0.00000e+00,0.00000e+00,-2.50938e-54,-6.02931e-53,-1.04418e-55,-2.90327e-54,-2.06518e-54,-6.26543e-51,-1.46335e-49,-2.67997e-52,-7.25199e-51,-5.15310e-51,-1.15655e-48,-2.68999e-47,-4.96643e-50,-1.33992e-48,-9.49764e-49
0.00000e+00,0.00000e+00,0.00000e+00,0.00000e+00,0.00000e+00,-2.06518e-54,-4.95749e-53,-8.60050e-56,-2.50938e-54,-1.58210e-54,-5.15310e-51,-1.20240e-49,-2.20606e-52,-6.26543e-51,-3.94432e-51,-9.49764e-49,-2.20643e-47,-4.08270e-50,-1.15655e-48,-7.25808e-49
0.00000e+00,0.00000e+00,0.00000e+00,0.00000e+00,0.00000e+00,-1.58210e-54,-3.79462e-53,-6.59373e-56,-2.06518e-54,-1.07094e-54,-3.94432e-51,-9.19558e-50,-1.68987e-52,-5.15310e-51,-2.66652e-51,-7.25808e-49,-1.68436e-47,-3.12293e-50,-9.49764e-49,-4.89999e-49
0.00000e+00,0.00000e+00,0.00000e+00,0.00000e+00,0.00000e+00,-1.07094e-54,-2.56671e-53,-4.46636e-56,-1.58210e-54,-5.41652e-55,-2.66652e-51,-6.21226e-50,-1.14313e-52,-3.94432e-51,-1.34462e-51,-4.89999e-49,-1.13616e-47,-2.10991e-50,-7.25808e-49,-2.46831e-49
0.00000e+00,0.00000e+00,0.00000e+00,0.00000e+00,0.00000e+00,-5.41652e-55,-1.29724e-53,-2.26053e-56,-1.07094e-54,-3.43314e-57,-1.34462e-51,-3.13108e-50,-5.76683e-53,-2.66652e-51,-1.27736e-54,-2.46831e-49,-5.72004e-48,-1.06338e-50,-4.89999e-49,-1.55179e-52
0.00000e+00,0.00000e+00,0.00000e+00,0.00000e+00,0.00000e+00,-3.43314e-57,-7.41692e-56,-1.57953e-58,-5.41652e-55,5.34991e-55,-1.27736e-54,-2.70715e-53,-6.01372e-56,-1.34462e-51,1.34215e-51,-1.55179e-52,-3.29691e-51,-7.31194e-54,-2.46831e-49,2.46532e-49
0.00000e+00,0.00000e+00,0.00000e+00,0.00000e+00,0.00000e+00,5.34991e-55,1.28285e-53,2.22989e-56,-3.43314e-57,1.06489e-54,1.34215e-51,3.12585e-50,5.75523e-53,-1.27736e-54,2.66432e-51,2.46532e-49,5.71367e-48,1.06197e-50,-1.55179e-52,4.89733e-49
0.00000e+00,0.00000e+00,0.00000e+00,0.00000e+00,0.00000e+00,1.06489e-54,2.55364e-53,4.43853e-56,5.34991e-55,1.57707e-54,2.66432e-51,6.20758e-50,1.14209e-52,1.34215e-51,3.94255e-51,4.89733e-49,1.13560e-47,2.10865e-50,2.46532e-49,7.25595e-49
0.00000e+00,0.00000e+00,0.00000e+00,0.00000e+00,0.00000e+00,1.57707e-54,3.78373e-53,6.57058e-56,1.06489e-54,2.06155e-54,3.94255e-51,9.19180e-50,1.68904e-52,2.66432e-51,5.15191e-51,7.25595e-49,1.68391e-47,3.12193e-50,4.89733e-49,9.49623e-49
0.00000e+00,0.00000e+00,0.00000e+00,0.00000e+00,0.00000e+00,2.06155e-54,4.94962e-53,8.58382e-56,1.57707e-54,2.50752e-54,5.15191e-51,1.20215e-49,2.20550e-52,3.94255e-51,6.26495e-51,9.49623e-49,2.20613e-47,4.08204e-50,7.25595e-49,1.15650e-48
0.00000e+00,0.00000e+00,0.00000e+00,0.00000e+00,0.00000e+00,2.50752e-54,6.02527e-53,1.04333e-55,2.06155e-54,2.90353e-54,6.26495e-51,1.46324e-49,2.67975e-52,5.15191e-51,7.25231e-51,1.15650e-48,2.68987e-47,4.96618e-50,9.49623e-49,1.33996e-48
0.00000e+00,0.00000e+00,0.00000e+00,0.00000e+00,0.00000e+00,2.90353e-54,6.98265e-53,1.20721e-55,2.50752e-54,3.23806e-54,7.25231e-51,1.69546e-49,3.09948e-52,6.26495e-51,8.08417e-51,1.33996e-48,3.12026e-47,5.74803e-50,1.15650e-48,1.49268e-48
0.00000e+00,0.00000e+00,0.00000e+00,0.00000e+00,0.00000e+00,3.23806e-54,7.79316e-53,1.34538e-55,2.90353e-54,3.50029e-54,8.08417e-51,1.89158e-49,3.45233e-52,7.25231e-51,8.73238e-51,1.49268e-48,3.47963e-47,6.39696e-50,1.33996e-48,1.60562e-48
0.00000e+00,0.00000e+00,0.00000e+00,0.00000e+00,0.00000e+00,3.50029e-54,8.42969e-53,1.45351e-55,3.23806e-54,3.68103e-54,8.73238e-51,2.04472e-49,3.72678e-52,8.08417e-51,9.16716e-51,1.60562e-48,3.74631e-47,6.87546e-50,1.49268e-48,1.66146e-48
0.00000e+00,0.00000e+00,0.00000e+00,0.00000e+00,0.00000e+00,3.68103e-54,8.86897e-53,1.52795e-55,3.50029e-54,3.75000e-54,9.16716e-51,2.14755e-49,3.91067e-52,8.73238e-51,9.31778e-51,1.66146e-48,3.87908e-47,7.11051e-50,1.60562e-48,1.66394e-48
0.00000e+00,0.00000e+00,0.00000e+00,0.00000e+00,0.00000e+00,-1.52424e-55,-3.67293e-54,-6.32591e-57,-1.55200e-55,-1.45106e-55,-3.90945e-52,-9.16455e-51,-1.66670e-53,-3.97306e-52,-3.72585e-52,-7.10908e-50,-1.66116e-48,-3.04005e-51,-7.11807e-50,-6.87435e-50
0.00000e+00,0.00000e+00,0.00000e+00,0.00000e+00,0.00000e+00,-1.45106e-55,-3.49495e-54,-6.02478e-57,-1.52424e-55,-1.34414e-55,-3.72585e-52,-8.73041e-51,-1.58903e-53,-3.90945e-52,-3.45178e-52,-6.87435e-50,-1.60539e-48,-2.94118e-51,-7.10908e-50,-6.39627e-50
0.00000e+00,0.00000e+00,0.00000e+00,0.00000e+00,0.00000e+00,-1.34414e-55,-3.23537e-54,-5.58410e-57,-1.45106e-55,-1.20708e-55,-3.45178e-52,-8.08300e-51,-1.47298e-53,-3.72585e-52,-3.09932e-52,-6.39627e-50,-1.49253e-48,-2.73861e-51,-6.87435e-50,-5.74781e-50
0.00000e+00,0.00000e+00,0.00000e+00,0.00000e+00,0.00000e+00,-1.20708e-55,-2.90327e-54,-5.01814e-57,-1.34414e-55,-1.04418e-55,-3.09932e-52,-7.25199e-51,-1.32349e-53,-3.45178e-52,-2.67997e-52,-5.74781e-50,-1.33992e-48,-2.46309e-51,-6.39627e-50,-4.96643e-50
0.00000e+00,0.00000e+00,0.00000e+00,0.00000e+00,0.00000e+00,-1.04418e-55,-2.50938e-54,-4.34411e-57,-1.20708e-55,-8.60050e-56,-2.67997e-52,-6.26543e-51,-1.14529e-53,-3.09932e-52,-2.20606e-52,-4.96643e-50,-1.15655e-48,-2.13023e-51,-5.74781e-50,-4.08270e-50
0.00000e+00,0.00000e+00,0.00000e+00,0.00000e+00,0.00000e+00,-8.60050e-56,-2.06518e-54,-3.58074e-57,-1.04418e-55,-6.59373e-56,-2.20606e-52,-5.15310e-51,-9.43468e-54,-2.67997e-52,-1.68987e-52,-4.08270e-50,-9.49764e-49,-1.75280e-51,-4.96643e-50,-3.12293e-50
0.00000e+00,0.00000e+00,0.00000e+00,0.00000e+00,0.00000e+00,-6.59373e-56,-1.58210e-54,-2.74714e-57,-8.60050e-56,-4.46636e-56,-1.68987e-52,-3.94432e-51,-7.23201e-54,-2.20606e-52,-1.14313e-52,-3.12293e-50,-7.25808e-49,-1.34187e-51,-4.08270e-50,-2.10991e-50
0.00000e+00,0.00000e+00,0.00000e+00,0.00000e+00,0.00000e+00,-4.46636e-56,-1.07094e-54,-1.86196e-57,-6.59373e-56,-2.26053e-56,-1.14313e-52,-2.66652e-51,-4.89485e-54,-1.68987e-52,-5.76683e-53,-2.10991e-50,-4.89999e-49,-9.07196e-52,-3.12293e-50,-1.06338e-50
0.00000e+00,0.00000e+00,0.00000e+00,0.00000e+00,0.00000e+00,-2.26053e-56,-5.41652e-55,-9.43020e-58,-4.46636e-56,-1.57953e-58,-5.76683e-53,-1.34462e-51,-2.47032e-54,-1.14313e-52,-6.01372e-56,-1.06338e-50,-2.46831e-49,-4.57431e-52,-2.10991e-50,-7.31194e-54
0.00000e+00,0.00000e+00,0.00000e+00,0.00000e+00,0.00000e+00,-1.57953e-58,-3.43314e-57,-7.23740e-60,-2.26053e-56,2.22989e-56,-6.01372e-56,-1.27736e-54,-2.82301e-57,-5.76683e-53,5.75523e-53,-7.31194e-54,-1.55179e-52,-3.44589e-55,-1.06338e-50,1.06197e-50
0.00000e+00,0.00000e+00,0.00000e+00,0.00000e+00,0.00000e+00,2.22989e-56,5.34991e-55,9.28976e-58,-1.57953e-58,4.43853e-56,5.75523e-53,1.34215e-51,2.46487e-54,-6.01372e-56,1.14209e-52,1.06197e-50,2.46532e-49,4.56766e-52,-7.31194e-54,2.10865e-50
0.00000e+00,0.00000e+00,0.00000e+00,0.00000e+00,0.00000e+00,4.43853e-56,1.06489e-54,1.84921e-57,2.22989e-56,6.57058e-56,1.14209e-52,2.66432e-51,4.88999e-54,5.75523e-53,1.68904e-52,2.10865e-50,4.89733e-49,9.06605e-52,1.06197e-50,3.12193e-50
0.00000e+00,0.00000e+00,0.00000e+00,0.00000e+00,0.00000e+00,6.57058e-56,1.57707e-54,2.73652e-57,4.43853e-56,8.58382e-56,1.68904e-52,3.94255e-51,7.22812e-54,1.14209e-52,2.20550e-52,3.12193e-50,7.25595e-49,1.34140e-51,2.10865e-50,4.08204e-50
0.00000e+00,0.00000e+00,0.00000e+00,0.00000e+00,0.00000e+00,8.58382e-56,2.06155e-54,3.57309e-57,6.57058e-56,1.04333e-55,2.20550e-52,5.15191e-51,9.43207e-54,1.68904e-52,2.67975e-52,4.08204e-50,9.49623e-49,1.75249e-51,3.12193e-50,4.96618e-50
0.00000e+00,0.00000e+00,0.00000e+00,0.00000e+00,0.00000e+00,1.04333e-55,2.50752e-54,4.34022e-57,8.58382e-56,1.20721e-55,2.67975e-52,6.26495e-51,1.14518e-53,2.20550e-52,3.09948e-52,4.96618e-50,1.15650e-48,2.13012e-51,4.08204e-50,5.74803e-50
0.00000e+00,0.00000e+00,0.00000e+00,0.00000e+00,0.00000e+00,1.20721e-55,2.90353e-54,5.01872e-57,1.04333e-55,1.34538e-55,3.09948e-52,7.25231e-51,1.32357e-53,2.67975e-52,3.45233e-52,5.74803e-50,1.33996e-48,2.46319e-51,4.96618e-50,6.39696e-50
0.00000e+00,0.00000e+00,0.00000e+00,0.00000e+00,0.00000e+00,1.34538e-55,3.23806e-54,5.58977e-57,1.20721e-55,1.45351e-55,3.45233e-52,8.08417e-51,1.47324e-53,3.09948e-52,3.72678e-52,6.39696e-50,1.49268e-48,2.73893e-51,5.74803e-50,6.87546e-50
0.00000e+00,0.00000e+00,0.00000e+00,0.00000e+00,0.00000e+00,1.45351e-55,3.50029e-54,6.03604e-57,1.34538e-55,1.52795e-55,3.72678e-52,8.73238e-51,1.58946e-53,3.45233e-52,3.91067e-52,6.87546e-50,1.60562e-48,2.94170e-51,6.39696e-50,7.11051e-50
0.00000e+00,0.00000e+00,0.00000e+00,0.00000e+00,0.00000e+00,1.52795e-55,3.68103e-54,6.34295e-57,1.45351e-55,1.55635e-55,3.91067e-52,9.16716e-51,1.66727e-53,3.72678e-52,3.97440e-52,7.11051e-50,1.66146e-48,3.04072e-51,6.87546e-50,7.11960e-50
0.00000e+00,0.00000e+00,0.00000e+00,0.00000e+00,0.00000e+00,-6.32591e-57,-1.52424e-55,-2.62554e-58,-6.44003e-57,-6.02478e-57,-1.66670e-53,-3.90945e-52,-7.10139e-55,-1.69362e-53,-1.58903e-53,-3.04005e-51,-7.10908e-50,-1.29906e-52,-3.04331e-51,-2.94118e-51
0.00000e+00,0.00000e+00,0.00000e+00,0.00000e+00,0.00000e+00,-6.02478e-57,-1.45106e-55,-2.50154e-58,-6.32591e-57,-5.58410e-57,-1.58903e-53,-3.72585e-52,-6.77273e-55,-1.66670e-53,-1.47298e-53,-2.94118e-51,-6.87435e-50,-1.25738e-52,-3.04005e-51,-2.73861e-51
0.00000e+00,0.00000e+00,0.00000e+00,0.00000e+00,0.00000e+00,-5.58410e-57,-1.34414e-55,-2.31979e-58,-6.02478e-57,-5.01814e-57,-1.47298e-53,-3.45178e-52,-6.28130e-55,-1.58903e-53,-1.32349e-53,-2.73861e-51,-6.39627e-50,-1.17153e-52,-2.94118e-51,-2.46309e-51
0.00000e+00,0.00000e+00,0.00000e+00,0.00000e+00,0.00000e+00,-5.01814e-57,-1.20708e-55,-2.08597e-58,-5.58410e-57,-4.34411e-57,-1.32349e-53,-3.09932e-52,-5.64733e-55,-1.47298e-53,-1.14529e-53,-2.46309e-51,-5.74781e-50,-1.05448e-52,-2.73861e-51,-2.13023e-51
0.00000e+00,0.00000e+00,0.00000e+00,0.00000e+00,0.00000e+00,-4.34411e-57,-1.04418e-55,-1.80699e-58,-5.01814e-57,-3.58074e-57,-1.14529e-53,-2.67997e-52,-4.89021e-55,-1.32349e-53,-9.43468e-54,-2.13023e-51,-4.96643e-50,-9.12737e-53,-2.46309e-51,-1.75280e-51
0.00000e+00,0.00000e+00,0.00000e+00,0.00000e+00,0.00000e+00,-3.58074e-57,-8.60050e-56,-1.49045e-58,-4.34411e-57,-2.74714e-57,-9.43468e-54,-2.20606e-52,-4.03116e-55,-1.14529e-53,-7.23201e-54,-1.75280e-51,-4.08270e-50,-7.51637e-53,-2.13023e-51,-1.34187e-51
0.00000e+00,0.00000e+00,0.00000e+00,0.00000e+00,0.00000e+00,-2.74714e-57,-6.59373e-56,-1.14419e-58,-3.58074e-57,-1.86196e-57,-7.23201e-54,-1.68987e-52,-3.09190e-55,-9.43468e-54,-4.89485e-54,-1.34187e-51,-3.12293e-50,-5.75847e-53,-1.75280e-51,-9.07196e-52
0.00000e+00,0.00000e+00,0.00000e+00,0.00000e+00,0.00000e+00,-1.86196e-57,-4.46636e-56,-7.75961e-59,-2.74714e-57,-9.43020e-58,-4.89485e-54,-1.14313e-52,-2.09372e-55,-7.23201e-54,-2.47032e-54,-9.07196e-52,-2.10991e-50,-3.89545e-53,-1.34187e-51,-4.57431e-52
0.00000e+00,0.00000e+00,0.00000e+00,0.00000e+00,0.00000e+00,-9.43020e-58,-2.26053e-56,-3.93259e-59,-1.86196e-57,-7.23740e-60,-2.47032e-54,-5.76683e-53,-1.05703e-55,-4.89485e-54,-2.82301e-57,-4.57431e-52,-1.06338e-50,-1.96499e-53,-9.07196e-52,-3.44589e-55
0.00000e+00,0.00000e+00,0.00000e+00,0.00000e+00,0.00000e+00,-7.23740e-60,-1.57953e-58,-3.30944e-61,-9.43020e-58,9.28976e-58,-2.82301e-57,-6.01372e-56,-1.32095e-58,-2.47032e-54,2.46487e-54,-3.44589e-55,-7.31194e-54,-1.62264e-56,-4.57431e-52,4.56766e-52
0.00000e+00,0.00000e+00,0.00000e+00,0.00000e+00,0.00000e+00,9.28976e-58,2.22989e-56,3.86837e-59,-7.23740e-60,1.84921e-57,2.46487e-54,5.75523e-53,1.05448e-55,-2.82301e-57,4.88999e-54,4.56766e-52,1.06197e-50,1.96186e-53,-3.44589e-55,9.06605e-52
0.00000e+00,0.00000e+00,0.00000e+00,0.00000e+00,0.00000e+00,1.84921e-57,4.43853e-56,7.70128e-59,9.28976e-58,2.73652e-57,4.88999e-54,1.14209e-52,2.09145e-55,2.46487e-54,7.22812e-54,9.06605e-52,2.10865e-50,3.89267e-53,4.56766e-52,1.34140e-51
0.00000e+00,0.00000e+00,0.00000e+00,0.00000e+00,0.00000e+00,2.73652e-57,6.57058e-56,1.13934e-58,1.84921e-57,3.57309e-57,7.22812e-54,1.68904e-52,3.09008e-55,4.88999e-54,9.43207e-54,1.34140e-51,3.12193e-50,5.75626e-53,9.06605e-52,1.75249e-51
0.00000e+00,0.00000e+00,0.00000e+00,0.00000e+00,0.00000e+00,3.57309e-57,8.58382e-56,1.48695e-58,2.73652e-57,4.34022e-57,9.43207e-54,2.20550e-52,4.02995e-55,7.22812e-54,1.14518e-53,1.75249e-51,4.08204e-50,7.51493e-53,1.34140e-51,2.13012e-51
0.00000e+00,0.00000e+00,0.00000e+00,0.00000e+00,0.00000e+00,4.34022e-57,1.04333e-55,1.80521e-58,3.57309e-57,5.01872e-57,1.14518e-53,2.67975e-52,4.88974e-55,9.43207e-54,1.32357e-53,2.13012e-51,4.96618e-50,9.12685e-53,1.75249e-51,2.46319e-51
0.00000e+00,0.00000e+00,0.00000e+00,0.00000e+00,0.00000e+00,5.01872e-57,1.20721e-55,2.08623e-58,4.34022e-57,5.58977e-57,1.32357e-53,3.09948e-52,5.64768e-55,1.14518e-53,1.47324e-53,2.46319e-51,5.74803e-50,1.05453e-52,2.13012e-51,2.73893e-51
0.00000e+00,0.00000e+00,0.00000e+00,0.00000e+00,0.00000e+00,5.58977e-57,1.34538e-55,2.32238e-58,5.01872e-57,6.03604e-57,1.47324e-53,3.45233e-52,6.28252e-55,1.32357e-53,1.58946e-53,2.73893e-51,6.39696e-50,1.17169e-52,2.46319e-51,2.94170e-51
0.00000e+00,0.00000e+00,0.00000e+00,0.00000e+00,0.00000e+00,6.03604e-57,1.45351e-55,2.50669e-58,5.58977e-57,6.34295e-57,1.58946e-53,3.72678e-52,6.77476e-55,1.47324e-53,1.66727e-53,2.94170e-51,6.87546e-50,1.25763e-52,2.73893e-51,3.04072e-51
0.00000e+00,0.00000e+00,0.00000e+00,0.00000e+00,0.00000e+00,6.34295e-57,1.52795e-55,2.63334e-58,6.03604e-57,6.45997e-57,1.66727e-53,3.91067e-52,7.10406e-55,1.58946e-53,1.69425e-53,3.04072e-51,7.11051e-50,1.29937e-52,2.94170e-51,3.04403e-51
0.00000e+00,0.00000e+00,0.00000e+00,0.00000e+00,0.00000e+00,-2.62554e-58,-6.32591e-57,-1.08976e-59,-2.67248e-58,-2.50154e-58,-7.10139e-55,-1.66670e-53,-3.02403e-56,-7.21538e-55,-6.77273e-55,-1.29906e-52,-3.04005e-51,-5.54716e-54,-1.30023e-52,-1.25738e-52
0.00000e+00,0.00000e+00,0.00000e+00,0.00000e+00,0.00000e+00,-2.50154e-58,-6.02478e-57,-1.03867e-59,-2.62554e-58,-2.31979e-58,-6.77273e-55,-1.58903e-53,-2.88493e-56,-7.10139e-55,-6.28130e-55,-1.25738e-52,-2.94118e-51,-5.37141e-54,-1.29906e-52,-1.17153e-52
0.00000e+00,0.00000e+00,0.00000e+00,0.00000e+00,0.00000e+00,-2.31979e-58,-5.58410e-57,-9.63671e-60,-2.50154e-58,-2.08597e-58,-6.28130e-55,-1.47298e-53,-2.67681e-56,-6.77273e-55,-5.64733e-55,-1.17153e-52,-2.73861e-51,-5.00754e-54,-1.25738e-52,-1.05448e-52
0.00000e+00,0.00000e+00,0.00000e+00,0.00000e+00,0.00000e+00,-2.08597e-58,-5.01814e-57,-8.67029e-60,-2.31979e-58,-1.80699e-58,-5.64733e-55,-1.32349e-53,-2.40796e-56,-6.28130e-55,-4.89021e-55,-1.05448e-52,-2.46309e-51,-4.51029e-54,-1.17153e-52,-9.12737e-53
0.00000e+00,0.00000e+00,0.00000e+00,0.00000e+00,0.00000e+00,-1.80699e-58,-4.34411e-57,-7.51530e-60,-2.08597e-58,-1.49045e-58,-4.89021e-55,-1.14529e-53,-2.08638e-56,-5.64733e-55,-4.03116e-55,-9.12737e-53,-2.13023e-51,-3.90690e-54,-1.05448e-52,-7.51637e-53
0.00000e+00,0.00000e+00,0.00000e+00,0.00000e+00,0.00000e+00,-1.49045e-58,-3.58074e-57,-6.20260e-60,-1.80699e-58,-1.14419e-58,-4.03116e-55,-9.43468e-54,-1.72089e-56,-4.89021e-55,-3.09190e-55,-7.51637e-53,-1.75280e-51,-3.21968e-54,-9.12737e-53,-5.75847e-53
0.00000e+00,0.00000e+00,0.00000e+00,0.00000e+00,0.00000e+00,-1.14419e-58,-2.74714e-57,-4.76436e-60,-1.49045e-58,-7.75961e-59,-3.09190e-55,-7.23201e-54,-1.32063e-56,-4.03116e-55,-2.09372e-55,-5.75847e-53,-1.34187e-51,-2.46829e-54,-7.51637e-53,-3.89545e-53
0.00000e+00,0.00000e+00,0.00000e+00,0.00000e+00,0.00000e+00,-7.75961e-59,-1.86196e-57,-3.23281e-60,-1.14419e-58,-3.93259e-59,-2.09372e-55,-4.89485e-54,-8.94676e-57,-3.09190e-55,-1.05703e-55,-3.89545e-53,-9.07196e-52,-1.67062e-54,-5.75847e-53,-1.96499e-53
0.00000e+00,0.00000e+00,0.00000e+00,0.00000e+00,0.00000e+00,-3.93259e-59,-9.43020e-58,-1.63950e-60,-7.75961e-59,-3.30944e-61,-1.05703e-55,-2.47032e-54,-4.51832e-57,-2.09372e-55,-1.32095e-58,-1.96499e-53,-4.57431e-52,-8.43028e-55,-3.89545e-53,-1.62264e-56
0.00000e+00,0.00000e+00,0.00000e+00,0.00000e+00,0.00000e+00,-3.30944e-61,-7.23740e-60,-1.51320e-62,-3.93259e-59,3.86837e-59,-1.32095e-58,-2.82301e-57,-6.16130e-60,-1.05703e-55,1.05448e-55,-1.62264e-56,-3.44589e-55,-7.62844e-58,-1.96499e-53,1.96186e-53
0.00000e+00,0.00000e+00,0.00000e+00,0.00000e+00,0.00000e+00,3.86837e-59,9.28976e-58,1.61014e-60,-3.30944e-61,7.70128e-59,1.05448e-55,2.46487e-54,4.50643e-57,-1.32095e-58,2.09145e-55,1.96186e-53,4.56766e-52,8.41558e-55,-1.62264e-56,3.89267e-53
0.00000e+00,0.00000e+00,0.00000e+00,0.00000e+00,0.00000e+00,7.70128e-59,1.84921e-57,3.20614e-60,3.86837e-59,1.13934e-58,2.09145e-55,4.88999e-54,8.93617e-57,1.05448e-55,3.09008e-55,3.89267e-53,9.06605e-52,1.66931e-54,1.96186e-53,5.75626e-53
0.00000e+00,0.00000e+00,0.00000e+00,0.00000e+00,0.00000e+00,1.13934e-58,2.73652e-57,4.74215e-60,7.70128e-59,1.48695e-58,3.09008e-55,7.22812e-54,1.31978e-56,2.09145e-55,4.02995e-55,5.75626e-53,1.34140e-51,2.46726e-54,3.89267e-53,7.51493e-53
0.00000e+00,0.00000e+00,0.00000e+00,0.00000e+00,0.00000e+00,1.48695e-58,3.57309e-57,6.18657e-60,1.13934e-58,1.80521e-58,4.02995e-55,9.43207e-54,1.72033e-56,3.09008e-55,4.88974e-55,7.51493e-53,1.75249e-51,3.21900e-54,5.75626e-53,9.12685e-53
0.00000e+00,0.00000e+00,0.00000e+00,0.00000e+00,0.00000e+00,1.80521e-58,4.34022e-57,7.50710e-60,1.48695e-58,2.08623e-58,4.88974e-55,1.14518e-53,2.08616e-56,4.02995e-55,5.64768e-55,9.12685e-53,2.13012e-51,3.90666e-54,7.51493e-53,1.05453e-52
0.00000e+00,0.00000e+00,0.00000e+00,0.00000e+00,0.00000e+00,2.08623e-58,5.01872e-57,8.67144e-60,1.80521e-58,2.32238e-58,5.64768e-55,1.32357e-53,2.40812e-56,4.88974e-55,6.28252e-55,1.05453e-52,2.46319e-51,4.51052e-54,9.12685e-53,1.17169e-52
0.00000e+00,0.00000e+00,0.00000e+00,0.00000e+00,0.00000e+00,2.32238e-58,5.58977e-57,9.64852e-60,2.08623e-58,2.50669e-58,6.28252e-55,1.47324e-53,2.67738e-56,5.64768e-55,6.77476e-55,1.17169e-52,2.73893e-51,5.00826e-54,1.05453e-52,1.25763e-52
0.00000e+00,0.00000e+00,0.00000e+00,0.00000e+00,0.00000e+00,2.50669e-58,6.03604e-57,1.04102e-59,2.32238e-58,2.63334e-58,6.77476e-55,1.58946e-53,2.88588e-56,6.28252e-55,7.10406e-55,1.25763e-52,2.94170e-51,5.37256e-54,1.17169e-52,1.29937e-52
0.00000e+00,0.00000e+00,0.00000e+00,0.00000e+00,0.00000e+00,2.63334e-58,6.34295e-57,1.09333e-59,2.50669e-58,2.68161e-58,7.10406e-55,1.66727e-53,3.02527e-56,6.77476e-55,7.21830e-55,1.29937e-52,3.04072e-51,5.54863e-54,1.25763e-52,1.30057e-52
0.00000e+00,0.00000e+00,0.00000e+00,0.00000e+00,0.00000e+00,-1.08976e-59,-2.62554e-58,-4.52323e-61,-1.10907e-59,-1.03867e-59,-3.02403e-56,-7.10139e-55,-1.28705e-57,-3.07231e-56,-2.88493e-56,-5.54716e-54,-1.29906e-52,-2.36713e-55,-5.55133e-54,-5.37141e-54
0.00000e+00,0.00000e+00,0.00000e+00,0.00000e+00,0.00000e+00,-1.03867e-59,-2.50154e-58,-4.31268e-61,-1.08976e-59,-9.63671e-60,-2.88493e-56,-6.77273e-55,-1.22817e-57,-3.02403e-56,-2.67681e-56,-5.37141e-54,-1.25738e-52,-2.29297e-55,-5.54716e-54,-5.00754e-54
0.00000e+00,0.00000e+00,0.00000e+00,0.00000e+00,0.00000e+00,-9.63671e-60,-2.31979e-58,-4.00306e-61,-1.03867e-59,-8.67029e-60,-2.67681e-56,-6.28130e-55,-1.14002e-57,-2.88493e-56,-2.40796e-56,-5.00754e-54,-1.17153e-52,-2.13873e-55,-5.37141e-54,-4.51029e-54
0.00000e+00,0.00000e+00,0.00000e+00,0.00000e+00,0.00000e+00,-8.67029e-60,-2.08597e-58,-3.60348e-61,-9.63671e-60,-7.51530e-60,-2.40796e-56,-5.64733e-55,-1.02602e-57,-2.67681e-56,-2.08638e-56,-4.51029e-54,-1.05448e-52,-1.92753e-55,-5.00754e-54,-3.90690e-54
0.00000e+00,0.00000e+00,0.00000e+00,0.00000e+00,0.00000e+00,-7.51530e-60,-1.80699e-58,-3.12519e-61,-8.67029e-60,-6.20260e-60,-2.08638e-56,-4.89021e-55,-8.89470e-58,-2.40796e-56,-1.72089e-56,-3.90690e-54,-9.12737e-53,-1.67076e-55,-4.51029e-54,-3.21968e-54
0.00000e+00,0.00000e+00,0.00000e+00,0.00000e+00,0.00000e+00,-6.20260e-60,-1.49045e-58,-2.58076e-61,-7.51530e-60,-4.76436e-60,-1.72089e-56,-4.03116e-55,-7.34042e-58,-2.08638e-56,-1.32063e-56,-3.21968e-54,-7.51637e-53,-1.37777e-55,-3.90690e-54,-2.46829e-54
0.00000e+00,0.00000e+00,0.00000e+00,0.00000e+00,0.00000e+00,-4.76436e-60,-1.14419e-58,-1.98340e-61,-6.20260e-60,-3.23281e-60,-1.32063e-56,-3.09190e-55,-5.63583e-58,-1.72089e-56,-8.94676e-57,-2.46829e-54,-5.75847e-53,-1.05686e-55,-3.21968e-54,-1.67062e-54
0.00000e+00,0.00000e+00,0.00000e+00,0.00000e+00,0.00000e+00,-3.23281e-60,-7.75961e-59,-1.34652e-61,-4.76436e-60,-1.63950e-60,-8.94676e-57,-2.09372e-55,-3.81955e-58,-1.32063e-56,-4.51832e-57,-1.67062e-54,-3.89545e-53,-7.15651e-56,-2.46829e-54,-8.43028e-55
0.00000e+00,0.00000e+00,0.00000e+00,0.00000e+00,0.00000e+00,-1.63950e-60,-3.93259e-59,-6.83357e-62,-3.23281e-60,-1.51320e-62,-4.51832e-57,-1.05703e-55,-1.92954e-58,-8.94676e-57,-6.16130e-60,-8.43028e-55,-1.96499e-53,-3.61254e-56,-1.67062e-54,-7.62844e-58
0.00000e+00,0.00000e+00,0.00000e+00,0.00000e+00,0.00000e+00,-1.51320e-62,-3.30944e-61,-6.92964e-64,-1.63950e-60,1.61014e-60,-6.16130e-60,-1.32095e-58,-2.86552e-61,-4.51832e-57,4.50643e-57,-7.62844e-58,-1.62264e-56,-3.57833e-59,-8.43028e-55,8.41558e-55
0.00000e+00,0.00000e+00,0.00000e+00,0.00000e+00,0.00000e+00,1.61014e-60,3.86837e-59,6.69909e-62,-1.51320e-62,3.20614e-60,4.50643e-57,1.05448e-55,1.92401e-58,-6.16130e-60,8.93617e-57,8.41558e-55,1.96186e-53,3.60565e-56,-7.62844e-58,1.66931e-54
0.00000e+00,0.00000e+00,0.00000e+00,0.00000e+00,0.00000e+00,3.20614e-60,7.70128e-59,1.33430e-61,1.61014e-60,4.74215e-60,8.93617e-57,2.09145e-55,3.81462e-58,4.50643e-57,1.31978e-56,1.66931e-54,3.89267e-53,7.15040e-56,8.41558e-55,2.46726e-54
0.00000e+00,0.00000e+00,0.00000e+00,0.00000e+00,0.00000e+00,4.74215e-60,1.13934e-58,1.97323e-61,3.20614e-60,6.18657e-60,1.31978e-56,3.09008e-55,5.63189e-58,8.93617e-57,1.72033e-56,2.46726e-54,5.75626e-53,1.05637e-55,1.66931e-54,3.21900e-54
0.00000e+00,0.00000e+00,0.00000e+00,0.00000e+00,0.00000e+00,6.18657e-60,1.48695e-58,2.57341e-61,4.74215e-60,7.50710e-60,1.72033e-56,4.02995e-55,7.33781e-58,1.31978e-56,2.08616e-56,3.21900e-54,7.51493e-53,1.37745e-55,2.46726e-54,3.90666e-54
0.00000e+00,0.00000e+00,0.00000e+00,0.00000e+00,0.00000e+00,7.50710e-60,1.80521e-58,3.12143e-61,6.18657e-60,8.67144e-60,2.08616e-56,4.88974e-55,8.89369e-58,1.72033e-56,2.40812e-56,3.90666e-54,9.12685e-53,1.67065e-55,3.21900e-54,4.51052e-54
0.00000e+00,0.00000e+00,0.00000e+00,0.00000e+00,0.00000e+00,8.67144e-60,2.08623e-58,3.60399e-61,7.50710e-60,9.64852e-60,2.40812e-56,5.64768e-55,1.02610e-57,2.08616e-56,2.67738e-56,4.51052e-54,1.05453e-52,1.92764e-55,3.90666e-54,5.00826e-54
0.00000e+00,0.00000e+00,0.00000e+00,0.00000e+00,0.00000e+00,9.64852e-60,2.32238e-58,4.00845e-61,8.67144e-60,1.04102e-59,2.67738e-56,6.28252e-55,1.14029e-57,2.40812e-56,2.88588e-56,5.00826e-54,1.17169e-52,2.13907e-55,4.51052e-54,5.37256e-54
0.00000e+00,0.00000e+00,0.00000e+00,0.00000e+00,0.00000e+00,1.04102e-59,2.50669e-58,4.32345e-61,9.64852e-60,1.09333e-59,2.88588e-56,6.77476e-55,1.22861e-57,2.67738e-56,3.02527e-56,5.37256e-54,1.25763e-52,2.29351e-55,5.00826e-54,5.54863e-54
0.00000e+00,0.00000e+00,0.00000e+00,0.00000e+00,0.00000e+00,1.09333e-59,2.63334e-58,4.53961e-61,1.04102e-59,1.11326e-59,3.02527e-56,7.10406e-55,1.28762e-57,2.88588e-56,3.07367e-56,5.54863e-54,1.29937e-52,2.36782e-55,5.37256e-54,5.55291e-54
0.00000e+00,0.00000e+00,0.00000e+00,0.00000e+00,0.00000e+00,-4.52323e-61,-1.08976e-59,-1.87746e-62,-4.60277e-61,-4.31268e-61,-1.28705e-57,-3.02403e-56,-5.47491e-59,-1.30750e-57,-1.22817e-57,-2.36713e-55,-5.54716e-54,-1.00948e-56,-2.36859e-55,-2.29297e-55
0.00000e+00,0.00000e+00,0.00000e+00,0.00000e+00,0.00000e+00,-4.31268e-61,-1.03867e-59,-1.79064e-62,-4.52323e-61,-4.00306e-61,-1.22817e-57,-2.88493e-56,-5.22565e-59,-1.28705e-57,-1.14002e-57,-2.29297e-55,-5.37141e-54,-9.78167e-57,-2.36713e-55,-2.13873e-55
0.00000e+00,0.00000e+00,0.00000e+00,0.00000e+00,0.00000e+00,-4.00306e-61,-9.63671e-60,-1.66278e-62,-4.31268e-61,-3.60348e-61,-1.14002e-57,-2.67681e-56,-4.85233e-59,-1.22817e-57,-1.02602e-57,-2.13873e-55,-5.00754e-54,-9.12788e-57,-2.29297e-55,-1.92753e-55
0.00000e+00,0.00000e+00,0.00000e+00,0.00000e+00,0.00000e+00,-3.60348e-61,-8.67029e-60,-1.49753e-62,-4.00306e-61,-3.12519e-61,-1.02602e-57,-2.40796e-56,-4.36900e-59,-1.14002e-57,-8.89470e-58,-1.92753e-55,-4.51029e-54,-8.23096e-57,-2.13873e-55,-1.67076e-55
0.00000e+00,0.00000e+00,0.00000e+00,0.00000e+00,0.00000e+00,-3.12519e-61,-7.51530e-60,-1.29943e-62,-3.60348e-61,-2.58076e-61,-8.89470e-58,-2.08638e-56,-3.78933e-59,-1.02602e-57,-7.34042e-58,-1.67076e-55,-3.90690e-54,-7.13869e-57,-1.92753e-55,-1.37777e-55
0.00000e+00,0.00000e+00,0.00000e+00,0.00000e+00,0.00000e+00,-2.58076e-61,-6.20260e-60,-1.07361e-62,-3.12519e-61,-1.98340e-61,-7.34042e-58,-1.72089e-56,-3.12864e-59,-8.89470e-58,-5.63583e-58,-1.37777e-55,-3.21968e-54,-5.89021e-57,-1.67076e-55,-1.05686e-55
0.00000e+00,0.00000e+00,0.00000e+00,0.00000e+00,0.00000e+00,-1.98340e-61,-4.76436e-60,-8.25526e-63,-2.58076e-61,-1.34652e-61,-5.63583e-58,-1.32063e-56,-2.40313e-59,-7.34042e-58,-3.81955e-58,-1.05686e-55,-2.46829e-54,-4.52060e-57,-1.37777e-55,-7.15651e-56
0.00000e+00,0.00000e+00,0.00000e+00,0.00000e+00,0.00000e+00,-1.34652e-61,-3.23281e-60,-5.60729e-63,-1.98340e-61,-6.83357e-62,-3.81955e-58,-8.94676e-57,-1.62924e-59,-5.63583e-58,-1.92954e-58,-7.15651e-56,-1.67062e-54,-3.06243e-57,-1.05686e-55,-3.61254e-56
0.00000e+00,0.00000e+00,0.00000e+00,0.00000e+00,0.00000e+00,-6.83357e-62,-1.63950e-60,-2.84779e-63,-1.34652e-61,-6.92964e-64,-1.92954e-58,-4.51832e-57,-8.23280e-60,-3.81955e-58,-2.86552e-61,-3.61254e-56,-8.43028e-55,-1.54636e-57,-7.15651e-56,-3.57833e-59
0.00000e+00,0.00000e+00,0.00000e+00,0.00000e+00,0.00000e+00,-6.92964e-64,-1.51320e-62,-3.18186e-65,-6.83357e-62,6.69909e-62,-2.86552e-61,-6.16130e-60,-1.32953e-62,-1.92954e-58,1.92401e-58,-3.57833e-59,-7.62844e-58,-1.67420e-60,-3.61254e-56,3.60565e-56
0.00000e+00,0.00000e+00,0.00000e+00,0.00000e+00,0.00000e+00,6.69909e-62,1.61014e-60,2.78604e-63,-6.92964e-64,1.33430e-61,1.92401e-58,4.50643e-57,8.20716e-60,-2.86552e-61,3.81462e-58,3.60565e-56,8.41558e-55,1.54313e-57,-3.57833e-59,7.15040e-56
0.00000e+00,0.00000e+00,0.00000e+00,0.00000e+00,0.00000e+00,1.33430e-61,3.20614e-60,5.55119e-63,6.69909e-62,1.97323e-61,3.81462e-58,8.93617e-57,1.62696e-59,1.92401e-58,5.63189e-58,7.15040e-56,1.66931e-54,3.05957e-57,3.60565e-56,1.05637e-55
0.00000e+00,0.00000e+00,0.00000e+00,0.00000e+00,0.00000e+00,1.97323e-61,4.74215e-60,8.20853e-63,1.33430e-61,2.57341e-61,5.63189e-58,1.31978e-56,2.40131e-59,3.81462e-58,7.33781e-58,1.05637e-55,2.46726e-54,4.51834e-57,7.15040e-56,1.37745e-55
0.00000e+00,0.00000e+00,0.00000e+00,0.00000e+00,0.00000e+00,2.57341e-61,6.18657e-60,1.07024e-62,1.97323e-61,3.12143e-61,7.33781e-58,1.72033e-56,3.12744e-59,5.63189e-58,8.89369e-58,1.37745e-55,3.21900e-54,5.88874e-57,1.05637e-55,1.67065e-55
0.00000e+00,0.00000e+00,0.00000e+00,0.00000e+00,0.00000e+00,3.12143e-61,7.50710e-60,1.29769e-62,2.57341e-61,3.60399e-61,8.89369e-58,2.08616e-56,3.78886e-59,7.33781e-58,1.02610e-57,1.67065e-55,3.90666e-54,7.13817e-57,1.37745e-55,1.92764e-55
0.00000e+00,0.00000e+00,0.00000e+00,0.00000e+00,0.00000e+00,3.60399e-61,8.67144e-60,1.49775e-62,3.12143e-61,4.00845e-61,1.02610e-57,2.40812e-56,4.36937e-59,8.89369e-58,1.14029e-57,1.92764e-55,4.51052e-54,8.23148e-57,1.67065e-55,2.13907e-55
0.00000e+00,0.00000e+00,0.00000e+00,0.00000e+00,0.00000e+00,4.00845e-61,9.64852e-60,1.66525e-62,3.60399e-61,4.32345e-61,1.14029e-57,2.67738e-56,4.85356e-59,1.02610e-57,1.22861e-57,2.13907e-55,5.00826e-54,9.12946e-57,1.92764e-55,2.29351e-55
0.00000e+00,0.00000e+00,0.00000e+00,0.00000e+00,0.00000e+00,4.32345e-61,1.04102e-59,1.79559e-62,4.00845e-61,4.53961e-61,1.22861e-57,2.88588e-56,5.22768e-59,1.14029e-57,1.28762e-57,2.29351e-55,5.37256e-54,9.78420e-57,2.13907e-55,2.36782e-55
0.00000e+00,0.00000e+00,0.00000e+00,0.00000e+00,0.00000e+00,4.53961e-61,1.09333e-59,1.88498e-62,4.32345e-61,4.62195e-61,1.28762e-57,3.02527e-56,5.47758e-59,1.22861e-57,1.30813e-57,2.36782e-55,5.54863e-54,1.00980e-56,2.29351e-55,2.36933e-55
0.00000e+00,0.00000e+00,0.00000e+00,0.00000e+00,0.00000e+00,-1.87746e-62,-4.52323e-61,-7.79262e-64,-1.91021e-62,-1.79064e-62,-5.47491e-59,-1.28705e-57,-2.32777e-60,-5.56155e-59,-5.22565e-59,-1.00948e-56,-2.36713e-55,-4.30232e-58,-1.00998e-56,-9.78167e-57
0.00000e+00,0.00000e+00,0.00000e+00,0.00000e+00,0.00000e+00,-1.79064e-62,-4.31268e-61,-7.43461e-64,-1.87746e-62,-1.66278e-62,-5.22565e-59,-1.22817e-57,-2.22225e-60,-5.47491e-59,-4.85233e-59,-9.78167e-57,-2.29297e-55,-4.17010e-58,-1.00948e-56,-9.12788e-57
0.00000e+00,0.00000e+00,0.00000e+00,0.00000e+00,0.00000e+00,-1.66278e-62,-4.00306e-61,-6.90645e-64,-1.79064e-62,-1.49753e-62,-4.85233e-59,-1.14002e-57,-2.06415e-60,-5.22565e-59,-4.36900e-59,-9.12788e-57,-2.13873e-55,-3.89297e-58,-9.78167e-57,-8.23096e-57
0.00000e+00,0.00000e+00,0.00000e+00,0.00000e+00,0.00000e+00,-1.49753e-62,-3.60348e-61,-6.22284e-64,-1.66278e-62,-1.29943e-62,-4.36900e-59,-1.02602e-57,-1.85926e-60,-4.85233e-59,-3.78933e-59,-8.23096e-57,-1.92753e-55,-3.51214e-58,-9.12788e-57,-7.13869e-57
0.00000e+00,0.00000e+00,0.00000e+00,0.00000e+00,0.00000e+00,-1.29943e-62,-3.12519e-61,-5.40226e-64,-1.49753e-62,-1.07361e-62,-3.78933e-59,-8.89470e-58,-1.61325e-60,-4.36900e-59,-3.12864e-59,-7.13869e-57,-1.67076e-55,-3.04765e-58,-8.23096e-57,-5.89021e-57
0.00000e+00,0.00000e+00,0.00000e+00,0.00000e+00,0.00000e+00,-1.07361e-62,-2.58076e-61,-4.46563e-64,-1.29943e-62,-8.25526e-63,-3.12864e-59,-7.34042e-58,-1.33254e-60,-3.78933e-59,-2.40313e-59,-5.89021e-57,-1.37777e-55,-2.51595e-58,-7.13869e-57,-4.52060e-57
0.00000e+00,0.00000e+00,0.00000e+00,0.00000e+00,0.00000e+00,-8.25526e-63,-1.98340e-61,-3.43537e-64,-1.07361e-62,-5.60729e-63,-2.40313e-59,-5.63583e-58,-1.02392e-60,-3.12864e-59,-1.62924e-59,-4.52060e-57,-1.05686e-55,-1.93183e-58,-5.89021e-57,-3.06243e-57
0.00000e+00,0.00000e+00,0.00000e+00,0.00000e+00,0.00000e+00,-5.60729e-63,-1.34652e-61,-2.33461e-64,-8.25526e-63,-2.84779e-63,-1.62924e-59,-3.81955e-58,-6.94401e-61,-2.40313e-59,-8.23280e-60,-3.06243e-57,-7.15651e-56,-1.30919e-58,-4.52060e-57,-1.54636e-57
0.00000e+00,0.00000e+00,0.00000e+00,0.00000e+00,0.00000e+00,-2.84779e-63,-6.83357e-62,-1.18663e-64,-5.60729e-63,-3.18186e-65,-8.23280e-60,-1.92954e-58,-3.50983e-61,-1.62924e-59,-1.32953e-62,-1.54636e-57,-3.61254e-56,-6.61256e-59,-3.06243e-57,-1.67420e-60
0.00000e+00,0.00000e+00,0.00000e+00,0.00000e+00,0.00000e+00,-3.18186e-65,-6.92964e-64,-1.46562e-66,-2.84779e-63,2.78604e-63,-1.32953e-62,-2.86552e-61,-6.15782e-64,-8.23280e-60,8.20716e-60,-1.67420e-60,-3.57833e-59,-7.81239e-62,-1.54636e-57,1.54313e-57
0.00000e+00,0.00000e+00,0.00000e+00,0.00000e+00,0.00000e+00,2.78604e-63,6.69909e-62,1.15819e-64,-3.18186e-65,5.55119e-63,8.20716e-60,1.92401e-58,3.49795e-61,-1.32953e-62,1.62696e-59,1.54313e-57,3.60565e-56,6.59751e-59,-1.67420e-60,3.05957e-57
0.00000e+00,0.00000e+00,0.00000e+00,0.00000e+00,0.00000e+00,5.55119e-63,1.33430e-61,2.30878e-64,2.78604e-63,8.20853e-63,1.62696e-59,3.81462e-58,6.93344e-61,8.20716e-60,2.40131e-59,3.05957e-57,7.15040e-56,1.30786e-58,1.54313e-57,4.51834e-57
0.00000e+00,0.00000e+00,0.00000e+00,0.00000e+00,0.00000e+00,8.20853e-63,1.97323e-61,3.41386e-64,5.55119e-63,1.07024e-62,2.40131e-59,5.63189e-58,1.02308e-60,1.62696e-59,3.12744e-59,4.51834e-57,1.05637e-55,1.93078e-58,3.05957e-57,5.88874e-57
0.00000e+00,0.00000e+00,0.00000e+00,0.00000e+00,0.00000e+00,1.07024e-62,2.57341e-61,4.45009e-64,8.20853e-63,1.29769e-62,3.12744e-59,7.33781e-58,1.33198e-60,2.40131e-59,3.78886e-59,5.88874e-57,1.37745e-55,2.51527e-58,4.51834e-57,7.13817e-57
0.00000e+00,0.00000e+00,0.00000e+00,0.00000e+00,0.00000e+00,1.29769e-62,3.12143e-61,5.39428e-64,1.07024e-62,1.49775e-62,3.78886e-59,8.89369e-58,1.61304e-60,3.12744e-59,4.36937e-59,7.13817e-57,1.67065e-55,3.04741e-58,5.88874e-57,8.23148e-57
0.00000e+00,0.00000e+00,0.00000e+00,0.00000e+00,0.00000e+00,1.49775e-62,3.60399e-61,6.22390e-64,1.29769e-62,1.66525e-62,4.36937e-59,1.02610e-57,1.85943e-60,3.78886e-59,4.85356e-59,8.23148e-57,1.92764e-55,3.51238e-58,7.13817e-57,9.12946e-57
0.00000e+00,0.00000e+00,0.00000e+00,0.00000e+00,0.00000e+00,1.66525e-62,4.00845e-61,6.91783e-64,1.49775e-62,1.79559e-62,4.85356e-59,1.14029e-57,2.06472e-60,4.36937e-59,5.22768e-59,9.12946e-57,2.13907e-55,3.89370e-58,8.23148e-57,9.78420e-57
0.00000e+00,0.00000e+00,0.00000e+00,0.00000e+00,0.00000e+00,1.79559e-62,4.32345e-61,7.45737e-64,1.66525e-62,1.88498e-62,5.22768e-59,1.22861e-57,2.22319e-60,4.85356e-59,5.47758e-59,9.78420e-57,2.29351e-55,4.17128e-58,9.12946e-57,1.00980e-56
0.00000e+00,0.00000e+00,0.00000e+00,0.00000e+00,0.00000e+00,1.88498e-62,4.53961e-61,7.82725e-64,1.79559e-62,1.91902e-62,5.47758e-59,1.28762e-57,2.32901e-60,5.22768e-59,5.56447e-59,1.00980e-56,2.36782e-55,4.30382e-58,9.78420e-57,1.01032e-56
0.00000e+00,0.00000e+00,0.00000e+00,0.00000e+00,0.00000e+00,-7.79262e-64,-1.87746e-62,-3.23433e-65,-7.92752e-64,-7.43461e-64,-2.32777e-60,-5.47491e-59,-9.89222e-62,-2.36449e-60,-2.22225e-60,-4.30232e-58,-1.00948e-56,-1.83254e-59,-4.30400e-58,-4.17010e-58
0.00000e+00,0.00000e+00,0.00000e+00,0.00000e+00,0.00000e+00,-7.43461e-64,-1.79064e-62,-3.08666e-65,-7.79262e-64,-6.90645e-64,-2.22225e-60,-5.22565e-59,-9.44549e-62,-2.32777e-60,-2.06415e-60,-4.17010e-58,-9.78167e-57,-1.77669e-59,-4.30232e-58,-3.89297e-58
0.00000e+00,0.00000e+00,0.00000e+00,0.00000e+00,0.00000e+00,-6.90645e-64,-1.66278e-62,-2.86845e-65,-7.43461e-64,-6.22284e-64,-2.06415e-60,-4.85233e-59,-8.77596e-62,-2.22225e-60,-1.85926e-60,-3.89297e-58,-9.12788e-57,-1.65922e-59,-4.17010e-58,-3.51214e-58
0.00000e+00,0.00000e+00,0.00000e+00,0.00000e+00,0.00000e+00,-6.22284e-64,-1.49753e-62,-2.58562e-65,-6.90645e-64,-5.40226e-64,-1.85926e-60,-4.36900e-59,-7.90757e-62,-2.06415e-60,-1.61325e-60,-3.51214e-58,-8.23096e-57,-1.49755e-59,-3.89297e-58,-3.04765e-58
0.00000e+00,0.00000e+00,0.00000e+00,0.00000e+00,0.00000e+00,-5.40226e-64,-1.29943e-62,-2.24568e-65,-6.22284e-64,-4.46563e-64,-1.61325e-60,-3.78933e-59,-6.86387e-62,-1.85926e-60,-1.33254e-60,-3.04765e-58,-7.13869e-57,-1.30010e-59,-3.51214e-58,-2.51595e-58
0.00000e+00,0.00000e+00,0.00000e+00,0.00000e+00,0.00000e+00,-4.46563e-64,-1.07361e-62,-1.85718e-65,-5.40226e-64,-3.43537e-64,-1.33254e-60,-3.12864e-59,-5.67163e-62,-1.61325e-60,-1.02392e-60,-2.51595e-58,-5.89021e-57,-1.07378e-59,-3.04765e-58,-1.93183e-58
0.00000e+00,0.00000e+00,0.00000e+00,0.00000e+00,0.00000e+00,-3.43537e-64,-8.25526e-63,-1.42938e-65,-4.46563e-64,-2.33461e-64,-1.02392e-60,-2.40313e-59,-4.35957e-62,-1.33254e-60,-6.94401e-61,-1.93183e-58,-4.52060e-57,-8.24823e-60,-2.51595e-58,-1.30919e-58
0.00000e+00,0.00000e+00,0.00000e+00,0.00000e+00,0.00000e+00,-2.33461e-64,-5.60729e-63,-9.71874e-66,-3.43537e-64,-1.18663e-64,-6.94401e-61,-1.62924e-59,-2.95741e-62,-1.02392e-60,-3.50983e-61,-1.30919e-58,-3.06243e-57,-5.59166e-60,-1.93183e-58,-6.61256e-59
0.00000e+00,0.00000e+00,0.00000e+00,0.00000e+00,0.00000e+00,-1.18663e-64,-2.84779e-63,-4.94411e-66,-2.33461e-64,-1.46562e-66,-3.50983e-61,-8.23280e-60,-1.49518e-62,-6.94401e-61,-6.15782e-64,-6.61256e-59,-1.54636e-57,-2.82502e-60,-1.30919e-58,-7.81239e-62
0.00000e+00,0.00000e+00,0.00000e+00,0.00000e+00,0.00000e+00,-1.46562e-66,-3.18186e-65,-6.77165e-68,-1.18663e-64,1.15819e-64,-6.15782e-64,-1.32953e-62,-2.84890e-65,-3.50983e-61,3.49795e-61,-7.81239e-62,-1.67420e-60,-3.63645e-63,-6.61256e-59,6.59751e-59
0.00000e+00,0.00000e+00,0.00000e+00,0.00000e+00,0.00000e+00,1.15819e-64,2.78604e-63,4.81272e-66,-1.46562e-66,2.30878e-64,3.49795e-61,8.20716e-60,1.48968e-62,-6.15782e-64,6.93344e-61,6.59751e-59,1.54313e-57,2.81801e-60,-7.81239e-62,1.30786e-58
0.00000e+00,0.00000e+00,0.00000e+00,0.00000e+00,0.00000e+00,2.30878e-64,5.55119e-63,9.59944e-66,1.15819e-64,3.41386e-64,6.93344e-61,1.62696e-59,2.95252e-62,3.49795e-61,1.02308e-60,1.30786e-58,3.05957e-57,5.58546e-60,6.59751e-59,1.93078e-58
0.00000e+00,0.00000e+00,0.00000e+00,0.00000e+00,0.00000e+00,3.41386e-64,8.20853e-63,1.41945e-65,2.30878e-64,4.45009e-64,1.02308e-60,2.40131e-59,4.35566e-62,6.93344e-61,1.33198e-60,1.93078e-58,4.51834e-57,8.24332e-60,1.30786e-58,2.51527e-58
0.00000e+00,0.00000e+00,0.00000e+00,0.00000e+00,0.00000e+00,4.45009e-64,1.07024e-62,1.85002e-65,3.41386e-64,5.39428e-64,1.33198e-60,3.12744e-59,5.66904e-62,1.02308e-60,1.61304e-60,2.51527e-58,5.88874e-57,1.07346e-59,1.93078e-58,3.04741e-58
0.00000e+00,0.00000e+00,0.00000e+00,0.00000e+00,0.00000e+00,5.39428e-64,1.29769e-62,2.24201e-65,4.45009e-64,6.22390e-64,1.61304e-60,3.78886e-59,6.86289e-62,1.33198e-60,1.85943e-60,3.04741e-58,7.13817e-57,1.29999e-59,2.51527e-58,3.51238e-58
0.00000e+00,0.00000e+00,0.00000e+00,0.00000e+00,0.00000e+00,6.22390e-64,1.49775e-62,2.58612e-65,5.39428e-64,6.91783e-64,1.85943e-60,4.36937e-59,7.90837e-62,1.61304e-60,2.06472e-60,3.51238e-58,8.23148e-57,1.49767e-59,3.04741e-58,3.89370e-58
0.00000e+00,0.00000e+00,0.00000e+00,0.00000e+00,0.00000e+00,6.91783e-64,1.66525e-62,2.87371e-65,6.22390e-64,7.45737e-64,2.06472e-60,4.85356e-59,8.77859e-62,1.85943e-60,2.22319e-60,3.89370e-58,9.12946e-57,1.65956e-59,3.51238e-58,4.17128e-58
0.00000e+00,0.00000e+00,0.00000e+00,0.00000e+00,0.00000e+00,7.45737e-64,1.79559e-62,3.09717e-65,6.91783e-64,7.82725e-64,2.22319e-60,5.22768e-59,9.44984e-62,2.06472e-60,2.32901e-60,4.17128e-58,9.78420e-57,1.77724e-59,3.89370e-58,4.30382e-58
0.00000e+00,0.00000e+00,0.00000e+00,0.00000e+00,0.00000e+00,7.82725e-64,1.88498e-62,3.25031e-65,7.45737e-64,7.96812e-64,2.32901e-60,5.47758e-59,9.89794e-62,2.22319e-60,2.36584e-60,4.30382e-58,1.00980e-56,1.83324e-59,4.17128e-58,4.30561e-58
0.00000e+00,0.00000e+00,0.00000e+00,0.00000e+00,0.00000e+00,-3.23433e-65,-7.79262e-64,-1.34235e-66,-3.28990e-65,-3.08666e-65,-9.89222e-62,-2.32777e-60,-4.20188e-63,-1.00478e-61,-9.44549e-62,-1.83254e-59,-4.30232e-58,-7.80119e-61,-1.83309e-59,-1.77669e-59
0.00000e+00,0.00000e+00,0.00000e+00,0.00000e+00,0.00000e+00,-3.08666e-65,-7.43461e-64,-1.28144e-66,-3.23433e-65,-2.86845e-65,-9.44549e-62,-2.22225e-60,-4.01276e-63,-9.89222e-62,-8.77596e-62,-1.77669e-59,-4.17010e-58,-7.56518e-61,-1.83254e-59,-1.65922e-59
0.00000e+00,0.00000e+00,0.00000e+00,0.00000e+00,0.00000e+00,-2.86845e-65,-6.90645e-64,-1.19127e-66,-3.08666e-65,-2.58562e-65,-8.77596e-62,-2.06415e-60,-3.72926e-63,-9.44549e-62,-7.90757e-62,-1.65922e-59,-3.89297e-58,-7.06729e-61,-1.77669e-59,-1.49755e-59
0.00000e+00,0.00000e+00,0.00000e+00,0.00000e+00,0.00000e+00,-2.58562e-65,-6.22284e-64,-1.07424e-66,-2.86845e-65,-2.24568e-65,-7.90757e-62,-1.85926e-60,-3.36128e-63,-8.77596e-62,-6.86387e-62,-1.49755e-59,-3.51214e-58,-6.38115e-61,-1.65922e-59,-1.30010e-59
0.00000e+00,0.00000e+00,0.00000e+00,0.00000e+00,0.00000e+00,-2.24568e-65,-5.40226e-64,-9.33405e-67,-2.58562e-65,-1.85718e-65,-6.86387e-62,-1.61325e-60,-2.91861e-63,-7.90757e-62,-5.67163e-62,-1.30010e-59,-3.04765e-58,-5.54211e-61,-1.49755e-59,-1.07378e-59
0.00000e+00,0.00000e+00,0.00000e+00,0.00000e+00,0.00000e+00,-1.85718e-65,-4.46563e-64,-7.72270e-67,-2.24568e-65,-1.42938e-65,-5.67163e-62,-1.33254e-60,-2.41246e-63,-6.86387e-62,-4.35957e-62,-1.07378e-59,-2.51595e-58,-4.57919e-61,-1.30010e-59,-8.24823e-60
0.00000e+00,0.00000e+00,0.00000e+00,0.00000e+00,0.00000e+00,-1.42938e-65,-3.43537e-64,-5.94648e-67,-1.85718e-65,-9.71874e-66,-4.35957e-62,-1.02392e-60,-1.85493e-63,-5.67163e-62,-2.95741e-62,-8.24823e-60,-1.93183e-58,-3.51881e-61,-1.07378e-59,-5.59166e-60
0.00000e+00,0.00000e+00,0.00000e+00,0.00000e+00,0.00000e+00,-9.71874e-66,-2.33461e-64,-4.04528e-67,-1.42938e-65,-4.94411e-66,-2.95741e-62,-6.94401e-61,-1.25866e-63,-4.35957e-62,-1.49518e-62,-5.59166e-60,-1.30919e-58,-2.38621e-61,-8.24823e-60,-2.82502e-60
0.00000e+00,0.00000e+00,0.00000e+00,0.00000e+00,0.00000e+00,-4.94411e-66,-1.18663e-64,-2.05987e-67,-9.71874e-66,-6.77165e-68,-1.49518e-62,-3.50983e-61,-6.36490e-64,-2.95741e-62,-2.84890e-65,-2.82502e-60,-6.61256e-59,-1.20585e-61,-5.59166e-60,-3.63645e-63
0.00000e+00,0.00000e+00,0.00000e+00,0.00000e+00,0.00000e+00,-6.77165e-68,-1.46562e-66,-3.13648e-69,-4.94411e-66,4.81272e-66,-2.84890e-65,-6.15782e-64,-1.31740e-66,-1.49518e-62,1.48968e-62,-3.63645e-63,-7.81239e-62,-1.68902e-64,-2.82502e-60,2.81801e-60
0.00000e+00,0.00000e+00,0.00000e+00,0.00000e+00,0.00000e+00,4.81272e-66,1.15819e-64,1.99902e-67,-6.77165e-68,9.59944e-66,1.48968e-62,3.49795e-61,6.33950e-64,-2.84890e-65,2.95252e-62,2.81801e-60,6.59751e-59,1.20260e-61,-3.63645e-63,5.58546e-60
0.00000e+00,0.00000e+00,0.00000e+00,0.00000e+00,0.00000e+00,9.59944e-66,2.30878e-64,3.99006e-67,4.81272e-66,1.41945e-65,2.95252e-62,6.93344e-61,1.25640e-63,1.48968e-62,4.35566e-62,5.58546e-60,1.30786e-58,2.38333e-61,2.81801e-60,8.24332e-60
0.00000e+00,0.00000e+00,0.00000e+00,0.00000e+00,0.00000e+00,1.41945e-65,3.41386e-64,5.90056e-67,9.59944e-66,1.85002e-65,4.35566e-62,1.02308e-60,1.85313e-63,2.95252e-62,5.66904e-62,8.24332e-60,1.93078e-58,3.51654e-61,5.58546e-60,1.07346e-59
0.00000e+00,0.00000e+00,0.00000e+00,0.00000e+00,0.00000e+00,1.85002e-65,4.45009e-64,7.68962e-67,1.41945e-65,2.24201e-65,5.66904e-62,1.33198e-60,2.41126e-63,4.35566e-62,6.86289e-62,1.07346e-59,2.51527e-58,4.57771e-61,8.24332e-60,1.29999e-59
0.00000e+00,0.00000e+00,0.00000e+00,0.00000e+00,0.00000e+00,2.24201e-65,5.39428e-64,9.31717e-67,1.85002e-65,2.58612e-65,6.86289e-62,1.61304e-60,2.91816e-63,5.66904e-62,7.90837e-62,1.29999e-59,3.04741e-58,5.54160e-61,1.07346e-59,1.49767e-59
0.00000e+00,0.00000e+00,0.00000e+00,0.00000e+00,0.00000e+00,2.58612e-65,6.22390e-64,1.07448e-66,2.24201e-65,2.87371e-65,7.90837e-62,1.85943e-60,3.36165e-63,6.86289e-62,8.77859e-62,1.49767e-59,3.51238e-58,6.38169e-61,1.29999e-59,1.65956e-59
0.00000e+00,0.00000e+00,0.00000e+00,0.00000e+00,0.00000e+00,2.87371e-65,6.91783e-64,1.19371e-66,2.58612e-65,3.09717e-65,8.77859e-62,2.06472e-60,3.73048e-63,7.90837e-62,9.44984e-62,1.65956e-59,3.89370e-58,7.06889e-61,1.49767e-59,1.77724e-59
0.00000e+00,0.00000e+00,0.00000e+00,0.00000e+00,0.00000e+00,3.09717e-65,7.45737e-64,1.28630e-66,2.87371e-65,3.25031e-65,9.44984e-62,2.22319e-60,4.01477e-63,8.77859e-62,9.89794e-62,1.77724e-59,4.17128e-58,7.56772e-61,1.65956e-59,1.83324e-59
0.00000e+00,0.00000e+00,0.00000e+00,0.00000e+00,0.00000e+00,3.25031e-65,7.82725e-64,1.34973e-66,3.09717e-65,3.30863e-65,9.89794e-62,2.32901e-60,4.20452e-63,9.44984e-62,1.00540e-61,1.83324e-59,4.30382e-58,7.80442e-61,1.77724e-59,1.83383e-59
0.00000e+00,0.00000e+00,0.00000e+00,0.00000e+00,0.00000e+00,-1.34235e-66,-3.23433e-65,-5.57083e-68,-1.36524e-66,-1.28144e-66,-4.20188e-63,-9.89222e-62,-1.78401e-64,-4.26780e-63,-4.01276e-63,-7.80119e-61,-1.83254e-59,-3.31919e-62,-7.80284e-61,-7.56518e-61
0.00000e+00,0.00000e+00,0.00000e+00,0.00000e+00,0.00000e+00,-1.28144e-66,-3.08666e-65,-5.31956e-68,-1.34235e-66,-1.19127e-66,-4.01276e-63,-9.44549e-62,-1.70395e-64,-4.20188e-63,-3.72926e-63,-7.56518e-61,-1.77669e-59,-3.21944e-62,-7.80119e-61,-7.06729e-61
0.00000e+00,0.00000e+00,0.00000e+00,0.00000e+00,0.00000e+00,-1.19127e-66,-2.86845e-65,-4.94695e-68,-1.28144e-66,-1.07424e-66,-3.72926e-63,-8.77596e-62,-1.58392e-64,-4.01276e-63,-3.36128e-63,-7.06729e-61,-1.65922e-59,-3.00844e-62,-7.56518e-61,-6.38115e-61
0.00000e+00,0.00000e+00,0.00000e+00,0.00000e+00,0.00000e+00,-1.07424e-66,-2.58562e-65,-4.46268e-68,-1.19127e-66,-9.33405e-67,-3.36128e-63,-7.90757e-62,-1.42802e-64,-3.72926e-63,-2.91861e-63,-6.38115e-61,-1.49755e-59,-2.71730e-62,-7.06729e-61,-5.54211e-61
0.00000e+00,0.00000e+00,0.00000e+00,0.00000e+00,0.00000e+00,-9.33405e-67,-2.24568e-65,-3.87921e-68,-1.07424e-66,-7.72270e-67,-2.91861e-63,-6.86387e-62,-1.24033e-64,-3.36128e-63,-2.41246e-63,-5.54211e-61,-1.30010e-59,-2.36088e-62,-6.38115e-61,-4.57919e-61
0.00000e+00,0.00000e+00,0.00000e+00,0.00000e+00,0.00000e+00,-7.72270e-67,-1.85718e-65,-3.21090e-68,-9.33405e-67,-5.94648e-67,-2.41246e-63,-5.67163e-62,-1.02553e-64,-2.91861e-63,-1.85493e-63,-4.57919e-61,-1.07378e-59,-1.95140e-62,-5.54211e-61,-3.51881e-61
0.00000e+00,0.00000e+00,0.00000e+00,0.00000e+00,0.00000e+00,-5.94648e-67,-1.42938e-65,-2.47351e-68,-7.72270e-67,-4.04528e-67,-1.85493e-63,-4.35957e-62,-7.88749e-65,-2.41246e-63,-1.25866e-63,-3.51881e-61,-8.24823e-60,-1.50002e-62,-4.57919e-61,-2.38621e-61
0.00000e+00,0.00000e+00,0.00000e+00,0.00000e+00,0.00000e+00,-4.04528e-67,-9.71874e-66,-1.68359e-68,-5.94648e-67,-2.05987e-67,-1.25866e-63,-2.95741e-62,-5.35332e-65,-1.85493e-63,-6.36490e-64,-2.38621e-61,-5.59166e-60,-1.01749e-62,-3.51881e-61,-1.20585e-61
0.00000e+00,0.00000e+00,0.00000e+00,0.00000e+00,0.00000e+00,-2.05987e-67,-4.94411e-66,-8.58184e-69,-4.04528e-67,-3.13648e-69,-6.36490e-64,-1.49518e-62,-2.70771e-65,-1.25866e-63,-1.31740e-66,-1.20585e-61,-2.82502e-60,-5.14295e-63,-2.38621e-61,-1.68902e-64
0.00000e+00,0.00000e+00,0.00000e+00,0.00000e+00,0.00000e+00,-3.13648e-69,-6.77165e-68,-1.45504e-70,-2.05987e-67,1.99902e-67,-1.31740e-66,-2.84890e-65,-6.09221e-68,-6.36490e-64,6.33950e-64,-1.68902e-64,-3.63645e-63,-7.83157e-66,-1.20585e-61,1.20260e-61
0.00000e+00,0.00000e+00,0.00000e+00,0.00000e+00,0.00000e+00,1.99902e-67,4.81272e-66,8.29963e-69,-3.13648e-69,3.99006e-67,6.33950e-64,1.48968e-62,2.69597e-65,-1.31740e-66,1.25640e-63,1.20260e-61,2.81801e-60,5.12787e-63,-1.68902e-64,2.38333e-61
0.00000e+00,0.00000e+00,0.00000e+00,0.00000e+00,0.00000e+00,3.99006e-67,9.59944e-66,1.65800e-68,1.99902e-67,5.90056e-67,1.25640e-63,2.95252e-62,5.34287e-65,6.33950e-64,1.85313e-63,2.38333e-61,5.58546e-60,1.01615e-62,1.20260e-61,3.51654e-61
0.00000e+00,0.00000e+00,0.00000e+00,0.00000e+00,0.00000e+00,5.90056e-67,1.41945e-65,2.45225e-68,3.99006e-67,7.68962e-67,1.85313e-63,4.35566e-62,7.87915e-65,1.25640e-63,2.41126e-63,3.51654e-61,8.24332e-60,1.49897e-62,2.38333e-61,4.57771e-61
0.00000e+00,0.00000e+00,0.00000e+00,0.00000e+00,0.00000e+00,7.68962e-67,1.85002e-65,3.19562e-68,5.90056e-67,9.31717e-67,2.41126e-63,5.66904e-62,1.02498e-64,1.85313e-63,2.91816e-63,4.57771e-61,1.07346e-59,1.95072e-62,3.51654e-61,5.54160e-61
0.00000e+00,0.00000e+00,0.00000e+00,0.00000e+00,0.00000e+00,9.31717e-67,2.24201e-65,3.87145e-68,7.68962e-67,1.07448e-66,2.91816e-63,6.86289e-62,1.24012e-64,2.41126e-63,3.36165e-63,5.54160e-61,1.29999e-59,2.36065e-62,4.57771e-61,6.38169e-61
0.00000e+00,0.00000e+00,0.00000e+00,0.00000e+00,0.00000e+00,1.07448e-66,2.58612e-65,4.46387e-68,9.31717e-67,1.19371e-66,3.36165e-63,7.90837e-62,1.42819e-64,2.91816e-63,3.73048e-63,6.38169e-61,1.49767e-59,2.71755e-62,5.54160e-61,7.06889e-61
0.00000e+00,0.00000e+00,0.00000e+00,0.00000e+00,0.00000e+00,1.19371e-66,2.87371e-65,4.95832e-68,1.07448e-66,1.28630e-66,3.73048e-63,8.77859e-62,1.58448e-64,3.36165e-63,4.01477e-63,7.06889e-61,1.65956e-59,3.00918e-62,6.38169e-61,7.56772e-61
0.00000e+00,0.00000e+00,0.00000e+00,0.00000e+00,0.00000e+00,1.28630e-66,3.09717e-65,5.34210e-68,1.19371e-66,1.34973e-66,4.01477e-63,9.44984e-62,1.70488e-64,3.73048e-63,4.20452e-63,7.56772e-61,1.77724e-59,3.22062e-62,7.06889e-61,7.80442e-61
0.00000e+00,0.00000e+00,0.00000e+00,0.00000e+00,0.00000e+00,1.34973e-66,3.25031e-65,5.60499e-68,1.28630e-66,1.37389e-66,4.20452e-63,9.89794e-62,1.78523e-64,4.01477e-63,4.27069e-63,7.80442e-61,1.83324e-59,3.32068e-62,7.56772e-61,7.80630e-61
0.00000e+00,0.00000e+00,0.00000e+00,0.00000e+00,0.00000e+00,-5.57083e-68,-1.34235e-66,-2.31178e-69,-5.66513e-68,-5.31956e-68,-1.78401e-64,-4.20188e-63,-7.57093e-66,-1.81194e-64,-1.70395e-64,-3.31919e-62,-7.80119e-61,-1.41086e-63,-3.31964e-62,-3.21944e-62
0.00000e+00,0.00000e+00,0.00000e+00,0.00000e+00,0.00000e+00,-5.31956e-68,-1.28144e-66,-2.20801e-69,-5.57083e-68,-4.94695e-68,-1.70395e-64,-4.01276e-63,-7.23172e-66,-1.78401e-64,-1.58392e-64,-3.21944e-62,-7.56518e-61,-1.36866e-63,-3.31919e-62,-3.00844e-62
0.00000e+00,0.00000e+00,0.00000e+00,0.00000e+00,0.00000e+00,-4.94695e-68,-1.19127e-66,-2.05400e-69,-5.31956e-68,-4.46268e-68,-1.58392e-64,-3.72926e-63,-6.72353e-66,-1.70395e-64,-1.42802e-64,-3.00844e-62,-7.06729e-61,-1.27929e-63,-3.21944e-62,-2.71730e-62
0.00000e+00,0.00000e+00,0.00000e+00,0.00000e+00,0.00000e+00,-4.46268e-68,-1.07424e-66,-1.85360e-69,-4.94695e-68,-3.87921e-68,-1.42802e-64,-3.36128e-63,-6.06320e-66,-1.58392e-64,-1.24033e-64,-2.71730e-62,-6.38115e-61,-1.15584e-63,-3.00844e-62,-2.36088e-62
0.00000e+00,0.00000e+00,0.00000e+00,0.00000e+00,0.00000e+00,-3.87921e-68,-9.33405e-67,-1.61189e-69,-4.46268e-68,-3.21090e-68,-1.24033e-64,-2.91861e-63,-5.26768e-66,-1.42802e-64,-1.02553e-64,-2.36088e-62,-5.54211e-61,-1.00456e-63,-2.71730e-62,-1.95140e-62
0.00000e+00,0.00000e+00,0.00000e+00,0.00000e+00,0.00000e+00,-3.21090e-68,-7.72270e-67,-1.33475e-69,-3.87921e-68,-2.47351e-68,-1.02553e-64,-2.41246e-63,-4.35662e-66,-1.24033e-64,-7.88749e-65,-1.95140e-62,-4.57919e-61,-8.30599e-64,-2.36088e-62,-1.50002e-62
0.00000e+00,0.00000e+00,0.00000e+00,0.00000e+00,0.00000e+00,-2.47351e-68,-5.94648e-67,-1.02868e-69,-3.21090e-68,-1.68359e-68,-7.88749e-65,-1.85493e-63,-3.35155e-66,-1.02553e-64,-5.35332e-65,-1.50002e-62,-3.51881e-61,-6.38663e-64,-1.95140e-62,-1.01749e-62
0.00000e+00,0.00000e+00,0.00000e+00,0.00000e+00,0.00000e+00,-1.68359e-68,-4.04528e-67,-7.00565e-70,-2.47351e-68,-8.58184e-69,-5.35332e-65,-1.25866e-63,-2.27523e-66,-7.88749e-65,-2.70771e-65,-1.01749e-62,-2.38621e-61,-4.33323e-64,-1.50002e-62,-5.14295e-63
0.00000e+00,0.00000e+00,0.00000e+00,0.00000e+00,0.00000e+00,-8.58184e-69,-2.05987e-67,-3.57509e-70,-1.68359e-68,-1.45504e-70,-2.70771e-65,-6.36490e-64,-1.15107e-66,-5.35332e-65,-6.09221e-68,-5.14295e-63,-1.20585e-61,-2.19072e-64,-1.01749e-62,-7.83157e-66
0.00000e+00,0.00000e+00,0.00000e+00,0.00000e+00,0.00000e+00,-1.45504e-70,-3.13648e-69,-6.75307e-72,-8.58184e-69,8.29963e-69,-6.09221e-68,-1.31740e-66,-2.81770e-69,-2.70771e-65,2.69597e-65,-7.83157e-66,-1.68902e-64,-3.62446e-67,-5.14295e-63,5.12787e-63
0.00000e+00,0.00000e+00,0.00000e+00,0.00000e+00,0.00000e+00,8.29963e-69,1.99902e-67,3.44415e-70,-1.45504e-70,1.65800e-68,2.69597e-65,6.33950e-64,1.14563e-66,-6.09221e-68,5.34287e-65,5.12787e-63,1.20260e-61,2.18374e-64,-7.83157e-66,1.01615e-62
0.00000e+00,0.00000e+00,0.00000e+00,0.00000e+00,0.00000e+00,1.65800e-68,3.99006e-67,6.88697e-70,8.29963e-69,2.45225e-68,5.34287e-65,1.25640e-63,2.27040e-66,2.69597e-65,7.87915e-65,1.01615e-62,2.38333e-61,4.32705e-64,5.12787e-63,1.49897e-62
0.00000e+00,0.00000e+00,0.00000e+00,0.00000e+00,0.00000e+00,2.45225e-68,5.90056e-67,1.01884e-69,1.65800e-68,3.19562e-68,7.87915e-65,1.85313e-63,3.34770e-66,5.34287e-65,1.02498e-64,1.49897e-62,3.51654e-61,6.38176e-64,1.01615e-62,1.95072e-62
0.00000e+00,0.00000e+00,0.00000e+00,0.00000e+00,0.00000e+00,3.19562e-68,7.68962e-67,1.32769e-69,2.45225e-68,3.87145e-68,1.02498e-64,2.41126e-63,4.35407e-66,7.87915e-65,1.24012e-64,1.95072e-62,4.57771e-61,8.30284e-64,1.49897e-62,2.36065e-62
0.00000e+00,0.00000e+00,0.00000e+00,0.00000e+00,0.00000e+00,3.87145e-68,9.31717e-67,1.60833e-69,3.19562e-68,4.46387e-68,1.24012e-64,2.91816e-63,5.26671e-66,1.02498e-64,1.42819e-64,2.36065e-62,5.54160e-61,1.00445e-63,1.95072e-62,2.71755e-62
0.00000e+00,0.00000e+00,0.00000e+00,0.00000e+00,0.00000e+00,4.46387e-68,1.07448e-66,1.85419e-69,3.87145e-68,4.95832e-68,1.42819e-64,3.36165e-63,6.06399e-66,1.24012e-64,1.58448e-64,2.71755e-62,6.38169e-61,1.15595e-63,2.36065e-62,3.00918e-62
0.00000e+00,0.00000e+00,0.00000e+00,0.00000e+00,0.00000e+00,4.95832e-68,1.19371e-66,2.05930e-69,4.46387e-68,5.34210e-68,1.58448e-64,3.73048e-63,6.72613e-66,1.42819e-64,1.70488e-64,3.00918e-62,7.06889e-61,1.27963e-63,2.71755e-62,3.22062e-62
0.00000e+00,0.00000e+00,0.00000e+00,0.00000e+00,0.00000e+00,5.34210e-68,1.28630e-66,2.21846e-69,4.95832e-68,5.60499e-68,1.70488e-64,4.01477e-63,7.23602e-66,1.58448e-64,1.78523e-64,3.22062e-62,7.56772e-61,1.36921e-63,3.00918e-62,3.32068e-62
0.00000e+00,0.00000e+00,0.00000e+00,0.00000e+00,0.00000e+00,5.60499e-68,1.34973e-66,2.32758e-69,5.34210e-68,5.70510e-68,1.78523e-64,4.20452e-63,7.57657e-66,1.70488e-64,1.81328e-64,3.32068e-62,7.80442e-61,1.41155e-63,3.22062e-62,3.32124e-62
0.00000e+00,0.00000e+00,0.00000e+00,0.00000e+00,0.00000e+00,-2.31178e-69,-5.57083e-68,-1.84246e-70,-2.35071e-69,-2.20801e-69,-7.57093e-66,-1.78401e-64,-6.14444e-67,-7.68957e-66,-7.23172e-66,-1.41086e-63,-3.31919e-62,-1.10332e-64,-1.41099e-63,-1.36866e-63
0.00000e+00,0.00000e+00,0.00000e+00,0.00000e+00,0.00000e+00,-2.20801e-69,-5.31956e-68,-1.75806e-70,-2.31178e-69,-2.05400e-69,-7.23172e-66,-1.70395e-64,-5.87113e-67,-7.57093e-66,-6.72353e-66,-1.36866e-63,-3.21944e-62,-1.08908e-64,-1.41086e-63,-1.27929e-63
0.00000e+00,0.00000e+00,0.00000e+00,0.00000e+00,0.00000e+00,-2.05400e-69,-4.94695e-68,-1.63527e-70,-2.20801e-69,-1.85360e-69,-6.72353e-66,-1.58392e-64,-5.45510e-67,-7.23172e-66,-6.06320e-66,-1.27929e-63,-3.00844e-62,-1.01603e-64,-1.36866e-63,-1.15584e-63
0.00000e+00,0.00000e+00,0.00000e+00,0.00000e+00,0.00000e+00,-1.85360e-69,-4.46268e-68,-1.47603e-70,-2.05400e-69,-1.61189e-69,-6.06320e-66,-1.42802e-64,-4.91805e-67,-6.72353e-66,-5.26768e-66,-1.15584e-63,-2.71730e-62,-9.17058e-65,-1.27929e-63,-1.00456e-63
0.00000e+00,0.00000e+00,0.00000e+00,0.00000e+00,0.00000e+00,-1.61189e-69,-3.87921e-68,-1.28396e-70,-1.85360e-69,-1.33475e-69,-5.26768e-66,-1.24033e-64,-4.27238e-67,-6.06320e-66,-4.35662e-66,-1.00456e-63,-2.36088e-62,-7.96698e-65,-1.15584e-63,-8.30599e-64
0.00000e+00,0.00000e+00,0.00000e+00,0.00000e+00,0.00000e+00,-1.33475e-69,-3.21090e-68,-1.06360e-70,-1.61189e-69,-1.02868e-69,-4.35662e-66,-1.02553e-64,-3.53343e-67,-5.26768e-66,-3.35155e-66,-8.30599e-64,-1.95140e-62,-6.58663e-65,-1.00456e-63,-6.38663e-64
0.00000e+00,0.00000e+00,0.00000e+00,0.00000e+00,0.00000e+00,-1.02868e-69,-2.47351e-68,-8.20061e-71,-1.33475e-69,-7.00565e-70,-3.35155e-66,-7.88749e-65,-2.71838e-67,-4.35662e-66,-2.27523e-66,-6.38663e-64,-1.50002e-62,-5.06482e-65,-8.30599e-64,-4.33323e-64
0.00000e+00,0.00000e+00,0.00000e+00,0.00000e+00,0.00000e+00,-7.00565e-70,-1.68359e-68,-5.58800e-71,-1.02868e-69,-3.57509e-70,-2.27523e-66,-5.35332e-65,-1.84552e-67,-3.35155e-66,-1.15107e-66,-4.33323e-64,-1.01749e-62,-3.43675e-65,-6.38663e-64,-2.19072e-64
0.00000e+00,0.00000e+00,0.00000e+00,0.00000e+00,0.00000e+00,-3.57509e-70,-8.58184e-69,-2.85503e-71,-7.00565e-70,-6.75307e-72,-1.15107e-66,-2.70771e-65,-9.33784e-68,-2.27523e-66,-2.81770e-69,-2.19072e-64,-5.14295e-63,-1.73772e-65,-4.33323e-64,-3.62446e-67
0.00000e+00,0.00000e+00,0.00000e+00,0.00000e+00,0.00000e+00,-6.75307e-72,-1.45504e-70,-5.97799e-73,-3.57509e-70,3.44415e-70,-2.81770e-69,-6.09221e-68,-2.44945e-70,-1.15107e-66,1.14563e-66,-3.62446e-67,-7.83157e-66,-3.09388e-68,-2.19072e-64,2.18374e-64
0.00000e+00,0.00000e+00,0.00000e+00,0.00000e+00,0.00000e+00,3.44415e-70,8.29963e-69,2.73914e-71,-6.75307e-72,6.88697e-70,1.14563e-66,2.69597e-65,9.29063e-68,-2.81770e-69,2.27040e-66,2.18374e-64,5.12787e-63,1.73177e-65,-3.62446e-67,4.32705e-64
0.00000e+00,0.00000e+00,0.00000e+00,0.00000e+00,0.00000e+00,6.88697e-70,1.65800e-68,5.48304e-71,3.44415e-70,1.01884e-69,2.27040e-66,5.34287e-65,1.84132e-67,1.14563e-66,3.34770e-66,4.32705e-64,1.01615e-62,3.43148e-65,2.18374e-64,6.38176e-64
0.00000e+00,0.00000e+00,0.00000e+00,0.00000e+00,0.00000e+00,1.01884e-69,2.45225e-68,8.11366e-71,6.88697e-70,1.32769e-69,3.34770e-66,7.87915e-65,2.71504e-67,2.27040e-66,4.35407e-66,6.38176e-64,1.49897e-62,5.06066e-65,4.32705e-64,8.30284e-64
0.00000e+00,0.00000e+00,0.00000e+00,0.00000e+00,0.00000e+00,1.32769e-69,3.19562e-68,1.05738e-70,1.01884e-69,1.60833e-69,4.35407e-66,1.02498e-64,3.53123e-67,3.34770e-66,5.26671e-66,8.30284e-64,1.95072e-62,6.58394e-65,6.38176e-64,1.00445e-63
0.00000e+00,0.00000e+00,0.00000e+00,0.00000e+00,0.00000e+00,1.60833e-69,3.87145e-68,1.28084e-70,1.32769e-69,1.85419e-69,5.26671e-66,1.24012e-64,4.27155e-67,4.35407e-66,6.06399e-66,1.00445e-63,2.36065e-62,7.96606e-65,8.30284e-64,1.15595e-63
0.00000e+00,0.00000e+00,0.00000e+00,0.00000e+00,0.00000e+00,1.85419e-69,4.46387e-68,1.47658e-70,1.60833e-69,2.05930e-69,6.06399e-66,1.42819e-64,4.91875e-67,5.26671e-66,6.72613e-66,1.15595e-63,2.71755e-62,9.17159e-65,1.00445e-63,1.27963e-63
0.00000e+00,0.00000e+00,0.00000e+00,0.00000e+00,0.00000e+00,2.05930e-69,4.95832e-68,1.63998e-70,1.85419e-69,2.21846e-69,6.72613e-66,1.58448e-64,5.45738e-67,6.06399e-66,7.23602e-66,1.27963e-63,3.00918e-62,1.01633e-64,1.15595e-63,1.36921e-63
0.00000e+00,0.00000e+00,0.00000e+00,0.00000e+00,0.00000e+00,2.21846e-69,5.34210e-68,1.76732e-70,2.05930e-69,2.32758e-69,7.23602e-66,1.70488e-64,5.87490e-67,6.72613e-66,7.57657e-66,1.36921e-63,3.22062e-62,1.08954e-64,1.27963e-63,1.41155e-63
0.00000e+00,0.00000e+00,0.00000e+00,0.00000e+00,0.00000e+00,2.32758e-69,5.60499e-68,1.85643e-70,2.21846e-69,2.36918e-69,7.57657e-66,1.78523e-64,6.14929e-67,7.23602e-66,7.69574e-66,1.41155e-63,3.32068e-62,1.10389e-64,1.36921e-63,1.41174e-63
-4.76618e-03,-8.97228e-03,-2.92408e-04,-7.05754e-03,-1.67071e-03,2.05224e-02,1.00765e-01,-1.47702e-03,6.17898e-02,-1.65847e-02,-1.55331e-01,-1.47770e+00,6.87194e-03,-5.85051e-01,1.69870e-01,1.48657e+00,3.22395e+01,-1.70366e-01,7.88769e+00,-2.52322e+00
-1.67071e-03,-3.09001e-03,-1.32476e-04,-4.76618e-03,-5.84953e-04,-1.65847e-02,-2.76269e-02,-1.98697e-03,2.05224e-02,-1.03156e-02,1.69870e-01,4.93613e-01,8.88849e-04,-1.55331e-01,3.65530e-02,-2.52322e+00,-1.20719e+01,5.15557e-02,1.48657e+00,8.09874e-02
-5.84953e-04,-1.06409e-03,-5.62721e-05,-1.67071e-03,-2.04733e-04,-1.03156e-02,-1.74305e-02,-1.22097e-03,-1.65847e-02,-5.13536e-03,3.65530e-02,1.25920e-01,-3.46412e-03,1.69870e-01,-1.03821e-02,8.09874e-02,-2.24603e-01,3.77407e-02,-2.52322e+00,2.76480e-01
-2.04733e-04,-3.66697e-04,-2.29473e-05,-5.84953e-04,-7.16492e-05,-5.13536e-03,-8.48968e-03,-6.61228e-04,-1.03156e-02,-2.31215e-03,-1.03821e-02,-1.33687e-03,-4.03655e-03,3.65530e-02,-1.47800e-02,2.76480e-01,5.58061e-01,1.53968e-02,8.09874e-02,1.17491e-01
-7.16492e-05,-1.26485e-04,-9.09858e-06,-2.04733e-04,-2.50702e-05,-2.31215e-03,-3.70845e-03,-3.28471e-04,-5.13536e-03,-9.82360e-04,-1.47800e-02,-1.97480e-02,-2.98567e-03,-1.03821e-02,-9.83279e-03,1.17491e-01,2.62295e-01,-5.32289e-04,2.76480e-01,1.61297e-02
-2.50702e-05,-4.36635e-05,-3.53381e-06,-7.16492e-05,-8.75968e-06,-9.82360e-04,-1.52539e-03,-1.53449e-04,-2.31215e-03,-4.01059e-04,-9.83279e-03,-1.41596e-02,-1.81457e-03,-1.47800e-02,-5.23775e-03,1.61297e-02,5.51294e-02,-6.17426e-03,1.17491e-01,-1.44328e-02
-8.75968e-06,-1.50665e-05,-1.34884e-06,-2.50702e-05,-3.02516e-06,-4.01059e-04,-6.03032e-04,-6.83220e-05,-9.82360e-04,-1.56954e-04,-5.23775e-03,-7.50640e-03,-9.76355e-04,-9.83279e-03,-2.44543e-03,-1.44328e-02,-1.20624e-02,-6.08723e-03,1.61297e-02,-1.49869e-02
-3.02516e-06,-5.14494e-06,-5.01510e-07,-8.75968e-06,-9.43167e-07,-1.56954e-04,-2.29015e-04,-2.88273e-05,-4.01059e-04,-5.35256e-05,-2.44543e-03,-3.42866e-03,-4.73005e-04,-5.23775e-03,-9.31400e-04,-1.49869e-02,-1.88103e-02,-4.10058e-03,-1.44328e-02,-7.89017e-03
-9.43167e-07,-1.58996e-06,-1.65107e-07,-3.02516e-06,5.36056e-15,-5.35256e-05,-7.62741e-05,-1.03955e-05,-1.56954e-04,4.60928e-14,-9.31400e-04,-1.27825e-03,-1.86685e-04,-2.44543e-03,-5.49404e-08,-7.89017e-03,-1.03225e-02,-1.94999e-03,-1.49869e-02,-5.92357e-06
5.36056e-15,1.15481e-15,4.48079e-16,-9.43167e-07,9.43167e-07,4.60928e-14,1.48453e-14,8.72571e-15,-5.35256e-05,5.35256e-05,-5.49404e-08,-1.26830e-07,-8.22362e-09,-9.31400e-04,9.31186e-04,-5.92357e-06,-1.30762e-05,-9.53557e-07,-7.89017e-03,7.86966e-03
9.43167e-07,1.58996e-06,1.65107e-07,5.36056e-15,3.02516e-06,5.35256e-05,7.62741e-05,1.03955e-05,4.60928e-14,1.56954e-04,9.31186e-04,1.27771e-03,1.86656e-04,-5.49404e-08,2.44472e-03,7.86966e-03,1.02737e-02,1.94689e-03,-5.92357e-06,1.49288e-02
3.02516e-06,5.14494e-06,5.01510e-07,9.43167e-07,8.75968e-06,1.56954e-04,2.29015e-04,2.88273e-05,5.35256e-05,4.01059e-04,2.44472e-03,3.42667e-03,4.72917e-04,9.31186e-04,5.23521e-03,1.49288e-02,1.86566e-02,4.09259e-03,7.86966e-03,1.42604e-02
8.75968e-06,1.50665e-05,1.34884e-06,3.02516e-06,2.50702e-05,4.01059e-04,6.03032e-04,6.83220e-05,1.56954e-04,9.82360e-04,5.23521e-03,7.49859e-03,9.76075e-04,2.44472e-03,9.82377e-03,1.42604e-02,1.15616e-02,6.06536e-03,1.49288e-02,-1.66211e-02
2.50702e-05,4.36635e-05,3.53381e-06,8.75968e-06,7.16492e-05,9.82360e-04,1.52539e-03,1.53449e-04,4.01059e-04,2.31215e-03,9.82377e-03,1.41287e-02,1.81369e-03,5.23521e-03,1.47481e-02,-1.66211e-02,-5.66765e-02,6.11589e-03,1.42604e-02,-1.18729e-01
7.16492e-05,1.26485e-04,9.09858e-06,2.50702e-05,2.04733e-04,2.31215e-03,3.70845e-03,3.28471e-04,9.82360e-04,5.13536e-03,1.47481e-02,1.96250e-02,2.98296e-03,9.82377e-03,1.02696e-02,-1.18729e-01,-2.66236e-01,3.83829e-04,-1.66211e-02,-2.79083e-01
2.04733e-04,3.66697e-04,2.29473e-05,7.16492e-05,5.84953e-04,5.13536e-03,8.48968e-03,6.61228e-04,2.31215e-03,1.03156e-02,1.02696e-02,8.48363e-04,4.02839e-03,1.47481e-02,-3.69428e-02,-2.79083e-01,-5.66013e-01,-1.57422e-02,-1.18729e-01,-8.59074e-02
5.84953e-04,1.06409e-03,5.62721e-05,2.04733e-04,1.67071e-03,1.03156e-02,1.74305e-02,1.22097e-03,5.13536e-03,1.65847e-02,-3.69428e-02,-1.27725e-01,3.44043e-03,1.02696e-02,-1.71143e-01,-8.59074e-02,2.07364e-01,-3.84176e-02,-2.79083e-01,2.52018e+00
1.67071e-03,3.09001e-03,1.32476e-04,5.84953e-04,4.76618e-03,1.65847e-02,2.76269e-02,1.98697e-03,1.03156e-02,-2.05224e-02,-1.71143e-01,-4.99732e-01,-9.50152e-04,-3.69428e-02,1.53045e-01,2.52018e+00,1.20725e+01,-5.27156e-02,-8.59074e-02,-1.47728e+00
4.76618e-03,8.97228e-03,2.92408e-04,1.67071e-03,7.05754e-03,-2.05224e-02,-1.00765e-01,1.47702e-03,1.65847e-02,-6.17898e-02,1.53045e-01,1.46793e+00,-7.04174e-03,-1.71143e-01,5.82007e-01,-1.47728e+00,-3.21557e+01,1.70756e-01,2.52018e+00,-7.86915e+00
-2.92408e-04,-4.76618e-03,-1.28728e-05,-3.99604e-04,-1.32476e-04,-1.47702e-03,2.05224e-02,-9.01284e-04,-4.36012e-04,-1.98697e-03,6.87194e-03,-1.55331e-01,2.93626e-03,9.54067e-03,8.88849e-04,-1.70366e-01,1.48657e+00,-5.20753e-02,-3.92540e-01,5.15557e-02
-1.32476e-04,-1.67071e-03,-7.09251e-06,-2.92408e-04,-5.62721e-05,-1.98697e-03,-1.65847e-02,-4.65349e-04,-1.47702e-03,-1.22097e-03,8.88849e-04,1.69870e-01,-2.62504e-03,6.87194e-03,-3.46412e-03,5.15557e-02,-2.52322e+00,3.92479e-02,-1.70366e-01,3.77407e-02
-5.62721e-05,-5.84953e-04,-3.54525e-06,-1.32476e-04,-2.29473e-05,-1.22097e-03,-1.03156e-02,-2.25615e-04,-1.98697e-03,-6.61228e-04,-3.46412e-03,3.65530e-02,-2.51392e-03,8.88849e-04,-4.03655e-03,3.77407e-02,8.09874e-02,1.39824e-02,5.15557e-02,1.53968e-02
-2.29473e-05,-2.04733e-04,-1.65614e-06,-5.62721e-05,-9.09858e-06,-6.61228e-04,-5.13536e-03,-1.06853e-04,-1.22097e-03,-3.28471e-04,-4.03655e-03,-1.03821e-02,-1.60323e-03,-3.46412e-03,-2.98567e-03,1.53968e-02,2.76480e-01,-7.98390e-04,3.77407e-02,-5.32289e-04
-9.09858e-06,-7.16492e-05,-7.37559e-07,-2.29473e-05,-3.53381e-06,-3.28471e-04,-2.31215e-03,-4.95578e-05,-6.61228e-04,-1.53449e-04,-2.98567e-03,-1.47800e-02,-8.78983e-04,-4.03655e-03,-1.81457e-03,-5.32289e-04,1.17491e-01,-4.59322e-03,1.53968e-02,-6.17426e-03
-3.53381e-06,-2.50702e-05,-3.16889e-07,-9.09858e-06,-1.34884e-06,-1.53449e-04,-9.82360e-04,-2.25085e-05,-3.28471e-04,-6.83220e-05,-1.81457e-03,-9.83279e-03,-4.45142e-04,-2.98567e-03,-9.76355e-04,-6.17426e-03,1.61297e-02,-3.99745e-03,-5.32289e-04,-6.08723e-03
-1.34884e-06,-8.75968e-06,-1.32113e-07,-3.53381e-06,-5.01510e-07,-6.83220e-05,-4.01059e-04,-9.98699e-06,-1.53449e-04,-2.88273e-05,-9.76355e-04,-5.23775e-03,-2.13562e-04,-1.81457e-03,-4.73005e-04,-6.08723e-03,-1.44328e-02,-2.55828e-03,-6.17426e-03,-4.10058e-03
-5.01510e-07,-3.02516e-06,-5.29596e-08,-1.34884e-06,-1.65107e-07,-2.88273e-05,-1.56954e-04,-4.25678e-06,-6.83220e-05,-1.03955e-05,-4.73005e-04,-2.44543e-03,-9.64788e-05,-9.76355e-04,-1.86685e-04,-4.10058e-03,-1.49869e-02,-1.38136e-03,-6.08723e-03,-1.94999e-03
-1.65107e-07,-9.43167e-07,-1.84355e-08,-5.01510e-07,4.48079e-16,-1.03955e-05,-5.35256e-05,-1.55603e-06,-2.88273e-05,8.72571e-15,-1.86685e-04,-9.31400e-04,-3.66704e-05,-4.73005e-04,-8.22362e-09,-1.94999e-03,-7.89017e-03,-5.83366e-04,-4.10058e-03,-9.53557e-07
4.48079e-16,5.36056e-15,1.60377e-15,-1.65107e-07,1.65107e-07,8.72571e-15,4.60928e-14,7.11588e-15,-1.03955e-05,1.03955e-05,-8.22362e-09,-5.49404e-08,-6.67171e-10,-1.86685e-04,1.86656e-04,-9.53557e-07,-5.92357e-06,-9.54527e-08,-1.94999e-03,1.94689e-03
1.65107e-07,9.43167e-07,1.84355e-08,4.48079e-16,5.01510e-07,1.03955e-05,5.35256e-05,1.55603e-06,8.72571e-15,2.88273e-05,1.86656e-04,9.31186e-04,3.66682e-05,-8.22362e-09,4.72917e-04,1.94689e-03,7.86966e-03,5.83063e-04,-9.53557e-07,4.09259e-03
5.01510e-07,3.02516e-06,5.29596e-08,1.65107e-07,1.34884e-06,2.88273e-05,1.56954e-04,4.25678e-06,1.03955e-05,6.83220e-05,4.72917e-04,2.44472e-03,9.64728e-05,1.86656e-04,9.76075e-04,4.09259e-03,1.49288e-02,1.38060e-03,1.94689e-03,6.06536e-03
1.34884e-06,8.75968e-06,1.32113e-07,5.01510e-07,3.53381e-06,6.83220e-05,4.01059e-04,9.98699e-06,2.88273e-05,1.53449e-04,9.76075e-04,5.23521e-03,2.13545e-04,4.72917e-04,1.81369e-03,6.06536e-03,1.42604e-02,2.55622e-03,4.09259e-03,6.11589e-03
3.53381e-06,2.50702e-05,3.16889e-07,1.34884e-06,9.09858e-06,1.53449e-04,9.82360e-04,2.25085e-05,6.83220e-05,3.28471e-04,1.81369e-03,9.82377e-03,4.45094e-04,9.76075e-04,2.98296e-03,6.11589e-03,-1.66211e-02,3.99194e-03,6.06536e-03,3.83829e-04
9.09858e-06,7.16492e-05,7.37559e-07,3.53381e-06,2.29473e-05,3.28471e-04,2.31215e-03,4.95578e-05,1.53449e-04,6.61228e-04,2.98296e-03,1.47481e-02,8.78853e-04,1.81369e-03,4.02839e-03,3.83829e-04,-1.18729e-01,4.57889e-03,6.11589e-03,-1.57422e-02
2.29473e-05,2.04733e-04,1.65614e-06,9.09858e-06,5.62721e-05,6.61228e-04,5.13536e-03,1.06853e-04,3.28471e-04,1.22097e-03,4.02839e-03,1.02696e-02,1.60290e-03,2.98296e-03,3.44043e-03,-1.57422e-02,-2.79083e-01,7.62922e-04,3.83829e-04,-3.84176e-02
5.62721e-05,5.84953e-04,3.54525e-06,2.29473e-05,1.32476e-04,1.22097e-03,1.03156e-02,2.25615e-04,6.61228e-04,1.98697e-03,3.44043e-03,-3.69428e-02,2.51311e-03,4.02839e-03,-9.50152e-04,-3.84176e-02,-8.59074e-02,-1.40619e-02,-1.57422e-02,-5.27156e-02
1.32476e-04,1.67071e-03,7.09251e-06,5.62721e-05,2.92408e-04,1.98697e-03,1.65847e-02,4.65349e-04,1.22097e-03,1.47702e-03,-9.50152e-04,-1.71143e-01,2.62348e-03,3.44043e-03,-7.04174e-03,-5.27156e-02,2.52018e+00,-3.93878e-02,-3.84176e-02,1.70756e-01
2.92408e-04,4.76618e-03,1.28728e-05,1.32476e-04,3.99604e-04,1.47702e-03,-2.05224e-02,9.01284e-04,1.98697e-03,4.36012e-04,-7.04174e-03,1.53045e-01,-2.93823e-03,-9.50152e-04,-9.79378e-03,1.70756e-01,-1.47728e+00,5.19491e-02,-5.27156e-02,3.94831e-01
-1.28728e-05,-2.92408e-04,-5.27949e-07,-1.63678e-05,-7.09251e-06,-9.01284e-04,-1.47702e-03,-7.67949e-05,-1.17075e-03,-4.65349e-04,2.93626e-03,6.87194e-03,-2.65250e-04,8.42988e-03,-2.62504e-03,-5.20753e-02,-1.70366e-01,-1.56992e-04,-1.58749e-01,3.92479e-02
-7.09251e-06,-1.32476e-04,-3.34154e-07,-1.28728e-05,-3.54525e-06,-4.65349e-04,-1.98697e-03,-4.48753e-05,-9.01284e-04,-2.25615e-04,-2.62504e-03,8.88849e-04,-4.19643e-04,2.93626e-03,-2.51392e-03,3.92479e-02,5.15557e-02,5.68252e-04,-5.20753e-02,1.39824e-02
-3.54525e-06,-5.62721e-05,-1.88990e-07,-7.09251e-06,-1.65614e-06,-2.25615e-04,-1.22097e-03,-2.36850e-05,-4.65349e-04,-1.06853e-04,-2.51392e-03,-3.46412e-03,-3.32376e-04,-2.62504e-03,-1.60323e-03,1.39824e-02,3.77407e-02,-5.30628e-04,3.92479e-02,-7.98390e-04
-1.65614e-06,-2.29473e-05,-9.87102e-08,-3.54525e-06,-7.37559e-07,-1.06853e-04,-6.61228e-04,-1.18405e-05,-2.25615e-04,-4.95578e-05,-1.60323e-03,-4.03655e-03,-2.12791e-04,-2.51392e-03,-8.78983e-04,-7.98390e-04,1.53968e-02,-1.06998e-03,1.39824e-02,-4.59322e-03
-7.37559e-07,-9.09858e-06,-4.86039e-08,-1.65614e-06,-3.16889e-07,-4.95578e-05,-3.28471e-04,-5.69970e-06,-1.06853e-04,-2.25085e-05,-8.78983e-04,-2.98567e-03,-1.20534e-04,-1.60323e-03,-4.45142e-04,-4.59322e-03,-5.32289e-04,-1.01923e-03,-7.98390e-04,-3.99745e-03
-3.16889e-07,-3.53381e-06,-2.28593e-08,-7.37559e-07,-1.32113e-07,-2.25085e-05,-1.53449e-04,-2.66468e-06,-4.95578e-05,-9.98699e-06,-4.45142e-04,-1.81457e-03,-6.30454e-05,-8.78983e-04,-2.13562e-04,-3.99745e-03,-6.17426e-03,-7.34320e-04,-4.59322e-03,-2.55828e-03
-1.32113e-07,-1.34884e-06,-1.03352e-08,-3.16889e-07,-5.29596e-08,-9.98699e-06,-6.83220e-05,-1.21235e-06,-2.25085e-05,-4.25678e-06,-2.13562e-04,-9.76355e-04,-3.10602e-05,-4.45142e-04,-9.64788e-05,-2.55828e-03,-6.08723e-03,-4.49907e-04,-3.99745e-03,-1.38136e-03
-5.29596e-08,-5.01510e-07,-4.44359e-09,-1.32113e-07,-1.84355e-08,-4.25678e-06,-2.88273e-05,-5.28440e-07,-9.98699e-06,-1.55603e-06,-9.64788e-05,-4.73005e-04,-1.43201e-05,-2.13562e-04,-3.66704e-05,-1.38136e-03,-4.10058e-03,-2.41243e-04,-2.55828e-03,-5.83366e-04
-1.84355e-08,-1.65107e-07,-1.62904e-09,-5.29596e-08,1.60377e-15,-1.55603e-06,-1.03955e-05,-1.96526e-07,-4.25678e-06,7.11588e-15,-3.66704e-05,-1.86685e-04,-5.51723e-06,-9.64788e-05,-6.67171e-10,-5.83366e-04,-1.94999e-03,-1.02087e-04,-1.38136e-03,-9.54527e-08
1.60377e-15,4.48079e-16,4.68190e-16,-1.84355e-08,1.84355e-08,7.11588e-15,8.72571e-15,4.82244e-15,-1.55603e-06,1.55603e-06,-6.67171e-10,-8.22362e-09,-4.05073e-11,-3.66704e-05,3.66682e-05,-9.54527e-08,-9.53557e-07,-8.54194e-09,-5.83366e-04,5.83063e-04
1.84355e-08,1.65107e-07,1.62904e-09,1.60377e-15,5.29596e-08,1.55603e-06,1.03955e-05,1.96526e-07,7.11588e-15,4.25678e-06,3.66682e-05,1.86656e-04,5.51710e-06,-6.67171e-10,9.64728e-05,5.83063e-04,1.94689e-03,1.02060e-04,-9.54527e-08,1.38060e-03
5.29596e-08,5.01510e-07,4.44359e-09,1.84355e-08,1.32113e-07,4.25678e-06,2.88273e-05,5.28440e-07,1.55603e-06,9.98699e-06,9.64728e-05,4.72917e-04,1.43198e-05,3.66682e-05,2.13545e-04,1.38060e-03,4.09259e-03,2.41179e-04,5.83063e-04,2.55622e-03
1.32113e-07,1.34884e-06,1.03352e-08,5.29596e-08,3.16889e-07,9.98699e-06,6.83220e-05,1.21235e-06,4.25678e-06,2.25085e-05,2.13545e-04,9.76075e-04,3.10595e-05,9.64728e-05,4.45094e-04,2.55622e-03,6.06536e-03,4.49738e-04,1.38060e-03,3.99194e-03
3.16889e-07,3.53381e-06,2.28593e-08,1.32113e-07,7.37559e-07,2.25085e-05,1.53449e-04,2.66468e-06,9.98699e-06,4.95578e-05,4.45094e-04,1.81369e-03,6.30435e-05,2.13545e-04,8.78853e-04,3.99194e-03,6.11589e-03,7.33885e-04,2.55622e-03,4.57889e-03
7.37559e-07,9.09858e-06,4.86039e-08,3.16889e-07,1.65614e-06,4.95578e-05,3.28471e-04,5.69970e-06,2.25085e-05,1.06853e-04,8.78853e-04,2.98296e-03,1.20530e-04,4.45094e-04,1.60290e-03,4.57889e-03,3.83829e-04,1.01816e-03,3.99194e-03,7.62922e-04
1.65614e-06,2.29473e-05,9.87102e-08,7.37559e-07,3.54525e-06,1.06853e-04,6.61228e-04,1.18405e-05,4.95578e-05,2.25615e-04,1.60290e-03,4.02839e-03,2.12780e-04,8.78853e-04,2.51311e-03,7.62922e-04,-1.57422e-02,1.06746e-03,4.57889e-03,-1.40619e-02
3.54525e-06,5.62721e-05,1.88990e-07,1.65614e-06,7.09251e-06,2.25615e-04,1.22097e-03,2.36850e-05,1.06853e-04,4.65349e-04,2.51311e-03,3.44043e-03,3.32356e-04,1.60290e-03,2.62348e-03,-1.40619e-02,-3.84176e-02,5.25271e-04,7.62922e-04,-3.93878e-02
7.09251e-06,1.32476e-04,3.34154e-07,3.54525e-06,1.28728e-05,4.65349e-04,1.98697e-03,4.48753e-05,2.25615e-04,9.01284e-04,2.62348e-03,-9.50152e-04,4.19611e-04,2.51311e-03,-2.93823e-03,-3.93878e-02,-5.27156e-02,-5.77540e-04,-1.40619e-02,5.19491e-02
1.28728e-05,2.92408e-04,5.27949e-07,7.09251e-06,1.63678e-05,9.01284e-04,1.47702e-03,7.67949e-05,4.65349e-04,1.17075e-03,-2.93823e-03,-7.04174e-03,2.65233e-04,2.62348e-03,-8.43178e-03,5.19491e-02,1.70756e-01,1.45863e-04,-3.93878e-02,1.58663e-01
-5.27949e-07,-1.28728e-05,-2.11761e-08,-6.33994e-07,-3.34154e-07,-7.67949e-05,-9.01284e-04,-4.65140e-06,-9.49340e-05,-4.48753e-05,-2.65250e-04,2.93626e-03,-1.19956e-04,-5.51494e-05,-4.19643e-04,-1.56992e-04,-5.20753e-02,4.21445e-04,-1.47752e-03,5.68252e-04
-3.34154e-07,-7.09251e-06,-1.47332e-08,-5.27949e-07,-1.88990e-07,-4.48753e-05,-4.65349e-04,-3.04269e-06,-7.67949e-05,-2.36850e-05,-4.19643e-04,-2.62504e-03,-7.99176e-05,-2.65250e-04,-3.32376e-04,5.68252e-04,3.92479e-02,-4.17725e-04,-1.56992e-04,-5.30628e-04
-1.88990e-07,-3.54525e-06,-9.16139e-09,-3.34154e-07,-9.87102e-08,-2.36850e-05,-2.25615e-04,-1.77564e-06,-4.48753e-05,-1.18405e-05,-3.32376e-04,-2.51392e-03,-4.80686e-05,-4.19643e-04,-2.12791e-04,-5.30628e-04,1.39824e-02,-4.72613e-04,5.68252e-04,-1.06998e-03
-9.87102e-08,-1.65614e-06,-5.23791e-09,-1.88990e-07,-4.86039e-08,-1.18405e-05,-1.06853e-04,-9.64209e-07,-2.36850e-05,-5.69970e-06,-2.12791e-04,-1.60323e-03,-2.72337e-05,-3.32376e-04,-1.20534e-04,-1.06998e-03,-7.98390e-04,-3.62096e-04,-5.30628e-04,-1.01923e-03
-4.86039e-08,-7.37559e-07,-2.80674e-09,-9.87102e-08,-2.28593e-08,-5.69970e-06,-4.95578e-05,-4.96922e-07,-1.18405e-05,-2.66468e-06,-1.20534e-04,-8.78983e-04,-1.46681e-05,-2.12791e-04,-6.30454e-05,-1.01923e-03,-4.59322e-03,-2.35622e-04,-1.06998e-03,-7.34320e-04
-2.28593e-08,-3.16889e-07,-1.42767e-09,-4.86039e-08,-1.03352e-08,-2.66468e-06,-2.25085e-05,-2.45942e-07,-5.69970e-06,-1.21235e-06,-6.30454e-05,-4.45142e-04,-7.56011e-06,-1.20534e-04,-3.10602e-05,-7.34320e-04,-3.99745e-03,-1.39122e-04,-1.01923e-03,-4.49907e-04
-1.03352e-08,-1.32113e-07,-6.93359e-10,-2.28593e-08,-4.44359e-09,-1.21235e-06,-9.98699e-06,-1.17397e-07,-2.66468e-06,-5.28440e-07,-3.10602e-05,-2.13562e-04,-3.73631e-06,-6.30454e-05,-1.43201e-05,-4.49907e-04,-2.55828e-03,-7.63117e-05,-7.34320e-04,-2.41243e-04
-4.44359e-09,-5.29596e-08,-3.17230e-10,-1.03352e-08,-1.62904e-09,-5.28440e-07,-4.25678e-06,-5.32230e-08,-1.21235e-06,-1.96526e-07,-1.43201e-05,-9.64788e-05,-1.74136e-06,-3.10602e-05,-5.51723e-06,-2.41243e-04,-1.38136e-03,-3.85060e-05,-4.49907e-04,-1.02087e-04
-1.62904e-09,-1.84355e-08,-1.21730e-10,-4.44359e-09,4.68190e-16,-1.96526e-07,-1.55603e-06,-2.03506e-08,-5.28440e-07,4.82244e-15,-5.51723e-06,-3.66704e-05,-6.78336e-07,-1.43201e-05,-4.05073e-11,-1.02087e-04,-5.83366e-04,-1.58110e-05,-2.41243e-04,-8.54194e-09
4.68190e-16,1.60377e-15,-6.33062e-15,-1.62904e-09,1.62904e-09,4.82244e-15,7.11588e-15,-4.34950e-14,-1.96526e-07,1.96526e-07,-4.05073e-11,-6.67171e-10,-2.23081e-12,-5.51723e-06,5.51710e-06,-8.54194e-09,-9.54527e-08,-6.34876e-10,-1.02087e-04,1.02060e-04
1.62904e-09,1.84355e-08,1.21716e-10,4.68190e-16,4.44359e-09,1.96526e-07,1.55603e-06,2.03505e-08,4.82244e-15,5.28440e-07,5.51710e-06,3.66682e-05,6.78330e-07,-4.05073e-11,1.43198e-05,1.02060e-04,5.83063e-04,1.58091e-05,-8.54194e-09,2.41179e-04
4.44359e-09,5.29596e-08,3.17214e-10,1.62904e-09,1.03352e-08,5.28440e-07,4.25678e-06,5.32229e-08,1.96526e-07,1.21235e-06,1.43198e-05,9.64728e-05,1.74135e-06,5.51710e-06,3.10595e-05,2.41179e-04,1.38060e-03,3.85017e-05,1.02060e-04,4.49738e-04
1.03352e-08,1.32113e-07,6.93339e-10,4.44359e-09,2.28593e-08,1.21235e-06,9.98699e-06,1.17397e-07,5.28440e-07,2.66468e-06,3.10595e-05,2.13545e-04,3.73628e-06,1.43198e-05,6.30435e-05,4.49738e-04,2.55622e-03,7.63011e-05,2.41179e-04,7.33885e-04
2.28593e-08,3.16889e-07,1.42765e-09,1.03352e-08,4.86039e-08,2.66468e-06,2.25085e-05,2.45942e-07,1.21235e-06,5.69970e-06,6.30435e-05,4.45094e-04,7.56003e-06,3.10595e-05,1.20530e-04,7.33885e-04,3.99194e-03,1.39097e-04,4.49738e-04,1.01816e-03
4.86039e-08,7.37559e-07,2.80672e-09,2.28593e-08,9.87102e-08,5.69970e-06,4.95578e-05,4.96922e-07,2.66468e-06,1.18405e-05,1.20530e-04,8.78853e-04,1.46679e-05,6.30435e-05,2.12780e-04,1.01816e-03,4.57889e-03,2.35565e-04,7.33885e-04,1.06746e-03
9.87102e-08,1.65614e-06,5.23789e-09,4.86039e-08,1.88990e-07,1.18405e-05,1.06853e-04,9.64209e-07,5.69970e-06,2.36850e-05,2.12780e-04,1.60290e-03,2.72334e-05,1.20530e-04,3.32356e-04,1.06746e-03,7.62922e-04,3.61977e-04,1.01816e-03,5.25271e-04
1.88990e-07,3.54525e-06,9.16138e-09,9.87102e-08,3.34154e-07,2.36850e-05,2.25615e-04,1.77564e-06,1.18405e-05,4.48753e-05,3.32356e-04,2.51311e-03,4.80681e-05,2.12780e-04,4.19611e-04,5.25271e-04,-1.40619e-02,4.72394e-04,1.06746e-03,-5.77540e-04
3.34154e-07,7.09251e-06,1.47332e-08,1.88990e-07,5.27949e-07,4.48753e-05,4.65349e-04,3.04269e-06,2.36850e-05,7.67949e-05,4.19611e-04,2.62348e-03,7.99170e-05,3.32356e-04,2.65233e-04,-5.77540e-04,-3.93878e-02,4.17418e-04,5.25271e-04,1.45863e-04
5.27949e-07,1.28728e-05,2.11761e-08,3.34154e-07,6.33994e-07,7.67949e-05,9.01284e-04,4.65140e-06,4.48753e-05,9.49340e-05,2.65233e-04,-2.93823e-03,1.19956e-04,4.19611e-04,5.51547e-05,1.45863e-04,5.19491e-02,-4.21578e-04,-5.77540e-04,1.46670e-03
-2.11761e-08,-5.27949e-07,-8.45225e-10,-2.44340e-08,-1.47332e-08,-4.65140e-06,-7.67949e-05,-2.46978e-07,-5.48630e-06,-3.04269e-06,-1.19956e-04,-2.65250e-04,-1.20938e-05,-1.38670e-04,-7.99176e-05,4.21445e-04,-1.56992e-04,-3.84874e-05,1.20278e-03,-4.17725e-04
-1.47332e-08,-3.34154e-07,-6.28328e-10,-2.11761e-08,-9.16139e-09,-3.04269e-06,-4.48753e-05,-1.75678e-07,-4.65140e-06,-1.77564e-06,-7.99176e-05,-4.19643e-04,-8.18943e-06,-1.19956e-04,-4.80686e-05,-4.17725e-04,5.68252e-04,-8.22952e-05,4.21445e-04,-4.72613e-04
-9.16139e-09,-1.88990e-07,-4.20139e-10,-1.47332e-08,-5.23791e-09,-1.77564e-06,-2.36850e-05,-1.11498e-07,-3.04269e-06,-9.64209e-07,-4.80686e-05,-3.32376e-04,-4.95776e-06,-7.99176e-05,-2.72337e-05,-4.72613e-04,-5.30628e-04,-7.14539e-05,-4.17725e-04,-3.62096e-04
-5.23791e-09,-9.87102e-08,-2.58413e-10,-9.16139e-09,-2.80674e-09,-9.64209e-07,-1.18405e-05,-6.53849e-08,-1.77564e-06,-4.96922e-07,-2.72337e-05,-2.12791e-04,-2.81021e-06,-4.80686e-05,-1.46681e-05,-3.62096e-04,-1.06998e-03,-5.11427e-05,-4.72613e-04,-2.35622e-04
-2.80674e-09,-4.86039e-08,-1.48636e-10,-5.23791e-09,-1.42767e-09,-4.96922e-07,-5.69970e-06,-3.61006e-08,-9.64209e-07,-2.45942e-07,-1.46681e-05,-1.20534e-04,-1.51729e-06,-2.72337e-05,-7.56011e-06,-2.35622e-04,-1.01923e-03,-3.23543e-05,-3.62096e-04,-1.39122e-04
-1.42767e-09,-2.28593e-08,-8.08676e-11,-2.80674e-09,-6.93359e-10,-2.45942e-07,-2.66468e-06,-1.89937e-08,-4.96922e-07,-1.17397e-07,-7.56011e-06,-6.30454e-05,-7.87397e-07,-1.46681e-05,-3.73631e-06,-1.39122e-04,-7.34320e-04,-1.87884e-05,-2.35622e-04,-7.63117e-05
-6.93359e-10,-1.03352e-08,-4.18005e-11,-1.42767e-09,-3.17230e-10,-1.17397e-07,-1.21235e-06,-9.56476e-09,-2.45942e-07,-5.32230e-08,-3.73631e-06,-3.10602e-05,-3.93383e-07,-7.56011e-06,-1.74136e-06,-7.63117e-05,-4.49907e-04,-1.01910e-05,-1.39122e-04,-3.85060e-05
-3.17230e-10,-4.44359e-09,-2.01930e-11,-6.93359e-10,-1.21730e-10,-5.32230e-08,-5.28440e-07,-4.53401e-09,-1.17397e-07,-2.03506e-08,-1.74136e-06,-1.43201e-05,-1.85693e-07,-3.73631e-06,-6.78336e-07,-3.85060e-05,-2.41243e-04,-5.10570e-06,-7.63117e-05,-1.58110e-05
-1.21730e-10,-1.62904e-09,-8.06130e-12,-3.17230e-10,-6.33062e-15,-2.03506e-08,-1.96526e-07,-1.78905e-09,-5.32230e-08,-4.34950e-14,-6.78336e-07,-5.51723e-06,-7.31294e-08,-1.74136e-06,-2.23081e-12,-1.58110e-05,-1.02087e-04,-2.08858e-06,-3.85060e-05,-6.34876e-10
-6.33062e-15,4.68190e-16,-9.38990e-16,-1.21730e-10,1.21716e-10,-4.34950e-14,4.82244e-15,-8.57975e-15,-2.03506e-08,2.03505e-08,-2.23081e-12,-4.05073e-11,-1.28104e-13,-6.78336e-07,6.78330e-07,-6.34876e-10,-8.54194e-09,-4.03330e-11,-1.58110e-05,1.58091e-05
1.21716e-10,1.62904e-09,8.05928e-12,-6.33062e-15,3.17214e-10,2.03505e-08,1.96526e-07,1.78904e-09,-4.34950e-14,5.32229e-08,6.78330e-07,5.51710e-06,7.31291e-08,-2.23081e-12,1.74135e-06,1.58091e-05,1.02060e-04,2.08846e-06,-6.34876e-10,3.85017e-05
3.17214e-10,4.44359e-09,2.01906e-11,1.21716e-10,6.93339e-10,5.32229e-08,5.28440e-07,4.53399e-09,2.03505e-08,1.17397e-07,1.74135e-06,1.43198e-05,1.85693e-07,6.78330e-07,3.73628e-06,3.85017e-05,2.41179e-04,5.10545e-06,1.58091e-05,7.63011e-05
6.93339e-10,1.03352e-08,4.17976e-11,3.17214e-10,1.42765e-09,1.17397e-07,1.21235e-06,9.56474e-09,5.32229e-08,2.45942e-07,3.73628e-06,3.10595e-05,3.93382e-07,1.74135e-06,7.56003e-06,7.63011e-05,4.49738e-04,1.01905e-05,3.85017e-05,1.39097e-04
1.42765e-09,2.28593e-08,8.08641e-11,6.93339e-10,2.80672e-09,2.45942e-07,2.66468e-06,1.89937e-08,1.17397e-07,4.96922e-07,7.56003e-06,6.30435e-05,7.87394e-07,3.73628e-06,1.46679e-05,1.39097e-04,7.33885e-04,1.87872e-05,7.63011e-05,2.35565e-04
2.80672e-09,4.86039e-08,1.48633e-10,1.42765e-09,5.23789e-09,4.96922e-07,5.69970e-06,3.61005e-08,2.45942e-07,9.64209e-07,1.46679e-05,1.20530e-04,1.51728e-06,7.56003e-06,2.72334e-05,2.35565e-04,1.01816e-03,3.23519e-05,1.39097e-04,3.61977e-04
5.23789e-09,9.87102e-08,2.58410e-10,2.80672e-09,9.16138e-09,9.64209e-07,1.18405e-05,6.53849e-08,4.96922e-07,1.77564e-06,2.72334e-05,2.12780e-04,2.81020e-06,1.46679e-05,4.80681e-05,3.61977e-04,1.06746e-03,5.11381e-05,2.35565e-04,4.72394e-04
9.16138e-09,1.88990e-07,4.20137e-10,5.23789e-09,1.47332e-08,1.77564e-06,2.36850e-05,1.11498e-07,9.64209e-07,3.04269e-06,4.80681e-05,3.32356e-04,4.95775e-06,2.72334e-05,7.99170e-05,4.72394e-04,5.25271e-04,7.14468e-05,3.61977e-04,4.17418e-04
1.47332e-08,3.34154e-07,6.28330e-10,9.16138e-09,2.11761e-08,3.04269e-06,4.48753e-05,1.75678e-07,1.77564e-06,4.65140e-06,7.99170e-05,4.19611e-04,8.18942e-06,4.80681e-05,1.19956e-04,4.17418e-04,-5.77540e-04,8.22876e-05,4.72394e-04,-4.21578e-04
2.11761e-08,5.27949e-07,8.45231e-10,1.47332e-08,2.44340e-08,4.65140e-06,7.67949e-05,2.46978e-07,3.04269e-06,5.48630e-06,1.19956e-04,2.65233e-04,1.20938e-05,7.99170e-05,1.38671e-04,-4.21578e-04,1.45863e-04,3.84883e-05,4.17418e-04,-1.20271e-03
-8.45225e-10,-2.11761e-08,-3.37756e-11,-9.48556e-10,-6.28328e-10,-2.46978e-07,-4.65140e-06,-1.22726e-08,-2.81156e-07,-1.75678e-07,-1.20938e-05,-1.19956e-04,-8.47584e-07,-1.39528e-05,-8.18943e-06,-3.84874e-05,4.21445e-04,-1.59807e-05,1.13168e-05,-8.22952e-05
-6.28328e-10,-1.47332e-08,-2.63365e-11,-8.45225e-10,-4.20139e-10,-1.75678e-07,-3.04269e-06,-9.27393e-09,-2.46978e-07,-1.11498e-07,-8.18943e-06,-7.99176e-05,-6.09469e-07,-1.20938e-05,-4.95776e-06,-8.22952e-05,-4.17725e-04,-1.36693e-05,-3.84874e-05,-7.14539e-05
-4.20139e-10,-9.16139e-09,-1.86271e-11,-6.28328e-10,-2.58413e-10,-1.11498e-07,-1.77564e-06,-6.29223e-09,-1.75678e-07,-6.53849e-08,-4.95776e-06,-4.80686e-05,-3.89739e-07,-8.18943e-06,-2.81021e-06,-7.14539e-05,-4.72613e-04,-9.53840e-06,-8.22952e-05,-5.11427e-05
-2.58413e-10,-5.23791e-09,-1.21553e-11,-4.20139e-10,-1.48636e-10,-6.53849e-08,-9.64209e-07,-3.94027e-09,-1.11498e-07,-3.61006e-08,-2.81021e-06,-2.72337e-05,-2.31034e-07,-4.95776e-06,-1.51729e-06,-5.11427e-05,-3.62096e-04,-6.16255e-06,-7.14539e-05,-3.23543e-05
-1.48636e-10,-2.80674e-09,-7.41865e-12,-2.58413e-10,-8.08676e-11,-3.61006e-08,-4.96922e-07,-2.31488e-09,-6.53849e-08,-1.89937e-08,-1.51729e-06,-1.46681e-05,-1.29462e-07,-2.81021e-06,-7.87397e-07,-3.23543e-05,-2.35622e-04,-3.72307e-06,-5.11427e-05,-1.87884e-05
-8.08676e-11,-1.42767e-09,-4.27544e-12,-1.48636e-10,-4.18005e-11,-1.89937e-08,-2.45942e-07,-1.28993e-09,-3.61006e-08,-9.56476e-09,-7.87397e-07,-7.56011e-06,-6.93584e-08,-1.51729e-06,-3.93383e-07,-1.87884e-05,-1.39122e-04,-2.12290e-06,-3.23543e-05,-1.01910e-05
-4.18005e-11,-6.93359e-10,-2.33263e-12,-8.08676e-11,-2.01930e-11,-9.56476e-09,-1.17397e-07,-6.84068e-10,-1.89937e-08,-4.53401e-09,-3.93383e-07,-3.73631e-06,-3.56310e-08,-7.87397e-07,-1.85693e-07,-1.01910e-05,-7.63117e-05,-1.14640e-06,-1.87884e-05,-5.10570e-06
-2.01930e-11,-3.17230e-10,-1.18122e-12,-4.18005e-11,-8.06130e-12,-4.53401e-09,-5.32230e-08,-3.38779e-10,-9.56476e-09,-1.78905e-09,-1.85693e-07,-1.74136e-06,-1.72216e-08,-3.93383e-07,-7.31294e-08,-5.10570e-06,-3.85060e-05,-5.75476e-07,-1.01910e-05,-2.08858e-06
-8.06130e-12,-1.21730e-10,-4.87867e-13,-2.01930e-11,-9.38990e-16,-1.78905e-09,-2.03506e-08,-1.37879e-10,-4.53401e-09,-8.57975e-15,-7.31294e-08,-6.78336e-07,-6.89818e-09,-1.85693e-07,-1.28104e-13,-2.08858e-06,-1.58110e-05,-2.36247e-07,-5.10570e-06,-4.03330e-11
-9.38990e-16,-6.33062e-15,-8.26563e-17,-8.06130e-12,8.05928e-12,-8.57975e-15,-4.34950e-14,-1.73258e-15,-1.78905e-09,1.78904e-09,-1.28104e-13,-2.23081e-12,-1.46335e-14,-7.31294e-08,7.31291e-08,-4.03330e-11,-6.34876e-10,-2.27066e-12,-2.08858e-06,2.08846e-06
8.05928e-12,1.21716e-10,4.87690e-13,-9.38990e-16,2.01906e-11,1.78904e-09,2.03505e-08,1.37876e-10,-8.57975e-15,4.53399e-09,7.31291e-08,6.78330e-07,6.89815e-09,-1.28104e-13,1.85693e-07,2.08846e-06,1.58091e-05,2.36240e-07,-4.03330e-11,5.10545e-06
2.01906e-11,3.17214e-10,1.18101e-12,8.05928e-12,4.17976e-11,4.53399e-09,5.32229e-08,3.38775e-10,1.78904e-09,9.56474e-09,1.85693e-07,1.74135e-06,1.72216e-08,7.31291e-08,3.93382e-07,5.10545e-06,3.85017e-05,5.75463e-07,2.08846e-06,1.01905e-05
4.17976e-11,6.93339e-10,2.33237e-12,2.01906e-11,8.08641e-11,9.56474e-09,1.17397e-07,6.84063e-10,4.53399e-09,1.89937e-08,3.93382e-07,3.73628e-06,3.56310e-08,1.85693e-07,7.87394e-07,1.01905e-05,7.63011e-05,1.14638e-06,5.10545e-06,1.87872e-05
8.08641e-11,1.42765e-09,4.27515e-12,4.17976e-11,1.48633e-10,1.89937e-08,2.45942e-07,1.28993e-09,9.56474e-09,3.61005e-08,7.87394e-07,7.56003e-06,6.93583e-08,3.93382e-07,1.51728e-06,1.87872e-05,1.39097e-04,2.12285e-06,1.01905e-05,3.23519e-05
1.48633e-10,2.80672e-09,7.41834e-12,8.08641e-11,2.58410e-10,3.61005e-08,4.96922e-07,2.31488e-09,1.89937e-08,6.53849e-08,1.51728e-06,1.46679e-05,1.29461e-07,7.87394e-07,2.81020e-06,3.23519e-05,2.35565e-04,3.72297e-06,1.87872e-05,5.11381e-05
2.58410e-10,5.23789e-09,1.21551e-11,1.48633e-10,4.20137e-10,6.53849e-08,9.64209e-07,3.94027e-09,3.61005e-08,1.11498e-07,2.81020e-06,2.72334e-05,2.31034e-07,1.51728e-06,4.95775e-06,5.11381e-05,3.61977e-04,6.16239e-06,3.23519e-05,7.14468e-05
4.20137e-10,9.16138e-09,1.86270e-11,2.58410e-10,6.28330e-10,1.11498e-07,1.77564e-06,6.29223e-09,6.53849e-08,1.75678e-07,4.95775e-06,4.80681e-05,3.89739e-07,2.81020e-06,8.18942e-06,7.14468e-05,4.72394e-04,9.53820e-06,5.11381e-05,8.22876e-05
6.28330e-10,1.47332e-08,2.63367e-11,4.20137e-10,8.45231e-10,1.75678e-07,3.04269e-06,9.27394e-09,1.11498e-07,2.46978e-07,8.18942e-06,7.99170e-05,6.09468e-07,4.95775e-06,1.20938e-05,8.22876e-05,4.17418e-04,1.36692e-05,7.14468e-05,3.84883e-05
8.45231e-10,2.11761e-08,3.37761e-11,6.28330e-10,9.48565e-10,2.46978e-07,4.65140e-06,1.22726e-08,1.75678e-07,2.81156e-07,1.20938e-05,1.19956e-04,8.47584e-07,8.18942e-06,1.39528e-05,3.84883e-05,-4.21578e-04,1.59808e-05,8.22876e-05,-1.13079e-05
-3.37756e-11,-8.45225e-10,-1.35393e-12,-3.71669e-11,-2.63365e-11,-1.22726e-08,-2.46978e-07,-5.86997e-10,-1.36230e-08,-9.27393e-09,-8.47584e-07,-1.20938e-05,-5.03356e-08,-9.53813e-07,-6.09469e-07,-1.59807e-05,-3.84874e-05,-1.84645e-06,-1.56839e-05,-1.36693e-05
-2.63365e-11,-6.28328e-10,-1.09386e-12,-3.37756e-11,-1.86271e-11,-9.27393e-09,-1.75678e-07,-4.63662e-10,-1.22726e-08,-6.29223e-09,-6.09469e-07,-8.18943e-06,-3.81963e-08,-8.47584e-07,-3.89739e-07,-1.36693e-05,-8.22952e-05,-1.45196e-06,-1.59807e-05,-9.53840e-06
-1.86271e-11,-4.20139e-10,-8.08442e-13,-2.63365e-11,-1.21553e-11,-6.29223e-09,-1.11498e-07,-3.31582e-10,-9.27393e-09,-3.94027e-09,-3.89739e-07,-4.95776e-06,-2.58424e-08,-6.09469e-07,-2.31034e-07,-9.53840e-06,-7.14539e-05,-9.81759e-07,-1.36693e-05,-6.16255e-06
-1.21553e-11,-2.58413e-10,-5.53620e-13,-1.86271e-11,-7.41865e-12,-3.94027e-09,-6.53849e-08,-2.19312e-10,-6.29223e-09,-2.31488e-09,-2.31034e-07,-2.81021e-06,-1.61418e-08,-3.89739e-07,-1.29462e-07,-6.16255e-06,-5.11427e-05,-6.19410e-07,-9.53840e-06,-3.72307e-06
-7.41865e-12,-1.48636e-10,-3.55108e-13,-1.21553e-11,-4.27544e-12,-2.31488e-09,-3.61006e-08,-1.35983e-10,-3.94027e-09,-1.28993e-09,-1.29462e-07,-1.51729e-06,-9.48103e-09,-2.31034e-07,-6.93584e-08,-3.72307e-06,-3.23543e-05,-3.69409e-07,-6.16255e-06,-2.12290e-06
-4.27544e-12,-8.08676e-11,-2.14978e-13,-7.41865e-12,-2.33263e-12,-1.28993e-09,-1.89937e-08,-7.97743e-11,-2.31488e-09,-6.84068e-10,-6.93584e-08,-7.87397e-07,-5.29659e-09,-1.29462e-07,-3.56310e-08,-2.12290e-06,-1.87884e-05,-2.09871e-07,-3.72307e-06,-1.14640e-06
-2.33263e-12,-4.18005e-11,-1.22888e-13,-4.27544e-12,-1.18122e-12,-6.84068e-10,-9.56476e-09,-4.43552e-11,-1.28993e-09,-3.38779e-10,-3.56310e-08,-3.93383e-07,-2.82266e-09,-6.93584e-08,-1.72216e-08,-1.14640e-06,-1.01910e-05,-1.13653e-07,-2.12290e-06,-5.75476e-07
-1.18122e-12,-2.01930e-11,-6.48118e-14,-2.33263e-12,-4.87867e-13,-3.38779e-10,-4.53401e-09,-2.28722e-11,-6.84068e-10,-1.37879e-10,-1.72216e-08,-1.85693e-07,-1.40648e-09,-3.56310e-08,-6.89818e-09,-5.75476e-07,-5.10570e-06,-5.74036e-08,-1.14640e-06,-2.36247e-07
-4.87867e-13,-8.06130e-12,-2.75586e-14,-1.18122e-12,-8.26563e-17,-1.37879e-10,-1.78905e-09,-9.57818e-12,-3.38779e-10,-1.73258e-15,-6.89818e-09,-7.31294e-08,-5.75480e-10,-1.72216e-08,-1.46335e-14,-2.36247e-07,-2.08858e-06,-2.37075e-08,-5.75476e-07,-2.27066e-12
-8.26563e-17,-9.38990e-16,-5.66232e-18,-4.87867e-13,4.87690e-13,-1.73258e-15,-8.57975e-15,-2.30180e-16,-1.37879e-10,1.37876e-10,-1.46335e-14,-1.28104e-13,-2.12086e-15,-6.89818e-09,6.89815e-09,-2.27066e-12,-4.03330e-11,-1.20005e-13,-2.36247e-07,2.36240e-07
4.87690e-13,8.05928e-12,2.75465e-14,-8.26563e-17,1.18101e-12,1.37876e-10,1.78904e-09,9.57770e-12,-1.73258e-15,3.38775e-10,6.89815e-09,7.31291e-08,5.75476e-10,-1.46335e-14,1.72216e-08,2.36240e-07,2.08846e-06,2.37072e-08,-2.27066e-12,5.75463e-07
1.18101e-12,2.01906e-11,6.47975e-14,4.87690e-13,2.33237e-12,3.38775e-10,4.53399e-09,2.28716e-11,1.37876e-10,6.84063e-10,1.72216e-08,1.85693e-07,1.40647e-09,6.89815e-09,3.56310e-08,5.75463e-07,5.10545e-06,5.74031e-08,2.36240e-07,1.14638e-06
2.33237e-12,4.17976e-11,1.22871e-13,1.18101e-12,4.27515e-12,6.84063e-10,9.56474e-09,4.43546e-11,3.38775e-10,1.28993e-09,3.56310e-08,3.93382e-07,2.82265e-09,1.72216e-08,6.93583e-08,1.14638e-06,1.01905e-05,1.13652e-07,5.75463e-07,2.12285e-06
4.27515e-12,8.08641e-11,2.14958e-13,2.33237e-12,7.41834e-12,1.28993e-09,1.89937e-08,7.97737e-11,6.84063e-10,2.31488e-09,6.93583e-08,7.87394e-07,5.29658e-09,3.56310e-08,1.29461e-07,2.12285e-06,1.87872e-05,2.09869e-07,1.14638e-06,3.72297e-06
7.41834e-12,1.48633e-10,3.55088e-13,4.27515e-12,1.21551e-11,2.31488e-09,3.61005e-08,1.35982e-10,1.28993e-09,3.94027e-09,1.29461e-07,1.51728e-06,9.48102e-09,6.93583e-08,2.31034e-07,3.72297e-06,3.23519e-05,3.69405e-07,2.12285e-06,6.16239e-06
1.21551e-11,2.58410e-10,5.53603e-13,7.41834e-12,1.86270e-11,3.94027e-09,6.53849e-08,2.19312e-10,2.31488e-09,6.29223e-09,2.31034e-07,2.81020e-06,1.61418e-08,1.29461e-07,3.89739e-07,6.16239e-06,5.11381e-05,6.19405e-07,3.72297e-06,9.53820e-06
1.86270e-11,4.20137e-10,8.08436e-13,1.21551e-11,2.63367e-11,6.29223e-09,1.11498e-07,3.31582e-10,3.94027e-09,9.27394e-09,3.89739e-07,4.95775e-06,2.58424e-08,2.31034e-07,6.09468e-07,9.53820e-06,7.14468e-05,9.81754e-07,6.16239e-06,1.36692e-05
2.63367e-11,6.28330e-10,1.09387e-12,1.86270e-11,3.37761e-11,9.27394e-09,1.75678e-07,4.63663e-10,6.29223e-09,1.22726e-08,6.09468e-07,8.18942e-06,3.81963e-08,3.89739e-07,8.47584e-07,1.36692e-05,8.22876e-05,1.45196e-06,9.53820e-06,1.59808e-05
3.37761e-11,8.45231e-10,1.35397e-12,2.63367e-11,3.71676e-11,1.22726e-08,2.46978e-07,5.86997e-10,9.27394e-09,1.36230e-08,8.47584e-07,1.20938e-05,5.03356e-08,6.09468e-07,9.53813e-07,1.59808e-05,3.84883e-05,1.84646e-06,1.36692e-05,1.56843e-05
-1.35393e-12,-3.37756e-11,-5.44697e-14,-1.46870e-12,-1.09386e-12,-5.86997e-10,-1.22726e-08,-2.74044e-11,-6.39964e-10,-4.63662e-10,-5.03356e-08,-8.47584e-07,-2.72552e-09,-5.53875e-08,-3.81963e-08,-1.84645e-06,-1.59807e-05,-1.46964e-07,-1.95538e-06,-1.45196e-06
-1.09386e-12,-2.63365e-11,-4.52157e-14,-1.35393e-12,-8.08442e-13,-4.63662e-10,-9.27393e-09,-2.23773e-11,-5.86997e-10,-3.31582e-10,-3.81963e-08,-6.09469e-07,-2.15880e-09,-5.03356e-08,-2.58424e-08,-1.45196e-06,-1.36693e-05,-1.16490e-07,-1.84645e-06,-9.81759e-07
-8.08442e-13,-1.86271e-11,-3.46071e-14,-1.09386e-12,-5.53620e-13,-3.31582e-10,-6.29223e-09,-1.66841e-11,-4.63662e-10,-2.19312e-10,-2.58424e-08,-3.89739e-07,-1.53412e-09,-3.81963e-08,-1.61418e-08,-9.81759e-07,-9.53840e-06,-8.05790e-08,-1.45196e-06,-6.19410e-07
-5.53620e-13,-1.21553e-11,-2.46561e-14,-8.08442e-13,-3.55108e-13,-2.19312e-10,-3.94027e-09,-1.15464e-11,-3.31582e-10,-1.35983e-10,-1.61418e-08,-2.31034e-07,-1.00653e-09,-2.58424e-08,-9.48103e-09,-6.19410e-07,-6.16255e-06,-5.17900e-08,-9.81759e-07,-3.69409e-07
-3.55108e-13,-7.41865e-12,-1.64907e-14,-5.53620e-13,-2.14978e-13,-1.35983e-10,-2.31488e-09,-7.49761e-12,-2.19312e-10,-7.97743e-11,-9.48103e-09,-1.29462e-07,-6.19543e-10,-1.61418e-08,-5.29659e-09,-3.69409e-07,-3.72307e-06,-3.14006e-08,-6.19410e-07,-2.09871e-07
-2.14978e-13,-4.27544e-12,-1.04124e-14,-3.55108e-13,-1.22888e-13,-7.97743e-11,-1.28993e-09,-4.60163e-12,-1.35983e-10,-4.43552e-11,-5.29659e-09,-6.93584e-08,-3.61455e-10,-9.48103e-09,-2.82266e-09,-2.09871e-07,-2.12290e-06,-1.81236e-08,-3.69409e-07,-1.13653e-07
-1.22888e-13,-2.33263e-12,-6.19607e-15,-2.14978e-13,-6.48118e-14,-4.43552e-11,-6.84068e-10,-2.66871e-12,-7.97743e-11,-2.28722e-11,-2.82266e-09,-3.56310e-08,-2.00275e-10,-5.29659e-09,-1.40648e-09,-1.13653e-07,-1.14640e-06,-9.96660e-09,-2.09871e-07,-5.74036e-08
-6.48118e-14,-1.18122e-12,-3.38417e-15,-1.22888e-13,-2.75586e-14,-2.28722e-11,-3.38779e-10,-1.42684e-12,-4.43552e-11,-9.57818e-12,-1.40648e-09,-1.72216e-08,-1.03102e-10,-2.82266e-09,-5.75480e-10,-5.74036e-08,-5.75476e-07,-5.10480e-09,-1.13653e-07,-2.37075e-08
-2.75586e-14,-4.87867e-13,-1.47513e-15,-6.48118e-14,-5.66232e-18,-9.57818e-12,-1.37879e-10,-6.12933e-13,-2.28722e-11,-2.30180e-16,-5.75480e-10,-6.89818e-09,-4.31552e-11,-1.40648e-09,-2.12086e-15,-2.37075e-08,-2.36247e-07,-2.13025e-09,-5.74036e-08,-1.20005e-13
-5.66232e-18,-8.26563e-17,-3.37166e-19,-2.75586e-14,2.75465e-14,-2.30180e-16,-1.73258e-15,-2.24882e-17,-9.57818e-12,9.57770e-12,-2.12086e-15,-1.46335e-14,-3.30187e-16,-5.75480e-10,5.75476e-10,-1.20005e-13,-2.27066e-12,-7.28508e-15,-2.37075e-08,2.37072e-08
2.75465e-14,4.87690e-13,1.47442e-15,-5.66232e-18,6.47975e-14,9.57770e-12,1.37876e-10,6.12886e-13,-2.30180e-16,2.28716e-11,5.75476e-10,6.89815e-09,4.31546e-11,-2.12086e-15,1.40647e-09,2.37072e-08,2.36240e-07,2.13023e-09,-1.20005e-13,5.74031e-08
6.47975e-14,1.18101e-12,3.38334e-15,2.75465e-14,1.22871e-13,2.28716e-11,3.38775e-10,1.42679e-12,9.57770e-12,4.43546e-11,1.40647e-09,1.72216e-08,1.03101e-10,5.75476e-10,2.82265e-09,5.74031e-08,5.75463e-07,5.10477e-09,2.37072e-08,1.13652e-07
1.22871e-13,2.33237e-12,6.19507e-15,6.47975e-14,2.14958e-13,4.43546e-11,6.84063e-10,2.66865e-12,2.28716e-11,7.97737e-11,2.82265e-09,3.56310e-08,2.00274e-10,1.40647e-09,5.29658e-09,1.13652e-07,1.14638e-06,9.96656e-09,5.74031e-08,2.09869e-07
2.14958e-13,4.27515e-12,1.04113e-14,1.22871e-13,3.55088e-13,7.97737e-11,1.28993e-09,4.60157e-12,4.43546e-11,1.35982e-10,5.29658e-09,6.93583e-08,3.61454e-10,2.82265e-09,9.48102e-09,2.09869e-07,2.12285e-06,1.81235e-08,1.13652e-07,3.69405e-07
3.55088e-13,7.41834e-12,1.64895e-14,2.14958e-13,5.53603e-13,1.35982e-10,2.31488e-09,7.49755e-12,7.97737e-11,2.19312e-10,9.48102e-09,1.29461e-07,6.19543e-10,5.29658e-09,1.61418e-08,3.69405e-07,3.72297e-06,3.14005e-08,2.09869e-07,6.19405e-07
5.53603e-13,1.21551e-11,2.46552e-14,3.55088e-13,8.08436e-13,2.19312e-10,3.94027e-09,1.15463e-11,1.35982e-10,3.31582e-10,1.61418e-08,2.31034e-07,1.00653e-09,9.48102e-09,2.58424e-08,6.19405e-07,6.16239e-06,5.17898e-08,3.69405e-07,9.81754e-07
8.08436e-13,1.86270e-11,3.46068e-14,5.53603e-13,1.09387e-12,3.31582e-10,6.29223e-09,1.66841e-11,2.19312e-10,4.63663e-10,2.58424e-08,3.89739e-07,1.53412e-09,1.61418e-08,3.81963e-08,9.81754e-07,9.53820e-06,8.05788e-08,6.19405e-07,1.45196e-06
1.09387e-12,2.63367e-11,4.52164e-14,8.08436e-13,1.35397e-12,4.63663e-10,9.27394e-09,2.23773e-11,3.31582e-10,5.86997e-10,3.81963e-08,6.09468e-07,2.15880e-09,2.58424e-08,5.03356e-08,1.45196e-06,1.36692e-05,1.16490e-07,9.81754e-07,1.84646e-06
1.35397e-12,3.37761e-11,5.44719e-14,1.09387e-12,1.46876e-12,5.86997e-10,1.22726e-08,2.74045e-11,4.63663e-10,6.39965e-10,5.03356e-08,8.47584e-07,2.72552e-09,3.81963e-08,5.53875e-08,1.84646e-06,1.59808e-05,1.46964e-07,1.45196e-06,1.95539e-06
-5.44697e-14,-1.35393e-12,-2.19904e-15,-5.84558e-14,-4.52157e-14,-2.74044e-11,-5.86997e-10,-1.25843e-12,-2.94869e-11,-2.23773e-11,-2.72552e-09,-5.03356e-08,-1.39337e-10,-2.94692e-09,-2.15880e-09,-1.46964e-07,-1.84645e-06,-9.70320e-09,-1.56524e-07,-1.16490e-07
-4.52157e-14,-1.09386e-12,-1.86460e-15,-5.44697e-14,-3.46071e-14,-2.23773e-11,-4.63662e-10,-1.05413e-12,-2.74044e-11,-1.66841e-11,-2.15880e-09,-3.81963e-08,-1.14130e-10,-2.72552e-09,-1.53412e-09,-1.16490e-07,-1.45196e-06,-7.87573e-09,-1.46964e-07,-8.05790e-08
-3.46071e-14,-8.08442e-13,-1.46797e-15,-4.52157e-14,-2.46561e-14,-1.66841e-11,-3.31582e-10,-8.12634e-13,-2.23773e-11,-1.15464e-11,-1.53412e-09,-2.58424e-08,-8.44969e-11,-2.15880e-09,-1.00653e-09,-8.05790e-08,-9.81759e-07,-5.63834e-09,-1.16490e-07,-5.17900e-08
-2.46561e-14,-5.53620e-13,-1.08074e-15,-3.46071e-14,-1.64907e-14,-1.15464e-11,-2.19312e-10,-5.83925e-13,-1.66841e-11,-7.49761e-12,-1.00653e-09,-1.61418e-08,-5.78910e-11,-1.53412e-09,-6.19543e-10,-5.17900e-08,-6.19410e-07,-3.74303e-09,-8.05790e-08,-3.14006e-08
-1.64907e-14,-3.55108e-13,-7.48827e-16,-2.46561e-14,-1.04124e-14,-7.49761e-12,-1.35983e-10,-3.94399e-13,-1.15464e-11,-4.60163e-12,-6.19543e-10,-9.48103e-09,-3.72009e-11,-1.00653e-09,-3.61455e-10,-3.14006e-08,-3.69409e-07,-2.33772e-09,-5.17900e-08,-1.81236e-08
-1.04124e-14,-2.14978e-13,-4.90165e-16,-1.64907e-14,-6.19607e-15,-4.60163e-12,-7.97743e-11,-2.51751e-13,-7.49761e-12,-2.66871e-12,-3.61455e-10,-5.29659e-09,-2.26157e-11,-6.19543e-10,-2.00275e-10,-1.81236e-08,-2.09871e-07,-1.38618e-09,-3.14006e-08,-9.96660e-09
-6.19607e-15,-1.22888e-13,-3.01943e-16,-1.04124e-14,-3.38417e-15,-2.66871e-12,-4.43552e-11,-1.51514e-13,-4.60163e-12,-1.42684e-12,-2.00275e-10,-2.82266e-09,-1.30124e-11,-3.61455e-10,-1.03102e-10,-9.96660e-09,-1.13653e-07,-7.80935e-10,-1.81236e-08,-5.10480e-09
-3.38417e-15,-6.48118e-14,-1.69943e-16,-6.19607e-15,-1.47513e-15,-1.42684e-12,-2.28722e-11,-8.36302e-14,-2.66871e-12,-6.12933e-13,-1.03102e-10,-1.40648e-09,-6.91582e-12,-2.00275e-10,-4.31552e-11,-5.10480e-09,-5.74036e-08,-4.08199e-10,-9.96660e-09,-2.13025e-09
-1.47513e-15,-2.75586e-14,-7.56591e-17,-3.38417e-15,-3.37166e-19,-6.12933e-13,-9.57818e-12,-3.67367e-14,-1.42684e-12,-2.24882e-17,-4.31552e-11,-5.75480e-10,-2.95978e-12,-1.03102e-10,-3.30187e-16,-2.13025e-09,-2.37075e-08,-1.72781e-10,-5.10480e-09,-7.28508e-15
-3.37166e-19,-5.66232e-18,-1.86844e-20,-1.47513e-15,1.47442e-15,-2.24882e-17,-2.30180e-16,-1.79640e-18,-6.12933e-13,6.12886e-13,-3.30187e-16,-2.12086e-15,-4.15293e-17,-4.31552e-11,4.31546e-11,-7.28508e-15,-1.20005e-13,-6.17946e-16,-2.13025e-09,2.13023e-09
1.47442e-15,2.75465e-14,7.56197e-17,-3.37166e-19,3.38334e-15,6.12886e-13,9.57770e-12,3.67329e-14,-2.24882e-17,1.42679e-12,4.31546e-11,5.75476e-10,2.95970e-12,-3.30187e-16,1.03101e-10,2.13023e-09,2.37072e-08,1.72780e-10,-7.28508e-15,5.10477e-09
3.38334e-15,6.47975e-14,1.69898e-16,1.47442e-15,6.19507e-15,1.42679e-12,2.28716e-11,8.36261e-14,6.12886e-13,2.66865e-12,1.03101e-10,1.40647e-09,6.91573e-12,4.31546e-11,2.00274e-10,5.10477e-09,5.74031e-08,4.08198e-10,2.13023e-09,9.96656e-09
6.19507e-15,1.22871e-13,3.01891e-16,3.38334e-15,1.04113e-14,2.66865e-12,4.43546e-11,1.51509e-13,1.42679e-12,4.60157e-12,2.00274e-10,2.82265e-09,1.30123e-11,1.03101e-10,3.61454e-10,9.96656e-09,1.13652e-07,7.80933e-10,5.10477e-09,1.81235e-08
1.04113e-14,2.14958e-13,4.90107e-16,6.19507e-15,1.64895e-14,4.60157e-12,7.97737e-11,2.51746e-13,2.66865e-12,7.49755e-12,3.61454e-10,5.29658e-09,2.26156e-11,2.00274e-10,6.19543e-10,1.81235e-08,2.09869e-07,1.38618e-09,9.96656e-09,3.14005e-08
1.64895e-14,3.55088e-13,7.48770e-16,1.04113e-14,2.46552e-14,7.49755e-12,1.35982e-10,3.94394e-13,4.60157e-12,1.15463e-11,6.19543e-10,9.48102e-09,3.72008e-11,3.61454e-10,1.00653e-09,3.14005e-08,3.69405e-07,2.33772e-09,1.81235e-08,5.17898e-08
2.46552e-14,5.53603e-13,1.08070e-15,1.64895e-14,3.46068e-14,1.15463e-11,2.19312e-10,5.83923e-13,7.49755e-12,1.66841e-11,1.00653e-09,1.61418e-08,5.78910e-11,6.19543e-10,1.53412e-09,5.17898e-08,6.19405e-07,3.74302e-09,3.14005e-08,8.05788e-08
3.46068e-14,8.08436e-13,1.46796e-15,2.46552e-14,4.52164e-14,1.66841e-11,3.31582e-10,8.12634e-13,1.15463e-11,2.23773e-11,1.53412e-09,2.58424e-08,8.44969e-11,1.00653e-09,2.15880e-09,8.05788e-08,9.81754e-07,5.63834e-09,5.17898e-08,1.16490e-07
4.52164e-14,1.09387e-12,1.86464e-15,3.46068e-14,5.44719e-14,2.23773e-11,4.63663e-10,1.05413e-12,1.66841e-11,2.74045e-11,2.15880e-09,3.81963e-08,1.14130e-10,1.53412e-09,2.72552e-09,1.16490e-07,1.45196e-06,7.87573e-09,8.05788e-08,1.46964e-07
5.44719e-14,1.35397e-12,2.19916e-15,4.52164e-14,5.84587e-14,2.74045e-11,5.86997e-10,1.25843e-12,2.23773e-11,2.94870e-11,2.72552e-09,5.03356e-08,1.39337e-10,2.15880e-09,2.94693e-09,1.46964e-07,1.84646e-06,9.70320e-09,1.16490e-07,1.56524e-07
-2.19904e-15,-5.44697e-14,-8.90647e-17,-2.34047e-15,-1.86460e-15,-1.25843e-12,-2.74044e-11,-5.71019e-14,-1.34074e-12,-1.05413e-12,-1.39337e-10,-2.72552e-09,-6.85462e-12,-1.48645e-10,-1.14130e-10,-9.70320e-09,-1.46964e-07,-5.72996e-10,-1.02745e-08,-7.87573e-09
-1.86460e-15,-4.52157e-14,-7.68131e-17,-2.19904e-15,-1.46797e-15,-1.05413e-12,-2.23773e-11,-4.88010e-14,-1.25843e-12,-8.12634e-13,-1.14130e-10,-2.15880e-09,-5.76506e-12,-1.39337e-10,-8.44969e-11,-7.87573e-09,-1.16490e-07,-4.76494e-10,-9.70320e-09,-5.63834e-09
-1.46797e-15,-3.46071e-14,-6.18873e-17,-1.86460e-15,-1.08074e-15,-8.12634e-13,-1.66841e-11,-3.86543e-14,-1.05413e-12,-5.83925e-13,-8.44969e-11,-1.53412e-09,-4.41501e-12,-1.14130e-10,-5.78910e-11,-5.63834e-09,-8.05790e-08,-3.52933e-10,-7.87573e-09,-3.74303e-09
-1.08074e-15,-2.46561e-14,-4.68275e-17,-1.46797e-15,-7.48827e-16,-5.83925e-13,-1.15464e-11,-2.86597e-14,-8.12634e-13,-3.94399e-13,-5.78910e-11,-1.00653e-09,-3.13964e-12,-8.44969e-11,-3.72009e-11,-3.74303e-09,-5.17900e-08,-2.42549e-10,-5.63834e-09,-2.33772e-09
-7.48827e-16,-1.64907e-14,-3.34337e-17,-1.08074e-15,-4.90165e-16,-3.94399e-13,-7.49761e-12,-2.00182e-14,-5.83925e-13,-2.51751e-13,-3.72009e-11,-6.19543e-10,-2.09625e-12,-5.78910e-11,-2.26157e-11,-2.33772e-09,-3.14006e-08,-1.56632e-10,-3.74303e-09,-1.38618e-09
-4.90165e-16,-1.04124e-14,-2.25716e-17,-7.48827e-16,-3.01943e-16,-2.51751e-13,-4.60163e-12,-1.32195e-14,-3.94399e-13,-1.51514e-13,-2.26157e-11,-3.61455e-10,-1.32308e-12,-3.72009e-11,-1.30124e-11,-1.38618e-09,-1.81236e-08,-9.58250e-11,-2.33772e-09,-7.80935e-10
-3.01943e-16,-6.19607e-15,-1.43240e-17,-4.90165e-16,-1.69943e-16,-1.51514e-13,-2.66871e-12,-8.21733e-15,-2.51751e-13,-8.36302e-14,-1.30124e-11,-2.00275e-10,-7.88297e-13,-2.26157e-11,-6.91582e-12,-7.80935e-10,-9.96660e-09,-5.55288e-11,-1.38618e-09,-4.08199e-10
-1.69943e-16,-3.38417e-15,-8.27232e-18,-3.01943e-16,-7.56591e-17,-8.36302e-14,-1.42684e-12,-4.66350e-15,-1.51514e-13,-3.67367e-14,-6.91582e-12,-1.03102e-10,-4.31589e-13,-1.30124e-11,-2.95978e-12,-4.08199e-10,-5.10480e-09,-2.97178e-11,-7.80935e-10,-1.72781e-10
-7.56591e-17,-1.47513e-15,-3.74973e-18,-1.69943e-16,-1.86844e-20,-3.67367e-14,-6.12933e-13,-2.08864e-15,-8.36302e-14,-1.79640e-18,-2.95978e-12,-4.31552e-11,-1.88567e-13,-6.91582e-12,-4.15293e-17,-1.72781e-10,-2.13025e-09,-1.27856e-11,-4.08199e-10,-6.17946e-16
-1.86844e-20,-3.37166e-19,-1.01168e-21,-7.56591e-17,7.56197e-17,-1.79640e-18,-2.24882e-17,-1.25413e-19,-3.67367e-14,3.67329e-14,-4.15293e-17,-3.30187e-16,-4.15822e-18,-2.95978e-12,2.95970e-12,-6.17946e-16,-7.28508e-15,-7.00224e-17,-1.72781e-10,1.72780e-10
7.56197e-17,1.47442e-15,3.74763e-18,-1.86844e-20,1.69898e-16,3.67329e-14,6.12886e-13,2.08839e-15,-1.79640e-18,8.36261e-14,2.95970e-12,4.31546e-11,1.88558e-13,-4.15293e-17,6.91573e-12,1.72780e-10,2.13023e-09,1.27855e-11,-6.17946e-16,4.08198e-10
1.69898e-16,3.38334e-15,8.26999e-18,7.56197e-17,3.01891e-16,8.36261e-14,1.42679e-12,4.66322e-15,3.67329e-14,1.51509e-13,6.91573e-12,1.03101e-10,4.31580e-13,2.95970e-12,1.30123e-11,4.08198e-10,5.10477e-09,2.97176e-11,1.72780e-10,7.80933e-10
3.01891e-16,6.19507e-15,1.43214e-17,1.69898e-16,4.90107e-16,1.51509e-13,2.66865e-12,8.21702e-15,8.36261e-14,2.51746e-13,1.30123e-11,2.00274e-10,7.88287e-13,6.91573e-12,2.26156e-11,7.80933e-10,9.96656e-09,5.55287e-11,4.08198e-10,1.38618e-09
4.90107e-16,1.04113e-14,2.25688e-17,3.01891e-16,7.48770e-16,2.51746e-13,4.60157e-12,1.32192e-14,1.51509e-13,3.94394e-13,2.26156e-11,3.61454e-10,1.32307e-12,1.30123e-11,3.72008e-11,1.38618e-09,1.81235e-08,9.58249e-11,7.80933e-10,2.33772e-09
7.48770e-16,1.64895e-14,3.34310e-17,4.90107e-16,1.08070e-15,3.94394e-13,7.49755e-12,2.00180e-14,2.51746e-13,5.83923e-13,3.72008e-11,6.19543e-10,2.09624e-12,2.26156e-11,5.78910e-11,2.33772e-09,3.14005e-08,1.56632e-10,1.38618e-09,3.74302e-09
1.08070e-15,2.46552e-14,4.68256e-17,7.48770e-16,1.46796e-15,5.83923e-13,1.15463e-11,2.86595e-14,3.94394e-13,8.12634e-13,5.78910e-11,1.00653e-09,3.13963e-12,3.72008e-11,8.44969e-11,3.74302e-09,5.17898e-08,2.42549e-10,2.33772e-09,5.63834e-09
1.46796e-15,3.46068e-14,6.18869e-17,1.08070e-15,1.86464e-15,8.12634e-13,1.66841e-11,3.86543e-14,5.83923e-13,1.05413e-12,8.44969e-11,1.53412e-09,4.41501e-12,5.78910e-11,1.14130e-10,5.63834e-09,8.05788e-08,3.52933e-10,3.74302e-09,7.87573e-09
1.86464e-15,4.52164e-14,7.68152e-17,1.46796e-15,2.19916e-15,1.05413e-12,2.23773e-11,4.88013e-14,8.12634e-13,1.25843e-12,1.14130e-10,2.15880e-09,5.76506e-12,8.44969e-11,1.39337e-10,7.87573e-09,1.16490e-07,4.76494e-10,5.63834e-09,9.70320e-09
2.19916e-15,5.44719e-14,8.90701e-17,1.86464e-15,2.34062e-15,1.25843e-12,2.74045e-11,5.71025e-14,1.05413e-12,1.34075e-12,1.39337e-10,2.72552e-09,6.85463e-12,1.14130e-10,1.48645e-10,9.70320e-09,1.46964e-07,5.72996e-10,7.87573e-09,1.02746e-08
-8.90647e-17,-2.19904e-15,-3.61763e-18,-9.41714e-17,-7.68131e-17,-5.71019e-14,-1.25843e-12,-2.56780e-15,-6.03740e-14,-4.88010e-14,-6.85462e-12,-1.39337e-10,-3.28188e-13,-7.23698e-12,-5.76506e-12,-5.72996e-10,-9.70320e-09,-3.14470e-11,-6.02208e-10,-4.76494e-10
-7.68131e-17,-1.86460e-15,-3.16352e-18,-8.90647e-17,-6.18873e-17,-4.88010e-14,-1.05413e-12,-2.23015e-15,-5.71019e-14,-3.86543e-14,-5.76506e-12,-1.14130e-10,-2.81916e-13,-6.85462e-12,-4.41501e-12,-4.76494e-10,-7.87573e-09,-2.67185e-11,-5.72996e-10,-3.52933e-10
-6.18873e-17,-1.46797e-15,-2.59811e-18,-7.68131e-17,-4.68275e-17,-3.86543e-14,-8.12634e-13,-1.80623e-15,-4.88010e-14,-2.86597e-14,-4.41501e-12,-8.44969e-11,-2.22021e-13,-5.76506e-12,-3.13964e-12,-3.52933e-10,-5.63834e-09,-2.04021e-11,-4.76494e-10,-2.42549e-10
-4.68275e-17,-1.08074e-15,-2.01175e-18,-6.18873e-17,-3.34337e-17,-2.86597e-14,-5.83925e-13,-1.37490e-15,-3.86543e-14,-2.00182e-14,-3.13964e-12,-5.78910e-11,-1.62986e-13,-4.41501e-12,-2.09625e-12,-2.42549e-10,-3.74303e-09,-1.44871e-11,-3.52933e-10,-1.56632e-10
-3.34337e-17,-7.48827e-16,-1.47354e-18,-4.68275e-17,-2.25716e-17,-2.00182e-14,-3.94399e-13,-9.88266e-16,-2.86597e-14,-1.32195e-14,-2.09625e-12,-3.72009e-11,-1.12531e-13,-3.13964e-12,-1.32308e-12,-1.56632e-10,-2.33772e-09,-9.66785e-12,-2.42549e-10,-9.58250e-11
-2.25716e-17,-4.90165e-16,-1.02155e-18,-3.34337e-17,-1.43240e-17,-1.32195e-14,-2.51751e-13,-6.72062e-16,-2.00182e-14,-8.21733e-15,-1.32308e-12,-2.26157e-11,-7.34434e-14,-2.09625e-12,-7.88297e-13,-9.58250e-11,-1.38618e-09,-6.10455e-12,-1.56632e-10,-5.55288e-11
-1.43240e-17,-3.01943e-16,-6.65089e-19,-2.25716e-17,-8.27232e-18,-8.21733e-15,-1.51514e-13,-4.29648e-16,-1.32195e-14,-4.66350e-15,-7.88297e-13,-1.30124e-11,-4.51587e-14,-1.32308e-12,-4.31589e-13,-5.55288e-11,-7.80935e-10,-3.64147e-12,-9.58250e-11,-2.97178e-11
-8.27232e-18,-1.69943e-16,-3.92672e-19,-1.43240e-17,-3.74973e-18,-4.66350e-15,-8.36302e-14,-2.49781e-16,-8.21733e-15,-2.08864e-15,-4.31589e-13,-6.91582e-12,-2.53983e-14,-7.88297e-13,-1.88567e-13,-2.97178e-11,-4.08199e-10,-1.99691e-12,-5.55288e-11,-1.27856e-11
-3.74973e-18,-7.56591e-17,-1.80742e-19,-8.27232e-18,-1.01168e-21,-2.08864e-15,-3.67367e-14,-1.13755e-16,-4.66350e-15,-1.25413e-19,-1.88567e-13,-2.95978e-12,-1.13060e-14,-4.31589e-13,-4.15822e-18,-1.27856e-11,-1.72781e-10,-8.73709e-13,-2.97178e-11,-7.00224e-17
-1.01168e-21,-1.86844e-20,-5.51064e-23,-3.74973e-18,3.74763e-18,-1.25413e-19,-1.79640e-18,-7.99775e-21,-2.08864e-15,2.08839e-15,-4.15822e-18,-4.15293e-17,-3.48881e-19,-1.88567e-13,1.88558e-13,-7.00224e-17,-6.17946e-16,-7.92851e-18,-1.27856e-11,1.27855e-11
3.74763e-18,7.56197e-17,1.80629e-19,-1.01168e-21,8.26999e-18,2.08839e-15,3.67329e-14,1.13739e-16,-1.25413e-19,4.66322e-15,1.88558e-13,2.95970e-12,1.13053e-14,-4.15822e-18,4.31580e-13,1.27855e-11,1.72780e-10,8.73693e-13,-7.00224e-17,2.97176e-11
8.26999e-18,1.69898e-16,3.92551e-19,3.74763e-18,1.43214e-17,4.66322e-15,8.36261e-14,2.49764e-16,2.08839e-15,8.21702e-15,4.31580e-13,6.91573e-12,2.53976e-14,1.88558e-13,7.88287e-13,2.97176e-11,4.08198e-10,1.99689e-12,1.27855e-11,5.55287e-11
1.43214e-17,3.01891e-16,6.64959e-19,8.26999e-18,2.25688e-17,8.21702e-15,1.51509e-13,4.29629e-16,4.66322e-15,1.32192e-14,7.88287e-13,1.30123e-11,4.51579e-14,4.31580e-13,1.32307e-12,5.55287e-11,7.80933e-10,3.64146e-12,2.97176e-11,9.58249e-11
2.25688e-17,4.90107e-16,1.02142e-18,1.43214e-17,3.34310e-17,1.32192e-14,2.51746e-13,6.72044e-16,8.21702e-15,2.00180e-14,1.32307e-12,2.26156e-11,7.34426e-14,7.88287e-13,2.09624e-12,9.58249e-11,1.38618e-09,6.10454e-12,5.55287e-11,1.56632e-10
3.34310e-17,7.48770e-16,1.47341e-18,2.25688e-17,4.68256e-17,2.00180e-14,3.94394e-13,9.88250e-16,1.32192e-14,2.86595e-14,2.09624e-12,3.72008e-11,1.12530e-13,1.32307e-12,3.13963e-12,1.56632e-10,2.33772e-09,9.66783e-12,9.58249e-11,2.42549e-10
4.68256e-17,1.08070e-15,2.01167e-18,3.34310e-17,6.18869e-17,2.86595e-14,5.83923e-13,1.37489e-15,2.00180e-14,3.86543e-14,3.13963e-12,5.78910e-11,1.62985e-13,2.09624e-12,4.41501e-12,2.42549e-10,3.74302e-09,1.44871e-11,1.56632e-10,3.52933e-10
6.18869e-17,1.46796e-15,2.59810e-18,4.68256e-17,7.68152e-17,3.86543e-14,8.12634e-13,1.80623e-15,2.86595e-14,4.88013e-14,4.41501e-12,8.44969e-11,2.22021e-13,3.13963e-12,5.76506e-12,3.52933e-10,5.63834e-09,2.04022e-11,2.42549e-10,4.76494e-10
7.68152e-17,1.86464e-15,3.16363e-18,6.18869e-17,8.90701e-17,4.88013e-14,1.05413e-12,2.23017e-15,3.86543e-14,5.71025e-14,5.76506e-12,1.14130e-10,2.81917e-13,4.41501e-12,6.85463e-12,4.76494e-10,7.87573e-09,2.67185e-11,3.52933e-10,5.72996e-10
8.90701e-17,2.19916e-15,3.61789e-18,7.68152e-17,9.41787e-17,5.71025e-14,1.25843e-12,2.56784e-15,4.88013e-14,6.03747e-14,6.85463e-12,1.39337e-10,3.28189e-13,5.76506e-12,7.23700e-12,5.72996e-10,9.70320e-09,3.14470e-11,4.76494e-10,6.02208e-10
-3.61763e-18,-8.90647e-17,-1.47315e-19,-3.80475e-18,-3.16352e-18,-2.56780e-15,-5.71019e-14,-1.14662e-16,-2.69858e-15,-2.23015e-15,-3.28188e-13,-6.85462e-12,-1.54033e-14,-3.43672e-13,-2.81916e-13,-3.14470e-11,-5.72996e-10,-1.63989e-12,-3.28198e-11,-2.67185e-11
-3.16352e-18,-7.68131e-17,-1.30311e-19,-3.61763e-18,-2.59811e-18,-2.23015e-15,-4.88010e-14,-1.00904e-16,-2.56780e-15,-1.80623e-15,-2.81916e-13,-5.76506e-12,-1.34604e-14,-3.28188e-13,-2.22021e-13,-2.67185e-11,-4.76494e-10,-1.41906e-12,-3.14470e-11,-2.04021e-11
-2.59811e-18,-6.18873e-17,-1.08754e-19,-3.16352e-18,-2.01175e-18,-1.80623e-15,-3.86543e-14,-8.32502e-17,-2.23015e-15,-1.37490e-15,-2.22021e-13,-4.41501e-12,-1.08501e-14,-2.81916e-13,-1.62986e-13,-2.04021e-11,-3.52933e-10,-1.11256e-12,-2.67185e-11,-1.44871e-11
-2.01175e-18,-4.68275e-17,-8.58740e-20,-2.59811e-18,-1.47354e-18,-1.37490e-15,-2.86597e-14,-6.47949e-17,-1.80623e-15,-9.88266e-16,-1.62986e-13,-3.13964e-12,-8.18398e-15,-2.22021e-13,-1.12531e-13,-1.44871e-11,-2.42549e-10,-8.13605e-13,-2.04021e-11,-9.66785e-12
-1.47354e-18,-3.34337e-17,-6.42917e-20,-2.01175e-18,-1.02155e-18,-9.88266e-16,-2.00182e-14,-4.77315e-17,-1.37490e-15,-6.72062e-16,-1.12531e-13,-2.09625e-12,-5.81775e-15,-1.62986e-13,-7.34434e-14,-9.66785e-12,-1.56632e-10,-5.59779e-13,-1.44871e-11,-6.10455e-12
-1.02155e-18,-2.25716e-17,-4.56008e-20,-1.47354e-18,-6.65089e-19,-6.72062e-16,-1.32195e-14,-3.32928e-17,-9.88266e-16,-4.29648e-16,-7.34434e-14,-1.32308e-12,-3.91086e-15,-1.12531e-13,-4.51587e-14,-6.10455e-12,-9.58250e-11,-3.64237e-13,-9.66785e-12,-3.64147e-12
-6.65089e-19,-1.43240e-17,-3.03501e-20,-1.02155e-18,-3.92672e-19,-4.29648e-16,-8.21733e-15,-2.18077e-17,-6.72062e-16,-2.49781e-16,-4.51587e-14,-7.88297e-13,-2.47309e-15,-7.34434e-14,-2.53983e-14,-3.64147e-12,-5.55288e-11,-2.23427e-13,-6.10455e-12,-1.99691e-12
-3.92672e-19,-8.27232e-18,-1.82612e-20,-6.65089e-19,-1.80742e-19,-2.49781e-16,-4.66350e-15,-1.29450e-17,-4.29648e-16,-1.13755e-16,-2.53983e-14,-4.31589e-13,-1.42466e-15,-4.51587e-14,-1.13060e-14,-1.99691e-12,-2.97178e-11,-1.25450e-13,-3.64147e-12,-8.73709e-13
-1.80742e-19,-3.74973e-18,-8.51591e-21,-3.92672e-19,-5.51064e-23,-1.13755e-16,-2.08864e-15,-5.98070e-18,-2.49781e-16,-7.99775e-21,-1.13060e-14,-1.88567e-13,-6.44790e-16,-2.53983e-14,-3.48881e-19,-8.73709e-13,-1.27856e-11,-5.57900e-14,-1.99691e-12,-7.92851e-18
-5.51064e-23,-1.01168e-21,-3.04230e-24,-1.80742e-19,1.80629e-19,-7.99775e-21,-1.25413e-19,-4.80650e-22,-1.13755e-16,1.13739e-16,-3.48881e-19,-4.15822e-18,-2.56907e-20,-1.13060e-14,1.13053e-14,-7.92851e-18,-7.00224e-17,-7.86116e-19,-8.73709e-13,8.73693e-13
1.80629e-19,3.74763e-18,8.50974e-21,-5.51064e-23,3.92551e-19,1.13739e-16,2.08839e-15,5.97972e-18,-7.99775e-21,2.49764e-16,1.13053e-14,1.88558e-13,6.44737e-16,-3.48881e-19,2.53976e-14,8.73693e-13,1.27855e-11,5.57884e-14,-7.92851e-18,1.99689e-12
3.92551e-19,8.26999e-18,1.82548e-20,1.80629e-19,6.64959e-19,2.49764e-16,4.66322e-15,1.29440e-17,1.13739e-16,4.29629e-16,2.53976e-14,4.31580e-13,1.42460e-15,1.13053e-14,4.51579e-14,1.99689e-12,2.97176e-11,1.25449e-13,8.73693e-13,3.64146e-12
6.64959e-19,1.43214e-17,3.03436e-20,3.92551e-19,1.02142e-18,4.29629e-16,8.21702e-15,2.18066e-17,2.49764e-16,6.72044e-16,4.51579e-14,7.88287e-13,2.47303e-15,2.53976e-14,7.34426e-14,3.64146e-12,5.55287e-11,2.23426e-13,1.99689e-12,6.10454e-12
1.02142e-18,2.25688e-17,4.55945e-20,6.64959e-19,1.47341e-18,6.72044e-16,1.32192e-14,3.32918e-17,4.29629e-16,9.88250e-16,7.34426e-14,1.32307e-12,3.91081e-15,4.51579e-14,1.12530e-13,6.10454e-12,9.58249e-11,3.64236e-13,3.64146e-12,9.66783e-12
1.47341e-18,3.34310e-17,6.42862e-20,1.02142e-18,2.01167e-18,9.88250e-16,2.00180e-14,4.77306e-17,6.72044e-16,1.37489e-15,1.12530e-13,2.09624e-12,5.81770e-15,7.34426e-14,1.62985e-13,9.66783e-12,1.56632e-10,5.59778e-13,6.10454e-12,1.44871e-11
2.01167e-18,4.68256e-17,8.58705e-20,1.47341e-18,2.59810e-18,1.37489e-15,2.86595e-14,6.47944e-17,9.88250e-16,1.80623e-15,1.62985e-13,3.13963e-12,8.18396e-15,1.12530e-13,2.22021e-13,1.44871e-11,2.42549e-10,8.13604e-13,9.66783e-12,2.04022e-11
2.59810e-18,6.18869e-17,1.08754e-19,2.01167e-18,3.16363e-18,1.80623e-15,3.86543e-14,8.32504e-17,1.37489e-15,2.23017e-15,2.22021e-13,4.41501e-12,1.08501e-14,1.62985e-13,2.81917e-13,2.04022e-11,3.52933e-10,1.11256e-12,1.44871e-11,2.67185e-11
3.16363e-18,7.68152e-17,1.30316e-19,2.59810e-18,3.61789e-18,2.23017e-15,4.88013e-14,1.00905e-16,1.80623e-15,2.56784e-15,2.81917e-13,5.76506e-12,1.34604e-14,2.22021e-13,3.28189e-13,2.67185e-11,4.76494e-10,1.41906e-12,2.04022e-11,3.14470e-11
3.61789e-18,8.90701e-17,1.47327e-19,3.16363e-18,3.80509e-18,2.56784e-15,5.71025e-14,1.14664e-16,2.23017e-15,2.69862e-15,3.28189e-13,6.85463e-12,1.54034e-14,2.81917e-13,3.43673e-13,3.14470e-11,5.72996e-10,1.63989e-12,2.67185e-11,3.28199e-11
-1.47315e-19,-3.61763e-18,-6.01235e-21,-1.54256e-19,-1.30311e-19,-1.14662e-16,-2.56780e-15,-5.09123e-18,-1.19913e-16,-1.00904e-16,-1.54033e-14,-3.28188e-13,-7.12110e-16,-1.60244e-14,-1.34604e-14,-1.63989e-12,-3.14470e-11,-8.23925e-14,-1.70112e-12,-1.41906e-12
-1.30311e-19,-3.16352e-18,-5.36991e-21,-1.47315e-19,-1.08754e-19,-1.00904e-16,-2.23015e-15,-4.52956e-18,-1.14662e-16,-8.32502e-17,-1.34604e-14,-2.81916e-13,-6.31137e-16,-1.54033e-14,-1.08501e-14,-1.41906e-12,-2.67185e-11,-7.24093e-14,-1.63989e-12,-1.11256e-12
-1.08754e-19,-2.59811e-18,-4.54298e-21,-1.30311e-19,-8.58740e-20,-8.32502e-17,-1.80623e-15,-3.79569e-18,-1.00904e-16,-6.47949e-17,-1.08501e-14,-2.22021e-13,-5.18769e-16,-1.34604e-14,-8.18398e-15,-1.11256e-12,-2.04021e-11,-5.80684e-14,-1.41906e-12,-8.13605e-13
-8.58740e-20,-2.01175e-18,-3.64771e-21,-1.08754e-19,-6.42917e-20,-6.47949e-17,-1.37490e-15,-3.01067e-18,-8.32502e-17,-4.77315e-17,-8.18398e-15,-1.62986e-13,-4.00465e-16,-1.08501e-14,-5.81775e-15,-8.13605e-13,-1.44871e-11,-4.35825e-14,-1.11256e-12,-5.59779e-13
-6.42917e-20,-1.47354e-18,-2.78284e-21,-8.58740e-20,-4.56008e-20,-4.77315e-17,-9.88266e-16,-2.26509e-18,-6.47949e-17,-3.32928e-17,-5.81775e-15,-1.12531e-13,-2.91979e-16,-8.18398e-15,-3.91086e-15,-5.59779e-13,-9.66785e-12,-3.08245e-14,-8.13605e-13,-3.64237e-13
-4.56008e-20,-1.02155e-18,-2.01307e-21,-6.42917e-20,-3.03501e-20,-3.32928e-17,-6.72062e-16,-1.61490e-18,-4.77315e-17,-2.18077e-17,-3.91086e-15,-7.34434e-14,-2.01434e-16,-5.81775e-15,-2.47309e-15,-3.64237e-13,-6.10455e-12,-2.06188e-14,-5.59779e-13,-2.23427e-13
-3.03501e-20,-6.65089e-19,-1.36550e-21,-4.56008e-20,-1.82612e-20,-2.18077e-17,-4.29648e-16,-1.08029e-18,-3.32928e-17,-1.29450e-17,-2.47309e-15,-4.51587e-14,-1.30569e-16,-3.91086e-15,-1.42466e-15,-2.23427e-13,-3.64147e-12,-1.29806e-14,-3.64237e-13,-1.25450e-13
-1.82612e-20,-3.92672e-19,-8.35039e-22,-3.03501e-20,-8.51591e-21,-1.29450e-17,-2.49781e-16,-6.52876e-19,-2.18077e-17,-5.98070e-18,-1.42466e-15,-2.53983e-14,-7.68222e-17,-2.47309e-15,-6.44790e-16,-1.25450e-13,-1.99691e-12,-7.45076e-15,-2.23427e-13,-5.57900e-14
-8.51591e-21,-1.80742e-19,-3.93777e-22,-1.82612e-20,-3.04230e-24,-5.98070e-18,-1.13755e-16,-3.05375e-19,-1.29450e-17,-4.80650e-22,-6.44790e-16,-1.13060e-14,-3.52791e-17,-1.42466e-15,-2.56907e-20,-5.57900e-14,-8.73709e-13,-3.36416e-15,-1.25450e-13,-7.86116e-19
-3.04230e-24,-5.51064e-23,-1.68780e-25,-8.51591e-21,8.50974e-21,-4.80650e-22,-7.99775e-21,-2.78304e-23,-5.98070e-18,5.97972e-18,-2.56907e-20,-3.48881e-19,-1.71984e-21,-6.44790e-16,6.44737e-16,-7.86116e-19,-7.92851e-18,-6.77114e-20,-5.57900e-14,5.57884e-14
8.50974e-21,1.80629e-19,3.93439e-22,-3.04230e-24,1.82548e-20,5.97972e-18,1.13739e-16,3.05319e-19,-4.80650e-22,1.29440e-17,6.44737e-16,1.13053e-14,3.52756e-17,-2.56907e-20,1.42460e-15,5.57884e-14,8.73693e-13,3.36402e-15,-7.86116e-19,1.25449e-13
1.82548e-20,3.92551e-19,8.34700e-22,8.50974e-21,3.03436e-20,1.29440e-17,2.49764e-16,6.52818e-19,5.97972e-18,2.18066e-17,1.42460e-15,2.53976e-14,7.68186e-17,6.44737e-16,2.47303e-15,1.25449e-13,1.99689e-12,7.45063e-15,5.57884e-14,2.23426e-13
3.03436e-20,6.64959e-19,1.36516e-21,1.82548e-20,4.55945e-20,2.18066e-17,4.29629e-16,1.08023e-18,1.29440e-17,3.32918e-17,2.47303e-15,4.51579e-14,1.30566e-16,1.42460e-15,3.91081e-15,2.23426e-13,3.64146e-12,1.29804e-14,1.25449e-13,3.64236e-13
4.55945e-20,1.02142e-18,2.01276e-21,3.03436e-20,6.42862e-20,3.32918e-17,6.72044e-16,1.61485e-18,2.18066e-17,4.77306e-17,3.91081e-15,7.34426e-14,2.01431e-16,2.47303e-15,5.81770e-15,3.64236e-13,6.10454e-12,2.06187e-14,2.23426e-13,5.59778e-13
6.42862e-20,1.47341e-18,2.78258e-21,4.55945e-20,8.58705e-20,4.77306e-17,9.88250e-16,2.26505e-18,3.32918e-17,6.47944e-17,5.81770e-15,1.12530e-13,2.91976e-16,3.91081e-15,8.18396e-15,5.59778e-13,9.66783e-12,3.08244e-14,3.64236e-13,8.13604e-13
8.58705e-20,2.01167e-18,3.64757e-21,6.42862e-20,1.08754e-19,6.47944e-17,1.37489e-15,3.01065e-18,4.77306e-17,8.32504e-17,8.18396e-15,1.62985e-13,4.00464e-16,5.81770e-15,1.08501e-14,8.13604e-13,1.44871e-11,4.35825e-14,5.59778e-13,1.11256e-12
1.08754e-19,2.59810e-18,4.54301e-21,8.58705e-20,1.30316e-19,8.32504e-17,1.80623e-15,3.79570e-18,6.47944e-17,1.00905e-16,1.08501e-14,2.22021e-13,5.18770e-16,8.18396e-15,1.34604e-14,1.11256e-12,2.04022e-11,5.80684e-14,8.13604e-13,1.41906e-12
1.30316e-19,3.16363e-18,5.37020e-21,1.08754e-19,1.47327e-19,1.00905e-16,2.23017e-15,4.52962e-18,8.32504e-17,1.14664e-16,1.34604e-14,2.81917e-13,6.31140e-16,1.08501e-14,1.54034e-14,1.41906e-12,2.67185e-11,7.24094e-14,1.11256e-12,1.63989e-12
1.47327e-19,3.61789e-18,6.01298e-21,1.30316e-19,1.54273e-19,1.14664e-16,2.56784e-15,5.09132e-18,1.00905e-16,1.19915e-16,1.54034e-14,3.28189e-13,7.12116e-16,1.34604e-14,1.60245e-14,1.63989e-12,3.14470e-11,8.23927e-14,1.41906e-12,1.70112e-12
-6.01235e-21,-1.47315e-19,-2.45869e-22,-6.27258e-21,-5.36991e-21,-5.09123e-18,-1.14662e-16,-2.25015e-19,-5.30300e-18,-4.52956e-18,-7.12110e-16,-1.54033e-14,-3.25372e-17,-7.36858e-16,-6.31137e-16,-8.23925e-14,-1.63989e-12,-4.02532e-15,-8.50267e-14,-7.24093e-14
-5.36991e-21,-1.30311e-19,-2.21403e-22,-6.01235e-21,-4.54298e-21,-4.52956e-18,-1.00904e-16,-2.02038e-19,-5.09123e-18,-3.79569e-18,-6.31137e-16,-1.34604e-14,-2.91792e-17,-7.12110e-16,-5.18769e-16,-7.24093e-14,-1.41906e-12,-3.58425e-15,-8.23925e-14,-5.80684e-14
-4.54298e-21,-1.08754e-19,-1.89499e-22,-5.36991e-21,-3.64771e-21,-3.79569e-18,-8.32502e-17,-1.71554e-19,-4.52956e-18,-3.01067e-18,-5.18769e-16,-1.08501e-14,-2.43830e-17,-6.31137e-16,-4.00465e-16,-5.80684e-14,-1.11256e-12,-2.93057e-15,-7.24093e-14,-4.35825e-14
-3.64771e-21,-8.58740e-20,-1.54358e-22,-4.54298e-21,-2.78284e-21,-3.01067e-18,-6.47949e-17,-1.38295e-19,-3.79569e-18,-2.26509e-18,-4.00465e-16,-8.18398e-15,-1.92002e-17,-5.18769e-16,-2.91979e-16,-4.35825e-14,-8.13605e-13,-2.25008e-15,-5.80684e-14,-3.08245e-14
-2.78284e-21,-6.42917e-20,-1.19688e-22,-3.64771e-21,-2.01307e-21,-2.26509e-18,-4.77315e-17,-1.05956e-19,-3.01067e-18,-1.61490e-18,-2.91979e-16,-5.81775e-15,-1.43099e-17,-4.00465e-16,-2.01434e-16,-3.08245e-14,-5.59779e-13,-1.63102e-15,-4.35825e-14,-2.06188e-14
-2.01307e-21,-4.56008e-20,-8.80669e-23,-2.78284e-21,-1.36550e-21,-1.61490e-18,-3.32928e-17,-7.69871e-20,-2.26509e-18,-1.08029e-18,-2.01434e-16,-3.91086e-15,-1.00988e-17,-2.91979e-16,-1.30569e-16,-2.06188e-14,-3.64237e-13,-1.11858e-15,-3.08245e-14,-1.29806e-14
-1.36550e-21,-3.03501e-20,-6.07230e-23,-2.01307e-21,-8.35039e-22,-1.08029e-18,-2.18077e-17,-5.24457e-20,-1.61490e-18,-6.52876e-19,-1.30569e-16,-2.47309e-15,-6.68958e-18,-2.01434e-16,-7.68222e-17,-1.29806e-14,-2.23427e-13,-7.21046e-16,-2.06188e-14,-7.45076e-15
-8.35039e-22,-1.82612e-20,-3.76548e-23,-1.36550e-21,-3.93777e-22,-6.52876e-19,-1.29450e-17,-3.21901e-20,-1.08029e-18,-3.05375e-19,-7.68222e-17,-1.42466e-15,-4.00938e-18,-1.30569e-16,-3.52791e-17,-7.45076e-15,-1.25450e-13,-4.22274e-16,-1.29806e-14,-3.36416e-15
-3.93777e-22,-8.51591e-21,-1.79268e-23,-8.35039e-22,-1.68780e-25,-3.05375e-19,-5.98070e-18,-1.52164e-20,-6.52876e-19,-2.78304e-23,-3.52791e-17,-6.44790e-16,-1.86475e-18,-7.68222e-17,-1.71984e-21,-3.36416e-15,-5.57900e-14,-1.93315e-16,-7.45076e-15,-6.77114e-20
-1.68780e-25,-3.04230e-24,-9.27890e-27,-3.93777e-22,3.93439e-22,-2.78304e-23,-4.80650e-22,-1.57514e-24,-3.05375e-19,3.05319e-19,-1.71984e-21,-2.56907e-20,-1.07498e-22,-3.52791e-17,3.52756e-17,-6.77114e-20,-7.86116e-19,-5.18249e-21,-3.36416e-15,3.36402e-15
3.93439e-22,8.50974e-21,1.79083e-23,-1.68780e-25,8.34700e-22,3.05319e-19,5.97972e-18,1.52133e-20,-2.78304e-23,6.52818e-19,3.52756e-17,6.44737e-16,1.86453e-18,-1.71984e-21,7.68186e-17,3.36402e-15,5.57884e-14,1.93304e-16,-6.77114e-20,7.45063e-15
8.34700e-22,1.82548e-20,3.76367e-23,3.93439e-22,1.36516e-21,6.52818e-19,1.29440e-17,3.21869e-20,3.05319e-19,1.08023e-18,7.68186e-17,1.42460e-15,4.00916e-18,3.52756e-17,1.30566e-16,7.45063e-15,1.25449e-13,4.22263e-16,3.36402e-15,1.29804e-14
1.36516e-21,3.03436e-20,6.07057e-23,8.34700e-22,2.01276e-21,1.08023e-18,2.18066e-17,5.24426e-20,6.52818e-19,1.61485e-18,1.30566e-16,2.47303e-15,6.68936e-18,7.68186e-17,2.01431e-16,1.29804e-14,2.23426e-13,7.21035e-16,7.45063e-15,2.06187e-14
2.01276e-21,4.55945e-20,8.80514e-23,1.36516e-21,2.78258e-21,1.61485e-18,3.32918e-17,7.69843e-20,1.08023e-18,2.26505e-18,2.01431e-16,3.91081e-15,1.00986e-17,1.30566e-16,2.91976e-16,2.06187e-14,3.64236e-13,1.11857e-15,1.29804e-14,3.08244e-14
2.78258e-21,6.42862e-20,1.19676e-22,2.01276e-21,3.64757e-21,2.26505e-18,4.77306e-17,1.05954e-19,1.61485e-18,3.01065e-18,2.91976e-16,5.81770e-15,1.43097e-17,2.01431e-16,4.00464e-16,3.08244e-14,5.59778e-13,1.63101e-15,2.06187e-14,4.35825e-14
3.64757e-21,8.58705e-20,1.54352e-22,2.78258e-21,4.54301e-21,3.01065e-18,6.47944e-17,1.38294e-19,2.26505e-18,3.79570e-18,4.00464e-16,8.18396e-15,1.92002e-17,2.91976e-16,5.18770e-16,4.35825e-14,8.13604e-13,2.25007e-15,3.08244e-14,5.80684e-14
4.54301e-21,1.08754e-19,1.89502e-22,3.64757e-21,5.37020e-21,3.79570e-18,8.32504e-17,1.71555e-19,3.01065e-18,4.52962e-18,5.18770e-16,1.08501e-14,2.43831e-17,4.00464e-16,6.31140e-16,5.80684e-14,1.11256e-12,2.93058e-15,4.35825e-14,7.24094e-14
5.37020e-21,1.30316e-19,2.21418e-22,4.54301e-21,6.01298e-21,4.52962e-18,1.00905e-16,2.02041e-19,3.79570e-18,5.09132e-18,6.31140e-16,1.34604e-14,2.91794e-17,5.18770e-16,7.12116e-16,7.24094e-14,1.41906e-12,3.58426e-15,5.80684e-14,8.23927e-14
6.01298e-21,1.47327e-19,2.45900e-22,5.37020e-21,6.27339e-21,5.09132e-18,1.14664e-16,2.25020e-19,4.52962e-18,5.30312e-18,7.12116e-16,1.54034e-14,3.25376e-17,6.31140e-16,7.36865e-16,8.23927e-14,1.63989e-12,4.02533e-15,7.24094e-14,8.50269e-14
-2.45869e-22,-6.01235e-21,-1.00722e-23,-2.55713e-22,-2.21403e-22,-2.25015e-19,-5.09123e-18,-9.90631e-21,-2.33587e-19,-2.02038e-19,-3.25372e-17,-7.12110e-16,-1.47285e-18,-3.35182e-17,-2.91792e-17,-4.02532e-15,-8.23925e-14,-1.92456e-16,-4.13570e-15,-3.58425e-15
-2.21403e-22,-5.36991e-21,-9.13382e-24,-2.45869e-22,-1.89499e-22,-2.02038e-19,-4.52956e-18,-8.96445e-21,-2.25015e-19,-1.71554e-19,-2.91792e-17,-6.31137e-16,-1.33404e-18,-3.25372e-17,-2.43830e-17,-3.58425e-15,-7.24093e-14,-1.73291e-16,-4.02532e-15,-2.93057e-15
-1.89499e-22,-4.54298e-21,-7.89630e-24,-2.21403e-22,-1.54358e-22,-1.71554e-19,-3.79569e-18,-7.69832e-21,-2.02038e-19,-1.38295e-19,-2.43830e-17,-5.18769e-16,-1.13054e-18,-2.91792e-17,-1.92002e-17,-2.93057e-15,-5.80684e-14,-1.44061e-16,-3.58425e-15,-2.25008e-15
-1.54358e-22,-3.64771e-21,-6.51235e-24,-1.89499e-22,-1.19688e-22,-1.38295e-19,-3.01067e-18,-6.29298e-21,-1.71554e-19,-1.05956e-19,-1.92002e-17,-4.00465e-16,-9.05598e-19,-2.43830e-17,-1.43099e-17,-2.25008e-15,-4.35825e-14,-1.12825e-16,-2.93057e-15,-1.63102e-15
-1.19688e-22,-2.78284e-21,-5.12117e-24,-1.54358e-22,-8.80669e-23,-1.05956e-19,-2.26509e-18,-4.89784e-21,-1.38295e-19,-7.69871e-20,-1.43099e-17,-2.91979e-16,-6.87944e-19,-1.92002e-17,-1.00988e-17,-1.63102e-15,-3.08245e-14,-8.35825e-17,-2.25008e-15,-1.11858e-15
-8.80669e-23,-2.01307e-21,-3.82411e-24,-1.19688e-22,-6.07230e-23,-7.69871e-20,-1.61490e-18,-3.61765e-21,-1.05956e-19,-5.24457e-20,-1.00988e-17,-2.01434e-16,-4.95211e-19,-1.43099e-17,-6.68958e-18,-1.11858e-15,-2.06188e-14,-5.86156e-17,-1.63102e-15,-7.21046e-16
-6.07230e-23,-1.36550e-21,-2.67430e-24,-8.80669e-23,-3.76548e-23,-5.24457e-20,-1.08029e-18,-2.50352e-21,-7.69871e-20,-3.21901e-20,-6.68958e-18,-1.30569e-16,-3.34314e-19,-1.00988e-17,-4.00938e-18,-7.21046e-16,-1.29806e-14,-3.85944e-17,-1.11858e-15,-4.22274e-16
-3.76548e-23,-8.35039e-22,-1.67833e-24,-6.07230e-23,-1.79268e-23,-3.21901e-20,-6.52876e-19,-1.55723e-21,-5.24457e-20,-1.52164e-20,-4.00938e-18,-7.68222e-17,-2.03627e-19,-6.68958e-18,-1.86475e-18,-4.22274e-16,-7.45076e-15,-2.30138e-17,-7.21046e-16,-1.93315e-16
-1.79268e-23,-3.93777e-22,-8.05566e-25,-3.76548e-23,-9.27890e-27,-1.52164e-20,-3.05375e-19,-7.42808e-22,-3.21901e-20,-1.57514e-24,-1.86475e-18,-3.52791e-17,-9.57555e-20,-4.00938e-18,-1.07498e-22,-1.93315e-16,-3.36416e-15,-1.06666e-17,-4.22274e-16,-5.18249e-21
-9.27890e-27,-1.68780e-25,-4.99658e-28,-1.79268e-23,1.79083e-23,-1.57514e-24,-2.78304e-23,-8.78294e-26,-1.52164e-20,1.52133e-20,-1.07498e-22,-1.71984e-21,-6.40233e-24,-1.86475e-18,1.86453e-18,-5.18249e-21,-6.77114e-20,-3.61302e-22,-1.93315e-16,1.93304e-16
1.79083e-23,3.93439e-22,8.04574e-25,-9.27890e-27,3.76367e-23,1.52133e-20,3.05319e-19,7.42633e-22,-1.57514e-24,3.21869e-20,1.86453e-18,3.52756e-17,9.57426e-20,-1.07498e-22,4.00916e-18,1.93304e-16,3.36402e-15,1.06659e-17,-5.18249e-21,4.22263e-16
3.76367e-23,8.34700e-22,1.67737e-24,1.79083e-23,6.07057e-23,3.21869e-20,6.52818e-19,1.55705e-21,1.52133e-20,5.24426e-20,4.00916e-18,7.68186e-17,2.03615e-19,1.86453e-18,6.68936e-18,4.22263e-16,7.45063e-15,2.30131e-17,1.93304e-16,7.21035e-16
6.07057e-23,1.36516e-21,2.67340e-24,3.76367e-23,8.80514e-23,5.24426e-20,1.08023e-18,2.50336e-21,3.21869e-20,7.69843e-20,6.68936e-18,1.30566e-16,3.34301e-19,4.00916e-18,1.00986e-17,7.21035e-16,1.29804e-14,3.85937e-17,4.22263e-16,1.11857e-15
8.80514e-23,2.01276e-21,3.82333e-24,6.07057e-23,1.19676e-22,7.69843e-20,1.61485e-18,3.61751e-21,5.24426e-20,1.05954e-19,1.00986e-17,2.01431e-16,4.95200e-19,6.68936e-18,1.43097e-17,1.11857e-15,2.06187e-14,5.86150e-17,7.21035e-16,1.63101e-15
1.19676e-22,2.78258e-21,5.12059e-24,8.80514e-23,1.54352e-22,1.05954e-19,2.26505e-18,4.89774e-21,7.69843e-20,1.38294e-19,1.43097e-17,2.91976e-16,6.87936e-19,1.00986e-17,1.92002e-17,1.63101e-15,3.08244e-14,8.35820e-17,1.11857e-15,2.25007e-15
1.54352e-22,3.64757e-21,6.51209e-24,1.19676e-22,1.89502e-22,1.38294e-19,3.01065e-18,6.29295e-21,1.05954e-19,1.71555e-19,1.92002e-17,4.00464e-16,9.05595e-19,1.43097e-17,2.43831e-17,2.25007e-15,4.35825e-14,1.12825e-16,1.63101e-15,2.93058e-15
1.89502e-22,4.54301e-21,7.89651e-24,1.54352e-22,2.21418e-22,1.71555e-19,3.79570e-18,7.69837e-21,1.38294e-19,2.02041e-19,2.43831e-17,5.18770e-16,1.13055e-18,1.92002e-17,2.91794e-17,2.93058e-15,5.80684e-14,1.44061e-16,2.25007e-15,3.58426e-15
2.21418e-22,5.37020e-21,9.13465e-24,1.89502e-22,2.45900e-22,2.02041e-19,4.52962e-18,8.96462e-21,1.71555e-19,2.25020e-19,2.91794e-17,6.31140e-16,1.33405e-18,2.43831e-17,3.25376e-17,3.58426e-15,7.24094e-14,1.73292e-16,2.93058e-15,4.02533e-15
2.45900e-22,6.01298e-21,1.00738e-23,2.21418e-22,2.55754e-22,2.25020e-19,5.09132e-18,9.90658e-21,2.02041e-19,2.33593e-19,3.25376e-17,7.12116e-16,1.47287e-18,2.91794e-17,3.35186e-17,4.02533e-15,8.23927e-14,1.92457e-16,3.58426e-15,4.13571e-15
-1.00722e-23,-2.45869e-22,-4.13253e-25,-1.04476e-23,-9.13382e-24,-9.90631e-21,-2.25015e-19,-4.34686e-22,-1.02545e-20,-8.96445e-21,-1.47285e-18,-3.25372e-17,-6.61678e-20,-1.51156e-18,-1.33404e-18,-1.92456e-16,-4.02532e-15,-9.04635e-18,-1.96986e-16,-1.73291e-16
-9.13382e-24,-2.21403e-22,-3.77034e-25,-1.00722e-23,-7.89630e-24,-8.96445e-21,-2.02038e-19,-3.95998e-22,-9.90631e-21,-7.69832e-21,-1.33404e-18,-2.91792e-17,-6.04420e-20,-1.47285e-18,-1.13054e-18,-1.73291e-16,-3.58425e-15,-8.22383e-18,-1.92456e-16,-1.44061e-16
-7.89630e-24,-1.89499e-22,-3.28788e-25,-9.13382e-24,-6.51235e-24,-7.69832e-21,-1.71554e-19,-3.43392e-22,-8.96445e-21,-6.29298e-21,-1.13054e-18,-2.43830e-17,-5.18437e-20,-1.33404e-18,-9.05598e-19,-1.44061e-16,-2.93057e-15,-6.93525e-18,-1.73291e-16,-1.12825e-16
-6.51235e-24,-1.54358e-22,-2.74101e-25,-7.89630e-24,-5.12117e-24,-6.29298e-21,-1.38295e-19,-2.84111e-22,-7.69832e-21,-4.89784e-21,-9.05598e-19,-1.92002e-17,-4.21472e-20,-1.13054e-18,-6.87944e-19,-1.12825e-16,-2.25008e-15,-5.52633e-18,-1.44061e-16,-8.35825e-17
-5.12117e-24,-1.19688e-22,-2.18196e-25,-6.51235e-24,-3.82411e-24,-4.89784e-21,-1.05956e-19,-2.24160e-22,-6.29298e-21,-3.61765e-21,-6.87944e-19,-1.43099e-17,-3.25534e-20,-9.05598e-19,-4.95211e-19,-8.35825e-17,-1.63102e-15,-4.17328e-18,-1.12825e-16,-5.86156e-17
-3.82411e-24,-8.80669e-23,-1.65029e-25,-5.12117e-24,-2.67430e-24,-3.61765e-21,-7.69871e-20,-1.67945e-22,-4.89784e-21,-2.50352e-21,-4.95211e-19,-1.00988e-17,-2.38418e-20,-6.87944e-19,-3.34314e-19,-5.86156e-17,-1.11858e-15,-2.98522e-18,-8.35825e-17,-3.85944e-17
-2.67430e-24,-6.07230e-23,-1.16829e-25,-3.82411e-24,-1.67833e-24,-2.50352e-21,-5.24457e-20,-1.17816e-22,-3.61765e-21,-1.55723e-21,-3.34314e-19,-6.68958e-18,-1.63639e-20,-4.95211e-19,-2.03627e-19,-3.85944e-17,-7.21046e-16,-2.00304e-18,-5.86156e-17,-2.30138e-17
-1.67833e-24,-3.76548e-23,-7.40786e-26,-2.67430e-24,-8.05566e-25,-1.55723e-21,-3.21901e-20,-7.41302e-23,-2.50352e-21,-7.42808e-22,-2.03627e-19,-4.00938e-18,-1.01078e-20,-3.34314e-19,-9.57555e-20,-2.30138e-17,-4.22274e-16,-1.21372e-18,-3.85944e-17,-1.06666e-17
-8.05566e-25,-1.79268e-23,-3.58058e-26,-1.67833e-24,-4.99658e-28,-7.42808e-22,-1.52164e-20,-3.56365e-23,-1.55723e-21,-8.78294e-26,-9.57555e-20,-1.86475e-18,-4.79874e-21,-2.03627e-19,-6.40233e-24,-1.06666e-17,-1.93315e-16,-5.68731e-19,-2.30138e-17,-3.61302e-22
-4.99658e-28,-9.27890e-27,-2.61728e-29,-8.05566e-25,8.04574e-25,-8.78294e-26,-1.57514e-24,-4.83796e-27,-7.42808e-22,7.42633e-22,-6.40233e-24,-1.07498e-22,-3.68855e-25,-9.57555e-20,9.57426e-20,-3.61302e-22,-5.18249e-21,-2.34392e-23,-1.06666e-17,1.06659e-17
8.04574e-25,1.79083e-23,3.57539e-26,-4.99658e-28,1.67737e-24,7.42633e-22,1.52133e-20,3.56269e-23,-8.78294e-26,1.55705e-21,9.57426e-20,1.86453e-18,4.79800e-21,-6.40233e-24,2.03615e-19,1.06659e-17,1.93304e-16,5.68685e-19,-3.61302e-22,2.30131e-17
1.67737e-24,3.76367e-23,7.40285e-26,8.04574e-25,2.67340e-24,1.55705e-21,3.21869e-20,7.41209e-23,7.42633e-22,2.50336e-21,2.03615e-19,4.00916e-18,1.01071e-20,9.57426e-20,3.34301e-19,2.30131e-17,4.22263e-16,1.21367e-18,1.06659e-17,3.85937e-17
2.67340e-24,6.07057e-23,1.16782e-25,1.67737e-24,3.82333e-24,2.50336e-21,5.24426e-20,1.17807e-22,1.55705e-21,3.61751e-21,3.34301e-19,6.68936e-18,1.63633e-20,2.03615e-19,4.95200e-19,3.85937e-17,7.21035e-16,2.00300e-18,2.30131e-17,5.86150e-17
3.82333e-24,8.80514e-23,1.64990e-25,2.67340e-24,5.12059e-24,3.61751e-21,7.69843e-20,1.67937e-22,2.50336e-21,4.89774e-21,4.95200e-19,1.00986e-17,2.38412e-20,3.34301e-19,6.87936e-19,5.86150e-17,1.11857e-15,2.98518e-18,3.85937e-17,8.35820e-17
5.12059e-24,1.19676e-22,2.18168e-25,3.82333e-24,6.51209e-24,4.89774e-21,1.05954e-19,2.24155e-22,3.61751e-21,6.29295e-21,6.87936e-19,1.43097e-17,3.25530e-20,4.95200e-19,9.05595e-19,8.35820e-17,1.63101e-15,4.17325e-18,5.86150e-17,1.12825e-16
6.51209e-24,1.54352e-22,2.74090e-25,5.12059e-24,7.89651e-24,6.29295e-21,1.38294e-19,2.84110e-22,4.89774e-21,7.69837e-21,9.05595e-19,1.92002e-17,4.21471e-20,6.87936e-19,1.13055e-18,1.12825e-16,2.25007e-15,5.52633e-18,8.35820e-17,1.44061e-16
7.89651e-24,1.89502e-22,3.28801e-25,6.51209e-24,9.13465e-24,7.69837e-21,1.71555e-19,3.43395e-22,6.29295e-21,8.96462e-21,1.13055e-18,2.43831e-17,5.18440e-20,9.05595e-19,1.33405e-18,1.44061e-16,2.93058e-15,6.93527e-18,1.12825e-16,1.73292e-16
9.13465e-24,2.21418e-22,3.77077e-25,7.89651e-24,1.00738e-23,8.96462e-21,2.02041e-19,3.96007e-22,7.69837e-21,9.90658e-21,1.33405e-18,2.91794e-17,6.04427e-20,1.13055e-18,1.47287e-18,1.73292e-16,3.58426e-15,8.22388e-18,1.44061e-16,1.92457e-16
1.00738e-23,2.45900e-22,4.13335e-25,9.13465e-24,1.04496e-23,9.90658e-21,2.25020e-19,4.34700e-22,8.96462e-21,1.02548e-20,1.47287e-18,3.25376e-17,6.61689e-20,1.33405e-18,1.51159e-18,1.92457e-16,4.02533e-15,9.04642e-18,1.73292e-16,1.96987e-16
-4.13253e-25,-1.00722e-23,-1.69789e-26,-4.27672e-25,-3.77034e-25,-4.34686e-22,-9.90631e-21,-1.90194e-23,-4.48871e-22,-3.95998e-22,-6.61678e-20,-1.47285e-18,-2.95412e-21,-6.76906e-20,-6.04420e-20,-9.04635e-18,-1.92456e-16,-4.19468e-19,-9.22918e-18,-8.22383e-18
-3.77034e-25,-9.13382e-24,-1.55726e-26,-4.13253e-25,-3.28788e-25,-3.95998e-22,-8.96445e-21,-1.74271e-23,-4.34686e-22,-3.43392e-22,-6.04420e-20,-1.33404e-18,-2.71822e-21,-6.61678e-20,-5.18437e-20,-8.22383e-18,-1.73291e-16,-3.84489e-19,-9.04635e-18,-6.93525e-18
-3.28788e-25,-7.89630e-24,-1.36828e-26,-3.77034e-25,-2.74101e-25,-3.43392e-22,-7.69832e-21,-1.52399e-23,-3.95998e-22,-2.84111e-22,-5.18437e-20,-1.13054e-18,-2.35594e-21,-6.04420e-20,-4.21472e-20,-6.93525e-18,-1.44061e-16,-3.28289e-19,-8.22383e-18,-5.52633e-18
-2.74101e-25,-6.51235e-24,-1.15145e-26,-3.28788e-25,-2.18196e-25,-2.84111e-22,-6.29298e-21,-1.27418e-23,-3.43392e-22,-2.24160e-22,-4.21472e-20,-9.05598e-19,-1.94005e-21,-5.18437e-20,-3.25534e-20,-5.52633e-18,-1.12825e-16,-2.65580e-19,-6.93525e-18,-4.17328e-18
-2.18196e-25,-5.12117e-24,-9.26413e-27,-2.74101e-25,-1.65029e-25,-2.24160e-22,-4.89784e-21,-1.01730e-23,-2.84111e-22,-1.67945e-22,-3.25534e-20,-6.87944e-19,-1.52028e-21,-4.21472e-20,-2.38418e-20,-4.17328e-18,-8.35825e-17,-2.03971e-19,-5.52633e-18,-2.98522e-18
-1.65029e-25,-3.82411e-24,-7.08507e-27,-2.18196e-25,-1.16829e-25,-1.67945e-22,-3.61765e-21,-7.71673e-24,-2.24160e-22,-1.17816e-22,-2.38418e-20,-4.95211e-19,-1.13036e-21,-3.25534e-20,-1.63639e-20,-2.98522e-18,-5.86156e-17,-1.48481e-19,-4.17328e-18,-2.00304e-18
-1.16829e-25,-2.67430e-24,-5.06907e-27,-1.65029e-25,-7.40786e-26,-1.17816e-22,-2.50352e-21,-5.47765e-24,-1.67945e-22,-7.41302e-23,-1.63639e-20,-3.34314e-19,-7.87091e-22,-2.38418e-20,-1.01078e-20,-2.00304e-18,-3.85944e-17,-1.01308e-19,-2.98522e-18,-1.21372e-18
-7.40786e-26,-1.67833e-24,-3.24286e-27,-1.16829e-25,-3.58058e-26,-7.41302e-23,-1.55723e-21,-3.48088e-24,-1.17816e-22,-3.56365e-23,-1.01078e-20,-2.03627e-19,-4.92132e-22,-1.63639e-20,-4.79874e-21,-1.21372e-18,-2.30138e-17,-6.22614e-20,-2.00304e-18,-5.68731e-19
-3.58058e-26,-8.05566e-25,-1.57688e-27,-7.40786e-26,-2.61728e-29,-3.56365e-23,-7.42808e-22,-1.68456e-24,-7.41302e-23,-4.83796e-27,-4.79874e-21,-9.57555e-20,-2.35575e-22,-1.01078e-20,-3.68855e-25,-5.68731e-19,-1.06666e-17,-2.94571e-20,-1.21372e-18,-2.34392e-23
-2.61728e-29,-4.99658e-28,-1.32994e-30,-3.58058e-26,3.57539e-26,-4.83796e-27,-8.78294e-26,-2.63131e-28,-3.56365e-23,3.56269e-23,-3.68855e-25,-6.40233e-24,-2.07713e-26,-4.79874e-21,4.79800e-21,-2.34392e-23,-3.61302e-22,-1.44008e-24,-5.68731e-19,5.68685e-19
3.57539e-26,8.04574e-25,1.57424e-27,-2.61728e-29,7.40285e-26,3.56269e-23,7.42633e-22,1.68404e-24,-4.83796e-27,7.41209e-23,4.79800e-21,9.57426e-20,2.35534e-22,-3.68855e-25,1.01071e-20,5.68685e-19,1.06659e-17,2.94542e-20,-2.34392e-23,1.21367e-18
7.40285e-26,1.67737e-24,3.24033e-27,3.57539e-26,1.16782e-25,7.41209e-23,1.55705e-21,3.48038e-24,3.56269e-23,1.17807e-22,1.01071e-20,2.03615e-19,4.92092e-22,4.79800e-21,1.63633e-20,1.21367e-18,2.30131e-17,6.22586e-20,5.68685e-19,2.00300e-18
1.16782e-25,2.67340e-24,5.06675e-27,7.40285e-26,1.64990e-25,1.17807e-22,2.50336e-21,5.47720e-24,7.41209e-23,1.67937e-22,1.63633e-20,3.34301e-19,7.87054e-22,1.01071e-20,2.38412e-20,2.00300e-18,3.85937e-17,1.01306e-19,1.21367e-18,2.98518e-18
1.64990e-25,3.82333e-24,7.08311e-27,1.16782e-25,2.18168e-25,1.67937e-22,3.61751e-21,7.71636e-24,1.17807e-22,2.24155e-22,2.38412e-20,4.95200e-19,1.13033e-21,1.63633e-20,3.25530e-20,2.98518e-18,5.86150e-17,1.48478e-19,2.00300e-18,4.17325e-18
2.18168e-25,5.12059e-24,9.26277e-27,1.64990e-25,2.74090e-25,2.24155e-22,4.89774e-21,1.01728e-23,1.67937e-22,2.84110e-22,3.25530e-20,6.87936e-19,1.52026e-21,2.38412e-20,4.21471e-20,4.17325e-18,8.35820e-17,2.03969e-19,2.98518e-18,5.52633e-18
2.74090e-25,6.51209e-24,1.15140e-26,2.18168e-25,3.28801e-25,2.84110e-22,6.29295e-21,1.27417e-23,2.24155e-22,3.43395e-22,4.21471e-20,9.05595e-19,1.94005e-21,3.25530e-20,5.18440e-20,5.52633e-18,1.12825e-16,2.65580e-19,4.17325e-18,6.93527e-18
3.28801e-25,7.89651e-24,1.36835e-26,2.74090e-25,3.77077e-25,3.43395e-22,7.69837e-21,1.52401e-23,2.84110e-22,3.96007e-22,5.18440e-20,1.13055e-18,2.35596e-21,4.21471e-20,6.04427e-20,6.93527e-18,1.44061e-16,3.28290e-19,5.52633e-18,8.22388e-18
3.77077e-25,9.13465e-24,1.55748e-26,3.28801e-25,4.13335e-25,3.96007e-22,8.96462e-21,1.74275e-23,3.43395e-22,4.34700e-22,6.04427e-20,1.33405e-18,2.71826e-21,5.18440e-20,6.61689e-20,8.22388e-18,1.73292e-16,3.84492e-19,6.93527e-18,9.04642e-18
4.13335e-25,1.00738e-23,1.69829e-26,3.77077e-25,4.27774e-25,4.34700e-22,9.90658e-21,1.90202e-23,3.96007e-22,4.48887e-22,6.61689e-20,1.47287e-18,2.95417e-21,6.04427e-20,6.76919e-20,9.04642e-18,1.92457e-16,4.19472e-19,8.22388e-18,9.22925e-18
-1.69789e-26,-4.13253e-25,-6.98446e-28,-1.75362e-26,-1.55726e-26,-1.90194e-23,-4.34686e-22,-8.30106e-25,-1.95991e-23,-1.74271e-23,-2.95412e-21,-6.61678e-20,-1.31203e-22,-3.01382e-21,-2.71822e-21,-4.19468e-19,-9.04635e-18,-1.92359e-20,-4.26737e-19,-3.84489e-19
-1.55726e-26,-3.77034e-25,-6.43553e-28,-1.69789e-26,-1.36828e-26,-1.74271e-23,-3.95998e-22,-7.64434e-25,-1.90194e-23,-1.52399e-23,-2.71822e-21,-6.04420e-20,-1.21490e-22,-2.95412e-21,-2.35594e-21,-3.84489e-19,-8.22383e-18,-1.77587e-20,-4.19468e-19,-3.28289e-19
-1.36828e-26,-3.28788e-25,-5.69195e-28,-1.55726e-26,-1.15145e-26,-1.52399e-23,-3.43392e-22,-6.73418e-25,-1.74271e-23,-1.27418e-23,-2.35594e-21,-5.18437e-20,-1.06255e-22,-2.71822e-21,-1.94005e-21,-3.28289e-19,-6.93525e-18,-1.53272e-20,-3.84489e-19,-2.65580e-19
-1.15145e-26,-2.74101e-25,-4.82944e-28,-1.36828e-26,-9.26413e-27,-1.27418e-23,-2.84111e-22,-5.68197e-25,-1.52399e-23,-1.01730e-23,-1.94005e-21,-4.21472e-20,-8.84817e-23,-2.35594e-21,-1.52028e-21,-2.65580e-19,-5.52633e-18,-1.25646e-20,-3.28289e-19,-2.03971e-19
-9.26413e-27,-2.18196e-25,-3.92184e-28,-1.15145e-26,-7.08507e-27,-1.01730e-23,-2.24160e-22,-4.58362e-25,-1.27418e-23,-7.71673e-24,-1.52028e-21,-3.25534e-20,-7.02178e-23,-1.94005e-21,-1.13036e-21,-2.03971e-19,-4.17328e-18,-9.79423e-21,-2.65580e-19,-1.48481e-19
-7.08507e-27,-1.65029e-25,-3.02852e-28,-9.26413e-27,-5.06907e-27,-7.71673e-24,-1.67945e-22,-3.51455e-25,-1.01730e-23,-5.47765e-24,-1.13036e-21,-2.38418e-20,-5.29004e-23,-1.52028e-21,-7.87091e-22,-1.48481e-19,-2.98522e-18,-7.24066e-21,-2.03971e-19,-1.01308e-19
-5.06907e-27,-1.16829e-25,-2.18676e-28,-7.08507e-27,-3.24286e-27,-5.47765e-24,-1.17816e-22,-2.52043e-25,-7.71673e-24,-3.48088e-24,-7.87091e-22,-1.63639e-20,-3.73009e-23,-1.13036e-21,-4.92132e-22,-1.01308e-19,-2.00304e-18,-5.01363e-21,-1.48481e-19,-6.22614e-20
-3.24286e-27,-7.40786e-26,-1.40972e-28,-5.06907e-27,-1.57688e-27,-3.48088e-24,-7.41302e-23,-1.61542e-25,-5.47765e-24,-1.68456e-24,-4.92132e-22,-1.01078e-20,-2.35701e-23,-7.87091e-22,-2.35575e-22,-6.22614e-20,-1.21372e-18,-3.11982e-21,-1.01308e-19,-2.94571e-20
-1.57688e-27,-3.58058e-26,-6.89039e-29,-3.24286e-27,-1.32994e-30,-1.68456e-24,-3.56365e-23,-7.86279e-26,-3.48088e-24,-2.63131e-28,-2.35575e-22,-4.79874e-21,-1.13632e-23,-4.92132e-22,-2.07713e-26,-2.94571e-20,-5.68731e-19,-1.48854e-21,-6.22614e-20,-1.44008e-24
-1.32994e-30,-2.61728e-29,-6.55646e-32,-1.57688e-27,1.57424e-27,-2.63131e-28,-4.83796e-27,-1.41043e-29,-1.68456e-24,1.68404e-24,-2.07713e-26,-3.68855e-25,-1.15041e-27,-2.35575e-22,2.35534e-22,-1.44008e-24,-2.34392e-23,-8.49759e-26,-2.94571e-20,2.94542e-20
1.57424e-27,3.57539e-26,6.87743e-29,-1.32994e-30,3.24033e-27,1.68404e-24,3.56269e-23,7.86001e-26,-2.63131e-28,3.48038e-24,2.35534e-22,4.79800e-21,1.13610e-23,-2.07713e-26,4.92092e-22,2.94542e-20,5.68685e-19,1.48837e-21,-1.44008e-24,6.22586e-20
3.24033e-27,7.40285e-26,1.40847e-28,1.57424e-27,5.06675e-27,3.48038e-24,7.41209e-23,1.61515e-25,1.68404e-24,5.47720e-24,4.92092e-22,1.01071e-20,2.35679e-23,2.35534e-22,7.87054e-22,6.22586e-20,1.21367e-18,3.11966e-21,2.94542e-20,1.01306e-19
5.06675e-27,1.16782e-25,2.18562e-28,3.24033e-27,7.08311e-27,5.47720e-24,1.17807e-22,2.52019e-25,3.48038e-24,7.71636e-24,7.87054e-22,1.63633e-20,3.72989e-23,4.92092e-22,1.13033e-21,1.01306e-19,2.00300e-18,5.01348e-21,6.22586e-20,1.48478e-19
7.08311e-27,1.64990e-25,3.02758e-28,5.06675e-27,9.26277e-27,7.71636e-24,1.67937e-22,3.51436e-25,5.47720e-24,1.01728e-23,1.13033e-21,2.38412e-20,5.28988e-23,7.87054e-22,1.52026e-21,1.48478e-19,2.98518e-18,7.24053e-21,1.01306e-19,2.03969e-19
9.26277e-27,2.18168e-25,3.92120e-28,7.08311e-27,1.15140e-26,1.01728e-23,2.24155e-22,4.58351e-25,7.71636e-24,1.27417e-23,1.52026e-21,3.25530e-20,7.02167e-23,1.13033e-21,1.94005e-21,2.03969e-19,4.17325e-18,9.79415e-21,1.48478e-19,2.65580e-19
1.15140e-26,2.74090e-25,4.82923e-28,9.26277e-27,1.36835e-26,1.27417e-23,2.84110e-22,5.68196e-25,1.01728e-23,1.52401e-23,1.94005e-21,4.21471e-20,8.84815e-23,1.52026e-21,2.35596e-21,2.65580e-19,5.52633e-18,1.25646e-20,2.03969e-19,3.28290e-19
1.36835e-26,3.28801e-25,5.69233e-28,1.15140e-26,1.55748e-26,1.52401e-23,3.43395e-22,6.73429e-25,1.27417e-23,1.74275e-23,2.35596e-21,5.18440e-20,1.06255e-22,1.94005e-21,2.71826e-21,3.28290e-19,6.93527e-18,1.53273e-20,2.65580e-19,3.84492e-19
1.55748e-26,3.77077e-25,6.43665e-28,1.36835e-26,1.69829e-26,1.74275e-23,3.96007e-22,7.64458e-25,1.52401e-23,1.90202e-23,2.71826e-21,6.04427e-20,1.21492e-22,2.35596e-21,2.95417e-21,3.84492e-19,8.22388e-18,1.77588e-20,3.28290e-19,4.19472e-19
1.69829e-26,4.13335e-25,6.98642e-28,1.55748e-26,1.75412e-26,1.90202e-23,4.34700e-22,8.30143e-25,1.74275e-23,1.95999e-23,2.95417e-21,6.61689e-20,1.31206e-22,2.71826e-21,3.01388e-21,4.19472e-19,9.04642e-18,1.92361e-20,3.84492e-19,4.26741e-19
-6.98446e-28,-1.69789e-26,-2.87628e-29,-7.20113e-28,-6.43553e-28,-8.30106e-25,-1.90194e-23,-3.61500e-26,-8.53855e-25,-7.64434e-25,-1.31203e-22,-2.95412e-21,-5.80149e-24,-1.33537e-22,-1.21490e-22,-1.92359e-20,-4.19468e-19,-8.74106e-22,-1.95210e-20,-1.77587e-20
-6.43553e-28,-1.55726e-26,-2.66095e-29,-6.98446e-28,-5.69195e-28,-7.64434e-25,-1.74271e-23,-3.34363e-26,-8.30106e-25,-6.73418e-25,-1.21490e-22,-2.71822e-21,-5.40160e-24,-1.31203e-22,-1.06255e-22,-1.77587e-20,-3.84489e-19,-8.12040e-22,-1.92359e-20,-1.53272e-20
-5.69195e-28,-1.36828e-26,-2.36714e-29,-6.43553e-28,-4.82944e-28,-6.73418e-25,-1.52399e-23,-2.96449e-26,-7.64434e-25,-5.68197e-25,-1.06255e-22,-2.35594e-21,-4.76162e-24,-1.21490e-22,-8.84817e-23,-1.53272e-20,-3.28289e-19,-7.07485e-22,-1.77587e-20,-1.25646e-20
-4.82944e-28,-1.15145e-26,-2.02294e-29,-5.69195e-28,-3.92184e-28,-5.68197e-25,-1.27418e-23,-2.52135e-26,-6.73418e-25,-4.58362e-25,-8.84817e-23,-1.94005e-21,-4.00410e-24,-1.06255e-22,-7.02178e-23,-1.25646e-20,-2.65580e-19,-5.86736e-22,-1.53272e-20,-9.79423e-21
-3.92184e-28,-9.26413e-27,-1.65617e-29,-4.82944e-28,-3.02852e-28,-4.58362e-25,-1.01730e-23,-2.05241e-26,-5.68197e-25,-3.51455e-25,-7.02178e-23,-1.52028e-21,-3.21287e-24,-8.84817e-23,-5.29004e-23,-9.79423e-21,-2.03971e-19,-4.63379e-22,-1.25646e-20,-7.24066e-21
-3.02852e-28,-7.08507e-27,-1.28977e-29,-3.92184e-28,-2.18676e-28,-3.51455e-25,-7.71673e-24,-1.58855e-26,-4.58362e-25,-2.52043e-25,-5.29004e-23,-1.13036e-21,-2.44850e-24,-7.02178e-23,-3.73009e-23,-7.24066e-21,-1.48481e-19,-3.47256e-22,-9.79423e-21,-5.01363e-21
-2.18676e-28,-5.06907e-27,-9.38735e-30,-3.02852e-28,-1.40972e-28,-2.52043e-25,-5.47765e-24,-1.14938e-26,-3.51455e-25,-1.61542e-25,-3.73009e-23,-7.87091e-22,-1.74546e-24,-5.29004e-23,-2.35701e-23,-5.01363e-21,-1.01308e-19,-2.43585e-22,-7.24066e-21,-3.11982e-21
-1.40972e-28,-3.24286e-27,-6.09189e-30,-2.18676e-28,-6.89039e-29,-1.61542e-25,-3.48088e-24,-7.42142e-27,-2.52043e-25,-7.86279e-26,-2.35701e-23,-4.92132e-22,-1.11309e-24,-3.73009e-23,-1.13632e-23,-3.11982e-21,-6.22614e-20,-1.53237e-22,-5.01363e-21,-1.48854e-21
-6.89039e-29,-1.57688e-27,-2.99087e-30,-1.40972e-28,-6.55646e-32,-7.86279e-26,-1.68456e-24,-3.63018e-27,-1.61542e-25,-1.41043e-29,-1.13632e-23,-2.35575e-22,-5.39937e-25,-2.35701e-23,-1.15041e-27,-1.48854e-21,-2.94571e-20,-7.36527e-23,-3.11982e-21,-8.49759e-26
-6.55646e-32,-1.32994e-30,-3.14232e-33,-6.89039e-29,6.87743e-29,-1.41043e-29,-2.63131e-28,-7.43599e-31,-7.86279e-26,7.86001e-26,-1.15041e-27,-2.07713e-26,-6.28415e-29,-1.13632e-23,1.13610e-23,-8.49759e-26,-1.44008e-24,-4.86797e-27,-1.48854e-21,1.48837e-21
6.87743e-29,1.57424e-27,2.98466e-30,-6.55646e-32,1.40847e-28,7.86001e-26,1.68404e-24,3.62872e-27,-1.41043e-29,1.61515e-25,1.13610e-23,2.35534e-22,5.39813e-25,-1.15041e-27,2.35679e-23,1.48837e-21,2.94542e-20,7.36430e-23,-8.49759e-26,3.11966e-21
1.40847e-28,3.24033e-27,6.08593e-30,6.87743e-29,2.18562e-28,1.61515e-25,3.48038e-24,7.42005e-27,7.86001e-26,2.52019e-25,2.35679e-23,4.92092e-22,1.11297e-24,1.13610e-23,3.72989e-23,3.11966e-21,6.22586e-20,1.53227e-22,1.48837e-21,5.01348e-21
2.18562e-28,5.06675e-27,9.38192e-30,1.40847e-28,3.02758e-28,2.52019e-25,5.47720e-24,1.14926e-26,1.61515e-25,3.51436e-25,3.72989e-23,7.87054e-22,1.74535e-24,2.35679e-23,5.28988e-23,5.01348e-21,1.01306e-19,2.43576e-22,3.11966e-21,7.24053e-21
3.02758e-28,7.08311e-27,1.28932e-29,2.18562e-28,3.92120e-28,3.51436e-25,7.71636e-24,1.58846e-26,2.52019e-25,4.58351e-25,5.28988e-23,1.13033e-21,2.44842e-24,3.72989e-23,7.02167e-23,7.24053e-21,1.48478e-19,3.47249e-22,5.01348e-21,9.79415e-21
3.92120e-28,9.26277e-27,1.65587e-29,3.02758e-28,4.82923e-28,4.58351e-25,1.01728e-23,2.05235e-26,3.51436e-25,5.68196e-25,7.02167e-23,1.52026e-21,3.21282e-24,5.28988e-23,8.84815e-23,9.79415e-21,2.03969e-19,4.63375e-22,7.24053e-21,1.25646e-20
4.82923e-28,1.15140e-26,2.02285e-29,3.92120e-28,5.69233e-28,5.68196e-25,1.27417e-23,2.52134e-26,4.58351e-25,6.73429e-25,8.84815e-23,1.94005e-21,4.00409e-24,7.02167e-23,1.06255e-22,1.25646e-20,2.65580e-19,5.86736e-22,9.79415e-21,1.53273e-20
5.69233e-28,1.36835e-26,2.36734e-29,4.82923e-28,6.43665e-28,6.73429e-25,1.52401e-23,2.96454e-26,5.68196e-25,7.64458e-25,1.06255e-22,2.35596e-21,4.76167e-24,8.84815e-23,1.21492e-22,1.53273e-20,3.28290e-19,7.07489e-22,1.25646e-20,1.77588e-20
6.43665e-28,1.55748e-26,2.66149e-29,5.69233e-28,6.98642e-28,7.64458e-25,1.74275e-23,3.34376e-26,6.73429e-25,8.30143e-25,1.21492e-22,2.71826e-21,5.40171e-24,1.06255e-22,1.31206e-22,1.77588e-20,3.84492e-19,8.12048e-22,1.53273e-20,1.92361e-20
6.98642e-28,1.69829e-26,2.87721e-29,6.43665e-28,7.20354e-28,8.30143e-25,1.90202e-23,3.61519e-26,7.64458e-25,8.53897e-25,1.31206e-22,2.95417e-21,5.80165e-24,1.21492e-22,1.33540e-22,1.92361e-20,4.19472e-19,8.74118e-22,1.77588e-20,1.95213e-20
-2.87628e-29,-6.98446e-28,-1.18564e-30,-2.96097e-29,-2.66095e-29,-3.61500e-26,-8.30106e-25,-1.57118e-27,-3.71256e-26,-3.34363e-26,-5.80149e-24,-1.31203e-22,-2.55558e-25,-5.89248e-24,-5.40160e-24,-8.74106e-22,-1.92359e-20,-3.94196e-23,-8.85145e-22,-8.12040e-22
-2.66095e-29,-6.43553e-28,-1.10078e-30,-2.87628e-29,-2.36714e-29,-3.34363e-26,-7.64434e-25,-1.45882e-27,-3.61500e-26,-2.96449e-26,-5.40160e-24,-1.21490e-22,-2.39089e-25,-5.80149e-24,-4.76162e-24,-8.12040e-22,-1.77587e-20,-3.68219e-23,-8.74106e-22,-7.07485e-22
-2.36714e-29,-5.69195e-28,-9.84231e-31,-2.66095e-29,-2.02294e-29,-2.96449e-26,-6.73418e-25,-1.30070e-27,-3.34363e-26,-2.52135e-26,-4.76162e-24,-1.06255e-22,-2.12222e-25,-5.40160e-24,-4.00410e-24,-7.07485e-22,-1.53272e-20,-3.23466e-23,-8.12040e-22,-5.86736e-22
-2.02294e-29,-4.82944e-28,-8.46445e-31,-2.36714e-29,-1.65617e-29,-2.52135e-26,-5.68197e-25,-1.11404e-27,-2.96449e-26,-2.05241e-26,-4.00410e-24,-8.84817e-23,-1.79994e-25,-4.76162e-24,-3.21287e-24,-5.86736e-22,-1.25646e-20,-2.71008e-23,-7.07485e-22,-4.63379e-22
-1.65617e-29,-3.92184e-28,-6.97934e-31,-2.02294e-29,-1.28977e-29,-2.05241e-26,-4.58362e-25,-9.14043e-28,-2.52135e-26,-1.58855e-26,-3.21287e-24,-7.02178e-23,-1.45830e-25,-4.00410e-24,-2.44850e-24,-4.63379e-22,-9.79423e-21,-2.16505e-23,-5.86736e-22,-3.47256e-22
-1.28977e-29,-3.02852e-28,-5.47545e-31,-1.65617e-29,-9.38735e-30,-1.58855e-26,-3.51455e-25,-7.13283e-28,-2.05241e-26,-1.14938e-26,-2.44850e-24,-5.29004e-23,-1.12259e-25,-3.21287e-24,-1.74546e-24,-3.47256e-22,-7.24066e-21,-1.64201e-23,-4.63379e-22,-2.43585e-22
-9.38735e-30,-2.18676e-28,-4.01294e-31,-1.28977e-29,-6.09189e-30,-1.14938e-26,-2.52043e-25,-5.20091e-28,-1.58855e-26,-7.42142e-27,-1.74546e-24,-3.73009e-23,-8.07920e-26,-2.44850e-24,-1.11309e-24,-2.43585e-22,-5.01363e-21,-1.16497e-23,-3.47256e-22,-1.53237e-22
-6.09189e-30,-1.40972e-28,-2.61918e-31,-9.38735e-30,-2.99087e-30,-7.42142e-27,-1.61542e-25,-3.37974e-28,-1.14938e-26,-3.63018e-27,-1.11309e-24,-2.35701e-23,-5.19327e-26,-1.74546e-24,-5.39937e-25,-1.53237e-22,-3.11982e-21,-7.39895e-24,-2.43585e-22,-7.36527e-23
-2.99087e-30,-6.89039e-29,-1.29086e-31,-6.09189e-30,-3.14232e-33,-3.63018e-27,-7.86279e-26,-1.66027e-28,-7.42142e-27,-7.43599e-31,-5.39937e-25,-1.13632e-23,-2.53259e-26,-1.11309e-24,-6.28415e-29,-7.36527e-23,-1.48854e-21,-3.57916e-24,-1.53237e-22,-4.86797e-27
-3.14232e-33,-6.55646e-32,-1.46916e-34,-2.99087e-30,2.98466e-30,-7.43599e-31,-1.41043e-29,-3.85066e-32,-3.63018e-27,3.62872e-27,-6.28415e-29,-1.15041e-27,-3.38734e-30,-5.39937e-25,5.39813e-25,-4.86797e-27,-8.49759e-26,-2.72818e-28,-7.36527e-23,7.36430e-23
2.98466e-30,6.87743e-29,1.28796e-31,-3.14232e-33,6.08593e-30,3.62872e-27,7.86001e-26,1.65951e-28,-7.43599e-31,7.42005e-27,5.39813e-25,1.13610e-23,2.53193e-26,-6.28415e-29,1.11297e-24,7.36430e-23,1.48837e-21,3.57862e-24,-4.86797e-27,1.53227e-22
6.08593e-30,1.40847e-28,2.61640e-31,2.98466e-30,9.38192e-30,7.42005e-27,1.61515e-25,3.37904e-28,3.62872e-27,1.14926e-26,1.11297e-24,2.35679e-23,5.19265e-26,5.39813e-25,1.74535e-24,1.53227e-22,3.11966e-21,7.39844e-24,7.36430e-23,2.43576e-22
9.38192e-30,2.18562e-28,4.01042e-31,6.08593e-30,1.28932e-29,1.14926e-26,2.52019e-25,5.20029e-28,7.42005e-27,1.58846e-26,1.74535e-24,3.72989e-23,8.07865e-26,1.11297e-24,2.44842e-24,2.43576e-22,5.01348e-21,1.16493e-23,1.53227e-22,3.47249e-22
1.28932e-29,3.02758e-28,5.47337e-31,9.38192e-30,1.65587e-29,1.58846e-26,3.51436e-25,7.13236e-28,1.14926e-26,2.05235e-26,2.44842e-24,5.28988e-23,1.12255e-25,1.74535e-24,3.21282e-24,3.47249e-22,7.24053e-21,1.64197e-23,2.43576e-22,4.63375e-22
1.65587e-29,3.92120e-28,6.97796e-31,1.28932e-29,2.02285e-29,2.05235e-26,4.58351e-25,9.14016e-28,1.58846e-26,2.52134e-26,3.21282e-24,7.02167e-23,1.45828e-25,2.44842e-24,4.00409e-24,4.63375e-22,9.79415e-21,2.16503e-23,3.47249e-22,5.86736e-22
2.02285e-29,4.82923e-28,8.46407e-31,1.65587e-29,2.36734e-29,2.52134e-26,5.68196e-25,1.11404e-27,2.05235e-26,2.96454e-26,4.00409e-24,8.84815e-23,1.79994e-25,3.21282e-24,4.76167e-24,5.86736e-22,1.25646e-20,2.71008e-23,4.63375e-22,7.07489e-22
2.36734e-29,5.69233e-28,9.84325e-31,2.02285e-29,2.66149e-29,2.96454e-26,6.73429e-25,1.30073e-27,2.52134e-26,3.34376e-26,4.76167e-24,1.06255e-22,2.12225e-25,4.00409e-24,5.40171e-24,7.07489e-22,1.53273e-20,3.23468e-23,5.86736e-22,8.12048e-22
2.66149e-29,6.43665e-28,1.10103e-30,2.36734e-29,2.87721e-29,3.34376e-26,7.64458e-25,1.45889e-27,2.96454e-26,3.61519e-26,5.40171e-24,1.21492e-22,2.39095e-25,4.76167e-24,5.80165e-24,8.12048e-22,1.77588e-20,3.68223e-23,7.07489e-22,8.74118e-22
2.87721e-29,6.98642e-28,1.18607e-30,2.66149e-29,2.96210e-29,3.61519e-26,8.30143e-25,1.57127e-27,3.34376e-26,3.71278e-26,5.80165e-24,1.31206e-22,2.55566e-25,5.40171e-24,5.89265e-24,8.74118e-22,1.92361e-20,3.94203e-23,8.12048e-22,8.85158e-22
-1.18564e-30,-2.87628e-29,-4.89161e-32,-1.21891e-30,-1.10078e-30,-1.57118e-27,-3.61500e-26,-6.81660e-29,-1.61135e-27,-1.45882e-27,-2.55558e-25,-5.80149e-24,-1.12204e-26,-2.59096e-25,-2.39089e-25,-3.94196e-23,-8.74106e-22,-1.76635e-24,-3.98415e-23,-3.68219e-23
-1.10078e-30,-2.66095e-29,-4.55576e-32,-1.18564e-30,-9.84231e-31,-1.45882e-27,-3.34363e-26,-6.35055e-29,-1.57118e-27,-1.30070e-27,-2.39089e-25,-5.40160e-24,-1.05418e-26,-2.55558e-25,-2.12222e-25,-3.68219e-23,-8.12040e-22,-1.65792e-24,-3.94196e-23,-3.23466e-23
-9.84231e-31,-2.36714e-29,-4.09170e-32,-1.10078e-30,-8.46445e-31,-1.30070e-27,-2.96449e-26,-5.69032e-29,-1.45882e-27,-1.11404e-27,-2.12222e-25,-4.76162e-24,-9.41413e-27,-2.39089e-25,-1.79994e-25,-3.23466e-23,-7.07485e-22,-1.46702e-24,-3.68219e-23,-2.71008e-23
-8.46445e-31,-2.02294e-29,-3.53850e-32,-9.84231e-31,-6.97934e-31,-1.11404e-27,-2.52135e-26,-4.90379e-29,-1.30070e-27,-9.14043e-28,-1.79994e-25,-4.00410e-24,-8.04478e-27,-2.12222e-25,-1.45830e-25,-2.71008e-23,-5.86736e-22,-1.24019e-24,-3.23466e-23,-2.16505e-23
-6.97934e-31,-1.65617e-29,-2.93596e-32,-8.46445e-31,-5.47545e-31,-9.14043e-28,-2.05241e-26,-4.05141e-29,-1.11404e-27,-7.13283e-28,-1.45830e-25,-3.21287e-24,-6.57335e-27,-1.79994e-25,-1.12259e-25,-2.16505e-23,-4.63379e-22,-1.00085e-24,-2.71008e-23,-1.64201e-23
-5.47545e-31,-1.28977e-29,-2.31822e-32,-6.97934e-31,-4.01294e-31,-7.13283e-28,-1.58855e-26,-3.18429e-29,-9.14043e-28,-5.20091e-28,-1.12259e-25,-2.44850e-24,-5.10483e-27,-1.45830e-25,-8.07920e-26,-1.64201e-23,-3.47256e-22,-7.67094e-25,-2.16505e-23,-1.16497e-23
-4.01294e-31,-9.38735e-30,-1.70931e-32,-5.47545e-31,-2.61918e-31,-5.20091e-28,-1.14938e-26,-2.33749e-29,-7.13283e-28,-3.37974e-28,-8.07920e-26,-1.74546e-24,-3.70456e-27,-1.12259e-25,-5.19327e-26,-1.16497e-23,-2.43585e-22,-5.49695e-25,-1.64201e-23,-7.39895e-24
-2.61918e-31,-6.09189e-30,-1.12121e-32,-4.01294e-31,-1.29086e-31,-3.37974e-28,-7.42142e-27,-1.52745e-29,-5.20091e-28,-1.66027e-28,-5.19327e-26,-1.11309e-24,-2.39777e-27,-8.07920e-26,-2.53259e-26,-7.39895e-24,-1.53237e-22,-3.52042e-25,-1.16497e-23,-3.57916e-24
-1.29086e-31,-2.99087e-30,-5.54427e-33,-2.61918e-31,-1.46916e-34,-1.66027e-28,-3.63018e-27,-7.53120e-30,-3.37974e-28,-3.85066e-32,-2.53259e-26,-5.39937e-25,-1.17471e-27,-5.19327e-26,-3.38734e-30,-3.57916e-24,-7.36527e-23,-1.71249e-25,-7.39895e-24,-2.72818e-28
-1.46916e-34,-3.14232e-33,-6.73207e-36,-1.29086e-31,1.28796e-31,-3.85066e-32,-7.43599e-31,-1.95755e-33,-1.66027e-28,1.65951e-28,-3.38734e-30,-6.28415e-29,-1.80042e-31,-2.53259e-26,2.53193e-26,-2.72818e-28,-4.86797e-27,-1.50307e-29,-3.57916e-24,3.57862e-24
1.28796e-31,2.98466e-30,5.53098e-33,-1.46916e-34,2.61640e-31,1.65951e-28,3.62872e-27,7.52737e-30,-3.85066e-32,3.37904e-28,2.53193e-26,5.39813e-25,1.17436e-27,-3.38734e-30,5.19265e-26,3.57862e-24,7.36430e-23,1.71220e-25,-2.72818e-28,7.39844e-24
2.61640e-31,6.08593e-30,1.11994e-32,1.28796e-31,4.01042e-31,3.37904e-28,7.42005e-27,1.52709e-29,1.65951e-28,5.20029e-28,5.19265e-26,1.11297e-24,2.39744e-27,2.53193e-26,8.07865e-26,7.39844e-24,1.53227e-22,3.52014e-25,3.57862e-24,1.16493e-23
4.01042e-31,9.38192e-30,1.70816e-32,2.61640e-31,5.47337e-31,5.20029e-28,1.14926e-26,2.33718e-29,3.37904e-28,7.13236e-28,8.07865e-26,1.74535e-24,3.70427e-27,5.19265e-26,1.12255e-25,1.16493e-23,2.43576e-22,5.49671e-25,7.39844e-24,1.64197e-23
5.47337e-31,1.28932e-29,2.31728e-32,4.01042e-31,6.97796e-31,7.13236e-28,1.58846e-26,3.18405e-29,5.20029e-28,9.14016e-28,1.12255e-25,2.44842e-24,5.10461e-27,8.07865e-26,1.45828e-25,1.64197e-23,3.47249e-22,7.67075e-25,1.16493e-23,2.16503e-23
6.97796e-31,1.65587e-29,2.93534e-32,5.47337e-31,8.46407e-31,9.14016e-28,2.05235e-26,4.05128e-29,7.13236e-28,1.11404e-27,1.45828e-25,3.21282e-24,6.57323e-27,1.12255e-25,1.79994e-25,2.16503e-23,4.63375e-22,1.00084e-24,1.64197e-23,2.71008e-23
8.46407e-31,2.02285e-29,3.53835e-32,6.97796e-31,9.84325e-31,1.11404e-27,2.52134e-26,4.90379e-29,9.14016e-28,1.30073e-27,1.79994e-25,4.00409e-24,8.04479e-27,1.45828e-25,2.12225e-25,2.71008e-23,5.86736e-22,1.24019e-24,2.16503e-23,3.23468e-23
9.84325e-31,2.36734e-29,4.09215e-32,8.46407e-31,1.10103e-30,1.30073e-27,2.96454e-26,5.69048e-29,1.11404e-27,1.45889e-27,2.12225e-25,4.76167e-24,9.41428e-27,1.79994e-25,2.39095e-25,3.23468e-23,7.07489e-22,1.46704e-24,2.71008e-23,3.68223e-23
1.10103e-30,2.66149e-29,4.55692e-32,9.84325e-31,1.18607e-30,1.45889e-27,3.34376e-26,6.35089e-29,1.30073e-27,1.57127e-27,2.39095e-25,5.40171e-24,1.05421e-26,2.12225e-25,2.55566e-25,3.68223e-23,8.12048e-22,1.65795e-24,3.23468e-23,3.94203e-23
1.18607e-30,2.87721e-29,4.89355e-32,1.10103e-30,1.21942e-30,1.57127e-27,3.61519e-26,6.81707e-29,1.45889e-27,1.61146e-27,2.55566e-25,5.80165e-24,1.12209e-26,2.39095e-25,2.59105e-25,3.94203e-23,8.74118e-22,1.76639e-24,3.68223e-23,3.98422e-23
-4.89161e-32,-1.18564e-30,-2.01970e-33,-5.02287e-32,-4.55576e-32,-6.81660e-29,-1.57118e-27,-2.95262e-30,-6.98245e-29,-6.35055e-29,-1.12204e-26,-2.55558e-25,-4.91222e-28,-1.13576e-26,-1.05418e-26,-1.76635e-24,-3.94196e-23,-7.87178e-26,-1.78226e-24,-1.65792e-24
-4.55576e-32,-1.10078e-30,-1.88625e-33,-4.89161e-32,-4.09170e-32,-6.35055e-29,-1.45882e-27,-2.75895e-30,-6.81660e-29,-5.69032e-29,-1.05418e-26,-2.39089e-25,-4.63233e-28,-1.12204e-26,-9.41413e-27,-1.65792e-24,-3.68219e-23,-7.42008e-26,-1.76635e-24,-1.46702e-24
-4.09170e-32,-9.84231e-31,-1.70084e-33,-4.55576e-32,-3.53850e-32,-5.69032e-29,-1.30070e-27,-2.48292e-30,-6.35055e-29,-4.90379e-29,-9.41413e-27,-2.12222e-25,-4.15897e-28,-1.05418e-26,-8.04478e-27,-1.46702e-24,-3.23466e-23,-6.60781e-26,-1.65792e-24,-1.24019e-24
-3.53850e-32,-8.46445e-31,-1.47811e-33,-4.09170e-32,-2.93596e-32,-4.90379e-29,-1.11404e-27,-2.15134e-30,-5.69032e-29,-4.05141e-29,-8.04478e-27,-1.79994e-25,-3.57761e-28,-9.41413e-27,-6.57335e-27,-1.24019e-24,-2.71008e-23,-5.63048e-26,-1.46702e-24,-1.00085e-24
-2.93596e-32,-6.97934e-31,-1.23317e-33,-3.53850e-32,-2.31822e-32,-4.05141e-29,-9.14043e-28,-1.78825e-30,-4.90379e-29,-3.18429e-29,-6.57335e-27,-1.45830e-25,-2.94511e-28,-8.04478e-27,-5.10483e-27,-1.00085e-24,-2.16505e-23,-4.58461e-26,-1.24019e-24,-7.67094e-25
-2.31822e-32,-5.47545e-31,-9.79217e-34,-2.93596e-32,-1.70931e-32,-3.18429e-29,-7.13283e-28,-1.41434e-30,-4.05141e-29,-2.33749e-29,-5.10483e-27,-1.12259e-25,-2.30485e-28,-6.57335e-27,-3.70456e-27,-7.67094e-25,-1.64201e-23,-3.54649e-26,-1.00085e-24,-5.49695e-25
-1.70931e-32,-4.01294e-31,-7.25829e-34,-2.31822e-32,-1.12121e-32,-2.33749e-29,-5.20091e-28,-1.04433e-30,-3.18429e-29,-1.52745e-29,-3.70456e-27,-8.07920e-26,-1.68480e-28,-5.10483e-27,-2.39777e-27,-5.49695e-25,-1.16497e-23,-2.56372e-26,-7.67094e-25,-3.52042e-25
-1.12121e-32,-2.61918e-31,-4.78167e-34,-1.70931e-32,-5.54427e-33,-1.52745e-29,-3.37974e-28,-6.85726e-31,-2.33749e-29,-7.53120e-30,-2.39777e-27,-5.19327e-26,-1.09704e-28,-3.70456e-27,-1.17471e-27,-3.52042e-25,-7.39895e-24,-1.65388e-26,-5.49695e-25,-1.71249e-25
-5.54427e-33,-1.29086e-31,-2.37131e-34,-1.12121e-32,-6.73207e-36,-7.53120e-30,-1.66027e-28,-3.39185e-31,-1.52745e-29,-1.95755e-33,-1.17471e-27,-2.53259e-26,-5.39612e-29,-2.39777e-27,-1.80042e-31,-1.71249e-25,-3.57916e-24,-8.08440e-27,-3.52042e-25,-1.50307e-29
-6.73207e-36,-1.46916e-34,-3.04107e-37,-5.54427e-33,5.53098e-33,-1.95755e-33,-3.85066e-32,-9.77278e-35,-7.53120e-30,7.52737e-30,-1.80042e-31,-3.38734e-30,-9.42585e-33,-1.17471e-27,1.17436e-27,-1.50307e-29,-2.72818e-28,-8.16147e-31,-1.71249e-25,1.71220e-25
5.53098e-33,1.28796e-31,2.36531e-34,-6.73207e-36,1.11994e-32,7.52737e-30,1.65951e-28,3.38994e-31,-1.95755e-33,1.52709e-29,1.17436e-27,2.53193e-26,5.39428e-29,-1.80042e-31,2.39744e-27,1.71220e-25,3.57862e-24,8.08280e-27,-1.50307e-29,3.52014e-25
1.11994e-32,2.61640e-31,4.77596e-34,5.53098e-33,1.70816e-32,1.52709e-29,3.37904e-28,6.85549e-31,7.52737e-30,2.33718e-29,2.39744e-27,5.19265e-26,1.09687e-28,1.17436e-27,3.70427e-27,3.52014e-25,7.39844e-24,1.65373e-26,1.71220e-25,5.49671e-25
1.70816e-32,4.01042e-31,7.25315e-34,1.11994e-32,2.31728e-32,2.33718e-29,5.20029e-28,1.04418e-30,1.52709e-29,3.18405e-29,3.70427e-27,8.07865e-26,1.68465e-28,2.39744e-27,5.10461e-27,5.49671e-25,1.16493e-23,2.56359e-26,3.52014e-25,7.67075e-25
2.31728e-32,5.47337e-31,9.78800e-34,1.70816e-32,2.93534e-32,3.18405e-29,7.13236e-28,1.41423e-30,2.33718e-29,4.05128e-29,5.10461e-27,1.12255e-25,2.30474e-28,3.70427e-27,6.57323e-27,7.67075e-25,1.64197e-23,3.54640e-26,5.49671e-25,1.00084e-24
2.93534e-32,6.97796e-31,1.23290e-33,2.31728e-32,3.53835e-32,4.05128e-29,9.14016e-28,1.78818e-30,3.18405e-29,4.90379e-29,6.57323e-27,1.45828e-25,2.94505e-28,5.10461e-27,8.04479e-27,1.00084e-24,2.16503e-23,4.58456e-26,7.67075e-25,1.24019e-24
3.53835e-32,8.46407e-31,1.47805e-33,2.93534e-32,4.09215e-32,4.90379e-29,1.11404e-27,2.15135e-30,4.05128e-29,5.69048e-29,8.04479e-27,1.79994e-25,3.57762e-28,6.57323e-27,9.41428e-27,1.24019e-24,2.71008e-23,5.63048e-26,1.00084e-24,1.46704e-24
4.09215e-32,9.84325e-31,1.70104e-33,3.53835e-32,4.55692e-32,5.69048e-29,1.30073e-27,2.48300e-30,4.90379e-29,6.35089e-29,9.41428e-27,2.12225e-25,4.15905e-28,8.04479e-27,1.05421e-26,1.46704e-24,3.23468e-23,6.60788e-26,1.24019e-24,1.65795e-24
4.55692e-32,1.10103e-30,1.88678e-33,4.09215e-32,4.89355e-32,6.35089e-29,1.45889e-27,2.75911e-30,5.69048e-29,6.81707e-29,1.05421e-26,2.39095e-25,4.63249e-28,9.41428e-27,1.12209e-26,1.65795e-24,3.68223e-23,7.42022e-26,1.46704e-24,1.76639e-24
4.89355e-32,1.18607e-30,2.02057e-33,4.55692e-32,5.02521e-32,6.81707e-29,1.57127e-27,2.95285e-30,6.35089e-29,6.98299e-29,1.12209e-26,2.55566e-25,4.91244e-28,1.05421e-26,1.13581e-26,1.76639e-24,3.94203e-23,7.87196e-26,1.65795e-24,1.78229e-24
-2.01970e-33,-4.89161e-32,-8.34493e-35,-2.07171e-33,-1.88625e-33,-2.95262e-30,-6.81660e-29,-1.27703e-31,-3.02124e-30,-2.75895e-30,-4.91222e-28,-1.12204e-26,-2.14506e-29,-4.96531e-28,-4.63233e-28,-7.87178e-26,-1.76635e-24,-3.49166e-27,-7.93083e-26,-7.42008e-26
-1.88625e-33,-4.55576e-32,-7.81273e-35,-2.01970e-33,-1.70084e-33,-2.75895e-30,-6.35055e-29,-1.19641e-31,-2.95262e-30,-2.48292e-30,-4.63233e-28,-1.05418e-26,-2.02950e-29,-4.91222e-28,-4.15897e-28,-7.42008e-26,-1.65792e-24,-3.30372e-27,-7.87178e-26,-6.60781e-26
-1.70084e-33,-4.09170e-32,-7.06948e-35,-1.88625e-33,-1.47811e-33,-2.48292e-30,-5.69032e-29,-1.08087e-31,-2.75895e-30,-2.15134e-30,-4.15897e-28,-9.41413e-27,-1.83073e-29,-4.63233e-28,-3.57761e-28,-6.60781e-26,-1.46702e-24,-2.95873e-27,-7.42008e-26,-5.63048e-26
-1.47811e-33,-3.53850e-32,-6.17033e-35,-1.70084e-33,-1.23317e-33,-2.15134e-30,-4.90379e-29,-9.41005e-32,-2.48292e-30,-1.78825e-30,-3.57761e-28,-8.04478e-27,-1.58403e-29,-4.15897e-28,-2.94511e-28,-5.63048e-26,-1.24019e-24,-2.53880e-27,-6.60781e-26,-4.58461e-26
-1.23317e-33,-2.93596e-32,-5.17279e-35,-1.47811e-33,-9.79217e-34,-1.78825e-30,-4.05141e-29,-7.86382e-32,-2.15134e-30,-1.41434e-30,-2.94511e-28,-6.57335e-27,-1.31256e-29,-3.57761e-28,-2.30485e-28,-4.58461e-26,-1.00085e-24,-2.08354e-27,-5.63048e-26,-3.54649e-26
-9.79217e-34,-2.31822e-32,-4.12793e-35,-1.23317e-33,-7.25829e-34,-1.41434e-30,-3.18429e-29,-6.25383e-32,-1.78825e-30,-1.04433e-30,-2.30485e-28,-5.10483e-27,-1.03418e-29,-2.94511e-28,-1.68480e-28,-3.54649e-26,-7.67094e-25,-1.62493e-27,-4.58461e-26,-2.56372e-26
-7.25829e-34,-1.70931e-32,-3.07388e-35,-9.79217e-34,-4.78167e-34,-1.04433e-30,-2.33749e-29,-4.64145e-32,-1.41434e-30,-6.85726e-31,-1.68480e-28,-3.70456e-27,-7.60763e-30,-2.30485e-28,-1.09704e-28,-2.56372e-26,-5.49695e-25,-1.18369e-27,-3.54649e-26,-1.65388e-26
-4.78167e-34,-1.12121e-32,-2.03269e-35,-7.25829e-34,-2.37131e-34,-6.85726e-31,-1.52745e-29,-3.06046e-32,-1.04433e-30,-3.39185e-31,-1.09704e-28,-2.39777e-27,-4.97959e-30,-1.68480e-28,-5.39612e-29,-1.65388e-26,-3.52042e-25,-7.68472e-28,-2.56372e-26,-8.08440e-27
-2.37131e-34,-5.54427e-33,-1.01057e-35,-4.78167e-34,-3.04107e-37,-3.39185e-31,-7.53120e-30,-1.51802e-32,-6.85726e-31,-9.77278e-35,-5.39612e-29,-1.17471e-27,-2.45785e-30,-1.09704e-28,-9.42585e-33,-8.08440e-27,-1.71249e-25,-3.77233e-28,-1.65388e-26,-8.16147e-31
-3.04107e-37,-6.73207e-36,-1.36364e-38,-2.37131e-34,2.36531e-34,-9.77278e-35,-1.95755e-33,-4.79659e-36,-3.39185e-31,3.38994e-31,-9.42585e-33,-1.80042e-31,-4.85656e-34,-5.39612e-29,5.39428e-29,-8.16147e-31,-1.50307e-29,-4.37137e-32,-8.08440e-27,8.08280e-27
2.36531e-34,5.53098e-33,1.00788e-35,-3.04107e-37,4.77596e-34,3.38994e-31,7.52737e-30,1.51708e-32,-9.77278e-35,6.85549e-31,5.39428e-29,1.17436e-27,2.45690e-30,-9.42585e-33,1.09687e-28,8.08280e-27,1.71220e-25,3.77148e-28,-8.16147e-31,1.65373e-26
4.77596e-34,1.11994e-32,2.03014e-35,2.36531e-34,7.25315e-34,6.85549e-31,1.52709e-29,3.05960e-32,3.38994e-31,1.04418e-30,1.09687e-28,2.39744e-27,4.97871e-30,5.39428e-29,1.68465e-28,1.65373e-26,3.52014e-25,7.68394e-28,8.08280e-27,2.56359e-26
7.25315e-34,1.70816e-32,3.07160e-35,4.77596e-34,9.78800e-34,1.04418e-30,2.33718e-29,4.64071e-32,6.85549e-31,1.41423e-30,1.68465e-28,3.70427e-27,7.60689e-30,1.09687e-28,2.30474e-28,2.56359e-26,5.49671e-25,1.18362e-27,1.65373e-26,3.54640e-26
9.78800e-34,2.31728e-32,4.12609e-35,7.25315e-34,1.23290e-33,1.41423e-30,3.18405e-29,6.25328e-32,1.04418e-30,1.78818e-30,2.30474e-28,5.10461e-27,1.03412e-29,1.68465e-28,2.94505e-28,3.54640e-26,7.67075e-25,1.62488e-27,2.56359e-26,4.58456e-26
1.23290e-33,2.93534e-32,5.17162e-35,9.78800e-34,1.47805e-33,1.78818e-30,4.05128e-29,7.86353e-32,1.41423e-30,2.15135e-30,2.94505e-28,6.57323e-27,1.31253e-29,2.30474e-28,3.57762e-28,4.58456e-26,1.00084e-24,2.08352e-27,3.54640e-26,5.63048e-26
1.47805e-33,3.53835e-32,6.17008e-35,1.23290e-33,1.70104e-33,2.15135e-30,4.90379e-29,9.41009e-32,1.78818e-30,2.48300e-30,3.57762e-28,8.04479e-27,1.58404e-29,2.94505e-28,4.15905e-28,5.63048e-26,1.24019e-24,2.53880e-27,4.58456e-26,6.60788e-26
1.70104e-33,4.09215e-32,7.07040e-35,1.47805e-33,1.88678e-33,2.48300e-30,5.69048e-29,1.08091e-31,2.15135e-30,2.75911e-30,4.15905e-28,9.41428e-27,1.83077e-29,3.57762e-28,4.63249e-28,6.60788e-26,1.46704e-24,2.95877e-27,5.63048e-26,7.42022e-26
1.88678e-33,4.55692e-32,7.81505e-35,1.70104e-33,2.02057e-33,2.75911e-30,6.35089e-29,1.19649e-31,2.48300e-30,2.95285e-30,4.63249e-28,1.05421e-26,2.02958e-29,4.15905e-28,4.91244e-28,7.42022e-26,1.65795e-24,3.30379e-27,6.60788e-26,7.87196e-26
2.02057e-33,4.89355e-32,8.34877e-35,1.88678e-33,2.07276e-33,2.95285e-30,6.81707e-29,1.27715e-31,2.75911e-30,3.02150e-30,4.91244e-28,1.12209e-26,2.14517e-29,4.63249e-28,4.96554e-28,7.87196e-26,1.76639e-24,3.49176e-27,7.42022e-26,7.93102e-26
-8.34493e-35,-2.01970e-33,-3.45005e-36,-8.55182e-35,-7.81273e-35,-1.27703e-31,-2.95262e-30,-5.51575e-33,-1.30549e-31,-1.19641e-31,-2.14506e-29,-4.91222e-28,-9.34568e-31,-2.16554e-29,-2.02950e-29,-3.49166e-27,-7.87178e-26,-1.54250e-28,-3.51321e-27,-3.30372e-27
-7.81273e-35,-1.88625e-33,-3.23708e-36,-8.34493e-35,-7.06948e-35,-1.19641e-31,-2.75895e-30,-5.17954e-33,-1.27703e-31,-1.08087e-31,-2.02950e-29,-4.63233e-28,-8.86801e-31,-2.14506e-29,-1.83073e-29,-3.30372e-27,-7.42008e-26,-1.46436e-28,-3.49166e-27,-2.95873e-27
-7.06948e-35,-1.70084e-33,-2.93823e-36,-7.81273e-35,-6.17033e-35,-1.08087e-31,-2.48292e-30,-4.69530e-33,-1.19641e-31,-9.41005e-32,-1.83073e-29,-4.15897e-28,-8.03290e-31,-2.02950e-29,-1.58403e-29,-2.95873e-27,-6.60781e-26,-1.31802e-28,-3.30372e-27,-2.53880e-27
-6.17033e-35,-1.47811e-33,-2.57435e-36,-7.06948e-35,-5.17279e-35,-9.41005e-32,-2.15134e-30,-4.10499e-33,-1.08087e-31,-7.86382e-32,-1.58403e-29,-3.57761e-28,-6.98632e-31,-1.83073e-29,-1.31256e-29,-2.53880e-27,-5.63048e-26,-1.13796e-28,-2.95873e-27,-2.08354e-27
-5.17279e-35,-1.23317e-33,-2.16738e-36,-6.17033e-35,-4.12793e-35,-7.86382e-32,-1.78825e-30,-3.44667e-33,-9.41005e-32,-6.25383e-32,-1.31256e-29,-2.94511e-28,-5.82250e-31,-1.58403e-29,-1.03418e-29,-2.08354e-27,-4.58461e-26,-9.40409e-29,-2.53880e-27,-1.62493e-27
-4.12793e-35,-9.79217e-34,-1.73712e-36,-5.17279e-35,-3.07388e-35,-6.25383e-32,-1.41434e-30,-2.75426e-33,-7.86382e-32,-4.64145e-32,-1.03418e-29,-2.30485e-28,-4.61489e-31,-1.31256e-29,-7.60763e-30,-1.62493e-27,-3.54649e-26,-7.38686e-29,-2.08354e-27,-1.18369e-27
-3.07388e-35,-7.25829e-34,-1.29878e-36,-4.12793e-35,-2.03269e-35,-4.64145e-32,-1.04433e-30,-2.05331e-33,-6.25383e-32,-3.06046e-32,-7.60763e-30,-1.68480e-28,-3.41366e-31,-1.03418e-29,-4.97959e-30,-1.18369e-27,-2.56372e-26,-5.41728e-29,-1.62493e-27,-7.68472e-28
-2.03269e-35,-4.78167e-34,-8.61685e-37,-3.07388e-35,-1.01057e-35,-3.06046e-32,-6.85726e-31,-1.35887e-33,-4.64145e-32,-1.51802e-32,-4.97959e-30,-1.09704e-28,-2.24461e-31,-7.60763e-30,-2.45785e-30,-7.68472e-28,-1.65388e-26,-3.53659e-29,-1.18369e-27,-3.77233e-28
-1.01057e-35,-2.37131e-34,-4.29333e-37,-2.03269e-35,-1.36364e-38,-1.51802e-32,-3.39185e-31,-6.75639e-34,-3.06046e-32,-4.79659e-36,-2.45785e-30,-5.39612e-29,-1.11124e-31,-4.97959e-30,-4.85656e-34,-3.77233e-28,-8.08440e-27,-1.74247e-29,-7.68472e-28,-4.37137e-32
-1.36364e-38,-3.04107e-37,-6.11561e-40,-1.01057e-35,1.00788e-35,-4.79659e-36,-9.77278e-35,-2.31858e-37,-1.51802e-32,1.51708e-32,-4.85656e-34,-9.42585e-33,-2.46176e-35,-2.45785e-30,2.45690e-30,-4.37137e-32,-8.16147e-31,-2.30930e-33,-3.77233e-28,3.77148e-28
1.00788e-35,2.36531e-34,4.28130e-37,-1.36364e-38,2.03014e-35,1.51708e-32,3.38994e-31,6.75187e-34,-4.79659e-36,3.05960e-32,2.45690e-30,5.39428e-29,1.11076e-31,-4.85656e-34,4.97871e-30,3.77148e-28,8.08280e-27,1.74202e-29,-4.37137e-32,7.68394e-28
2.03014e-35,4.77596e-34,8.60549e-37,1.00788e-35,3.07160e-35,3.05960e-32,6.85549e-31,1.35845e-33,1.51708e-32,4.64071e-32,4.97871e-30,1.09687e-28,2.24417e-31,2.45690e-30,7.60689e-30,7.68394e-28,1.65373e-26,3.53617e-29,3.77148e-28,1.18362e-27
3.07160e-35,7.25315e-34,1.29777e-36,2.03014e-35,4.12609e-35,4.64071e-32,1.04418e-30,2.05296e-33,3.05960e-32,6.25328e-32,7.60689e-30,1.68465e-28,3.41329e-31,4.97871e-30,1.03412e-29,1.18362e-27,2.56359e-26,5.41694e-29,7.68394e-28,1.62488e-27
4.12609e-35,9.78800e-34,1.73632e-36,3.07160e-35,5.17162e-35,6.25328e-32,1.41423e-30,2.75400e-33,4.64071e-32,7.86353e-32,1.03412e-29,2.30474e-28,4.61462e-31,7.60689e-30,1.31253e-29,1.62488e-27,3.54640e-26,7.38661e-29,1.18362e-27,2.08352e-27
5.17162e-35,1.23290e-33,2.16687e-36,4.12609e-35,6.17008e-35,7.86353e-32,1.78818e-30,3.44654e-33,6.25328e-32,9.41009e-32,1.31253e-29,2.94505e-28,5.82236e-31,1.03412e-29,1.58404e-29,2.08352e-27,4.58456e-26,9.40396e-29,1.62488e-27,2.53880e-27
6.17008e-35,1.47805e-33,2.57425e-36,5.17162e-35,7.07040e-35,9.41009e-32,2.15135e-30,4.10502e-33,7.86353e-32,1.08091e-31,1.58404e-29,3.57762e-28,6.98636e-31,1.31253e-29,1.83077e-29,2.53880e-27,5.63048e-26,1.13796e-28,2.08352e-27,2.95877e-27
7.07040e-35,1.70104e-33,2.93865e-36,6.17008e-35,7.81505e-35,1.08091e-31,2.48300e-30,4.69550e-33,9.41009e-32,1.19649e-31,1.83077e-29,4.15905e-28,8.03312e-31,1.58404e-29,2.02958e-29,2.95877e-27,6.60788e-26,1.31804e-28,2.53880e-27,3.30379e-27
7.81505e-35,1.88678e-33,3.23810e-36,7.07040e-35,8.34877e-35,1.19649e-31,2.75911e-30,5.17993e-33,1.08091e-31,1.27715e-31,2.02958e-29,4.63249e-28,8.86841e-31,1.83077e-29,2.14517e-29,3.30379e-27,7.42022e-26,1.46440e-28,2.95877e-27,3.49176e-27
8.34877e-35,2.02057e-33,3.45175e-36,7.81505e-35,8.55644e-35,1.27715e-31,2.95285e-30,5.51628e-33,1.19649e-31,1.30562e-31,2.14517e-29,4.91244e-28,9.34623e-31,2.02958e-29,2.16566e-29,3.49176e-27,7.87196e-26,1.54255e-28,3.30379e-27,3.51331e-27
-3.45005e-36,-8.34493e-35,-1.42713e-37,-3.53264e-36,-3.23708e-36,-5.51575e-33,-1.27703e-31,-2.37934e-34,-5.63401e-33,-5.17954e-33,-9.34568e-31,-2.14506e-29,-4.06345e-32,-9.42454e-31,-8.86801e-31,-1.54250e-28,-3.49166e-27,-6.79011e-30,-1.55020e-28,-1.46436e-28
-3.23708e-36,-7.81273e-35,-1.34164e-37,-3.45005e-36,-2.93823e-36,-5.17954e-33,-1.19641e-31,-2.23892e-34,-5.51575e-33,-4.69530e-33,-8.86801e-31,-2.02950e-29,-3.86573e-32,-9.34568e-31,-8.03290e-31,-1.46436e-28,-3.30372e-27,-6.46525e-30,-1.54250e-28,-1.31802e-28
-2.93823e-36,-7.06948e-35,-1.22114e-37,-3.23708e-36,-2.57435e-36,-4.69530e-33,-1.08087e-31,-2.03573e-34,-5.17954e-33,-4.10499e-33,-8.03290e-31,-1.83073e-29,-3.51465e-32,-8.86801e-31,-6.98632e-31,-1.31802e-28,-2.95873e-27,-5.84498e-30,-1.46436e-28,-1.13796e-28
-2.57435e-36,-6.17033e-35,-1.07353e-37,-2.93823e-36,-2.16738e-36,-4.10499e-33,-9.41005e-32,-1.78643e-34,-4.69530e-33,-3.44667e-33,-6.98632e-31,-1.58403e-29,-3.07068e-32,-8.03290e-31,-5.82250e-31,-1.13796e-28,-2.53880e-27,-5.07417e-30,-1.31802e-28,-9.40409e-29
-2.16738e-36,-5.17279e-35,-9.07228e-38,-2.57435e-36,-1.73712e-36,-3.44667e-33,-7.86382e-32,-1.50617e-34,-4.10499e-33,-2.75426e-33,-5.82250e-31,-1.31256e-29,-2.57220e-32,-6.98632e-31,-4.61489e-31,-9.40409e-29,-2.08354e-27,-4.21907e-30,-1.13796e-28,-7.38686e-29
-1.73712e-36,-4.12793e-35,-7.29918e-38,-2.16738e-36,-1.29878e-36,-2.75426e-33,-6.25383e-32,-1.20870e-34,-3.44667e-33,-2.05331e-33,-4.61489e-31,-1.03418e-29,-2.04936e-32,-5.82250e-31,-3.41366e-31,-7.38686e-29,-1.62493e-27,-3.33503e-30,-9.40409e-29,-5.41728e-29
-1.29878e-36,-3.07388e-35,-5.47665e-38,-1.73712e-36,-8.61685e-37,-2.05331e-33,-4.64145e-32,-9.04627e-35,-2.75426e-33,-1.35887e-33,-3.41366e-31,-7.60763e-30,-1.52329e-32,-4.61489e-31,-2.24461e-31,-5.41728e-29,-1.18369e-27,-2.46027e-30,-7.38686e-29,-3.53659e-29
-8.61685e-37,-2.03269e-35,-3.64399e-38,-1.29878e-36,-4.29333e-37,-1.35887e-33,-3.06046e-32,-6.00588e-35,-2.05331e-33,-6.75639e-34,-2.24461e-31,-4.97959e-30,-1.00560e-32,-3.41366e-31,-1.11124e-31,-3.53659e-29,-7.68472e-28,-1.61396e-30,-5.41728e-29,-1.74247e-29
-4.29333e-37,-1.01057e-35,-1.81910e-38,-8.61685e-37,-6.11561e-40,-6.75639e-34,-1.51802e-32,-2.99244e-35,-1.35887e-33,-2.31858e-37,-1.11124e-31,-2.45785e-30,-4.99152e-33,-2.24461e-31,-2.46176e-35,-1.74247e-29,-3.77233e-28,-7.97755e-31,-3.53659e-29,-2.30930e-33
-6.11561e-40,-1.36364e-38,-2.76310e-41,-4.29333e-37,4.28130e-37,-2.31858e-37,-4.79659e-36,-1.10634e-38,-6.75639e-34,6.75187e-34,-2.46176e-35,-4.85656e-34,-1.22796e-36,-1.11124e-31,1.11076e-31,-2.30930e-33,-4.37137e-32,-1.20268e-34,-1.74247e-29,1.74202e-29
4.28130e-37,1.00788e-35,1.81368e-38,-6.11561e-40,8.60549e-37,6.75187e-34,1.51708e-32,2.99029e-35,-2.31858e-37,1.35845e-33,1.11076e-31,2.45690e-30,4.98913e-33,-2.46176e-35,2.24417e-31,1.74202e-29,3.77148e-28,7.97521e-31,-2.30930e-33,3.53617e-29
8.60549e-37,2.03014e-35,3.63889e-38,4.28130e-37,1.29777e-36,1.35845e-33,3.05960e-32,6.00390e-35,6.75187e-34,2.05296e-33,2.24417e-31,4.97871e-30,1.00538e-32,1.11076e-31,3.41329e-31,3.53617e-29,7.68394e-28,1.61375e-30,1.74202e-29,5.41694e-29
1.29777e-36,3.07160e-35,5.47215e-38,8.60549e-37,1.73632e-36,2.05296e-33,4.64071e-32,9.04460e-35,1.35845e-33,2.75400e-33,3.41329e-31,7.60689e-30,1.52311e-32,2.24417e-31,4.61462e-31,5.41694e-29,1.18362e-27,2.46009e-30,3.53617e-29,7.38661e-29
1.73632e-36,4.12609e-35,7.29562e-38,1.29777e-36,2.16687e-36,2.75400e-33,6.25328e-32,1.20858e-34,2.05296e-33,3.44654e-33,4.61462e-31,1.03412e-29,2.04923e-32,3.41329e-31,5.82236e-31,7.38661e-29,1.62488e-27,3.33490e-30,5.41694e-29,9.40396e-29
2.16687e-36,5.17162e-35,9.07007e-38,1.73632e-36,2.57425e-36,3.44654e-33,7.86353e-32,1.50611e-34,2.75400e-33,4.10502e-33,5.82236e-31,1.31253e-29,2.57213e-32,4.61462e-31,6.98636e-31,9.40396e-29,2.08352e-27,4.21901e-30,7.38661e-29,1.13796e-28
2.57425e-36,6.17008e-35,1.07349e-37,2.16687e-36,2.93865e-36,4.10502e-33,9.41009e-32,1.78644e-34,3.44654e-33,4.69550e-33,6.98636e-31,1.58404e-29,3.07070e-32,5.82236e-31,8.03312e-31,1.13796e-28,2.53880e-27,5.07419e-30,9.40396e-29,1.31804e-28
2.93865e-36,7.07040e-35,1.22132e-37,2.57425e-36,3.23810e-36,4.69550e-33,1.08091e-31,2.03582e-34,4.10502e-33,5.17993e-33,8.03312e-31,1.83077e-29,3.51476e-32,6.98636e-31,8.86841e-31,1.31804e-28,2.95877e-27,5.84509e-30,1.13796e-28,1.46440e-28
3.23810e-36,7.81505e-35,1.34209e-37,2.93865e-36,3.45175e-36,5.17993e-33,1.19649e-31,2.23910e-34,4.69550e-33,5.51628e-33,8.86841e-31,2.02958e-29,3.86593e-32,8.03312e-31,9.34623e-31,1.46440e-28,3.30379e-27,6.46544e-30,1.31804e-28,1.54255e-28
3.45175e-36,8.34877e-35,1.42789e-37,3.23810e-36,3.53468e-36,5.51628e-33,1.27715e-31,2.37960e-34,5.17993e-33,5.63461e-33,9.34623e-31,2.14517e-29,4.06371e-32,8.86841e-31,9.42514e-31,1.54255e-28,3.49176e-27,6.79036e-30,1.46440e-28,1.55025e-28
-1.42713e-37,-3.45005e-36,-5.90626e-39,-1.46021e-37,-1.34164e-37,-2.37934e-34,-5.51575e-33,-1.02518e-35,-2.42859e-34,-2.23892e-34,-4.06345e-32,-9.34568e-31,-1.76349e-33,-4.09373e-32,-3.86573e-32,-6.79011e-30,-1.54250e-28,-2.97966e-31,-6.81686e-30,-6.46525e-30
-1.34164e-37,-3.23708e-36,-5.56205e-39,-1.42713e-37,-1.22114e-37,-2.23892e-34,-5.17954e-33,-9.66432e-36,-2.37934e-34,-2.03573e-34,-3.86573e-32,-8.86801e-31,-1.68154e-33,-4.06345e-32,-3.51465e-32,-6.46525e-30,-1.46436e-28,-2.84459e-31,-6.79011e-30,-5.84498e-30
-1.22114e-37,-2.93823e-36,-5.07490e-39,-1.34164e-37,-1.07353e-37,-2.03573e-34,-4.69530e-33,-8.81076e-36,-2.23892e-34,-1.78643e-34,-3.51465e-32,-8.03290e-31,-1.53384e-33,-3.86573e-32,-3.07068e-32,-5.84498e-30,-1.31802e-28,-2.58182e-31,-6.46525e-30,-5.07417e-30
-1.07353e-37,-2.57435e-36,-4.47488e-39,-1.22114e-37,-9.07228e-38,-1.78643e-34,-4.10499e-33,-7.75726e-36,-2.03573e-34,-1.50617e-34,-3.07068e-32,-6.98632e-31,-1.34549e-33,-3.51465e-32,-2.57220e-32,-5.07417e-30,-1.13796e-28,-2.25223e-31,-5.84498e-30,-4.21907e-30
-9.07228e-38,-2.16738e-36,-3.79425e-39,-1.07353e-37,-7.29918e-38,-1.50617e-34,-3.44667e-33,-6.56429e-36,-1.78643e-34,-1.20870e-34,-2.57220e-32,-5.82250e-31,-1.13214e-33,-3.07068e-32,-2.04936e-32,-4.21907e-30,-9.40409e-29,-1.88286e-31,-5.07417e-30,-3.33503e-30
-7.29918e-38,-1.73712e-36,-3.06300e-39,-9.07228e-38,-5.47665e-38,-1.20870e-34,-2.75426e-33,-5.28747e-36,-1.50617e-34,-9.04627e-35,-2.04936e-32,-4.61489e-31,-9.06157e-34,-2.57220e-32,-1.52329e-32,-3.33503e-30,-7.38686e-29,-1.49662e-31,-4.21907e-30,-2.46027e-30
-5.47665e-38,-1.29878e-36,-2.30535e-39,-7.29918e-38,-3.64399e-38,-9.04627e-35,-2.05331e-33,-3.97091e-36,-1.20870e-34,-6.00588e-35,-1.52329e-32,-3.41366e-31,-6.76414e-34,-2.04936e-32,-1.00560e-32,-2.46027e-30,-5.41728e-29,-1.10980e-31,-3.33503e-30,-1.61396e-30
-3.64399e-38,-8.61685e-37,-1.53779e-39,-5.47665e-38,-1.81910e-38,-6.00588e-35,-1.35887e-33,-2.64367e-36,-9.04627e-35,-2.99244e-35,-1.00560e-32,-2.24461e-31,-4.48085e-34,-1.52329e-32,-4.99152e-33,-1.61396e-30,-3.53659e-29,-7.31134e-32,-2.46027e-30,-7.97755e-31
-1.81910e-38,-4.29333e-37,-7.68977e-40,-3.64399e-38,-2.76310e-41,-2.99244e-35,-6.75639e-34,-1.31963e-36,-6.00588e-35,-1.10634e-38,-4.99152e-33,-1.11124e-31,-2.22925e-34,-1.00560e-32,-1.22796e-36,-7.97755e-31,-1.74247e-29,-3.62402e-32,-1.61396e-30,-1.20268e-34
-2.76310e-41,-6.11561e-40,-1.26486e-42,-1.81910e-38,1.81368e-38,-1.10634e-38,-2.31858e-37,-5.22535e-40,-2.99244e-35,2.99029e-35,-1.22796e-36,-2.46176e-35,-6.03288e-38,-4.99152e-33,4.98913e-33,-1.20268e-34,-2.30930e-33,-6.17222e-36,-7.97755e-31,7.97521e-31
1.81368e-38,4.28130e-37,7.66499e-40,-2.76310e-41,3.63889e-38,2.99029e-35,6.75187e-34,1.31861e-36,-1.10634e-38,6.00390e-35,4.98913e-33,1.11076e-31,2.22807e-34,-1.22796e-36,1.00538e-32,7.97521e-31,1.74202e-29,3.62282e-32,-1.20268e-34,1.61375e-30
3.63889e-38,8.60549e-37,1.53547e-39,1.81368e-38,5.47215e-38,6.00390e-35,1.35845e-33,2.64274e-36,2.99029e-35,9.04460e-35,1.00538e-32,2.24417e-31,4.47978e-34,4.98913e-33,1.52311e-32,1.61375e-30,3.53617e-29,7.31025e-32,7.97521e-31,2.46009e-30
5.47215e-38,1.29777e-36,2.30332e-39,3.63889e-38,7.29562e-38,9.04460e-35,2.05296e-33,3.97013e-36,6.00390e-35,1.20858e-34,1.52311e-32,3.41329e-31,6.76325e-34,1.00538e-32,2.04923e-32,2.46009e-30,5.41694e-29,1.10971e-31,1.61375e-30,3.33490e-30
7.29562e-38,1.73632e-36,3.06141e-39,5.47215e-38,9.07007e-38,1.20858e-34,2.75400e-33,5.28690e-36,9.04460e-35,1.50611e-34,2.04923e-32,4.61462e-31,9.06093e-34,1.52311e-32,2.57213e-32,3.33490e-30,7.38661e-29,1.49656e-31,2.46009e-30,4.21901e-30
9.07007e-38,2.16687e-36,3.79327e-39,7.29562e-38,1.07349e-37,1.50611e-34,3.44654e-33,6.56402e-36,1.20858e-34,1.78644e-34,2.57213e-32,5.82236e-31,1.13211e-33,2.04923e-32,3.07070e-32,4.21901e-30,9.40396e-29,1.88283e-31,3.33490e-30,5.07419e-30
1.07349e-37,2.57425e-36,4.47472e-39,9.07007e-38,1.22132e-37,1.78644e-34,4.10502e-33,7.75733e-36,1.50611e-34,2.03582e-34,3.07070e-32,6.98636e-31,1.34550e-33,2.57213e-32,3.51476e-32,5.07419e-30,1.13796e-28,2.25224e-31,4.21901e-30,5.84509e-30
1.22132e-37,2.93865e-36,5.07576e-39,1.07349e-37,1.34209e-37,2.03582e-34,4.69550e-33,8.81122e-36,1.78644e-34,2.23910e-34,3.51476e-32,8.03312e-31,1.53389e-33,3.07070e-32,3.86593e-32,5.84509e-30,1.31804e-28,2.58187e-31,5.07419e-30,6.46544e-30
1.34209e-37,3.23810e-36,5.56411e-39,1.22132e-37,1.42789e-37,2.23910e-34,5.17993e-33,9.66517e-36,2.03582e-34,2.37960e-34,3.86593e-32,8.86841e-31,1.68163e-33,3.51476e-32,4.06371e-32,6.46544e-30,1.46440e-28,2.84469e-31,5.84509e-30,6.79036e-30
1.42789e-37,3.45175e-36,5.90965e-39,1.34209e-37,1.46112e-37,2.37960e-34,5.51628e-33,1.02529e-35,2.23910e-34,2.42887e-34,4.06371e-32,9.34623e-31,1.76362e-33,3.86593e-32,4.09402e-32,6.79036e-30,1.54255e-28,2.97979e-31,6.46544e-30,6.81713e-30
-5.90626e-39,-1.42713e-37,-2.44537e-40,-6.03916e-39,-5.56205e-39,-1.02518e-35,-2.37934e-34,-4.41227e-37,-1.04572e-35,-9.66432e-36,-1.76349e-33,-4.06345e-32,-7.64043e-35,-1.77509e-33,-1.68154e-33,-2.97966e-31,-6.79011e-30,-1.30391e-32,-2.98861e-31,-2.84459e-31
-5.56205e-39,-1.34164e-37,-2.30642e-40,-5.90626e-39,-5.07490e-39,-9.66432e-36,-2.23892e-34,-4.16616e-37,-1.02518e-35,-8.81076e-36,-1.68154e-33,-3.86573e-32,-7.30024e-35,-1.76349e-33,-1.53384e-33,-2.84459e-31,-6.46525e-30,-1.24773e-32,-2.97966e-31,-2.58182e-31
-5.07490e-39,-1.22114e-37,-2.10901e-40,-5.56205e-39,-4.47488e-39,-8.81076e-36,-2.03573e-34,-3.80721e-37,-9.66432e-36,-7.75726e-36,-1.53384e-33,-3.51465e-32,-6.67841e-35,-1.68154e-33,-1.34549e-33,-2.58182e-31,-5.84498e-30,-1.13643e-32,-2.84459e-31,-2.25223e-31
-4.47488e-39,-1.07353e-37,-1.86461e-40,-5.07490e-39,-3.79425e-39,-7.75726e-36,-1.78643e-34,-3.36176e-37,-8.81076e-36,-6.56429e-36,-1.34549e-33,-3.07068e-32,-5.87925e-35,-1.53384e-33,-1.13214e-33,-2.25223e-31,-5.07417e-30,-9.95623e-33,-2.58182e-31,-1.88286e-31
-3.79425e-39,-9.07228e-38,-1.58565e-40,-4.47488e-39,-3.06300e-39,-6.56429e-36,-1.50617e-34,-2.85398e-37,-7.75726e-36,-5.28747e-36,-1.13214e-33,-2.57220e-32,-4.96662e-35,-1.34549e-33,-9.06157e-34,-1.88286e-31,-4.21907e-30,-8.36336e-33,-2.25223e-31,-1.49662e-31
-3.06300e-39,-7.29918e-38,-1.28387e-40,-3.79425e-39,-2.30535e-39,-5.28747e-36,-1.20870e-34,-2.30639e-37,-6.56429e-36,-3.97091e-36,-9.06157e-34,-2.04936e-32,-3.99132e-35,-1.13214e-33,-6.76414e-34,-1.49662e-31,-3.33503e-30,-6.68041e-33,-1.88286e-31,-1.10980e-31
-2.30535e-39,-5.47665e-38,-9.68942e-41,-3.06300e-39,-1.53779e-39,-3.97091e-36,-9.04627e-35,-1.73733e-37,-5.28747e-36,-2.64367e-36,-6.76414e-34,-1.52329e-32,-2.99050e-35,-9.06157e-34,-4.48085e-34,-1.10980e-31,-2.46027e-30,-4.97633e-33,-1.49662e-31,-7.31134e-32
-1.53779e-39,-3.64399e-38,-6.47774e-41,-2.30535e-39,-7.68977e-40,-2.64367e-36,-6.00588e-35,-1.15947e-37,-3.97091e-36,-1.31963e-36,-4.48085e-34,-1.00560e-32,-1.98705e-35,-6.76414e-34,-2.22925e-34,-7.31134e-32,-1.61396e-30,-3.29061e-33,-1.10980e-31,-3.62402e-32
-7.68977e-40,-1.81910e-38,-3.24414e-41,-1.53779e-39,-1.26486e-42,-1.31963e-36,-2.99244e-35,-5.79695e-38,-2.64367e-36,-5.22535e-40,-2.22925e-34,-4.99152e-33,-9.90539e-36,-4.48085e-34,-6.03288e-38,-3.62402e-32,-7.97755e-31,-1.63506e-33,-7.31134e-32,-6.17222e-36
-1.26486e-42,-2.76310e-41,-5.88356e-44,-7.68977e-40,7.66499e-40,-5.22535e-40,-1.10634e-38,-2.45011e-41,-1.31963e-36,1.31861e-36,-6.03288e-38,-1.22796e-36,-2.92333e-39,-2.22925e-34,2.22807e-34,-6.17222e-36,-1.20268e-34,-3.12105e-37,-3.62402e-32,3.62282e-32
7.66499e-40,1.81368e-38,3.23263e-41,-1.26486e-42,1.53547e-39,1.31861e-36,2.99029e-35,5.79218e-38,-5.22535e-40,2.64274e-36,2.22807e-34,4.98913e-33,9.89971e-36,-6.03288e-38,4.47978e-34,3.62282e-32,7.97521e-31,1.63445e-33,-6.17222e-36,7.31025e-32
1.53547e-39,3.63889e-38,6.46704e-41,7.66499e-40,2.30332e-39,2.64274e-36,6.00390e-35,1.15904e-37,1.31861e-36,3.97013e-36,4.47978e-34,1.00538e-32,1.98653e-35,2.22807e-34,6.76325e-34,7.31025e-32,1.61375e-30,3.29006e-33,3.62282e-32,1.10971e-31
2.30332e-39,5.47215e-38,9.68012e-41,1.53547e-39,3.06141e-39,3.97013e-36,9.04460e-35,1.73697e-37,2.64274e-36,5.28690e-36,6.76325e-34,1.52311e-32,2.99008e-35,4.47978e-34,9.06093e-34,1.10971e-31,2.46009e-30,4.97588e-33,7.31025e-32,1.49656e-31
3.06141e-39,7.29562e-38,1.28315e-40,2.30332e-39,3.79327e-39,5.28690e-36,1.20858e-34,2.30613e-37,3.97013e-36,6.56402e-36,9.06093e-34,2.04923e-32,3.99102e-35,6.76325e-34,1.13211e-33,1.49656e-31,3.33490e-30,6.68009e-33,1.10971e-31,1.88283e-31
3.79327e-39,9.07007e-38,1.58522e-40,3.06141e-39,4.47472e-39,6.56402e-36,1.50611e-34,2.85385e-37,5.28690e-36,7.75733e-36,1.13211e-33,2.57213e-32,4.96649e-35,9.06093e-34,1.34550e-33,1.88283e-31,4.21901e-30,8.36322e-33,1.49656e-31,2.25224e-31
4.47472e-39,1.07349e-37,1.86454e-40,3.79327e-39,5.07576e-39,7.75733e-36,1.78644e-34,3.36180e-37,6.56402e-36,8.81122e-36,1.34550e-33,3.07070e-32,5.87931e-35,1.13211e-33,1.53389e-33,2.25224e-31,5.07419e-30,9.95629e-33,1.88283e-31,2.58187e-31
5.07576e-39,1.22132e-37,2.10940e-40,4.47472e-39,5.56411e-39,8.81122e-36,2.03582e-34,3.80743e-37,7.75733e-36,9.66517e-36,1.53389e-33,3.51476e-32,6.67867e-35,1.34550e-33,1.68163e-33,2.58187e-31,5.84509e-30,1.13646e-32,2.25224e-31,2.84469e-31
5.56411e-39,1.34209e-37,2.30736e-40,5.07576e-39,5.90965e-39,9.66517e-36,2.23910e-34,4.16656e-37,8.81122e-36,1.02529e-35,1.68163e-33,3.86593e-32,7.30071e-35,1.53389e-33,1.76362e-33,2.84469e-31,6.46544e-30,1.24777e-32,2.58187e-31,2.97979e-31
5.90965e-39,1.42789e-37,2.44692e-40,5.56411e-39,6.04325e-39,1.02529e-35,2.37960e-34,4.41281e-37,9.66517e-36,1.04585e-35,1.76362e-33,4.06371e-32,7.64105e-35,1.68163e-33,1.77523e-33,2.97979e-31,6.79036e-30,1.30398e-32,2.84469e-31,2.98875e-31
-2.44537e-40,-5.90626e-39,-1.01284e-41,-2.49892e-40,-2.30642e-40,-4.41227e-37,-1.02518e-35,-1.89704e-38,-4.49814e-37,-4.16616e-37,-7.64043e-35,-1.76349e-33,-3.30514e-36,-7.68474e-35,-7.30024e-35,-1.30391e-32,-2.97966e-31,-5.69179e-34,-1.30675e-32,-1.24773e-32
-2.30642e-40,-5.56205e-39,-9.56605e-42,-2.44537e-40,-2.10901e-40,-4.16616e-37,-9.66432e-36,-1.79379e-38,-4.41227e-37,-3.80721e-37,-7.30024e-35,-1.68154e-33,-3.16371e-36,-7.64043e-35,-6.67841e-35,-1.24773e-32,-2.84459e-31,-5.45791e-34,-1.30391e-32,-1.13643e-32
-2.10901e-40,-5.07490e-39,-8.76427e-42,-2.30642e-40,-1.86461e-40,-3.80721e-37,-8.81076e-36,-1.64269e-38,-4.16616e-37,-3.36176e-37,-6.67841e-35,-1.53384e-33,-2.90171e-36,-7.30024e-35,-5.87925e-35,-1.13643e-32,-2.58182e-31,-4.98655e-34,-1.24773e-32,-9.95623e-33
-1.86461e-40,-4.47488e-39,-7.76698e-42,-2.10901e-40,-1.58565e-40,-3.36176e-37,-7.75726e-36,-1.45424e-38,-3.80721e-37,-2.85398e-37,-5.87925e-35,-1.34549e-33,-2.56257e-36,-6.67841e-35,-4.96662e-35,-9.95623e-33,-2.25223e-31,-4.38538e-34,-1.13643e-32,-8.36336e-33
-1.58565e-40,-3.79425e-39,-6.62224e-42,-1.86461e-40,-1.28387e-40,-2.85398e-37,-6.56429e-36,-1.23811e-38,-3.36176e-37,-2.30639e-37,-4.96662e-35,-1.13214e-33,-2.17238e-36,-5.87925e-35,-3.99132e-35,-8.36336e-33,-1.88286e-31,-3.69942e-34,-9.95623e-33,-6.68041e-33
-1.28387e-40,-3.06300e-39,-5.37600e-42,-1.58565e-40,-9.68942e-41,-2.30639e-37,-5.28747e-36,-1.00345e-38,-2.85398e-37,-1.73733e-37,-3.99132e-35,-9.06157e-34,-1.75200e-36,-4.96662e-35,-2.99050e-35,-6.68041e-33,-1.49662e-31,-2.96778e-34,-8.36336e-33,-4.97633e-33
-9.68942e-41,-2.30535e-39,-4.06708e-42,-1.28387e-40,-6.47774e-41,-1.73733e-37,-3.97091e-36,-7.57869e-39,-2.30639e-37,-1.15947e-37,-2.99050e-35,-6.76414e-34,-1.31699e-36,-3.99132e-35,-1.98705e-35,-4.97633e-33,-1.10980e-31,-2.21960e-34,-6.68041e-33,-3.29061e-33
-6.47774e-41,-1.53779e-39,-2.72434e-42,-9.68942e-41,-3.24414e-41,-1.15947e-37,-2.64367e-36,-5.06874e-39,-1.73733e-37,-5.79695e-38,-1.98705e-35,-4.48085e-34,-8.77402e-37,-2.99050e-35,-9.90539e-36,-3.29061e-33,-7.31134e-32,-1.47250e-34,-4.97633e-33,-1.63506e-33
-3.24414e-41,-7.68977e-40,-1.36625e-42,-6.47774e-41,-5.88356e-44,-5.79695e-38,-1.31963e-36,-2.53775e-39,-1.15947e-37,-2.45011e-41,-9.90539e-36,-2.22925e-34,-4.38145e-37,-1.98705e-35,-2.92333e-39,-1.63506e-33,-3.62402e-32,-7.33231e-35,-3.29061e-33,-3.12105e-37
-5.88356e-44,-1.26486e-42,-2.77967e-45,-3.24414e-41,3.23263e-41,-2.45011e-41,-5.22535e-40,-1.14395e-42,-5.79695e-38,5.79218e-38,-2.92333e-39,-6.03288e-38,-1.39978e-40,-9.90539e-36,9.89971e-36,-3.12105e-37,-6.17222e-36,-1.55547e-38,-1.63506e-33,1.63445e-33
3.23263e-41,7.66499e-40,1.36082e-42,-5.88356e-44,6.46704e-41,5.79218e-38,1.31861e-36,2.53553e-39,-2.45011e-41,1.15904e-37,9.89971e-36,2.22807e-34,4.37874e-37,-2.92333e-39,1.98653e-35,1.63445e-33,3.62282e-32,7.32929e-35,-3.12105e-37,3.29006e-33
6.46704e-41,1.53547e-39,2.71932e-42,3.23263e-41,9.68012e-41,1.15904e-37,2.64274e-36,5.06672e-39,5.79218e-38,1.73697e-37,1.98653e-35,4.47978e-34,8.77155e-37,9.89971e-36,2.99008e-35,3.29006e-33,7.31025e-32,1.47222e-34,1.63445e-33,4.97588e-33
9.68012e-41,2.30332e-39,4.06275e-42,6.46704e-41,1.28315e-40,1.73697e-37,3.97013e-36,7.57702e-39,1.15904e-37,2.30613e-37,2.99008e-35,6.76325e-34,1.31679e-36,1.98653e-35,3.99102e-35,4.97588e-33,1.10971e-31,2.21937e-34,3.29006e-33,6.68009e-33
1.28315e-40,3.06141e-39,5.37268e-42,9.68012e-41,1.58522e-40,2.30613e-37,5.28690e-36,1.00333e-38,1.73697e-37,2.85385e-37,3.99102e-35,9.06093e-34,1.75186e-36,2.99008e-35,4.96649e-35,6.68009e-33,1.49656e-31,2.96762e-34,4.97588e-33,8.36322e-33
1.58522e-40,3.79327e-39,6.62029e-42,1.28315e-40,1.86454e-40,2.85385e-37,6.56402e-36,1.23806e-38,2.30613e-37,3.36180e-37,4.96649e-35,1.13211e-33,2.17231e-36,3.99102e-35,5.87931e-35,8.36322e-33,1.88283e-31,3.69935e-34,6.68009e-33,9.95629e-33
1.86454e-40,4.47472e-39,7.76675e-42,1.58522e-40,2.10940e-40,3.36180e-37,7.75733e-36,1.45426e-38,2.85385e-37,3.80743e-37,5.87931e-35,1.34550e-33,2.56260e-36,4.96649e-35,6.67867e-35,9.95629e-33,2.25224e-31,4.38541e-34,8.36322e-33,1.13646e-32
2.10940e-40,5.07576e-39,8.76617e-42,1.86454e-40,2.30736e-40,3.80743e-37,8.81122e-36,1.64279e-38,3.36180e-37,4.16656e-37,6.67867e-35,1.53389e-33,2.90184e-36,5.87931e-35,7.30071e-35,1.13646e-32,2.58187e-31,4.98669e-34,9.95629e-33,1.24777e-32
2.30736e-40,5.56411e-39,9.57046e-42,2.10940e-40,2.44692e-40,4.16656e-37,9.66517e-36,1.79398e-38,3.80743e-37,4.41281e-37,7.30071e-35,1.68163e-33,3.16393e-36,6.67867e-35,7.64105e-35,1.24777e-32,2.84469e-31,5.45816e-34,1.13646e-32,1.30398e-32
2.44692e-40,5.90965e-39,1.01356e-41,2.30736e-40,2.50078e-40,4.41281e-37,1.02529e-35,1.89729e-38,4.16656e-37,4.49875e-37,7.64105e-35,1.76362e-33,3.30543e-36,7.30071e-35,7.68542e-35,1.30398e-32,2.97979e-31,5.69211e-34,1.24777e-32,1.30682e-32
-1.01284e-41,-2.44537e-40,-4.19641e-43,-1.03447e-41,-9.56605e-42,-1.89704e-38,-4.41227e-37,-8.14827e-40,-1.93299e-38,-1.79379e-38,-3.30514e-36,-7.64043e-35,-1.42771e-37,-3.32202e-36,-3.16371e-36,-5.69179e-34,-1.30391e-32,-2.47900e-35,-5.69997e-34,-5.45791e-34
-9.56605e-42,-2.30642e-40,-3.96832e-43,-1.01284e-41,-8.76427e-42,-1.79379e-38,-4.16616e-37,-7.71463e-40,-1.89704e-38,-1.64269e-38,-3.16371e-36,-7.30024e-35,-1.36883e-37,-3.30514e-36,-2.90171e-36,-5.45791e-34,-1.24773e-32,-2.38156e-35,-5.69179e-34,-4.98655e-34
-8.76427e-42,-2.10901e-40,-3.64202e-43,-9.56605e-42,-7.76698e-42,-1.64269e-38,-3.80721e-37,-7.07797e-40,-1.79379e-38,-1.45424e-38,-2.90171e-36,-6.67841e-35,-1.25836e-37,-3.16371e-36,-2.56257e-36,-4.98655e-34,-1.13643e-32,-2.18191e-35,-5.45791e-34,-4.38538e-34
-7.76698e-42,-1.86461e-40,-3.23439e-43,-8.76427e-42,-6.62224e-42,-1.45424e-38,-3.36176e-37,-6.28033e-40,-1.64269e-38,-1.23811e-38,-2.56257e-36,-5.87925e-35,-1.11440e-37,-2.90171e-36,-2.17238e-36,-4.38538e-34,-9.95623e-33,-1.92536e-35,-4.98655e-34,-3.69942e-34
-6.62224e-42,-1.58565e-40,-2.76407e-43,-7.76698e-42,-5.37600e-42,-1.23811e-38,-2.85398e-37,-5.36045e-40,-1.45424e-38,-1.00345e-38,-2.17238e-36,-4.96662e-35,-9.47646e-38,-2.56257e-36,-1.75200e-36,-3.69942e-34,-8.36336e-33,-1.63030e-35,-4.38538e-34,-2.96778e-34
-5.37600e-42,-1.28387e-40,-2.24912e-43,-6.62224e-42,-4.06708e-42,-1.00345e-38,-2.30639e-37,-4.35554e-40,-1.23811e-38,-7.57869e-39,-1.75200e-36,-3.99132e-35,-7.66664e-38,-2.17238e-36,-1.31699e-36,-2.96778e-34,-6.68041e-33,-1.31287e-35,-3.69942e-34,-2.21960e-34
-4.06708e-42,-9.68942e-41,-1.70515e-43,-5.37600e-42,-2.72434e-42,-7.57869e-39,-1.73733e-37,-3.29725e-40,-1.00345e-38,-5.06874e-39,-1.31699e-36,-2.99050e-35,-5.77966e-38,-1.75200e-36,-8.77402e-37,-2.21960e-34,-4.97633e-33,-9.85350e-36,-2.96778e-34,-1.47250e-34
-2.72434e-42,-6.47774e-41,-1.14419e-43,-4.06708e-42,-1.36625e-42,-5.06874e-39,-1.15947e-37,-2.20939e-40,-7.57869e-39,-2.53775e-39,-8.77402e-37,-1.98705e-35,-3.85948e-38,-1.31699e-36,-4.38145e-37,-1.47250e-34,-3.29061e-33,-6.55557e-36,-2.21960e-34,-7.33231e-35
-1.36625e-42,-3.24414e-41,-5.74520e-44,-2.72434e-42,-2.77967e-45,-2.53775e-39,-5.79695e-38,-1.10753e-40,-5.06874e-39,-1.14395e-42,-4.38145e-37,-9.90539e-36,-1.93024e-38,-8.77402e-37,-1.39978e-40,-7.33231e-35,-1.63506e-33,-3.27048e-36,-1.47250e-34,-1.55547e-38
-2.77967e-45,-5.88356e-44,-1.32940e-46,-1.36625e-42,1.36082e-42,-1.14395e-42,-2.45011e-41,-5.33319e-44,-2.53775e-39,2.53553e-39,-1.39978e-40,-2.92333e-39,-6.63809e-42,-4.38145e-37,4.37874e-37,-1.55547e-38,-3.12105e-37,-7.64644e-40,-7.33231e-35,7.32929e-35
1.36082e-42,3.23263e-41,5.71929e-44,-2.77967e-45,2.71932e-42,2.53553e-39,5.79218e-38,1.10649e-40,-1.14395e-42,5.06672e-39,4.37874e-37,9.89971e-36,1.92895e-38,-1.39978e-40,8.77155e-37,7.32929e-35,1.63445e-33,3.26900e-36,-1.55547e-38,1.47222e-34
2.71932e-42,6.46704e-41,1.14180e-43,1.36082e-42,4.06275e-42,5.06672e-39,1.15904e-37,2.20845e-40,2.53553e-39,7.57702e-39,8.77155e-37,1.98653e-35,3.85832e-38,4.37874e-37,1.31679e-36,1.47222e-34,3.29006e-33,6.55424e-36,7.32929e-35,2.21937e-34
4.06275e-42,9.68012e-41,1.70311e-43,2.71932e-42,5.37268e-42,7.57702e-39,1.73697e-37,3.29647e-40,5.06672e-39,1.00333e-38,1.31679e-36,2.99008e-35,5.77871e-38,8.77155e-37,1.75186e-36,2.21937e-34,4.97588e-33,9.85241e-36,1.47222e-34,2.96762e-34
5.37268e-42,1.28315e-40,2.24757e-43,4.06275e-42,6.62029e-42,1.00333e-38,2.30613e-37,4.35500e-40,7.57702e-39,1.23806e-38,1.75186e-36,3.99102e-35,7.66597e-38,1.31679e-36,2.17231e-36,2.96762e-34,6.68009e-33,1.31280e-35,2.21937e-34,3.69935e-34
6.62029e-42,1.58522e-40,2.76317e-43,5.37268e-42,7.76675e-42,1.23806e-38,2.85385e-37,5.36021e-40,1.00333e-38,1.45426e-38,2.17231e-36,4.96649e-35,9.47617e-38,1.75186e-36,2.56260e-36,3.69935e-34,8.36322e-33,1.63027e-35,2.96762e-34,4.38541e-34
7.76675e-42,1.86454e-40,3.23431e-43,6.62029e-42,8.76617e-42,1.45426e-38,3.36180e-37,6.28043e-40,1.23806e-38,1.64279e-38,2.56260e-36,5.87931e-35,1.11442e-37,2.17231e-36,2.90184e-36,4.38541e-34,9.95629e-33,1.92538e-35,3.69935e-34,4.98669e-34
8.76617e-42,2.10940e-40,3.64294e-43,7.76675e-42,9.57046e-42,1.64279e-38,3.80743e-37,7.07845e-40,1.45426e-38,1.79398e-38,2.90184e-36,6.67867e-35,1.25842e-37,2.56260e-36,3.16393e-36,4.98669e-34,1.13646e-32,2.18198e-35,4.38541e-34,5.45816e-34
9.57046e-42,2.30736e-40,3.97041e-43,8.76617e-42,1.01356e-41,1.79398e-38,4.16656e-37,7.71548e-40,1.64279e-38,1.89729e-38,3.16393e-36,7.30071e-35,1.36894e-37,2.90184e-36,3.30543e-36,5.45816e-34,1.24777e-32,2.38168e-35,4.98669e-34,5.69211e-34
1.01356e-41,2.44692e-40,4.19980e-43,9.57046e-42,1.03533e-41,1.89729e-38,4.41281e-37,8.14943e-40,1.79398e-38,1.93327e-38,3.30543e-36,7.64105e-35,1.42785e-37,3.16393e-36,3.32234e-36,5.69211e-34,1.30398e-32,2.47916e-35,5.45816e-34,5.70031e-34
-4.19641e-43,-1.01284e-41,-1.73917e-44,-4.28398e-43,-3.96832e-43,-8.14827e-40,-1.89704e-38,-3.49668e-41,-8.29905e-40,-7.71463e-40,-1.42771e-37,-3.30514e-36,-6.15910e-39,-1.43413e-37,-1.36883e-37,-2.47900e-35,-5.69179e-34,-1.07752e-36,-2.48094e-35,-2.38156e-35
-3.96832e-43,-9.56605e-42,-1.64646e-44,-4.19641e-43,-3.64202e-43,-7.71463e-40,-1.79379e-38,-3.31432e-41,-8.14827e-40,-7.07797e-40,-1.36883e-37,-3.16371e-36,-5.91359e-39,-1.42771e-37,-1.25836e-37,-2.38156e-35,-5.45791e-34,-1.03688e-36,-2.47900e-35,-2.18191e-35
-3.64202e-43,-8.76427e-42,-1.51341e-44,-3.96832e-43,-3.23439e-43,-7.07797e-40,-1.64269e-38,-3.04585e-41,-7.71463e-40,-6.28033e-40,-1.25836e-37,-2.90171e-36,-5.44743e-39,-1.36883e-37,-1.11440e-37,-2.18191e-35,-4.98655e-34,-9.52295e-37,-2.38156e-35,-1.92536e-35
-3.23439e-43,-7.76698e-42,-1.34654e-44,-3.64202e-43,-2.76407e-43,-6.28033e-40,-1.45424e-38,-2.70808e-41,-7.07797e-40,-5.36045e-40,-1.11440e-37,-2.56257e-36,-4.83625e-39,-1.25836e-37,-9.47646e-38,-1.92536e-35,-4.38538e-34,-8.42854e-37,-2.18191e-35,-1.63030e-35
-2.76407e-43,-6.62224e-42,-1.15310e-44,-3.23439e-43,-2.24912e-43,-5.36045e-40,-1.23811e-38,-2.31660e-41,-6.28033e-40,-4.35554e-40,-9.47646e-38,-2.17238e-36,-4.12386e-39,-1.11440e-37,-7.66664e-38,-1.63030e-35,-3.69942e-34,-7.16065e-37,-1.92536e-35,-1.31287e-35
-2.24912e-43,-5.37600e-42,-9.40216e-45,-2.76407e-43,-1.70515e-43,-4.35554e-40,-1.00345e-38,-1.88654e-41,-5.36045e-40,-3.29725e-40,-7.66664e-38,-1.75200e-36,-3.34551e-39,-9.47646e-38,-5.77966e-38,-1.31287e-35,-2.96778e-34,-5.78584e-37,-1.63030e-35,-9.85350e-36
-1.70515e-43,-4.06708e-42,-7.14162e-45,-2.24912e-43,-1.14419e-43,-3.29725e-40,-7.57869e-39,-1.43109e-41,-4.35554e-40,-2.20939e-40,-5.77966e-38,-1.31699e-36,-2.52848e-39,-7.66664e-38,-3.85948e-38,-9.85350e-36,-2.21960e-34,-4.35592e-37,-1.31287e-35,-6.55557e-36
-1.14419e-43,-2.72434e-42,-4.79960e-45,-1.70515e-43,-5.74520e-44,-2.20939e-40,-5.06874e-39,-9.60510e-42,-3.29725e-40,-1.10753e-40,-3.85948e-38,-8.77402e-37,-1.69189e-39,-5.77966e-38,-1.93024e-38,-6.55557e-36,-1.47250e-34,-2.90528e-37,-9.85350e-36,-3.27048e-36
-5.74520e-44,-1.36625e-42,-2.41273e-45,-1.14419e-43,-1.32940e-46,-1.10753e-40,-2.53775e-39,-4.82010e-42,-2.20939e-40,-5.33319e-44,-1.93024e-38,-4.38145e-37,-8.47297e-40,-3.85948e-38,-6.63809e-42,-3.27048e-36,-7.33231e-35,-1.45179e-37,-6.55557e-36,-7.64644e-40
-1.32940e-46,-2.77967e-45,-6.40410e-48,-5.74520e-44,5.71929e-44,-5.33319e-44,-1.14395e-42,-2.48844e-45,-1.10753e-40,1.10649e-40,-6.63809e-42,-1.39978e-40,-3.12529e-43,-1.93024e-38,1.92895e-38,-7.64644e-40,-1.55547e-38,-3.71204e-41,-3.27048e-36,3.26900e-36
5.71929e-44,1.36082e-42,2.40026e-45,-1.32940e-46,1.14180e-43,1.10649e-40,2.53553e-39,4.81527e-42,-5.33319e-44,2.20845e-40,1.92895e-38,4.37874e-37,8.46692e-40,-6.63809e-42,3.85832e-38,3.26900e-36,7.32929e-35,1.45107e-37,-7.64644e-40,6.55424e-36
1.14180e-43,2.71932e-42,4.78816e-45,5.71929e-44,1.70311e-43,2.20845e-40,5.06672e-39,9.60074e-42,1.10649e-40,3.29647e-40,3.85832e-38,8.77155e-37,1.69135e-39,1.92895e-38,5.77871e-38,6.55424e-36,1.47222e-34,2.90463e-37,3.26900e-36,9.85241e-36
1.70311e-43,4.06275e-42,7.13190e-45,1.14180e-43,2.24757e-43,3.29647e-40,7.57702e-39,1.43073e-41,2.20845e-40,4.35500e-40,5.77871e-38,1.31679e-36,2.52803e-39,3.85832e-38,7.66597e-38,9.85241e-36,2.21937e-34,4.35539e-37,6.55424e-36,1.31280e-35
2.24757e-43,5.37268e-42,9.39487e-45,1.70311e-43,2.76317e-43,4.35500e-40,1.00333e-38,1.88629e-41,3.29647e-40,5.36021e-40,7.66597e-38,1.75186e-36,3.34520e-39,5.77871e-38,9.47617e-38,1.31280e-35,2.96762e-34,5.78549e-37,9.85241e-36,1.63027e-35
2.76317e-43,6.62029e-42,1.15269e-44,2.24757e-43,3.23431e-43,5.36021e-40,1.23806e-38,2.31649e-41,4.35500e-40,6.28043e-40,9.47617e-38,2.17231e-36,4.12373e-39,7.66597e-38,1.11442e-37,1.63027e-35,3.69935e-34,7.16050e-37,1.31280e-35,1.92538e-35
3.23431e-43,7.76675e-42,1.34652e-44,2.76317e-43,3.64294e-43,6.28043e-40,1.45426e-38,2.70813e-41,5.36021e-40,7.07845e-40,1.11442e-37,2.56260e-36,4.83632e-39,9.47617e-38,1.25842e-37,1.92538e-35,4.38541e-34,8.42864e-37,1.63027e-35,2.18198e-35
3.64294e-43,8.76617e-42,1.51386e-44,3.23431e-43,3.97041e-43,7.07845e-40,1.64279e-38,3.04607e-41,6.28043e-40,7.71548e-40,1.25842e-37,2.90184e-36,5.44772e-39,1.11442e-37,1.36894e-37,2.18198e-35,4.98669e-34,9.52329e-37,1.92538e-35,2.38168e-35
3.97041e-43,9.57046e-42,1.64745e-44,3.64294e-43,4.19980e-43,7.71548e-40,1.79398e-38,3.31472e-41,7.07845e-40,8.14943e-40,1.36894e-37,3.16393e-36,5.91408e-39,1.25842e-37,1.42785e-37,2.38168e-35,5.45816e-34,1.03694e-36,2.18198e-35,2.47916e-35
4.19980e-43,1.01356e-41,1.74077e-44,3.97041e-43,4.28804e-43,8.14943e-40,1.89729e-38,3.49721e-41,7.71548e-40,8.30033e-40,1.42785e-37,3.30543e-36,6.15975e-39,1.36894e-37,1.43428e-37,2.47916e-35,5.69211e-34,1.07759e-36,2.38168e-35,2.48110e-35
-1.73917e-44,-4.19641e-43,-7.20966e-46,-1.77470e-44,-1.64646e-44,-3.49668e-41,-8.14827e-40,-1.49922e-42,-3.55999e-41,-3.31432e-41,-6.15910e-39,-1.42771e-37,-2.65375e-40,-6.18341e-39,-5.91359e-39,-1.07752e-36,-2.47900e-35,-4.67488e-38,-1.07773e-36,-1.03688e-36
-1.64646e-44,-3.96832e-43,-6.83208e-46,-1.73917e-44,-1.51341e-44,-3.31432e-41,-7.71463e-40,-1.42246e-42,-3.49668e-41,-3.04585e-41,-5.91359e-39,-1.36883e-37,-2.55123e-40,-6.15910e-39,-5.44743e-39,-1.03688e-36,-2.38156e-35,-4.50521e-38,-1.07752e-36,-9.52295e-37
-1.51341e-44,-3.64202e-43,-6.28868e-46,-1.64646e-44,-1.34654e-44,-3.04585e-41,-7.07797e-40,-1.30916e-42,-3.31432e-41,-2.70808e-41,-5.44743e-39,-1.25836e-37,-2.35439e-40,-5.91359e-39,-4.83625e-39,-9.52295e-37,-2.18191e-35,-4.14676e-38,-1.03688e-36,-8.42854e-37
-1.34654e-44,-3.23439e-43,-5.60463e-46,-1.51341e-44,-1.15310e-44,-2.70808e-41,-6.28033e-40,-1.16608e-42,-3.04585e-41,-2.31660e-41,-4.83625e-39,-1.11440e-37,-2.09486e-40,-5.44743e-39,-4.12386e-39,-8.42854e-37,-1.92536e-35,-3.68001e-38,-9.52295e-37,-7.16065e-37
-1.15310e-44,-2.76407e-43,-4.80826e-46,-1.34654e-44,-9.40216e-45,-2.31660e-41,-5.36045e-40,-9.99479e-43,-2.70808e-41,-1.88654e-41,-4.12386e-39,-9.47646e-38,-1.79062e-40,-4.83625e-39,-3.34551e-39,-7.16065e-37,-1.63030e-35,-3.13565e-38,-8.42854e-37,-5.78584e-37
-9.40216e-45,-2.24912e-43,-3.92774e-46,-1.15310e-44,-7.14162e-45,-1.88654e-41,-4.35554e-40,-8.15550e-43,-2.31660e-41,-1.43109e-41,-3.34551e-39,-7.66664e-38,-1.45620e-40,-4.12386e-39,-2.52848e-39,-5.78584e-37,-1.31287e-35,-2.54117e-38,-7.16065e-37,-4.35592e-37
-7.14162e-45,-1.70515e-43,-2.98841e-46,-9.40216e-45,-4.79960e-45,-1.43109e-41,-3.29725e-40,-6.19775e-43,-1.88654e-41,-9.60510e-42,-2.52848e-39,-5.77966e-38,-1.10303e-40,-3.34551e-39,-1.69189e-39,-4.35592e-37,-9.85350e-36,-1.91836e-38,-5.78584e-37,-2.90528e-37
-4.79960e-45,-1.14419e-43,-2.01117e-46,-7.14162e-45,-2.41273e-45,-9.60510e-42,-2.20939e-40,-4.16582e-43,-1.43109e-41,-4.82010e-42,-1.69189e-39,-3.85948e-38,-7.39400e-41,-2.52848e-39,-8.47297e-40,-2.90528e-37,-6.55557e-36,-1.28232e-38,-4.35592e-37,-1.45179e-37
-2.41273e-45,-5.74520e-44,-1.01207e-46,-4.79960e-45,-6.40410e-48,-4.82010e-42,-1.10753e-40,-2.09252e-43,-9.60510e-42,-2.48844e-45,-8.47297e-40,-1.93024e-38,-3.70726e-41,-1.69189e-39,-3.12529e-43,-1.45179e-37,-3.27048e-36,-6.41706e-39,-2.90528e-37,-3.71204e-41
-6.40410e-48,-1.32940e-46,-3.09104e-49,-2.41273e-45,2.40026e-45,-2.48844e-45,-5.33319e-44,-1.16391e-46,-4.82010e-42,4.81527e-42,-3.12529e-43,-6.63809e-42,-1.46450e-44,-8.47297e-40,8.46692e-40,-3.71204e-41,-7.64644e-40,-1.78241e-42,-1.45179e-37,1.45107e-37
2.40026e-45,5.71929e-44,1.00606e-46,-6.40410e-48,4.78816e-45,4.81527e-42,1.10649e-40,2.09027e-43,-2.48844e-45,9.60074e-42,8.46692e-40,1.92895e-38,3.70442e-41,-3.12529e-43,1.69135e-39,1.45107e-37,3.26900e-36,6.41362e-39,-3.71204e-41,2.90463e-37
4.78816e-45,1.14180e-43,2.00567e-46,2.40026e-45,7.13190e-45,9.60074e-42,2.20845e-40,4.16379e-43,4.81527e-42,1.43073e-41,1.69135e-39,3.85832e-38,7.39145e-41,8.46692e-40,2.52803e-39,2.90463e-37,6.55424e-36,1.28201e-38,1.45107e-37,4.35539e-37
7.13190e-45,1.70311e-43,2.98376e-46,4.78816e-45,9.39487e-45,1.43073e-41,3.29647e-40,6.19609e-43,9.60074e-42,1.88629e-41,2.52803e-39,5.77871e-38,1.10282e-40,1.69135e-39,3.34520e-39,4.35539e-37,9.85241e-36,1.91811e-38,2.90463e-37,5.78549e-37
9.39487e-45,2.24757e-43,3.92429e-46,7.13190e-45,1.15269e-44,1.88629e-41,4.35500e-40,8.15434e-43,1.43073e-41,2.31649e-41,3.34520e-39,7.66597e-38,1.45606e-40,2.52803e-39,4.12373e-39,5.78549e-37,1.31280e-35,2.54100e-38,4.35539e-37,7.16050e-37
1.15269e-44,2.76317e-43,4.80635e-46,9.39487e-45,1.34652e-44,2.31649e-41,5.36021e-40,9.99428e-43,1.88629e-41,2.70813e-41,4.12373e-39,9.47617e-38,1.79056e-40,3.34520e-39,4.83632e-39,7.16050e-37,1.63027e-35,3.13558e-38,5.78549e-37,8.42864e-37
1.34652e-44,3.23431e-43,5.60461e-46,1.15269e-44,1.51386e-44,2.70813e-41,6.28043e-40,1.16610e-42,2.31649e-41,3.04607e-41,4.83632e-39,1.11442e-37,2.09489e-40,4.12373e-39,5.44772e-39,8.42864e-37,1.92538e-35,3.68006e-38,7.16050e-37,9.52329e-37
1.51386e-44,3.64294e-43,6.29090e-46,1.34652e-44,1.64745e-44,3.04607e-41,7.07845e-40,1.30926e-42,2.70813e-41,3.31472e-41,5.44772e-39,1.25842e-37,2.35453e-40,4.83632e-39,5.91408e-39,9.52329e-37,2.18198e-35,4.14693e-38,8.42864e-37,1.03694e-36
1.64745e-44,3.97041e-43,6.83689e-46,1.51386e-44,1.74077e-44,3.31472e-41,7.71548e-40,1.42264e-42,3.04607e-41,3.49721e-41,5.91408e-39,1.36894e-37,2.55146e-40,5.44772e-39,6.15975e-39,1.03694e-36,2.38168e-35,4.50548e-38,9.52329e-37,1.07759e-36
1.74077e-44,4.19980e-43,7.21729e-46,1.64745e-44,1.77662e-44,3.49721e-41,8.14943e-40,1.49947e-42,3.31472e-41,3.56058e-41,6.15975e-39,1.42785e-37,2.65404e-40,5.91408e-39,6.18411e-39,1.07759e-36,2.47916e-35,4.67523e-38,1.03694e-36,1.07781e-36
-7.20966e-46,-1.73917e-44,-2.98940e-47,-7.35414e-46,-6.83208e-46,-1.49922e-42,-3.49668e-41,-6.42266e-44,-1.52585e-42,-1.42246e-42,-2.65375e-40,-6.15910e-39,-1.14209e-41,-2.66293e-40,-2.55123e-40,-4.67488e-38,-1.07752e-36,-2.02480e-39,-4.67337e-38,-4.50521e-38
-6.83208e-46,-1.64646e-44,-2.83536e-47,-7.20966e-46,-6.28868e-46,-1.42246e-42,-3.31432e-41,-6.09923e-44,-1.49922e-42,-1.30916e-42,-2.55123e-40,-5.91359e-39,-1.09923e-41,-2.65375e-40,-2.35439e-40,-4.50521e-38,-1.03688e-36,-1.95387e-39,-4.67488e-38,-4.14676e-38
-6.28868e-46,-1.51341e-44,-2.61306e-47,-6.83208e-46,-5.60463e-46,-1.30916e-42,-3.04585e-41,-5.62076e-44,-1.42246e-42,-1.16608e-42,-2.35439e-40,-5.44743e-39,-1.01606e-41,-2.55123e-40,-2.09486e-40,-4.14676e-38,-9.52295e-37,-1.80193e-39,-4.50521e-38,-3.68001e-38
-5.60463e-46,-1.34654e-44,-2.33230e-47,-6.28868e-46,-4.80826e-46,-1.16608e-42,-2.70808e-41,-5.01444e-44,-1.30916e-42,-9.99479e-43,-2.09486e-40,-4.83625e-39,-9.05828e-42,-2.35439e-40,-1.79062e-40,-3.68001e-38,-8.42854e-37,-1.60291e-39,-4.14676e-38,-3.13565e-38
-4.80826e-46,-1.15310e-44,-2.00415e-47,-5.60463e-46,-3.92774e-46,-9.99479e-43,-2.31660e-41,-4.30556e-44,-1.16608e-42,-8.15550e-43,-1.79062e-40,-4.12386e-39,-7.75939e-42,-2.09486e-40,-1.45620e-40,-3.13565e-38,-7.16065e-37,-1.36937e-39,-3.68001e-38,-2.54117e-38
-3.92774e-46,-9.40216e-45,-1.63980e-47,-4.80826e-46,-2.98841e-46,-8.15550e-43,-1.88654e-41,-3.51939e-44,-9.99479e-43,-6.19775e-43,-1.45620e-40,-3.34551e-39,-6.32387e-42,-1.79062e-40,-1.10303e-40,-2.54117e-38,-5.78584e-37,-1.11268e-39,-3.13565e-38,-1.91836e-38
-2.98841e-46,-7.14162e-45,-1.24950e-47,-3.92774e-46,-2.01117e-46,-6.19775e-43,-1.43109e-41,-2.67882e-44,-8.15550e-43,-4.16582e-43,-1.10303e-40,-2.52848e-39,-4.79956e-42,-1.45620e-40,-7.39400e-41,-1.91836e-38,-4.35592e-37,-8.41994e-40,-2.54117e-38,-1.28232e-38
-2.01117e-46,-4.79960e-45,-8.41943e-48,-2.98841e-46,-1.01207e-46,-4.16582e-43,-9.60510e-42,-1.80287e-44,-6.19775e-43,-2.09252e-43,-7.39400e-41,-1.69189e-39,-3.22241e-42,-1.10303e-40,-3.70726e-41,-1.28232e-38,-2.90528e-37,-5.63917e-40,-1.91836e-38,-6.41706e-39
-1.01207e-46,-2.41273e-45,-4.24102e-48,-2.01117e-46,-3.09104e-49,-2.09252e-43,-4.82010e-42,-9.06362e-45,-4.16582e-43,-1.16391e-46,-3.70726e-41,-8.47297e-40,-1.61735e-42,-7.39400e-41,-1.46450e-44,-6.41706e-39,-1.45179e-37,-2.82558e-40,-1.28232e-38,-1.78241e-42
-3.09104e-49,-6.40410e-48,-1.48800e-50,-1.01207e-46,1.00606e-46,-1.16391e-46,-2.48844e-45,-5.46129e-48,-2.09252e-43,2.09027e-43,-1.46450e-44,-3.12529e-43,-6.84645e-46,-3.70726e-41,3.70442e-41,-1.78241e-42,-3.71204e-41,-8.48116e-44,-6.41706e-39,6.41362e-39
1.00606e-46,2.40026e-45,4.21210e-48,-3.09104e-49,2.00567e-46,2.09027e-43,4.81527e-42,9.05305e-45,-1.16391e-46,4.16379e-43,3.70442e-41,8.46692e-40,1.61602e-42,-1.46450e-44,7.39145e-41,6.41362e-39,1.45107e-37,2.82394e-40,-1.78241e-42,1.28201e-38
2.00567e-46,4.78816e-45,8.39304e-48,1.00606e-46,2.98376e-46,4.16379e-43,9.60074e-42,1.80192e-44,2.09027e-43,6.19609e-43,7.39145e-41,1.69135e-39,3.22122e-42,3.70442e-41,1.10282e-40,1.28201e-38,2.90463e-37,5.63771e-40,6.41362e-39,1.91811e-38
2.98376e-46,7.13190e-45,1.24728e-47,2.00567e-46,3.92429e-46,6.19609e-43,1.43073e-41,2.67804e-44,4.16379e-43,8.15434e-43,1.10282e-40,2.52803e-39,4.79859e-42,7.39145e-41,1.45606e-40,1.91811e-38,4.35539e-37,8.41875e-40,1.28201e-38,2.54100e-38
3.92429e-46,9.39487e-45,1.63817e-47,2.98376e-46,4.80635e-46,8.15434e-43,1.88629e-41,3.51885e-44,6.19609e-43,9.99428e-43,1.45606e-40,3.34520e-39,6.32322e-42,1.10282e-40,1.79056e-40,2.54100e-38,5.78549e-37,1.11260e-39,1.91811e-38,3.13558e-38
4.80635e-46,1.15269e-44,2.00326e-47,3.92429e-46,5.60461e-46,9.99428e-43,2.31649e-41,4.30533e-44,8.15434e-43,1.16610e-42,1.79056e-40,4.12373e-39,7.75912e-42,1.45606e-40,2.09489e-40,3.13558e-38,7.16050e-37,1.36934e-39,2.54100e-38,3.68006e-38
5.60461e-46,1.34652e-44,2.33232e-47,4.80635e-46,6.29090e-46,1.16610e-42,2.70813e-41,5.01456e-44,9.99428e-43,1.30926e-42,2.09489e-40,4.83632e-39,9.05845e-42,1.79056e-40,2.35453e-40,3.68006e-38,8.42864e-37,1.60293e-39,3.13558e-38,4.14693e-38
6.29090e-46,1.51386e-44,2.61416e-47,5.60461e-46,6.83689e-46,1.30926e-42,3.04607e-41,5.62126e-44,1.16610e-42,1.42264e-42,2.35453e-40,5.44772e-39,1.01612e-41,2.09489e-40,2.55146e-40,4.14693e-38,9.52329e-37,1.80201e-39,3.68006e-38,4.50548e-38
6.83689e-46,1.64745e-44,2.83767e-47,6.29090e-46,7.21729e-46,1.42264e-42,3.31472e-41,6.10009e-44,1.30926e-42,1.49947e-42,2.55146e-40,5.91408e-39,1.09934e-41,2.35453e-40,2.65404e-40,4.50548e-38,1.03694e-36,1.95400e-39,4.14693e-38,4.67523e-38
7.21729e-46,1.74077e-44,2.99303e-47,6.83689e-46,7.36322e-46,1.49947e-42,3.49721e-41,6.42382e-44,1.42264e-42,1.52612e-42,2.65404e-40,6.15975e-39,1.14223e-41,2.55146e-40,2.66325e-40,4.67523e-38,1.07759e-36,2.02496e-39,4.50548e-38,4.67375e-38
-2.98940e-47,-7.20966e-46,-1.23977e-48,-3.04826e-47,-2.83536e-47,-6.42266e-44,-1.49922e-42,-2.74930e-45,-6.53476e-44,-6.09923e-44,-1.14209e-41,-2.65375e-40,-4.90994e-43,-1.14555e-41,-1.09923e-41,-2.02480e-39,-4.67488e-38,-8.75622e-41,-2.02321e-39,-1.95387e-39
-2.83536e-47,-6.83208e-46,-1.17681e-48,-2.98940e-47,-2.61306e-47,-6.09923e-44,-1.42246e-42,-2.61290e-45,-6.42266e-44,-5.62076e-44,-1.09923e-41,-2.55123e-40,-4.73048e-43,-1.14209e-41,-1.01606e-41,-1.95387e-39,-4.50521e-38,-8.45941e-41,-2.02480e-39,-1.80193e-39
-2.61306e-47,-6.28868e-46,-1.08575e-48,-2.83536e-47,-2.33230e-47,-5.62076e-44,-1.30916e-42,-2.41073e-45,-6.09923e-44,-5.01444e-44,-1.01606e-41,-2.35439e-40,-4.37886e-43,-1.09923e-41,-9.05828e-42,-1.80193e-39,-4.14676e-38,-7.81514e-41,-1.95387e-39,-1.60291e-39
-2.33230e-47,-5.60463e-46,-9.70372e-49,-2.61306e-47,-2.00415e-47,-5.01444e-44,-1.16608e-42,-2.15372e-45,-5.62076e-44,-4.30556e-44,-9.05828e-42,-2.09486e-40,-3.91060e-43,-1.01606e-41,-7.75939e-42,-1.60291e-39,-3.68001e-38,-6.96665e-41,-1.80193e-39,-1.36937e-39
-2.00415e-47,-4.80826e-46,-8.35052e-49,-2.33230e-47,-1.63980e-47,-4.30556e-44,-9.99479e-43,-1.85212e-45,-5.01444e-44,-3.51939e-44,-7.75939e-42,-1.79062e-40,-3.35624e-43,-9.05828e-42,-6.32387e-42,-1.36937e-39,-3.13565e-38,-5.96542e-41,-1.60291e-39,-1.11268e-39
-1.63980e-47,-3.92774e-46,-6.84231e-49,-2.00415e-47,-1.24950e-47,-3.51939e-44,-8.15550e-43,-1.51629e-45,-4.30556e-44,-2.67882e-44,-6.32387e-42,-1.45620e-40,-2.74054e-43,-7.75939e-42,-4.79956e-42,-1.11268e-39,-2.54117e-38,-4.85846e-41,-1.36937e-39,-8.41994e-40
-1.24950e-47,-2.98841e-46,-5.22065e-49,-1.63980e-47,-8.41943e-48,-2.67882e-44,-6.19775e-43,-1.15576e-45,-3.51939e-44,-1.80287e-44,-4.79956e-42,-1.10303e-40,-2.08357e-43,-6.32387e-42,-3.22241e-42,-8.41994e-40,-1.91836e-38,-3.68434e-41,-1.11268e-39,-5.63917e-40
-8.41943e-48,-2.01117e-46,-3.52171e-49,-1.24950e-47,-4.24102e-48,-1.80287e-44,-4.16582e-43,-7.78720e-46,-2.67882e-44,-9.06362e-45,-3.22241e-42,-7.39400e-41,-1.40085e-43,-4.79956e-42,-1.61735e-42,-5.63917e-40,-1.28232e-38,-2.47177e-41,-8.41994e-40,-2.82558e-40
-4.24102e-48,-1.01207e-46,-1.77558e-49,-8.41943e-48,-1.48800e-50,-9.06362e-45,-2.09252e-43,-3.91781e-46,-1.80287e-44,-5.46129e-48,-1.61735e-42,-3.70726e-41,-7.03738e-44,-3.22241e-42,-6.84645e-46,-2.82558e-40,-6.41706e-39,-1.23989e-41,-5.63917e-40,-8.48116e-44
-1.48800e-50,-3.09104e-49,-7.12019e-52,-4.24102e-48,4.21210e-48,-5.46129e-48,-1.16391e-46,-2.57060e-49,-9.06362e-45,9.05305e-45,-6.84645e-46,-1.46450e-44,-3.19955e-47,-1.61735e-42,1.61602e-42,-8.48116e-44,-1.78241e-42,-4.00727e-45,-2.82558e-40,2.82394e-40
4.21210e-48,1.00606e-46,1.76175e-49,-1.48800e-50,8.39304e-48,9.05305e-45,2.09027e-43,3.91284e-46,-5.46129e-48,1.80192e-44,1.61602e-42,3.70442e-41,7.03119e-44,-6.84645e-46,3.22122e-42,2.82394e-40,6.41362e-39,1.23912e-41,-8.48116e-44,5.63771e-40
8.39304e-48,2.00567e-46,3.50911e-49,4.21210e-48,1.24728e-47,1.80192e-44,4.16379e-43,7.78273e-46,9.05305e-45,2.67804e-44,3.22122e-42,7.39145e-41,1.40029e-43,1.61602e-42,4.79859e-42,5.63771e-40,1.28201e-38,2.47107e-41,2.82394e-40,8.41875e-40
1.24728e-47,2.98376e-46,5.21009e-49,8.39304e-48,1.63817e-47,2.67804e-44,6.19609e-43,1.15540e-45,1.80192e-44,3.51885e-44,4.79859e-42,1.10282e-40,2.08312e-43,3.22122e-42,6.32322e-42,8.41875e-40,1.91811e-38,3.68379e-41,5.63771e-40,1.11260e-39
1.63817e-47,3.92429e-46,6.83459e-49,1.24728e-47,2.00326e-47,3.51885e-44,8.15434e-43,1.51604e-45,2.67804e-44,4.30533e-44,6.32322e-42,1.45606e-40,2.74024e-43,4.79859e-42,7.75912e-42,1.11260e-39,2.54100e-38,4.85809e-41,8.41875e-40,1.36934e-39
2.00326e-47,4.80635e-46,8.34640e-49,1.63817e-47,2.33232e-47,4.30533e-44,9.99428e-43,1.85202e-45,3.51885e-44,5.01456e-44,7.75912e-42,1.79056e-40,3.35612e-43,6.32322e-42,9.05845e-42,1.36934e-39,3.13558e-38,5.96528e-41,1.11260e-39,1.60293e-39
2.33232e-47,5.60461e-46,9.70397e-49,2.00326e-47,2.61416e-47,5.01456e-44,1.16610e-42,2.15378e-45,4.30533e-44,5.62126e-44,9.05845e-42,2.09489e-40,3.91068e-43,7.75912e-42,1.01612e-41,1.60293e-39,3.68006e-38,6.96676e-41,1.36934e-39,1.80201e-39
2.61416e-47,6.29090e-46,1.08628e-48,2.33232e-47,2.83767e-47,5.62126e-44,1.30926e-42,2.41096e-45,5.01456e-44,6.10009e-44,1.01612e-41,2.35453e-40,4.37916e-43,9.05845e-42,1.09934e-41,1.80201e-39,4.14693e-38,7.81552e-41,1.60293e-39,1.95400e-39
2.83767e-47,6.83689e-46,1.17792e-48,2.61416e-47,2.99303e-47,6.10009e-44,1.42264e-42,2.61331e-45,5.62126e-44,6.42382e-44,1.09934e-41,2.55146e-40,4.73097e-43,1.01612e-41,1.14223e-41,1.95400e-39,4.50548e-38,8.46003e-41,1.80201e-39,2.02496e-39
2.99303e-47,7.21729e-46,1.24148e-48,2.83767e-47,3.05256e-47,6.42382e-44,1.49947e-42,2.74983e-45,6.10009e-44,6.53603e-44,1.14223e-41,2.65404e-40,4.91058e-43,1.09934e-41,1.14570e-41,2.02496e-39,4.67523e-38,8.75700e-41,1.95400e-39,2.02339e-39
-1.23977e-48,-2.98940e-47,-5.14243e-50,-1.26379e-48,-1.17681e-48,-2.74930e-45,-6.42266e-44,-1.17598e-46,-2.79654e-45,-2.61290e-45,-4.90994e-43,-1.14209e-41,-2.10868e-44,-4.92290e-43,-4.73048e-43,-8.75622e-41,-2.02480e-39,-3.78119e-42,-8.74579e-41,-8.45941e-41
-1.17681e-48,-2.83536e-47,-4.88479e-50,-1.23977e-48,-1.08575e-48,-2.61290e-45,-6.09923e-44,-1.11842e-46,-2.74930e-45,-2.41073e-45,-4.73048e-43,-1.09923e-41,-2.03345e-44,-4.90994e-43,-4.37886e-43,-8.45941e-41,-1.95387e-39,-3.65683e-42,-8.75622e-41,-7.81514e-41
-1.08575e-48,-2.61306e-47,-4.51123e-50,-1.17681e-48,-9.70372e-49,-2.41073e-45,-5.62076e-44,-1.03295e-46,-2.61290e-45,-2.15372e-45,-4.37886e-43,-1.01606e-41,-1.88472e-44,-4.73048e-43,-3.91060e-43,-7.81514e-41,-1.80193e-39,-3.38356e-42,-8.45941e-41,-6.96665e-41
-9.70372e-49,-2.33230e-47,-4.03663e-50,-1.08575e-48,-8.35052e-49,-2.15372e-45,-5.01444e-44,-9.23985e-47,-2.41073e-45,-1.85212e-45,-3.91060e-43,-9.05828e-42,-1.68578e-44,-4.37886e-43,-3.35624e-43,-6.96665e-41,-1.60291e-39,-3.02187e-42,-7.81514e-41,-5.96542e-41
-8.35052e-49,-2.00415e-47,-3.47820e-50,-9.70372e-49,-6.84231e-49,-1.85212e-45,-4.30556e-44,-7.95688e-47,-2.15372e-45,-1.51629e-45,-3.35624e-43,-7.75939e-42,-1.44925e-44,-3.91060e-43,-2.74054e-43,-5.96542e-41,-1.36937e-39,-2.59289e-42,-6.96665e-41,-4.85846e-41
-6.84231e-49,-1.63980e-47,-2.85367e-50,-8.35052e-49,-5.22065e-49,-1.51629e-45,-3.51939e-44,-6.52304e-47,-1.85212e-45,-1.15576e-45,-2.74054e-43,-6.32387e-42,-1.18539e-44,-3.35624e-43,-2.08357e-43,-4.85846e-41,-1.11268e-39,-2.11610e-42,-5.96542e-41,-3.68434e-41
-5.22065e-49,-1.24950e-47,-2.17991e-50,-6.84231e-49,-3.52171e-49,-1.15576e-45,-2.67882e-44,-4.97826e-47,-1.51629e-45,-7.78720e-46,-2.08357e-43,-4.79956e-42,-9.02603e-45,-2.74054e-43,-1.40085e-43,-3.68434e-41,-8.41994e-40,-1.60772e-42,-4.85846e-41,-2.47177e-41
-3.52171e-49,-8.41943e-48,-1.47198e-50,-5.22065e-49,-1.77558e-49,-7.78720e-46,-1.80287e-44,-3.35756e-47,-1.15576e-45,-3.91781e-46,-1.40085e-43,-3.22241e-42,-6.07594e-45,-2.08357e-43,-7.03738e-44,-2.47177e-41,-5.63917e-40,-1.08022e-42,-3.68434e-41,-1.23989e-41
-1.77558e-49,-4.24102e-48,-7.42785e-51,-3.52171e-49,-7.12019e-52,-3.91781e-46,-9.06362e-45,-1.69035e-47,-7.78720e-46,-2.57060e-49,-7.03738e-44,-1.61735e-42,-3.05481e-45,-1.40085e-43,-3.19955e-47,-1.23989e-41,-2.82558e-40,-5.42393e-43,-2.47177e-41,-4.00727e-45
-7.12019e-52,-1.48800e-50,-3.37977e-53,-1.77558e-49,1.76175e-49,-2.57060e-49,-5.46129e-48,-1.21290e-50,-3.91781e-46,3.91284e-46,-3.19955e-47,-6.84645e-46,-1.49694e-48,-7.03738e-44,7.03119e-44,-4.00727e-45,-8.48116e-44,-1.88409e-46,-1.23989e-41,1.23912e-41
1.76175e-49,4.21210e-48,7.36223e-51,-7.12019e-52,3.50911e-49,3.91284e-46,9.05305e-45,1.68800e-47,-2.57060e-49,7.78273e-46,7.03119e-44,1.61602e-42,3.05192e-45,-3.19955e-47,1.40029e-43,1.23912e-41,2.82394e-40,5.42029e-43,-4.00727e-45,2.47107e-41
3.50911e-49,8.39304e-48,1.46602e-50,1.76175e-49,5.21009e-49,7.78273e-46,1.80192e-44,3.35546e-47,3.91284e-46,1.15540e-45,1.40029e-43,3.22122e-42,6.07335e-45,7.03119e-44,2.08312e-43,2.47107e-41,5.63771e-40,1.07989e-42,1.23912e-41,3.68379e-41
5.21009e-49,1.24728e-47,2.17493e-50,3.50911e-49,6.83459e-49,1.15540e-45,2.67804e-44,4.97655e-47,7.78273e-46,1.51604e-45,2.08312e-43,4.79859e-42,9.02394e-45,1.40029e-43,2.74024e-43,3.68379e-41,8.41875e-40,1.60746e-42,2.47107e-41,4.85809e-41
6.83459e-49,1.63817e-47,2.85004e-50,5.21009e-49,8.34640e-49,1.51604e-45,3.51885e-44,6.52188e-47,1.15540e-45,1.85202e-45,2.74024e-43,6.32322e-42,1.18525e-44,2.08312e-43,3.35612e-43,4.85809e-41,1.11260e-39,2.11593e-42,3.68379e-41,5.96528e-41
8.34640e-49,2.00326e-47,3.47629e-50,6.83459e-49,9.70397e-49,1.85202e-45,4.30533e-44,7.95639e-47,1.51604e-45,2.15378e-45,3.35612e-43,7.75912e-42,1.44919e-44,2.74024e-43,3.91068e-43,5.96528e-41,1.36934e-39,2.59283e-42,4.85809e-41,6.96676e-41
9.70397e-49,2.33232e-47,4.03680e-50,8.34640e-49,1.08628e-48,2.15378e-45,5.01456e-44,9.24013e-47,1.85202e-45,2.41096e-45,3.91068e-43,9.05845e-42,1.68582e-44,3.35612e-43,4.37916e-43,6.96676e-41,1.60293e-39,3.02192e-42,5.96528e-41,7.81552e-41
1.08628e-48,2.61416e-47,4.51380e-50,9.70397e-49,1.17792e-48,2.41096e-45,5.62126e-44,1.03306e-46,2.15378e-45,2.61331e-45,4.37916e-43,1.01612e-41,1.88486e-44,3.91068e-43,4.73097e-43,7.81552e-41,1.80201e-39,3.38374e-42,6.96676e-41,8.46003e-41
1.17792e-48,2.83767e-47,4.89004e-50,1.08628e-48,1.24148e-48,2.61331e-45,6.10009e-44,1.11861e-46,2.41096e-45,2.74983e-45,4.73097e-43,1.09934e-41,2.03368e-44,4.37916e-43,4.91058e-43,8.46003e-41,1.95400e-39,3.65711e-42,7.81552e-41,8.75700e-41
1.24148e-48,2.99303e-47,5.15051e-50,1.17792e-48,1.26581e-48,2.74983e-45,6.42382e-44,1.17623e-46,2.61331e-45,2.79713e-45,4.91058e-43,1.14223e-41,2.10898e-44,4.73097e-43,4.92360e-43,8.75700e-41,2.02496e-39,3.78155e-42,8.46003e-41,8.74663e-41
-5.14243e-50,-1.23977e-48,-2.13336e-51,-5.24062e-50,-4.88479e-50,-1.17598e-46,-2.74930e-45,-5.02650e-48,-1.19591e-46,-1.11842e-46,-2.10868e-44,-4.90994e-43,-9.04751e-46,-2.11352e-44,-2.03345e-44,-3.78119e-42,-8.75622e-41,-1.63065e-43,-3.77531e-42,-3.65683e-42
-4.88479e-50,-1.17681e-48,-2.02776e-51,-5.14243e-50,-4.51123e-50,-1.11842e-46,-2.61290e-45,-4.78343e-48,-1.17598e-46,-1.03295e-46,-2.03345e-44,-4.73048e-43,-8.73181e-46,-2.10868e-44,-1.88472e-44,-3.65683e-42,-8.45941e-41,-1.57848e-43,-3.78119e-42,-3.38356e-42
-4.51123e-50,-1.08575e-48,-1.87434e-51,-4.88479e-50,-4.03663e-50,-1.03295e-46,-2.41073e-45,-4.42191e-48,-1.11842e-46,-9.23985e-47,-1.88472e-44,-4.37886e-43,-8.10239e-46,-2.03345e-44,-1.68578e-44,-3.38356e-42,-7.81514e-41,-1.46254e-43,-3.65683e-42,-3.02187e-42
-4.03663e-50,-9.70372e-49,-1.67893e-51,-4.51123e-50,-3.47820e-50,-9.23985e-47,-2.15372e-45,-3.95988e-48,-1.03295e-46,-7.95688e-47,-1.68578e-44,-3.91060e-43,-7.25712e-46,-1.88472e-44,-1.44925e-44,-3.02187e-42,-6.96665e-41,-1.30838e-43,-3.38356e-42,-2.59289e-42
-3.47820e-50,-8.35052e-49,-1.44833e-51,-4.03663e-50,-2.85367e-50,-7.95688e-47,-1.85212e-45,-3.41420e-48,-9.23985e-47,-6.52304e-47,-1.44925e-44,-3.35624e-43,-6.24825e-46,-1.68578e-44,-1.18539e-44,-2.59289e-42,-5.96542e-41,-1.12470e-43,-3.02187e-42,-2.11610e-42
-2.85367e-50,-6.84231e-49,-1.18964e-51,-3.47820e-50,-2.17991e-50,-6.52304e-47,-1.51629e-45,-2.80236e-48,-7.95688e-47,-4.97826e-47,-1.18539e-44,-2.74054e-43,-5.11828e-46,-1.44925e-44,-9.02603e-45,-2.11610e-42,-4.85846e-41,-9.19557e-44,-2.59289e-42,-1.60772e-42
-2.17991e-50,-5.22065e-49,-9.09728e-52,-2.85367e-50,-1.47198e-50,-4.97826e-47,-1.15576e-45,-2.14106e-48,-6.52304e-47,-3.35756e-47,-9.02603e-45,-2.08357e-43,-3.90255e-46,-1.18539e-44,-6.07594e-45,-1.60772e-42,-3.68434e-41,-6.99797e-44,-2.11610e-42,-1.08022e-42
-1.47198e-50,-3.52171e-49,-6.14847e-52,-2.17991e-50,-7.42785e-51,-3.35756e-47,-7.78720e-46,-1.44531e-48,-4.97826e-47,-1.69035e-47,-6.07594e-45,-1.40085e-43,-2.62989e-46,-9.02603e-45,-3.05481e-45,-1.08022e-42,-2.47177e-41,-4.70813e-44,-1.60772e-42,-5.42393e-43
-7.42785e-51,-1.77558e-49,-3.10512e-52,-1.47198e-50,-3.37977e-53,-1.69035e-47,-3.91781e-46,-7.28068e-49,-3.35756e-47,-1.21290e-50,-3.05481e-45,-7.03738e-44,-1.32318e-46,-6.07594e-45,-1.49694e-48,-5.42393e-43,-1.23989e-41,-2.36608e-44,-1.08022e-42,-1.88409e-46
-3.37977e-53,-7.12019e-52,-1.59014e-54,-7.42785e-51,7.36223e-51,-1.21290e-50,-2.57060e-49,-5.73022e-52,-1.69035e-47,1.68800e-47,-1.49694e-48,-3.19955e-47,-7.01748e-50,-3.05481e-45,3.05192e-45,-1.88409e-46,-4.00727e-45,-8.83245e-48,-5.42393e-43,5.42029e-43
7.36223e-51,1.76175e-49,3.07426e-52,-3.37977e-53,1.46602e-50,1.68800e-47,3.91284e-46,7.26961e-49,-1.21290e-50,3.35546e-47,3.05192e-45,7.03119e-44,1.32182e-46,-1.49694e-48,6.07335e-45,5.42029e-43,1.23912e-41,2.36437e-44,-1.88409e-46,1.07989e-42
1.46602e-50,3.50911e-49,6.12042e-52,7.36223e-51,2.17493e-50,3.35546e-47,7.78273e-46,1.44432e-48,1.68800e-47,4.97655e-47,6.07335e-45,1.40029e-43,2.62868e-46,3.05192e-45,9.02394e-45,1.07989e-42,2.47107e-41,4.70662e-44,5.42029e-43,1.60746e-42
2.17493e-50,5.21009e-49,9.07389e-52,1.46602e-50,2.85004e-50,4.97655e-47,1.15540e-45,2.14026e-48,3.35546e-47,6.52188e-47,9.02394e-45,2.08312e-43,3.90158e-46,6.07335e-45,1.18525e-44,1.60746e-42,3.68379e-41,6.99676e-44,1.07989e-42,2.11593e-42
2.85004e-50,6.83459e-49,1.18795e-51,2.17493e-50,3.47629e-50,6.52188e-47,1.51604e-45,2.80182e-48,4.97655e-47,7.95639e-47,1.18525e-44,2.74024e-43,5.11763e-46,9.02394e-45,1.44919e-44,2.11593e-42,4.85809e-41,9.19477e-44,1.60746e-42,2.59283e-42
3.47629e-50,8.34640e-49,1.44745e-51,2.85004e-50,4.03680e-50,7.95639e-47,1.85202e-45,3.41398e-48,6.52188e-47,9.24013e-47,1.44919e-44,3.35612e-43,6.24800e-46,1.18525e-44,1.68582e-44,2.59283e-42,5.96528e-41,1.12467e-43,2.11593e-42,3.02192e-42
4.03680e-50,9.70397e-49,1.67903e-51,3.47629e-50,4.51380e-50,9.24013e-47,2.15378e-45,3.96002e-48,7.95639e-47,1.03306e-46,1.68582e-44,3.91068e-43,7.25731e-46,1.44919e-44,1.88486e-44,3.02192e-42,6.96676e-41,1.30841e-43,2.59283e-42,3.38374e-42
4.51380e-50,1.08628e-48,1.87557e-51,4.03680e-50,4.89004e-50,1.03306e-46,2.41096e-45,4.42243e-48,9.24013e-47,1.11861e-46,1.88486e-44,4.37916e-43,8.10304e-46,1.68582e-44,2.03368e-44,3.38374e-42,7.81552e-41,1.46263e-43,3.02192e-42,3.65711e-42
4.89004e-50,1.17792e-48,2.03023e-51,4.51380e-50,5.15051e-50,1.11861e-46,2.61331e-45,4.78432e-48,1.03306e-46,1.17623e-46,2.03368e-44,4.73097e-43,8.73289e-46,1.88486e-44,2.10898e-44,3.65711e-42,8.46003e-41,1.57862e-43,3.38374e-42,3.78155e-42
5.15051e-50,1.24148e-48,2.13713e-51,4.89004e-50,5.25013e-50,1.17623e-46,2.74983e-45,5.02768e-48,1.11861e-46,1.19619e-46,2.10898e-44,4.91058e-43,9.04890e-46,2.03368e-44,2.11385e-44,3.78155e-42,8.75700e-41,1.63082e-43,3.65711e-42,3.77570e-42
-2.13336e-51,-5.14243e-50,-8.85144e-53,-2.17355e-51,-2.02776e-51,-5.02650e-48,-1.17598e-46,-2.14700e-49,-5.11066e-48,-4.78343e-48,-9.04751e-46,-2.10868e-44,-3.87843e-47,-9.06554e-46,-8.73181e-46,-1.63065e-43,-3.78119e-42,-7.02351e-45,-1.62759e-43,-1.57848e-43
-2.02776e-51,-4.88479e-50,-8.41817e-53,-2.13336e-51,-1.87434e-51,-4.78343e-48,-1.11842e-46,-2.04430e-49,-5.02650e-48,-4.42191e-48,-8.73181e-46,-2.03345e-44,-3.74580e-47,-9.04751e-46,-8.10239e-46,-1.57848e-43,-3.65683e-42,-6.80443e-45,-1.63065e-43,-1.46254e-43
-1.87434e-51,-4.51123e-50,-7.78740e-53,-2.02776e-51,-1.67893e-51,-4.42191e-48,-1.03295e-46,-1.89133e-49,-4.78343e-48,-3.95988e-48,-8.10239e-46,-1.88472e-44,-3.47933e-47,-8.73181e-46,-7.25712e-46,-1.46254e-43,-3.38356e-42,-6.31242e-45,-1.57848e-43,-1.30838e-43
-1.67893e-51,-4.03663e-50,-6.98212e-53,-1.87434e-51,-1.44833e-51,-3.95988e-48,-9.23985e-47,-1.69539e-49,-4.42191e-48,-3.41420e-48,-7.25712e-46,-1.68578e-44,-3.12017e-47,-8.10239e-46,-6.24825e-46,-1.30838e-43,-3.02187e-42,-5.65544e-45,-1.46254e-43,-1.12470e-43
-1.44833e-51,-3.47820e-50,-6.02931e-53,-1.67893e-51,-1.18964e-51,-3.41420e-48,-7.95688e-47,-1.46335e-49,-3.95988e-48,-2.80236e-48,-6.24825e-46,-1.44925e-44,-2.68999e-47,-7.25712e-46,-5.11828e-46,-1.12470e-43,-2.59289e-42,-4.86935e-45,-1.30838e-43,-9.19557e-44
-1.18964e-51,-2.85367e-50,-4.95749e-53,-1.44833e-51,-9.09728e-52,-2.80236e-48,-6.52304e-47,-1.20240e-49,-3.41420e-48,-2.14106e-48,-5.11828e-46,-1.18539e-44,-2.20643e-47,-6.24825e-46,-3.90255e-46,-9.19557e-44,-2.11610e-42,-3.98762e-45,-1.12470e-43,-6.99797e-44
-9.09728e-52,-2.17991e-50,-3.79462e-53,-1.18964e-51,-6.14847e-52,-2.14106e-48,-4.97826e-47,-9.19558e-50,-2.80236e-48,-1.44531e-48,-3.90255e-46,-9.02603e-45,-1.68436e-47,-5.11828e-46,-2.62989e-46,-6.99797e-44,-1.60772e-42,-3.03909e-45,-9.19557e-44,-4.70813e-44
-6.14847e-52,-1.47198e-50,-2.56671e-53,-9.09728e-52,-3.10512e-52,-1.44531e-48,-3.35756e-47,-6.21226e-50,-2.14106e-48,-7.28068e-49,-2.62989e-46,-6.07594e-45,-1.13616e-47,-3.90255e-46,-1.32318e-46,-4.70813e-44,-1.08022e-42,-2.04705e-45,-6.99797e-44,-2.36608e-44
-3.10512e-52,-7.42785e-51,-1.29724e-53,-6.14847e-52,-1.59014e-54,-7.28068e-49,-1.69035e-47,-3.13108e-50,-1.44531e-48,-5.73022e-52,-1.32318e-46,-3.05481e-45,-5.72004e-48,-2.62989e-46,-7.01748e-50,-2.36608e-44,-5.42393e-43,-1.02954e-45,-4.70813e-44,-8.83245e-48
-1.59014e-54,-3.37977e-53,-7.41692e-56,-3.10512e-52,3.07426e-52,-5.73022e-52,-1.21290e-50,-2.70715e-53,-7.28068e-49,7.26961e-49,-7.01748e-50,-1.49694e-48,-3.29691e-51,-1.32318e-46,1.32182e-46,-8.83245e-48,-1.88409e-46,-4.13563e-49,-2.36608e-44,2.36437e-44
3.07426e-52,7.36223e-51,1.28285e-53,-1.59014e-54,6.12042e-52,7.26961e-49,1.68800e-47,3.12585e-50,-5.73022e-52,1.44432e-48,1.32182e-46,3.05192e-45,5.71367e-48,-7.01748e-50,2.62868e-46,2.36437e-44,5.42029e-43,1.02874e-45,-8.83245e-48,4.70662e-44
6.12042e-52,1.46602e-50,2.55364e-53,3.07426e-52,9.07389e-52,1.44432e-48,3.35546e-47,6.20758e-50,7.26961e-49,2.14026e-48,2.62868e-46,6.07335e-45,1.13560e-47,1.32182e-46,3.90158e-46,4.70662e-44,1.07989e-42,2.04634e-45,2.36437e-44,6.99676e-44
9.07389e-52,2.17493e-50,3.78373e-53,6.12042e-52,1.18795e-51,2.14026e-48,4.97655e-47,9.19180e-50,1.44432e-48,2.80182e-48,3.90158e-46,9.02394e-45,1.68391e-47,2.62868e-46,5.11763e-46,6.99676e-44,1.60746e-42,3.03852e-45,4.70662e-44,9.19477e-44
1.18795e-51,2.85004e-50,4.94962e-53,9.07389e-52,1.44745e-51,2.80182e-48,6.52188e-47,1.20215e-49,2.14026e-48,3.41398e-48,5.11763e-46,1.18525e-44,2.20613e-47,3.90158e-46,6.24800e-46,9.19477e-44,2.11593e-42,3.98725e-45,6.99676e-44,1.12467e-43
1.44745e-51,3.47629e-50,6.02527e-53,1.18795e-51,1.67903e-51,3.41398e-48,7.95639e-47,1.46324e-49,2.80182e-48,3.96002e-48,6.24800e-46,1.44919e-44,2.68987e-47,5.11763e-46,7.25731e-46,1.12467e-43,2.59283e-42,4.86921e-45,9.19477e-44,1.30841e-43
1.67903e-51,4.03680e-50,6.98265e-53,1.44745e-51,1.87557e-51,3.96002e-48,9.24013e-47,1.69546e-49,3.41398e-48,4.42243e-48,7.25731e-46,1.68582e-44,3.12026e-47,6.24800e-46,8.10304e-46,1.30841e-43,3.02192e-42,5.65556e-45,1.12467e-43,1.46263e-43
1.87557e-51,4.51380e-50,7.79316e-53,1.67903e-51,2.03023e-51,4.42243e-48,1.03306e-46,1.89158e-49,3.96002e-48,4.78432e-48,8.10304e-46,1.88486e-44,3.47963e-47,7.25731e-46,8.73289e-46,1.46263e-43,3.38374e-42,6.31281e-45,1.30841e-43,1.57862e-43
2.03023e-51,4.89004e-50,8.42969e-53,1.87557e-51,2.13713e-51,4.78432e-48,1.11861e-46,2.04472e-49,4.42243e-48,5.02768e-48,8.73289e-46,2.03368e-44,3.74631e-47,8.10304e-46,9.04890e-46,1.57862e-43,3.65711e-42,6.80506e-45,1.46263e-43,1.63082e-43
2.13713e-51,5.15051e-50,8.86897e-53,2.03023e-51,2.17798e-51,5.02768e-48,1.17623e-46,2.14755e-49,4.78432e-48,5.11196e-48,9.04890e-46,2.10898e-44,3.87908e-47,8.73289e-46,9.06704e-46,1.63082e-43,3.78155e-42,7.02430e-45,1.57862e-43,1.62778e-43
-8.85144e-53,-2.13336e-51,-3.67293e-54,-9.01617e-53,-8.41817e-53,-2.14700e-49,-5.02650e-48,-9.16455e-51,-2.18256e-49,-2.04430e-49,-3.87843e-47,-9.04751e-46,-1.66116e-48,-3.88510e-47,-3.74580e-47,-7.02351e-45,-1.63065e-43,-3.02165e-46,-7.00836e-45,-6.80443e-45
-8.41817e-53,-2.02776e-51,-3.49495e-54,-8.85144e-53,-7.78740e-53,-2.04430e-49,-4.78343e-48,-8.73041e-51,-2.14700e-49,-1.89133e-49,-3.74580e-47,-8.73181e-46,-1.60539e-48,-3.87843e-47,-3.47933e-47,-6.80443e-45,-1.57848e-43,-2.92955e-46,-7.02351e-45,-6.31242e-45
-7.78740e-53,-1.87434e-51,-3.23537e-54,-8.41817e-53,-6.98212e-53,-1.89133e-49,-4.42191e-48,-8.08300e-51,-2.04430e-49,-1.69539e-49,-3.47933e-47,-8.10239e-46,-1.49253e-48,-3.74580e-47,-3.12017e-47,-6.31242e-45,-1.46254e-43,-2.72070e-46,-6.80443e-45,-5.65544e-45
-6.98212e-53,-1.67893e-51,-2.90327e-54,-7.78740e-53,-6.02931e-53,-1.69539e-49,-3.95988e-48,-7.25199e-51,-1.89133e-49,-1.46335e-49,-3.12017e-47,-7.25712e-46,-1.33992e-48,-3.47933e-47,-2.68999e-47,-5.65544e-45,-1.30838e-43,-2.44076e-46,-6.31242e-45,-4.86935e-45
-6.02931e-53,-1.44833e-51,-2.50938e-54,-6.98212e-53,-4.95749e-53,-1.46335e-49,-3.41420e-48,-6.26543e-51,-1.69539e-49,-1.20240e-49,-2.68999e-47,-6.24825e-46,-1.15655e-48,-3.12017e-47,-2.20643e-47,-4.86935e-45,-1.12470e-43,-2.10453e-46,-5.65544e-45,-3.98762e-45
-4.95749e-53,-1.18964e-51,-2.06518e-54,-6.02931e-53,-3.79462e-53,-1.20240e-49,-2.80236e-48,-5.15310e-51,-1.46335e-49,-9.19558e-50,-2.20643e-47,-5.11828e-46,-9.49764e-49,-2.68999e-47,-1.68436e-47,-3.98762e-45,-9.19557e-44,-1.72592e-46,-4.86935e-45,-3.03909e-45
-3.79462e-53,-9.09728e-52,-1.58210e-54,-4.95749e-53,-2.56671e-53,-9.19558e-50,-2.14106e-48,-3.94432e-51,-1.20240e-49,-6.21226e-50,-1.68436e-47,-3.90255e-46,-7.25808e-49,-2.20643e-47,-1.13616e-47,-3.03909e-45,-6.99797e-44,-1.31708e-46,-3.98762e-45,-2.04705e-45
-2.56671e-53,-6.14847e-52,-1.07094e-54,-3.79462e-53,-1.29724e-53,-6.21226e-50,-1.44531e-48,-2.66652e-51,-9.19558e-50,-3.13108e-50,-1.13616e-47,-2.62989e-46,-4.89999e-49,-1.68436e-47,-5.72004e-48,-2.04705e-45,-4.70813e-44,-8.88069e-47,-3.03909e-45,-1.02954e-45
-1.29724e-53,-3.10512e-52,-5.41652e-55,-2.56671e-53,-7.41692e-56,-3.13108e-50,-7.28068e-49,-1.34462e-51,-6.21226e-50,-2.70715e-53,-5.72004e-48,-1.32318e-46,-2.46831e-49,-1.13616e-47,-3.29691e-51,-1.02954e-45,-2.36608e-44,-4.46947e-47,-2.04705e-45,-4.13563e-49
-7.41692e-56,-1.59014e-54,-3.43314e-57,-1.29724e-53,1.28285e-53,-2.70715e-53,-5.73022e-52,-1.27736e-54,-3.13108e-50,3.12585e-50,-3.29691e-51,-7.01748e-50,-1.55179e-52,-5.72004e-48,5.71367e-48,-4.13563e-49,-8.83245e-48,-1.93671e-50,-1.02954e-45,1.02874e-45
1.28285e-53,3.07426e-52,5.34991e-55,-7.41692e-56,2.55364e-53,3.12585e-50,7.26961e-49,1.34215e-51,-2.70715e-53,6.20758e-50,5.71367e-48,1.32182e-46,2.46532e-49,-3.29691e-51,1.13560e-47,1.02874e-45,2.36437e-44,4.46574e-47,-4.13563e-49,2.04634e-45
2.55364e-53,6.12042e-52,1.06489e-54,1.28285e-53,3.78373e-53,6.20758e-50,1.44432e-48,2.66432e-51,3.12585e-50,9.19180e-50,1.13560e-47,2.62868e-46,4.89733e-49,5.71367e-48,1.68391e-47,2.04634e-45,4.70662e-44,8.87738e-47,1.02874e-45,3.03852e-45
3.78373e-53,9.07389e-52,1.57707e-54,2.55364e-53,4.94962e-53,9.19180e-50,2.14026e-48,3.94255e-51,6.20758e-50,1.20215e-49,1.68391e-47,3.90158e-46,7.25595e-49,1.13560e-47,2.20613e-47,3.03852e-45,6.99676e-44,1.31681e-46,2.04634e-45,3.98725e-45
4.94962e-53,1.18795e-51,2.06155e-54,3.78373e-53,6.02527e-53,1.20215e-49,2.80182e-48,5.15191e-51,9.19180e-50,1.46324e-49,2.20613e-47,5.11763e-46,9.49623e-49,1.68391e-47,2.68987e-47,3.98725e-45,9.19477e-44,1.72574e-46,3.03852e-45,4.86921e-45
6.02527e-53,1.44745e-51,2.50752e-54,4.94962e-53,6.98265e-53,1.46324e-49,3.41398e-48,6.26495e-51,1.20215e-49,1.69546e-49,2.68987e-47,6.24800e-46,1.15650e-48,2.20613e-47,3.12026e-47,4.86921e-45,1.12467e-43,2.10446e-46,3.98725e-45,5.65556e-45
6.98265e-53,1.67903e-51,2.90353e-54,6.02527e-53,7.79316e-53,1.69546e-49,3.96002e-48,7.25231e-51,1.46324e-49,1.89158e-49,3.12026e-47,7.25731e-46,1.33996e-48,2.68987e-47,3.47963e-47,5.65556e-45,1.30841e-43,2.44082e-46,4.86921e-45,6.31281e-45
7.79316e-53,1.87557e-51,3.23806e-54,6.98265e-53,8.42969e-53,1.89158e-49,4.42243e-48,8.08417e-51,1.69546e-49,2.04472e-49,3.47963e-47,8.10304e-46,1.49268e-48,3.12026e-47,3.74631e-47,6.31281e-45,1.46263e-43,2.72089e-46,5.65556e-45,6.80506e-45
8.42969e-53,2.03023e-51,3.50029e-54,7.79316e-53,8.86897e-53,2.04472e-49,4.78432e-48,8.73238e-51,1.89158e-49,2.14755e-49,3.74631e-47,8.73289e-46,1.60562e-48,3.47963e-47,3.87908e-47,6.80506e-45,1.57862e-43,2.92984e-46,6.31281e-45,7.02430e-45
8.86897e-53,2.13713e-51,3.68103e-54,8.42969e-53,9.03672e-53,2.14755e-49,5.02768e-48,9.16716e-51,2.04472e-49,2.18317e-49,3.87908e-47,9.04890e-46,1.66146e-48,3.74631e-47,3.88580e-47,7.02430e-45,1.63082e-43,3.02202e-46,6.80506e-45,7.00920e-45
-3.67293e-54,-8.85144e-53,-1.52424e-55,-3.74053e-54,-3.49495e-54,-9.16455e-51,-2.14700e-49,-3.90945e-52,-9.31492e-51,-8.73041e-51,-1.66116e-48,-3.87843e-47,-7.10908e-50,-1.66362e-48,-1.60539e-48,-3.02165e-46,-7.02351e-45,-1.29856e-47,-3.01438e-46,-2.92955e-46
-3.49495e-54,-8.41817e-53,-1.45106e-55,-3.67293e-54,-3.23537e-54,-8.73041e-51,-2.04430e-49,-3.72585e-52,-9.16455e-51,-8.08300e-51,-1.60539e-48,-3.74580e-47,-6.87435e-50,-1.66116e-48,-1.49253e-48,-2.92955e-46,-6.80443e-45,-1.25981e-47,-3.02165e-46,-2.72070e-46
-3.23537e-54,-7.78740e-53,-1.34414e-55,-3.49495e-54,-2.90327e-54,-8.08300e-51,-1.89133e-49,-3.45178e-52,-8.73041e-51,-7.25199e-51,-1.49253e-48,-3.47933e-47,-6.39627e-50,-1.60539e-48,-1.33992e-48,-2.72070e-46,-6.31242e-45,-1.17114e-47,-2.92955e-46,-2.44076e-46
-2.90327e-54,-6.98212e-53,-1.20708e-55,-3.23537e-54,-2.50938e-54,-7.25199e-51,-1.69539e-49,-3.09932e-52,-8.08300e-51,-6.26543e-51,-1.33992e-48,-3.12017e-47,-5.74781e-50,-1.49253e-48,-1.15655e-48,-2.44076e-46,-5.65544e-45,-1.05187e-47,-2.72070e-46,-2.10453e-46
-2.50938e-54,-6.02931e-53,-1.04418e-55,-2.90327e-54,-2.06518e-54,-6.26543e-51,-1.46335e-49,-2.67997e-52,-7.25199e-51,-5.15310e-51,-1.15655e-48,-2.68999e-47,-4.96643e-50,-1.33992e-48,-9.49764e-49,-2.10453e-46,-4.86935e-45,-9.08128e-48,-2.44076e-46,-1.72592e-46
-2.06518e-54,-4.95749e-53,-8.60050e-56,-2.50938e-54,-1.58210e-54,-5.15310e-51,-1.20240e-49,-2.20606e-52,-6.26543e-51,-3.94432e-51,-9.49764e-49,-2.20643e-47,-4.08270e-50,-1.15655e-48,-7.25808e-49,-1.72592e-46,-3.98762e-45,-7.45699e-48,-2.10453e-46,-1.31708e-46
-1.58210e-54,-3.79462e-53,-6.59373e-56,-2.06518e-54,-1.07094e-54,-3.94432e-51,-9.19558e-50,-1.68987e-52,-5.15310e-51,-2.66652e-51,-7.25808e-49,-1.68436e-47,-3.12293e-50,-9.49764e-49,-4.89999e-49,-1.31708e-46,-3.03909e-45,-5.69710e-48,-1.72592e-46,-8.88069e-47
-1.07094e-54,-2.56671e-53,-4.46636e-56,-1.58210e-54,-5.41652e-55,-2.66652e-51,-6.21226e-50,-1.14313e-52,-3.94432e-51,-1.34462e-51,-4.89999e-49,-1.13616e-47,-2.10991e-50,-7.25808e-49,-2.46831e-49,-8.88069e-47,-2.04705e-45,-3.84492e-48,-1.31708e-46,-4.46947e-47
-5.41652e-55,-1.29724e-53,-2.26053e-56,-1.07094e-54,-3.43314e-57,-1.34462e-51,-3.13108e-50,-5.76683e-53,-2.66652e-51,-1.27736e-54,-2.46831e-49,-5.72004e-48,-1.06338e-50,-4.89999e-49,-1.55179e-52,-4.46947e-47,-1.02954e-45,-1.93624e-48,-8.88069e-47,-1.93671e-50
-3.43314e-57,-7.41692e-56,-1.57953e-58,-5.41652e-55,5.34991e-55,-1.27736e-54,-2.70715e-53,-6.01372e-56,-1.34462e-51,1.34215e-51,-1.55179e-52,-3.29691e-51,-7.31194e-54,-2.46831e-49,2.46532e-49,-1.93671e-50,-4.13563e-49,-9.07865e-52,-4.46947e-47,4.46574e-47
5.34991e-55,1.28285e-53,2.22989e-56,-3.43314e-57,1.06489e-54,1.34215e-51,3.12585e-50,5.75523e-53,-1.27736e-54,2.66432e-51,2.46532e-49,5.71367e-48,1.06197e-50,-1.55179e-52,4.89733e-49,4.46574e-47,1.02874e-45,1.93449e-48,-1.93671e-50,8.87738e-47
1.06489e-54,2.55364e-53,4.43853e-56,5.34991e-55,1.57707e-54,2.66432e-51,6.20758e-50,1.14209e-52,1.34215e-51,3.94255e-51,4.89733e-49,1.13560e-47,2.10865e-50,2.46532e-49,7.25595e-49,8.87738e-47,2.04634e-45,3.84337e-48,4.46574e-47,1.31681e-46
1.57707e-54,3.78373e-53,6.57058e-56,1.06489e-54,2.06155e-54,3.94255e-51,9.19180e-50,1.68904e-52,2.66432e-51,5.15191e-51,7.25595e-49,1.68391e-47,3.12193e-50,4.89733e-49,9.49623e-49,1.31681e-46,3.03852e-45,5.69586e-48,8.87738e-47,1.72574e-46
2.06155e-54,4.94962e-53,8.58382e-56,1.57707e-54,2.50752e-54,5.15191e-51,1.20215e-49,2.20550e-52,3.94255e-51,6.26495e-51,9.49623e-49,2.20613e-47,4.08204e-50,7.25595e-49,1.15650e-48,1.72574e-46,3.98725e-45,7.45619e-48,1.31681e-46,2.10446e-46
2.50752e-54,6.02527e-53,1.04333e-55,2.06155e-54,2.90353e-54,6.26495e-51,1.46324e-49,2.67975e-52,5.15191e-51,7.25231e-51,1.15650e-48,2.68987e-47,4.96618e-50,9.49623e-49,1.33996e-48,2.10446e-46,4.86921e-45,9.08099e-48,1.72574e-46,2.44082e-46
2.90353e-54,6.98265e-53,1.20721e-55,2.50752e-54,3.23806e-54,7.25231e-51,1.69546e-49,3.09948e-52,6.26495e-51,8.08417e-51,1.33996e-48,3.12026e-47,5.74803e-50,1.15650e-48,1.49268e-48,2.44082e-46,5.65556e-45,1.05190e-47,2.10446e-46,2.72089e-46
3.23806e-54,7.79316e-53,1.34538e-55,2.90353e-54,3.50029e-54,8.08417e-51,1.89158e-49,3.45233e-52,7.25231e-51,8.73238e-51,1.49268e-48,3.47963e-47,6.39696e-50,1.33996e-48,1.60562e-48,2.72089e-46,6.31281e-45,1.17122e-47,2.44082e-46,2.92984e-46
3.50029e-54,8.42969e-53,1.45351e-55,3.23806e-54,3.68103e-54,8.73238e-51,2.04472e-49,3.72678e-52,8.08417e-51,9.16716e-51,1.60562e-48,3.74631e-47,6.87546e-50,1.49268e-48,1.66146e-48,2.92984e-46,6.80506e-45,1.25994e-47,2.72089e-46,3.02202e-46
3.68103e-54,8.86897e-53,1.52795e-55,3.50029e-54,3.75000e-54,9.16716e-51,2.14755e-49,3.91067e-52,8.73238e-51,9.31778e-51,1.66146e-48,3.87908e-47,7.11051e-50,1.60562e-48,1.66394e-48,3.02202e-46,7.02430e-45,1.29873e-47,2.92984e-46,3.01477e-46
-1.52424e-55,-3.67293e-54,-6.32591e-57,-1.55200e-55,-1.45106e-55,-3.90945e-52,-9.16455e-51,-1.66670e-53,-3.97306e-52,-3.72585e-52,-7.10908e-50,-1.66116e-48,-3.04005e-51,-7.11807e-50,-6.87435e-50,-1.29856e-47,-3.02165e-46,-5.57490e-49,-1.29515e-47,-1.25981e-47
-1.45106e-55,-3.49495e-54,-6.02478e-57,-1.52424e-55,-1.34414e-55,-3.72585e-52,-8.73041e-51,-1.58903e-53,-3.90945e-52,-3.45178e-52,-6.87435e-50,-1.60539e-48,-2.94118e-51,-7.10908e-50,-6.39627e-50,-1.25981e-47,-2.92955e-46,-5.41166e-49,-1.29856e-47,-1.17114e-47
-1.34414e-55,-3.23537e-54,-5.58410e-57,-1.45106e-55,-1.20708e-55,-3.45178e-52,-8.08300e-51,-1.47298e-53,-3.72585e-52,-3.09932e-52,-6.39627e-50,-1.49253e-48,-2.73861e-51,-6.87435e-50,-5.74781e-50,-1.17114e-47,-2.72070e-46,-5.03517e-49,-1.25981e-47,-1.05187e-47
-1.20708e-55,-2.90327e-54,-5.01814e-57,-1.34414e-55,-1.04418e-55,-3.09932e-52,-7.25199e-51,-1.32349e-53,-3.45178e-52,-2.67997e-52,-5.74781e-50,-1.33992e-48,-2.46309e-51,-6.39627e-50,-4.96643e-50,-1.05187e-47,-2.44076e-46,-4.52714e-49,-1.17114e-47,-9.08128e-48
-1.04418e-55,-2.50938e-54,-4.34411e-57,-1.20708e-55,-8.60050e-56,-2.67997e-52,-6.26543e-51,-1.14529e-53,-3.09932e-52,-2.20606e-52,-4.96643e-50,-1.15655e-48,-2.13023e-51,-5.74781e-50,-4.08270e-50,-9.08128e-48,-2.10453e-46,-3.91292e-49,-1.05187e-47,-7.45699e-48
-8.60050e-56,-2.06518e-54,-3.58074e-57,-1.04418e-55,-6.59373e-56,-2.20606e-52,-5.15310e-51,-9.43468e-54,-2.67997e-52,-1.68987e-52,-4.08270e-50,-9.49764e-49,-1.75280e-51,-4.96643e-50,-3.12293e-50,-7.45699e-48,-1.72592e-46,-3.21667e-49,-9.08128e-48,-5.69710e-48
-6.59373e-56,-1.58210e-54,-2.74714e-57,-8.60050e-56,-4.46636e-56,-1.68987e-52,-3.94432e-51,-7.23201e-54,-2.20606e-52,-1.14313e-52,-3.12293e-50,-7.25808e-49,-1.34187e-51,-4.08270e-50,-2.10991e-50,-5.69710e-48,-1.31708e-46,-2.46002e-49,-7.45699e-48,-3.84492e-48
-4.46636e-56,-1.07094e-54,-1.86196e-57,-6.59373e-56,-2.26053e-56,-1.14313e-52,-2.66652e-51,-4.89485e-54,-1.68987e-52,-5.76683e-53,-2.10991e-50,-4.89999e-49,-9.07196e-52,-3.12293e-50,-1.06338e-50,-3.84492e-48,-8.88069e-47,-1.66160e-49,-5.69710e-48,-1.93624e-48
-2.26053e-56,-5.41652e-55,-9.43020e-58,-4.46636e-56,-1.57953e-58,-5.76683e-53,-1.34462e-51,-2.47032e-54,-1.14313e-52,-6.01372e-56,-1.06338e-50,-2.46831e-49,-4.57431e-52,-2.10991e-50,-7.31194e-54,-1.93624e-48,-4.46947e-47,-8.37205e-50,-3.84492e-48,-9.07865e-52
-1.57953e-58,-3.43314e-57,-7.23740e-60,-2.26053e-56,2.22989e-56,-6.01372e-56,-1.27736e-54,-2.82301e-57,-5.76683e-53,5.75523e-53,-7.31194e-54,-1.55179e-52,-3.44589e-55,-1.06338e-50,1.06197e-50,-9.07865e-52,-1.93671e-50,-4.26150e-53,-1.93624e-48,1.93449e-48
2.22989e-56,5.34991e-55,9.28976e-58,-1.57953e-58,4.43853e-56,5.75523e-53,1.34215e-51,2.46487e-54,-6.01372e-56,1.14209e-52,1.06197e-50,2.46532e-49,4.56766e-52,-7.31194e-54,2.10865e-50,1.93449e-48,4.46574e-47,8.36384e-50,-9.07865e-52,3.84337e-48
4.43853e-56,1.06489e-54,1.84921e-57,2.22989e-56,6.57058e-56,1.14209e-52,2.66432e-51,4.88999e-54,5.75523e-53,1.68904e-52,2.10865e-50,4.89733e-49,9.06605e-52,1.06197e-50,3.12193e-50,3.84337e-48,8.87738e-47,1.66087e-49,1.93449e-48,5.69586e-48
6.57058e-56,1.57707e-54,2.73652e-57,4.43853e-56,8.58382e-56,1.68904e-52,3.94255e-51,7.22812e-54,1.14209e-52,2.20550e-52,3.12193e-50,7.25595e-49,1.34140e-51,2.10865e-50,4.08204e-50,5.69586e-48,1.31681e-46,2.45944e-49,3.84337e-48,7.45619e-48
8.58382e-56,2.06155e-54,3.57309e-57,6.57058e-56,1.04333e-55,2.20550e-52,5.15191e-51,9.43207e-54,1.68904e-52,2.67975e-52,4.08204e-50,9.49623e-49,1.75249e-51,3.12193e-50,4.96618e-50,7.45619e-48,1.72574e-46,3.21630e-49,5.69586e-48,9.08099e-48
1.04333e-55,2.50752e-54,4.34022e-57,8.58382e-56,1.20721e-55,2.67975e-52,6.26495e-51,1.14518e-53,2.20550e-52,3.09948e-52,4.96618e-50,1.15650e-48,2.13012e-51,4.08204e-50,5.74803e-50,9.08099e-48,2.10446e-46,3.91279e-49,7.45619e-48,1.05190e-47
1.20721e-55,2.90353e-54,5.01872e-57,1.04333e-55,1.34538e-55,3.09948e-52,7.25231e-51,1.32357e-53,2.67975e-52,3.45233e-52,5.74803e-50,1.33996e-48,2.46319e-51,4.96618e-50,6.39696e-50,1.05190e-47,2.44082e-46,4.52728e-49,9.08099e-48,1.17122e-47
1.34538e-55,3.23806e-54,5.58977e-57,1.20721e-55,1.45351e-55,3.45233e-52,8.08417e-51,1.47324e-53,3.09948e-52,3.72678e-52,6.39696e-50,1.49268e-48,2.73893e-51,5.74803e-50,6.87546e-50,1.17122e-47,2.72089e-46,5.03558e-49,1.05190e-47,1.25994e-47
1.45351e-55,3.50029e-54,6.03604e-57,1.34538e-55,1.52795e-55,3.72678e-52,8.73238e-51,1.58946e-53,3.45233e-52,3.91067e-52,6.87546e-50,1.60562e-48,2.94170e-51,6.39696e-50,7.11051e-50,1.25994e-47,2.92984e-46,5.41230e-49,1.17122e-47,1.29873e-47
1.52795e-55,3.68103e-54,6.34295e-57,1.45351e-55,1.55635e-55,3.91067e-52,9.16716e-51,1.66727e-53,3.72678e-52,3.97440e-52,7.11051e-50,1.66146e-48,3.04072e-51,6.87546e-50,7.11960e-50,1.29873e-47,3.02202e-46,5.57570e-49,1.25994e-47,1.29533e-47
-6.32591e-57,-1.52424e-55,-2.62554e-58,-6.44003e-57,-6.02478e-57,-1.66670e-53,-3.90945e-52,-7.10139e-55,-1.69362e-53,-1.58903e-53,-3.04005e-51,-7.10908e-50,-1.29906e-52,-3.04331e-51,-2.94118e-51,-5.57490e-49,-1.29856e-47,-2.39108e-50,-5.55916e-49,-5.41166e-49
-6.02478e-57,-1.45106e-55,-2.50154e-58,-6.32591e-57,-5.58410e-57,-1.58903e-53,-3.72585e-52,-6.77273e-55,-1.66670e-53,-1.47298e-53,-2.94118e-51,-6.87435e-50,-1.25738e-52,-3.04005e-51,-2.73861e-51,-5.41166e-49,-1.25981e-47,-2.32227e-50,-5.57490e-49,-5.03517e-49
-5.58410e-57,-1.34414e-55,-2.31979e-58,-6.02478e-57,-5.01814e-57,-1.47298e-53,-3.45178e-52,-6.28130e-55,-1.58903e-53,-1.32349e-53,-2.73861e-51,-6.39627e-50,-1.17153e-52,-2.94118e-51,-2.46309e-51,-5.03517e-49,-1.17114e-47,-2.16239e-50,-5.41166e-49,-4.52714e-49
-5.01814e-57,-1.20708e-55,-2.08597e-58,-5.58410e-57,-4.34411e-57,-1.32349e-53,-3.09932e-52,-5.64733e-55,-1.47298e-53,-1.14529e-53,-2.46309e-51,-5.74781e-50,-1.05448e-52,-2.73861e-51,-2.13023e-51,-4.52714e-49,-1.05187e-47,-1.94603e-50,-5.03517e-49,-3.91292e-49
-4.34411e-57,-1.04418e-55,-1.80699e-58,-5.01814e-57,-3.58074e-57,-1.14529e-53,-2.67997e-52,-4.89021e-55,-1.32349e-53,-9.43468e-54,-2.13023e-51,-4.96643e-50,-9.12737e-53,-2.46309e-51,-1.75280e-51,-3.91292e-49,-9.08128e-48,-1.68370e-50,-4.52714e-49,-3.21667e-49
-3.58074e-57,-8.60050e-56,-1.49045e-58,-4.34411e-57,-2.74714e-57,-9.43468e-54,-2.20606e-52,-4.03116e-55,-1.14529e-53,-7.23201e-54,-1.75280e-51,-4.08270e-50,-7.51637e-53,-2.13023e-51,-1.34187e-51,-3.21667e-49,-7.45699e-48,-1.38549e-50,-3.91292e-49,-2.46002e-49
-2.74714e-57,-6.59373e-56,-1.14419e-58,-3.58074e-57,-1.86196e-57,-7.23201e-54,-1.68987e-52,-3.09190e-55,-9.43468e-54,-4.89485e-54,-1.34187e-51,-3.12293e-50,-5.75847e-53,-1.75280e-51,-9.07196e-52,-2.46002e-49,-5.69710e-48,-1.06054e-50,-3.21667e-49,-1.66160e-49
-1.86196e-57,-4.46636e-56,-7.75961e-59,-2.74714e-57,-9.43020e-58,-4.89485e-54,-1.14313e-52,-2.09372e-55,-7.23201e-54,-2.47032e-54,-9.07196e-52,-2.10991e-50,-3.89545e-53,-1.34187e-51,-4.57431e-52,-1.66160e-49,-3.84492e-48,-7.16850e-51,-2.46002e-49,-8.37205e-50
-9.43020e-58,-2.26053e-56,-3.93259e-59,-1.86196e-57,-7.23740e-60,-2.47032e-54,-5.76683e-53,-1.05703e-55,-4.89485e-54,-2.82301e-57,-4.57431e-52,-1.06338e-50,-1.96499e-53,-9.07196e-52,-3.44589e-55,-8.37205e-50,-1.93624e-48,-3.61363e-51,-1.66160e-49,-4.26150e-53
-7.23740e-60,-1.57953e-58,-3.30944e-61,-9.43020e-58,9.28976e-58,-2.82301e-57,-6.01372e-56,-1.32095e-58,-2.47032e-54,2.46487e-54,-3.44589e-55,-7.31194e-54,-1.62264e-56,-4.57431e-52,4.56766e-52,-4.26150e-53,-9.07865e-52,-2.00282e-54,-8.37205e-50,8.36384e-50
9.28976e-58,2.22989e-56,3.86837e-59,-7.23740e-60,1.84921e-57,2.46487e-54,5.75523e-53,1.05448e-55,-2.82301e-57,4.88999e-54,4.56766e-52,1.06197e-50,1.96186e-53,-3.44589e-55,9.06605e-52,8.36384e-50,1.93449e-48,3.60977e-51,-4.26150e-53,1.66087e-49
1.84921e-57,4.43853e-56,7.70128e-59,9.28976e-58,2.73652e-57,4.88999e-54,1.14209e-52,2.09145e-55,2.46487e-54,7.22812e-54,9.06605e-52,2.10865e-50,3.89267e-53,4.56766e-52,1.34140e-51,1.66087e-49,3.84337e-48,7.16508e-51,8.36384e-50,2.45944e-49
2.73652e-57,6.57058e-56,1.13934e-58,1.84921e-57,3.57309e-57,7.22812e-54,1.68904e-52,3.09008e-55,4.88999e-54,9.43207e-54,1.34140e-51,3.12193e-50,5.75626e-53,9.06605e-52,1.75249e-51,2.45944e-49,5.69586e-48,1.06027e-50,1.66087e-49,3.21630e-49
3.57309e-57,8.58382e-56,1.48695e-58,2.73652e-57,4.34022e-57,9.43207e-54,2.20550e-52,4.02995e-55,7.22812e-54,1.14518e-53,1.75249e-51,4.08204e-50,7.51493e-53,1.34140e-51,2.13012e-51,3.21630e-49,7.45619e-48,1.38532e-50,2.45944e-49,3.91279e-49
4.34022e-57,1.04333e-55,1.80521e-58,3.57309e-57,5.01872e-57,1.14518e-53,2.67975e-52,4.88974e-55,9.43207e-54,1.32357e-53,2.13012e-51,4.96618e-50,9.12685e-53,1.75249e-51,2.46319e-51,3.91279e-49,9.08099e-48,1.68364e-50,3.21630e-49,4.52728e-49
5.01872e-57,1.20721e-55,2.08623e-58,4.34022e-57,5.58977e-57,1.32357e-53,3.09948e-52,5.64768e-55,1.14518e-53,1.47324e-53,2.46319e-51,5.74803e-50,1.05453e-52,2.13012e-51,2.73893e-51,4.52728e-49,1.05190e-47,1.94609e-50,3.91279e-49,5.03558e-49
5.58977e-57,1.34538e-55,2.32238e-58,5.01872e-57,6.03604e-57,1.47324e-53,3.45233e-52,6.28252e-55,1.32357e-53,1.58946e-53,2.73893e-51,6.39696e-50,1.17169e-52,2.46319e-51,2.94170e-51,5.03558e-49,1.17122e-47,2.16258e-50,4.52728e-49,5.41230e-49
6.03604e-57,1.45351e-55,2.50669e-58,5.58977e-57,6.34295e-57,1.58946e-53,3.72678e-52,6.77476e-55,1.47324e-53,1.66727e-53,2.94170e-51,6.87546e-50,1.25763e-52,2.73893e-51,3.04072e-51,5.41230e-49,1.25994e-47,2.32257e-50,5.03558e-49,5.57570e-49
6.34295e-57,1.52795e-55,2.63334e-58,6.03604e-57,6.45997e-57,1.66727e-53,3.91067e-52,7.10406e-55,1.58946e-53,1.69425e-53,3.04072e-51,7.11051e-50,1.29937e-52,2.94170e-51,3.04403e-51,5.57570e-49,1.29873e-47,2.39146e-50,5.41230e-49,5.56002e-49
-2.62554e-58,-6.32591e-57,-1.08976e-59,-2.67248e-58,-2.50154e-58,-7.10139e-55,-1.66670e-53,-3.02403e-56,-7.21538e-55,-6.77273e-55,-1.29906e-52,-3.04005e-51,-5.54716e-54,-1.30023e-52,-1.25738e-52,-2.39108e-50,-5.57490e-49,-1.02461e-51,-2.38392e-50,-2.32227e-50
-2.50154e-58,-6.02478e-57,-1.03867e-59,-2.62554e-58,-2.31979e-58,-6.77273e-55,-1.58903e-53,-2.88493e-56,-7.10139e-55,-6.28130e-55,-1.25738e-52,-2.94118e-51,-5.37141e-54,-1.29906e-52,-1.17153e-52,-2.32227e-50,-5.41166e-49,-9.95578e-52,-2.39108e-50,-2.16239e-50
-2.31979e-58,-5.58410e-57,-9.63671e-60,-2.50154e-58,-2.08597e-58,-6.28130e-55,-1.47298e-53,-2.67681e-56,-6.77273e-55,-5.64733e-55,-1.17153e-52,-2.73861e-51,-5.00754e-54,-1.25738e-52,-1.05448e-52,-2.16239e-50,-5.03517e-49,-9.27680e-52,-2.32227e-50,-1.94603e-50
-2.08597e-58,-5.01814e-57,-8.67029e-60,-2.31979e-58,-1.80699e-58,-5.64733e-55,-1.32349e-53,-2.40796e-56,-6.28130e-55,-4.89021e-55,-1.05448e-52,-2.46309e-51,-4.51029e-54,-1.17153e-52,-9.12737e-53,-1.94603e-50,-4.52714e-49,-8.35551e-52,-2.16239e-50,-1.68370e-50
-1.80699e-58,-4.34411e-57,-7.51530e-60,-2.08597e-58,-1.49045e-58,-4.89021e-55,-1.14529e-53,-2.08638e-56,-5.64733e-55,-4.03116e-55,-9.12737e-53,-2.13023e-51,-3.90690e-54,-1.05448e-52,-7.51637e-53,-1.68370e-50,-3.91292e-49,-7.23567e-52,-1.94603e-50,-1.38549e-50
-1.49045e-58,-3.58074e-57,-6.20260e-60,-1.80699e-58,-1.14419e-58,-4.03116e-55,-9.43468e-54,-1.72089e-56,-4.89021e-55,-3.09190e-55,-7.51637e-53,-1.75280e-51,-3.21968e-54,-9.12737e-53,-5.75847e-53,-1.38549e-50,-3.21667e-49,-5.95944e-52,-1.68370e-50,-1.06054e-50
-1.14419e-58,-2.74714e-57,-4.76436e-60,-1.49045e-58,-7.75961e-59,-3.09190e-55,-7.23201e-54,-1.32063e-56,-4.03116e-55,-2.09372e-55,-5.75847e-53,-1.34187e-51,-2.46829e-54,-7.51637e-53,-3.89545e-53,-1.06054e-50,-2.46002e-49,-4.56538e-52,-1.38549e-50,-7.16850e-51
-7.75961e-59,-1.86196e-57,-3.23281e-60,-1.14419e-58,-3.93259e-59,-2.09372e-55,-4.89485e-54,-8.94676e-57,-3.09190e-55,-1.05703e-55,-3.89545e-53,-9.07196e-52,-1.67062e-54,-5.75847e-53,-1.96499e-53,-7.16850e-51,-1.66160e-49,-3.08784e-52,-1.06054e-50,-3.61363e-51
-3.93259e-59,-9.43020e-58,-1.63950e-60,-7.75961e-59,-3.30944e-61,-1.05703e-55,-2.47032e-54,-4.51832e-57,-2.09372e-55,-1.32095e-58,-1.96499e-53,-4.57431e-52,-8.43028e-55,-3.89545e-53,-1.62264e-56,-3.61363e-51,-8.37205e-50,-1.55725e-52,-7.16850e-51,-2.00282e-54
-3.30944e-61,-7.23740e-60,-1.51320e-62,-3.93259e-59,3.86837e-59,-1.32095e-58,-2.82301e-57,-6.16130e-60,-1.05703e-55,1.05448e-55,-1.62264e-56,-3.44589e-55,-7.62844e-58,-1.96499e-53,1.96186e-53,-2.00282e-54,-4.26150e-53,-9.42032e-56,-3.61363e-51,3.60977e-51
3.86837e-59,9.28976e-58,1.61014e-60,-3.30944e-61,7.70128e-59,1.05448e-55,2.46487e-54,4.50643e-57,-1.32095e-58,2.09145e-55,1.96186e-53,4.56766e-52,8.41558e-55,-1.62264e-56,3.89267e-53,3.60977e-51,8.36384e-50,1.55544e-52,-2.00282e-54,7.16508e-51
7.70128e-59,1.84921e-57,3.20614e-60,3.86837e-59,1.13934e-58,2.09145e-55,4.88999e-54,8.93617e-57,1.05448e-55,3.09008e-55,3.89267e-53,9.06605e-52,1.66931e-54,1.96186e-53,5.75626e-53,7.16508e-51,1.66087e-49,3.08623e-52,3.60977e-51,1.06027e-50
1.13934e-58,2.73652e-57,4.74215e-60,7.70128e-59,1.48695e-58,3.09008e-55,7.22812e-54,1.31978e-56,2.09145e-55,4.02995e-55,5.75626e-53,1.34140e-51,2.46726e-54,3.89267e-53,7.51493e-53,1.06027e-50,2.45944e-49,4.56411e-52,7.16508e-51,1.38532e-50
1.48695e-58,3.57309e-57,6.18657e-60,1.13934e-58,1.80521e-58,4.02995e-55,9.43207e-54,1.72033e-56,3.09008e-55,4.88974e-55,7.51493e-53,1.75249e-51,3.21900e-54,5.75626e-53,9.12685e-53,1.38532e-50,3.21630e-49,5.95862e-52,1.06027e-50,1.68364e-50
1.80521e-58,4.34022e-57,7.50710e-60,1.48695e-58,2.08623e-58,4.88974e-55,1.14518e-53,2.08616e-56,4.02995e-55,5.64768e-55,9.12685e-53,2.13012e-51,3.90666e-54,7.51493e-53,1.05453e-52,1.68364e-50,3.91279e-49,7.23539e-52,1.38532e-50,1.94609e-50
2.08623e-58,5.01872e-57,8.67144e-60,1.80521e-58,2.32238e-58,5.64768e-55,1.32357e-53,2.40812e-56,4.88974e-55,6.28252e-55,1.05453e-52,2.46319e-51,4.51052e-54,9.12685e-53,1.17169e-52,1.94609e-50,4.52728e-49,8.35582e-52,1.68364e-50,2.16258e-50
2.32238e-58,5.58977e-57,9.64852e-60,2.08623e-58,2.50669e-58,6.28252e-55,1.47324e-53,2.67738e-56,5.64768e-55,6.77476e-55,1.17169e-52,2.73893e-51,5.00826e-54,1.05453e-52,1.25763e-52,2.16258e-50,5.03558e-49,9.27768e-52,1.94609e-50,2.32257e-50
2.50669e-58,6.03604e-57,1.04102e-59,2.32238e-58,2.63334e-58,6.77476e-55,1.58946e-53,2.88588e-56,6.28252e-55,7.10406e-55,1.25763e-52,2.94170e-51,5.37256e-54,1.17169e-52,1.29937e-52,2.32257e-50,5.41230e-49,9.95718e-52,2.16258e-50,2.39146e-50
2.63334e-58,6.34295e-57,1.09333e-59,2.50669e-58,2.68161e-58,7.10406e-55,1.66727e-53,3.02527e-56,6.77476e-55,7.21830e-55,1.29937e-52,3.04072e-51,5.54863e-54,1.25763e-52,1.30057e-52,2.39146e-50,5.57570e-49,1.02478e-51,2.32257e-50,2.38432e-50
-1.08976e-59,-2.62554e-58,-4.52323e-61,-1.10907e-59,-1.03867e-59,-3.02403e-56,-7.10139e-55,-1.28705e-57,-3.07231e-56,-2.88493e-56,-5.54716e-54,-1.29906e-52,-2.36713e-55,-5.55133e-54,-5.37141e-54,-1.02461e-51,-2.39108e-50,-4.38679e-53,-1.02139e-51,-9.95578e-52
-1.03867e-59,-2.50154e-58,-4.31268e-61,-1.08976e-59,-9.63671e-60,-2.88493e-56,-6.77273e-55,-1.22817e-57,-3.02403e-56,-2.67681e-56,-5.37141e-54,-1.25738e-52,-2.29297e-55,-5.54716e-54,-5.00754e-54,-9.95578e-52,-2.32227e-50,-4.26425e-53,-1.02461e-51,-9.27680e-52
-9.63671e-60,-2.31979e-58,-4.00306e-61,-1.03867e-59,-8.67029e-60,-2.67681e-56,-6.28130e-55,-1.14002e-57,-2.88493e-56,-2.40796e-56,-5.00754e-54,-1.17153e-52,-2.13873e-55,-5.37141e-54,-4.51029e-54,-9.27680e-52,-2.16239e-50,-3.97589e-53,-9.95578e-52,-8.35551e-52
-8.67029e-60,-2.08597e-58,-3.60348e-61,-9.63671e-60,-7.51530e-60,-2.40796e-56,-5.64733e-55,-1.02602e-57,-2.67681e-56,-2.08638e-56,-4.51029e-54,-1.05448e-52,-1.92753e-55,-5.00754e-54,-3.90690e-54,-8.35551e-52,-1.94603e-50,-3.58369e-53,-9.27680e-52,-7.23567e-52
-7.51530e-60,-1.80699e-58,-3.12519e-61,-8.67029e-60,-6.20260e-60,-2.08638e-56,-4.89021e-55,-8.89470e-58,-2.40796e-56,-1.72089e-56,-3.90690e-54,-9.12737e-53,-1.67076e-55,-4.51029e-54,-3.21968e-54,-7.23567e-52,-1.68370e-50,-3.10587e-53,-8.35551e-52,-5.95944e-52
-6.20260e-60,-1.49045e-58,-2.58076e-61,-7.51530e-60,-4.76436e-60,-1.72089e-56,-4.03116e-55,-7.34042e-58,-2.08638e-56,-1.32063e-56,-3.21968e-54,-7.51637e-53,-1.37777e-55,-3.90690e-54,-2.46829e-54,-5.95944e-52,-1.38549e-50,-2.56008e-53,-7.23567e-52,-4.56538e-52
-4.76436e-60,-1.14419e-58,-1.98340e-61,-6.20260e-60,-3.23281e-60,-1.32063e-56,-3.09190e-55,-5.63583e-58,-1.72089e-56,-8.94676e-57,-2.46829e-54,-5.75847e-53,-1.05686e-55,-3.21968e-54,-1.67062e-54,-4.56538e-52,-1.06054e-50,-1.96261e-53,-5.95944e-52,-3.08784e-52
-3.23281e-60,-7.75961e-59,-1.34652e-61,-4.76436e-60,-1.63950e-60,-8.94676e-57,-2.09372e-55,-3.81955e-58,-1.32063e-56,-4.51832e-57,-1.67062e-54,-3.89545e-53,-7.15651e-56,-2.46829e-54,-8.43028e-55,-3.08784e-52,-7.16850e-51,-1.32819e-53,-4.56538e-52,-1.55725e-52
-1.63950e-60,-3.93259e-59,-6.83357e-62,-3.23281e-60,-1.51320e-62,-4.51832e-57,-1.05703e-55,-1.92954e-58,-8.94676e-57,-6.16130e-60,-8.43028e-55,-1.96499e-53,-3.61254e-56,-1.67062e-54,-7.62844e-58,-1.55725e-52,-3.61363e-51,-6.70087e-54,-3.08784e-52,-9.42032e-56
-1.51320e-62,-3.30944e-61,-6.92964e-64,-1.63950e-60,1.61014e-60,-6.16130e-60,-1.32095e-58,-2.86552e-61,-4.51832e-57,4.50643e-57,-7.62844e-58,-1.62264e-56,-3.57833e-59,-8.43028e-55,8.41558e-55,-9.42032e-56,-2.00282e-54,-4.43146e-57,-1.55725e-52,1.55544e-52
1.61014e-60,3.86837e-59,6.69909e-62,-1.51320e-62,3.20614e-60,4.50643e-57,1.05448e-55,1.92401e-58,-6.16130e-60,8.93617e-57,8.41558e-55,1.96186e-53,3.60565e-56,-7.62844e-58,1.66931e-54,1.55544e-52,3.60977e-51,6.69234e-54,-9.42032e-56,3.08623e-52
3.20614e-60,7.70128e-59,1.33430e-61,1.61014e-60,4.74215e-60,8.93617e-57,2.09145e-55,3.81462e-58,4.50643e-57,1.31978e-56,1.66931e-54,3.89267e-53,7.15040e-56,8.41558e-55,2.46726e-54,3.08623e-52,7.16508e-51,1.32743e-53,1.55544e-52,4.56411e-52
4.74215e-60,1.13934e-58,1.97323e-61,3.20614e-60,6.18657e-60,1.31978e-56,3.09008e-55,5.63189e-58,8.93617e-57,1.72033e-56,2.46726e-54,5.75626e-53,1.05637e-55,1.66931e-54,3.21900e-54,4.56411e-52,1.06027e-50,1.96201e-53,3.08623e-52,5.95862e-52
6.18657e-60,1.48695e-58,2.57341e-61,4.74215e-60,7.50710e-60,1.72033e-56,4.02995e-55,7.33781e-58,1.31978e-56,2.08616e-56,3.21900e-54,7.51493e-53,1.37745e-55,2.46726e-54,3.90666e-54,5.95862e-52,1.38532e-50,2.55970e-53,4.56411e-52,7.23539e-52
7.50710e-60,1.80521e-58,3.12143e-61,6.18657e-60,8.67144e-60,2.08616e-56,4.88974e-55,8.89369e-58,1.72033e-56,2.40812e-56,3.90666e-54,9.12685e-53,1.67065e-55,3.21900e-54,4.51052e-54,7.23539e-52,1.68364e-50,3.10574e-53,5.95862e-52,8.35582e-52
8.67144e-60,2.08623e-58,3.60399e-61,7.50710e-60,9.64852e-60,2.40812e-56,5.64768e-55,1.02610e-57,2.08616e-56,2.67738e-56,4.51052e-54,1.05453e-52,1.92764e-55,3.90666e-54,5.00826e-54,8.35582e-52,1.94609e-50,3.58384e-53,7.23539e-52,9.27768e-52
9.64852e-60,2.32238e-58,4.00845e-61,8.67144e-60,1.04102e-59,2.67738e-56,6.28252e-55,1.14029e-57,2.40812e-56,2.88588e-56,5.00826e-54,1.17169e-52,2.13907e-55,4.51052e-54,5.37256e-54,9.27768e-52,2.16258e-50,3.97631e-53,8.35582e-52,9.95718e-52
1.04102e-59,2.50669e-58,4.32345e-61,9.64852e-60,1.09333e-59,2.88588e-56,6.77476e-55,1.22861e-57,2.67738e-56,3.02527e-56,5.37256e-54,1.25763e-52,2.29351e-55,5.00826e-54,5.54863e-54,9.95718e-52,2.32257e-50,4.26491e-53,9.27768e-52,1.02478e-51
1.09333e-59,2.63334e-58,4.53961e-61,1.04102e-59,1.11326e-59,3.02527e-56,7.10406e-55,1.28762e-57,2.88588e-56,3.07367e-56,5.54863e-54,1.29937e-52,2.36782e-55,5.37256e-54,5.55291e-54,1.02478e-51,2.39146e-50,4.38762e-53,9.95718e-52,1.02157e-51
-4.52323e-61,-1.08976e-59,-1.87746e-62,-4.60277e-61,-4.31268e-61,-1.28705e-57,-3.02403e-56,-5.47491e-59,-1.30750e-57,-1.22817e-57,-2.36713e-55,-5.54716e-54,-1.00948e-56,-2.36859e-55,-2.29297e-55,-4.38679e-53,-1.02461e-51,-1.87665e-54,-4.37242e-53,-4.26425e-53
-4.31268e-61,-1.03867e-59,-1.79064e-62,-4.52323e-61,-4.00306e-61,-1.22817e-57,-2.88493e-56,-5.22565e-59,-1.28705e-57,-1.14002e-57,-2.29297e-55,-5.37141e-54,-9.78167e-57,-2.36713e-55,-2.13873e-55,-4.26425e-53,-9.95578e-52,-1.82489e-54,-4.38679e-53,-3.97589e-53
-4.00306e-61,-9.63671e-60,-1.66278e-62,-4.31268e-61,-3.60348e-61,-1.14002e-57,-2.67681e-56,-4.85233e-59,-1.22817e-57,-1.02602e-57,-2.13873e-55,-5.00754e-54,-9.12788e-57,-2.29297e-55,-1.92753e-55,-3.97589e-53,-9.27680e-52,-1.70243e-54,-4.26425e-53,-3.58369e-53
-3.60348e-61,-8.67029e-60,-1.49753e-62,-4.00306e-61,-3.12519e-61,-1.02602e-57,-2.40796e-56,-4.36900e-59,-1.14002e-57,-8.89470e-58,-1.92753e-55,-4.51029e-54,-8.23096e-57,-2.13873e-55,-1.67076e-55,-3.58369e-53,-8.35551e-52,-1.53550e-54,-3.97589e-53,-3.10587e-53
-3.12519e-61,-7.51530e-60,-1.29943e-62,-3.60348e-61,-2.58076e-61,-8.89470e-58,-2.08638e-56,-3.78933e-59,-1.02602e-57,-7.34042e-58,-1.67076e-55,-3.90690e-54,-7.13869e-57,-1.92753e-55,-1.37777e-55,-3.10587e-53,-7.23567e-52,-1.33172e-54,-3.58369e-53,-2.56008e-53
-2.58076e-61,-6.20260e-60,-1.07361e-62,-3.12519e-61,-1.98340e-61,-7.34042e-58,-1.72089e-56,-3.12864e-59,-8.89470e-58,-5.63583e-58,-1.37777e-55,-3.21968e-54,-5.89021e-57,-1.67076e-55,-1.05686e-55,-2.56008e-53,-5.95944e-52,-1.09847e-54,-3.10587e-53,-1.96261e-53
-1.98340e-61,-4.76436e-60,-8.25526e-63,-2.58076e-61,-1.34652e-61,-5.63583e-58,-1.32063e-56,-2.40313e-59,-7.34042e-58,-3.81955e-58,-1.05686e-55,-2.46829e-54,-4.52060e-57,-1.37777e-55,-7.15651e-56,-1.96261e-53,-4.56538e-52,-8.42641e-55,-2.56008e-53,-1.32819e-53
-1.34652e-61,-3.23281e-60,-5.60729e-63,-1.98340e-61,-6.83357e-62,-3.81955e-58,-8.94676e-57,-1.62924e-59,-5.63583e-58,-1.92954e-58,-7.15651e-56,-1.67062e-54,-3.06243e-57,-1.05686e-55,-3.61254e-56,-1.32819e-53,-3.08784e-52,-5.70543e-55,-1.96261e-53,-6.70087e-54
-6.83357e-62,-1.63950e-60,-2.84779e-63,-1.34652e-61,-6.92964e-64,-1.92954e-58,-4.51832e-57,-8.23280e-60,-3.81955e-58,-2.86552e-61,-3.61254e-56,-8.43028e-55,-1.54636e-57,-7.15651e-56,-3.57833e-59,-6.70087e-54,-1.55725e-52,-2.87947e-55,-1.32819e-53,-4.43146e-57
-6.92964e-64,-1.51320e-62,-3.18186e-65,-6.83357e-62,6.69909e-62,-2.86552e-61,-6.16130e-60,-1.32953e-62,-1.92954e-58,1.92401e-58,-3.57833e-59,-7.62844e-58,-1.67420e-60,-3.61254e-56,3.60565e-56,-4.43146e-57,-9.42032e-56,-2.08341e-58,-6.70087e-54,6.69234e-54
6.69909e-62,1.61014e-60,2.78604e-63,-6.92964e-64,1.33430e-61,1.92401e-58,4.50643e-57,8.20716e-60,-2.86552e-61,3.81462e-58,3.60565e-56,8.41558e-55,1.54313e-57,-3.57833e-59,7.15040e-56,6.69234e-54,1.55544e-52,2.87546e-55,-4.43146e-57,1.32743e-53
1.33430e-61,3.20614e-60,5.55119e-63,6.69909e-62,1.97323e-61,3.81462e-58,8.93617e-57,1.62696e-59,1.92401e-58,5.63189e-58,7.15040e-56,1.66931e-54,3.05957e-57,3.60565e-56,1.05637e-55,1.32743e-53,3.08623e-52,5.70189e-55,6.69234e-54,1.96201e-53
1.97323e-61,4.74215e-60,8.20853e-63,1.33430e-61,2.57341e-61,5.63189e-58,1.31978e-56,2.40131e-59,3.81462e-58,7.33781e-58,1.05637e-55,2.46726e-54,4.51834e-57,7.15040e-56,1.37745e-55,1.96201e-53,4.56411e-52,8.42362e-55,1.32743e-53,2.55970e-53
2.57341e-61,6.18657e-60,1.07024e-62,1.97323e-61,3.12143e-61,7.33781e-58,1.72033e-56,3.12744e-59,5.63189e-58,8.89369e-58,1.37745e-55,3.21900e-54,5.88874e-57,1.05637e-55,1.67065e-55,2.55970e-53,5.95862e-52,1.09829e-54,1.96201e-53,3.10574e-53
3.12143e-61,7.50710e-60,1.29769e-62,2.57341e-61,3.60399e-61,8.89369e-58,2.08616e-56,3.78886e-59,7.33781e-58,1.02610e-57,1.67065e-55,3.90666e-54,7.13817e-57,1.37745e-55,1.92764e-55,3.10574e-53,7.23539e-52,1.33166e-54,2.55970e-53,3.58384e-53
3.60399e-61,8.67144e-60,1.49775e-62,3.12143e-61,4.00845e-61,1.02610e-57,2.40812e-56,4.36937e-59,8.89369e-58,1.14029e-57,1.92764e-55,4.51052e-54,8.23148e-57,1.67065e-55,2.13907e-55,3.58384e-53,8.35582e-52,1.53557e-54,3.10574e-53,3.97631e-53
4.00845e-61,9.64852e-60,1.66525e-62,3.60399e-61,4.32345e-61,1.14029e-57,2.67738e-56,4.85356e-59,1.02610e-57,1.22861e-57,2.13907e-55,5.00826e-54,9.12946e-57,1.92764e-55,2.29351e-55,3.97631e-53,9.27768e-52,1.70262e-54,3.58384e-53,4.26491e-53
4.32345e-61,1.04102e-59,1.79559e-62,4.00845e-61,4.53961e-61,1.22861e-57,2.88588e-56,5.22768e-59,1.14029e-57,1.28762e-57,2.29351e-55,5.37256e-54,9.78420e-57,2.13907e-55,2.36782e-55,4.26491e-53,9.95718e-52,1.82520e-54,3.97631e-53,4.38762e-53
4.53961e-61,1.09333e-59,1.88498e-62,4.32345e-61,4.62195e-61,1.28762e-57,3.02527e-56,5.47758e-59,1.22861e-57,1.30813e-57,2.36782e-55,5.54863e-54,1.00980e-56,2.29351e-55,2.36933e-55,4.38762e-53,1.02478e-51,1.87704e-54,4.26491e-53,4.37330e-53
-1.87746e-62,-4.52323e-61,-7.79262e-64,-1.91021e-62,-1.79064e-62,-5.47491e-59,-1.28705e-57,-2.32777e-60,-5.56155e-59,-5.22565e-59,-1.00948e-56,-2.36713e-55,-4.30232e-58,-1.00998e-56,-9.78167e-57,-1.87665e-54,-4.38679e-53,-8.02203e-56,-1.87029e-54,-1.82489e-54
-1.79064e-62,-4.31268e-61,-7.43461e-64,-1.87746e-62,-1.66278e-62,-5.22565e-59,-1.22817e-57,-2.22225e-60,-5.47491e-59,-4.85233e-59,-9.78167e-57,-2.29297e-55,-4.17010e-58,-1.00948e-56,-9.12788e-57,-1.82489e-54,-4.26425e-53,-7.80328e-56,-1.87665e-54,-1.70243e-54
-1.66278e-62,-4.00306e-61,-6.90645e-64,-1.79064e-62,-1.49753e-62,-4.85233e-59,-1.14002e-57,-2.06415e-60,-5.22565e-59,-4.36900e-59,-9.12788e-57,-2.13873e-55,-3.89297e-58,-9.78167e-57,-8.23096e-57,-1.70243e-54,-3.97589e-53,-7.28321e-56,-1.82489e-54,-1.53550e-54
-1.49753e-62,-3.60348e-61,-6.22284e-64,-1.66278e-62,-1.29943e-62,-4.36900e-59,-1.02602e-57,-1.85926e-60,-4.85233e-59,-3.78933e-59,-8.23096e-57,-1.92753e-55,-3.51214e-58,-9.12788e-57,-7.13869e-57,-1.53550e-54,-3.58369e-53,-6.57296e-56,-1.70243e-54,-1.33172e-54
-1.29943e-62,-3.12519e-61,-5.40226e-64,-1.49753e-62,-1.07361e-62,-3.78933e-59,-8.89470e-58,-1.61325e-60,-4.36900e-59,-3.12864e-59,-7.13869e-57,-1.67076e-55,-3.04765e-58,-8.23096e-57,-5.89021e-57,-1.33172e-54,-3.10587e-53,-5.70424e-56,-1.53550e-54,-1.09847e-54
-1.07361e-62,-2.58076e-61,-4.46563e-64,-1.29943e-62,-8.25526e-63,-3.12864e-59,-7.34042e-58,-1.33254e-60,-3.78933e-59,-2.40313e-59,-5.89021e-57,-1.37777e-55,-2.51595e-58,-7.13869e-57,-4.52060e-57,-1.09847e-54,-2.56008e-53,-4.70809e-56,-1.33172e-54,-8.42641e-55
-8.25526e-63,-1.98340e-61,-3.43537e-64,-1.07361e-62,-5.60729e-63,-2.40313e-59,-5.63583e-58,-1.02392e-60,-3.12864e-59,-1.62924e-59,-4.52060e-57,-1.05686e-55,-1.93183e-58,-5.89021e-57,-3.06243e-57,-8.42641e-55,-1.96261e-53,-3.61363e-56,-1.09847e-54,-5.70543e-55
-5.60729e-63,-1.34652e-61,-2.33461e-64,-8.25526e-63,-2.84779e-63,-1.62924e-59,-3.81955e-58,-6.94401e-61,-2.40313e-59,-8.23280e-60,-3.06243e-57,-7.15651e-56,-1.30919e-58,-4.52060e-57,-1.54636e-57,-5.70543e-55,-1.32819e-53,-2.44786e-56,-8.42641e-55,-2.87947e-55
-2.84779e-63,-6.83357e-62,-1.18663e-64,-5.60729e-63,-3.18186e-65,-8.23280e-60,-1.92954e-58,-3.50983e-61,-1.62924e-59,-1.32953e-62,-1.54636e-57,-3.61254e-56,-6.61256e-59,-3.06243e-57,-1.67420e-60,-2.87947e-55,-6.70087e-54,-1.23580e-56,-5.70543e-55,-2.08341e-58
-3.18186e-65,-6.92964e-64,-1.46562e-66,-2.84779e-63,2.78604e-63,-1.32953e-62,-2.86552e-61,-6.15782e-64,-8.23280e-60,8.20716e-60,-1.67420e-60,-3.57833e-59,-7.81239e-62,-1.54636e-57,1.54313e-57,-2.08341e-58,-4.43146e-57,-9.78282e-60,-2.87947e-55,2.87546e-55
2.78604e-63,6.69909e-62,1.15819e-64,-3.18186e-65,5.55119e-63,8.20716e-60,1.92401e-58,3.49795e-61,-1.32953e-62,1.62696e-59,1.54313e-57,3.60565e-56,6.59751e-59,-1.67420e-60,3.05957e-57,2.87546e-55,6.69234e-54,1.23392e-56,-2.08341e-58,5.70189e-55
5.55119e-63,1.33430e-61,2.30878e-64,2.78604e-63,8.20853e-63,1.62696e-59,3.81462e-58,6.93344e-61,8.20716e-60,2.40131e-59,3.05957e-57,7.15040e-56,1.30786e-58,1.54313e-57,4.51834e-57,5.70189e-55,1.32743e-53,2.44620e-56,2.87546e-55,8.42362e-55
8.20853e-63,1.97323e-61,3.41386e-64,5.55119e-63,1.07024e-62,2.40131e-59,5.63189e-58,1.02308e-60,1.62696e-59,3.12744e-59,4.51834e-57,1.05637e-55,1.93078e-58,3.05957e-57,5.88874e-57,8.42362e-55,1.96201e-53,3.61232e-56,5.70189e-55,1.09829e-54
1.07024e-62,2.57341e-61,4.45009e-64,8.20853e-63,1.29769e-62,3.12744e-59,7.33781e-58,1.33198e-60,2.40131e-59,3.78886e-59,5.88874e-57,1.37745e-55,2.51527e-58,4.51834e-57,7.13817e-57,1.09829e-54,2.55970e-53,4.70725e-56,8.42362e-55,1.33166e-54
1.29769e-62,3.12143e-61,5.39428e-64,1.07024e-62,1.49775e-62,3.78886e-59,8.89369e-58,1.61304e-60,3.12744e-59,4.36937e-59,7.13817e-57,1.67065e-55,3.04741e-58,5.88874e-57,8.23148e-57,1.33166e-54,3.10574e-53,5.70397e-56,1.09829e-54,1.53557e-54
1.49775e-62,3.60399e-61,6.22390e-64,1.29769e-62,1.66525e-62,4.36937e-59,1.02610e-57,1.85943e-60,3.78886e-59,4.85356e-59,8.23148e-57,1.92764e-55,3.51238e-58,7.13817e-57,9.12946e-57,1.53557e-54,3.58384e-53,6.57329e-56,1.33166e-54,1.70262e-54
1.66525e-62,4.00845e-61,6.91783e-64,1.49775e-62,1.79559e-62,4.85356e-59,1.14029e-57,2.06472e-60,4.36937e-59,5.22768e-59,9.12946e-57,2.13907e-55,3.89370e-58,8.23148e-57,9.78420e-57,1.70262e-54,3.97631e-53,7.28414e-56,1.53557e-54,1.82520e-54
1.79559e-62,4.32345e-61,7.45737e-64,1.66525e-62,1.88498e-62,5.22768e-59,1.22861e-57,2.22319e-60,4.85356e-59,5.47758e-59,9.78420e-57,2.29351e-55,4.17128e-58,9.12946e-57,1.00980e-56,1.82520e-54,4.26491e-53,7.80473e-56,1.70262e-54,1.87704e-54
1.88498e-62,4.53961e-61,7.82725e-64,1.79559e-62,1.91902e-62,5.47758e-59,1.28762e-57,2.32901e-60,5.22768e-59,5.56447e-59,1.00980e-56,2.36782e-55,4.30382e-58,9.78420e-57,1.01032e-56,1.87704e-54,4.38762e-53,8.02384e-56,1.82520e-54,1.87070e-54
-7.79262e-64,-1.87746e-62,-3.23433e-65,-7.92752e-64,-7.43461e-64,-2.32777e-60,-5.47491e-59,-9.89222e-62,-2.36449e-60,-2.22225e-60,-4.30232e-58,-1.00948e-56,-1.83254e-59,-4.30400e-58,-4.17010e-58,-8.02203e-56,-1.87665e-54,-3.42662e-57,-7.99402e-56,-7.80328e-56
-7.43461e-64,-1.79064e-62,-3.08666e-65,-7.79262e-64,-6.90645e-64,-2.22225e-60,-5.22565e-59,-9.44549e-62,-2.32777e-60,-2.06415e-60,-4.17010e-58,-9.78167e-57,-1.77669e-59,-4.30232e-58,-3.89297e-58,-7.80328e-56,-1.82489e-54,-3.33413e-57,-8.02203e-56,-7.28321e-56
-6.90645e-64,-1.66278e-62,-2.86845e-65,-7.43461e-64,-6.22284e-64,-2.06415e-60,-4.85233e-59,-8.77596e-62,-2.22225e-60,-1.85926e-60,-3.89297e-58,-9.12788e-57,-1.65922e-59,-4.17010e-58,-3.51214e-58,-7.28321e-56,-1.70243e-54,-3.11329e-57,-7.80328e-56,-6.57296e-56
-6.22284e-64,-1.49753e-62,-2.58562e-65,-6.90645e-64,-5.40226e-64,-1.85926e-60,-4.36900e-59,-7.90757e-62,-2.06415e-60,-1.61325e-60,-3.51214e-58,-8.23096e-57,-1.49755e-59,-3.89297e-58,-3.04765e-58,-6.57296e-56,-1.53550e-54,-2.81116e-57,-7.28321e-56,-5.70424e-56
-5.40226e-64,-1.29943e-62,-2.24568e-65,-6.22284e-64,-4.46563e-64,-1.61325e-60,-3.78933e-59,-6.86387e-62,-1.85926e-60,-1.33254e-60,-3.04765e-58,-7.13869e-57,-1.30010e-59,-3.51214e-58,-2.51595e-58,-5.70424e-56,-1.33172e-54,-2.44100e-57,-6.57296e-56,-4.70809e-56
-4.46563e-64,-1.07361e-62,-1.85718e-65,-5.40226e-64,-3.43537e-64,-1.33254e-60,-3.12864e-59,-5.67163e-62,-1.61325e-60,-1.02392e-60,-2.51595e-58,-5.89021e-57,-1.07378e-59,-3.04765e-58,-1.93183e-58,-4.70809e-56,-1.09847e-54,-2.01584e-57,-5.70424e-56,-3.61363e-56
-3.43537e-64,-8.25526e-63,-1.42938e-65,-4.46563e-64,-2.33461e-64,-1.02392e-60,-2.40313e-59,-4.35957e-62,-1.33254e-60,-6.94401e-61,-1.93183e-58,-4.52060e-57,-8.24823e-60,-2.51595e-58,-1.30919e-58,-3.61363e-56,-8.42641e-55,-1.54801e-57,-4.70809e-56,-2.44786e-56
-2.33461e-64,-5.60729e-63,-9.71874e-66,-3.43537e-64,-1.18663e-64,-6.94401e-61,-1.62924e-59,-2.95741e-62,-1.02392e-60,-3.50983e-61,-1.30919e-58,-3.06243e-57,-5.59166e-60,-1.93183e-58,-6.61256e-59,-2.44786e-56,-5.70543e-55,-1.04904e-57,-3.61363e-56,-1.23580e-56
-1.18663e-64,-2.84779e-63,-4.94411e-66,-2.33461e-64,-1.46562e-66,-3.50983e-61,-8.23280e-60,-1.49518e-62,-6.94401e-61,-6.15782e-64,-6.61256e-59,-1.54636e-57,-2.82502e-60,-1.30919e-58,-7.81239e-62,-1.23580e-56,-2.87947e-55,-5.29760e-58,-2.44786e-56,-9.78282e-60
-1.46562e-66,-3.18186e-65,-6.77165e-68,-1.18663e-64,1.15819e-64,-6.15782e-64,-1.32953e-62,-2.84890e-65,-3.50983e-61,3.49795e-61,-7.81239e-62,-1.67420e-60,-3.63645e-63,-6.61256e-59,6.59751e-59,-9.78282e-60,-2.08341e-58,-4.58553e-61,-1.23580e-56,1.23392e-56
1.15819e-64,2.78604e-63,4.81272e-66,-1.46562e-66,2.30878e-64,3.49795e-61,8.20716e-60,1.48968e-62,-6.15782e-64,6.93344e-61,6.59751e-59,1.54313e-57,2.81801e-60,-7.81239e-62,1.30786e-58,1.23392e-56,2.87546e-55,5.28878e-58,-9.78282e-60,2.44620e-56
2.30878e-64,5.55119e-63,9.59944e-66,1.15819e-64,3.41386e-64,6.93344e-61,1.62696e-59,2.95252e-62,3.49795e-61,1.02308e-60,1.30786e-58,3.05957e-57,5.58546e-60,6.59751e-59,1.93078e-58,2.44620e-56,5.70189e-55,1.04826e-57,1.23392e-56,3.61232e-56
3.41386e-64,8.20853e-63,1.41945e-65,2.30878e-64,4.45009e-64,1.02308e-60,2.40131e-59,4.35566e-62,6.93344e-61,1.33198e-60,1.93078e-58,4.51834e-57,8.24332e-60,1.30786e-58,2.51527e-58,3.61232e-56,8.42362e-55,1.54740e-57,2.44620e-56,4.70725e-56
4.45009e-64,1.07024e-62,1.85002e-65,3.41386e-64,5.39428e-64,1.33198e-60,3.12744e-59,5.66904e-62,1.02308e-60,1.61304e-60,2.51527e-58,5.88874e-57,1.07346e-59,1.93078e-58,3.04741e-58,4.70725e-56,1.09829e-54,2.01545e-57,3.61232e-56,5.70397e-56
5.39428e-64,1.29769e-62,2.24201e-65,4.45009e-64,6.22390e-64,1.61304e-60,3.78886e-59,6.86289e-62,1.33198e-60,1.85943e-60,3.04741e-58,7.13817e-57,1.29999e-59,2.51527e-58,3.51238e-58,5.70397e-56,1.33166e-54,2.44087e-57,4.70725e-56,6.57329e-56
6.22390e-64,1.49775e-62,2.58612e-65,5.39428e-64,6.91783e-64,1.85943e-60,4.36937e-59,7.90837e-62,1.61304e-60,2.06472e-60,3.51238e-58,8.23148e-57,1.49767e-59,3.04741e-58,3.89370e-58,6.57329e-56,1.53557e-54,2.81132e-57,5.70397e-56,7.28414e-56
6.91783e-64,1.66525e-62,2.87371e-65,6.22390e-64,7.45737e-64,2.06472e-60,4.85356e-59,8.77859e-62,1.85943e-60,2.22319e-60,3.89370e-58,9.12946e-57,1.65956e-59,3.51238e-58,4.17128e-58,7.28414e-56,1.70262e-54,3.11373e-57,6.57329e-56,7.80473e-56
7.45737e-64,1.79559e-62,3.09717e-65,6.91783e-64,7.82725e-64,2.22319e-60,5.22768e-59,9.44984e-62,2.06472e-60,2.32901e-60,4.17128e-58,9.78420e-57,1.77724e-59,3.89370e-58,4.30382e-58,7.80473e-56,1.82520e-54,3.33481e-57,7.28414e-56,8.02384e-56
7.82725e-64,1.88498e-62,3.25031e-65,7.45737e-64,7.96812e-64,2.32901e-60,5.47758e-59,9.89794e-62,2.22319e-60,2.36584e-60,4.30382e-58,1.00980e-56,1.83324e-59,4.17128e-58,4.30561e-58,8.02384e-56,1.87704e-54,3.42747e-57,7.80473e-56,7.99595e-56
-3.23433e-65,-7.79262e-64,-1.34235e-66,-3.28990e-65,-3.08666e-65,-9.89222e-62,-2.32777e-60,-4.20188e-63,-1.00478e-61,-9.44549e-62,-1.83254e-59,-4.30232e-58,-7.80119e-61,-1.83309e-59,-1.77669e-59,-3.42662e-57,-8.02203e-56,-1.46266e-58,-3.41436e-57,-3.33413e-57
-3.08666e-65,-7.43461e-64,-1.28144e-66,-3.23433e-65,-2.86845e-65,-9.44549e-62,-2.22225e-60,-4.01276e-63,-9.89222e-62,-8.77596e-62,-1.77669e-59,-4.17010e-58,-7.56518e-61,-1.83254e-59,-1.65922e-59,-3.33413e-57,-7.80328e-56,-1.42354e-58,-3.42662e-57,-3.11329e-57
-2.86845e-65,-6.90645e-64,-1.19127e-66,-3.08666e-65,-2.58562e-65,-8.77596e-62,-2.06415e-60,-3.72926e-63,-9.44549e-62,-7.90757e-62,-1.65922e-59,-3.89297e-58,-7.06729e-61,-1.77669e-59,-1.49755e-59,-3.11329e-57,-7.28321e-56,-1.32978e-58,-3.33413e-57,-2.81116e-57
-2.58562e-65,-6.22284e-64,-1.07424e-66,-2.86845e-65,-2.24568e-65,-7.90757e-62,-1.85926e-60,-3.36128e-63,-8.77596e-62,-6.86387e-62,-1.49755e-59,-3.51214e-58,-6.38115e-61,-1.65922e-59,-1.30010e-59,-2.81116e-57,-6.57296e-56,-1.20129e-58,-3.11329e-57,-2.44100e-57
-2.24568e-65,-5.40226e-64,-9.33405e-67,-2.58562e-65,-1.85718e-65,-6.86387e-62,-1.61325e-60,-2.91861e-63,-7.90757e-62,-5.67163e-62,-1.30010e-59,-3.04765e-58,-5.54211e-61,-1.49755e-59,-1.07378e-59,-2.44100e-57,-5.70424e-56,-1.04363e-58,-2.81116e-57,-2.01584e-57
-1.85718e-65,-4.46563e-64,-7.72270e-67,-2.24568e-65,-1.42938e-65,-5.67163e-62,-1.33254e-60,-2.41246e-63,-6.86387e-62,-4.35957e-62,-1.07378e-59,-2.51595e-58,-4.57919e-61,-1.30010e-59,-8.24823e-60,-2.01584e-57,-4.70809e-56,-8.62288e-59,-2.44100e-57,-1.54801e-57
-1.42938e-65,-3.43537e-64,-5.94648e-67,-1.85718e-65,-9.71874e-66,-4.35957e-62,-1.02392e-60,-1.85493e-63,-5.67163e-62,-2.95741e-62,-8.24823e-60,-1.93183e-58,-3.51881e-61,-1.07378e-59,-5.59166e-60,-1.54801e-57,-3.61363e-56,-6.62465e-59,-2.01584e-57,-1.04904e-57
-9.71874e-66,-2.33461e-64,-4.04528e-67,-1.42938e-65,-4.94411e-66,-2.95741e-62,-6.94401e-61,-1.25866e-63,-4.35957e-62,-1.49518e-62,-5.59166e-60,-1.30919e-58,-2.38621e-61,-8.24823e-60,-2.82502e-60,-1.04904e-57,-2.44786e-56,-4.49094e-59,-1.54801e-57,-5.29760e-58
-4.94411e-66,-1.18663e-64,-2.05987e-67,-9.71874e-66,-6.77165e-68,-1.49518e-62,-3.50983e-61,-6.36490e-64,-2.95741e-62,-2.84890e-65,-2.82502e-60,-6.61256e-59,-1.20585e-61,-5.59166e-60,-3.63645e-63,-5.29760e-58,-1.23580e-56,-2.26851e-59,-1.04904e-57,-4.58553e-61
-6.77165e-68,-1.46562e-66,-3.13648e-69,-4.94411e-66,4.81272e-66,-2.84890e-65,-6.15782e-64,-1.31740e-66,-1.49518e-62,1.48968e-62,-3.63645e-63,-7.81239e-62,-1.68902e-64,-2.82502e-60,2.81801e-60,-4.58553e-61,-9.78282e-60,-2.14492e-62,-5.29760e-58,5.28878e-58
4.81272e-66,1.15819e-64,1.99902e-67,-6.77165e-68,9.59944e-66,1.48968e-62,3.49795e-61,6.33950e-64,-2.84890e-65,2.95252e-62,2.81801e-60,6.59751e-59,1.20260e-61,-3.63645e-63,5.58546e-60,5.28878e-58,1.23392e-56,2.26438e-59,-4.58553e-61,1.04826e-57
9.59944e-66,2.30878e-64,3.99006e-67,4.81272e-66,1.41945e-65,2.95252e-62,6.93344e-61,1.25640e-63,1.48968e-62,4.35566e-62,5.58546e-60,1.30786e-58,2.38333e-61,2.81801e-60,8.24332e-60,1.04826e-57,2.44620e-56,4.48730e-59,5.28878e-58,1.54740e-57
1.41945e-65,3.41386e-64,5.90056e-67,9.59944e-66,1.85002e-65,4.35566e-62,1.02308e-60,1.85313e-63,2.95252e-62,5.66904e-62,8.24332e-60,1.93078e-58,3.51654e-61,5.58546e-60,1.07346e-59,1.54740e-57,3.61232e-56,6.62179e-59,1.04826e-57,2.01545e-57
1.85002e-65,4.45009e-64,7.68962e-67,1.41945e-65,2.24201e-65,5.66904e-62,1.33198e-60,2.41126e-63,4.35566e-62,6.86289e-62,1.07346e-59,2.51527e-58,4.57771e-61,8.24332e-60,1.29999e-59,2.01545e-57,4.70725e-56,8.62105e-59,1.54740e-57,2.44087e-57
2.24201e-65,5.39428e-64,9.31717e-67,1.85002e-65,2.58612e-65,6.86289e-62,1.61304e-60,2.91816e-63,5.66904e-62,7.90837e-62,1.29999e-59,3.04741e-58,5.54160e-61,1.07346e-59,1.49767e-59,2.44087e-57,5.70397e-56,1.04357e-58,2.01545e-57,2.81132e-57
2.58612e-65,6.22390e-64,1.07448e-66,2.24201e-65,2.87371e-65,7.90837e-62,1.85943e-60,3.36165e-63,6.86289e-62,8.77859e-62,1.49767e-59,3.51238e-58,6.38169e-61,1.29999e-59,1.65956e-59,2.81132e-57,6.57329e-56,1.20136e-58,2.44087e-57,3.11373e-57
2.87371e-65,6.91783e-64,1.19371e-66,2.58612e-65,3.09717e-65,8.77859e-62,2.06472e-60,3.73048e-63,7.90837e-62,9.44984e-62,1.65956e-59,3.89370e-58,7.06889e-61,1.49767e-59,1.77724e-59,3.11373e-57,7.28414e-56,1.32998e-58,2.81132e-57,3.33481e-57
3.09717e-65,7.45737e-64,1.28630e-66,2.87371e-65,3.25031e-65,9.44984e-62,2.22319e-60,4.01477e-63,8.77859e-62,9.89794e-62,1.77724e-59,4.17128e-58,7.56772e-61,1.65956e-59,1.83324e-59,3.33481e-57,7.80473e-56,1.42386e-58,3.11373e-57,3.42747e-57
3.25031e-65,7.82725e-64,1.34973e-66,3.09717e-65,3.30863e-65,9.89794e-62,2.32901e-60,4.20452e-63,9.44984e-62,1.00540e-61,1.83324e-59,4.30382e-58,7.80442e-61,1.77724e-59,1.83383e-59,3.42747e-57,8.02384e-56,1.46306e-58,3.33481e-57,3.41526e-57
-1.34235e-66,-3.23433e-65,-5.57083e-68,-1.36524e-66,-1.28144e-66,-4.20188e-63,-9.89222e-62,-1.78401e-64,-4.26780e-63,-4.01276e-63,-7.80119e-61,-1.83254e-59,-3.31919e-62,-7.80284e-61,-7.56518e-61,-1.46266e-58,-3.42662e-57,-6.23923e-60,-1.45731e-58,-1.42354e-58
-1.28144e-66,-3.08666e-65,-5.31956e-68,-1.34235e-66,-1.19127e-66,-4.01276e-63,-9.44549e-62,-1.70395e-64,-4.20188e-63,-3.72926e-63,-7.56518e-61,-1.77669e-59,-3.21944e-62,-7.80119e-61,-7.06729e-61,-1.42354e-58,-3.33413e-57,-6.07374e-60,-1.46266e-58,-1.32978e-58
-1.19127e-66,-2.86845e-65,-4.94695e-68,-1.28144e-66,-1.07424e-66,-3.72926e-63,-8.77596e-62,-1.58392e-64,-4.01276e-63,-3.36128e-63,-7.06729e-61,-1.65922e-59,-3.00844e-62,-7.56518e-61,-6.38115e-61,-1.32978e-58,-3.11329e-57,-5.67566e-60,-1.42354e-58,-1.20129e-58
-1.07424e-66,-2.58562e-65,-4.46268e-68,-1.19127e-66,-9.33405e-67,-3.36128e-63,-7.90757e-62,-1.42802e-64,-3.72926e-63,-2.91861e-63,-6.38115e-61,-1.49755e-59,-2.71730e-62,-7.06729e-61,-5.54211e-61,-1.20129e-58,-2.81116e-57,-5.12940e-60,-1.32978e-58,-1.04363e-58
-9.33405e-67,-2.24568e-65,-3.87921e-68,-1.07424e-66,-7.72270e-67,-2.91861e-63,-6.86387e-62,-1.24033e-64,-3.36128e-63,-2.41246e-63,-5.54211e-61,-1.30010e-59,-2.36088e-62,-6.38115e-61,-4.57919e-61,-1.04363e-58,-2.44100e-57,-4.45823e-60,-1.20129e-58,-8.62288e-59
-7.72270e-67,-1.85718e-65,-3.21090e-68,-9.33405e-67,-5.94648e-67,-2.41246e-63,-5.67163e-62,-1.02553e-64,-2.91861e-63,-1.85493e-63,-4.57919e-61,-1.07378e-59,-1.95140e-62,-5.54211e-61,-3.51881e-61,-8.62288e-59,-2.01584e-57,-3.68518e-60,-1.04363e-58,-6.62465e-59
-5.94648e-67,-1.42938e-65,-2.47351e-68,-7.72270e-67,-4.04528e-67,-1.85493e-63,-4.35957e-62,-7.88749e-65,-2.41246e-63,-1.25866e-63,-3.51881e-61,-8.24823e-60,-1.50002e-62,-4.57919e-61,-2.38621e-61,-6.62465e-59,-1.54801e-57,-2.83232e-60,-8.62288e-59,-4.49094e-59
-4.04528e-67,-9.71874e-66,-1.68359e-68,-5.94648e-67,-2.05987e-67,-1.25866e-63,-2.95741e-62,-5.35332e-65,-1.85493e-63,-6.36490e-64,-2.38621e-61,-5.59166e-60,-1.01749e-62,-3.51881e-61,-1.20585e-61,-4.49094e-59,-1.04904e-57,-1.92069e-60,-6.62465e-59,-2.26851e-59
-2.05987e-67,-4.94411e-66,-8.58184e-69,-4.04528e-67,-3.13648e-69,-6.36490e-64,-1.49518e-62,-2.70771e-65,-1.25866e-63,-1.31740e-66,-1.20585e-61,-2.82502e-60,-5.14295e-63,-2.38621e-61,-1.68902e-64,-2.26851e-59,-5.29760e-58,-9.70432e-61,-4.49094e-59,-2.14492e-62
-3.13648e-69,-6.77165e-68,-1.45504e-70,-2.05987e-67,1.99902e-67,-1.31740e-66,-2.84890e-65,-6.09221e-68,-6.36490e-64,6.33950e-64,-1.68902e-64,-3.63645e-63,-7.83157e-66,-1.20585e-61,1.20260e-61,-2.14492e-62,-4.58553e-61,-1.00110e-63,-2.26851e-59,2.26438e-59
1.99902e-67,4.81272e-66,8.29963e-69,-3.13648e-69,3.99006e-67,6.33950e-64,1.48968e-62,2.69597e-65,-1.31740e-66,1.25640e-63,1.20260e-61,2.81801e-60,5.12787e-63,-1.68902e-64,2.38333e-61,2.26438e-59,5.28878e-58,9.68507e-61,-2.14492e-62,4.48730e-59
3.99006e-67,9.59944e-66,1.65800e-68,1.99902e-67,5.90056e-67,1.25640e-63,2.95252e-62,5.34287e-65,6.33950e-64,1.85313e-63,2.38333e-61,5.58546e-60,1.01615e-62,1.20260e-61,3.51654e-61,4.48730e-59,1.04826e-57,1.91899e-60,2.26438e-59,6.62179e-59
5.90056e-67,1.41945e-65,2.45225e-68,3.99006e-67,7.68962e-67,1.85313e-63,4.35566e-62,7.87915e-65,1.25640e-63,2.41126e-63,3.51654e-61,8.24332e-60,1.49897e-62,2.38333e-61,4.57771e-61,6.62179e-59,1.54740e-57,2.83099e-60,4.48730e-59,8.62105e-59
7.68962e-67,1.85002e-65,3.19562e-68,5.90056e-67,9.31717e-67,2.41126e-63,5.66904e-62,1.02498e-64,1.85313e-63,2.91816e-63,4.57771e-61,1.07346e-59,1.95072e-62,3.51654e-61,5.54160e-61,8.62105e-59,2.01545e-57,3.68433e-60,6.62179e-59,1.04357e-58
9.31717e-67,2.24201e-65,3.87145e-68,7.68962e-67,1.07448e-66,2.91816e-63,6.86289e-62,1.24012e-64,2.41126e-63,3.36165e-63,5.54160e-61,1.29999e-59,2.36065e-62,4.57771e-61,6.38169e-61,1.04357e-58,2.44087e-57,4.45795e-60,8.62105e-59,1.20136e-58
1.07448e-66,2.58612e-65,4.46387e-68,9.31717e-67,1.19371e-66,3.36165e-63,7.90837e-62,1.42819e-64,2.91816e-63,3.73048e-63,6.38169e-61,1.49767e-59,2.71755e-62,5.54160e-61,7.06889e-61,1.20136e-58,2.81132e-57,5.12974e-60,1.04357e-58,1.32998e-58
1.19371e-66,2.87371e-65,4.95832e-68,1.07448e-66,1.28630e-66,3.73048e-63,8.77859e-62,1.58448e-64,3.36165e-63,4.01477e-63,7.06889e-61,1.65956e-59,3.00918e-62,6.38169e-61,7.56772e-61,1.32998e-58,3.11373e-57,5.67661e-60,1.20136e-58,1.42386e-58
1.28630e-66,3.09717e-65,5.34210e-68,1.19371e-66,1.34973e-66,4.01477e-63,9.44984e-62,1.70488e-64,3.73048e-63,4.20452e-63,7.56772e-61,1.77724e-59,3.22062e-62,7.06889e-61,7.80442e-61,1.42386e-58,3.33481e-57,6.07522e-60,1.32998e-58,1.46306e-58
1.34973e-66,3.25031e-65,5.60499e-68,1.28630e-66,1.37389e-66,4.20452e-63,9.89794e-62,1.78523e-64,4.01477e-63,4.27069e-63,7.80442e-61,1.83324e-59,3.32068e-62,7.56772e-61,7.80630e-61,1.46306e-58,3.42747e-57,6.24107e-60,1.42386e-58,1.45773e-58
-5.57083e-68,-1.34235e-66,-2.31178e-69,-5.66513e-68,-5.31956e-68,-1.78401e-64,-4.20188e-63,-7.57093e-66,-1.81194e-64,-1.70395e-64,-3.31919e-62,-7.80119e-61,-1.41086e-63,-3.31964e-62,-3.21944e-62,-6.23923e-60,-1.46266e-58,-2.65862e-61,-6.21602e-60,-6.07374e-60
-5.31956e-68,-1.28144e-66,-2.20801e-69,-5.57083e-68,-4.94695e-68,-1.70395e-64,-4.01276e-63,-7.23172e-66,-1.78401e-64,-1.58392e-64,-3.21944e-62,-7.56518e-61,-1.36866e-63,-3.31919e-62,-3.00844e-62,-6.07374e-60,-1.42354e-58,-2.58851e-61,-6.23923e-60,-5.67566e-60
-4.94695e-68,-1.19127e-66,-2.05400e-69,-5.31956e-68,-4.46268e-68,-1.58392e-64,-3.72926e-63,-6.72353e-66,-1.70395e-64,-1.42802e-64,-3.00844e-62,-7.06729e-61,-1.27929e-63,-3.21944e-62,-2.71730e-62,-5.67566e-60,-1.32978e-58,-2.41959e-61,-6.07374e-60,-5.12940e-60
-4.46268e-68,-1.07424e-66,-1.85360e-69,-4.94695e-68,-3.87921e-68,-1.42802e-64,-3.36128e-63,-6.06320e-66,-1.58392e-64,-1.24033e-64,-2.71730e-62,-6.38115e-61,-1.15584e-63,-3.00844e-62,-2.36088e-62,-5.12940e-60,-1.20129e-58,-2.18753e-61,-5.67566e-60,-4.45823e-60
-3.87921e-68,-9.33405e-67,-1.61189e-69,-4.46268e-68,-3.21090e-68,-1.24033e-64,-2.91861e-63,-5.26768e-66,-1.42802e-64,-1.02553e-64,-2.36088e-62,-5.54211e-61,-1.00456e-63,-2.71730e-62,-1.95140e-62,-4.45823e-60,-1.04363e-58,-1.90205e-61,-5.12940e-60,-3.68518e-60
-3.21090e-68,-7.72270e-67,-1.33475e-69,-3.87921e-68,-2.47351e-68,-1.02553e-64,-2.41246e-63,-4.35662e-66,-1.24033e-64,-7.88749e-65,-1.95140e-62,-4.57919e-61,-8.30599e-64,-2.36088e-62,-1.50002e-62,-3.68518e-60,-8.62288e-59,-1.57286e-61,-4.45823e-60,-2.83232e-60
-2.47351e-68,-5.94648e-67,-1.02868e-69,-3.21090e-68,-1.68359e-68,-7.88749e-65,-1.85493e-63,-3.35155e-66,-1.02553e-64,-5.35332e-65,-1.50002e-62,-3.51881e-61,-6.38663e-64,-1.95140e-62,-1.01749e-62,-2.83232e-60,-6.62465e-59,-1.20928e-61,-3.68518e-60,-1.92069e-60
-1.68359e-68,-4.04528e-67,-7.00565e-70,-2.47351e-68,-8.58184e-69,-5.35332e-65,-1.25866e-63,-2.27523e-66,-7.88749e-65,-2.70771e-65,-1.01749e-62,-2.38621e-61,-4.33323e-64,-1.50002e-62,-5.14295e-63,-1.92069e-60,-4.49094e-59,-8.20295e-62,-2.83232e-60,-9.70432e-61
-8.58184e-69,-2.05987e-67,-3.57509e-70,-1.68359e-68,-1.45504e-70,-2.70771e-65,-6.36490e-64,-1.15107e-66,-5.35332e-65,-6.09221e-68,-5.14295e-63,-1.20585e-61,-2.19072e-64,-1.01749e-62,-7.83157e-66,-9.70432e-61,-2.26851e-59,-4.14548e-62,-1.92069e-60,-1.00110e-63
-1.45504e-70,-3.13648e-69,-6.75307e-72,-8.58184e-69,8.29963e-69,-6.09221e-68,-1.31740e-66,-2.81770e-69,-2.70771e-65,2.69597e-65,-7.83157e-66,-1.68902e-64,-3.62446e-67,-5.14295e-63,5.12787e-63,-1.00110e-63,-2.14492e-62,-4.65934e-65,-9.70432e-61,9.68507e-61
8.29963e-69,1.99902e-67,3.44415e-70,-1.45504e-70,1.65800e-68,2.69597e-65,6.33950e-64,1.14563e-66,-6.09221e-68,5.34287e-65,5.12787e-63,1.20260e-61,2.18374e-64,-7.83157e-66,1.01615e-62,9.68507e-61,2.26438e-59,4.13652e-62,-1.00110e-63,1.91899e-60
1.65800e-68,3.99006e-67,6.88697e-70,8.29963e-69,2.45225e-68,5.34287e-65,1.25640e-63,2.27040e-66,2.69597e-65,7.87915e-65,1.01615e-62,2.38333e-61,4.32705e-64,5.12787e-63,1.49897e-62,1.91899e-60,4.48730e-59,8.19505e-62,9.68507e-61,2.83099e-60
2.45225e-68,5.90056e-67,1.01884e-69,1.65800e-68,3.19562e-68,7.87915e-65,1.85313e-63,3.34770e-66,5.34287e-65,1.02498e-64,1.49897e-62,3.51654e-61,6.38176e-64,1.01615e-62,1.95072e-62,2.83099e-60,6.62179e-59,1.20867e-61,1.91899e-60,3.68433e-60
3.19562e-68,7.68962e-67,1.32769e-69,2.45225e-68,3.87145e-68,1.02498e-64,2.41126e-63,4.35407e-66,7.87915e-65,1.24012e-64,1.95072e-62,4.57771e-61,8.30284e-64,1.49897e-62,2.36065e-62,3.68433e-60,8.62105e-59,1.57247e-61,2.83099e-60,4.45795e-60
3.87145e-68,9.31717e-67,1.60833e-69,3.19562e-68,4.46387e-68,1.24012e-64,2.91816e-63,5.26671e-66,1.02498e-64,1.42819e-64,2.36065e-62,5.54160e-61,1.00445e-63,1.95072e-62,2.71755e-62,4.45795e-60,1.04357e-58,1.90193e-61,3.68433e-60,5.12974e-60
4.46387e-68,1.07448e-66,1.85419e-69,3.87145e-68,4.95832e-68,1.42819e-64,3.36165e-63,6.06399e-66,1.24012e-64,1.58448e-64,2.71755e-62,6.38169e-61,1.15595e-63,2.36065e-62,3.00918e-62,5.12974e-60,1.20136e-58,2.18769e-61,4.45795e-60,5.67661e-60
4.95832e-68,1.19371e-66,2.05930e-69,4.46387e-68,5.34210e-68,1.58448e-64,3.73048e-63,6.72613e-66,1.42819e-64,1.70488e-64,3.00918e-62,7.06889e-61,1.27963e-63,2.71755e-62,3.22062e-62,5.67661e-60,1.32998e-58,2.42003e-61,5.12974e-60,6.07522e-60
5.34210e-68,1.28630e-66,2.21846e-69,4.95832e-68,5.60499e-68,1.70488e-64,4.01477e-63,7.23602e-66,1.58448e-64,1.78523e-64,3.22062e-62,7.56772e-61,1.36921e-63,3.00918e-62,3.32068e-62,6.07522e-60,1.42386e-58,2.58920e-61,5.67661e-60,6.24107e-60
5.60499e-68,1.34973e-66,2.32758e-69,5.34210e-68,5.70510e-68,1.78523e-64,4.20452e-63,7.57657e-66,1.70488e-64,1.81328e-64,3.32068e-62,7.80442e-61,1.41155e-63,3.22062e-62,3.32124e-62,6.24107e-60,1.46306e-58,2.65948e-61,6.07522e-60,6.21798e-60
-2.31178e-69,-5.57083e-68,-1.84246e-70,-2.35071e-69,-2.20801e-69,-7.57093e-66,-1.78401e-64,-6.14444e-67,-7.68957e-66,-7.23172e-66,-1.41086e-63,-3.31919e-62,-1.10332e-64,-1.41099e-63,-1.36866e-63,-2.65862e-61,-6.23923e-60,-2.05873e-62,-2.64866e-61,-2.58851e-61
-2.20801e-69,-5.31956e-68,-1.75806e-70,-2.31178e-69,-2.05400e-69,-7.23172e-66,-1.70395e-64,-5.87113e-67,-7.57093e-66,-6.72353e-66,-1.36866e-63,-3.21944e-62,-1.08908e-64,-1.41086e-63,-1.27929e-63,-2.58851e-61,-6.07374e-60,-2.05205e-62,-2.65862e-61,-2.41959e-61
-2.05400e-69,-4.94695e-68,-1.63527e-70,-2.20801e-69,-1.85360e-69,-6.72353e-66,-1.58392e-64,-5.45510e-67,-7.23172e-66,-6.06320e-66,-1.27929e-63,-3.00844e-62,-1.01603e-64,-1.36866e-63,-1.15584e-63,-2.41959e-61,-5.67566e-60,-1.91519e-62,-2.58851e-61,-2.18753e-61
-1.85360e-69,-4.46268e-68,-1.47603e-70,-2.05400e-69,-1.61189e-69,-6.06320e-66,-1.42802e-64,-4.91805e-67,-6.72353e-66,-5.26768e-66,-1.15584e-63,-2.71730e-62,-9.17058e-65,-1.27929e-63,-1.00456e-63,-2.18753e-61,-5.12940e-60,-1.72993e-62,-2.41959e-61,-1.90205e-61
-1.61189e-69,-3.87921e-68,-1.28396e-70,-1.85360e-69,-1.33475e-69,-5.26768e-66,-1.24033e-64,-4.27238e-67,-6.06320e-66,-4.35662e-66,-1.00456e-63,-2.36088e-62,-7.96698e-65,-1.15584e-63,-8.30599e-64,-1.90205e-61,-4.45823e-60,-1.50361e-62,-2.18753e-61,-1.57286e-61
-1.33475e-69,-3.21090e-68,-1.06360e-70,-1.61189e-69,-1.02868e-69,-4.35662e-66,-1.02553e-64,-3.53343e-67,-5.26768e-66,-3.35155e-66,-8.30599e-64,-1.95140e-62,-6.58663e-65,-1.00456e-63,-6.38663e-64,-1.57286e-61,-3.68518e-60,-1.24330e-62,-1.90205e-61,-1.20928e-61
-1.02868e-69,-2.47351e-68,-8.20061e-71,-1.33475e-69,-7.00565e-70,-3.35155e-66,-7.88749e-65,-2.71838e-67,-4.35662e-66,-2.27523e-66,-6.38663e-64,-1.50002e-62,-5.06482e-65,-8.30599e-64,-4.33323e-64,-1.20928e-61,-2.83232e-60,-9.55979e-63,-1.57286e-61,-8.20295e-62
-7.00565e-70,-1.68359e-68,-5.58800e-71,-1.02868e-69,-3.57509e-70,-2.27523e-66,-5.35332e-65,-1.84552e-67,-3.35155e-66,-1.15107e-66,-4.33323e-64,-1.01749e-62,-3.43675e-65,-6.38663e-64,-2.19072e-64,-8.20295e-62,-1.92069e-60,-6.48552e-63,-1.20928e-61,-4.14548e-62
-3.57509e-70,-8.58184e-69,-2.85503e-71,-7.00565e-70,-6.75307e-72,-1.15107e-66,-2.70771e-65,-9.33784e-68,-2.27523e-66,-2.81770e-69,-2.19072e-64,-5.14295e-63,-1.73772e-65,-4.33323e-64,-3.62446e-67,-4.14548e-62,-9.70432e-61,-3.27799e-63,-8.20295e-62,-4.65934e-65
-6.75307e-72,-1.45504e-70,-5.97799e-73,-3.57509e-70,3.44415e-70,-2.81770e-69,-6.09221e-68,-2.44945e-70,-1.15107e-66,1.14563e-66,-3.62446e-67,-7.83157e-66,-3.09388e-68,-2.19072e-64,2.18374e-64,-4.65934e-65,-1.00110e-63,-3.96462e-66,-4.14548e-62,4.13652e-62
3.44415e-70,8.29963e-69,2.73914e-71,-6.75307e-72,6.88697e-70,1.14563e-66,2.69597e-65,9.29063e-68,-2.81770e-69,2.27040e-66,2.18374e-64,5.12787e-63,1.73177e-65,-3.62446e-67,4.32705e-64,4.13652e-62,9.68507e-61,3.27036e-63,-4.65934e-65,8.19505e-62
6.88697e-70,1.65800e-68,5.48304e-71,3.44415e-70,1.01884e-69,2.27040e-66,5.34287e-65,1.84132e-67,1.14563e-66,3.34770e-66,4.32705e-64,1.01615e-62,3.43148e-65,2.18374e-64,6.38176e-64,8.19505e-62,1.91899e-60,6.47881e-63,4.13652e-62,1.20867e-61
1.01884e-69,2.45225e-68,8.11366e-71,6.88697e-70,1.32769e-69,3.34770e-66,7.87915e-65,2.71504e-67,2.27040e-66,4.35407e-66,6.38176e-64,1.49897e-62,5.06066e-65,4.32705e-64,8.30284e-64,1.20867e-61,2.83099e-60,9.55453e-63,8.19505e-62,1.57247e-61
1.32769e-69,3.19562e-68,1.05738e-70,1.01884e-69,1.60833e-69,4.35407e-66,1.02498e-64,3.53123e-67,3.34770e-66,5.26671e-66,8.30284e-64,1.95072e-62,6.58394e-65,6.38176e-64,1.00445e-63,1.57247e-61,3.68433e-60,1.24296e-62,1.20867e-61,1.90193e-61
1.60833e-69,3.87145e-68,1.28084e-70,1.32769e-69,1.85419e-69,5.26671e-66,1.24012e-64,4.27155e-67,4.35407e-66,6.06399e-66,1.00445e-63,2.36065e-62,7.96606e-65,8.30284e-64,1.15595e-63,1.90193e-61,4.45795e-60,1.50350e-62,1.57247e-61,2.18769e-61
1.85419e-69,4.46387e-68,1.47658e-70,1.60833e-69,2.05930e-69,6.06399e-66,1.42819e-64,4.91875e-67,5.26671e-66,6.72613e-66,1.15595e-63,2.71755e-62,9.17159e-65,1.00445e-63,1.27963e-63,2.18769e-61,5.12974e-60,1.73006e-62,1.90193e-61,2.42003e-61
2.05930e-69,4.95832e-68,1.63998e-70,1.85419e-69,2.21846e-69,6.72613e-66,1.58448e-64,5.45738e-67,6.06399e-66,7.23602e-66,1.27963e-63,3.00918e-62,1.01633e-64,1.15595e-63,1.36921e-63,2.42003e-61,5.67661e-60,1.91557e-62,2.18769e-61,2.58920e-61
2.21846e-69,5.34210e-68,1.76732e-70,2.05930e-69,2.32758e-69,7.23602e-66,1.70488e-64,5.87490e-67,6.72613e-66,7.57657e-66,1.36921e-63,3.22062e-62,1.08954e-64,1.27963e-63,1.41155e-63,2.58920e-61,6.07522e-60,2.05264e-62,2.42003e-61,2.65948e-61
2.32758e-69,5.60499e-68,1.85643e-70,2.21846e-69,2.36918e-69,7.57657e-66,1.78523e-64,6.14929e-67,7.23602e-66,7.69574e-66,1.41155e-63,3.32068e-62,1.10389e-64,1.36921e-63,1.41174e-63,2.65948e-61,6.24107e-60,2.05943e-62,2.58920e-61,2.64957e-61
2.05224e-02,1.00765e-01,-1.47702e-03,6.17898e-02,-1.65847e-02,-1.55331e-01,-1.47770e+00,6.87194e-03,-5.85051e-01,1.69870e-01,1.48657e+00,3.22395e+01,-1.70366e-01,7.88769e+00,-2.52322e+00,-1.60079e+01,-7.54027e+02,2.64859e+00,-1.06818e+02,3.10075e+01
-1.65847e-02,-2.76269e-02,-1.98697e-03,2.05224e-02,-1.03156e-02,1.69870e-01,4.93613e-01,8.88849e-04,-1.55331e-01,3.65530e-02,-2.52322e+00,-1.20719e+01,5.15557e-02,1.48657e+00,8.09874e-02,3.10075e+01,2.58692e+02,-1.88437e+00,-1.60079e+01,-7.57263e+00
-1.03156e-02,-1.74305e-02,-1.22097e-03,-1.65847e-02,-5.13536e-03,3.65530e-02,1.25920e-01,-3.46412e-03,1.69870e-01,-1.03821e-02,8.09874e-02,-2.24603e-01,3.77407e-02,-2.52322e+00,2.76480e-01,-7.57263e+00,-3.07109e+01,-2.18470e-01,3.10075e+01,-2.73654e+00
-5.13536e-03,-8.48968e-03,-6.61228e-04,-1.03156e-02,-2.31215e-03,-1.03821e-02,-1.33687e-03,-4.03655e-03,3.65530e-02,-1.47800e-02,2.76480e-01,5.58061e-01,1.53968e-02,8.09874e-02,1.17491e-01,-2.73654e+00,-6.91385e+00,7.98765e-02,-7.57263e+00,-5.62169e-03
-2.31215e-03,-3.70845e-03,-3.28471e-04,-5.13536e-03,-9.82360e-04,-1.47800e-02,-1.97480e-02,-2.98567e-03,-1.03821e-02,-9.83279e-03,1.17491e-01,2.62295e-01,-5.32289e-04,2.76480e-01,1.61297e-02,-5.62169e-03,-1.02254e-01,1.18151e-01,-2.73654e+00,5.11126e-01
-9.82360e-04,-1.52539e-03,-1.53449e-04,-2.31215e-03,-4.01059e-04,-9.83279e-03,-1.41596e-02,-1.81457e-03,-1.47800e-02,-5.23775e-03,1.61297e-02,5.51294e-02,-6.17426e-03,1.17491e-01,-1.44328e-02,5.11126e-01,9.45636e-01,7.61621e-02,-5.62169e-03,3.36901e-01
-4.01059e-04,-6.03032e-04,-6.83220e-05,-9.82360e-04,-1.56954e-04,-5.23775e-03,-7.50640e-03,-9.76355e-04,-9.83279e-03,-2.44543e-03,-1.44328e-02,-1.20624e-02,-6.08723e-03,1.61297e-02,-1.49869e-02,3.36901e-01,6.15521e-01,2.96439e-02,5.11126e-01,1.30512e-01
-1.56954e-04,-2.29015e-04,-2.88273e-05,-4.01059e-04,-5.35256e-05,-2.44543e-03,-3.42866e-03,-4.73005e-04,-5.23775e-03,-9.31400e-04,-1.49869e-02,-1.88103e-02,-4.10058e-03,-1.44328e-02,-7.89017e-03,1.30512e-01,2.36174e-01,4.66153e-03,3.36901e-01,3.11766e-02
-5.35256e-05,-7.62741e-05,-1.03955e-05,-1.56954e-04,4.60928e-14,-9.31400e-04,-1.27825e-03,-1.86685e-04,-2.44543e-03,-5.49404e-08,-7.89017e-03,-1.03225e-02,-1.94999e-03,-1.49869e-02,-5.92357e-06,3.11766e-02,5.71548e-02,-1.98569e-03,1.30512e-01,-3.17773e-04
4.60928e-14,1.48453e-14,8.72571e-15,-5.35256e-05,5.35256e-05,-5.49404e-08,-1.26830e-07,-8.22362e-09,-9.31400e-04,9.31186e-04,-5.92357e-06,-1.30762e-05,-9.53557e-07,-7.89017e-03,7.86966e-03,-3.17773e-04,-6.56459e-04,-6.47236e-05,3.11766e-02,-3.21996e-02
5.35256e-05,7.62741e-05,1.03955e-05,4.60928e-14,1.56954e-04,9.31186e-04,1.27771e-03,1.86656e-04,-5.49404e-08,2.44472e-03,7.86966e-03,1.02737e-02,1.94689e-03,-5.92357e-06,1.49288e-02,-3.21996e-02,-5.94088e-02,1.78043e-03,-3.17773e-04,-1.33054e-01
1.56954e-04,2.29015e-04,2.88273e-05,5.35256e-05,4.01059e-04,2.44472e-03,3.42667e-03,4.72917e-04,9.31186e-04,5.23521e-03,1.49288e-02,1.86566e-02,4.09259e-03,7.86966e-03,1.42604e-02,-1.33054e-01,-2.41300e-01,-5.18105e-03,-3.21996e-02,-3.42585e-01
4.01059e-04,6.03032e-04,6.83220e-05,1.56954e-04,9.82360e-04,5.23521e-03,7.49859e-03,9.76075e-04,2.44472e-03,9.82377e-03,1.42604e-02,1.15616e-02,6.06536e-03,1.49288e-02,-1.66211e-02,-3.42585e-01,-6.22191e-01,-3.10482e-02,-1.33054e-01,-5.22530e-01
9.82360e-04,1.52539e-03,1.53449e-04,4.01059e-04,2.31215e-03,9.82377e-03,1.41287e-02,1.81369e-03,5.23521e-03,1.47481e-02,-1.66211e-02,-5.66765e-02,6.11589e-03,1.42604e-02,-1.18729e-01,-5.22530e-01,-9.43748e-01,-7.97449e-02,-3.42585e-01,-2.47252e-02
2.31215e-03,3.70845e-03,3.28471e-04,9.82360e-04,5.13536e-03,1.47481e-02,1.96250e-02,2.98296e-03,9.82377e-03,1.02696e-02,-1.18729e-01,-2.66236e-01,3.83829e-04,-1.66211e-02,-2.79083e-01,-2.47252e-02,1.77718e-01,-1.26434e-01,-5.22530e-01,2.59611e+00
5.13536e-03,8.48968e-03,6.61228e-04,2.31215e-03,1.03156e-02,1.02696e-02,8.48363e-04,4.02839e-03,1.47481e-02,-3.69428e-02,-2.79083e-01,-5.66013e-01,-1.57422e-02,-1.18729e-01,-8.59074e-02,2.59611e+00,7.17509e+00,-9.69472e-02,-2.47252e-02,6.46875e+00
1.03156e-02,1.74305e-02,1.22097e-03,5.13536e-03,1.65847e-02,-3.69428e-02,-1.27725e-01,3.44043e-03,1.02696e-02,-1.71143e-01,-8.59074e-02,2.07364e-01,-3.84176e-02,-2.79083e-01,2.52018e+00,6.46875e+00,3.18648e+01,1.68072e-01,2.59611e+00,-3.17374e+01
1.65847e-02,2.76269e-02,1.98697e-03,1.03156e-02,-2.05224e-02,-1.71143e-01,-4.99732e-01,-9.50152e-04,-3.69428e-02,1.53045e-01,2.52018e+00,1.20725e+01,-5.27156e-02,-8.59074e-02,-1.47728e+00,-3.17374e+01,-2.59209e+02,1.68017e+00,6.46875e+00,1.68366e+01
-2.05224e-02,-1.00765e-01,1.47702e-03,1.65847e-02,-6.17898e-02,1.53045e-01,1.46793e+00,-7.04174e-03,-1.71143e-01,5.82007e-01,-1.47728e+00,-3.21557e+01,1.70756e-01,2.52018e+00,-7.86915e+00,1.68366e+01,7.49075e+02,-2.76882e+00,-3.17374e+01,1.08779e+02
-1.47702e-03,2.05224e-02,-9.01284e-04,-4.36012e-04,-1.98697e-03,6.87194e-03,-1.55331e-01,2.93626e-03,9.54067e-03,8.88849e-04,-1.70366e-01,1.48657e+00,-5.20753e-02,-3.92540e-01,5.15557e-02,2.64859e+00,-1.60079e+01,5.91839e-01,8.65617e+00,-1.88437e+00
-1.98697e-03,-1.65847e-02,-4.65349e-04,-1.47702e-03,-1.22097e-03,8.88849e-04,1.69870e-01,-2.62504e-03,6.87194e-03,-3.46412e-03,5.15557e-02,-2.52322e+00,3.92479e-02,-1.70366e-01,3.77407e-02,-1.88437e+00,3.10075e+01,-7.83726e-01,2.64859e+00,-2.18470e-01
-1.22097e-03,-1.03156e-02,-2.25615e-04,-1.98697e-03,-6.61228e-04,-3.46412e-03,3.65530e-02,-2.51392e-03,8.88849e-04,-4.03655e-03,3.77407e-02,8.09874e-02,1.39824e-02,5.15557e-02,1.53968e-02,-2.18470e-01,-7.57263e+00,-7.73917e-02,-1.88437e+00,7.98765e-02
-6.61228e-04,-5.13536e-03,-1.06853e-04,-1.22097e-03,-3.28471e-04,-4.03655e-03,-1.03821e-02,-1.60323e-03,-3.46412e-03,-2.98567e-03,1.53968e-02,2.76480e-01,-7.98390e-04,3.77407e-02,-5.32289e-04,7.98765e-02,-2.73654e+00,7.89209e-02,-2.18470e-01,1.18151e-01
-3.28471e-04,-2.31215e-03,-4.95578e-05,-6.61228e-04,-1.53449e-04,-2.98567e-03,-1.47800e-02,-8.78983e-04,-4.03655e-03,-1.81457e-03,-5.32289e-04,1.17491e-01,-4.59322e-03,1.53968e-02,-6.17426e-03,1.18151e-01,-5.62169e-03,5.55731e-02,7.98765e-02,7.61621e-02
-1.53449e-04,-9.82360e-04,-2.25085e-05,-3.28471e-04,-6.83220e-05,-1.81457e-03,-9.83279e-03,-4.45142e-04,-2.98567e-03,-9.76355e-04,-6.17426e-03,1.61297e-02,-3.99745e-03,-5.32289e-04,-6.08723e-03,7.61621e-02,5.11126e-01,1.66343e-02,1.18151e-01,2.96439e-02
-6.83220e-05,-4.01059e-04,-9.98699e-06,-1.53449e-04,-2.88273e-05,-9.76355e-04,-5.23775e-03,-2.13562e-04,-1.81457e-03,-4.73005e-04,-6.08723e-03,-1.44328e-02,-2.55828e-03,-6.17426e-03,-4.10058e-03,2.96439e-02,3.36901e-01,-1.72785e-03,7.61621e-02,4.66153e-03
-2.88273e-05,-1.56954e-04,-4.25678e-06,-6.83220e-05,-1.03955e-05,-4.73005e-04,-2.44543e-03,-9.64788e-05,-9.76355e-04,-1.86685e-04,-4.10058e-03,-1.49869e-02,-1.38136e-03,-6.08723e-03,-1.94999e-03,4.66153e-03,1.30512e-01,-5.65087e-03,2.96439e-02,-1.98569e-03
-1.03955e-05,-5.35256e-05,-1.55603e-06,-2.88273e-05,8.72571e-15,-1.86685e-04,-9.31400e-04,-3.66704e-05,-4.73005e-04,-8.22362e-09,-1.94999e-03,-7.89017e-03,-5.83366e-04,-4.10058e-03,-9.53557e-07,-1.98569e-03,3.11766e-02,-3.66185e-03,4.66153e-03,-6.47236e-05
8.72571e-15,4.60928e-14,7.11588e-15,-1.03955e-05,1.03955e-05,-8.22362e-09,-5.49404e-08,-6.67171e-10,-1.86685e-04,1.86656e-04,-9.53557e-07,-5.92357e-06,-9.54527e-08,-1.94999e-03,1.94689e-03,-6.47236e-05,-3.17773e-04,-7.84240e-06,-1.98569e-03,1.78043e-03
1.03955e-05,5.35256e-05,1.55603e-06,8.72571e-15,2.88273e-05,1.86656e-04,9.31186e-04,3.66682e-05,-8.22362e-09,4.72917e-04,1.94689e-03,7.86966e-03,5.83063e-04,-9.53557e-07,4.09259e-03,1.78043e-03,-3.21996e-02,3.63767e-03,-6.47236e-05,-5.18105e-03
2.88273e-05,1.56954e-04,4.25678e-06,1.03955e-05,6.83220e-05,4.72917e-04,2.44472e-03,9.64728e-05,1.86656e-04,9.76075e-04,4.09259e-03,1.49288e-02,1.38060e-03,1.94689e-03,6.06536e-03,-5.18105e-03,-1.33054e-01,5.59287e-03,1.78043e-03,-3.10482e-02
6.83220e-05,4.01059e-04,9.98699e-06,2.88273e-05,1.53449e-04,9.76075e-04,5.23521e-03,2.13545e-04,4.72917e-04,1.81369e-03,6.06536e-03,1.42604e-02,2.55622e-03,4.09259e-03,6.11589e-03,-3.10482e-02,-3.42585e-01,1.57990e-03,-5.18105e-03,-7.97449e-02
1.53449e-04,9.82360e-04,2.25085e-05,6.83220e-05,3.28471e-04,1.81369e-03,9.82377e-03,4.45094e-04,9.76075e-04,2.98296e-03,6.11589e-03,-1.66211e-02,3.99194e-03,6.06536e-03,3.83829e-04,-7.97449e-02,-5.22530e-01,-1.69921e-02,-3.10482e-02,-1.26434e-01
3.28471e-04,2.31215e-03,4.95578e-05,1.53449e-04,6.61228e-04,2.98296e-03,1.47481e-02,8.78853e-04,1.81369e-03,4.02839e-03,3.83829e-04,-1.18729e-01,4.57889e-03,6.11589e-03,-1.57422e-02,-1.26434e-01,-2.47252e-02,-5.63416e-02,-7.97449e-02,-9.69472e-02
6.61228e-04,5.13536e-03,1.06853e-04,3.28471e-04,1.22097e-03,4.02839e-03,1.02696e-02,1.60290e-03,2.98296e-03,3.44043e-03,-1.57422e-02,-2.79083e-01,7.62922e-04,3.83829e-04,-3.84176e-02,-9.69472e-02,2.59611e+00,-8.03187e-02,-1.26434e-01,1.68072e-01
1.22097e-03,1.03156e-02,2.25615e-04,6.61228e-04,1.98697e-03,3.44043e-03,-3.69428e-02,2.51311e-03,4.02839e-03,-9.50152e-04,-3.84176e-02,-8.59074e-02,-1.40619e-02,-1.57422e-02,-5.27156e-02,1.68072e-01,6.46875e+00,7.48802e-02,-9.69472e-02,1.68017e+00
1.98697e-03,1.65847e-02,4.65349e-04,1.22097e-03,1.47702e-03,-9.50152e-04,-1.71143e-01,2.62348e-03,3.44043e-03,-7.04174e-03,-5.27156e-02,2.52018e+00,-3.93878e-02,-3.84176e-02,1.70756e-01,1.68017e+00,-3.17374e+01,7.80108e-01,1.68072e-01,-2.76882e+00
1.47702e-03,-2.05224e-02,9.01284e-04,1.98697e-03,4.36012e-04,-7.04174e-03,1.53045e-01,-2.93823e-03,-9.50152e-04,-9.79378e-03,1.70756e-01,-1.47728e+00,5.19491e-02,-5.27156e-02,3.94831e-01,-2.76882e+00,1.68366e+01,-5.97878e-01,1.68017e+00,-8.57198e+00
-9.01284e-04,-1.47702e-03,-7.67949e-05,-1.17075e-03,-4.65349e-04,2.93626e-03,6.87194e-03,-2.65250e-04,8.42988e-03,-2.62504e-03,-5.20753e-02,-1.70366e-01,-1.56992e-04,-1.58749e-01,3.92479e-02,5.91839e-01,2.64859e+00,-2.24919e-02,2.54101e+00,-7.83726e-01
-4.65349e-04,-1.98697e-03,-4.48753e-05,-9.01284e-04,-2.25615e-04,-2.62504e-03,8.88849e-04,-4.19643e-04,2.93626e-03,-2.51392e-03,3.92479e-02,5.15557e-02,5.68252e-04,-5.20753e-02,1.39824e-02,-7.83726e-01,-1.88437e+00,-5.06317e-03,5.91839e-01,-7.73917e-02
-2.25615e-04,-1.22097e-03,-2.36850e-05,-4.65349e-04,-1.06853e-04,-2.51392e-03,-3.46412e-03,-3.32376e-04,-2.62504e-03,-1.60323e-03,1.39824e-02,3.77407e-02,-5.30628e-04,3.92479e-02,-7.98390e-04,-7.73917e-02,-2.18470e-01,4.36251e-03,-7.83726e-01,7.89209e-02
-1.06853e-04,-6.61228e-04,-1.18405e-05,-2.25615e-04,-4.95578e-05,-1.60323e-03,-4.03655e-03,-2.12791e-04,-2.51392e-03,-8.78983e-04,-7.98390e-04,1.53968e-02,-1.06998e-03,1.39824e-02,-4.59322e-03,7.89209e-02,7.98765e-02,5.17097e-03,-7.73917e-02,5.55731e-02
-4.95578e-05,-3.28471e-04,-5.69970e-06,-1.06853e-04,-2.25085e-05,-8.78983e-04,-2.98567e-03,-1.20534e-04,-1.60323e-03,-4.45142e-04,-4.59322e-03,-5.32289e-04,-1.01923e-03,-7.98390e-04,-3.99745e-03,5.55731e-02,1.18151e-01,1.62260e-03,7.89209e-02,1.66343e-02
-2.25085e-05,-1.53449e-04,-2.66468e-06,-4.95578e-05,-9.98699e-06,-4.45142e-04,-1.81457e-03,-6.30454e-05,-8.78983e-04,-2.13562e-04,-3.99745e-03,-6.17426e-03,-7.34320e-04,-4.59322e-03,-2.55828e-03,1.66343e-02,7.61621e-02,-1.16266e-03,5.55731e-02,-1.72785e-03
-9.98699e-06,-6.83220e-05,-1.21235e-06,-2.25085e-05,-4.25678e-06,-2.13562e-04,-9.76355e-04,-3.10602e-05,-4.45142e-04,-9.64788e-05,-2.55828e-03,-6.08723e-03,-4.49907e-04,-3.99745e-03,-1.38136e-03,-1.72785e-03,2.96439e-02,-2.03634e-03,1.66343e-02,-5.65087e-03
-4.25678e-06,-2.88273e-05,-5.28440e-07,-9.98699e-06,-1.55603e-06,-9.64788e-05,-4.73005e-04,-1.43201e-05,-2.13562e-04,-3.66704e-05,-1.38136e-03,-4.10058e-03,-2.41243e-04,-2.55828e-03,-5.83366e-04,-5.65087e-03,4.66153e-03,-1.69984e-03,-1.72785e-03,-3.66185e-03
-1.55603e-06,-1.03955e-05,-1.96526e-07,-4.25678e-06,7.11588e-15,-3.66704e-05,-1.86685e-04,-5.51723e-06,-9.64788e-05,-6.67171e-10,-5.83366e-04,-1.94999e-03,-1.02087e-04,-1.38136e-03,-9.54527e-08,-3.66185e-03,-1.98569e-03,-9.01725e-04,-5.65087e-03,-7.84240e-06
7.11588e-15,8.72571e-15,4.82244e-15,-1.55603e-06,1.55603e-06,-6.67171e-10,-8.22362e-09,-4.05073e-11,-3.66704e-05,3.66682e-05,-9.54527e-08,-9.53557e-07,-8.54194e-09,-5.83366e-04,5.83063e-04,-7.84240e-06,-6.47236e-05,-7.25989e-07,-3.66185e-03,3.63767e-03
1.55603e-06,1.03955e-05,1.96526e-07,7.11588e-15,4.25678e-06,3.66682e-05,1.86656e-04,5.51710e-06,-6.67171e-10,9.64728e-05,5.83063e-04,1.94689e-03,1.02060e-04,-9.54527e-08,1.38060e-03,3.63767e-03,1.78043e-03,8.99604e-04,-7.84240e-06,5.59287e-03
4.25678e-06,2.88273e-05,5.28440e-07,1.55603e-06,9.98699e-06,9.64728e-05,4.72917e-04,1.43198e-05,3.66682e-05,2.13545e-04,1.38060e-03,4.09259e-03,2.41179e-04,5.83063e-04,2.55622e-03,5.59287e-03,-5.18105e-03,1.69522e-03,3.63767e-03,1.57990e-03
9.98699e-06,6.83220e-05,1.21235e-06,4.25678e-06,2.25085e-05,2.13545e-04,9.76075e-04,3.10595e-05,9.64728e-05,4.45094e-04,2.55622e-03,6.06536e-03,4.49738e-04,1.38060e-03,3.99194e-03,1.57990e-03,-3.10482e-02,2.02580e-03,5.59287e-03,-1.69921e-02
2.25085e-05,1.53449e-04,2.66468e-06,9.98699e-06,4.95578e-05,4.45094e-04,1.81369e-03,6.30435e-05,2.13545e-04,8.78853e-04,3.99194e-03,6.11589e-03,7.33885e-04,2.55622e-03,4.57889e-03,-1.69921e-02,-7.97449e-02,1.13985e-03,1.57990e-03,-5.63416e-02
4.95578e-05,3.28471e-04,5.69970e-06,2.25085e-05,1.06853e-04,8.78853e-04,2.98296e-03,1.20530e-04,4.45094e-04,1.60290e-03,4.57889e-03,3.83829e-04,1.01816e-03,3.99194e-03,7.62922e-04,-5.63416e-02,-1.26434e-01,-1.66706e-03,-1.69921e-02,-8.03187e-02
1.06853e-04,6.61228e-04,1.18405e-05,4.95578e-05,2.25615e-04,1.60290e-03,4.02839e-03,2.12780e-04,8.78853e-04,2.51311e-03,7.62922e-04,-1.57422e-02,1.06746e-03,4.57889e-03,-1.40619e-02,-8.03187e-02,-9.69472e-02,-5.24515e-03,-5.63416e-02,7.48802e-02
2.25615e-04,1.22097e-03,2.36850e-05,1.06853e-04,4.65349e-04,2.51311e-03,3.44043e-03,3.32356e-04,1.60290e-03,2.62348e-03,-1.40619e-02,-3.84176e-02,5.25271e-04,7.62922e-04,-3.93878e-02,7.48802e-02,1.68072e-01,-4.47490e-03,-8.03187e-02,7.80108e-01
4.65349e-04,1.98697e-03,4.48753e-05,2.25615e-04,9.01284e-04,2.62348e-03,-9.50152e-04,4.19611e-04,2.51311e-03,-2.93823e-03,-3.93878e-02,-5.27156e-02,-5.77540e-04,-1.40619e-02,5.19491e-02,7.80108e-01,1.68017e+00,4.87824e-03,7.48802e-02,-5.97878e-01
9.01284e-04,1.47702e-03,7.67949e-05,4.65349e-04,1.17075e-03,-2.93823e-03,-7.04174e-03,2.65233e-04,2.62348e-03,-8.43178e-03,5.19491e-02,1.70756e-01,1.45863e-04,-3.93878e-02,1.58663e-01,-5.97878e-01,-2.76882e+00,2.24720e-02,7.80108e-01,-2.54877e+00
-7.67949e-05,-9.01284e-04,-4.65140e-06,-9.49340e-05,-4.48753e-05,-2.65250e-04,2.93626e-03,-1.19956e-04,-5.51494e-05,-4.19643e-04,-1.56992e-04,-5.20753e-02,4.21445e-04,-1.47752e-03,5.68252e-04,-2.24919e-02,5.91839e-01,-9.97055e-03,-3.19543e-02,-5.06317e-03
-4.48753e-05,-4.65349e-04,-3.04269e-06,-7.67949e-05,-2.36850e-05,-4.19643e-04,-2.62504e-03,-7.99176e-05,-2.65250e-04,-3.32376e-04,5.68252e-04,3.92479e-02,-4.17725e-04,-1.56992e-04,-5.30628e-04,-5.06317e-03,-7.83726e-01,5.84797e-03,-2.24919e-02,4.36251e-03
-2.36850e-05,-2.25615e-04,-1.77564e-06,-4.48753e-05,-1.18405e-05,-3.32376e-04,-2.51392e-03,-4.80686e-05,-4.19643e-04,-2.12791e-04,-5.30628e-04,1.39824e-02,-4.72613e-04,5.68252e-04,-1.06998e-03,4.36251e-03,-7.73917e-02,2.80400e-03,-5.06317e-03,5.17097e-03
-1.18405e-05,-1.06853e-04,-9.64209e-07,-2.36850e-05,-5.69970e-06,-2.12791e-04,-1.60323e-03,-2.72337e-05,-3.32376e-04,-1.20534e-04,-1.06998e-03,-7.98390e-04,-3.62096e-04,-5.30628e-04,-1.01923e-03,5.17097e-03,7.89209e-02,1.75344e-04,4.36251e-03,1.62260e-03
-5.69970e-06,-4.95578e-05,-4.96922e-07,-1.18405e-05,-2.66468e-06,-1.20534e-04,-8.78983e-04,-1.46681e-05,-2.12791e-04,-6.30454e-05,-1.01923e-03,-4.59322e-03,-2.35622e-04,-1.06998e-03,-7.34320e-04,1.62260e-03,5.55731e-02,-8.94370e-04,5.17097e-03,-1.16266e-03
-2.66468e-06,-2.25085e-05,-2.45942e-07,-5.69970e-06,-1.21235e-06,-6.30454e-05,-4.45142e-04,-7.56011e-06,-1.20534e-04,-3.10602e-05,-7.34320e-04,-3.99745e-03,-1.39122e-04,-1.01923e-03,-4.49907e-04,-1.16266e-03,1.66343e-02,-1.00562e-03,1.62260e-03,-2.03634e-03
-1.21235e-06,-9.98699e-06,-1.17397e-07,-2.66468e-06,-5.28440e-07,-3.10602e-05,-2.13562e-04,-3.73631e-06,-6.30454e-05,-1.43201e-05,-4.49907e-04,-2.55828e-03,-7.63117e-05,-7.34320e-04,-2.41243e-04,-2.03634e-03,-1.72785e-03,-7.64419e-04,-1.16266e-03,-1.69984e-03
-5.28440e-07,-4.25678e-06,-5.32230e-08,-1.21235e-06,-1.96526e-07,-1.43201e-05,-9.64788e-05,-1.74136e-06,-3.10602e-05,-5.51723e-06,-2.41243e-04,-1.38136e-03,-3.85060e-05,-4.49907e-04,-1.02087e-04,-1.69984e-03,-5.65087e-03,-4.70612e-04,-2.03634e-03,-9.01725e-04
-1.96526e-07,-1.55603e-06,-2.03506e-08,-5.28440e-07,4.82244e-15,-5.51723e-06,-3.66704e-05,-6.78336e-07,-1.43201e-05,-4.05073e-11,-1.02087e-04,-5.83366e-04,-1.58110e-05,-2.41243e-04,-8.54194e-09,-9.01725e-04,-3.66185e-03,-2.16940e-04,-1.69984e-03,-7.25989e-07
4.82244e-15,7.11588e-15,-4.34950e-14,-1.96526e-07,1.96526e-07,-4.05073e-11,-6.67171e-10,-2.23081e-12,-5.51723e-06,5.51710e-06,-8.54194e-09,-9.54527e-08,-6.34876e-10,-1.02087e-04,1.02060e-04,-7.25989e-07,-7.84240e-06,-5.89611e-08,-9.01725e-04,8.99604e-04
1.96526e-07,1.55603e-06,2.03505e-08,4.82244e-15,5.28440e-07,5.51710e-06,3.66682e-05,6.78330e-07,-4.05073e-11,1.43198e-05,1.02060e-04,5.83063e-04,1.58091e-05,-8.54194e-09,2.41179e-04,8.99604e-04,3.63767e-03,2.16773e-04,-7.25989e-07,1.69522e-03
5.28440e-07,4.25678e-06,5.32229e-08,1.96526e-07,1.21235e-06,1.43198e-05,9.64728e-05,1.74135e-06,5.51710e-06,3.10595e-05,2.41179e-04,1.38060e-03,3.85017e-05,1.02060e-04,4.49738e-04,1.69522e-03,5.59287e-03,4.70266e-04,8.99604e-04,2.02580e-03
1.21235e-06,9.98699e-06,1.17397e-07,5.28440e-07,2.66468e-06,3.10595e-05,2.13545e-04,3.73628e-06,1.43198e-05,6.30435e-05,4.49738e-04,2.55622e-03,7.63011e-05,2.41179e-04,7.33885e-04,2.02580e-03,1.57990e-03,7.63655e-04,1.69522e-03,1.13985e-03
2.66468e-06,2.25085e-05,2.45942e-07,1.21235e-06,5.69970e-06,6.30435e-05,4.45094e-04,7.56003e-06,3.10595e-05,1.20530e-04,7.33885e-04,3.99194e-03,1.39097e-04,4.49738e-04,1.01816e-03,1.13985e-03,-1.69921e-02,1.00399e-03,2.02580e-03,-1.66706e-03
5.69970e-06,4.95578e-05,4.96922e-07,2.66468e-06,1.18405e-05,1.20530e-04,8.78853e-04,1.46679e-05,6.30435e-05,2.12780e-04,1.01816e-03,4.57889e-03,2.35565e-04,7.33885e-04,1.06746e-03,-1.66706e-03,-5.63416e-02,8.91083e-04,1.13985e-03,-5.24515e-03
1.18405e-05,1.06853e-04,9.64209e-07,5.69970e-06,2.36850e-05,2.12780e-04,1.60290e-03,2.72334e-05,1.20530e-04,3.32356e-04,1.06746e-03,7.62922e-04,3.61977e-04,1.01816e-03,5.25271e-04,-5.24515e-03,-8.03187e-02,-1.81425e-04,-1.66706e-03,-4.47490e-03
2.36850e-05,2.25615e-04,1.77564e-06,1.18405e-05,4.48753e-05,3.32356e-04,2.51311e-03,4.80681e-05,2.12780e-04,4.19611e-04,5.25271e-04,-1.40619e-02,4.72394e-04,1.06746e-03,-5.77540e-04,-4.47490e-03,7.48802e-02,-2.81426e-03,-5.24515e-03,4.87824e-03
4.48753e-05,4.65349e-04,3.04269e-06,2.36850e-05,7.67949e-05,4.19611e-04,2.62348e-03,7.99170e-05,3.32356e-04,2.65233e-04,-5.77540e-04,-3.93878e-02,4.17418e-04,5.25271e-04,1.45863e-04,4.87824e-03,7.80108e-01,-5.86310e-03,-4.47490e-03,2.24720e-02
7.67949e-05,9.01284e-04,4.65140e-06,4.48753e-05,9.49340e-05,2.65233e-04,-2.93823e-03,1.19956e-04,4.19611e-04,5.51547e-05,1.45863e-04,5.19491e-02,-4.21578e-04,-5.77540e-04,1.46670e-03,2.24720e-02,-5.97878e-01,9.96404e-03,4.87824e-03,3.21667e-02
-4.65140e-06,-7.67949e-05,-2.46978e-07,-5.48630e-06,-3.04269e-06,-1.19956e-04,-2.65250e-04,-1.20938e-05,-1.38670e-04,-7.99176e-05,4.21445e-04,-1.56992e-04,-3.84874e-05,1.20278e-03,-4.17725e-04,-9.97055e-03,-2.24919e-02,-3.25089e-04,-2.72235e-02,5.84797e-03
-3.04269e-06,-4.48753e-05,-1.75678e-07,-4.65140e-06,-1.77564e-06,-7.99176e-05,-4.19643e-04,-8.18943e-06,-1.19956e-04,-4.80686e-05,-4.17725e-04,5.68252e-04,-8.22952e-05,4.21445e-04,-4.72613e-04,5.84797e-03,-5.06317e-03,1.46848e-04,-9.97055e-03,2.80400e-03
-1.77564e-06,-2.36850e-05,-1.11498e-07,-3.04269e-06,-9.64209e-07,-4.80686e-05,-3.32376e-04,-4.95776e-06,-7.99176e-05,-2.72337e-05,-4.72613e-04,-5.30628e-04,-7.14539e-05,-4.17725e-04,-3.62096e-04,2.80400e-03,4.36251e-03,-7.52821e-05,5.84797e-03,1.75344e-04
-9.64209e-07,-1.18405e-05,-6.53849e-08,-1.77564e-06,-4.96922e-07,-2.72337e-05,-2.12791e-04,-2.81021e-06,-4.80686e-05,-1.46681e-05,-3.62096e-04,-1.06998e-03,-5.11427e-05,-4.72613e-04,-2.35622e-04,1.75344e-04,5.17097e-03,-2.18662e-04,2.80400e-03,-8.94370e-04
-4.96922e-07,-5.69970e-06,-3.61006e-08,-9.64209e-07,-2.45942e-07,-1.46681e-05,-1.20534e-04,-1.51729e-06,-2.72337e-05,-7.56011e-06,-2.35622e-04,-1.01923e-03,-3.23543e-05,-3.62096e-04,-1.39122e-04,-8.94370e-04,1.62260e-03,-2.45153e-04,1.75344e-04,-1.00562e-03
-2.45942e-07,-2.66468e-06,-1.89937e-08,-4.96922e-07,-1.17397e-07,-7.56011e-06,-6.30454e-05,-7.87397e-07,-1.46681e-05,-3.73631e-06,-1.39122e-04,-7.34320e-04,-1.87884e-05,-2.35622e-04,-7.63117e-05,-1.00562e-03,-1.16266e-03,-2.00632e-04,-8.94370e-04,-7.64419e-04
-1.17397e-07,-1.21235e-06,-9.56476e-09,-2.45942e-07,-5.32230e-08,-3.73631e-06,-3.10602e-05,-3.93383e-07,-7.56011e-06,-1.74136e-06,-7.63117e-05,-4.49907e-04,-1.01910e-05,-1.39122e-04,-3.85060e-05,-7.64419e-04,-2.03634e-03,-1.36863e-04,-1.00562e-03,-4.70612e-04
-5.32230e-08,-5.28440e-07,-4.53401e-09,-1.17397e-07,-2.03506e-08,-1.74136e-06,-1.43201e-05,-1.85693e-07,-3.73631e-06,-6.78336e-07,-3.85060e-05,-2.41243e-04,-5.10570e-06,-7.63117e-05,-1.58110e-05,-4.70612e-04,-1.69984e-03,-8.01175e-05,-7.64419e-04,-2.16940e-04
-2.03506e-08,-1.96526e-07,-1.78905e-09,-5.32230e-08,-4.34950e-14,-6.78336e-07,-5.51723e-06,-7.31294e-08,-1.74136e-06,-2.23081e-12,-1.58110e-05,-1.02087e-04,-2.08858e-06,-3.85060e-05,-6.34876e-10,-2.16940e-04,-9.01725e-04,-3.60209e-05,-4.70612e-04,-5.89611e-08
-4.34950e-14,4.82244e-15,-8.57975e-15,-2.03506e-08,2.03505e-08,-2.23081e-12,-4.05073e-11,-1.28104e-13,-6.78336e-07,6.78330e-07,-6.34876e-10,-8.54194e-09,-4.03330e-11,-1.58110e-05,1.58091e-05,-5.89611e-08,-7.25989e-07,-4.79720e-09,-2.16940e-04,2.16773e-04
2.03505e-08,1.96526e-07,1.78904e-09,-4.34950e-14,5.32229e-08,6.78330e-07,5.51710e-06,7.31291e-08,-2.23081e-12,1.74135e-06,1.58091e-05,1.02060e-04,2.08846e-06,-6.34876e-10,3.85017e-05,2.16773e-04,8.99604e-04,3.60074e-05,-5.89611e-08,4.70266e-04
5.32229e-08,5.28440e-07,4.53399e-09,2.03505e-08,1.17397e-07,1.74135e-06,1.43198e-05,1.85693e-07,6.78330e-07,3.73628e-06,3.85017e-05,2.41179e-04,5.10545e-06,1.58091e-05,7.63011e-05,4.70266e-04,1.69522e-03,8.00899e-05,2.16773e-04,7.63655e-04
1.17397e-07,1.21235e-06,9.56474e-09,5.32229e-08,2.45942e-07,3.73628e-06,3.10595e-05,3.93382e-07,1.74135e-06,7.56003e-06,7.63011e-05,4.49738e-04,1.01905e-05,3.85017e-05,1.39097e-04,7.63655e-04,2.02580e-03,1.36802e-04,4.70266e-04,1.00399e-03
2.45942e-07,2.66468e-06,1.89937e-08,1.17397e-07,4.96922e-07,7.56003e-06,6.30435e-05,7.87394e-07,3.73628e-06,1.46679e-05,1.39097e-04,7.33885e-04,1.87872e-05,7.63011e-05,2.35565e-04,1.00399e-03,1.13985e-03,2.00502e-04,7.63655e-04,8.91083e-04
4.96922e-07,5.69970e-06,3.61005e-08,2.45942e-07,9.64209e-07,1.46679e-05,1.20530e-04,1.51728e-06,7.56003e-06,2.72334e-05,2.35565e-04,1.01816e-03,3.23519e-05,1.39097e-04,3.61977e-04,8.91083e-04,-1.66706e-03,2.44889e-04,1.00399e-03,-1.81425e-04
9.64209e-07,1.18405e-05,6.53849e-08,4.96922e-07,1.77564e-06,2.72334e-05,2.12780e-04,2.81020e-06,1.46679e-05,4.80681e-05,3.61977e-04,1.06746e-03,5.11381e-05,2.35565e-04,4.72394e-04,-1.81425e-04,-5.24515e-03,2.18165e-04,8.91083e-04,-2.81426e-03
1.77564e-06,2.36850e-05,1.11498e-07,9.64209e-07,3.04269e-06,4.80681e-05,3.32356e-04,4.95775e-06,2.72334e-05,7.99170e-05,4.72394e-04,5.25271e-04,7.14468e-05,3.61977e-04,4.17418e-04,-2.81426e-03,-4.47490e-03,7.44638e-05,-1.81425e-04,-5.86310e-03
3.04269e-06,4.48753e-05,1.75678e-07,1.77564e-06,4.65140e-06,7.99170e-05,4.19611e-04,8.18942e-06,4.80681e-05,1.19956e-04,4.17418e-04,-5.77540e-04,8.22876e-05,4.72394e-04,-4.21578e-04,-5.86310e-03,4.87824e-03,-1.47869e-04,-2.81426e-03,9.96404e-03
4.65140e-06,7.67949e-05,2.46978e-07,3.04269e-06,5.48630e-06,1.19956e-04,2.65233e-04,1.20938e-05,7.99170e-05,1.38671e-04,-4.21578e-04,1.45863e-04,3.84883e-05,4.17418e-04,-1.20271e-03,9.96404e-03,2.24720e-02,3.24692e-04,-5.86310e-03,2.72282e-02
-2.46978e-07,-4.65140e-06,-1.22726e-08,-2.81156e-07,-1.75678e-07,-1.20938e-05,-1.19956e-04,-8.47584e-07,-1.39528e-05,-8.18943e-06,-3.84874e-05,4.21445e-04,-1.59807e-05,1.13168e-05,-8.22952e-05,-3.25089e-04,-9.97055e-03,1.81432e-05,-9.09331e-04,1.46848e-04
-1.75678e-07,-3.04269e-06,-9.27393e-09,-2.46978e-07,-1.11498e-07,-8.18943e-06,-7.99176e-05,-6.09469e-07,-1.20938e-05,-4.95776e-06,-8.22952e-05,-4.17725e-04,-1.36693e-05,-3.84874e-05,-7.14539e-05,1.46848e-04,5.84797e-03,-6.02052e-05,-3.25089e-04,-7.52821e-05
-1.11498e-07,-1.77564e-06,-6.29223e-09,-1.75678e-07,-6.53849e-08,-4.95776e-06,-4.80686e-05,-3.89739e-07,-8.18943e-06,-2.81021e-06,-7.14539e-05,-4.72613e-04,-9.53840e-06,-8.22952e-05,-5.11427e-05,-7.52821e-05,2.80400e-03,-7.85085e-05,1.46848e-04,-2.18662e-04
-6.53849e-08,-9.64209e-07,-3.94027e-09,-1.11498e-07,-3.61006e-08,-2.81021e-06,-2.72337e-05,-2.31034e-07,-4.95776e-06,-1.51729e-06,-5.11427e-05,-3.62096e-04,-6.16255e-06,-7.14539e-05,-3.23543e-05,-2.18662e-04,1.75344e-04,-6.96617e-05,-7.52821e-05,-2.45153e-04
-3.61006e-08,-4.96922e-07,-2.31488e-09,-6.53849e-08,-1.89937e-08,-1.51729e-06,-1.46681e-05,-1.29462e-07,-2.81021e-06,-7.87397e-07,-3.23543e-05,-2.35622e-04,-3.72307e-06,-5.11427e-05,-1.87884e-05,-2.45153e-04,-8.94370e-04,-5.21587e-05,-2.18662e-04,-2.00632e-04
-1.89937e-08,-2.45942e-07,-1.28993e-09,-3.61006e-08,-9.56476e-09,-7.87397e-07,-7.56011e-06,-6.93584e-08,-1.51729e-06,-3.93383e-07,-1.87884e-05,-1.39122e-04,-2.12290e-06,-3.23543e-05,-1.01910e-05,-2.00632e-04,-1.00562e-03,-3.49385e-05,-2.45153e-04,-1.36863e-04
-9.56476e-09,-1.17397e-07,-6.84068e-10,-1.89937e-08,-4.53401e-09,-3.93383e-07,-3.73631e-06,-3.56310e-08,-7.87397e-07,-1.85693e-07,-1.01910e-05,-7.63117e-05,-1.14640e-06,-1.87884e-05,-5.10570e-06,-1.36863e-04,-7.64419e-04,-2.13776e-05,-2.00632e-04,-8.01175e-05
-4.53401e-09,-5.32230e-08,-3.38779e-10,-9.56476e-09,-1.78905e-09,-1.85693e-07,-1.74136e-06,-1.72216e-08,-3.93383e-07,-7.31294e-08,-5.10570e-06,-3.85060e-05,-5.75476e-07,-1.01910e-05,-2.08858e-06,-8.01175e-05,-4.70612e-04,-1.17883e-05,-1.36863e-04,-3.60209e-05
-1.78905e-09,-2.03506e-08,-1.37879e-10,-4.53401e-09,-8.57975e-15,-7.31294e-08,-6.78336e-07,-6.89818e-09,-1.85693e-07,-1.28104e-13,-2.08858e-06,-1.58110e-05,-2.36247e-07,-5.10570e-06,-4.03330e-11,-3.60209e-05,-2.16940e-04,-5.14262e-06,-8.01175e-05,-4.79720e-09
-8.57975e-15,-4.34950e-14,-1.73258e-15,-1.78905e-09,1.78904e-09,-1.28104e-13,-2.23081e-12,-1.46335e-14,-7.31294e-08,7.31291e-08,-4.03330e-11,-6.34876e-10,-2.27066e-12,-2.08858e-06,2.08846e-06,-4.79720e-09,-5.89611e-08,-3.54856e-10,-3.60209e-05,3.60074e-05
1.78904e-09,2.03505e-08,1.37876e-10,-8.57975e-15,4.53399e-09,7.31291e-08,6.78330e-07,6.89815e-09,-1.28104e-13,1.85693e-07,2.08846e-06,1.58091e-05,2.36240e-07,-4.03330e-11,5.10545e-06,3.60074e-05,2.16773e-04,5.14164e-06,-4.79720e-09,8.00899e-05
4.53399e-09,5.32229e-08,3.38775e-10,1.78904e-09,9.56474e-09,1.85693e-07,1.74135e-06,1.72216e-08,7.31291e-08,3.93382e-07,5.10545e-06,3.85017e-05,5.75463e-07,2.08846e-06,1.01905e-05,8.00899e-05,4.70266e-04,1.17864e-05,3.60074e-05,1.36802e-04
9.56474e-09,1.17397e-07,6.84063e-10,4.53399e-09,1.89937e-08,3.93382e-07,3.73628e-06,3.56310e-08,1.85693e-07,7.87394e-07,1.01905e-05,7.63011e-05,1.14638e-06,5.10545e-06,1.87872e-05,1.36802e-04,7.63655e-04,2.13735e-05,8.00899e-05,2.00502e-04
1.89937e-08,2.45942e-07,1.28993e-09,9.56474e-09,3.61005e-08,7.87394e-07,7.56003e-06,6.93583e-08,3.93382e-07,1.51728e-06,1.87872e-05,1.39097e-04,2.12285e-06,1.01905e-05,3.23519e-05,2.00502e-04,1.00399e-03,3.49301e-05,1.36802e-04,2.44889e-04
3.61005e-08,4.96922e-07,2.31488e-09,1.89937e-08,6.53849e-08,1.51728e-06,1.46679e-05,1.29461e-07,7.87394e-07,2.81020e-06,3.23519e-05,2.35565e-04,3.72297e-06,1.87872e-05,5.11381e-05,2.44889e-04,8.91083e-04,5.21427e-05,2.00502e-04,2.18165e-04
6.53849e-08,9.64209e-07,3.94027e-09,3.61005e-08,1.11498e-07,2.81020e-06,2.72334e-05,2.31034e-07,1.51728e-06,4.95775e-06,5.11381e-05,3.61977e-04,6.16239e-06,3.23519e-05,7.14468e-05,2.18165e-04,-1.81425e-04,6.96339e-05,2.44889e-04,7.44638e-05
1.11498e-07,1.77564e-06,6.29223e-09,6.53849e-08,1.75678e-07,4.95775e-06,4.80681e-05,3.89739e-07,2.81020e-06,8.18942e-06,7.14468e-05,4.72394e-04,9.53820e-06,5.11381e-05,8.22876e-05,7.44638e-05,-2.81426e-03,7.84681e-05,2.18165e-04,-1.47869e-04
1.75678e-07,3.04269e-06,9.27394e-09,1.11498e-07,2.46978e-07,8.18942e-06,7.99170e-05,6.09468e-07,4.95775e-06,1.20938e-05,8.22876e-05,4.17418e-04,1.36692e-05,7.14468e-05,3.84883e-05,-1.47869e-04,-5.86310e-03,6.01657e-05,7.44638e-05,3.24692e-04
2.46978e-07,4.65140e-06,1.22726e-08,1.75678e-07,2.81156e-07,1.20938e-05,1.19956e-04,8.47584e-07,8.18942e-06,1.39528e-05,3.84883e-05,-4.21578e-04,1.59808e-05,8.22876e-05,-1.13079e-05,3.24692e-04,9.96404e-03,-1.81360e-05,-1.47869e-04,9.09591e-04
-1.22726e-08,-2.46978e-07,-5.86997e-10,-1.36230e-08,-9.27393e-09,-8.47584e-07,-1.20938e-05,-5.03356e-08,-9.53813e-07,-6.09469e-07,-1.59807e-05,-3.84874e-05,-1.84645e-06,-1.56839e-05,-1.36693e-05,1.81432e-05,-3.25089e-04,-8.43759e-06,8.25276e-05,-6.02052e-05
-9.27393e-09,-1.75678e-07,-4.63662e-10,-1.22726e-08,-6.29223e-09,-6.09469e-07,-8.18943e-06,-3.81963e-08,-8.47584e-07,-3.89739e-07,-1.36693e-05,-8.22952e-05,-1.45196e-06,-1.59807e-05,-9.53840e-06,-6.02052e-05,1.46848e-04,-1.42199e-05,1.81432e-05,-7.85085e-05
-6.29223e-09,-1.11498e-07,-3.31582e-10,-9.27393e-09,-3.94027e-09,-3.89739e-07,-4.95776e-06,-2.58424e-08,-6.09469e-07,-2.31034e-07,-9.53840e-06,-7.14539e-05,-9.81759e-07,-1.36693e-05,-6.16255e-06,-7.85085e-05,-7.52821e-05,-1.33294e-05,-6.02052e-05,-6.96617e-05
-3.94027e-09,-6.53849e-08,-2.19312e-10,-6.29223e-09,-2.31488e-09,-2.31034e-07,-2.81021e-06,-1.61418e-08,-3.89739e-07,-1.29462e-07,-6.16255e-06,-5.11427e-05,-6.19410e-07,-9.53840e-06,-3.72307e-06,-6.96617e-05,-2.18662e-04,-1.04574e-05,-7.85085e-05,-5.21587e-05
-2.31488e-09,-3.61006e-08,-1.35983e-10,-3.94027e-09,-1.28993e-09,-1.29462e-07,-1.51729e-06,-9.48103e-09,-2.31034e-07,-6.93584e-08,-3.72307e-06,-3.23543e-05,-3.69409e-07,-6.16255e-06,-2.12290e-06,-5.21587e-05,-2.45153e-04,-7.28545e-06,-6.96617e-05,-3.49385e-05
-1.28993e-09,-1.89937e-08,-7.97743e-11,-2.31488e-09,-6.84068e-10,-6.93584e-08,-7.87397e-07,-5.29659e-09,-1.29462e-07,-3.56310e-08,-2.12290e-06,-1.87884e-05,-2.09871e-07,-3.72307e-06,-1.14640e-06,-3.49385e-05,-2.00632e-04,-4.64753e-06,-5.21587e-05,-2.13776e-05
-6.84068e-10,-9.56476e-09,-4.43552e-11,-1.28993e-09,-3.38779e-10,-3.56310e-08,-3.93383e-07,-2.82266e-09,-6.93584e-08,-1.72216e-08,-1.14640e-06,-1.01910e-05,-1.13653e-07,-2.12290e-06,-5.75476e-07,-2.13776e-05,-1.36863e-04,-2.74940e-06,-3.49385e-05,-1.17883e-05
-3.38779e-10,-4.53401e-09,-2.28722e-11,-6.84068e-10,-1.37879e-10,-1.72216e-08,-1.85693e-07,-1.40648e-09,-3.56310e-08,-6.89818e-09,-5.75476e-07,-5.10570e-06,-5.74036e-08,-1.14640e-06,-2.36247e-07,-1.17883e-05,-8.01175e-05,-1.48299e-06,-2.13776e-05,-5.14262e-06
-1.37879e-10,-1.78905e-09,-9.57818e-12,-3.38779e-10,-1.73258e-15,-6.89818e-09,-7.31294e-08,-5.75480e-10,-1.72216e-08,-1.46335e-14,-2.36247e-07,-2.08858e-06,-2.37075e-08,-5.75476e-07,-2.27066e-12,-5.14262e-06,-3.60209e-05,-6.38913e-07,-1.17883e-05,-3.54856e-10
-1.73258e-15,-8.57975e-15,-2.30180e-16,-1.37879e-10,1.37876e-10,-1.46335e-14,-1.28104e-13,-2.12086e-15,-6.89818e-09,6.89815e-09,-2.27066e-12,-4.03330e-11,-1.20005e-13,-2.36247e-07,2.36240e-07,-3.54856e-10,-4.79720e-09,-2.30770e-11,-5.14262e-06,5.14164e-06
1.37876e-10,1.78904e-09,9.57770e-12,-1.73258e-15,3.38775e-10,6.89815e-09,7.31291e-08,5.75476e-10,-1.46335e-14,1.72216e-08,2.36240e-07,2.08846e-06,2.37072e-08,-2.27066e-12,5.75463e-07,5.14164e-06,3.60074e-05,6.38851e-07,-3.54856e-10,1.17864e-05
3.38775e-10,4.53399e-09,2.28716e-11,1.37876e-10,6.84063e-10,1.72216e-08,1.85693e-07,1.40647e-09,6.89815e-09,3.56310e-08,5.75463e-07,5.10545e-06,5.74031e-08,2.36240e-07,1.14638e-06,1.17864e-05,8.00899e-05,1.48287e-06,5.14164e-06,2.13735e-05
6.84063e-10,9.56474e-09,4.43546e-11,3.38775e-10,1.28993e-09,3.56310e-08,3.93382e-07,2.82265e-09,1.72216e-08,6.93583e-08,1.14638e-06,1.01905e-05,1.13652e-07,5.75463e-07,2.12285e-06,2.13735e-05,1.36802e-04,2.74917e-06,1.17864e-05,3.49301e-05
1.28993e-09,1.89937e-08,7.97737e-11,6.84063e-10,2.31488e-09,6.93583e-08,7.87394e-07,5.29658e-09,3.56310e-08,1.29461e-07,2.12285e-06,1.87872e-05,2.09869e-07,1.14638e-06,3.72297e-06,3.49301e-05,2.00502e-04,4.64709e-06,2.13735e-05,5.21427e-05
2.31488e-09,3.61005e-08,1.35982e-10,1.28993e-09,3.94027e-09,1.29461e-07,1.51728e-06,9.48102e-09,6.93583e-08,2.31034e-07,3.72297e-06,3.23519e-05,3.69405e-07,2.12285e-06,6.16239e-06,5.21427e-05,2.44889e-04,7.28466e-06,3.49301e-05,6.96339e-05
3.94027e-09,6.53849e-08,2.19312e-10,2.31488e-09,6.29223e-09,2.31034e-07,2.81020e-06,1.61418e-08,1.29461e-07,3.89739e-07,6.16239e-06,5.11381e-05,6.19405e-07,3.72297e-06,9.53820e-06,6.96339e-05,2.18165e-04,1.04562e-05,5.21427e-05,7.84681e-05
6.29223e-09,1.11498e-07,3.31582e-10,3.94027e-09,9.27394e-09,3.89739e-07,4.95775e-06,2.58424e-08,2.31034e-07,6.09468e-07,9.53820e-06,7.14468e-05,9.81754e-07,6.16239e-06,1.36692e-05,7.84681e-05,7.44638e-05,1.33278e-05,6.96339e-05,6.01657e-05
9.27394e-09,1.75678e-07,4.63663e-10,6.29223e-09,1.22726e-08,6.09468e-07,8.18942e-06,3.81963e-08,3.89739e-07,8.47584e-07,1.36692e-05,8.22876e-05,1.45196e-06,9.53820e-06,1.59808e-05,6.01657e-05,-1.47869e-04,1.42187e-05,7.84681e-05,-1.81360e-05
1.22726e-08,2.46978e-07,5.86997e-10,9.27394e-09,1.36230e-08,8.47584e-07,1.20938e-05,5.03356e-08,6.09468e-07,9.53813e-07,1.59808e-05,3.84883e-05,1.84646e-06,1.36692e-05,1.56843e-05,-1.81360e-05,3.24692e-04,8.43855e-06,6.01657e-05,-8.24801e-05
-5.86997e-10,-1.22726e-08,-2.74044e-11,-6.39964e-10,-4.63662e-10,-5.03356e-08,-8.47584e-07,-2.72552e-09,-5.53875e-08,-3.81963e-08,-1.84645e-06,-1.59807e-05,-1.46964e-07,-1.95538e-06,-1.45196e-06,-8.43759e-06,1.81432e-05,-2.38143e-06,-2.25724e-06,-1.42199e-05
-4.63662e-10,-9.27393e-09,-2.23773e-11,-5.86997e-10,-3.31582e-10,-3.81963e-08,-6.09469e-07,-2.15880e-09,-5.03356e-08,-2.58424e-08,-1.45196e-06,-1.36693e-05,-1.16490e-07,-1.84645e-06,-9.81759e-07,-1.42199e-05,-6.02052e-05,-2.27160e-06,-8.43759e-06,-1.33294e-05
-3.31582e-10,-6.29223e-09,-1.66841e-11,-4.63662e-10,-2.19312e-10,-2.58424e-08,-3.89739e-07,-1.53412e-09,-3.81963e-08,-1.61418e-08,-9.81759e-07,-9.53840e-06,-8.05790e-08,-1.45196e-06,-6.19410e-07,-1.33294e-05,-7.85085e-05,-1.76575e-06,-1.42199e-05,-1.04574e-05
-2.19312e-10,-3.94027e-09,-1.15464e-11,-3.31582e-10,-1.35983e-10,-1.61418e-08,-2.31034e-07,-1.00653e-09,-2.58424e-08,-9.48103e-09,-6.19410e-07,-6.16255e-06,-5.17900e-08,-9.81759e-07,-3.69409e-07,-1.04574e-05,-6.96617e-05,-1.25970e-06,-1.33294e-05,-7.28545e-06
-1.35983e-10,-2.31488e-09,-7.49761e-12,-2.19312e-10,-7.97743e-11,-9.48103e-09,-1.29462e-07,-6.19543e-10,-1.61418e-08,-5.29659e-09,-3.69409e-07,-3.72307e-06,-3.14006e-08,-6.19410e-07,-2.09871e-07,-7.28545e-06,-5.21587e-05,-8.34494e-07,-1.04574e-05,-4.64753e-06
-7.97743e-11,-1.28993e-09,-4.60163e-12,-1.35983e-10,-4.43552e-11,-5.29659e-09,-6.93584e-08,-3.61455e-10,-9.48103e-09,-2.82266e-09,-2.09871e-07,-2.12290e-06,-1.81236e-08,-3.69409e-07,-1.13653e-07,-4.64753e-06,-3.49385e-05,-5.18078e-07,-7.28545e-06,-2.74940e-06
-4.43552e-11,-6.84068e-10,-2.66871e-12,-7.97743e-11,-2.28722e-11,-2.82266e-09,-3.56310e-08,-2.00275e-10,-5.29659e-09,-1.40648e-09,-1.13653e-07,-1.14640e-06,-9.96660e-09,-2.09871e-07,-5.74036e-08,-2.74940e-06,-2.13776e-05,-3.02088e-07,-4.64753e-06,-1.48299e-06
-2.28722e-11,-3.38779e-10,-1.42684e-12,-4.43552e-11,-9.57818e-12,-1.40648e-09,-1.72216e-08,-1.03102e-10,-2.82266e-09,-5.75480e-10,-5.74036e-08,-5.75476e-07,-5.10480e-09,-1.13653e-07,-2.37075e-08,-1.48299e-06,-1.17883e-05,-1.61777e-07,-2.74940e-06,-6.38913e-07
-9.57818e-12,-1.37879e-10,-6.12933e-13,-2.28722e-11,-2.30180e-16,-5.75480e-10,-6.89818e-09,-4.31552e-11,-1.40648e-09,-2.12086e-15,-2.37075e-08,-2.36247e-07,-2.13025e-09,-5.74036e-08,-1.20005e-13,-6.38913e-07,-5.14262e-06,-6.94866e-08,-1.48299e-06,-2.30770e-11
-2.30180e-16,-1.73258e-15,-2.24882e-17,-9.57818e-12,9.57770e-12,-2.12086e-15,-1.46335e-14,-3.30187e-16,-5.75480e-10,5.75476e-10,-1.20005e-13,-2.27066e-12,-7.28508e-15,-2.37075e-08,2.37072e-08,-2.30770e-11,-3.54856e-10,-1.33771e-12,-6.38913e-07,6.38851e-07
9.57770e-12,1.37876e-10,6.12886e-13,-2.30180e-16,2.28716e-11,5.75476e-10,6.89815e-09,4.31546e-11,-2.12086e-15,1.40647e-09,2.37072e-08,2.36240e-07,2.13023e-09,-1.20005e-13,5.74031e-08,6.38851e-07,5.14164e-06,6.94831e-08,-2.30770e-11,1.48287e-06
2.28716e-11,3.38775e-10,1.42679e-12,9.57770e-12,4.43546e-11,1.40647e-09,1.72216e-08,1.03101e-10,5.75476e-10,2.82265e-09,5.74031e-08,5.75463e-07,5.10477e-09,2.37072e-08,1.13652e-07,1.48287e-06,1.17864e-05,1.61770e-07,6.38851e-07,2.74917e-06
4.43546e-11,6.84063e-10,2.66865e-12,2.28716e-11,7.97737e-11,2.82265e-09,3.56310e-08,2.00274e-10,1.40647e-09,5.29658e-09,1.13652e-07,1.14638e-06,9.96656e-09,5.74031e-08,2.09869e-07,2.74917e-06,2.13735e-05,3.02077e-07,1.48287e-06,4.64709e-06
7.97737e-11,1.28993e-09,4.60157e-12,4.43546e-11,1.35982e-10,5.29658e-09,6.93583e-08,3.61454e-10,2.82265e-09,9.48102e-09,2.09869e-07,2.12285e-06,1.81235e-08,1.13652e-07,3.69405e-07,4.64709e-06,3.49301e-05,5.18057e-07,2.74917e-06,7.28466e-06
1.35982e-10,2.31488e-09,7.49755e-12,7.97737e-11,2.19312e-10,9.48102e-09,1.29461e-07,6.19543e-10,5.29658e-09,1.61418e-08,3.69405e-07,3.72297e-06,3.14005e-08,2.09869e-07,6.19405e-07,7.28466e-06,5.21427e-05,8.34460e-07,4.64709e-06,1.04562e-05
2.19312e-10,3.94027e-09,1.15463e-11,1.35982e-10,3.31582e-10,1.61418e-08,2.31034e-07,1.00653e-09,9.48102e-09,2.58424e-08,6.19405e-07,6.16239e-06,5.17898e-08,3.69405e-07,9.81754e-07,1.04562e-05,6.96339e-05,1.25965e-06,7.28466e-06,1.33278e-05
3.31582e-10,6.29223e-09,1.66841e-11,2.19312e-10,4.63663e-10,2.58424e-08,3.89739e-07,1.53412e-09,1.61418e-08,3.81963e-08,9.81754e-07,9.53820e-06,8.05788e-08,6.19405e-07,1.45196e-06,1.33278e-05,7.84681e-05,1.76569e-06,1.04562e-05,1.42187e-05
4.63663e-10,9.27394e-09,2.23773e-11,3.31582e-10,5.86997e-10,3.81963e-08,6.09468e-07,2.15880e-09,2.58424e-08,5.03356e-08,1.45196e-06,1.36692e-05,1.16490e-07,9.81754e-07,1.84646e-06,1.42187e-05,6.01657e-05,2.27157e-06,1.33278e-05,8.43855e-06
5.86997e-10,1.22726e-08,2.74045e-11,4.63663e-10,6.39965e-10,5.03356e-08,8.47584e-07,2.72552e-09,3.81963e-08,5.53875e-08,1.84646e-06,1.59808e-05,1.46964e-07,1.45196e-06,1.95539e-06,8.43855e-06,-1.81360e-05,2.38148e-06,1.42187e-05,2.25979e-06
-2.74044e-11,-5.86997e-10,-1.25843e-12,-2.94869e-11,-2.23773e-11,-2.72552e-09,-5.03356e-08,-1.39337e-10,-2.94692e-09,-2.15880e-09,-1.46964e-07,-1.84645e-06,-9.70320e-09,-1.56524e-07,-1.16490e-07,-2.38143e-06,-8.43759e-06,-2.91751e-07,-2.18663e-06,-2.27160e-06
-2.23773e-11,-4.63662e-10,-1.05413e-12,-2.74044e-11,-1.66841e-11,-2.15880e-09,-3.81963e-08,-1.14130e-10,-2.72552e-09,-1.53412e-09,-1.16490e-07,-1.45196e-06,-7.87573e-09,-1.46964e-07,-8.05790e-08,-2.27160e-06,-1.42199e-05,-2.50125e-07,-2.38143e-06,-1.76575e-06
-1.66841e-11,-3.31582e-10,-8.12634e-13,-2.23773e-11,-1.15464e-11,-1.53412e-09,-2.58424e-08,-8.44969e-11,-2.15880e-09,-1.00653e-09,-8.05790e-08,-9.81759e-07,-5.63834e-09,-1.16490e-07,-5.17900e-08,-1.76575e-06,-1.33294e-05,-1.84746e-07,-2.27160e-06,-1.25970e-06
-1.15464e-11,-2.19312e-10,-5.83925e-13,-1.66841e-11,-7.49761e-12,-1.00653e-09,-1.61418e-08,-5.78910e-11,-1.53412e-09,-6.19543e-10,-5.17900e-08,-6.19410e-07,-3.74303e-09,-8.05790e-08,-3.14006e-08,-1.25970e-06,-1.04574e-05,-1.27146e-07,-1.76575e-06,-8.34494e-07
-7.49761e-12,-1.35983e-10,-3.94399e-13,-1.15464e-11,-4.60163e-12,-6.19543e-10,-9.48103e-09,-3.72009e-11,-1.00653e-09,-3.61455e-10,-3.14006e-08,-3.69409e-07,-2.33772e-09,-5.17900e-08,-1.81236e-08,-8.34494e-07,-7.28545e-06,-8.23826e-08,-1.25970e-06,-5.18078e-07
-4.60163e-12,-7.97743e-11,-2.51751e-13,-7.49761e-12,-2.66871e-12,-3.61455e-10,-5.29659e-09,-2.26157e-11,-6.19543e-10,-2.00275e-10,-1.81236e-08,-2.09871e-07,-1.38618e-09,-3.14006e-08,-9.96660e-09,-5.18078e-07,-4.64753e-06,-5.05569e-08,-8.34494e-07,-3.02088e-07
-2.66871e-12,-4.43552e-11,-1.51514e-13,-4.60163e-12,-1.42684e-12,-2.00275e-10,-2.82266e-09,-1.30124e-11,-3.61455e-10,-1.03102e-10,-9.96660e-09,-1.13653e-07,-7.80935e-10,-1.81236e-08,-5.10480e-09,-3.02088e-07,-2.74940e-06,-2.93506e-08,-5.18078e-07,-1.61777e-07
-1.42684e-12,-2.28722e-11,-8.36302e-14,-2.66871e-12,-6.12933e-13,-1.03102e-10,-1.40648e-09,-6.91582e-12,-2.00275e-10,-4.31552e-11,-5.10480e-09,-5.74036e-08,-4.08199e-10,-9.96660e-09,-2.13025e-09,-1.61777e-07,-1.48299e-06,-1.57154e-08,-3.02088e-07,-6.94866e-08
-6.12933e-13,-9.57818e-12,-3.67367e-14,-1.42684e-12,-2.24882e-17,-4.31552e-11,-5.75480e-10,-2.95978e-12,-1.03102e-10,-3.30187e-16,-2.13025e-09,-2.37075e-08,-1.72781e-10,-5.10480e-09,-7.28508e-15,-6.94866e-08,-6.38913e-07,-6.75936e-09,-1.61777e-07,-1.33771e-12
-2.24882e-17,-2.30180e-16,-1.79640e-18,-6.12933e-13,6.12886e-13,-3.30187e-16,-2.12086e-15,-4.15293e-17,-4.31552e-11,4.31546e-11,-7.28508e-15,-1.20005e-13,-6.17946e-16,-2.13025e-09,2.13023e-09,-1.33771e-12,-2.30770e-11,-7.12823e-14,-6.94866e-08,6.94831e-08
6.12886e-13,9.57770e-12,3.67329e-14,-2.24882e-17,1.42679e-12,4.31546e-11,5.75476e-10,2.95970e-12,-3.30187e-16,1.03101e-10,2.13023e-09,2.37072e-08,1.72780e-10,-7.28508e-15,5.10477e-09,6.94831e-08,6.38851e-07,6.75918e-09,-1.33771e-12,1.61770e-07
1.42679e-12,2.28716e-11,8.36261e-14,6.12886e-13,2.66865e-12,1.03101e-10,1.40647e-09,6.91573e-12,4.31546e-11,2.00274e-10,5.10477e-09,5.74031e-08,4.08198e-10,2.13023e-09,9.96656e-09,1.61770e-07,1.48287e-06,1.57151e-08,6.94831e-08,3.02077e-07
2.66865e-12,4.43546e-11,1.51509e-13,1.42679e-12,4.60157e-12,2.00274e-10,2.82265e-09,1.30123e-11,1.03101e-10,3.61454e-10,9.96656e-09,1.13652e-07,7.80933e-10,5.10477e-09,1.81235e-08,3.02077e-07,2.74917e-06,2.93501e-08,1.61770e-07,5.18057e-07
4.60157e-12,7.97737e-11,2.51746e-13,2.66865e-12,7.49755e-12,3.61454e-10,5.29658e-09,2.26156e-11,2.00274e-10,6.19543e-10,1.81235e-08,2.09869e-07,1.38618e-09,9.96656e-09,3.14005e-08,5.18057e-07,4.64709e-06,5.05560e-08,3.02077e-07,8.34460e-07
7.49755e-12,1.35982e-10,3.94394e-13,4.60157e-12,1.15463e-11,6.19543e-10,9.48102e-09,3.72008e-11,3.61454e-10,1.00653e-09,3.14005e-08,3.69405e-07,2.33772e-09,1.81235e-08,5.17898e-08,8.34460e-07,7.28466e-06,8.23813e-08,5.18057e-07,1.25965e-06
1.15463e-11,2.19312e-10,5.83923e-13,7.49755e-12,1.66841e-11,1.00653e-09,1.61418e-08,5.78910e-11,6.19543e-10,1.53412e-09,5.17898e-08,6.19405e-07,3.74302e-09,3.14005e-08,8.05788e-08,1.25965e-06,1.04562e-05,1.27144e-07,8.34460e-07,1.76569e-06
1.66841e-11,3.31582e-10,8.12634e-13,1.15463e-11,2.23773e-11,1.53412e-09,2.58424e-08,8.44969e-11,1.00653e-09,2.15880e-09,8.05788e-08,9.81754e-07,5.63834e-09,5.17898e-08,1.16490e-07,1.76569e-06,1.33278e-05,1.84745e-07,1.25965e-06,2.27157e-06
2.23773e-11,4.63663e-10,1.05413e-12,1.66841e-11,2.74045e-11,2.15880e-09,3.81963e-08,1.14130e-10,1.53412e-09,2.72552e-09,1.16490e-07,1.45196e-06,7.87573e-09,8.05788e-08,1.46964e-07,2.27157e-06,1.42187e-05,2.50125e-07,1.76569e-06,2.38148e-06
2.74045e-11,5.86997e-10,1.25843e-12,2.23773e-11,2.94870e-11,2.72552e-09,5.03356e-08,1.39337e-10,2.15880e-09,2.94693e-09,1.46964e-07,1.84646e-06,9.70320e-09,1.16490e-07,1.56524e-07,2.38148e-06,8.43855e-06,2.91753e-07,2.27157e-06,2.18673e-06
-1.25843e-12,-2.74044e-11,-5.71019e-14,-1.34074e-12,-1.05413e-12,-1.39337e-10,-2.72552e-09,-6.85462e-12,-1.48645e-10,-1.14130e-10,-9.70320e-09,-1.46964e-07,-5.72996e-10,-1.02745e-08,-7.87573e-09,-2.91751e-07,-2.38143e-06,-2.54089e-08,-2.94947e-07,-2.50125e-07
-1.05413e-12,-2.23773e-11,-4.88010e-14,-1.25843e-12,-8.12634e-13,-1.14130e-10,-2.15880e-09,-5.76506e-12,-1.39337e-10,-8.44969e-11,-7.87573e-09,-1.16490e-07,-4.76494e-10,-9.70320e-09,-5.63834e-09,-2.50125e-07,-2.27160e-06,-2.14030e-08,-2.91751e-07,-1.84746e-07
-8.12634e-13,-1.66841e-11,-3.86543e-14,-1.05413e-12,-5.83925e-13,-8.44969e-11,-1.53412e-09,-4.41501e-12,-1.14130e-10,-5.78910e-11,-5.63834e-09,-8.05790e-08,-3.52933e-10,-7.87573e-09,-3.74303e-09,-1.84746e-07,-1.76575e-06,-1.58219e-08,-2.50125e-07,-1.27146e-07
-5.83925e-13,-1.15464e-11,-2.86597e-14,-8.12634e-13,-3.94399e-13,-5.78910e-11,-1.00653e-09,-3.13964e-12,-8.44969e-11,-3.72009e-11,-3.74303e-09,-5.17900e-08,-2.42549e-10,-5.63834e-09,-2.33772e-09,-1.27146e-07,-1.25970e-06,-1.09015e-08,-1.84746e-07,-8.23826e-08
-3.94399e-13,-7.49761e-12,-2.00182e-14,-5.83925e-13,-2.51751e-13,-3.72009e-11,-6.19543e-10,-2.09625e-12,-5.78910e-11,-2.26157e-11,-2.33772e-09,-3.14006e-08,-1.56632e-10,-3.74303e-09,-1.38618e-09,-8.23826e-08,-8.34494e-07,-7.08267e-09,-1.27146e-07,-5.05569e-08
-2.51751e-13,-4.60163e-12,-1.32195e-14,-3.94399e-13,-1.51514e-13,-2.26157e-11,-3.61455e-10,-1.32308e-12,-3.72009e-11,-1.30124e-11,-1.38618e-09,-1.81236e-08,-9.58250e-11,-2.33772e-09,-7.80935e-10,-5.05569e-08,-5.18078e-07,-4.36734e-09,-8.23826e-08,-2.93506e-08
-1.51514e-13,-2.66871e-12,-8.21733e-15,-2.51751e-13,-8.36302e-14,-1.30124e-11,-2.00275e-10,-7.88297e-13,-2.26157e-11,-6.91582e-12,-7.80935e-10,-9.96660e-09,-5.55288e-11,-1.38618e-09,-4.08199e-10,-2.93506e-08,-3.02088e-07,-2.55176e-09,-5.05569e-08,-1.57154e-08
-8.36302e-14,-1.42684e-12,-4.66350e-15,-1.51514e-13,-3.67367e-14,-6.91582e-12,-1.03102e-10,-4.31589e-13,-1.30124e-11,-2.95978e-12,-4.08199e-10,-5.10480e-09,-2.97178e-11,-7.80935e-10,-1.72781e-10,-1.57154e-08,-1.61777e-07,-1.37571e-09,-2.93506e-08,-6.75936e-09
-3.67367e-14,-6.12933e-13,-2.08864e-15,-8.36302e-14,-1.79640e-18,-2.95978e-12,-4.31552e-11,-1.88567e-13,-6.91582e-12,-4.15293e-17,-1.72781e-10,-2.13025e-09,-1.27856e-11,-4.08199e-10,-6.17946e-16,-6.75936e-09,-6.94866e-08,-5.94947e-10,-1.57154e-08,-7.12823e-14
-1.79640e-18,-2.24882e-17,-1.25413e-19,-3.67367e-14,3.67329e-14,-4.15293e-17,-3.30187e-16,-4.15822e-18,-2.95978e-12,2.95970e-12,-6.17946e-16,-7.28508e-15,-7.00224e-17,-1.72781e-10,1.72780e-10,-7.12823e-14,-1.33771e-12,-3.75861e-15,-6.75936e-09,6.75918e-09
3.67329e-14,6.12886e-13,2.08839e-15,-1.79640e-18,8.36261e-14,2.95970e-12,4.31546e-11,1.88558e-13,-4.15293e-17,6.91573e-12,1.72780e-10,2.13023e-09,1.27855e-11,-6.17946e-16,4.08198e-10,6.75918e-09,6.94831e-08,5.94938e-10,-7.12823e-14,1.57151e-08
8.36261e-14,1.42679e-12,4.66322e-15,3.67329e-14,1.51509e-13,6.91573e-12,1.03101e-10,4.31580e-13,2.95970e-12,1.30123e-11,4.08198e-10,5.10477e-09,2.97176e-11,1.72780e-10,7.80933e-10,1.57151e-08,1.61770e-07,1.37570e-09,6.75918e-09,2.93501e-08
1.51509e-13,2.66865e-12,8.21702e-15,8.36261e-14,2.51746e-13,1.30123e-11,2.00274e-10,7.88287e-13,6.91573e-12,2.26156e-11,7.80933e-10,9.96656e-09,5.55287e-11,4.08198e-10,1.38618e-09,2.93501e-08,3.02077e-07,2.55174e-09,1.57151e-08,5.05560e-08
2.51746e-13,4.60157e-12,1.32192e-14,1.51509e-13,3.94394e-13,2.26156e-11,3.61454e-10,1.32307e-12,1.30123e-11,3.72008e-11,1.38618e-09,1.81235e-08,9.58249e-11,7.80933e-10,2.33772e-09,5.05560e-08,5.18057e-07,4.36730e-09,2.93501e-08,8.23813e-08
3.94394e-13,7.49755e-12,2.00180e-14,2.51746e-13,5.83923e-13,3.72008e-11,6.19543e-10,2.09624e-12,2.26156e-11,5.78910e-11,2.33772e-09,3.14005e-08,1.56632e-10,1.38618e-09,3.74302e-09,8.23813e-08,8.34460e-07,7.08262e-09,5.05560e-08,1.27144e-07
5.83923e-13,1.15463e-11,2.86595e-14,3.94394e-13,8.12634e-13,5.78910e-11,1.00653e-09,3.13963e-12,3.72008e-11,8.44969e-11,3.74302e-09,5.17898e-08,2.42549e-10,2.33772e-09,5.63834e-09,1.27144e-07,1.25965e-06,1.09014e-08,8.23813e-08,1.84745e-07
8.12634e-13,1.66841e-11,3.86543e-14,5.83923e-13,1.05413e-12,8.44969e-11,1.53412e-09,4.41501e-12,5.78910e-11,1.14130e-10,5.63834e-09,8.05788e-08,3.52933e-10,3.74302e-09,7.87573e-09,1.84745e-07,1.76569e-06,1.58218e-08,1.27144e-07,2.50125e-07
1.05413e-12,2.23773e-11,4.88013e-14,8.12634e-13,1.25843e-12,1.14130e-10,2.15880e-09,5.76506e-12,8.44969e-11,1.39337e-10,7.87573e-09,1.16490e-07,4.76494e-10,5.63834e-09,9.70320e-09,2.50125e-07,2.27157e-06,2.14030e-08,1.84745e-07,2.91753e-07
1.25843e-12,2.74045e-11,5.71025e-14,1.05413e-12,1.34075e-12,1.39337e-10,2.72552e-09,6.85463e-12,1.14130e-10,1.48645e-10,9.70320e-09,1.46964e-07,5.72996e-10,7.87573e-09,1.02746e-08,2.91753e-07,2.38148e-06,2.54090e-08,2.50125e-07,2.94951e-07
-5.71019e-14,-1.25843e-12,-2.56780e-15,-6.03740e-14,-4.88010e-14,-6.85462e-12,-1.39337e-10,-3.28188e-13,-7.23698e-12,-5.76506e-12,-5.72996e-10,-9.70320e-09,-3.14470e-11,-6.02208e-10,-4.76494e-10,-2.54089e-08,-2.91751e-07,-1.82913e-09,-2.62388e-08,-2.14030e-08
-4.88010e-14,-1.05413e-12,-2.23015e-15,-5.71019e-14,-3.86543e-14,-5.76506e-12,-1.14130e-10,-2.81916e-13,-6.85462e-12,-4.41501e-12,-4.76494e-10,-7.87573e-09,-2.67185e-11,-5.72996e-10,-3.52933e-10,-2.14030e-08,-2.50125e-07,-1.54967e-09,-2.54089e-08,-1.58219e-08
-3.86543e-14,-8.12634e-13,-1.80623e-15,-4.88010e-14,-2.86597e-14,-4.41501e-12,-8.44969e-11,-2.22021e-13,-5.76506e-12,-3.13964e-12,-3.52933e-10,-5.63834e-09,-2.04021e-11,-4.76494e-10,-2.42549e-10,-1.58219e-08,-1.84746e-07,-1.16587e-09,-2.14030e-08,-1.09015e-08
-2.86597e-14,-5.83925e-13,-1.37490e-15,-3.86543e-14,-2.00182e-14,-3.13964e-12,-5.78910e-11,-1.62986e-13,-4.41501e-12,-2.09625e-12,-2.42549e-10,-3.74303e-09,-1.44871e-11,-3.52933e-10,-1.56632e-10,-1.09015e-08,-1.27146e-07,-8.17284e-10,-1.58219e-08,-7.08267e-09
-2.00182e-14,-3.94399e-13,-9.88266e-16,-2.86597e-14,-1.32195e-14,-2.09625e-12,-3.72009e-11,-1.12531e-13,-3.13964e-12,-1.32308e-12,-1.56632e-10,-2.33772e-09,-9.66785e-12,-2.42549e-10,-9.58250e-11,-7.08267e-09,-8.23826e-08,-5.39834e-10,-1.09015e-08,-4.36734e-09
-1.32195e-14,-2.51751e-13,-6.72062e-16,-2.00182e-14,-8.21733e-15,-1.32308e-12,-2.26157e-11,-7.34434e-14,-2.09625e-12,-7.88297e-13,-9.58250e-11,-1.38618e-09,-6.10455e-12,-1.56632e-10,-5.55288e-11,-4.36734e-09,-5.05569e-08,-3.38167e-10,-7.08267e-09,-2.55176e-09
-8.21733e-15,-1.51514e-13,-4.29648e-16,-1.32195e-14,-4.66350e-15,-7.88297e-13,-1.30124e-11,-4.51587e-14,-1.32308e-12,-4.31589e-13,-5.55288e-11,-7.80935e-10,-3.64147e-12,-9.58250e-11,-2.97178e-11,-2.55176e-09,-2.93506e-08,-2.00516e-10,-4.36734e-09,-1.37571e-09
-4.66350e-15,-8.36302e-14,-2.49781e-16,-8.21733e-15,-2.08864e-15,-4.31589e-13,-6.91582e-12,-2.53983e-14,-7.88297e-13,-1.88567e-13,-2.97178e-11,-4.08199e-10,-1.99691e-12,-5.55288e-11,-1.27856e-11,-1.37571e-09,-1.57154e-08,-1.09486e-10,-2.55176e-09,-5.94947e-10
-2.08864e-15,-3.67367e-14,-1.13755e-16,-4.66350e-15,-1.25413e-19,-1.88567e-13,-2.95978e-12,-1.13060e-14,-4.31589e-13,-4.15822e-18,-1.27856e-11,-1.72781e-10,-8.73709e-13,-2.97178e-11,-7.00224e-17,-5.94947e-10,-6.75936e-09,-4.77763e-11,-1.37571e-09,-3.75861e-15
-1.25413e-19,-1.79640e-18,-7.99775e-21,-2.08864e-15,2.08839e-15,-4.15822e-18,-4.15293e-17,-3.48881e-19,-1.88567e-13,1.88558e-13,-7.00224e-17,-6.17946e-16,-7.92851e-18,-1.27856e-11,1.27855e-11,-3.75861e-15,-7.12823e-14,-2.25082e-16,-5.94947e-10,5.94938e-10
2.08839e-15,3.67329e-14,1.13739e-16,-1.25413e-19,4.66322e-15,1.88558e-13,2.95970e-12,1.13053e-14,-4.15822e-18,4.31580e-13,1.27855e-11,1.72780e-10,8.73693e-13,-7.00224e-17,2.97176e-11,5.94938e-10,6.75918e-09,4.77758e-11,-3.75861e-15,1.37570e-09
4.66322e-15,8.36261e-14,2.49764e-16,2.08839e-15,8.21702e-15,4.31580e-13,6.91573e-12,2.53976e-14,1.88558e-13,7.88287e-13,2.97176e-11,4.08198e-10,1.99689e-12,1.27855e-11,5.55287e-11,1.37570e-09,1.57151e-08,1.09485e-10,5.94938e-10,2.55174e-09
8.21702e-15,1.51509e-13,4.29629e-16,4.66322e-15,1.32192e-14,7.88287e-13,1.30123e-11,4.51579e-14,4.31580e-13,1.32307e-12,5.55287e-11,7.80933e-10,3.64146e-12,2.97176e-11,9.58249e-11,2.55174e-09,2.93501e-08,2.00515e-10,1.37570e-09,4.36730e-09
1.32192e-14,2.51746e-13,6.72044e-16,8.21702e-15,2.00180e-14,1.32307e-12,2.26156e-11,7.34426e-14,7.88287e-13,2.09624e-12,9.58249e-11,1.38618e-09,6.10454e-12,5.55287e-11,1.56632e-10,4.36730e-09,5.05560e-08,3.38165e-10,2.55174e-09,7.08262e-09
2.00180e-14,3.94394e-13,9.88250e-16,1.32192e-14,2.86595e-14,2.09624e-12,3.72008e-11,1.12530e-13,1.32307e-12,3.13963e-12,1.56632e-10,2.33772e-09,9.66783e-12,9.58249e-11,2.42549e-10,7.08262e-09,8.23813e-08,5.39832e-10,4.36730e-09,1.09014e-08
2.86595e-14,5.83923e-13,1.37489e-15,2.00180e-14,3.86543e-14,3.13963e-12,5.78910e-11,1.62985e-13,2.09624e-12,4.41501e-12,2.42549e-10,3.74302e-09,1.44871e-11,1.56632e-10,3.52933e-10,1.09014e-08,1.27144e-07,8.17283e-10,7.08262e-09,1.58218e-08
3.86543e-14,8.12634e-13,1.80623e-15,2.86595e-14,4.88013e-14,4.41501e-12,8.44969e-11,2.22021e-13,3.13963e-12,5.76506e-12,3.52933e-10,5.63834e-09,2.04022e-11,2.42549e-10,4.76494e-10,1.58218e-08,1.84745e-07,1.16587e-09,1.09014e-08,2.14030e-08
4.88013e-14,1.05413e-12,2.23017e-15,3.86543e-14,5.71025e-14,5.76506e-12,1.14130e-10,2.81917e-13,4.41501e-12,6.85463e-12,4.76494e-10,7.87573e-09,2.67185e-11,3.52933e-10,5.72996e-10,2.14030e-08,2.50125e-07,1.54967e-09,1.58218e-08,2.54090e-08
5.71025e-14,1.25843e-12,2.56784e-15,4.88013e-14,6.03747e-14,6.85463e-12,1.39337e-10,3.28189e-13,5.76506e-12,7.23700e-12,5.72996e-10,9.70320e-09,3.14470e-11,4.76494e-10,6.02208e-10,2.54090e-08,2.91753e-07,1.82913e-09,2.14030e-08,2.62389e-08
-2.56780e-15,-5.71019e-14,-1.14662e-16,-2.69858e-15,-2.23015e-15,-3.28188e-13,-6.85462e-12,-1.54033e-14,-3.43672e-13,-2.81916e-13,-3.14470e-11,-5.72996e-10,-1.63989e-12,-3.28198e-11,-2.67185e-11,-1.82913e-09,-2.54089e-08,-1.16635e-10,-1.89649e-09,-1.54967e-09
-2.23015e-15,-4.88010e-14,-1.00904e-16,-2.56780e-15,-1.80623e-15,-2.81916e-13,-5.76506e-12,-1.34604e-14,-3.28188e-13,-2.22021e-13,-2.67185e-11,-4.76494e-10,-1.41906e-12,-3.14470e-11,-2.04021e-11,-1.54967e-09,-2.14030e-08,-1.00013e-10,-1.82913e-09,-1.16587e-09
-1.80623e-15,-3.86543e-14,-8.32502e-17,-2.23015e-15,-1.37490e-15,-2.22021e-13,-4.41501e-12,-1.08501e-14,-2.81916e-13,-1.62986e-13,-2.04021e-11,-3.52933e-10,-1.11256e-12,-2.67185e-11,-1.44871e-11,-1.16587e-09,-1.58219e-08,-7.68993e-11,-1.54967e-09,-8.17284e-10
-1.37490e-15,-2.86597e-14,-6.47949e-17,-1.80623e-15,-9.88266e-16,-1.62986e-13,-3.13964e-12,-8.18398e-15,-2.22021e-13,-1.12531e-13,-1.44871e-11,-2.42549e-10,-8.13605e-13,-2.04021e-11,-9.66785e-12,-8.17284e-10,-1.09015e-08,-5.51495e-11,-1.16587e-09,-5.39834e-10
-9.88266e-16,-2.00182e-14,-4.77315e-17,-1.37490e-15,-6.72062e-16,-1.12531e-13,-2.09625e-12,-5.81775e-15,-1.62986e-13,-7.34434e-14,-9.66785e-12,-1.56632e-10,-5.59779e-13,-1.44871e-11,-6.10455e-12,-5.39834e-10,-7.08267e-09,-3.72544e-11,-8.17284e-10,-3.38167e-10
-6.72062e-16,-1.32195e-14,-3.32928e-17,-9.88266e-16,-4.29648e-16,-7.34434e-14,-1.32308e-12,-3.91086e-15,-1.12531e-13,-4.51587e-14,-6.10455e-12,-9.58250e-11,-3.64237e-13,-9.66785e-12,-3.64147e-12,-3.38167e-10,-4.36734e-09,-2.38412e-11,-5.39834e-10,-2.00516e-10
-4.29648e-16,-8.21733e-15,-2.18077e-17,-6.72062e-16,-2.49781e-16,-4.51587e-14,-7.88297e-13,-2.47309e-15,-7.34434e-14,-2.53983e-14,-3.64147e-12,-5.55288e-11,-2.23427e-13,-6.10455e-12,-1.99691e-12,-2.00516e-10,-2.55176e-09,-1.44152e-11,-3.38167e-10,-1.09486e-10
-2.49781e-16,-4.66350e-15,-1.29450e-17,-4.29648e-16,-1.13755e-16,-2.53983e-14,-4.31589e-13,-1.42466e-15,-4.51587e-14,-1.13060e-14,-1.99691e-12,-2.97178e-11,-1.25450e-13,-3.64147e-12,-8.73709e-13,-1.09486e-10,-1.37571e-09,-8.00108e-12,-2.00516e-10,-4.77763e-11
-1.13755e-16,-2.08864e-15,-5.98070e-18,-2.49781e-16,-7.99775e-21,-1.13060e-14,-1.88567e-13,-6.44790e-16,-2.53983e-14,-3.48881e-19,-8.73709e-13,-1.27856e-11,-5.57900e-14,-1.99691e-12,-7.92851e-18,-4.77763e-11,-5.94947e-10,-3.53108e-12,-1.09486e-10,-2.25082e-16
-7.99775e-21,-1.25413e-19,-4.80650e-22,-1.13755e-16,1.13739e-16,-3.48881e-19,-4.15822e-18,-2.56907e-20,-1.13060e-14,1.13053e-14,-7.92851e-18,-7.00224e-17,-7.86116e-19,-8.73709e-13,8.73693e-13,-2.25082e-16,-3.75861e-15,-1.74784e-17,-4.77763e-11,4.77758e-11
1.13739e-16,2.08839e-15,5.97972e-18,-7.99775e-21,2.49764e-16,1.13053e-14,1.88558e-13,6.44737e-16,-3.48881e-19,2.53976e-14,8.73693e-13,1.27855e-11,5.57884e-14,-7.92851e-18,1.99689e-12,4.77758e-11,5.94938e-10,3.53104e-12,-2.25082e-16,1.09485e-10
2.49764e-16,4.66322e-15,1.29440e-17,1.13739e-16,4.29629e-16,2.53976e-14,4.31580e-13,1.42460e-15,1.13053e-14,4.51579e-14,1.99689e-12,2.97176e-11,1.25449e-13,8.73693e-13,3.64146e-12,1.09485e-10,1.37570e-09,8.00104e-12,4.77758e-11,2.00515e-10
4.29629e-16,8.21702e-15,2.18066e-17,2.49764e-16,6.72044e-16,4.51579e-14,7.88287e-13,2.47303e-15,2.53976e-14,7.34426e-14,3.64146e-12,5.55287e-11,2.23426e-13,1.99689e-12,6.10454e-12,2.00515e-10,2.55174e-09,1.44151e-11,1.09485e-10,3.38165e-10
6.72044e-16,1.32192e-14,3.32918e-17,4.29629e-16,9.88250e-16,7.34426e-14,1.32307e-12,3.91081e-15,4.51579e-14,1.12530e-13,6.10454e-12,9.58249e-11,3.64236e-13,3.64146e-12,9.66783e-12,3.38165e-10,4.36730e-09,2.38411e-11,2.00515e-10,5.39832e-10
9.88250e-16,2.00180e-14,4.77306e-17,6.72044e-16,1.37489e-15,1.12530e-13,2.09624e-12,5.81770e-15,7.34426e-14,1.62985e-13,9.66783e-12,1.56632e-10,5.59778e-13,6.10454e-12,1.44871e-11,5.39832e-10,7.08262e-09,3.72543e-11,3.38165e-10,8.17283e-10
1.37489e-15,2.86595e-14,6.47944e-17,9.88250e-16,1.80623e-15,1.62985e-13,3.13963e-12,8.18396e-15,1.12530e-13,2.22021e-13,1.44871e-11,2.42549e-10,8.13604e-13,9.66783e-12,2.04022e-11,8.17283e-10,1.09014e-08,5.51494e-11,5.39832e-10,1.16587e-09
1.80623e-15,3.86543e-14,8.32504e-17,1.37489e-15,2.23017e-15,2.22021e-13,4.41501e-12,1.08501e-14,1.62985e-13,2.81917e-13,2.04022e-11,3.52933e-10,1.11256e-12,1.44871e-11,2.67185e-11,1.16587e-09,1.58218e-08,7.68992e-11,8.17283e-10,1.54967e-09
2.23017e-15,4.88013e-14,1.00905e-16,1.80623e-15,2.56784e-15,2.81917e-13,5.76506e-12,1.34604e-14,2.22021e-13,3.28189e-13,2.67185e-11,4.76494e-10,1.41906e-12,2.04022e-11,3.14470e-11,1.54967e-09,2.14030e-08,1.00013e-10,1.16587e-09,1.82913e-09
2.56784e-15,5.71025e-14,1.14664e-16,2.23017e-15,2.69862e-15,3.28189e-13,6.85463e-12,1.54034e-14,2.81917e-13,3.43673e-13,3.14470e-11,5.72996e-10,1.63989e-12,2.67185e-11,3.28199e-11,1.82913e-09,2.54090e-08,1.16635e-10,1.54967e-09,1.89650e-09
-1.14662e-16,-2.56780e-15,-5.09123e-18,-1.19913e-16,-1.00904e-16,-1.54033e-14,-3.28188e-13,-7.12110e-16,-1.60244e-14,-1.34604e-14,-1.63989e-12,-3.14470e-11,-8.23925e-14,-1.70112e-12,-1.41906e-12,-1.16635e-10,-1.82913e-09,-6.84219e-12,-1.20796e-10,-1.00013e-10
-1.00904e-16,-2.23015e-15,-4.52956e-18,-1.14662e-16,-8.32502e-17,-1.34604e-14,-2.81916e-13,-6.31137e-16,-1.54033e-14,-1.08501e-14,-1.41906e-12,-2.67185e-11,-7.24093e-14,-1.63989e-12,-1.11256e-12,-1.00013e-10,-1.54967e-09,-5.94415e-12,-1.16635e-10,-7.68993e-11
-8.32502e-17,-1.80623e-15,-3.79569e-18,-1.00904e-16,-6.47949e-17,-1.08501e-14,-2.22021e-13,-5.18769e-16,-1.34604e-14,-8.18398e-15,-1.11256e-12,-2.04021e-11,-5.80684e-14,-1.41906e-12,-8.13605e-13,-7.68993e-11,-1.16587e-09,-4.66999e-12,-1.00013e-10,-5.51495e-11
-6.47949e-17,-1.37490e-15,-3.01067e-18,-8.32502e-17,-4.77315e-17,-8.18398e-15,-1.62986e-13,-4.00465e-16,-1.08501e-14,-5.81775e-15,-8.13605e-13,-1.44871e-11,-4.35825e-14,-1.11256e-12,-5.59779e-13,-5.51495e-11,-8.17284e-10,-3.42921e-12,-7.68993e-11,-3.72544e-11
-4.77315e-17,-9.88266e-16,-2.26509e-18,-6.47949e-17,-3.32928e-17,-5.81775e-15,-1.12531e-13,-2.91979e-16,-8.18398e-15,-3.91086e-15,-5.59779e-13,-9.66785e-12,-3.08245e-14,-8.13605e-13,-3.64237e-13,-3.72544e-11,-5.39834e-10,-2.37292e-12,-5.51495e-11,-2.38412e-11
-3.32928e-17,-6.72062e-16,-1.61490e-18,-4.77315e-17,-2.18077e-17,-3.91086e-15,-7.34434e-14,-2.01434e-16,-5.81775e-15,-2.47309e-15,-3.64237e-13,-6.10455e-12,-2.06188e-14,-5.59779e-13,-2.23427e-13,-2.38412e-11,-3.38167e-10,-1.55447e-12,-3.72544e-11,-1.44152e-11
-2.18077e-17,-4.29648e-16,-1.08029e-18,-3.32928e-17,-1.29450e-17,-2.47309e-15,-4.51587e-14,-1.30569e-16,-3.91086e-15,-1.42466e-15,-2.23427e-13,-3.64147e-12,-1.29806e-14,-3.64237e-13,-1.25450e-13,-1.44152e-11,-2.00516e-10,-9.60324e-13,-2.38412e-11,-8.00108e-12
-1.29450e-17,-2.49781e-16,-6.52876e-19,-2.18077e-17,-5.98070e-18,-1.42466e-15,-2.53983e-14,-7.68222e-17,-2.47309e-15,-6.44790e-16,-1.25450e-13,-1.99691e-12,-7.45076e-15,-2.23427e-13,-5.57900e-14,-8.00108e-12,-1.09486e-10,-5.42728e-13,-1.44152e-11,-3.53108e-12
-5.98070e-18,-1.13755e-16,-3.05375e-19,-1.29450e-17,-4.80650e-22,-6.44790e-16,-1.13060e-14,-3.52791e-17,-1.42466e-15,-2.56907e-20,-5.57900e-14,-8.73709e-13,-3.36416e-15,-1.25450e-13,-7.86116e-19,-3.53108e-12,-4.77763e-11,-2.42501e-13,-8.00108e-12,-1.74784e-17
-4.80650e-22,-7.99775e-21,-2.78304e-23,-5.98070e-18,5.97972e-18,-2.56907e-20,-3.48881e-19,-1.71984e-21,-6.44790e-16,6.44737e-16,-7.86116e-19,-7.92851e-18,-6.77114e-20,-5.57900e-14,5.57884e-14,-1.74784e-17,-2.25082e-16,-1.62113e-18,-3.53108e-12,3.53104e-12
5.97972e-18,1.13739e-16,3.05319e-19,-4.80650e-22,1.29440e-17,6.44737e-16,1.13053e-14,3.52756e-17,-2.56907e-20,1.42460e-15,5.57884e-14,8.73693e-13,3.36402e-15,-7.86116e-19,1.25449e-13,3.53104e-12,4.77758e-11,2.42498e-13,-1.74784e-17,8.00104e-12
1.29440e-17,2.49764e-16,6.52818e-19,5.97972e-18,2.18066e-17,1.42460e-15,2.53976e-14,7.68186e-17,6.44737e-16,2.47303e-15,1.25449e-13,1.99689e-12,7.45063e-15,5.57884e-14,2.23426e-13,8.00104e-12,1.09485e-10,5.42725e-13,3.53104e-12,1.44151e-11
2.18066e-17,4.29629e-16,1.08023e-18,1.29440e-17,3.32918e-17,2.47303e-15,4.51579e-14,1.30566e-16,1.42460e-15,3.91081e-15,2.23426e-13,3.64146e-12,1.29804e-14,1.25449e-13,3.64236e-13,1.44151e-11,2.00515e-10,9.60320e-13,8.00104e-12,2.38411e-11
3.32918e-17,6.72044e-16,1.61485e-18,2.18066e-17,4.77306e-17,3.91081e-15,7.34426e-14,2.01431e-16,2.47303e-15,5.81770e-15,3.64236e-13,6.10454e-12,2.06187e-14,2.23426e-13,5.59778e-13,2.38411e-11,3.38165e-10,1.55447e-12,1.44151e-11,3.72543e-11
4.77306e-17,9.88250e-16,2.26505e-18,3.32918e-17,6.47944e-17,5.81770e-15,1.12530e-13,2.91976e-16,3.91081e-15,8.18396e-15,5.59778e-13,9.66783e-12,3.08244e-14,3.64236e-13,8.13604e-13,3.72543e-11,5.39832e-10,2.37292e-12,2.38411e-11,5.51494e-11
6.47944e-17,1.37489e-15,3.01065e-18,4.77306e-17,8.32504e-17,8.18396e-15,1.62985e-13,4.00464e-16,5.81770e-15,1.08501e-14,8.13604e-13,1.44871e-11,4.35825e-14,5.59778e-13,1.11256e-12,5.51494e-11,8.17283e-10,3.42920e-12,3.72543e-11,7.68992e-11
8.32504e-17,1.80623e-15,3.79570e-18,6.47944e-17,1.00905e-16,1.08501e-14,2.22021e-13,5.18770e-16,8.18396e-15,1.34604e-14,1.11256e-12,2.04022e-11,5.80684e-14,8.13604e-13,1.41906e-12,7.68992e-11,1.16587e-09,4.66999e-12,5.51494e-11,1.00013e-10
1.00905e-16,2.23017e-15,4.52962e-18,8.32504e-17,1.14664e-16,1.34604e-14,2.81917e-13,6.31140e-16,1.08501e-14,1.54034e-14,1.41906e-12,2.67185e-11,7.24094e-14,1.11256e-12,1.63989e-12,1.00013e-10,1.54967e-09,5.94416e-12,7.68992e-11,1.16635e-10
1.14664e-16,2.56784e-15,5.09132e-18,1.00905e-16,1.19915e-16,1.54034e-14,3.28189e-13,7.12116e-16,1.34604e-14,1.60245e-14,1.63989e-12,3.14470e-11,8.23927e-14,1.41906e-12,1.70112e-12,1.16635e-10,1.82913e-09,6.84220e-12,1.00013e-10,1.20797e-10
-5.09123e-18,-1.14662e-16,-2.25015e-19,-5.30300e-18,-4.52956e-18,-7.12110e-16,-1.54033e-14,-3.25372e-17,-7.36858e-16,-6.31137e-16,-8.23925e-14,-1.63989e-12,-4.02532e-15,-8.50267e-14,-7.24093e-14,-6.84219e-12,-1.16635e-10,-3.77884e-13,-7.06715e-12,-5.94415e-12
-4.52956e-18,-1.00904e-16,-2.02038e-19,-5.09123e-18,-3.79569e-18,-6.31137e-16,-1.34604e-14,-2.91792e-17,-7.12110e-16,-5.18769e-16,-7.24093e-14,-1.41906e-12,-3.58425e-15,-8.23925e-14,-5.80684e-14,-5.94415e-12,-1.00013e-10,-3.32371e-13,-6.84219e-12,-4.66999e-12
-3.79569e-18,-8.32502e-17,-1.71554e-19,-4.52956e-18,-3.01067e-18,-5.18769e-16,-1.08501e-14,-2.43830e-17,-6.31137e-16,-4.00465e-16,-5.80684e-14,-1.11256e-12,-2.93057e-15,-7.24093e-14,-4.35825e-14,-4.66999e-12,-7.68993e-11,-2.66356e-13,-5.94415e-12,-3.42921e-12
-3.01067e-18,-6.47949e-17,-1.38295e-19,-3.79569e-18,-2.26509e-18,-4.00465e-16,-8.18398e-15,-1.92002e-17,-5.18769e-16,-2.91979e-16,-4.35825e-14,-8.13605e-13,-2.25008e-15,-5.80684e-14,-3.08245e-14,-3.42921e-12,-5.51495e-11,-2.00037e-13,-4.66999e-12,-2.37292e-12
-2.26509e-18,-4.77315e-17,-1.05956e-19,-3.01067e-18,-1.61490e-18,-2.91979e-16,-5.81775e-15,-1.43099e-17,-4.00465e-16,-2.01434e-16,-3.08245e-14,-5.59779e-13,-1.63102e-15,-4.35825e-14,-2.06188e-14,-2.37292e-12,-3.72544e-11,-1.41720e-13,-3.42921e-12,-1.55447e-12
-1.61490e-18,-3.32928e-17,-7.69871e-20,-2.26509e-18,-1.08029e-18,-2.01434e-16,-3.91086e-15,-1.00988e-17,-2.91979e-16,-1.30569e-16,-2.06188e-14,-3.64237e-13,-1.11858e-15,-3.08245e-14,-1.29806e-14,-1.55447e-12,-2.38412e-11,-9.50302e-14,-2.37292e-12,-9.60324e-13
-1.08029e-18,-2.18077e-17,-5.24457e-20,-1.61490e-18,-6.52876e-19,-1.30569e-16,-2.47309e-15,-6.68958e-18,-2.01434e-16,-7.68222e-17,-1.29806e-14,-2.23427e-13,-7.21046e-16,-2.06188e-14,-7.45076e-15,-9.60324e-13,-1.44152e-11,-5.99957e-14,-1.55447e-12,-5.42728e-13
-6.52876e-19,-1.29450e-17,-3.21901e-20,-1.08029e-18,-3.05375e-19,-7.68222e-17,-1.42466e-15,-4.00938e-18,-1.30569e-16,-3.52791e-17,-7.45076e-15,-1.25450e-13,-4.22274e-16,-1.29806e-14,-3.36416e-15,-5.42728e-13,-8.00108e-12,-3.45316e-14,-9.60324e-13,-2.42501e-13
-3.05375e-19,-5.98070e-18,-1.52164e-20,-6.52876e-19,-2.78304e-23,-3.52791e-17,-6.44790e-16,-1.86475e-18,-7.68222e-17,-1.71984e-21,-3.36416e-15,-5.57900e-14,-1.93315e-16,-7.45076e-15,-6.77114e-20,-2.42501e-13,-3.53108e-12,-1.56235e-14,-5.42728e-13,-1.62113e-18
-2.78304e-23,-4.80650e-22,-1.57514e-24,-3.05375e-19,3.05319e-19,-1.71984e-21,-2.56907e-20,-1.07498e-22,-3.52791e-17,3.52756e-17,-6.77114e-20,-7.86116e-19,-5.18249e-21,-3.36416e-15,3.36402e-15,-1.62113e-18,-1.74784e-17,-1.51020e-19,-2.42501e-13,2.42498e-13
3.05319e-19,5.97972e-18,1.52133e-20,-2.78304e-23,6.52818e-19,3.52756e-17,6.44737e-16,1.86453e-18,-1.71984e-21,7.68186e-17,3.36402e-15,5.57884e-14,1.93304e-16,-6.77114e-20,7.45063e-15,2.42498e-13,3.53104e-12,1.56232e-14,-1.62113e-18,5.42725e-13
6.52818e-19,1.29440e-17,3.21869e-20,3.05319e-19,1.08023e-18,7.68186e-17,1.42460e-15,4.00916e-18,3.52756e-17,1.30566e-16,7.45063e-15,1.25449e-13,4.22263e-16,3.36402e-15,1.29804e-14,5.42725e-13,8.00104e-12,3.45313e-14,2.42498e-13,9.60320e-13
1.08023e-18,2.18066e-17,5.24426e-20,6.52818e-19,1.61485e-18,1.30566e-16,2.47303e-15,6.68936e-18,7.68186e-17,2.01431e-16,1.29804e-14,2.23426e-13,7.21035e-16,7.45063e-15,2.06187e-14,9.60320e-13,1.44151e-11,5.99954e-14,5.42725e-13,1.55447e-12
1.61485e-18,3.32918e-17,7.69843e-20,1.08023e-18,2.26505e-18,2.01431e-16,3.91081e-15,1.00986e-17,1.30566e-16,2.91976e-16,2.06187e-14,3.64236e-13,1.11857e-15,1.29804e-14,3.08244e-14,1.55447e-12,2.38411e-11,9.50299e-14,9.60320e-13,2.37292e-12
2.26505e-18,4.77306e-17,1.05954e-19,1.61485e-18,3.01065e-18,2.91976e-16,5.81770e-15,1.43097e-17,2.01431e-16,4.00464e-16,3.08244e-14,5.59778e-13,1.63101e-15,2.06187e-14,4.35825e-14,2.37292e-12,3.72543e-11,1.41720e-13,1.55447e-12,3.42920e-12
3.01065e-18,6.47944e-17,1.38294e-19,2.26505e-18,3.79570e-18,4.00464e-16,8.18396e-15,1.92002e-17,2.91976e-16,5.18770e-16,4.35825e-14,8.13604e-13,2.25007e-15,3.08244e-14,5.80684e-14,3.42920e-12,5.51494e-11,2.00037e-13,2.37292e-12,4.66999e-12
3.79570e-18,8.32504e-17,1.71555e-19,3.01065e-18,4.52962e-18,5.18770e-16,1.08501e-14,2.43831e-17,4.00464e-16,6.31140e-16,5.80684e-14,1.11256e-12,2.93058e-15,4.35825e-14,7.24094e-14,4.66999e-12,7.68992e-11,2.66356e-13,3.42920e-12,5.94416e-12
4.52962e-18,1.00905e-16,2.02041e-19,3.79570e-18,5.09132e-18,6.31140e-16,1.34604e-14,2.91794e-17,5.18770e-16,7.12116e-16,7.24094e-14,1.41906e-12,3.58426e-15,5.80684e-14,8.23927e-14,5.94416e-12,1.00013e-10,3.32371e-13,4.66999e-12,6.84220e-12
5.09132e-18,1.14664e-16,2.25020e-19,4.52962e-18,5.30312e-18,7.12116e-16,1.54034e-14,3.25376e-17,6.31140e-16,7.36865e-16,8.23927e-14,1.63989e-12,4.02533e-15,7.24094e-14,8.50269e-14,6.84220e-12,1.16635e-10,3.77884e-13,5.94416e-12,7.06715e-12
-2.25015e-19,-5.09123e-18,-9.90631e-21,-2.33587e-19,-2.02038e-19,-3.25372e-17,-7.12110e-16,-1.47285e-18,-3.35182e-17,-2.91792e-17,-4.02532e-15,-8.23925e-14,-1.92456e-16,-4.13570e-15,-3.58425e-15,-3.77884e-13,-6.84219e-12,-1.99464e-14,-3.89100e-13,-3.32371e-13
-2.02038e-19,-4.52956e-18,-8.96445e-21,-2.25015e-19,-1.71554e-19,-2.91792e-17,-6.31137e-16,-1.33404e-18,-3.25372e-17,-2.43830e-17,-3.58425e-15,-7.24093e-14,-1.73291e-16,-4.02532e-15,-2.93057e-15,-3.32371e-13,-5.94415e-12,-1.77413e-14,-3.77884e-13,-2.66356e-13
-1.71554e-19,-3.79569e-18,-7.69832e-21,-2.02038e-19,-1.38295e-19,-2.43830e-17,-5.18769e-16,-1.13054e-18,-2.91792e-17,-1.92002e-17,-2.93057e-15,-5.80684e-14,-1.44061e-16,-3.58425e-15,-2.25008e-15,-2.66356e-13,-4.66999e-12,-1.44721e-14,-3.32371e-13,-2.00037e-13
-1.38295e-19,-3.01067e-18,-6.29298e-21,-1.71554e-19,-1.05956e-19,-1.92002e-17,-4.00465e-16,-9.05598e-19,-2.43830e-17,-1.43099e-17,-2.25008e-15,-4.35825e-14,-1.12825e-16,-2.93057e-15,-1.63102e-15,-2.00037e-13,-3.42921e-12,-1.10953e-14,-2.66356e-13,-1.41720e-13
-1.05956e-19,-2.26509e-18,-4.89784e-21,-1.38295e-19,-7.69871e-20,-1.43099e-17,-2.91979e-16,-6.87944e-19,-1.92002e-17,-1.00988e-17,-1.63102e-15,-3.08245e-14,-8.35825e-17,-2.25008e-15,-1.11858e-15,-1.41720e-13,-2.37292e-12,-8.03620e-15,-2.00037e-13,-9.50302e-14
-7.69871e-20,-1.61490e-18,-3.61765e-21,-1.05956e-19,-5.24457e-20,-1.00988e-17,-2.01434e-16,-4.95211e-19,-1.43099e-17,-6.68958e-18,-1.11858e-15,-2.06188e-14,-5.86156e-17,-1.63102e-15,-7.21046e-16,-9.50302e-14,-1.55447e-12,-5.50963e-15,-1.41720e-13,-5.99957e-14
-5.24457e-20,-1.08029e-18,-2.50352e-21,-7.69871e-20,-3.21901e-20,-6.68958e-18,-1.30569e-16,-3.34314e-19,-1.00988e-17,-4.00938e-18,-7.21046e-16,-1.29806e-14,-3.85944e-17,-1.11858e-15,-4.22274e-16,-5.99957e-14,-9.60324e-13,-3.55168e-15,-9.50302e-14,-3.45316e-14
-3.21901e-20,-6.52876e-19,-1.55723e-21,-5.24457e-20,-1.52164e-20,-4.00938e-18,-7.68222e-17,-2.03627e-19,-6.68958e-18,-1.86475e-18,-4.22274e-16,-7.45076e-15,-2.30138e-17,-7.21046e-16,-1.93315e-16,-3.45316e-14,-5.42728e-13,-2.08053e-15,-5.99957e-14,-1.56235e-14
-1.52164e-20,-3.05375e-19,-7.42808e-22,-3.21901e-20,-1.57514e-24,-1.86475e-18,-3.52791e-17,-9.57555e-20,-4.00938e-18,-1.07498e-22,-1.93315e-16,-3.36416e-15,-1.06666e-17,-4.22274e-16,-5.18249e-21,-1.56235e-14,-2.42501e-13,-9.52711e-16,-3.45316e-14,-1.51020e-19
-1.57514e-24,-2.78304e-23,-8.78294e-26,-1.52164e-20,1.52133e-20,-1.07498e-22,-1.71984e-21,-6.40233e-24,-1.86475e-18,1.86453e-18,-5.18249e-21,-6.77114e-20,-3.61302e-22,-1.93315e-16,1.93304e-16,-1.51020e-19,-1.62113e-18,-1.30026e-20,-1.56235e-14,1.56232e-14
1.52133e-20,3.05319e-19,7.42633e-22,-1.57514e-24,3.21869e-20,1.86453e-18,3.52756e-17,9.57426e-20,-1.07498e-22,4.00916e-18,1.93304e-16,3.36402e-15,1.06659e-17,-5.18249e-21,4.22263e-16,1.56232e-14,2.42498e-13,9.52685e-16,-1.51020e-19,3.45313e-14
3.21869e-20,6.52818e-19,1.55705e-21,1.52133e-20,5.24426e-20,4.00916e-18,7.68186e-17,2.03615e-19,1.86453e-18,6.68936e-18,4.22263e-16,7.45063e-15,2.30131e-17,1.93304e-16,7.21035e-16,3.45313e-14,5.42725e-13,2.08050e-15,1.56232e-14,5.99954e-14
5.24426e-20,1.08023e-18,2.50336e-21,3.21869e-20,7.69843e-20,6.68936e-18,1.30566e-16,3.34301e-19,4.00916e-18,1.00986e-17,7.21035e-16,1.29804e-14,3.85937e-17,4.22263e-16,1.11857e-15,5.99954e-14,9.60320e-13,3.55166e-15,3.45313e-14,9.50299e-14
7.69843e-20,1.61485e-18,3.61751e-21,5.24426e-20,1.05954e-19,1.00986e-17,2.01431e-16,4.95200e-19,6.68936e-18,1.43097e-17,1.11857e-15,2.06187e-14,5.86150e-17,7.21035e-16,1.63101e-15,9.50299e-14,1.55447e-12,5.50961e-15,5.99954e-14,1.41720e-13
1.05954e-19,2.26505e-18,4.89774e-21,7.69843e-20,1.38294e-19,1.43097e-17,2.91976e-16,6.87936e-19,1.00986e-17,1.92002e-17,1.63101e-15,3.08244e-14,8.35820e-17,1.11857e-15,2.25007e-15,1.41720e-13,2.37292e-12,8.03619e-15,9.50299e-14,2.00037e-13
1.38294e-19,3.01065e-18,6.29295e-21,1.05954e-19,1.71555e-19,1.92002e-17,4.00464e-16,9.05595e-19,1.43097e-17,2.43831e-17,2.25007e-15,4.35825e-14,1.12825e-16,1.63101e-15,2.93058e-15,2.00037e-13,3.42920e-12,1.10953e-14,1.41720e-13,2.66356e-13
1.71555e-19,3.79570e-18,7.69837e-21,1.38294e-19,2.02041e-19,2.43831e-17,5.18770e-16,1.13055e-18,1.92002e-17,2.91794e-17,2.93058e-15,5.80684e-14,1.44061e-16,2.25007e-15,3.58426e-15,2.66356e-13,4.66999e-12,1.44721e-14,2.00037e-13,3.32371e-13
2.02041e-19,4.52962e-18,8.96462e-21,1.71555e-19,2.25020e-19,2.91794e-17,6.31140e-16,1.33405e-18,2.43831e-17,3.25376e-17,3.58426e-15,7.24094e-14,1.73292e-16,2.93058e-15,4.02533e-15,3.32371e-13,5.94416e-12,1.77413e-14,2.66356e-13,3.77884e-13
2.25020e-19,5.09132e-18,9.90658e-21,2.02041e-19,2.33593e-19,3.25376e-17,7.12116e-16,1.47287e-18,2.91794e-17,3.35186e-17,4.02533e-15,8.23927e-14,1.92457e-16,3.58426e-15,4.13571e-15,3.77884e-13,6.84220e-12,1.99464e-14,3.32371e-13,3.89100e-13
-9.90631e-21,-2.25015e-19,-4.34686e-22,-1.02545e-20,-8.96445e-21,-1.47285e-18,-3.25372e-17,-6.61678e-20,-1.51156e-18,-1.33404e-18,-1.92456e-16,-4.02532e-15,-9.04635e-18,-1.96986e-16,-1.73291e-16,-1.99464e-14,-3.77884e-13,-1.01676e-15,-2.04758e-14,-1.77413e-14
-8.96445e-21,-2.02038e-19,-3.95998e-22,-9.90631e-21,-7.69832e-21,-1.33404e-18,-2.91792e-17,-6.04420e-20,-1.47285e-18,-1.13054e-18,-1.73291e-16,-3.58425e-15,-8.22383e-18,-1.92456e-16,-1.44061e-16,-1.77413e-14,-3.32371e-13,-9.13391e-16,-1.99464e-14,-1.44721e-14
-7.69832e-21,-1.71554e-19,-3.43392e-22,-8.96445e-21,-6.29298e-21,-1.13054e-18,-2.43830e-17,-5.18437e-20,-1.33404e-18,-9.05598e-19,-1.44061e-16,-2.93057e-15,-6.93525e-18,-1.73291e-16,-1.12825e-16,-1.44721e-14,-2.66356e-13,-7.56854e-16,-1.77413e-14,-1.10953e-14
-6.29298e-21,-1.38295e-19,-2.84111e-22,-7.69832e-21,-4.89784e-21,-9.05598e-19,-1.92002e-17,-4.21472e-20,-1.13054e-18,-6.87944e-19,-1.12825e-16,-2.25008e-15,-5.52633e-18,-1.44061e-16,-8.35825e-17,-1.10953e-14,-2.00037e-13,-5.91144e-16,-1.44721e-14,-8.03620e-15
-4.89784e-21,-1.05956e-19,-2.24160e-22,-6.29298e-21,-3.61765e-21,-6.87944e-19,-1.43099e-17,-3.25534e-20,-9.05598e-19,-4.95211e-19,-8.35825e-17,-1.63102e-15,-4.17328e-18,-1.12825e-16,-5.86156e-17,-8.03620e-15,-1.41720e-13,-4.36905e-16,-1.10953e-14,-5.50963e-15
-3.61765e-21,-7.69871e-20,-1.67945e-22,-4.89784e-21,-2.50352e-21,-4.95211e-19,-1.00988e-17,-2.38418e-20,-6.87944e-19,-3.34314e-19,-5.86156e-17,-1.11858e-15,-2.98522e-18,-8.35825e-17,-3.85944e-17,-5.50963e-15,-9.50302e-14,-3.05769e-16,-8.03620e-15,-3.55168e-15
-2.50352e-21,-5.24457e-20,-1.17816e-22,-3.61765e-21,-1.55723e-21,-3.34314e-19,-6.68958e-18,-1.63639e-20,-4.95211e-19,-2.03627e-19,-3.85944e-17,-7.21046e-16,-2.00304e-18,-5.86156e-17,-2.30138e-17,-3.55168e-15,-5.99957e-14,-2.00979e-16,-5.50963e-15,-2.08053e-15
-1.55723e-21,-3.21901e-20,-7.41302e-23,-2.50352e-21,-7.42808e-22,-2.03627e-19,-4.00938e-18,-1.01078e-20,-3.34314e-19,-9.57555e-20,-2.30138e-17,-4.22274e-16,-1.21372e-18,-3.85944e-17,-1.06666e-17,-2.08053e-15,-3.45316e-14,-1.19683e-16,-3.55168e-15,-9.52711e-16
-7.42808e-22,-1.52164e-20,-3.56365e-23,-1.55723e-21,-8.78294e-26,-9.57555e-20,-1.86475e-18,-4.79874e-21,-2.03627e-19,-6.40233e-24,-1.06666e-17,-1.93315e-16,-5.68731e-19,-2.30138e-17,-3.61302e-22,-9.52711e-16,-1.56235e-14,-5.54236e-17,-2.08053e-15,-1.30026e-20
-8.78294e-26,-1.57514e-24,-4.83796e-27,-7.42808e-22,7.42633e-22,-6.40233e-24,-1.07498e-22,-3.68855e-25,-9.57555e-20,9.57426e-20,-3.61302e-22,-5.18249e-21,-2.34392e-23,-1.06666e-17,1.06659e-17,-1.30026e-20,-1.51020e-19,-1.01947e-21,-9.52711e-16,9.52685e-16
7.42633e-22,1.52133e-20,3.56269e-23,-8.78294e-26,1.55705e-21,9.57426e-20,1.86453e-18,4.79800e-21,-6.40233e-24,2.03615e-19,1.06659e-17,1.93304e-16,5.68685e-19,-3.61302e-22,2.30131e-17,9.52685e-16,1.56232e-14,5.54216e-17,-1.30026e-20,2.08050e-15
1.55705e-21,3.21869e-20,7.41209e-23,7.42633e-22,2.50336e-21,2.03615e-19,4.00916e-18,1.01071e-20,9.57426e-20,3.34301e-19,2.30131e-17,4.22263e-16,1.21367e-18,1.06659e-17,3.85937e-17,2.08050e-15,3.45313e-14,1.19681e-16,9.52685e-16,3.55166e-15
2.50336e-21,5.24426e-20,1.17807e-22,1.55705e-21,3.61751e-21,3.34301e-19,6.68936e-18,1.63633e-20,2.03615e-19,4.95200e-19,3.85937e-17,7.21035e-16,2.00300e-18,2.30131e-17,5.86150e-17,3.55166e-15,5.99954e-14,2.00977e-16,2.08050e-15,5.50961e-15
3.61751e-21,7.69843e-20,1.67937e-22,2.50336e-21,4.89774e-21,4.95200e-19,1.00986e-17,2.38412e-20,3.34301e-19,6.87936e-19,5.86150e-17,1.11857e-15,2.98518e-18,3.85937e-17,8.35820e-17,5.50961e-15,9.50299e-14,3.05768e-16,3.55166e-15,8.03619e-15
4.89774e-21,1.05954e-19,2.24155e-22,3.61751e-21,6.29295e-21,6.87936e-19,1.43097e-17,3.25530e-20,4.95200e-19,9.05595e-19,8.35820e-17,1.63101e-15,4.17325e-18,5.86150e-17,1.12825e-16,8.03619e-15,1.41720e-13,4.36904e-16,5.50961e-15,1.10953e-14
6.29295e-21,1.38294e-19,2.84110e-22,4.89774e-21,7.69837e-21,9.05595e-19,1.92002e-17,4.21471e-20,6.87936e-19,1.13055e-18,1.12825e-16,2.25007e-15,5.52633e-18,8.35820e-17,1.44061e-16,1.10953e-14,2.00037e-13,5.91144e-16,8.03619e-15,1.44721e-14
7.69837e-21,1.71555e-19,3.43395e-22,6.29295e-21,8.96462e-21,1.13055e-18,2.43831e-17,5.18440e-20,9.05595e-19,1.33405e-18,1.44061e-16,2.93058e-15,6.93527e-18,1.12825e-16,1.73292e-16,1.44721e-14,2.66356e-13,7.56855e-16,1.10953e-14,1.77413e-14
8.96462e-21,2.02041e-19,3.96007e-22,7.69837e-21,9.90658e-21,1.33405e-18,2.91794e-17,6.04427e-20,1.13055e-18,1.47287e-18,1.73292e-16,3.58426e-15,8.22388e-18,1.44061e-16,1.92457e-16,1.77413e-14,3.32371e-13,9.13392e-16,1.44721e-14,1.99464e-14
9.90658e-21,2.25020e-19,4.34700e-22,8.96462e-21,1.02548e-20,1.47287e-18,3.25376e-17,6.61689e-20,1.33405e-18,1.51159e-18,1.92457e-16,4.02533e-15,9.04642e-18,1.73292e-16,1.96987e-16,1.99464e-14,3.77884e-13,1.01676e-15,1.77413e-14,2.04758e-14
-4.34686e-22,-9.90631e-21,-1.90194e-23,-4.48871e-22,-3.95998e-22,-6.61678e-20,-1.47285e-18,-2.95412e-21,-6.76906e-20,-6.04420e-20,-9.04635e-18,-1.92456e-16,-4.19468e-19,-9.22918e-18,-8.22383e-18,-1.01676e-15,-1.99464e-14,-5.04244e-17,-1.04077e-15,-9.13391e-16
-3.95998e-22,-8.96445e-21,-1.74271e-23,-4.34686e-22,-3.43392e-22,-6.04420e-20,-1.33404e-18,-2.71822e-21,-6.61678e-20,-5.18437e-20,-8.22383e-18,-1.73291e-16,-3.84489e-19,-9.04635e-18,-6.93525e-18,-9.13391e-16,-1.77413e-14,-4.56977e-17,-1.01676e-15,-7.56854e-16
-3.43392e-22,-7.69832e-21,-1.52399e-23,-3.95998e-22,-2.84111e-22,-5.18437e-20,-1.13054e-18,-2.35594e-21,-6.04420e-20,-4.21472e-20,-6.93525e-18,-1.44061e-16,-3.28289e-19,-8.22383e-18,-5.52633e-18,-7.56854e-16,-1.44721e-14,-3.83924e-17,-9.13391e-16,-5.91144e-16
-2.84111e-22,-6.29298e-21,-1.27418e-23,-3.43392e-22,-2.24160e-22,-4.21472e-20,-9.05598e-19,-1.94005e-21,-5.18437e-20,-3.25534e-20,-5.52633e-18,-1.12825e-16,-2.65580e-19,-6.93525e-18,-4.17328e-18,-5.91144e-16,-1.10953e-14,-3.04884e-17,-7.56854e-16,-4.36905e-16
-2.24160e-22,-4.89784e-21,-1.01730e-23,-2.84111e-22,-1.67945e-22,-3.25534e-20,-6.87944e-19,-1.52028e-21,-4.21472e-20,-2.38418e-20,-4.17328e-18,-8.35825e-17,-2.03971e-19,-5.52633e-18,-2.98522e-18,-4.36905e-16,-8.03620e-15,-2.29491e-17,-5.91144e-16,-3.05769e-16
-1.67945e-22,-3.61765e-21,-7.71673e-24,-2.24160e-22,-1.17816e-22,-2.38418e-20,-4.95211e-19,-1.13036e-21,-3.25534e-20,-1.63639e-20,-2.98522e-18,-5.86156e-17,-1.48481e-19,-4.17328e-18,-2.00304e-18,-3.05769e-16,-5.50963e-15,-1.63652e-17,-4.36905e-16,-2.00979e-16
-1.17816e-22,-2.50352e-21,-5.47765e-24,-1.67945e-22,-7.41302e-23,-1.63639e-20,-3.34314e-19,-7.87091e-22,-2.38418e-20,-1.01078e-20,-2.00304e-18,-3.85944e-17,-1.01308e-19,-2.98522e-18,-1.21372e-18,-2.00979e-16,-3.55168e-15,-1.09499e-17,-3.05769e-16,-1.19683e-16
-7.41302e-23,-1.55723e-21,-3.48088e-24,-1.17816e-22,-3.56365e-23,-1.01078e-20,-2.03627e-19,-4.92132e-22,-1.63639e-20,-4.79874e-21,-1.21372e-18,-2.30138e-17,-6.22614e-20,-2.00304e-18,-5.68731e-19,-1.19683e-16,-2.08053e-15,-6.61962e-18,-2.00979e-16,-5.54236e-17
-3.56365e-23,-7.42808e-22,-1.68456e-24,-7.41302e-23,-4.83796e-27,-4.79874e-21,-9.57555e-20,-2.35575e-22,-1.01078e-20,-3.68855e-25,-5.68731e-19,-1.06666e-17,-2.94571e-20,-1.21372e-18,-2.34392e-23,-5.54236e-17,-9.52711e-16,-3.09706e-18,-1.19683e-16,-1.01947e-21
-4.83796e-27,-8.78294e-26,-2.63131e-28,-3.56365e-23,3.56269e-23,-3.68855e-25,-6.40233e-24,-2.07713e-26,-4.79874e-21,4.79800e-21,-2.34392e-23,-3.61302e-22,-1.44008e-24,-5.68731e-19,5.68685e-19,-1.01947e-21,-1.30026e-20,-7.34278e-23,-5.54236e-17,5.54216e-17
3.56269e-23,7.42633e-22,1.68404e-24,-4.83796e-27,7.41209e-23,4.79800e-21,9.57426e-20,2.35534e-22,-3.68855e-25,1.01071e-20,5.68685e-19,1.06659e-17,2.94542e-20,-2.34392e-23,1.21367e-18,5.54216e-17,9.52685e-16,3.09692e-18,-1.01947e-21,1.19681e-16
7.41209e-23,1.55705e-21,3.48038e-24,3.56269e-23,1.17807e-22,1.01071e-20,2.03615e-19,4.92092e-22,4.79800e-21,1.63633e-20,1.21367e-18,2.30131e-17,6.22586e-20,5.68685e-19,2.00300e-18,1.19681e-16,2.08050e-15,6.61948e-18,5.54216e-17,2.00977e-16
1.17807e-22,2.50336e-21,5.47720e-24,7.41209e-23,1.67937e-22,1.63633e-20,3.34301e-19,7.87054e-22,1.01071e-20,2.38412e-20,2.00300e-18,3.85937e-17,1.01306e-19,1.21367e-18,2.98518e-18,2.00977e-16,3.55166e-15,1.09498e-17,1.19681e-16,3.05768e-16
1.67937e-22,3.61751e-21,7.71636e-24,1.17807e-22,2.24155e-22,2.38412e-20,4.95200e-19,1.13033e-21,1.63633e-20,3.25530e-20,2.98518e-18,5.86150e-17,1.48478e-19,2.00300e-18,4.17325e-18,3.05768e-16,5.50961e-15,1.63650e-17,2.00977e-16,4.36904e-16
2.24155e-22,4.89774e-21,1.01728e-23,1.67937e-22,2.84110e-22,3.25530e-20,6.87936e-19,1.52026e-21,2.38412e-20,4.21471e-20,4.17325e-18,8.35820e-17,2.03969e-19,2.98518e-18,5.52633e-18,4.36904e-16,8.03619e-15,2.29491e-17,3.05768e-16,5.91144e-16
2.84110e-22,6.29295e-21,1.27417e-23,2.24155e-22,3.43395e-22,4.21471e-20,9.05595e-19,1.94005e-21,3.25530e-20,5.18440e-20,5.52633e-18,1.12825e-16,2.65580e-19,4.17325e-18,6.93527e-18,5.91144e-16,1.10953e-14,3.04884e-17,4.36904e-16,7.56855e-16
3.43395e-22,7.69837e-21,1.52401e-23,2.84110e-22,3.96007e-22,5.18440e-20,1.13055e-18,2.35596e-21,4.21471e-20,6.04427e-20,6.93527e-18,1.44061e-16,3.28290e-19,5.52633e-18,8.22388e-18,7.56855e-16,1.44721e-14,3.83925e-17,5.91144e-16,9.13392e-16
3.96007e-22,8.96462e-21,1.74275e-23,3.43395e-22,4.34700e-22,6.04427e-20,1.33405e-18,2.71826e-21,5.18440e-20,6.61689e-20,8.22388e-18,1.73292e-16,3.84492e-19,6.93527e-18,9.04642e-18,9.13392e-16,1.77413e-14,4.56978e-17,7.56855e-16,1.01676e-15
4.34700e-22,9.90658e-21,1.90202e-23,3.96007e-22,4.48887e-22,6.61689e-20,1.47287e-18,2.95417e-21,6.04427e-20,6.76919e-20,9.04642e-18,1.92457e-16,4.19472e-19,8.22388e-18,9.22925e-18,1.01676e-15,1.99464e-14,5.04245e-17,9.13392e-16,1.04077e-15
-1.90194e-23,-4.34686e-22,-8.30106e-25,-1.95991e-23,-1.74271e-23,-2.95412e-21,-6.61678e-20,-1.31203e-22,-3.01382e-21,-2.71822e-21,-4.19468e-19,-9.04635e-18,-1.92359e-20,-4.26737e-19,-3.84489e-19,-5.04244e-17,-1.01676e-15,-2.44630e-18,-5.14805e-17,-4.56977e-17
-1.74271e-23,-3.95998e-22,-7.64434e-25,-1.90194e-23,-1.52399e-23,-2.71822e-21,-6.04420e-20,-1.21490e-22,-2.95412e-21,-2.35594e-21,-3.84489e-19,-8.22383e-18,-1.77587e-20,-4.19468e-19,-3.28289e-19,-4.56977e-17,-9.13391e-16,-2.23424e-18,-5.04244e-17,-3.83924e-17
-1.52399e-23,-3.43392e-22,-6.73418e-25,-1.74271e-23,-1.27418e-23,-2.35594e-21,-5.18437e-20,-1.06255e-22,-2.71822e-21,-1.94005e-21,-3.28289e-19,-6.93525e-18,-1.53272e-20,-3.84489e-19,-2.65580e-19,-3.83924e-17,-7.56854e-16,-1.90001e-18,-4.56977e-17,-3.04884e-17
-1.27418e-23,-2.84111e-22,-5.68197e-25,-1.52399e-23,-1.01730e-23,-1.94005e-21,-4.21472e-20,-8.84817e-23,-2.35594e-21,-1.52028e-21,-2.65580e-19,-5.52633e-18,-1.25646e-20,-3.28289e-19,-2.03971e-19,-3.04884e-17,-5.91144e-16,-1.53128e-18,-3.83924e-17,-2.29491e-17
-1.01730e-23,-2.24160e-22,-4.58362e-25,-1.27418e-23,-7.71673e-24,-1.52028e-21,-3.25534e-20,-7.02178e-23,-1.94005e-21,-1.13036e-21,-2.03971e-19,-4.17328e-18,-9.79423e-21,-2.65580e-19,-1.48481e-19,-2.29491e-17,-4.36905e-16,-1.17167e-18,-3.04884e-17,-1.63652e-17
-7.71673e-24,-1.67945e-22,-3.51455e-25,-1.01730e-23,-5.47765e-24,-1.13036e-21,-2.38418e-20,-5.29004e-23,-1.52028e-21,-7.87091e-22,-1.48481e-19,-2.98522e-18,-7.24066e-21,-2.03971e-19,-1.01308e-19,-1.63652e-17,-3.05769e-16,-8.49791e-19,-2.29491e-17,-1.09499e-17
-5.47765e-24,-1.17816e-22,-2.52043e-25,-7.71673e-24,-3.48088e-24,-7.87091e-22,-1.63639e-20,-3.73009e-23,-1.13036e-21,-4.92132e-22,-1.01308e-19,-2.00304e-18,-5.01363e-21,-1.48481e-19,-6.22614e-20,-1.09499e-17,-2.00979e-16,-5.77828e-19,-1.63652e-17,-6.61962e-18
-3.48088e-24,-7.41302e-23,-1.61542e-25,-5.47765e-24,-1.68456e-24,-4.92132e-22,-1.01078e-20,-2.35701e-23,-7.87091e-22,-2.35575e-22,-6.22614e-20,-1.21372e-18,-3.11982e-21,-1.01308e-19,-2.94571e-20,-6.61962e-18,-1.19683e-16,-3.54104e-19,-1.09499e-17,-3.09706e-18
-1.68456e-24,-3.56365e-23,-7.86279e-26,-3.48088e-24,-2.63131e-28,-2.35575e-22,-4.79874e-21,-1.13632e-23,-4.92132e-22,-2.07713e-26,-2.94571e-20,-5.68731e-19,-1.48854e-21,-6.22614e-20,-1.44008e-24,-3.09706e-18,-5.54236e-17,-1.67210e-19,-6.61962e-18,-7.34278e-23
-2.63131e-28,-4.83796e-27,-1.41043e-29,-1.68456e-24,1.68404e-24,-2.07713e-26,-3.68855e-25,-1.15041e-27,-2.35575e-22,2.35534e-22,-1.44008e-24,-2.34392e-23,-8.49759e-26,-2.94571e-20,2.94542e-20,-7.34278e-23,-1.01947e-21,-4.92701e-24,-3.09706e-18,3.09692e-18
1.68404e-24,3.56269e-23,7.86001e-26,-2.63131e-28,3.48038e-24,2.35534e-22,4.79800e-21,1.13610e-23,-2.07713e-26,4.92092e-22,2.94542e-20,5.68685e-19,1.48837e-21,-1.44008e-24,6.22586e-20,3.09692e-18,5.54216e-17,1.67200e-19,-7.34278e-23,6.61948e-18
3.48038e-24,7.41209e-23,1.61515e-25,1.68404e-24,5.47720e-24,4.92092e-22,1.01071e-20,2.35679e-23,2.35534e-22,7.87054e-22,6.22586e-20,1.21367e-18,3.11966e-21,2.94542e-20,1.01306e-19,6.61948e-18,1.19681e-16,3.54094e-19,3.09692e-18,1.09498e-17
5.47720e-24,1.17807e-22,2.52019e-25,3.48038e-24,7.71636e-24,7.87054e-22,1.63633e-20,3.72989e-23,4.92092e-22,1.13033e-21,1.01306e-19,2.00300e-18,5.01348e-21,6.22586e-20,1.48478e-19,1.09498e-17,2.00977e-16,5.77819e-19,6.61948e-18,1.63650e-17
7.71636e-24,1.67937e-22,3.51436e-25,5.47720e-24,1.01728e-23,1.13033e-21,2.38412e-20,5.28988e-23,7.87054e-22,1.52026e-21,1.48478e-19,2.98518e-18,7.24053e-21,1.01306e-19,2.03969e-19,1.63650e-17,3.05768e-16,8.49784e-19,1.09498e-17,2.29491e-17
1.01728e-23,2.24155e-22,4.58351e-25,7.71636e-24,1.27417e-23,1.52026e-21,3.25530e-20,7.02167e-23,1.13033e-21,1.94005e-21,2.03969e-19,4.17325e-18,9.79415e-21,1.48478e-19,2.65580e-19,2.29491e-17,4.36904e-16,1.17167e-18,1.63650e-17,3.04884e-17
1.27417e-23,2.84110e-22,5.68196e-25,1.01728e-23,1.52401e-23,1.94005e-21,4.21471e-20,8.84815e-23,1.52026e-21,2.35596e-21,2.65580e-19,5.52633e-18,1.25646e-20,2.03969e-19,3.28290e-19,3.04884e-17,5.91144e-16,1.53128e-18,2.29491e-17,3.83925e-17
1.52401e-23,3.43395e-22,6.73429e-25,1.27417e-23,1.74275e-23,2.35596e-21,5.18440e-20,1.06255e-22,1.94005e-21,2.71826e-21,3.28290e-19,6.93527e-18,1.53273e-20,2.65580e-19,3.84492e-19,3.83925e-17,7.56855e-16,1.90001e-18,3.04884e-17,4.56978e-17
1.74275e-23,3.96007e-22,7.64458e-25,1.52401e-23,1.90202e-23,2.71826e-21,6.04427e-20,1.21492e-22,2.35596e-21,2.95417e-21,3.84492e-19,8.22388e-18,1.77588e-20,3.28290e-19,4.19472e-19,4.56978e-17,9.13392e-16,2.23425e-18,3.83925e-17,5.04245e-17
1.90202e-23,4.34700e-22,8.30143e-25,1.74275e-23,1.95999e-23,2.95417e-21,6.61689e-20,1.31206e-22,2.71826e-21,3.01388e-21,4.19472e-19,9.04642e-18,1.92361e-20,3.84492e-19,4.26741e-19,5.04245e-17,1.01676e-15,2.44631e-18,4.56978e-17,5.14807e-17
-8.30106e-25,-1.90194e-23,-3.61500e-26,-8.53855e-25,-7.64434e-25,-1.31203e-22,-2.95412e-21,-5.80149e-24,-1.33537e-22,-1.21490e-22,-1.92359e-20,-4.19468e-19,-8.74106e-22,-1.95210e-20,-1.77587e-20,-2.44630e-18,-5.04244e-17,-1.16578e-19,-2.49164e-18,-2.23424e-18
-7.64434e-25,-1.74271e-23,-3.34363e-26,-8.30106e-25,-6.73418e-25,-1.21490e-22,-2.71822e-21,-5.40160e-24,-1.31203e-22,-1.06255e-22,-1.77587e-20,-3.84489e-19,-8.12040e-22,-1.92359e-20,-1.53272e-20,-2.23424e-18,-4.56977e-17,-1.07205e-19,-2.44630e-18,-1.90001e-18
-6.73418e-25,-1.52399e-23,-2.96449e-26,-7.64434e-25,-5.68197e-25,-1.06255e-22,-2.35594e-21,-4.76162e-24,-1.21490e-22,-8.84817e-23,-1.53272e-20,-3.28289e-19,-7.07485e-22,-1.77587e-20,-1.25646e-20,-1.90001e-18,-3.83924e-17,-9.21480e-20,-2.23424e-18,-1.53128e-18
-5.68197e-25,-1.27418e-23,-2.52135e-26,-6.73418e-25,-4.58362e-25,-8.84817e-23,-1.94005e-21,-4.00410e-24,-1.06255e-22,-7.02178e-23,-1.25646e-20,-2.65580e-19,-5.86736e-22,-1.53272e-20,-9.79423e-21,-1.53128e-18,-3.04884e-17,-7.52439e-20,-1.90001e-18,-1.17167e-18
-4.58362e-25,-1.01730e-23,-2.05241e-26,-5.68197e-25,-3.51455e-25,-7.02178e-23,-1.52028e-21,-3.21287e-24,-8.84817e-23,-5.29004e-23,-9.79423e-21,-2.03971e-19,-4.63379e-22,-1.25646e-20,-7.24066e-21,-1.17167e-18,-2.29491e-17,-5.84228e-20,-1.53128e-18,-8.49791e-19
-3.51455e-25,-7.71673e-24,-1.58855e-26,-4.58362e-25,-2.52043e-25,-5.29004e-23,-1.13036e-21,-2.44850e-24,-7.02178e-23,-3.73009e-23,-7.24066e-21,-1.48481e-19,-3.47256e-22,-9.79423e-21,-5.01363e-21,-8.49791e-19,-1.63652e-17,-4.30209e-20,-1.17167e-18,-5.77828e-19
-2.52043e-25,-5.47765e-24,-1.14938e-26,-3.51455e-25,-1.61542e-25,-3.73009e-23,-7.87091e-22,-1.74546e-24,-5.29004e-23,-2.35701e-23,-5.01363e-21,-1.01308e-19,-2.43585e-22,-7.24066e-21,-3.11982e-21,-5.77828e-19,-1.09499e-17,-2.96784e-20,-8.49791e-19,-3.54104e-19
-1.61542e-25,-3.48088e-24,-7.42142e-27,-2.52043e-25,-7.86279e-26,-2.35701e-23,-4.92132e-22,-1.11309e-24,-3.73009e-23,-1.13632e-23,-3.11982e-21,-6.22614e-20,-1.53237e-22,-5.01363e-21,-1.48854e-21,-3.54104e-19,-6.61962e-18,-1.84104e-20,-5.77828e-19,-1.67210e-19
-7.86279e-26,-1.68456e-24,-3.63018e-27,-1.61542e-25,-1.41043e-29,-1.13632e-23,-2.35575e-22,-5.39937e-25,-2.35701e-23,-1.15041e-27,-1.48854e-21,-2.94571e-20,-7.36527e-23,-3.11982e-21,-8.49759e-26,-1.67210e-19,-3.09706e-18,-8.76549e-21,-3.54104e-19,-4.92701e-24
-1.41043e-29,-2.63131e-28,-7.43599e-31,-7.86279e-26,7.86001e-26,-1.15041e-27,-2.07713e-26,-6.28415e-29,-1.13632e-23,1.13610e-23,-8.49759e-26,-1.44008e-24,-4.86797e-27,-1.48854e-21,1.48837e-21,-4.92701e-24,-7.34278e-23,-3.12288e-25,-1.67210e-19,1.67200e-19
7.86001e-26,1.68404e-24,3.62872e-27,-1.41043e-29,1.61515e-25,1.13610e-23,2.35534e-22,5.39813e-25,-1.15041e-27,2.35679e-23,1.48837e-21,2.94542e-20,7.36430e-23,-8.49759e-26,3.11966e-21,1.67200e-19,3.09692e-18,8.76487e-21,-4.92701e-24,3.54094e-19
1.61515e-25,3.48038e-24,7.42005e-27,7.86001e-26,2.52019e-25,2.35679e-23,4.92092e-22,1.11297e-24,1.13610e-23,3.72989e-23,3.11966e-21,6.22586e-20,1.53227e-22,1.48837e-21,5.01348e-21,3.54094e-19,6.61948e-18,1.84098e-20,1.67200e-19,5.77819e-19
2.52019e-25,5.47720e-24,1.14926e-26,1.61515e-25,3.51436e-25,3.72989e-23,7.87054e-22,1.74535e-24,2.35679e-23,5.28988e-23,5.01348e-21,1.01306e-19,2.43576e-22,3.11966e-21,7.24053e-21,5.77819e-19,1.09498e-17,2.96778e-20,3.54094e-19,8.49784e-19
3.51436e-25,7.71636e-24,1.58846e-26,2.52019e-25,4.58351e-25,5.28988e-23,1.13033e-21,2.44842e-24,3.72989e-23,7.02167e-23,7.24053e-21,1.48478e-19,3.47249e-22,5.01348e-21,9.79415e-21,8.49784e-19,1.63650e-17,4.30204e-20,5.77819e-19,1.17167e-18
4.58351e-25,1.01728e-23,2.05235e-26,3.51436e-25,5.68196e-25,7.02167e-23,1.52026e-21,3.21282e-24,5.28988e-23,8.84815e-23,9.79415e-21,2.03969e-19,4.63375e-22,7.24053e-21,1.25646e-20,1.17167e-18,2.29491e-17,5.84225e-20,8.49784e-19,1.53128e-18
5.68196e-25,1.27417e-23,2.52134e-26,4.58351e-25,6.73429e-25,8.84815e-23,1.94005e-21,4.00409e-24,7.02167e-23,1.06255e-22,1.25646e-20,2.65580e-19,5.86736e-22,9.79415e-21,1.53273e-20,1.53128e-18,3.04884e-17,7.52438e-20,1.17167e-18,1.90001e-18
6.73429e-25,1.52401e-23,2.96454e-26,5.68196e-25,7.64458e-25,1.06255e-22,2.35596e-21,4.76167e-24,8.84815e-23,1.21492e-22,1.53273e-20,3.28290e-19,7.07489e-22,1.25646e-20,1.77588e-20,1.90001e-18,3.83925e-17,9.21482e-20,1.53128e-18,2.23425e-18
7.64458e-25,1.74275e-23,3.34376e-26,6.73429e-25,8.30143e-25,1.21492e-22,2.71826e-21,5.40171e-24,1.06255e-22,1.31206e-22,1.77588e-20,3.84492e-19,8.12048e-22,1.53273e-20,1.92361e-20,2.23425e-18,4.56978e-17,1.07205e-19,1.90001e-18,2.44631e-18
8.30143e-25,1.90202e-23,3.61519e-26,7.64458e-25,8.53897e-25,1.31206e-22,2.95417e-21,5.80165e-24,1.21492e-22,1.33540e-22,1.92361e-20,4.19472e-19,8.74118e-22,1.77588e-20,1.95213e-20,2.44631e-18,5.04245e-17,1.16579e-19,2.23425e-18,2.49166e-18
-3.61500e-26,-8.30106e-25,-1.57118e-27,-3.71256e-26,-3.34363e-26,-5.80149e-24,-1.31203e-22,-2.55558e-25,-5.89248e-24,-5.40160e-24,-8.74106e-22,-1.92359e-20,-3.94196e-23,-8.85145e-22,-8.12040e-22,-1.16578e-19,-2.44630e-18,-5.47457e-21,-1.18487e-19,-1.07205e-19
-3.34363e-26,-7.64434e-25,-1.45882e-27,-3.61500e-26,-2.96449e-26,-5.40160e-24,-1.21490e-22,-2.39089e-25,-5.80149e-24,-4.76162e-24,-8.12040e-22,-1.77587e-20,-3.68219e-23,-8.74106e-22,-7.07485e-22,-1.07205e-19,-2.23424e-18,-5.06499e-21,-1.16578e-19,-9.21480e-20
-2.96449e-26,-6.73418e-25,-1.30070e-27,-3.34363e-26,-2.52135e-26,-4.76162e-24,-1.06255e-22,-2.12222e-25,-5.40160e-24,-4.00410e-24,-7.07485e-22,-1.53272e-20,-3.23466e-23,-8.12040e-22,-5.86736e-22,-9.21480e-20,-1.90001e-18,-4.39491e-21,-1.07205e-19,-7.52439e-20
-2.52135e-26,-5.68197e-25,-1.11404e-27,-2.96449e-26,-2.05241e-26,-4.00410e-24,-8.84817e-23,-1.79994e-25,-4.76162e-24,-3.21287e-24,-5.86736e-22,-1.25646e-20,-2.71008e-23,-7.07485e-22,-4.63379e-22,-7.52439e-20,-1.53128e-18,-3.63061e-21,-9.21480e-20,-5.84228e-20
-2.05241e-26,-4.58362e-25,-9.14043e-28,-2.52135e-26,-1.58855e-26,-3.21287e-24,-7.02178e-23,-1.45830e-25,-4.00410e-24,-2.44850e-24,-4.63379e-22,-9.79423e-21,-2.16505e-23,-5.86736e-22,-3.47256e-22,-5.84228e-20,-1.17167e-18,-2.85597e-21,-7.52439e-20,-4.30209e-20
-1.58855e-26,-3.51455e-25,-7.13283e-28,-2.05241e-26,-1.14938e-26,-2.44850e-24,-5.29004e-23,-1.12259e-25,-3.21287e-24,-1.74546e-24,-3.47256e-22,-7.24066e-21,-1.64201e-23,-4.63379e-22,-2.43585e-22,-4.30209e-20,-8.49791e-19,-2.13173e-21,-5.84228e-20,-2.96784e-20
-1.14938e-26,-2.52043e-25,-5.20091e-28,-1.58855e-26,-7.42142e-27,-1.74546e-24,-3.73009e-23,-8.07920e-26,-2.44850e-24,-1.11309e-24,-2.43585e-22,-5.01363e-21,-1.16497e-23,-3.47256e-22,-1.53237e-22,-2.96784e-20,-5.77828e-19,-1.48967e-21,-4.30209e-20,-1.84104e-20
-7.42142e-27,-1.61542e-25,-3.37974e-28,-1.14938e-26,-3.63018e-27,-1.11309e-24,-2.35701e-23,-5.19327e-26,-1.74546e-24,-5.39937e-25,-1.53237e-22,-3.11982e-21,-7.39895e-24,-2.43585e-22,-7.36527e-23,-1.84104e-20,-3.54104e-19,-9.34157e-22,-2.96784e-20,-8.76549e-21
-3.63018e-27,-7.86279e-26,-1.66027e-28,-7.42142e-27,-7.43599e-31,-5.39937e-25,-1.13632e-23,-2.53259e-26,-1.11309e-24,-6.28415e-29,-7.36527e-23,-1.48854e-21,-3.57916e-24,-1.53237e-22,-4.86797e-27,-8.76549e-21,-1.67210e-19,-4.48032e-22,-1.84104e-20,-3.12288e-25
-7.43599e-31,-1.41043e-29,-3.85066e-32,-3.63018e-27,3.62872e-27,-6.28415e-29,-1.15041e-27,-3.38734e-30,-5.39937e-25,5.39813e-25,-4.86797e-27,-8.49759e-26,-2.72818e-28,-7.36527e-23,7.36430e-23,-3.12288e-25,-4.92701e-24,-1.89262e-26,-8.76549e-21,8.76487e-21
3.62872e-27,7.86001e-26,1.65951e-28,-7.43599e-31,7.42005e-27,5.39813e-25,1.13610e-23,2.53193e-26,-6.28415e-29,1.11297e-24,7.36430e-23,1.48837e-21,3.57862e-24,-4.86797e-27,1.53227e-22,8.76487e-21,1.67200e-19,4.47994e-22,-3.12288e-25,1.84098e-20
7.42005e-27,1.61515e-25,3.37904e-28,3.62872e-27,1.14926e-26,1.11297e-24,2.35679e-23,5.19265e-26,5.39813e-25,1.74535e-24,1.53227e-22,3.11966e-21,7.39844e-24,7.36430e-23,2.43576e-22,1.84098e-20,3.54094e-19,9.34121e-22,8.76487e-21,2.96778e-20
1.14926e-26,2.52019e-25,5.20029e-28,7.42005e-27,1.58846e-26,1.74535e-24,3.72989e-23,8.07865e-26,1.11297e-24,2.44842e-24,2.43576e-22,5.01348e-21,1.16493e-23,1.53227e-22,3.47249e-22,2.96778e-20,5.77819e-19,1.48964e-21,1.84098e-20,4.30204e-20
1.58846e-26,3.51436e-25,7.13236e-28,1.14926e-26,2.05235e-26,2.44842e-24,5.28988e-23,1.12255e-25,1.74535e-24,3.21282e-24,3.47249e-22,7.24053e-21,1.64197e-23,2.43576e-22,4.63375e-22,4.30204e-20,8.49784e-19,2.13170e-21,2.96778e-20,5.84225e-20
2.05235e-26,4.58351e-25,9.14016e-28,1.58846e-26,2.52134e-26,3.21282e-24,7.02167e-23,1.45828e-25,2.44842e-24,4.00409e-24,4.63375e-22,9.79415e-21,2.16503e-23,3.47249e-22,5.86736e-22,5.84225e-20,1.17167e-18,2.85596e-21,4.30204e-20,7.52438e-20
2.52134e-26,5.68196e-25,1.11404e-27,2.05235e-26,2.96454e-26,4.00409e-24,8.84815e-23,1.79994e-25,3.21282e-24,4.76167e-24,5.86736e-22,1.25646e-20,2.71008e-23,4.63375e-22,7.07489e-22,7.52438e-20,1.53128e-18,3.63061e-21,5.84225e-20,9.21482e-20
2.96454e-26,6.73429e-25,1.30073e-27,2.52134e-26,3.34376e-26,4.76167e-24,1.06255e-22,2.12225e-25,4.00409e-24,5.40171e-24,7.07489e-22,1.53273e-20,3.23468e-23,5.86736e-22,8.12048e-22,9.21482e-20,1.90001e-18,4.39492e-21,7.52438e-20,1.07205e-19
3.34376e-26,7.64458e-25,1.45889e-27,2.96454e-26,3.61519e-26,5.40171e-24,1.21492e-22,2.39095e-25,4.76167e-24,5.80165e-24,8.12048e-22,1.77588e-20,3.68223e-23,7.07489e-22,8.74118e-22,1.07205e-19,2.23425e-18,5.06502e-21,9.21482e-20,1.16579e-19
3.61519e-26,8.30143e-25,1.57127e-27,3.34376e-26,3.71278e-26,5.80165e-24,1.31206e-22,2.55566e-25,5.40171e-24,5.89265e-24,8.74118e-22,1.92361e-20,3.94203e-23,8.12048e-22,8.85158e-22,1.16579e-19,2.44631e-18,5.47462e-21,1.07205e-19,1.18488e-19
-1.57118e-27,-3.61500e-26,-6.81660e-29,-1.61135e-27,-1.45882e-27,-2.55558e-25,-5.80149e-24,-1.12204e-26,-2.59096e-25,-2.39089e-25,-3.94196e-23,-8.74106e-22,-1.76635e-24,-3.98415e-23,-3.68219e-23,-5.47457e-21,-1.16578e-19,-2.53972e-22,-5.55356e-21,-5.06499e-21
-1.45882e-27,-3.34363e-26,-6.35055e-29,-1.57118e-27,-1.30070e-27,-2.39089e-25,-5.40160e-24,-1.05418e-26,-2.55558e-25,-2.12222e-25,-3.68219e-23,-8.12040e-22,-1.65792e-24,-3.94196e-23,-3.23466e-23,-5.06499e-21,-1.07205e-19,-2.36237e-22,-5.47457e-21,-4.39491e-21
-1.30070e-27,-2.96449e-26,-5.69032e-29,-1.45882e-27,-1.11404e-27,-2.12222e-25,-4.76162e-24,-9.41413e-27,-2.39089e-25,-1.79994e-25,-3.23466e-23,-7.07485e-22,-1.46702e-24,-3.68219e-23,-2.71008e-23,-4.39491e-21,-9.21480e-20,-2.06702e-22,-5.06499e-21,-3.63061e-21
-1.11404e-27,-2.52135e-26,-4.90379e-29,-1.30070e-27,-9.14043e-28,-1.79994e-25,-4.00410e-24,-8.04478e-27,-2.12222e-25,-1.45830e-25,-2.71008e-23,-5.86736e-22,-1.24019e-24,-3.23466e-23,-2.16505e-23,-3.63061e-21,-7.52439e-20,-1.72523e-22,-4.39491e-21,-2.85597e-21
-9.14043e-28,-2.05241e-26,-4.05141e-29,-1.11404e-27,-7.13283e-28,-1.45830e-25,-3.21287e-24,-6.57335e-27,-1.79994e-25,-1.12259e-25,-2.16505e-23,-4.63379e-22,-1.00085e-24,-2.71008e-23,-1.64201e-23,-2.85597e-21,-5.84228e-20,-1.37296e-22,-3.63061e-21,-2.13173e-21
-7.13283e-28,-1.58855e-26,-3.18429e-29,-9.14043e-28,-5.20091e-28,-1.12259e-25,-2.44850e-24,-5.10483e-27,-1.45830e-25,-8.07920e-26,-1.64201e-23,-3.47256e-22,-7.67094e-25,-2.16505e-23,-1.16497e-23,-2.13173e-21,-4.30209e-20,-1.03721e-22,-2.85597e-21,-1.48967e-21
-5.20091e-28,-1.14938e-26,-2.33749e-29,-7.13283e-28,-3.37974e-28,-8.07920e-26,-1.74546e-24,-3.70456e-27,-1.12259e-25,-5.19327e-26,-1.16497e-23,-2.43585e-22,-5.49695e-25,-1.64201e-23,-7.39895e-24,-1.48967e-21,-2.96784e-20,-7.33160e-23,-2.13173e-21,-9.34157e-22
-3.37974e-28,-7.42142e-27,-1.52745e-29,-5.20091e-28,-1.66027e-28,-5.19327e-26,-1.11309e-24,-2.39777e-27,-8.07920e-26,-2.53259e-26,-7.39895e-24,-1.53237e-22,-3.52042e-25,-1.16497e-23,-3.57916e-24,-9.34157e-22,-1.84104e-20,-4.64191e-23,-1.48967e-21,-4.48032e-22
-1.66027e-28,-3.63018e-27,-7.53120e-30,-3.37974e-28,-3.85066e-32,-2.53259e-26,-5.39937e-25,-1.17471e-27,-5.19327e-26,-3.38734e-30,-3.57916e-24,-7.36527e-23,-1.71249e-25,-7.39895e-24,-2.72818e-28,-4.48032e-22,-8.76549e-21,-2.24073e-23,-9.34157e-22,-1.89262e-26
-3.85066e-32,-7.43599e-31,-1.95755e-33,-1.66027e-28,1.65951e-28,-3.38734e-30,-6.28415e-29,-1.80042e-31,-2.53259e-26,2.53193e-26,-2.72818e-28,-4.86797e-27,-1.50307e-29,-3.57916e-24,3.57862e-24,-1.89262e-26,-3.12288e-25,-1.10790e-27,-4.48032e-22,4.47994e-22
1.65951e-28,3.62872e-27,7.52737e-30,-3.85066e-32,3.37904e-28,2.53193e-26,5.39813e-25,1.17436e-27,-3.38734e-30,5.19265e-26,3.57862e-24,7.36430e-23,1.71220e-25,-2.72818e-28,7.39844e-24,4.47994e-22,8.76487e-21,2.24051e-23,-1.89262e-26,9.34121e-22
3.37904e-28,7.42005e-27,1.52709e-29,1.65951e-28,5.20029e-28,5.19265e-26,1.11297e-24,2.39744e-27,2.53193e-26,8.07865e-26,7.39844e-24,1.53227e-22,3.52014e-25,3.57862e-24,1.16493e-23,9.34121e-22,1.84098e-20,4.64170e-23,4.47994e-22,1.48964e-21
5.20029e-28,1.14926e-26,2.33718e-29,3.37904e-28,7.13236e-28,8.07865e-26,1.74535e-24,3.70427e-27,5.19265e-26,1.12255e-25,1.16493e-23,2.43576e-22,5.49671e-25,7.39844e-24,1.64197e-23,1.48964e-21,2.96778e-20,7.33141e-23,9.34121e-22,2.13170e-21
7.13236e-28,1.58846e-26,3.18405e-29,5.20029e-28,9.14016e-28,1.12255e-25,2.44842e-24,5.10461e-27,8.07865e-26,1.45828e-25,1.64197e-23,3.47249e-22,7.67075e-25,1.16493e-23,2.16503e-23,2.13170e-21,4.30204e-20,1.03720e-22,1.48964e-21,2.85596e-21
9.14016e-28,2.05235e-26,4.05128e-29,7.13236e-28,1.11404e-27,1.45828e-25,3.21282e-24,6.57323e-27,1.12255e-25,1.79994e-25,2.16503e-23,4.63375e-22,1.00084e-24,1.64197e-23,2.71008e-23,2.85596e-21,5.84225e-20,1.37295e-22,2.13170e-21,3.63061e-21
1.11404e-27,2.52134e-26,4.90379e-29,9.14016e-28,1.30073e-27,1.79994e-25,4.00409e-24,8.04479e-27,1.45828e-25,2.12225e-25,2.71008e-23,5.86736e-22,1.24019e-24,2.16503e-23,3.23468e-23,3.63061e-21,7.52438e-20,1.72523e-22,2.85596e-21,4.39492e-21
1.30073e-27,2.96454e-26,5.69048e-29,1.11404e-27,1.45889e-27,2.12225e-25,4.76167e-24,9.41428e-27,1.79994e-25,2.39095e-25,3.23468e-23,7.07489e-22,1.46704e-24,2.71008e-23,3.68223e-23,4.39492e-21,9.21482e-20,2.06703e-22,3.63061e-21,5.06502e-21
1.45889e-27,3.34376e-26,6.35089e-29,1.30073e-27,1.57127e-27,2.39095e-25,5.40171e-24,1.05421e-26,2.12225e-25,2.55566e-25,3.68223e-23,8.12048e-22,1.65795e-24,3.23468e-23,3.94203e-23,5.06502e-21,1.07205e-19,2.36239e-22,4.39492e-21,5.47462e-21
1.57127e-27,3.61519e-26,6.81707e-29,1.45889e-27,1.61146e-27,2.55566e-25,5.80165e-24,1.12209e-26,2.39095e-25,2.59105e-25,3.94203e-23,8.74118e-22,1.76639e-24,3.68223e-23,3.98422e-23,5.47462e-21,1.16579e-19,2.53975e-22,5.06502e-21,5.55361e-21
-6.81660e-29,-1.57118e-27,-2.95262e-30,-6.98245e-29,-6.35055e-29,-1.12204e-26,-2.55558e-25,-4.91222e-28,-1.13576e-26,-1.05418e-26,-1.76635e-24,-3.94196e-23,-7.87178e-26,-1.78226e-24,-1.65792e-24,-2.53972e-22,-5.47457e-21,-1.16622e-23,-2.57193e-22,-2.36237e-22
-6.35055e-29,-1.45882e-27,-2.75895e-30,-6.81660e-29,-5.69032e-29,-1.05418e-26,-2.39089e-25,-4.63233e-28,-1.12204e-26,-9.41413e-27,-1.65792e-24,-3.68219e-23,-7.42008e-26,-1.76635e-24,-1.46702e-24,-2.36237e-22,-5.06499e-21,-1.08998e-23,-2.53972e-22,-2.06702e-22
-5.69032e-29,-1.30070e-27,-2.48292e-30,-6.35055e-29,-4.90379e-29,-9.41413e-27,-2.12222e-25,-4.15897e-28,-1.05418e-26,-8.04478e-27,-1.46702e-24,-3.23466e-23,-6.60781e-26,-1.65792e-24,-1.24019e-24,-2.06702e-22,-4.39491e-21,-9.60780e-24,-2.36237e-22,-1.72523e-22
-4.90379e-29,-1.11404e-27,-2.15134e-30,-5.69032e-29,-4.05141e-29,-8.04478e-27,-1.79994e-25,-3.57761e-28,-9.41413e-27,-6.57335e-27,-1.24019e-24,-2.71008e-23,-5.63048e-26,-1.46702e-24,-1.00085e-24,-1.72523e-22,-3.63061e-21,-8.09279e-24,-2.06702e-22,-1.37296e-22
-4.05141e-29,-9.14043e-28,-1.78825e-30,-4.90379e-29,-3.18429e-29,-6.57335e-27,-1.45830e-25,-2.94511e-28,-8.04478e-27,-5.10483e-27,-1.00085e-24,-2.16505e-23,-4.58461e-26,-1.24019e-24,-7.67094e-25,-1.37296e-22,-2.85597e-21,-6.50701e-24,-1.72523e-22,-1.03721e-22
-3.18429e-29,-7.13283e-28,-1.41434e-30,-4.05141e-29,-2.33749e-29,-5.10483e-27,-1.12259e-25,-2.30485e-28,-6.57335e-27,-3.70456e-27,-7.67094e-25,-1.64201e-23,-3.54649e-26,-1.00085e-24,-5.49695e-25,-1.03721e-22,-2.13173e-21,-4.96864e-24,-1.37296e-22,-7.33160e-23
-2.33749e-29,-5.20091e-28,-1.04433e-30,-3.18429e-29,-1.52745e-29,-3.70456e-27,-8.07920e-26,-1.68480e-28,-5.10483e-27,-2.39777e-27,-5.49695e-25,-1.16497e-23,-2.56372e-26,-7.67094e-25,-3.52042e-25,-7.33160e-23,-1.48967e-21,-3.54791e-24,-1.03721e-22,-4.64191e-23
-1.52745e-29,-3.37974e-28,-6.85726e-31,-2.33749e-29,-7.53120e-30,-2.39777e-27,-5.19327e-26,-1.09704e-28,-3.70456e-27,-1.17471e-27,-3.52042e-25,-7.39895e-24,-1.65388e-26,-5.49695e-25,-1.71249e-25,-4.64191e-23,-9.34157e-22,-2.26543e-24,-7.33160e-23,-2.24073e-23
-7.53120e-30,-1.66027e-28,-3.39185e-31,-1.52745e-29,-1.95755e-33,-1.17471e-27,-2.53259e-26,-5.39612e-29,-2.39777e-27,-1.80042e-31,-1.71249e-25,-3.57916e-24,-8.08440e-27,-3.52042e-25,-1.50307e-29,-2.24073e-23,-4.48032e-22,-1.09979e-24,-4.64191e-23,-1.10790e-27
-1.95755e-33,-3.85066e-32,-9.77278e-35,-7.53120e-30,7.52737e-30,-1.80042e-31,-3.38734e-30,-9.42585e-33,-1.17471e-27,1.17436e-27,-1.50307e-29,-2.72818e-28,-8.16147e-31,-1.71249e-25,1.71220e-25,-1.10790e-27,-1.89262e-26,-6.31437e-29,-2.24073e-23,2.24051e-23
7.52737e-30,1.65951e-28,3.38994e-31,-1.95755e-33,1.52709e-29,1.17436e-27,2.53193e-26,5.39428e-29,-1.80042e-31,2.39744e-27,1.71220e-25,3.57862e-24,8.08280e-27,-1.50307e-29,3.52014e-25,2.24051e-23,4.47994e-22,1.09966e-24,-1.10790e-27,4.64170e-23
1.52709e-29,3.37904e-28,6.85549e-31,7.52737e-30,2.33718e-29,2.39744e-27,5.19265e-26,1.09687e-28,1.17436e-27,3.70427e-27,3.52014e-25,7.39844e-24,1.65373e-26,1.71220e-25,5.49671e-25,4.64170e-23,9.34121e-22,2.26531e-24,2.24051e-23,7.33141e-23
2.33718e-29,5.20029e-28,1.04418e-30,1.52709e-29,3.18405e-29,3.70427e-27,8.07865e-26,1.68465e-28,2.39744e-27,5.10461e-27,5.49671e-25,1.16493e-23,2.56359e-26,3.52014e-25,7.67075e-25,7.33141e-23,1.48964e-21,3.54780e-24,4.64170e-23,1.03720e-22
3.18405e-29,7.13236e-28,1.41423e-30,2.33718e-29,4.05128e-29,5.10461e-27,1.12255e-25,2.30474e-28,3.70427e-27,6.57323e-27,7.67075e-25,1.64197e-23,3.54640e-26,5.49671e-25,1.00084e-24,1.03720e-22,2.13170e-21,4.96857e-24,7.33141e-23,1.37295e-22
4.05128e-29,9.14016e-28,1.78818e-30,3.18405e-29,4.90379e-29,6.57323e-27,1.45828e-25,2.94505e-28,5.10461e-27,8.04479e-27,1.00084e-24,2.16503e-23,4.58456e-26,7.67075e-25,1.24019e-24,1.37295e-22,2.85596e-21,6.50697e-24,1.03720e-22,1.72523e-22
4.90379e-29,1.11404e-27,2.15135e-30,4.05128e-29,5.69048e-29,8.04479e-27,1.79994e-25,3.57762e-28,6.57323e-27,9.41428e-27,1.24019e-24,2.71008e-23,5.63048e-26,1.00084e-24,1.46704e-24,1.72523e-22,3.63061e-21,8.09279e-24,1.37295e-22,2.06703e-22
5.69048e-29,1.30073e-27,2.48300e-30,4.90379e-29,6.35089e-29,9.41428e-27,2.12225e-25,4.15905e-28,8.04479e-27,1.05421e-26,1.46704e-24,3.23468e-23,6.60788e-26,1.24019e-24,1.65795e-24,2.06703e-22,4.39492e-21,9.60785e-24,1.72523e-22,2.36239e-22
6.35089e-29,1.45889e-27,2.75911e-30,5.69048e-29,6.81707e-29,1.05421e-26,2.39095e-25,4.63249e-28,9.41428e-27,1.12209e-26,1.65795e-24,3.68223e-23,7.42022e-26,1.46704e-24,1.76639e-24,2.36239e-22,5.06502e-21,1.08999e-23,2.06703e-22,2.53975e-22
6.81707e-29,1.57127e-27,2.95285e-30,6.35089e-29,6.98299e-29,1.12209e-26,2.55566e-25,4.91244e-28,1.05421e-26,1.13581e-26,1.76639e-24,3.94203e-23,7.87196e-26,1.65795e-24,1.78229e-24,2.53975e-22,5.47462e-21,1.16623e-23,2.36239e-22,2.57196e-22
-2.95262e-30,-6.81660e-29,-1.27703e-31,-3.02124e-30,-2.75895e-30,-4.91222e-28,-1.12204e-26,-2.14506e-29,-4.96531e-28,-4.63233e-28,-7.87178e-26,-1.76635e-24,-3.49166e-27,-7.93083e-26,-7.42008e-26,-1.16622e-23,-2.53972e-22,-5.30910e-25,-1.17919e-23,-1.08998e-23
-2.75895e-30,-6.35055e-29,-1.19641e-31,-2.95262e-30,-2.48292e-30,-4.63233e-28,-1.05418e-26,-2.02950e-29,-4.91222e-28,-4.15897e-28,-7.42008e-26,-1.65792e-24,-3.30372e-27,-7.87178e-26,-6.60781e-26,-1.08998e-23,-2.36237e-22,-4.98318e-25,-1.16622e-23,-9.60780e-24
-2.48292e-30,-5.69032e-29,-1.08087e-31,-2.75895e-30,-2.15134e-30,-4.15897e-28,-9.41413e-27,-1.83073e-29,-4.63233e-28,-3.57761e-28,-6.60781e-26,-1.46702e-24,-2.95873e-27,-7.42008e-26,-5.63048e-26,-9.60780e-24,-2.06702e-22,-4.42139e-25,-1.08998e-23,-8.09279e-24
-2.15134e-30,-4.90379e-29,-9.41005e-32,-2.48292e-30,-1.78825e-30,-3.57761e-28,-8.04478e-27,-1.58403e-29,-4.15897e-28,-2.94511e-28,-5.63048e-26,-1.24019e-24,-2.53880e-27,-6.60781e-26,-4.58461e-26,-8.09279e-24,-1.72523e-22,-3.75456e-25,-9.60780e-24,-6.50701e-24
-1.78825e-30,-4.05141e-29,-7.86382e-32,-2.15134e-30,-1.41434e-30,-2.94511e-28,-6.57335e-27,-1.31256e-29,-3.57761e-28,-2.30485e-28,-4.58461e-26,-1.00085e-24,-2.08354e-27,-5.63048e-26,-3.54649e-26,-6.50701e-24,-1.37296e-22,-3.04659e-25,-8.09279e-24,-4.96864e-24
-1.41434e-30,-3.18429e-29,-6.25383e-32,-1.78825e-30,-1.04433e-30,-2.30485e-28,-5.10483e-27,-1.03418e-29,-2.94511e-28,-1.68480e-28,-3.54649e-26,-7.67094e-25,-1.62493e-27,-4.58461e-26,-2.56372e-26,-4.96864e-24,-1.03721e-22,-2.34849e-25,-6.50701e-24,-3.54791e-24
-1.04433e-30,-2.33749e-29,-4.64145e-32,-1.41434e-30,-6.85726e-31,-1.68480e-28,-3.70456e-27,-7.60763e-30,-2.30485e-28,-1.09704e-28,-2.56372e-26,-5.49695e-25,-1.18369e-27,-3.54649e-26,-1.65388e-26,-3.54791e-24,-7.33160e-23,-1.69207e-25,-4.96864e-24,-2.26543e-24
-6.85726e-31,-1.52745e-29,-3.06046e-32,-1.04433e-30,-3.39185e-31,-1.09704e-28,-2.39777e-27,-4.97959e-30,-1.68480e-28,-5.39612e-29,-1.65388e-26,-3.52042e-25,-7.68472e-28,-2.56372e-26,-8.08440e-27,-2.26543e-24,-4.64191e-23,-1.08852e-25,-3.54791e-24,-1.09979e-24
-3.39185e-31,-7.53120e-30,-1.51802e-32,-6.85726e-31,-9.77278e-35,-5.39612e-29,-1.17471e-27,-2.45785e-30,-1.09704e-28,-9.42585e-33,-8.08440e-27,-1.71249e-25,-3.77233e-28,-1.65388e-26,-8.16147e-31,-1.09979e-24,-2.24073e-23,-5.31083e-26,-2.26543e-24,-6.31437e-29
-9.77278e-35,-1.95755e-33,-4.79659e-36,-3.39185e-31,3.38994e-31,-9.42585e-33,-1.80042e-31,-4.85656e-34,-5.39612e-29,5.39428e-29,-8.16147e-31,-1.50307e-29,-4.37137e-32,-8.08440e-27,8.08280e-27,-6.31437e-29,-1.10790e-27,-3.52438e-30,-1.09979e-24,1.09966e-24
3.38994e-31,7.52737e-30,1.51708e-32,-9.77278e-35,6.85549e-31,5.39428e-29,1.17436e-27,2.45690e-30,-9.42585e-33,1.09687e-28,8.08280e-27,1.71220e-25,3.77148e-28,-8.16147e-31,1.65373e-26,1.09966e-24,2.24051e-23,5.31015e-26,-6.31437e-29,2.26531e-24
6.85549e-31,1.52709e-29,3.05960e-32,3.38994e-31,1.04418e-30,1.09687e-28,2.39744e-27,4.97871e-30,5.39428e-29,1.68465e-28,1.65373e-26,3.52014e-25,7.68394e-28,8.08280e-27,2.56359e-26,2.26531e-24,4.64170e-23,1.08846e-25,1.09966e-24,3.54780e-24
1.04418e-30,2.33718e-29,4.64071e-32,6.85549e-31,1.41423e-30,1.68465e-28,3.70427e-27,7.60689e-30,1.09687e-28,2.30474e-28,2.56359e-26,5.49671e-25,1.18362e-27,1.65373e-26,3.54640e-26,3.54780e-24,7.33141e-23,1.69201e-25,2.26531e-24,4.96857e-24
1.41423e-30,3.18405e-29,6.25328e-32,1.04418e-30,1.78818e-30,2.30474e-28,5.10461e-27,1.03412e-29,1.68465e-28,2.94505e-28,3.54640e-26,7.67075e-25,1.62488e-27,2.56359e-26,4.58456e-26,4.96857e-24,1.03720e-22,2.34845e-25,3.54780e-24,6.50697e-24
1.78818e-30,4.05128e-29,7.86353e-32,1.41423e-30,2.15135e-30,2.94505e-28,6.57323e-27,1.31253e-29,2.30474e-28,3.57762e-28,4.58456e-26,1.00084e-24,2.08352e-27,3.54640e-26,5.63048e-26,6.50697e-24,1.37295e-22,3.04657e-25,4.96857e-24,8.09279e-24
2.15135e-30,4.90379e-29,9.41009e-32,1.78818e-30,2.48300e-30,3.57762e-28,8.04479e-27,1.58404e-29,2.94505e-28,4.15905e-28,5.63048e-26,1.24019e-24,2.53880e-27,4.58456e-26,6.60788e-26,8.09279e-24,1.72523e-22,3.75456e-25,6.50697e-24,9.60785e-24
2.48300e-30,5.69048e-29,1.08091e-31,2.15135e-30,2.75911e-30,4.15905e-28,9.41428e-27,1.83077e-29,3.57762e-28,4.63249e-28,6.60788e-26,1.46704e-24,2.95877e-27,5.63048e-26,7.42022e-26,9.60785e-24,2.06703e-22,4.42142e-25,8.09279e-24,1.08999e-23
2.75911e-30,6.35089e-29,1.19649e-31,2.48300e-30,2.95285e-30,4.63249e-28,1.05421e-26,2.02958e-29,4.15905e-28,4.91244e-28,7.42022e-26,1.65795e-24,3.30379e-27,6.60788e-26,7.87196e-26,1.08999e-23,2.36239e-22,4.98323e-25,9.60785e-24,1.16623e-23
2.95285e-30,6.81707e-29,1.27715e-31,2.75911e-30,3.02150e-30,4.91244e-28,1.12209e-26,2.14517e-29,4.63249e-28,4.96554e-28,7.87196e-26,1.76639e-24,3.49176e-27,7.42022e-26,7.93102e-26,1.16623e-23,2.53975e-22,5.30918e-25,1.08999e-23,1.17920e-23
-1.27703e-31,-2.95262e-30,-5.51575e-33,-1.30549e-31,-1.19641e-31,-2.14506e-29,-4.91222e-28,-9.34568e-31,-2.16554e-29,-2.02950e-29,-3.49166e-27,-7.87178e-26,-1.54250e-28,-3.51321e-27,-3.30372e-27,-5.30910e-25,-1.16622e-23,-2.39918e-26,-5.36068e-25,-4.98318e-25
-1.19641e-31,-2.75895e-30,-5.17954e-33,-1.27703e-31,-1.08087e-31,-2.02950e-29,-4.63233e-28,-8.86801e-31,-2.14506e-29,-1.83073e-29,-3.30372e-27,-7.42008e-26,-1.46436e-28,-3.49166e-27,-2.95873e-27,-4.98318e-25,-1.08998e-23,-2.26044e-26,-5.30910e-25,-4.42139e-25
-1.08087e-31,-2.48292e-30,-4.69530e-33,-1.19641e-31,-9.41005e-32,-1.83073e-29,-4.15897e-28,-8.03290e-31,-2.02950e-29,-1.58403e-29,-2.95873e-27,-6.60781e-26,-1.31802e-28,-3.30372e-27,-2.53880e-27,-4.42139e-25,-9.60780e-24,-2.01733e-26,-4.98318e-25,-3.75456e-25
-9.41005e-32,-2.15134e-30,-4.10499e-33,-1.08087e-31,-7.86382e-32,-1.58403e-29,-3.57761e-28,-6.98632e-31,-1.83073e-29,-1.31256e-29,-2.53880e-27,-5.63048e-26,-1.13796e-28,-2.95873e-27,-2.08354e-27,-3.75456e-25,-8.09279e-24,-1.72547e-26,-4.42139e-25,-3.04659e-25
-7.86382e-32,-1.78825e-30,-3.44667e-33,-9.41005e-32,-6.25383e-32,-1.31256e-29,-2.94511e-28,-5.82250e-31,-1.58403e-29,-1.03418e-29,-2.08354e-27,-4.58461e-26,-9.40409e-29,-2.53880e-27,-1.62493e-27,-3.04659e-25,-6.50701e-24,-1.41153e-26,-3.75456e-25,-2.34849e-25
-6.25383e-32,-1.41434e-30,-2.75426e-33,-7.86382e-32,-4.64145e-32,-1.03418e-29,-2.30485e-28,-4.61489e-31,-1.31256e-29,-7.60763e-30,-1.62493e-27,-3.54649e-26,-7.38686e-29,-2.08354e-27,-1.18369e-27,-2.34849e-25,-4.96864e-24,-1.09727e-26,-3.04659e-25,-1.69207e-25
-4.64145e-32,-1.04433e-30,-2.05331e-33,-6.25383e-32,-3.06046e-32,-7.60763e-30,-1.68480e-28,-3.41366e-31,-1.03418e-29,-4.97959e-30,-1.18369e-27,-2.56372e-26,-5.41728e-29,-1.62493e-27,-7.68472e-28,-1.69207e-25,-3.54791e-24,-7.96856e-27,-2.34849e-25,-1.08852e-25
-3.06046e-32,-6.85726e-31,-1.35887e-33,-4.64145e-32,-1.51802e-32,-4.97959e-30,-1.09704e-28,-2.24461e-31,-7.60763e-30,-2.45785e-30,-7.68472e-28,-1.65388e-26,-3.53659e-29,-1.18369e-27,-3.77233e-28,-1.08852e-25,-2.26543e-24,-5.16003e-27,-1.69207e-25,-5.31083e-26
-1.51802e-32,-3.39185e-31,-6.75639e-34,-3.06046e-32,-4.79659e-36,-2.45785e-30,-5.39612e-29,-1.11124e-31,-4.97959e-30,-4.85656e-34,-3.77233e-28,-8.08440e-27,-1.74247e-29,-7.68472e-28,-4.37137e-32,-5.31083e-26,-1.09979e-24,-2.52858e-27,-1.08852e-25,-3.52438e-30
-4.79659e-36,-9.77278e-35,-2.31858e-37,-1.51802e-32,1.51708e-32,-4.85656e-34,-9.42585e-33,-2.46176e-35,-2.45785e-30,2.45690e-30,-4.37137e-32,-8.16147e-31,-2.30930e-33,-3.77233e-28,3.77148e-28,-3.52438e-30,-6.31437e-29,-1.93391e-31,-5.31083e-26,5.31015e-26
1.51708e-32,3.38994e-31,6.75187e-34,-4.79659e-36,3.05960e-32,2.45690e-30,5.39428e-29,1.11076e-31,-4.85656e-34,4.97871e-30,3.77148e-28,8.08280e-27,1.74202e-29,-4.37137e-32,7.68394e-28,5.31015e-26,1.09966e-24,2.52820e-27,-3.52438e-30,1.08846e-25
3.05960e-32,6.85549e-31,1.35845e-33,1.51708e-32,4.64071e-32,4.97871e-30,1.09687e-28,2.24417e-31,2.45690e-30,7.60689e-30,7.68394e-28,1.65373e-26,3.53617e-29,3.77148e-28,1.18362e-27,1.08846e-25,2.26531e-24,5.15968e-27,5.31015e-26,1.69201e-25
4.64071e-32,1.04418e-30,2.05296e-33,3.05960e-32,6.25328e-32,7.60689e-30,1.68465e-28,3.41329e-31,4.97871e-30,1.03412e-29,1.18362e-27,2.56359e-26,5.41694e-29,7.68394e-28,1.62488e-27,1.69201e-25,3.54780e-24,7.96826e-27,1.08846e-25,2.34845e-25
6.25328e-32,1.41423e-30,2.75400e-33,4.64071e-32,7.86353e-32,1.03412e-29,2.30474e-28,4.61462e-31,7.60689e-30,1.31253e-29,1.62488e-27,3.54640e-26,7.38661e-29,1.18362e-27,2.08352e-27,2.34845e-25,4.96857e-24,1.09725e-26,1.69201e-25,3.04657e-25
7.86353e-32,1.78818e-30,3.44654e-33,6.25328e-32,9.41009e-32,1.31253e-29,2.94505e-28,5.82236e-31,1.03412e-29,1.58404e-29,2.08352e-27,4.58456e-26,9.40396e-29,1.62488e-27,2.53880e-27,3.04657e-25,6.50697e-24,1.41151e-26,2.34845e-25,3.75456e-25
9.41009e-32,2.15135e-30,4.10502e-33,7.86353e-32,1.08091e-31,1.58404e-29,3.57762e-28,6.98636e-31,1.31253e-29,1.83077e-29,2.53880e-27,5.63048e-26,1.13796e-28,2.08352e-27,2.95877e-27,3.75456e-25,8.09279e-24,1.72548e-26,3.04657e-25,4.42142e-25
1.08091e-31,2.48300e-30,4.69550e-33,9.41009e-32,1.19649e-31,1.83077e-29,4.15905e-28,8.03312e-31,1.58404e-29,2.02958e-29,2.95877e-27,6.60788e-26,1.31804e-28,2.53880e-27,3.30379e-27,4.42142e-25,9.60785e-24,2.01734e-26,3.75456e-25,4.98323e-25
1.19649e-31,2.75911e-30,5.17993e-33,1.08091e-31,1.27715e-31,2.02958e-29,4.63249e-28,8.86841e-31,1.83077e-29,2.14517e-29,3.30379e-27,7.42022e-26,1.46440e-28,2.95877e-27,3.49176e-27,4.98323e-25,1.08999e-23,2.26047e-26,4.42142e-25,5.30918e-25
1.27715e-31,2.95285e-30,5.51628e-33,1.19649e-31,1.30562e-31,2.14517e-29,4.91244e-28,9.34623e-31,2.02958e-29,2.16566e-29,3.49176e-27,7.87196e-26,1.54255e-28,3.30379e-27,3.51331e-27,5.30918e-25,1.16623e-23,2.39922e-26,4.98323e-25,5.36076e-25
-5.51575e-33,-1.27703e-31,-2.37934e-34,-5.63401e-33,-5.17954e-33,-9.34568e-31,-2.14506e-29,-4.06345e-32,-9.42454e-31,-8.86801e-31,-1.54250e-28,-3.49166e-27,-6.79011e-30,-1.55020e-28,-1.46436e-28,-2.39918e-26,-5.30910e-25,-1.07735e-27,-2.41946e-26,-2.26044e-26
-5.17954e-33,-1.19641e-31,-2.23892e-34,-5.51575e-33,-4.69530e-33,-8.86801e-31,-2.02950e-29,-3.86573e-32,-9.34568e-31,-8.03290e-31,-1.46436e-28,-3.30372e-27,-6.46525e-30,-1.54250e-28,-1.31802e-28,-2.26044e-26,-4.98318e-25,-1.01849e-27,-2.39918e-26,-2.01733e-26
-4.69530e-33,-1.08087e-31,-2.03573e-34,-5.17954e-33,-4.10499e-33,-8.03290e-31,-1.83073e-29,-3.51465e-32,-8.86801e-31,-6.98632e-31,-1.31802e-28,-2.95873e-27,-5.84498e-30,-1.46436e-28,-1.13796e-28,-2.01733e-26,-4.42139e-25,-9.13669e-28,-2.26044e-26,-1.72547e-26
-4.10499e-33,-9.41005e-32,-1.78643e-34,-4.69530e-33,-3.44667e-33,-6.98632e-31,-1.58403e-29,-3.07068e-32,-8.03290e-31,-5.82250e-31,-1.13796e-28,-2.53880e-27,-5.07417e-30,-1.31802e-28,-9.40409e-29,-1.72547e-26,-3.75456e-25,-7.86511e-28,-2.01733e-26,-1.41153e-26
-3.44667e-33,-7.86382e-32,-1.50617e-34,-4.10499e-33,-2.75426e-33,-5.82250e-31,-1.31256e-29,-2.57220e-32,-6.98632e-31,-4.61489e-31,-9.40409e-29,-2.08354e-27,-4.21907e-30,-1.13796e-28,-7.38686e-29,-1.41153e-26,-3.04659e-25,-6.48059e-28,-1.72547e-26,-1.09727e-26
-2.75426e-33,-6.25383e-32,-1.20870e-34,-3.44667e-33,-2.05331e-33,-4.61489e-31,-1.03418e-29,-2.04936e-32,-5.82250e-31,-3.41366e-31,-7.38686e-29,-1.62493e-27,-3.33503e-30,-9.40409e-29,-5.41728e-29,-1.09727e-26,-2.34849e-25,-5.07537e-28,-1.41153e-26,-7.96856e-27
-2.05331e-33,-4.64145e-32,-9.04627e-35,-2.75426e-33,-1.35887e-33,-3.41366e-31,-7.60763e-30,-1.52329e-32,-4.61489e-31,-2.24461e-31,-5.41728e-29,-1.18369e-27,-2.46027e-30,-7.38686e-29,-3.53659e-29,-7.96856e-27,-1.69207e-25,-3.71167e-28,-1.09727e-26,-5.16003e-27
-1.35887e-33,-3.06046e-32,-6.00588e-35,-2.05331e-33,-6.75639e-34,-2.24461e-31,-4.97959e-30,-1.00560e-32,-3.41366e-31,-1.11124e-31,-3.53659e-29,-7.68472e-28,-1.61396e-30,-5.41728e-29,-1.74247e-29,-5.16003e-27,-1.08852e-25,-2.41741e-28,-7.96856e-27,-2.52858e-27
-6.75639e-34,-1.51802e-32,-2.99244e-35,-1.35887e-33,-2.31858e-37,-1.11124e-31,-2.45785e-30,-4.99152e-33,-2.24461e-31,-2.46176e-35,-1.74247e-29,-3.77233e-28,-7.97755e-31,-3.53659e-29,-2.30930e-33,-2.52858e-27,-5.31083e-26,-1.18916e-28,-5.16003e-27,-1.93391e-31
-2.31858e-37,-4.79659e-36,-1.10634e-38,-6.75639e-34,6.75187e-34,-2.46176e-35,-4.85656e-34,-1.22796e-36,-1.11124e-31,1.11076e-31,-2.30930e-33,-4.37137e-32,-1.20268e-34,-1.74247e-29,1.74202e-29,-1.93391e-31,-3.52438e-30,-1.04558e-32,-2.52858e-27,2.52820e-27
6.75187e-34,1.51708e-32,2.99029e-35,-2.31858e-37,1.35845e-33,1.11076e-31,2.45690e-30,4.98913e-33,-2.46176e-35,2.24417e-31,1.74202e-29,3.77148e-28,7.97521e-31,-2.30930e-33,3.53617e-29,2.52820e-27,5.31015e-26,1.18896e-28,-1.93391e-31,5.15968e-27
1.35845e-33,3.05960e-32,6.00390e-35,6.75187e-34,2.05296e-33,2.24417e-31,4.97871e-30,1.00538e-32,1.11076e-31,3.41329e-31,3.53617e-29,7.68394e-28,1.61375e-30,1.74202e-29,5.41694e-29,5.15968e-27,1.08846e-25,2.41722e-28,2.52820e-27,7.96826e-27
2.05296e-33,4.64071e-32,9.04460e-35,1.35845e-33,2.75400e-33,3.41329e-31,7.60689e-30,1.52311e-32,2.24417e-31,4.61462e-31,5.41694e-29,1.18362e-27,2.46009e-30,3.53617e-29,7.38661e-29,7.96826e-27,1.69201e-25,3.71151e-28,5.15968e-27,1.09725e-26
2.75400e-33,6.25328e-32,1.20858e-34,2.05296e-33,3.44654e-33,4.61462e-31,1.03412e-29,2.04923e-32,3.41329e-31,5.82236e-31,7.38661e-29,1.62488e-27,3.33490e-30,5.41694e-29,9.40396e-29,1.09725e-26,2.34845e-25,5.07526e-28,7.96826e-27,1.41151e-26
3.44654e-33,7.86353e-32,1.50611e-34,2.75400e-33,4.10502e-33,5.82236e-31,1.31253e-29,2.57213e-32,4.61462e-31,6.98636e-31,9.40396e-29,2.08352e-27,4.21901e-30,7.38661e-29,1.13796e-28,1.41151e-26,3.04657e-25,6.48053e-28,1.09725e-26,1.72548e-26
4.10502e-33,9.41009e-32,1.78644e-34,3.44654e-33,4.69550e-33,6.98636e-31,1.58404e-29,3.07070e-32,5.82236e-31,8.03312e-31,1.13796e-28,2.53880e-27,5.07419e-30,9.40396e-29,1.31804e-28,1.72548e-26,3.75456e-25,7.86513e-28,1.41151e-26,2.01734e-26
4.69550e-33,1.08091e-31,2.03582e-34,4.10502e-33,5.17993e-33,8.03312e-31,1.83077e-29,3.51476e-32,6.98636e-31,8.86841e-31,1.31804e-28,2.95877e-27,5.84509e-30,1.13796e-28,1.46440e-28,2.01734e-26,4.42142e-25,9.13679e-28,1.72548e-26,2.26047e-26
5.17993e-33,1.19649e-31,2.23910e-34,4.69550e-33,5.51628e-33,8.86841e-31,2.02958e-29,3.86593e-32,8.03312e-31,9.34623e-31,1.46440e-28,3.30379e-27,6.46544e-30,1.31804e-28,1.54255e-28,2.26047e-26,4.98323e-25,1.01850e-27,2.01734e-26,2.39922e-26
5.51628e-33,1.27715e-31,2.37960e-34,5.17993e-33,5.63461e-33,9.34623e-31,2.14517e-29,4.06371e-32,8.86841e-31,9.42514e-31,1.54255e-28,3.49176e-27,6.79036e-30,1.46440e-28,1.55025e-28,2.39922e-26,5.30918e-25,1.07737e-27,2.26047e-26,2.41950e-26
-2.37934e-34,-5.51575e-33,-1.02518e-35,-2.42859e-34,-2.23892e-34,-4.06345e-32,-9.34568e-31,-1.76349e-33,-4.09373e-32,-3.86573e-32,-6.79011e-30,-1.54250e-28,-2.97966e-31,-6.81686e-30,-6.46525e-30,-1.07735e-27,-2.39918e-26,-4.81141e-29,-1.08523e-27,-1.01849e-27
-2.23892e-34,-5.17954e-33,-9.66432e-36,-2.37934e-34,-2.03573e-34,-3.86573e-32,-8.86801e-31,-1.68154e-33,-4.06345e-32,-3.51465e-32,-6.46525e-30,-1.46436e-28,-2.84459e-31,-6.79011e-30,-5.84498e-30,-1.01849e-27,-2.26044e-26,-4.56231e-29,-1.07735e-27,-9.13669e-28
-2.03573e-34,-4.69530e-33,-8.81076e-36,-2.23892e-34,-1.78643e-34,-3.51465e-32,-8.03290e-31,-1.53384e-33,-3.86573e-32,-3.07068e-32,-5.84498e-30,-1.31802e-28,-2.58182e-31,-6.46525e-30,-5.07417e-30,-9.13669e-28,-2.01733e-26,-4.11170e-29,-1.01849e-27,-7.86511e-28
-1.78643e-34,-4.10499e-33,-7.75726e-36,-2.03573e-34,-1.50617e-34,-3.07068e-32,-6.98632e-31,-1.34549e-33,-3.51465e-32,-2.57220e-32,-5.07417e-30,-1.13796e-28,-2.25223e-31,-5.84498e-30,-4.21907e-30,-7.86511e-28,-1.72547e-26,-3.55970e-29,-9.13669e-28,-6.48059e-28
-1.50617e-34,-3.44667e-33,-6.56429e-36,-1.78643e-34,-1.20870e-34,-2.57220e-32,-5.82250e-31,-1.13214e-33,-3.07068e-32,-2.04936e-32,-4.21907e-30,-9.40409e-29,-1.88286e-31,-5.07417e-30,-3.33503e-30,-6.48059e-28,-1.41153e-26,-2.95189e-29,-7.86511e-28,-5.07537e-28
-1.20870e-34,-2.75426e-33,-5.28747e-36,-1.50617e-34,-9.04627e-35,-2.04936e-32,-4.61489e-31,-9.06157e-34,-2.57220e-32,-1.52329e-32,-3.33503e-30,-7.38686e-29,-1.49662e-31,-4.21907e-30,-2.46027e-30,-5.07537e-28,-1.09727e-26,-2.32708e-29,-6.48059e-28,-3.71167e-28
-9.04627e-35,-2.05331e-33,-3.97091e-36,-1.20870e-34,-6.00588e-35,-1.52329e-32,-3.41366e-31,-6.76414e-34,-2.04936e-32,-1.00560e-32,-2.46027e-30,-5.41728e-29,-1.10980e-31,-3.33503e-30,-1.61396e-30,-3.71167e-28,-7.96856e-27,-1.71234e-29,-5.07537e-28,-2.41741e-28
-6.00588e-35,-1.35887e-33,-2.64367e-36,-9.04627e-35,-2.99244e-35,-1.00560e-32,-2.24461e-31,-4.48085e-34,-1.52329e-32,-4.99152e-33,-1.61396e-30,-3.53659e-29,-7.31134e-32,-2.46027e-30,-7.97755e-31,-2.41741e-28,-5.16003e-27,-1.12092e-29,-3.71167e-28,-1.18916e-28
-2.99244e-35,-6.75639e-34,-1.31963e-36,-6.00588e-35,-1.10634e-38,-4.99152e-33,-1.11124e-31,-2.22925e-34,-1.00560e-32,-1.22796e-36,-7.97755e-31,-1.74247e-29,-3.62402e-32,-1.61396e-30,-1.20268e-34,-1.18916e-28,-2.52858e-27,-5.53253e-30,-2.41741e-28,-1.04558e-32
-1.10634e-38,-2.31858e-37,-5.22535e-40,-2.99244e-35,2.99029e-35,-1.22796e-36,-2.46176e-35,-6.03288e-38,-4.99152e-33,4.98913e-33,-1.20268e-34,-2.30930e-33,-6.17222e-36,-7.97755e-31,7.97521e-31,-1.04558e-32,-1.93391e-31,-5.57546e-34,-1.18916e-28,1.18896e-28
2.99029e-35,6.75187e-34,1.31861e-36,-1.10634e-38,6.00390e-35,4.98913e-33,1.11076e-31,2.22807e-34,-1.22796e-36,1.00538e-32,7.97521e-31,1.74202e-29,3.62282e-32,-1.20268e-34,1.61375e-30,1.18896e-28,2.52820e-27,5.53145e-30,-1.04558e-32,2.41722e-28
6.00390e-35,1.35845e-33,2.64274e-36,2.99029e-35,9.04460e-35,1.00538e-32,2.24417e-31,4.47978e-34,4.98913e-33,1.52311e-32,1.61375e-30,3.53617e-29,7.31025e-32,7.97521e-31,2.46009e-30,2.41722e-28,5.15968e-27,1.12082e-29,1.18896e-28,3.71151e-28
9.04460e-35,2.05296e-33,3.97013e-36,6.00390e-35,1.20858e-34,1.52311e-32,3.41329e-31,6.76325e-34,1.00538e-32,2.04923e-32,2.46009e-30,5.41694e-29,1.10971e-31,1.61375e-30,3.33490e-30,3.71151e-28,7.96826e-27,1.71226e-29,2.41722e-28,5.07526e-28
1.20858e-34,2.75400e-33,5.28690e-36,9.04460e-35,1.50611e-34,2.04923e-32,4.61462e-31,9.06093e-34,1.52311e-32,2.57213e-32,3.33490e-30,7.38661e-29,1.49656e-31,2.46009e-30,4.21901e-30,5.07526e-28,1.09725e-26,2.32703e-29,3.71151e-28,6.48053e-28
1.50611e-34,3.44654e-33,6.56402e-36,1.20858e-34,1.78644e-34,2.57213e-32,5.82236e-31,1.13211e-33,2.04923e-32,3.07070e-32,4.21901e-30,9.40396e-29,1.88283e-31,3.33490e-30,5.07419e-30,6.48053e-28,1.41151e-26,2.95186e-29,5.07526e-28,7.86513e-28
1.78644e-34,4.10502e-33,7.75733e-36,1.50611e-34,2.03582e-34,3.07070e-32,6.98636e-31,1.34550e-33,2.57213e-32,3.51476e-32,5.07419e-30,1.13796e-28,2.25224e-31,4.21901e-30,5.84509e-30,7.86513e-28,1.72548e-26,3.55971e-29,6.48053e-28,9.13679e-28
2.03582e-34,4.69550e-33,8.81122e-36,1.78644e-34,2.23910e-34,3.51476e-32,8.03312e-31,1.53389e-33,3.07070e-32,3.86593e-32,5.84509e-30,1.31804e-28,2.58187e-31,5.07419e-30,6.46544e-30,9.13679e-28,2.01734e-26,4.11175e-29,7.86513e-28,1.01850e-27
2.23910e-34,5.17993e-33,9.66517e-36,2.03582e-34,2.37960e-34,3.86593e-32,8.86841e-31,1.68163e-33,3.51476e-32,4.06371e-32,6.46544e-30,1.46440e-28,2.84469e-31,5.84509e-30,6.79036e-30,1.01850e-27,2.26047e-26,4.56240e-29,9.13679e-28,1.07737e-27
2.37960e-34,5.51628e-33,1.02529e-35,2.23910e-34,2.42887e-34,4.06371e-32,9.34623e-31,1.76362e-33,3.86593e-32,4.09402e-32,6.79036e-30,1.54255e-28,2.97979e-31,6.46544e-30,6.81713e-30,1.07737e-27,2.39922e-26,4.81152e-29,1.01850e-27,1.08526e-27
-1.02518e-35,-2.37934e-34,-4.41227e-37,-1.04572e-35,-9.66432e-36,-1.76349e-33,-4.06345e-32,-7.64043e-35,-1.77509e-33,-1.68154e-33,-2.97966e-31,-6.79011e-30,-1.30391e-32,-2.98861e-31,-2.84459e-31,-4.81141e-29,-1.07735e-27,-2.13855e-30,-4.84174e-29,-4.56231e-29
-9.66432e-36,-2.23892e-34,-4.16616e-37,-1.02518e-35,-8.81076e-36,-1.68154e-33,-3.86573e-32,-7.30024e-35,-1.76349e-33,-1.53384e-33,-2.84459e-31,-6.46525e-30,-1.24773e-32,-2.97966e-31,-2.58182e-31,-4.56231e-29,-1.01849e-27,-2.03331e-30,-4.81141e-29,-4.11170e-29
-8.81076e-36,-2.03573e-34,-3.80721e-37,-9.66432e-36,-7.75726e-36,-1.53384e-33,-3.51465e-32,-6.67841e-35,-1.68154e-33,-1.34549e-33,-2.58182e-31,-5.84498e-30,-1.13643e-32,-2.84459e-31,-2.25223e-31,-4.11170e-29,-9.13669e-28,-1.84004e-30,-4.56231e-29,-3.55970e-29
-7.75726e-36,-1.78643e-34,-3.36176e-37,-8.81076e-36,-6.56429e-36,-1.34549e-33,-3.07068e-32,-5.87925e-35,-1.53384e-33,-1.13214e-33,-2.25223e-31,-5.07417e-30,-9.95623e-33,-2.58182e-31,-1.88286e-31,-3.55970e-29,-7.86511e-28,-1.60111e-30,-4.11170e-29,-2.95189e-29
-6.56429e-36,-1.50617e-34,-2.85398e-37,-7.75726e-36,-5.28747e-36,-1.13214e-33,-2.57220e-32,-4.96662e-35,-1.34549e-33,-9.06157e-34,-1.88286e-31,-4.21907e-30,-8.36336e-33,-2.25223e-31,-1.49662e-31,-2.95189e-29,-6.48059e-28,-1.33528e-30,-3.55970e-29,-2.32708e-29
-5.28747e-36,-1.20870e-34,-2.30639e-37,-6.56429e-36,-3.97091e-36,-9.06157e-34,-2.04936e-32,-3.99132e-35,-1.13214e-33,-6.76414e-34,-1.49662e-31,-3.33503e-30,-6.68041e-33,-1.88286e-31,-1.10980e-31,-2.32708e-29,-5.07537e-28,-1.05880e-30,-2.95189e-29,-1.71234e-29
-3.97091e-36,-9.04627e-35,-1.73733e-37,-5.28747e-36,-2.64367e-36,-6.76414e-34,-1.52329e-32,-2.99050e-35,-9.06157e-34,-4.48085e-34,-1.10980e-31,-2.46027e-30,-4.97633e-33,-1.49662e-31,-7.31134e-32,-1.71234e-29,-3.71167e-28,-7.83342e-31,-2.32708e-29,-1.12092e-29
-2.64367e-36,-6.00588e-35,-1.15947e-37,-3.97091e-36,-1.31963e-36,-4.48085e-34,-1.00560e-32,-1.98705e-35,-6.76414e-34,-2.22925e-34,-7.31134e-32,-1.61396e-30,-3.29061e-33,-1.10980e-31,-3.62402e-32,-1.12092e-29,-2.41741e-28,-5.15078e-31,-1.71234e-29,-5.53253e-30
-1.31963e-36,-2.99244e-35,-5.79695e-38,-2.64367e-36,-5.22535e-40,-2.22925e-34,-4.99152e-33,-9.90539e-36,-4.48085e-34,-6.03288e-38,-3.62402e-32,-7.97755e-31,-1.63506e-33,-7.31134e-32,-6.17222e-36,-5.53253e-30,-1.18916e-28,-2.54978e-31,-1.12092e-29,-5.57546e-34
-5.22535e-40,-1.10634e-38,-2.45011e-41,-1.31963e-36,1.31861e-36,-6.03288e-38,-1.22796e-36,-2.92333e-39,-2.22925e-34,2.22807e-34,-6.17222e-36,-1.20268e-34,-3.12105e-37,-3.62402e-32,3.62282e-32,-5.57546e-34,-1.04558e-32,-2.93300e-35,-5.53253e-30,5.53145e-30
1.31861e-36,2.99029e-35,5.79218e-38,-5.22535e-40,2.64274e-36,2.22807e-34,4.98913e-33,9.89971e-36,-6.03288e-38,4.47978e-34,3.62282e-32,7.97521e-31,1.63445e-33,-6.17222e-36,7.31025e-32,5.53145e-30,1.18896e-28,2.54921e-31,-5.57546e-34,1.12082e-29
2.64274e-36,6.00390e-35,1.15904e-37,1.31861e-36,3.97013e-36,4.47978e-34,1.00538e-32,1.98653e-35,2.22807e-34,6.76325e-34,7.31025e-32,1.61375e-30,3.29006e-33,3.62282e-32,1.10971e-31,1.12082e-29,2.41722e-28,5.15026e-31,5.53145e-30,1.71226e-29
3.97013e-36,9.04460e-35,1.73697e-37,2.64274e-36,5.28690e-36,6.76325e-34,1.52311e-32,2.99008e-35,4.47978e-34,9.06093e-34,1.10971e-31,2.46009e-30,4.97588e-33,7.31025e-32,1.49656e-31,1.71226e-29,3.71151e-28,7.83299e-31,1.12082e-29,2.32703e-29
5.28690e-36,1.20858e-34,2.30613e-37,3.97013e-36,6.56402e-36,9.06093e-34,2.04923e-32,3.99102e-35,6.76325e-34,1.13211e-33,1.49656e-31,3.33490e-30,6.68009e-33,1.10971e-31,1.88283e-31,2.32703e-29,5.07526e-28,1.05877e-30,1.71226e-29,2.95186e-29
6.56402e-36,1.50611e-34,2.85385e-37,5.28690e-36,7.75733e-36,1.13211e-33,2.57213e-32,4.96649e-35,9.06093e-34,1.34550e-33,1.88283e-31,4.21901e-30,8.36322e-33,1.49656e-31,2.25224e-31,2.95186e-29,6.48053e-28,1.33527e-30,2.32703e-29,3.55971e-29
7.75733e-36,1.78644e-34,3.36180e-37,6.56402e-36,8.81122e-36,1.34550e-33,3.07070e-32,5.87931e-35,1.13211e-33,1.53389e-33,2.25224e-31,5.07419e-30,9.95629e-33,1.88283e-31,2.58187e-31,3.55971e-29,7.86513e-28,1.60112e-30,2.95186e-29,4.11175e-29
8.81122e-36,2.03582e-34,3.80743e-37,7.75733e-36,9.66517e-36,1.53389e-33,3.51476e-32,6.67867e-35,1.34550e-33,1.68163e-33,2.58187e-31,5.84509e-30,1.13646e-32,2.25224e-31,2.84469e-31,4.11175e-29,9.13679e-28,1.84007e-30,3.55971e-29,4.56240e-29
9.66517e-36,2.23910e-34,4.16656e-37,8.81122e-36,1.02529e-35,1.68163e-33,3.86593e-32,7.30071e-35,1.53389e-33,1.76362e-33,2.84469e-31,6.46544e-30,1.24777e-32,2.58187e-31,2.97979e-31,4.56240e-29,1.01850e-27,2.03336e-30,4.11175e-29,4.81152e-29
1.02529e-35,2.37960e-34,4.41281e-37,9.66517e-36,1.04585e-35,1.76362e-33,4.06371e-32,7.64105e-35,1.68163e-33,1.77523e-33,2.97979e-31,6.79036e-30,1.30398e-32,2.84469e-31,2.98875e-31,4.81152e-29,1.07737e-27,2.13861e-30,4.56240e-29,4.84187e-29
-4.41227e-37,-1.02518e-35,-1.89704e-38,-4.49814e-37,-4.16616e-37,-7.64043e-35,-1.76349e-33,-3.30514e-36,-7.68474e-35,-7.30024e-35,-1.30391e-32,-2.97966e-31,-5.69179e-34,-1.30675e-32,-1.24773e-32,-2.13855e-30,-4.81141e-29,-9.46570e-32,-2.15009e-30,-2.03331e-30
-4.16616e-37,-9.66432e-36,-1.79379e-38,-4.41227e-37,-3.80721e-37,-7.30024e-35,-1.68154e-33,-3.16371e-36,-7.64043e-35,-6.67841e-35,-1.24773e-32,-2.84459e-31,-5.45791e-34,-1.30391e-32,-1.13643e-32,-2.03331e-30,-4.56231e-29,-9.02165e-32,-2.13855e-30,-1.84004e-30
-3.80721e-37,-8.81076e-36,-1.64269e-38,-4.16616e-37,-3.36176e-37,-6.67841e-35,-1.53384e-33,-2.90171e-36,-7.30024e-35,-5.87925e-35,-1.13643e-32,-2.58182e-31,-4.98655e-34,-1.24773e-32,-9.95623e-33,-1.84004e-30,-4.11170e-29,-8.19409e-32,-2.03331e-30,-1.60111e-30
-3.36176e-37,-7.75726e-36,-1.45424e-38,-3.80721e-37,-2.85398e-37,-5.87925e-35,-1.34549e-33,-2.56257e-36,-6.67841e-35,-4.96662e-35,-9.95623e-33,-2.25223e-31,-4.38538e-34,-1.13643e-32,-8.36336e-33,-1.60111e-30,-3.55970e-29,-7.16233e-32,-1.84004e-30,-1.33528e-30
-2.85398e-37,-6.56429e-36,-1.23811e-38,-3.36176e-37,-2.30639e-37,-4.96662e-35,-1.13214e-33,-2.17238e-36,-5.87925e-35,-3.99132e-35,-8.36336e-33,-1.88286e-31,-3.69942e-34,-9.95623e-33,-6.68041e-33,-1.33528e-30,-2.95189e-29,-6.00334e-32,-1.60111e-30,-1.05880e-30
-2.30639e-37,-5.28747e-36,-1.00345e-38,-2.85398e-37,-1.73733e-37,-3.99132e-35,-9.06157e-34,-1.75200e-36,-4.96662e-35,-2.99050e-35,-6.68041e-33,-1.49662e-31,-2.96778e-34,-8.36336e-33,-4.97633e-33,-1.05880e-30,-2.32708e-29,-4.78491e-32,-1.33528e-30,-7.83342e-31
-1.73733e-37,-3.97091e-36,-7.57869e-39,-2.30639e-37,-1.15947e-37,-2.99050e-35,-6.76414e-34,-1.31699e-36,-3.99132e-35,-1.98705e-35,-4.97633e-33,-1.10980e-31,-2.21960e-34,-6.68041e-33,-3.29061e-33,-7.83342e-31,-1.71234e-29,-3.55707e-32,-1.05880e-30,-5.15078e-31
-1.15947e-37,-2.64367e-36,-5.06874e-39,-1.73733e-37,-5.79695e-38,-1.98705e-35,-4.48085e-34,-8.77402e-37,-2.99050e-35,-9.90539e-36,-3.29061e-33,-7.31134e-32,-1.47250e-34,-4.97633e-33,-1.63506e-33,-5.15078e-31,-1.12092e-29,-2.34810e-32,-7.83342e-31,-2.54978e-31
-5.79695e-38,-1.31963e-36,-2.53775e-39,-1.15947e-37,-2.45011e-41,-9.90539e-36,-2.22925e-34,-4.38145e-37,-1.98705e-35,-2.92333e-39,-1.63506e-33,-3.62402e-32,-7.33231e-35,-3.29061e-33,-3.12105e-37,-2.54978e-31,-5.53253e-30,-1.16538e-32,-5.15078e-31,-2.93300e-35
-2.45011e-41,-5.22535e-40,-1.14395e-42,-5.79695e-38,5.79218e-38,-2.92333e-39,-6.03288e-38,-1.39978e-40,-9.90539e-36,9.89971e-36,-3.12105e-37,-6.17222e-36,-1.55547e-38,-1.63506e-33,1.63445e-33,-2.93300e-35,-5.57546e-34,-1.52200e-36,-2.54978e-31,2.54921e-31
5.79218e-38,1.31861e-36,2.53553e-39,-2.45011e-41,1.15904e-37,9.89971e-36,2.22807e-34,4.37874e-37,-2.92333e-39,1.98653e-35,1.63445e-33,3.62282e-32,7.32929e-35,-3.12105e-37,3.29006e-33,2.54921e-31,5.53145e-30,1.16508e-32,-2.93300e-35,5.15026e-31
1.15904e-37,2.64274e-36,5.06672e-39,5.79218e-38,1.73697e-37,1.98653e-35,4.47978e-34,8.77155e-37,9.89971e-36,2.99008e-35,3.29006e-33,7.31025e-32,1.47222e-34,1.63445e-33,4.97588e-33,5.15026e-31,1.12082e-29,2.34783e-32,2.54921e-31,7.83299e-31
1.73697e-37,3.97013e-36,7.57702e-39,1.15904e-37,2.30613e-37,2.99008e-35,6.76325e-34,1.31679e-36,1.98653e-35,3.99102e-35,4.97588e-33,1.10971e-31,2.21937e-34,3.29006e-33,6.68009e-33,7.83299e-31,1.71226e-29,3.55685e-32,5.15026e-31,1.05877e-30
2.30613e-37,5.28690e-36,1.00333e-38,1.73697e-37,2.85385e-37,3.99102e-35,9.06093e-34,1.75186e-36,2.99008e-35,4.96649e-35,6.68009e-33,1.49656e-31,2.96762e-34,4.97588e-33,8.36322e-33,1.05877e-30,2.32703e-29,4.78475e-32,7.83299e-31,1.33527e-30
2.85385e-37,6.56402e-36,1.23806e-38,2.30613e-37,3.36180e-37,4.96649e-35,1.13211e-33,2.17231e-36,3.99102e-35,5.87931e-35,8.36322e-33,1.88283e-31,3.69935e-34,6.68009e-33,9.95629e-33,1.33527e-30,2.95186e-29,6.00327e-32,1.05877e-30,1.60112e-30
3.36180e-37,7.75733e-36,1.45426e-38,2.85385e-37,3.80743e-37,5.87931e-35,1.34550e-33,2.56260e-36,4.96649e-35,6.67867e-35,9.95629e-33,2.25224e-31,4.38541e-34,8.36322e-33,1.13646e-32,1.60112e-30,3.55971e-29,7.16237e-32,1.33527e-30,1.84007e-30
3.80743e-37,8.81122e-36,1.64279e-38,3.36180e-37,4.16656e-37,6.67867e-35,1.53389e-33,2.90184e-36,5.87931e-35,7.30071e-35,1.13646e-32,2.58187e-31,4.98669e-34,9.95629e-33,1.24777e-32,1.84007e-30,4.11175e-29,8.19422e-32,1.60112e-30,2.03336e-30
4.16656e-37,9.66517e-36,1.79398e-38,3.80743e-37,4.41281e-37,7.30071e-35,1.68163e-33,3.16393e-36,6.67867e-35,7.64105e-35,1.24777e-32,2.84469e-31,5.45816e-34,1.13646e-32,1.30398e-32,2.03336e-30,4.56240e-29,9.02188e-32,1.84007e-30,2.13861e-30
4.41281e-37,1.02529e-35,1.89729e-38,4.16656e-37,4.49875e-37,7.64105e-35,1.76362e-33,3.30543e-36,7.30071e-35,7.68542e-35,1.30398e-32,2.97979e-31,5.69211e-34,1.24777e-32,1.30682e-32,2.13861e-30,4.81152e-29,9.46601e-32,2.03336e-30,2.15015e-30
-1.89704e-38,-4.41227e-37,-8.14827e-40,-1.93299e-38,-1.79379e-38,-3.30514e-36,-7.64043e-35,-1.42771e-37,-3.32202e-36,-3.16371e-36,-5.69179e-34,-1.30391e-32,-2.47900e-35,-5.69997e-34,-5.45791e-34,-9.46570e-32,-2.13855e-30,-4.17432e-33,-9.50904e-32,-9.02165e-32
-1.79379e-38,-4.16616e-37,-7.71463e-40,-1.89704e-38,-1.64269e-38,-3.16371e-36,-7.30024e-35,-1.36883e-37,-3.30514e-36,-2.90171e-36,-5.45791e-34,-1.24773e-32,-2.38156e-35,-5.69179e-34,-4.98655e-34,-9.02165e-32,-2.03331e-30,-3.98709e-33,-9.46570e-32,-8.19409e-32
-1.64269e-38,-3.80721e-37,-7.07797e-40,-1.79379e-38,-1.45424e-38,-2.90171e-36,-6.67841e-35,-1.25836e-37,-3.16371e-36,-2.56257e-36,-4.98655e-34,-1.13643e-32,-2.18191e-35,-5.45791e-34,-4.38538e-34,-8.19409e-32,-1.84004e-30,-3.63321e-33,-9.02165e-32,-7.16233e-32
-1.45424e-38,-3.36176e-37,-6.28033e-40,-1.64269e-38,-1.23811e-38,-2.56257e-36,-5.87925e-35,-1.11440e-37,-2.90171e-36,-2.17238e-36,-4.38538e-34,-9.95623e-33,-1.92536e-35,-4.98655e-34,-3.69942e-34,-7.16233e-32,-1.60111e-30,-3.18852e-33,-8.19409e-32,-6.00334e-32
-1.23811e-38,-2.85398e-37,-5.36045e-40,-1.45424e-38,-1.00345e-38,-2.17238e-36,-4.96662e-35,-9.47646e-38,-2.56257e-36,-1.75200e-36,-3.69942e-34,-8.36336e-33,-1.63030e-35,-4.38538e-34,-2.96778e-34,-6.00334e-32,-1.33528e-30,-2.68454e-33,-7.16233e-32,-4.78491e-32
-1.00345e-38,-2.30639e-37,-4.35554e-40,-1.23811e-38,-7.57869e-39,-1.75200e-36,-3.99132e-35,-7.66664e-38,-2.17238e-36,-1.31699e-36,-2.96778e-34,-6.68041e-33,-1.31287e-35,-3.69942e-34,-2.21960e-34,-4.78491e-32,-1.05880e-30,-2.14947e-33,-6.00334e-32,-3.55707e-32
-7.57869e-39,-1.73733e-37,-3.29725e-40,-1.00345e-38,-5.06874e-39,-1.31699e-36,-2.99050e-35,-5.77966e-38,-1.75200e-36,-8.77402e-37,-2.21960e-34,-4.97633e-33,-9.85350e-36,-2.96778e-34,-1.47250e-34,-3.55707e-32,-7.83342e-31,-1.60467e-33,-4.78491e-32,-2.34810e-32
-5.06874e-39,-1.15947e-37,-2.20939e-40,-7.57869e-39,-2.53775e-39,-8.77402e-37,-1.98705e-35,-3.85948e-38,-1.31699e-36,-4.38145e-37,-1.47250e-34,-3.29061e-33,-6.55557e-36,-2.21960e-34,-7.33231e-35,-2.34810e-32,-5.15078e-31,-1.06293e-33,-3.55707e-32,-1.16538e-32
-2.53775e-39,-5.79695e-38,-1.10753e-40,-5.06874e-39,-1.14395e-42,-4.38145e-37,-9.90539e-36,-1.93024e-38,-8.77402e-37,-1.39978e-40,-7.33231e-35,-1.63506e-33,-3.27048e-36,-1.47250e-34,-1.55547e-38,-1.16538e-32,-2.54978e-31,-5.28740e-34,-2.34810e-32,-1.52200e-36
-1.14395e-42,-2.45011e-41,-5.33319e-44,-2.53775e-39,2.53553e-39,-1.39978e-40,-2.92333e-39,-6.63809e-42,-4.38145e-37,4.37874e-37,-1.55547e-38,-3.12105e-37,-7.64644e-40,-7.33231e-35,7.32929e-35,-1.52200e-36,-2.93300e-35,-7.79005e-38,-1.16538e-32,1.16508e-32
2.53553e-39,5.79218e-38,1.10649e-40,-1.14395e-42,5.06672e-39,4.37874e-37,9.89971e-36,1.92895e-38,-1.39978e-40,8.77155e-37,7.32929e-35,1.63445e-33,3.26900e-36,-1.55547e-38,1.47222e-34,1.16508e-32,2.54921e-31,5.28589e-34,-1.52200e-36,2.34783e-32
5.06672e-39,1.15904e-37,2.20845e-40,2.53553e-39,7.57702e-39,8.77155e-37,1.98653e-35,3.85832e-38,4.37874e-37,1.31679e-36,1.47222e-34,3.29006e-33,6.55424e-36,7.32929e-35,2.21937e-34,2.34783e-32,5.15026e-31,1.06280e-33,1.16508e-32,3.55685e-32
7.57702e-39,1.73697e-37,3.29647e-40,5.06672e-39,1.00333e-38,1.31679e-36,2.99008e-35,5.77871e-38,8.77155e-37,1.75186e-36,2.21937e-34,4.97588e-33,9.85241e-36,1.47222e-34,2.96762e-34,3.55685e-32,7.83299e-31,1.60456e-33,2.34783e-32,4.78475e-32
1.00333e-38,2.30613e-37,4.35500e-40,7.57702e-39,1.23806e-38,1.75186e-36,3.99102e-35,7.66597e-38,1.31679e-36,2.17231e-36,2.96762e-34,6.68009e-33,1.31280e-35,2.21937e-34,3.69935e-34,4.78475e-32,1.05877e-30,2.14939e-33,3.55685e-32,6.00327e-32
1.23806e-38,2.85385e-37,5.36021e-40,1.00333e-38,1.45426e-38,2.17231e-36,4.96649e-35,9.47617e-38,1.75186e-36,2.56260e-36,3.69935e-34,8.36322e-33,1.63027e-35,2.96762e-34,4.38541e-34,6.00327e-32,1.33527e-30,2.68451e-33,4.78475e-32,7.16237e-32
1.45426e-38,3.36180e-37,6.28043e-40,1.23806e-38,1.64279e-38,2.56260e-36,5.87931e-35,1.11442e-37,2.17231e-36,2.90184e-36,4.38541e-34,9.95629e-33,1.92538e-35,3.69935e-34,4.98669e-34,7.16237e-32,1.60112e-30,3.18854e-33,6.00327e-32,8.19422e-32
1.64279e-38,3.80743e-37,7.07845e-40,1.45426e-38,1.79398e-38,2.90184e-36,6.67867e-35,1.25842e-37,2.56260e-36,3.16393e-36,4.98669e-34,1.13646e-32,2.18198e-35,4.38541e-34,5.45816e-34,8.19422e-32,1.84007e-30,3.63328e-33,7.16237e-32,9.02188e-32
1.79398e-38,4.16656e-37,7.71548e-40,1.64279e-38,1.89729e-38,3.16393e-36,7.30071e-35,1.36894e-37,2.90184e-36,3.30543e-36,5.45816e-34,1.24777e-32,2.38168e-35,4.98669e-34,5.69211e-34,9.02188e-32,2.03336e-30,3.98721e-33,8.19422e-32,9.46601e-32
1.89729e-38,4.41281e-37,8.14943e-40,1.79398e-38,1.93327e-38,3.30543e-36,7.64105e-35,1.42785e-37,3.16393e-36,3.32234e-36,5.69211e-34,1.30398e-32,2.47916e-35,5.45816e-34,5.70031e-34,9.46601e-32,2.13861e-30,4.17448e-33,9.02188e-32,9.50937e-32
-8.14827e-40,-1.89704e-38,-3.49668e-41,-8.29905e-40,-7.71463e-40,-1.42771e-37,-3.30514e-36,-6.15910e-39,-1.43413e-37,-1.36883e-37,-2.47900e-35,-5.69179e-34,-1.07752e-36,-2.48094e-35,-2.38156e-35,-4.17432e-33,-9.46570e-32,-1.83484e-34,-4.19038e-33,-3.98709e-33
-7.71463e-40,-1.79379e-38,-3.31432e-41,-8.14827e-40,-7.07797e-40,-1.36883e-37,-3.16371e-36,-5.91359e-39,-1.42771e-37,-1.25836e-37,-2.38156e-35,-5.45791e-34,-1.03688e-36,-2.47900e-35,-2.18191e-35,-3.98709e-33,-9.02165e-32,-1.75593e-34,-4.17432e-33,-3.63321e-33
-7.07797e-40,-1.64269e-38,-3.04585e-41,-7.71463e-40,-6.28033e-40,-1.25836e-37,-2.90171e-36,-5.44743e-39,-1.36883e-37,-1.11440e-37,-2.18191e-35,-4.98655e-34,-9.52295e-37,-2.38156e-35,-1.92536e-35,-3.63321e-33,-8.19409e-32,-1.60475e-34,-3.98709e-33,-3.18852e-33
-6.28033e-40,-1.45424e-38,-2.70808e-41,-7.07797e-40,-5.36045e-40,-1.11440e-37,-2.56257e-36,-4.83625e-39,-1.25836e-37,-9.47646e-38,-1.92536e-35,-4.38538e-34,-8.42854e-37,-2.18191e-35,-1.63030e-35,-3.18852e-33,-7.16233e-32,-1.41338e-34,-3.63321e-33,-2.68454e-33
-5.36045e-40,-1.23811e-38,-2.31660e-41,-6.28033e-40,-4.35554e-40,-9.47646e-38,-2.17238e-36,-4.12386e-39,-1.11440e-37,-7.66664e-38,-1.63030e-35,-3.69942e-34,-7.16065e-37,-1.92536e-35,-1.31287e-35,-2.68454e-33,-6.00334e-32,-1.19471e-34,-3.18852e-33,-2.14947e-33
-4.35554e-40,-1.00345e-38,-1.88654e-41,-5.36045e-40,-3.29725e-40,-7.66664e-38,-1.75200e-36,-3.34551e-39,-9.47646e-38,-5.77966e-38,-1.31287e-35,-2.96778e-34,-5.78584e-37,-1.63030e-35,-9.85350e-36,-2.14947e-33,-4.78491e-32,-9.60460e-35,-2.68454e-33,-1.60467e-33
-3.29725e-40,-7.57869e-39,-1.43109e-41,-4.35554e-40,-2.20939e-40,-5.77966e-38,-1.31699e-36,-2.52848e-39,-7.66664e-38,-3.85948e-38,-9.85350e-36,-2.21960e-34,-4.35592e-37,-1.31287e-35,-6.55557e-36,-1.60467e-33,-3.55707e-32,-7.19702e-35,-2.14947e-33,-1.06293e-33
-2.20939e-40,-5.06874e-39,-9.60510e-42,-3.29725e-40,-1.10753e-40,-3.85948e-38,-8.77402e-37,-1.69189e-39,-5.77966e-38,-1.93024e-38,-6.55557e-36,-1.47250e-34,-2.90528e-37,-9.85350e-36,-3.27048e-36,-1.06293e-33,-2.34810e-32,-4.78179e-35,-1.60467e-33,-5.28740e-34
-1.10753e-40,-2.53775e-39,-4.82010e-42,-2.20939e-40,-5.33319e-44,-1.93024e-38,-4.38145e-37,-8.47297e-40,-3.85948e-38,-6.63809e-42,-3.27048e-36,-7.33231e-35,-1.45179e-37,-6.55557e-36,-7.64644e-40,-5.28740e-34,-1.16538e-32,-2.38337e-35,-1.06293e-33,-7.79005e-38
-5.33319e-44,-1.14395e-42,-2.48844e-45,-1.10753e-40,1.10649e-40,-6.63809e-42,-1.39978e-40,-3.12529e-43,-1.93024e-38,1.92895e-38,-7.64644e-40,-1.55547e-38,-3.71204e-41,-3.27048e-36,3.26900e-36,-7.79005e-38,-1.52200e-36,-3.93298e-39,-5.28740e-34,5.28589e-34
1.10649e-40,2.53553e-39,4.81527e-42,-5.33319e-44,2.20845e-40,1.92895e-38,4.37874e-37,8.46692e-40,-6.63809e-42,3.85832e-38,3.26900e-36,7.32929e-35,1.45107e-37,-7.64644e-40,6.55424e-36,5.28589e-34,1.16508e-32,2.38261e-35,-7.79005e-38,1.06280e-33
2.20845e-40,5.06672e-39,9.60074e-42,1.10649e-40,3.29647e-40,3.85832e-38,8.77155e-37,1.69135e-39,1.92895e-38,5.77871e-38,6.55424e-36,1.47222e-34,2.90463e-37,3.26900e-36,9.85241e-36,1.06280e-33,2.34783e-32,4.78110e-35,5.28589e-34,1.60456e-33
3.29647e-40,7.57702e-39,1.43073e-41,2.20845e-40,4.35500e-40,5.77871e-38,1.31679e-36,2.52803e-39,3.85832e-38,7.66597e-38,9.85241e-36,2.21937e-34,4.35539e-37,6.55424e-36,1.31280e-35,1.60456e-33,3.55685e-32,7.19647e-35,1.06280e-33,2.14939e-33
4.35500e-40,1.00333e-38,1.88629e-41,3.29647e-40,5.36021e-40,7.66597e-38,1.75186e-36,3.34520e-39,5.77871e-38,9.47617e-38,1.31280e-35,2.96762e-34,5.78549e-37,9.85241e-36,1.63027e-35,2.14939e-33,4.78475e-32,9.60422e-35,1.60456e-33,2.68451e-33
5.36021e-40,1.23806e-38,2.31649e-41,4.35500e-40,6.28043e-40,9.47617e-38,2.17231e-36,4.12373e-39,7.66597e-38,1.11442e-37,1.63027e-35,3.69935e-34,7.16050e-37,1.31280e-35,1.92538e-35,2.68451e-33,6.00327e-32,1.19470e-34,2.14939e-33,3.18854e-33
6.28043e-40,1.45426e-38,2.70813e-41,5.36021e-40,7.07845e-40,1.11442e-37,2.56260e-36,4.83632e-39,9.47617e-38,1.25842e-37,1.92538e-35,4.38541e-34,8.42864e-37,1.63027e-35,2.18198e-35,3.18854e-33,7.16237e-32,1.41339e-34,2.68451e-33,3.63328e-33
7.07845e-40,1.64279e-38,3.04607e-41,6.28043e-40,7.71548e-40,1.25842e-37,2.90184e-36,5.44772e-39,1.11442e-37,1.36894e-37,2.18198e-35,4.98669e-34,9.52329e-37,1.92538e-35,2.38168e-35,3.63328e-33,8.19422e-32,1.60479e-34,3.18854e-33,3.98721e-33
7.71548e-40,1.79398e-38,3.31472e-41,7.07845e-40,8.14943e-40,1.36894e-37,3.16393e-36,5.91408e-39,1.25842e-37,1.42785e-37,2.38168e-35,5.45816e-34,1.03694e-36,2.18198e-35,2.47916e-35,3.98721e-33,9.02188e-32,1.75599e-34,3.63328e-33,4.17448e-33
8.14943e-40,1.89729e-38,3.49721e-41,7.71548e-40,8.30033e-40,1.42785e-37,3.30543e-36,6.15975e-39,1.36894e-37,1.43428e-37,2.47916e-35,5.69211e-34,1.07759e-36,2.38168e-35,2.48110e-35,4.17448e-33,9.46601e-32,1.83492e-34,3.98721e-33,4.19055e-33
-3.49668e-41,-8.14827e-40,-1.49922e-42,-3.55999e-41,-3.31432e-41,-6.15910e-39,-1.42771e-37,-2.65375e-40,-6.18341e-39,-5.91359e-39,-1.07752e-36,-2.47900e-35,-4.67488e-38,-1.07773e-36,-1.03688e-36,-1.83484e-34,-4.17432e-33,-8.04163e-36,-1.84070e-34,-1.75593e-34
-3.31432e-41,-7.71463e-40,-1.42246e-42,-3.49668e-41,-3.04585e-41,-5.91359e-39,-1.36883e-37,-2.55123e-40,-6.15910e-39,-5.44743e-39,-1.03688e-36,-2.38156e-35,-4.50521e-38,-1.07752e-36,-9.52295e-37,-1.75593e-34,-3.98709e-33,-7.70902e-36,-1.83484e-34,-1.60475e-34
-3.04585e-41,-7.07797e-40,-1.30916e-42,-3.31432e-41,-2.70808e-41,-5.44743e-39,-1.25836e-37,-2.35439e-40,-5.91359e-39,-4.83625e-39,-9.52295e-37,-2.18191e-35,-4.14676e-38,-1.03688e-36,-8.42854e-37,-1.60475e-34,-3.63321e-33,-7.06368e-36,-1.75593e-34,-1.41338e-34
-2.70808e-41,-6.28033e-40,-1.16608e-42,-3.04585e-41,-2.31660e-41,-4.83625e-39,-1.11440e-37,-2.09486e-40,-5.44743e-39,-4.12386e-39,-8.42854e-37,-1.92536e-35,-3.68001e-38,-9.52295e-37,-7.16065e-37,-1.41338e-34,-3.18852e-33,-6.24116e-36,-1.60475e-34,-1.19471e-34
-2.31660e-41,-5.36045e-40,-9.99479e-43,-2.70808e-41,-1.88654e-41,-4.12386e-39,-9.47646e-38,-1.79062e-40,-4.83625e-39,-3.34551e-39,-7.16065e-37,-1.63030e-35,-3.13565e-38,-8.42854e-37,-5.78584e-37,-1.19471e-34,-2.68454e-33,-5.29422e-36,-1.41338e-34,-9.60460e-35
-1.88654e-41,-4.35554e-40,-8.15550e-43,-2.31660e-41,-1.43109e-41,-3.34551e-39,-7.66664e-38,-1.45620e-40,-4.12386e-39,-2.52848e-39,-5.78584e-37,-1.31287e-35,-2.54117e-38,-7.16065e-37,-4.35592e-37,-9.60460e-35,-2.14947e-33,-4.27139e-36,-1.19471e-34,-7.19702e-35
-1.43109e-41,-3.29725e-40,-6.19775e-43,-1.88654e-41,-9.60510e-42,-2.52848e-39,-5.77966e-38,-1.10303e-40,-3.34551e-39,-1.69189e-39,-4.35592e-37,-9.85350e-36,-1.91836e-38,-5.78584e-37,-2.90528e-37,-7.19702e-35,-1.60467e-33,-3.21124e-36,-9.60460e-35,-4.78179e-35
-9.60510e-42,-2.20939e-40,-4.16582e-43,-1.43109e-41,-4.82010e-42,-1.69189e-39,-3.85948e-38,-7.39400e-41,-2.52848e-39,-8.47297e-40,-2.90528e-37,-6.55557e-36,-1.28232e-38,-4.35592e-37,-1.45179e-37,-4.78179e-35,-1.06293e-33,-2.13929e-36,-7.19702e-35,-2.38337e-35
-4.82010e-42,-1.10753e-40,-2.09252e-43,-9.60510e-42,-2.48844e-45,-8.47297e-40,-1.93024e-38,-3.70726e-41,-1.69189e-39,-3.12529e-43,-1.45179e-37,-3.27048e-36,-6.41706e-39,-2.90528e-37,-3.71204e-41,-2.38337e-35,-5.28740e-34,-1.06814e-36,-4.78179e-35,-3.93298e-39
-2.48844e-45,-5.33319e-44,-1.16391e-46,-4.82010e-42,4.81527e-42,-3.12529e-43,-6.63809e-42,-1.46450e-44,-8.47297e-40,8.46692e-40,-3.71204e-41,-7.64644e-40,-1.78241e-42,-1.45179e-37,1.45107e-37,-3.93298e-39,-7.79005e-38,-1.95940e-40,-2.38337e-35,2.38261e-35
4.81527e-42,1.10649e-40,2.09027e-43,-2.48844e-45,9.60074e-42,8.46692e-40,1.92895e-38,3.70442e-41,-3.12529e-43,1.69135e-39,1.45107e-37,3.26900e-36,6.41362e-39,-3.71204e-41,2.90463e-37,2.38261e-35,5.28589e-34,1.06776e-36,-3.93298e-39,4.78110e-35
9.60074e-42,2.20845e-40,4.16379e-43,4.81527e-42,1.43073e-41,1.69135e-39,3.85832e-38,7.39145e-41,8.46692e-40,2.52803e-39,2.90463e-37,6.55424e-36,1.28201e-38,1.45107e-37,4.35539e-37,4.78110e-35,1.06280e-33,2.13895e-36,2.38261e-35,7.19647e-35
1.43073e-41,3.29647e-40,6.19609e-43,9.60074e-42,1.88629e-41,2.52803e-39,5.77871e-38,1.10282e-40,1.69135e-39,3.34520e-39,4.35539e-37,9.85241e-36,1.91811e-38,2.90463e-37,5.78549e-37,7.19647e-35,1.60456e-33,3.21096e-36,4.78110e-35,9.60422e-35
1.88629e-41,4.35500e-40,8.15434e-43,1.43073e-41,2.31649e-41,3.34520e-39,7.66597e-38,1.45606e-40,2.52803e-39,4.12373e-39,5.78549e-37,1.31280e-35,2.54100e-38,4.35539e-37,7.16050e-37,9.60422e-35,2.14939e-33,4.27121e-36,7.19647e-35,1.19470e-34
2.31649e-41,5.36021e-40,9.99428e-43,1.88629e-41,2.70813e-41,4.12373e-39,9.47617e-38,1.79056e-40,3.34520e-39,4.83632e-39,7.16050e-37,1.63027e-35,3.13558e-38,5.78549e-37,8.42864e-37,1.19470e-34,2.68451e-33,5.29415e-36,9.60422e-35,1.41339e-34
2.70813e-41,6.28043e-40,1.16610e-42,2.31649e-41,3.04607e-41,4.83632e-39,1.11442e-37,2.09489e-40,4.12373e-39,5.44772e-39,8.42864e-37,1.92538e-35,3.68006e-38,7.16050e-37,9.52329e-37,1.41339e-34,3.18854e-33,6.24122e-36,1.19470e-34,1.60479e-34
3.04607e-41,7.07845e-40,1.30926e-42,2.70813e-41,3.31472e-41,5.44772e-39,1.25842e-37,2.35453e-40,4.83632e-39,5.91408e-39,9.52329e-37,2.18198e-35,4.14693e-38,8.42864e-37,1.03694e-36,1.60479e-34,3.63328e-33,7.06386e-36,1.41339e-34,1.75599e-34
3.31472e-41,7.71548e-40,1.42264e-42,3.04607e-41,3.49721e-41,5.91408e-39,1.36894e-37,2.55146e-40,5.44772e-39,6.15975e-39,1.03694e-36,2.38168e-35,4.50548e-38,9.52329e-37,1.07759e-36,1.75599e-34,3.98721e-33,7.70932e-36,1.60479e-34,1.83492e-34
3.49721e-41,8.14943e-40,1.49947e-42,3.31472e-41,3.56058e-41,6.15975e-39,1.42785e-37,2.65404e-40,5.91408e-39,6.18411e-39,1.07759e-36,2.47916e-35,4.67523e-38,1.03694e-36,1.07781e-36,1.83492e-34,4.17448e-33,8.04201e-36,1.75599e-34,1.84079e-34
-1.49922e-42,-3.49668e-41,-6.42266e-44,-1.52585e-42,-1.42246e-42,-2.65375e-40,-6.15910e-39,-1.14209e-41,-2.66293e-40,-2.55123e-40,-4.67488e-38,-1.07752e-36,-2.02480e-39,-4.67337e-38,-4.50521e-38,-8.04163e-36,-1.83484e-34,-3.51520e-37,-8.06261e-36,-7.70902e-36
-1.42246e-42,-3.31432e-41,-6.09923e-44,-1.49922e-42,-1.30916e-42,-2.55123e-40,-5.91359e-39,-1.09923e-41,-2.65375e-40,-2.35439e-40,-4.50521e-38,-1.03688e-36,-1.95387e-39,-4.67488e-38,-4.14676e-38,-7.70902e-36,-1.75593e-34,-3.37500e-37,-8.04163e-36,-7.06368e-36
-1.30916e-42,-3.04585e-41,-5.62076e-44,-1.42246e-42,-1.16608e-42,-2.35439e-40,-5.44743e-39,-1.01606e-41,-2.55123e-40,-2.09486e-40,-4.14676e-38,-9.52295e-37,-1.80193e-39,-4.50521e-38,-3.68001e-38,-7.06368e-36,-1.60475e-34,-3.09966e-37,-7.70902e-36,-6.24116e-36
-1.16608e-42,-2.70808e-41,-5.01444e-44,-1.30916e-42,-9.99479e-43,-2.09486e-40,-4.83625e-39,-9.05828e-42,-2.35439e-40,-1.79062e-40,-3.68001e-38,-8.42854e-37,-1.60291e-39,-4.14676e-38,-3.13565e-38,-6.24116e-36,-1.41338e-34,-2.74651e-37,-7.06368e-36,-5.29422e-36
-9.99479e-43,-2.31660e-41,-4.30556e-44,-1.16608e-42,-8.15550e-43,-1.79062e-40,-4.12386e-39,-7.75939e-42,-2.09486e-40,-1.45620e-40,-3.13565e-38,-7.16065e-37,-1.36937e-39,-3.68001e-38,-2.54117e-38,-5.29422e-36,-1.19471e-34,-2.33710e-37,-6.24116e-36,-4.27139e-36
-8.15550e-43,-1.88654e-41,-3.51939e-44,-9.99479e-43,-6.19775e-43,-1.45620e-40,-3.34551e-39,-6.32387e-42,-1.79062e-40,-1.10303e-40,-2.54117e-38,-5.78584e-37,-1.11268e-39,-3.13565e-38,-1.91836e-38,-4.27139e-36,-9.60460e-35,-1.89156e-37,-5.29422e-36,-3.21124e-36
-6.19775e-43,-1.43109e-41,-2.67882e-44,-8.15550e-43,-4.16582e-43,-1.10303e-40,-2.52848e-39,-4.79956e-42,-1.45620e-40,-7.39400e-41,-1.91836e-38,-4.35592e-37,-8.41994e-40,-2.54117e-38,-1.28232e-38,-3.21124e-36,-7.19702e-35,-1.42622e-37,-4.27139e-36,-2.13929e-36
-4.16582e-43,-9.60510e-42,-1.80287e-44,-6.19775e-43,-2.09252e-43,-7.39400e-41,-1.69189e-39,-3.22241e-42,-1.10303e-40,-3.70726e-41,-1.28232e-38,-2.90528e-37,-5.63917e-40,-1.91836e-38,-6.41706e-39,-2.13929e-36,-4.78179e-35,-9.52363e-38,-3.21124e-36,-1.06814e-36
-2.09252e-43,-4.82010e-42,-9.06362e-45,-4.16582e-43,-1.16391e-46,-3.70726e-41,-8.47297e-40,-1.61735e-42,-7.39400e-41,-1.46450e-44,-6.41706e-39,-1.45179e-37,-2.82558e-40,-1.28232e-38,-1.78241e-42,-1.06814e-36,-2.38337e-35,-4.76246e-38,-2.13929e-36,-1.95940e-40
-1.16391e-46,-2.48844e-45,-5.46129e-48,-2.09252e-43,2.09027e-43,-1.46450e-44,-3.12529e-43,-6.84645e-46,-3.70726e-41,3.70442e-41,-1.78241e-42,-3.71204e-41,-8.48116e-44,-6.41706e-39,6.41362e-39,-1.95940e-40,-3.93298e-39,-9.63953e-42,-1.06814e-36,1.06776e-36
2.09027e-43,4.81527e-42,9.05305e-45,-1.16391e-46,4.16379e-43,3.70442e-41,8.46692e-40,1.61602e-42,-1.46450e-44,7.39145e-41,6.41362e-39,1.45107e-37,2.82394e-40,-1.78241e-42,1.28201e-38,1.06776e-36,2.38261e-35,4.76060e-38,-1.95940e-40,2.13895e-36
4.16379e-43,9.60074e-42,1.80192e-44,2.09027e-43,6.19609e-43,7.39145e-41,1.69135e-39,3.22122e-42,3.70442e-41,1.10282e-40,1.28201e-38,2.90463e-37,5.63771e-40,6.41362e-39,1.91811e-38,2.13895e-36,4.78110e-35,9.52197e-38,1.06776e-36,3.21096e-36
6.19609e-43,1.43073e-41,2.67804e-44,4.16379e-43,8.15434e-43,1.10282e-40,2.52803e-39,4.79859e-42,7.39145e-41,1.45606e-40,1.91811e-38,4.35539e-37,8.41875e-40,1.28201e-38,2.54100e-38,3.21096e-36,7.19647e-35,1.42608e-37,2.13895e-36,4.27121e-36
8.15434e-43,1.88629e-41,3.51885e-44,6.19609e-43,9.99428e-43,1.45606e-40,3.34520e-39,6.32322e-42,1.10282e-40,1.79056e-40,2.54100e-38,5.78549e-37,1.11260e-39,1.91811e-38,3.13558e-38,4.27121e-36,9.60422e-35,1.89147e-37,3.21096e-36,5.29415e-36
9.99428e-43,2.31649e-41,4.30533e-44,8.15434e-43,1.16610e-42,1.79056e-40,4.12373e-39,7.75912e-42,1.45606e-40,2.09489e-40,3.13558e-38,7.16050e-37,1.36934e-39,2.54100e-38,3.68006e-38,5.29415e-36,1.19470e-34,2.33706e-37,4.27121e-36,6.24122e-36
1.16610e-42,2.70813e-41,5.01456e-44,9.99428e-43,1.30926e-42,2.09489e-40,4.83632e-39,9.05845e-42,1.79056e-40,2.35453e-40,3.68006e-38,8.42864e-37,1.60293e-39,3.13558e-38,4.14693e-38,6.24122e-36,1.41339e-34,2.74653e-37,5.29415e-36,7.06386e-36
1.30926e-42,3.04607e-41,5.62126e-44,1.16610e-42,1.42264e-42,2.35453e-40,5.44772e-39,1.01612e-41,2.09489e-40,2.55146e-40,4.14693e-38,9.52329e-37,1.80201e-39,3.68006e-38,4.50548e-38,7.06386e-36,1.60479e-34,3.09975e-37,6.24122e-36,7.70932e-36
1.42264e-42,3.31472e-41,6.10009e-44,1.30926e-42,1.49947e-42,2.55146e-40,5.91408e-39,1.09934e-41,2.35453e-40,2.65404e-40,4.50548e-38,1.03694e-36,1.95400e-39,4.14693e-38,4.67523e-38,7.70932e-36,1.75599e-34,3.37515e-37,7.06386e-36,8.04201e-36
1.49947e-42,3.49721e-41,6.42382e-44,1.42264e-42,1.52612e-42,2.65404e-40,6.15975e-39,1.14223e-41,2.55146e-40,2.66325e-40,4.67523e-38,1.07759e-36,2.02496e-39,4.50548e-38,4.67375e-38,8.04201e-36,1.83492e-34,3.51539e-37,7.70932e-36,8.06302e-36
-6.42266e-44,-1.49922e-42,-2.74930e-45,-6.53476e-44,-6.09923e-44,-1.14209e-41,-2.65375e-40,-4.90994e-43,-1.14555e-41,-1.09923e-41,-2.02480e-39,-4.67488e-38,-8.75622e-41,-2.02321e-39,-1.95387e-39,-3.51520e-37,-8.04163e-36,-1.53295e-38,-3.52254e-37,-3.37500e-37
-6.09923e-44,-1.42246e-42,-2.61290e-45,-6.42266e-44,-5.62076e-44,-1.09923e-41,-2.55123e-40,-4.73048e-43,-1.14209e-41,-1.01606e-41,-1.95387e-39,-4.50521e-38,-8.45941e-41,-2.02480e-39,-1.80193e-39,-3.37500e-37,-7.70902e-36,-1.47384e-38,-3.51520e-37,-3.09966e-37
-5.62076e-44,-1.30916e-42,-2.41073e-45,-6.09923e-44,-5.01444e-44,-1.01606e-41,-2.35439e-40,-4.37886e-43,-1.09923e-41,-9.05828e-42,-1.80193e-39,-4.14676e-38,-7.81514e-41,-1.95387e-39,-1.60291e-39,-3.09966e-37,-7.06368e-36,-1.35641e-38,-3.37500e-37,-2.74651e-37
-5.01444e-44,-1.16608e-42,-2.15372e-45,-5.62076e-44,-4.30556e-44,-9.05828e-42,-2.09486e-40,-3.91060e-43,-1.01606e-41,-7.75939e-42,-1.60291e-39,-3.68001e-38,-6.96665e-41,-1.80193e-39,-1.36937e-39,-2.74651e-37,-6.24116e-36,-1.20491e-38,-3.09966e-37,-2.33710e-37
-4.30556e-44,-9.99479e-43,-1.85212e-45,-5.01444e-44,-3.51939e-44,-7.75939e-42,-1.79062e-40,-3.35624e-43,-9.05828e-42,-6.32387e-42,-1.36937e-39,-3.13565e-38,-5.96542e-41,-1.60291e-39,-1.11268e-39,-2.33710e-37,-5.29422e-36,-1.02815e-38,-2.74651e-37,-1.89156e-37
-3.51939e-44,-8.15550e-43,-1.51629e-45,-4.30556e-44,-2.67882e-44,-6.32387e-42,-1.45620e-40,-2.74054e-43,-7.75939e-42,-4.79956e-42,-1.11268e-39,-2.54117e-38,-4.85846e-41,-1.36937e-39,-8.41994e-40,-1.89156e-37,-4.27139e-36,-8.34486e-39,-2.33710e-37,-1.42622e-37
-2.67882e-44,-6.19775e-43,-1.15576e-45,-3.51939e-44,-1.80287e-44,-4.79956e-42,-1.10303e-40,-2.08357e-43,-6.32387e-42,-3.22241e-42,-8.41994e-40,-1.91836e-38,-3.68434e-41,-1.11268e-39,-5.63917e-40,-1.42622e-37,-3.21124e-36,-6.30812e-39,-1.89156e-37,-9.52363e-38
-1.80287e-44,-4.16582e-43,-7.78720e-46,-2.67882e-44,-9.06362e-45,-3.22241e-42,-7.39400e-41,-1.40085e-43,-4.79956e-42,-1.61735e-42,-5.63917e-40,-1.28232e-38,-2.47177e-41,-8.41994e-40,-2.82558e-40,-9.52363e-38,-2.13929e-36,-4.22101e-39,-1.42622e-37,-4.76246e-38
-9.06362e-45,-2.09252e-43,-3.91781e-46,-1.80287e-44,-5.46129e-48,-1.61735e-42,-3.70726e-41,-7.03738e-44,-3.22241e-42,-6.84645e-46,-2.82558e-40,-6.41706e-39,-1.23989e-41,-5.63917e-40,-8.48116e-44,-4.76246e-38,-1.06814e-36,-2.11365e-39,-9.52363e-38,-9.63953e-42
-5.46129e-48,-1.16391e-46,-2.57060e-49,-9.06362e-45,9.05305e-45,-6.84645e-46,-1.46450e-44,-3.19955e-47,-1.61735e-42,1.61602e-42,-8.48116e-44,-1.78241e-42,-4.00727e-45,-2.82558e-40,2.82394e-40,-9.63953e-42,-1.95940e-40,-4.68791e-43,-4.76246e-38,4.76060e-38
9.05305e-45,2.09027e-43,3.91284e-46,-5.46129e-48,1.80192e-44,1.61602e-42,3.70442e-41,7.03119e-44,-6.84645e-46,3.22122e-42,2.82394e-40,6.41362e-39,1.23912e-41,-8.48116e-44,5.63771e-40,4.76060e-38,1.06776e-36,2.11275e-39,-9.63953e-42,9.52197e-38
1.80192e-44,4.16379e-43,7.78273e-46,9.05305e-45,2.67804e-44,3.22122e-42,7.39145e-41,1.40029e-43,1.61602e-42,4.79859e-42,5.63771e-40,1.28201e-38,2.47107e-41,2.82394e-40,8.41875e-40,9.52197e-38,2.13895e-36,4.22021e-39,4.76060e-38,1.42608e-37
2.67804e-44,6.19609e-43,1.15540e-45,1.80192e-44,3.51885e-44,4.79859e-42,1.10282e-40,2.08312e-43,3.22122e-42,6.32322e-42,8.41875e-40,1.91811e-38,3.68379e-41,5.63771e-40,1.11260e-39,1.42608e-37,3.21096e-36,6.30747e-39,9.52197e-38,1.89147e-37
3.51885e-44,8.15434e-43,1.51604e-45,2.67804e-44,4.30533e-44,6.32322e-42,1.45606e-40,2.74024e-43,4.79859e-42,7.75912e-42,1.11260e-39,2.54100e-38,4.85809e-41,8.41875e-40,1.36934e-39,1.89147e-37,4.27121e-36,8.34443e-39,1.42608e-37,2.33706e-37
4.30533e-44,9.99428e-43,1.85202e-45,3.51885e-44,5.01456e-44,7.75912e-42,1.79056e-40,3.35612e-43,6.32322e-42,9.05845e-42,1.36934e-39,3.13558e-38,5.96528e-41,1.11260e-39,1.60293e-39,2.33706e-37,5.29415e-36,1.02814e-38,1.89147e-37,2.74653e-37
5.01456e-44,1.16610e-42,2.15378e-45,4.30533e-44,5.62126e-44,9.05845e-42,2.09489e-40,3.91068e-43,7.75912e-42,1.01612e-41,1.60293e-39,3.68006e-38,6.96676e-41,1.36934e-39,1.80201e-39,2.74653e-37,6.24122e-36,1.20492e-38,2.33706e-37,3.09975e-37
5.62126e-44,1.30926e-42,2.41096e-45,5.01456e-44,6.10009e-44,1.01612e-41,2.35453e-40,4.37916e-43,9.05845e-42,1.09934e-41,1.80201e-39,4.14693e-38,7.81552e-41,1.60293e-39,1.95400e-39,3.09975e-37,7.06386e-36,1.35645e-38,2.74653e-37,3.37515e-37
6.10009e-44,1.42264e-42,2.61331e-45,5.62126e-44,6.42382e-44,1.09934e-41,2.55146e-40,4.73097e-43,1.01612e-41,1.14223e-41,1.95400e-39,4.50548e-38,8.46003e-41,1.80201e-39,2.02496e-39,3.37515e-37,7.70932e-36,1.47391e-38,3.09975e-37,3.51539e-37
6.42382e-44,1.49947e-42,2.74983e-45,6.10009e-44,6.53603e-44,1.14223e-41,2.65404e-40,4.91058e-43,1.09934e-41,1.14570e-41,2.02496e-39,4.67523e-38,8.75700e-41,1.95400e-39,2.02339e-39,3.51539e-37,8.04201e-36,1.53304e-38,3.37515e-37,3.52274e-37
-2.74930e-45,-6.42266e-44,-1.17598e-46,-2.79654e-45,-2.61290e-45,-4.90994e-43,-1.14209e-41,-2.10868e-44,-4.92290e-43,-4.73048e-43,-8.75622e-41,-2.02480e-39,-3.78119e-42,-8.74579e-41,-8.45941e-41,-1.53295e-38,-3.51520e-37,-6.67077e-40,-1.53544e-38,-1.47384e-38
-2.61290e-45,-6.09923e-44,-1.11842e-46,-2.74930e-45,-2.41073e-45,-4.73048e-43,-1.09923e-41,-2.03345e-44,-4.90994e-43,-4.37886e-43,-8.45941e-41,-1.95387e-39,-3.65683e-42,-8.75622e-41,-7.81514e-41,-1.47384e-38,-3.37500e-37,-6.42139e-40,-1.53295e-38,-1.35641e-38
-2.41073e-45,-5.62076e-44,-1.03295e-46,-2.61290e-45,-2.15372e-45,-4.37886e-43,-1.01606e-41,-1.88472e-44,-4.73048e-43,-3.91060e-43,-7.81514e-41,-1.80193e-39,-3.38356e-42,-8.45941e-41,-6.96665e-41,-1.35641e-38,-3.09966e-37,-5.92070e-40,-1.47384e-38,-1.20491e-38
-2.15372e-45,-5.01444e-44,-9.23985e-47,-2.41073e-45,-1.85212e-45,-3.91060e-43,-9.05828e-42,-1.68578e-44,-4.37886e-43,-3.35624e-43,-6.96665e-41,-1.60291e-39,-3.02187e-42,-7.81514e-41,-5.96542e-41,-1.20491e-38,-2.74651e-37,-5.27125e-40,-1.35641e-38,-1.02815e-38
-1.85212e-45,-4.30556e-44,-7.95688e-47,-2.15372e-45,-1.51629e-45,-3.35624e-43,-7.75939e-42,-1.44925e-44,-3.91060e-43,-2.74054e-43,-5.96542e-41,-1.36937e-39,-2.59289e-42,-6.96665e-41,-4.85846e-41,-1.02815e-38,-2.33710e-37,-4.50912e-40,-1.20491e-38,-8.34486e-39
-1.51629e-45,-3.51939e-44,-6.52304e-47,-1.85212e-45,-1.15576e-45,-2.74054e-43,-6.32387e-42,-1.18539e-44,-3.35624e-43,-2.08357e-43,-4.85846e-41,-1.11268e-39,-2.11610e-42,-5.96542e-41,-3.68434e-41,-8.34486e-39,-1.89156e-37,-3.66887e-40,-1.02815e-38,-6.30812e-39
-1.15576e-45,-2.67882e-44,-4.97826e-47,-1.51629e-45,-7.78720e-46,-2.08357e-43,-4.79956e-42,-9.02603e-45,-2.74054e-43,-1.40085e-43,-3.68434e-41,-8.41994e-40,-1.60772e-42,-4.85846e-41,-2.47177e-41,-6.30812e-39,-1.42622e-37,-2.77970e-40,-8.34486e-39,-4.22101e-39
-7.78720e-46,-1.80287e-44,-3.35756e-47,-1.15576e-45,-3.91781e-46,-1.40085e-43,-3.22241e-42,-6.07594e-45,-2.08357e-43,-7.03738e-44,-2.47177e-41,-5.63917e-40,-1.08022e-42,-3.68434e-41,-1.23989e-41,-4.22101e-39,-9.52363e-38,-1.86341e-40,-6.30812e-39,-2.11365e-39
-3.91781e-46,-9.06362e-45,-1.69035e-47,-7.78720e-46,-2.57060e-49,-7.03738e-44,-1.61735e-42,-3.05481e-45,-1.40085e-43,-3.19955e-47,-1.23989e-41,-2.82558e-40,-5.42393e-43,-2.47177e-41,-4.00727e-45,-2.11365e-39,-4.76246e-38,-9.34210e-41,-4.22101e-39,-4.68791e-43
-2.57060e-49,-5.46129e-48,-1.21290e-50,-3.91781e-46,3.91284e-46,-3.19955e-47,-6.84645e-46,-1.49694e-48,-7.03738e-44,7.03119e-44,-4.00727e-45,-8.48116e-44,-1.88409e-46,-1.23989e-41,1.23912e-41,-4.68791e-43,-9.63953e-42,-2.25674e-44,-2.11365e-39,2.11275e-39
3.91284e-46,9.05305e-45,1.68800e-47,-2.57060e-49,7.78273e-46,7.03119e-44,1.61602e-42,3.05192e-45,-3.19955e-47,1.40029e-43,1.23912e-41,2.82394e-40,5.42029e-43,-4.00727e-45,2.47107e-41,2.11275e-39,4.76060e-38,9.33775e-41,-4.68791e-43,4.22021e-39
7.78273e-46,1.80192e-44,3.35546e-47,3.91284e-46,1.15540e-45,1.40029e-43,3.22122e-42,6.07335e-45,7.03119e-44,2.08312e-43,2.47107e-41,5.63771e-40,1.07989e-42,1.23912e-41,3.68379e-41,4.22021e-39,9.52197e-38,1.86302e-40,2.11275e-39,6.30747e-39
1.15540e-45,2.67804e-44,4.97655e-47,7.78273e-46,1.51604e-45,2.08312e-43,4.79859e-42,9.02394e-45,1.40029e-43,2.74024e-43,3.68379e-41,8.41875e-40,1.60746e-42,2.47107e-41,4.85809e-41,6.30747e-39,1.42608e-37,2.77939e-40,4.22021e-39,8.34443e-39
1.51604e-45,3.51885e-44,6.52188e-47,1.15540e-45,1.85202e-45,2.74024e-43,6.32322e-42,1.18525e-44,2.08312e-43,3.35612e-43,4.85809e-41,1.11260e-39,2.11593e-42,3.68379e-41,5.96528e-41,8.34443e-39,1.89147e-37,3.66866e-40,6.30747e-39,1.02814e-38
1.85202e-45,4.30533e-44,7.95639e-47,1.51604e-45,2.15378e-45,3.35612e-43,7.75912e-42,1.44919e-44,2.74024e-43,3.91068e-43,5.96528e-41,1.36934e-39,2.59283e-42,4.85809e-41,6.96676e-41,1.02814e-38,2.33706e-37,4.50905e-40,8.34443e-39,1.20492e-38
2.15378e-45,5.01456e-44,9.24013e-47,1.85202e-45,2.41096e-45,3.91068e-43,9.05845e-42,1.68582e-44,3.35612e-43,4.37916e-43,6.96676e-41,1.60293e-39,3.02192e-42,5.96528e-41,7.81552e-41,1.20492e-38,2.74653e-37,5.27131e-40,1.02814e-38,1.35645e-38
2.41096e-45,5.62126e-44,1.03306e-46,2.15378e-45,2.61331e-45,4.37916e-43,1.01612e-41,1.88486e-44,3.91068e-43,4.73097e-43,7.81552e-41,1.80201e-39,3.38374e-42,6.96676e-41,8.46003e-41,1.35645e-38,3.09975e-37,5.92091e-40,1.20492e-38,1.47391e-38
2.61331e-45,6.10009e-44,1.11861e-46,2.41096e-45,2.74983e-45,4.73097e-43,1.09934e-41,2.03368e-44,4.37916e-43,4.91058e-43,8.46003e-41,1.95400e-39,3.65711e-42,7.81552e-41,8.75700e-41,1.47391e-38,3.37515e-37,6.42173e-40,1.35645e-38,1.53304e-38
2.74983e-45,6.42382e-44,1.17623e-46,2.61331e-45,2.79713e-45,4.91058e-43,1.14223e-41,2.10898e-44,4.73097e-43,4.92360e-43,8.75700e-41,2.02496e-39,3.78155e-42,8.46003e-41,8.74663e-41,1.53304e-38,3.51539e-37,6.67120e-40,1.47391e-38,1.53554e-38
-1.17598e-46,-2.74930e-45,-5.02650e-48,-1.19591e-46,-1.11842e-46,-2.10868e-44,-4.90994e-43,-9.04751e-46,-2.11352e-44,-2.03345e-44,-3.78119e-42,-8.75622e-41,-1.63065e-43,-3.77531e-42,-3.65683e-42,-6.67077e-40,-1.53295e-38,-2.89716e-41,-6.67884e-40,-6.42139e-40
-1.11842e-46,-2.61290e-45,-4.78343e-48,-1.17598e-46,-1.03295e-46,-2.03345e-44,-4.73048e-43,-8.73181e-46,-2.10868e-44,-1.88472e-44,-3.65683e-42,-8.45941e-41,-1.57848e-43,-3.78119e-42,-3.38356e-42,-6.42139e-40,-1.47384e-38,-2.79191e-41,-6.67077e-40,-5.92070e-40
-1.03295e-46,-2.41073e-45,-4.42191e-48,-1.11842e-46,-9.23985e-47,-1.88472e-44,-4.37886e-43,-8.10239e-46,-2.03345e-44,-1.68578e-44,-3.38356e-42,-7.81514e-41,-1.46254e-43,-3.65683e-42,-3.02187e-42,-5.92070e-40,-1.35641e-38,-2.57847e-41,-6.42139e-40,-5.27125e-40
-9.23985e-47,-2.15372e-45,-3.95988e-48,-1.03295e-46,-7.95688e-47,-1.68578e-44,-3.91060e-43,-7.25712e-46,-1.88472e-44,-1.44925e-44,-3.02187e-42,-6.96665e-41,-1.30838e-43,-3.38356e-42,-2.59289e-42,-5.27125e-40,-1.20491e-38,-2.30024e-41,-5.92070e-40,-4.50912e-40
-7.95688e-47,-1.85212e-45,-3.41420e-48,-9.23985e-47,-6.52304e-47,-1.44925e-44,-3.35624e-43,-6.24825e-46,-1.68578e-44,-1.18539e-44,-2.59289e-42,-5.96542e-41,-1.12470e-43,-3.02187e-42,-2.11610e-42,-4.50912e-40,-1.02815e-38,-1.97199e-41,-5.27125e-40,-3.66887e-40
-6.52304e-47,-1.51629e-45,-2.80236e-48,-7.95688e-47,-4.97826e-47,-1.18539e-44,-2.74054e-43,-5.11828e-46,-1.44925e-44,-9.02603e-45,-2.11610e-42,-4.85846e-41,-9.19557e-44,-2.59289e-42,-1.60772e-42,-3.66887e-40,-8.34486e-39,-1.60806e-41,-4.50912e-40,-2.77970e-40
-4.97826e-47,-1.15576e-45,-2.14106e-48,-6.52304e-47,-3.35756e-47,-9.02603e-45,-2.08357e-43,-3.90255e-46,-1.18539e-44,-6.07594e-45,-1.60772e-42,-3.68434e-41,-6.99797e-44,-2.11610e-42,-1.08022e-42,-2.77970e-40,-6.30812e-39,-1.22079e-41,-3.66887e-40,-1.86341e-40
-3.35756e-47,-7.78720e-46,-1.44531e-48,-4.97826e-47,-1.69035e-47,-6.07594e-45,-1.40085e-43,-2.62989e-46,-9.02603e-45,-3.05481e-45,-1.08022e-42,-2.47177e-41,-4.70813e-44,-1.60772e-42,-5.42393e-43,-1.86341e-40,-4.22101e-39,-8.19693e-42,-2.77970e-40,-9.34210e-41
-1.69035e-47,-3.91781e-46,-7.28068e-49,-3.35756e-47,-1.21290e-50,-3.05481e-45,-7.03738e-44,-1.32318e-46,-6.07594e-45,-1.49694e-48,-5.42393e-43,-1.23989e-41,-2.36608e-44,-1.08022e-42,-1.88409e-46,-9.34210e-41,-2.11365e-39,-4.11381e-42,-1.86341e-40,-2.25674e-44
-1.21290e-50,-2.57060e-49,-5.73022e-52,-1.69035e-47,1.68800e-47,-1.49694e-48,-3.19955e-47,-7.01748e-50,-3.05481e-45,3.05192e-45,-1.88409e-46,-4.00727e-45,-8.83245e-48,-5.42393e-43,5.42029e-43,-2.25674e-44,-4.68791e-43,-1.07710e-45,-9.34210e-41,9.33775e-41
1.68800e-47,3.91284e-46,7.26961e-49,-1.21290e-50,3.35546e-47,3.05192e-45,7.03119e-44,1.32182e-46,-1.49694e-48,6.07335e-45,5.42029e-43,1.23912e-41,2.36437e-44,-1.88409e-46,1.07989e-42,9.33775e-41,2.11275e-39,4.11174e-42,-2.25674e-44,1.86302e-40
3.35546e-47,7.78273e-46,1.44432e-48,1.68800e-47,4.97655e-47,6.07335e-45,1.40029e-43,2.62868e-46,3.05192e-45,9.02394e-45,1.07989e-42,2.47107e-41,4.70662e-44,5.42029e-43,1.60746e-42,1.86302e-40,4.22021e-39,8.19509e-42,9.33775e-41,2.77939e-40
4.97655e-47,1.15540e-45,2.14026e-48,3.35546e-47,6.52188e-47,9.02394e-45,2.08312e-43,3.90158e-46,6.07335e-45,1.18525e-44,1.60746e-42,3.68379e-41,6.99676e-44,1.07989e-42,2.11593e-42,2.77939e-40,6.30747e-39,1.22064e-41,1.86302e-40,3.66866e-40
6.52188e-47,1.51604e-45,2.80182e-48,4.97655e-47,7.95639e-47,1.18525e-44,2.74024e-43,5.11763e-46,9.02394e-45,1.44919e-44,2.11593e-42,4.85809e-41,9.19477e-44,1.60746e-42,2.59283e-42,3.66866e-40,8.34443e-39,1.60797e-41,2.77939e-40,4.50905e-40
7.95639e-47,1.85202e-45,3.41398e-48,6.52188e-47,9.24013e-47,1.44919e-44,3.35612e-43,6.24800e-46,1.18525e-44,1.68582e-44,2.59283e-42,5.96528e-41,1.12467e-43,2.11593e-42,3.02192e-42,4.50905e-40,1.02814e-38,1.97196e-41,3.66866e-40,5.27131e-40
9.24013e-47,2.15378e-45,3.96002e-48,7.95639e-47,1.03306e-46,1.68582e-44,3.91068e-43,7.25731e-46,1.44919e-44,1.88486e-44,3.02192e-42,6.96676e-41,1.30841e-43,2.59283e-42,3.38374e-42,5.27131e-40,1.20492e-38,2.30027e-41,4.50905e-40,5.92091e-40
1.03306e-46,2.41096e-45,4.42243e-48,9.24013e-47,1.11861e-46,1.88486e-44,4.37916e-43,8.10304e-46,1.68582e-44,2.03368e-44,3.38374e-42,7.81552e-41,1.46263e-43,3.02192e-42,3.65711e-42,5.92091e-40,1.35645e-38,2.57857e-41,5.27131e-40,6.42173e-40
1.11861e-46,2.61331e-45,4.78432e-48,1.03306e-46,1.17623e-46,2.03368e-44,4.73097e-43,8.73289e-46,1.88486e-44,2.10898e-44,3.65711e-42,8.46003e-41,1.57862e-43,3.38374e-42,3.78155e-42,6.42173e-40,1.47391e-38,2.79207e-41,5.92091e-40,6.67120e-40
1.17623e-46,2.74983e-45,5.02768e-48,1.11861e-46,1.19619e-46,2.10898e-44,4.91058e-43,9.04890e-46,2.03368e-44,2.11385e-44,3.78155e-42,8.75700e-41,1.63082e-43,3.65711e-42,3.77570e-42,6.67120e-40,1.53304e-38,2.89737e-41,6.42173e-40,6.67929e-40
-5.02650e-48,-1.17598e-46,-2.14700e-49,-5.11066e-48,-4.78343e-48,-9.04751e-46,-2.10868e-44,-3.87843e-47,-9.06554e-46,-8.73181e-46,-1.63065e-43,-3.78119e-42,-7.02351e-45,-1.62759e-43,-1.57848e-43,-2.89716e-41,-6.67077e-40,-1.25601e-42,-2.89960e-41,-2.79191e-41
-4.78343e-48,-1.11842e-46,-2.04430e-49,-5.02650e-48,-4.42191e-48,-8.73181e-46,-2.03345e-44,-3.74580e-47,-9.04751e-46,-8.10239e-46,-1.57848e-43,-3.65683e-42,-6.80443e-45,-1.63065e-43,-1.46254e-43,-2.79191e-41,-6.42139e-40,-1.21156e-42,-2.89716e-41,-2.57847e-41
-4.42191e-48,-1.03295e-46,-1.89133e-49,-4.78343e-48,-3.95988e-48,-8.10239e-46,-1.88472e-44,-3.47933e-47,-8.73181e-46,-7.25712e-46,-1.46254e-43,-3.38356e-42,-6.31242e-45,-1.57848e-43,-1.30838e-43,-2.57847e-41,-5.92070e-40,-1.12059e-42,-2.79191e-41,-2.30024e-41
-3.95988e-48,-9.23985e-47,-1.69539e-49,-4.42191e-48,-3.41420e-48,-7.25712e-46,-1.68578e-44,-3.12017e-47,-8.10239e-46,-6.24825e-46,-1.30838e-43,-3.02187e-42,-5.65544e-45,-1.46254e-43,-1.12470e-43,-2.30024e-41,-5.27125e-40,-1.00145e-42,-2.57847e-41,-1.97199e-41
-3.41420e-48,-7.95688e-47,-1.46335e-49,-3.95988e-48,-2.80236e-48,-6.24825e-46,-1.44925e-44,-2.68999e-47,-7.25712e-46,-5.11828e-46,-1.12470e-43,-2.59289e-42,-4.86935e-45,-1.30838e-43,-9.19557e-44,-1.97199e-41,-4.50912e-40,-8.60224e-43,-2.30024e-41,-1.60806e-41
-2.80236e-48,-6.52304e-47,-1.20240e-49,-3.41420e-48,-2.14106e-48,-5.11828e-46,-1.18539e-44,-2.20643e-47,-6.24825e-46,-3.90255e-46,-9.19557e-44,-2.11610e-42,-3.98762e-45,-1.12470e-43,-6.99797e-44,-1.60806e-41,-3.66887e-40,-7.02841e-43,-1.97199e-41,-1.22079e-41
-2.14106e-48,-4.97826e-47,-9.19558e-50,-2.80236e-48,-1.44531e-48,-3.90255e-46,-9.02603e-45,-1.68436e-47,-5.11828e-46,-2.62989e-46,-6.99797e-44,-1.60772e-42,-3.03909e-45,-9.19557e-44,-4.70813e-44,-1.22079e-41,-2.77970e-40,-5.34523e-43,-1.60806e-41,-8.19693e-42
-1.44531e-48,-3.35756e-47,-6.21226e-50,-2.14106e-48,-7.28068e-49,-2.62989e-46,-6.07594e-45,-1.13616e-47,-3.90255e-46,-1.32318e-46,-4.70813e-44,-1.08022e-42,-2.04705e-45,-6.99797e-44,-2.36608e-44,-8.19693e-42,-1.86341e-40,-3.59415e-43,-1.22079e-41,-4.11381e-42
-7.28068e-49,-1.69035e-47,-3.13108e-50,-1.44531e-48,-5.73022e-52,-1.32318e-46,-3.05481e-45,-5.72004e-48,-2.62989e-46,-7.01748e-50,-2.36608e-44,-5.42393e-43,-1.02954e-45,-4.70813e-44,-8.83245e-48,-4.11381e-42,-9.34210e-41,-1.80548e-43,-8.19693e-42,-1.07710e-45
-5.73022e-52,-1.21290e-50,-2.70715e-53,-7.28068e-49,7.26961e-49,-7.01748e-50,-1.49694e-48,-3.29691e-51,-1.32318e-46,1.32182e-46,-8.83245e-48,-1.88409e-46,-4.13563e-49,-2.36608e-44,2.36437e-44,-1.07710e-45,-2.25674e-44,-5.10571e-47,-4.11381e-42,4.11174e-42
7.26961e-49,1.68800e-47,3.12585e-50,-5.73022e-52,1.44432e-48,1.32182e-46,3.05192e-45,5.71367e-48,-7.01748e-50,2.62868e-46,2.36437e-44,5.42029e-43,1.02874e-45,-8.83245e-48,4.70662e-44,4.11174e-42,9.33775e-41,1.80450e-43,-1.07710e-45,8.19509e-42
1.44432e-48,3.35546e-47,6.20758e-50,7.26961e-49,2.14026e-48,2.62868e-46,6.07335e-45,1.13560e-47,1.32182e-46,3.90158e-46,4.70662e-44,1.07989e-42,2.04634e-45,2.36437e-44,6.99676e-44,8.19509e-42,1.86302e-40,3.59327e-43,4.11174e-42,1.22064e-41
2.14026e-48,4.97655e-47,9.19180e-50,1.44432e-48,2.80182e-48,3.90158e-46,9.02394e-45,1.68391e-47,2.62868e-46,5.11763e-46,6.99676e-44,1.60746e-42,3.03852e-45,4.70662e-44,9.19477e-44,1.22064e-41,2.77939e-40,5.34453e-43,8.19509e-42,1.60797e-41
2.80182e-48,6.52188e-47,1.20215e-49,2.14026e-48,3.41398e-48,5.11763e-46,1.18525e-44,2.20613e-47,3.90158e-46,6.24800e-46,9.19477e-44,2.11593e-42,3.98725e-45,6.99676e-44,1.12467e-43,1.60797e-41,3.66866e-40,7.02796e-43,1.22064e-41,1.97196e-41
3.41398e-48,7.95639e-47,1.46324e-49,2.80182e-48,3.96002e-48,6.24800e-46,1.44919e-44,2.68987e-47,5.11763e-46,7.25731e-46,1.12467e-43,2.59283e-42,4.86921e-45,9.19477e-44,1.30841e-43,1.97196e-41,4.50905e-40,8.60208e-43,1.60797e-41,2.30027e-41
3.96002e-48,9.24013e-47,1.69546e-49,3.41398e-48,4.42243e-48,7.25731e-46,1.68582e-44,3.12026e-47,6.24800e-46,8.10304e-46,1.30841e-43,3.02192e-42,5.65556e-45,1.12467e-43,1.46263e-43,2.30027e-41,5.27131e-40,1.00147e-42,1.97196e-41,2.57857e-41
4.42243e-48,1.03306e-46,1.89158e-49,3.96002e-48,4.78432e-48,8.10304e-46,1.88486e-44,3.47963e-47,7.25731e-46,8.73289e-46,1.46263e-43,3.38374e-42,6.31281e-45,1.30841e-43,1.57862e-43,2.57857e-41,5.92091e-40,1.12063e-42,2.30027e-41,2.79207e-41
4.78432e-48,1.11861e-46,2.04472e-49,4.42243e-48,5.02768e-48,8.73289e-46,2.03368e-44,3.74631e-47,8.10304e-46,9.04890e-46,1.57862e-43,3.65711e-42,6.80506e-45,1.46263e-43,1.63082e-43,2.79207e-41,6.42173e-40,1.21163e-42,2.57857e-41,2.89737e-41
5.02768e-48,1.17623e-46,2.14755e-49,4.78432e-48,5.11196e-48,9.04890e-46,2.10898e-44,3.87908e-47,8.73289e-46,9.06704e-46,1.63082e-43,3.78155e-42,7.02430e-45,1.57862e-43,1.62778e-43,2.89737e-41,6.67120e-40,1.25610e-42,2.79207e-41,2.89982e-41
-2.14700e-49,-5.02650e-48,-9.16455e-51,-2.18256e-49,-2.04430e-49,-3.87843e-47,-9.04751e-46,-1.66116e-48,-3.88510e-47,-3.74580e-47,-7.02351e-45,-1.63065e-43,-3.02165e-46,-7.00836e-45,-6.80443e-45,-1.25601e-42,-2.89716e-41,-5.43620e-44,-1.25665e-42,-1.21156e-42
-2.04430e-49,-4.78343e-48,-8.73041e-51,-2.14700e-49,-1.89133e-49,-3.74580e-47,-8.73181e-46,-1.60539e-48,-3.87843e-47,-3.47933e-47,-6.80443e-45,-1.57848e-43,-2.92955e-46,-7.02351e-45,-6.31242e-45,-1.21156e-42,-2.79191e-41,-5.24839e-44,-1.25601e-42,-1.12059e-42
-1.89133e-49,-4.42191e-48,-8.08300e-51,-2.04430e-49,-1.69539e-49,-3.47933e-47,-8.10239e-46,-1.49253e-48,-3.74580e-47,-3.12017e-47,-6.31242e-45,-1.46254e-43,-2.72070e-46,-6.80443e-45,-5.65544e-45,-1.12059e-42,-2.57847e-41,-4.86069e-44,-1.21156e-42,-1.00145e-42
-1.69539e-49,-3.95988e-48,-7.25199e-51,-1.89133e-49,-1.46335e-49,-3.12017e-47,-7.25712e-46,-1.33992e-48,-3.47933e-47,-2.68999e-47,-5.65544e-45,-1.30838e-43,-2.44076e-46,-6.31242e-45,-4.86935e-45,-1.00145e-42,-2.30024e-41,-4.35085e-44,-1.12059e-42,-8.60224e-43
-1.46335e-49,-3.41420e-48,-6.26543e-51,-1.69539e-49,-1.20240e-49,-2.68999e-47,-6.24825e-46,-1.15655e-48,-3.12017e-47,-2.20643e-47,-4.86935e-45,-1.12470e-43,-2.10453e-46,-5.65544e-45,-3.98762e-45,-8.60224e-43,-1.97199e-41,-3.74376e-44,-1.00145e-42,-7.02841e-43
-1.20240e-49,-2.80236e-48,-5.15310e-51,-1.46335e-49,-9.19558e-50,-2.20643e-47,-5.11828e-46,-9.49764e-49,-2.68999e-47,-1.68436e-47,-3.98762e-45,-9.19557e-44,-1.72592e-46,-4.86935e-45,-3.03909e-45,-7.02841e-43,-1.60806e-41,-3.06413e-44,-8.60224e-43,-5.34523e-43
-9.19558e-50,-2.14106e-48,-3.94432e-51,-1.20240e-49,-6.21226e-50,-1.68436e-47,-3.90255e-46,-7.25808e-49,-2.20643e-47,-1.13616e-47,-3.03909e-45,-6.99797e-44,-1.31708e-46,-3.98762e-45,-2.04705e-45,-5.34523e-43,-1.22079e-41,-2.33399e-44,-7.02841e-43,-3.59415e-43
-6.21226e-50,-1.44531e-48,-2.66652e-51,-9.19558e-50,-3.13108e-50,-1.13616e-47,-2.62989e-46,-4.89999e-49,-1.68436e-47,-5.72004e-48,-2.04705e-45,-4.70813e-44,-8.88069e-47,-3.03909e-45,-1.02954e-45,-3.59415e-43,-8.19693e-42,-1.57136e-44,-5.34523e-43,-1.80548e-43
-3.13108e-50,-7.28068e-49,-1.34462e-51,-6.21226e-50,-2.70715e-53,-5.72004e-48,-1.32318e-46,-2.46831e-49,-1.13616e-47,-3.29691e-51,-1.02954e-45,-2.36608e-44,-4.46947e-47,-2.04705e-45,-4.13563e-49,-1.80548e-43,-4.11381e-42,-7.90004e-45,-3.59415e-43,-5.10571e-47
-2.70715e-53,-5.73022e-52,-1.27736e-54,-3.13108e-50,3.12585e-50,-3.29691e-51,-7.01748e-50,-1.55179e-52,-5.72004e-48,5.71367e-48,-4.13563e-49,-8.83245e-48,-1.93671e-50,-1.02954e-45,1.02874e-45,-5.10571e-47,-1.07710e-45,-2.40801e-48,-1.80548e-43,1.80450e-43
3.12585e-50,7.26961e-49,1.34215e-51,-2.70715e-53,6.20758e-50,5.71367e-48,1.32182e-46,2.46532e-49,-3.29691e-51,1.13560e-47,1.02874e-45,2.36437e-44,4.46574e-47,-4.13563e-49,2.04634e-45,1.80450e-43,4.11174e-42,7.89540e-45,-5.10571e-47,3.59327e-43
6.20758e-50,1.44432e-48,2.66432e-51,3.12585e-50,9.19180e-50,1.13560e-47,2.62868e-46,4.89733e-49,5.71367e-48,1.68391e-47,2.04634e-45,4.70662e-44,8.87738e-47,1.02874e-45,3.03852e-45,3.59327e-43,8.19509e-42,1.57095e-44,1.80450e-43,5.34453e-43
9.19180e-50,2.14026e-48,3.94255e-51,6.20758e-50,1.20215e-49,1.68391e-47,3.90158e-46,7.25595e-49,1.13560e-47,2.20613e-47,3.03852e-45,6.99676e-44,1.31681e-46,2.04634e-45,3.98725e-45,5.34453e-43,1.22064e-41,2.33366e-44,3.59327e-43,7.02796e-43
1.20215e-49,2.80182e-48,5.15191e-51,9.19180e-50,1.46324e-49,2.20613e-47,5.11763e-46,9.49623e-49,1.68391e-47,2.68987e-47,3.98725e-45,9.19477e-44,1.72574e-46,3.03852e-45,4.86921e-45,7.02796e-43,1.60797e-41,3.06392e-44,5.34453e-43,8.60208e-43
1.46324e-49,3.41398e-48,6.26495e-51,1.20215e-49,1.69546e-49,2.68987e-47,6.24800e-46,1.15650e-48,2.20613e-47,3.12026e-47,4.86921e-45,1.12467e-43,2.10446e-46,3.98725e-45,5.65556e-45,8.60208e-43,1.97196e-41,3.74369e-44,7.02796e-43,1.00147e-42
1.69546e-49,3.96002e-48,7.25231e-51,1.46324e-49,1.89158e-49,3.12026e-47,7.25731e-46,1.33996e-48,2.68987e-47,3.47963e-47,5.65556e-45,1.30841e-43,2.44082e-46,4.86921e-45,6.31281e-45,1.00147e-42,2.30027e-41,4.35092e-44,8.60208e-43,1.12063e-42
1.89158e-49,4.42243e-48,8.08417e-51,1.69546e-49,2.04472e-49,3.47963e-47,8.10304e-46,1.49268e-48,3.12026e-47,3.74631e-47,6.31281e-45,1.46263e-43,2.72089e-46,5.65556e-45,6.80506e-45,1.12063e-42,2.57857e-41,4.86092e-44,1.00147e-42,1.21163e-42
2.04472e-49,4.78432e-48,8.73238e-51,1.89158e-49,2.14755e-49,3.74631e-47,8.73289e-46,1.60562e-48,3.47963e-47,3.87908e-47,6.80506e-45,1.57862e-43,2.92984e-46,6.31281e-45,7.02430e-45,1.21163e-42,2.79207e-41,5.24875e-44,1.12063e-42,1.25610e-42
2.14755e-49,5.02768e-48,9.16716e-51,2.04472e-49,2.18317e-49,3.87908e-47,9.04890e-46,1.66146e-48,3.74631e-47,3.88580e-47,7.02430e-45,1.63082e-43,3.02202e-46,6.80506e-45,7.00920e-45,1.25610e-42,2.89737e-41,5.43665e-44,1.21163e-42,1.25676e-42
-9.16455e-51,-2.14700e-49,-3.90945e-52,-9.31492e-51,-8.73041e-51,-1.66116e-48,-3.87843e-47,-7.10908e-50,-1.66362e-48,-1.60539e-48,-3.02165e-46,-7.02351e-45,-1.29856e-47,-3.01438e-46,-2.92955e-46,-5.43620e-44,-1.25601e-42,-2.34930e-45,-5.43743e-44,-5.24839e-44
-8.73041e-51,-2.04430e-49,-3.72585e-52,-9.16455e-51,-8.08300e-51,-1.60539e-48,-3.74580e-47,-6.87435e-50,-1.66116e-48,-1.49253e-48,-2.92955e-46,-6.80443e-45,-1.25981e-47,-3.02165e-46,-2.72070e-46,-5.24839e-44,-1.21156e-42,-2.26990e-45,-5.43620e-44,-4.86069e-44
-8.08300e-51,-1.89133e-49,-3.45178e-52,-8.73041e-51,-7.25199e-51,-1.49253e-48,-3.47933e-47,-6.39627e-50,-1.60539e-48,-1.33992e-48,-2.72070e-46,-6.31242e-45,-1.17114e-47,-2.92955e-46,-2.44076e-46,-4.86069e-44,-1.12059e-42,-2.10469e-45,-5.24839e-44,-4.35085e-44
-7.25199e-51,-1.69539e-49,-3.09932e-52,-8.08300e-51,-6.26543e-51,-1.33992e-48,-3.12017e-47,-5.74781e-50,-1.49253e-48,-1.15655e-48,-2.44076e-46,-5.65544e-45,-1.05187e-47,-2.72070e-46,-2.10453e-46,-4.35085e-44,-1.00145e-42,-1.88659e-45,-4.86069e-44,-3.74376e-44
-6.26543e-51,-1.46335e-49,-2.67997e-52,-7.25199e-51,-5.15310e-51,-1.15655e-48,-2.68999e-47,-4.96643e-50,-1.33992e-48,-9.49764e-49,-2.10453e-46,-4.86935e-45,-9.08128e-48,-2.44076e-46,-1.72592e-46,-3.74376e-44,-8.60224e-43,-1.62586e-45,-4.35085e-44,-3.06413e-44
-5.15310e-51,-1.20240e-49,-2.20606e-52,-6.26543e-51,-3.94432e-51,-9.49764e-49,-2.20643e-47,-4.08270e-50,-1.15655e-48,-7.25808e-49,-1.72592e-46,-3.98762e-45,-7.45699e-48,-2.10453e-46,-1.31708e-46,-3.06413e-44,-7.02841e-43,-1.33275e-45,-3.74376e-44,-2.33399e-44
-3.94432e-51,-9.19558e-50,-1.68987e-52,-5.15310e-51,-2.66652e-51,-7.25808e-49,-1.68436e-47,-3.12293e-50,-9.49764e-49,-4.89999e-49,-1.31708e-46,-3.03909e-45,-5.69710e-48,-1.72592e-46,-8.88069e-47,-2.33399e-44,-5.34523e-43,-1.01659e-45,-3.06413e-44,-1.57136e-44
-2.66652e-51,-6.21226e-50,-1.14313e-52,-3.94432e-51,-1.34462e-51,-4.89999e-49,-1.13616e-47,-2.10991e-50,-7.25808e-49,-2.46831e-49,-8.88069e-47,-2.04705e-45,-3.84492e-48,-1.31708e-46,-4.46947e-47,-1.57136e-44,-3.59415e-43,-6.85183e-46,-2.33399e-44,-7.90004e-45
-1.34462e-51,-3.13108e-50,-5.76683e-53,-2.66652e-51,-1.27736e-54,-2.46831e-49,-5.72004e-48,-1.06338e-50,-4.89999e-49,-1.55179e-52,-4.46947e-47,-1.02954e-45,-1.93624e-48,-8.88069e-47,-1.93671e-50,-7.90004e-45,-1.80548e-43,-3.44728e-46,-1.57136e-44,-2.40801e-48
-1.27736e-54,-2.70715e-53,-6.01372e-56,-1.34462e-51,1.34215e-51,-1.55179e-52,-3.29691e-51,-7.31194e-54,-2.46831e-49,2.46532e-49,-1.93671e-50,-4.13563e-49,-9.07865e-52,-4.46947e-47,4.46574e-47,-2.40801e-48,-5.10571e-47,-1.13189e-49,-7.90004e-45,7.89540e-45
1.34215e-51,3.12585e-50,5.75523e-53,-1.27736e-54,2.66432e-51,2.46532e-49,5.71367e-48,1.06197e-50,-1.55179e-52,4.89733e-49,4.46574e-47,1.02874e-45,1.93449e-48,-1.93671e-50,8.87738e-47,7.89540e-45,1.80450e-43,3.44510e-46,-2.40801e-48,1.57095e-44
2.66432e-51,6.20758e-50,1.14209e-52,1.34215e-51,3.94255e-51,4.89733e-49,1.13560e-47,2.10865e-50,2.46532e-49,7.25595e-49,8.87738e-47,2.04634e-45,3.84337e-48,4.46574e-47,1.31681e-46,1.57095e-44,3.59327e-43,6.84990e-46,7.89540e-45,2.33366e-44
3.94255e-51,9.19180e-50,1.68904e-52,2.66432e-51,5.15191e-51,7.25595e-49,1.68391e-47,3.12193e-50,4.89733e-49,9.49623e-49,1.31681e-46,3.03852e-45,5.69586e-48,8.87738e-47,1.72574e-46,2.33366e-44,5.34453e-43,1.01644e-45,1.57095e-44,3.06392e-44
5.15191e-51,1.20215e-49,2.20550e-52,3.94255e-51,6.26495e-51,9.49623e-49,2.20613e-47,4.08204e-50,7.25595e-49,1.15650e-48,1.72574e-46,3.98725e-45,7.45619e-48,1.31681e-46,2.10446e-46,3.06392e-44,7.02796e-43,1.33265e-45,2.33366e-44,3.74369e-44
6.26495e-51,1.46324e-49,2.67975e-52,5.15191e-51,7.25231e-51,1.15650e-48,2.68987e-47,4.96618e-50,9.49623e-49,1.33996e-48,2.10446e-46,4.86921e-45,9.08099e-48,1.72574e-46,2.44082e-46,3.74369e-44,8.60208e-43,1.62583e-45,3.06392e-44,4.35092e-44
7.25231e-51,1.69546e-49,3.09948e-52,6.26495e-51,8.08417e-51,1.33996e-48,3.12026e-47,5.74803e-50,1.15650e-48,1.49268e-48,2.44082e-46,5.65556e-45,1.05190e-47,2.10446e-46,2.72089e-46,4.35092e-44,1.00147e-42,1.88663e-45,3.74369e-44,4.86092e-44
8.08417e-51,1.89158e-49,3.45233e-52,7.25231e-51,8.73238e-51,1.49268e-48,3.47963e-47,6.39696e-50,1.33996e-48,1.60562e-48,2.72089e-46,6.31281e-45,1.17122e-47,2.44082e-46,2.92984e-46,4.86092e-44,1.12063e-42,2.10479e-45,4.35092e-44,5.24875e-44
8.73238e-51,2.04472e-49,3.72678e-52,8.08417e-51,9.16716e-51,1.60562e-48,3.74631e-47,6.87546e-50,1.49268e-48,1.66146e-48,2.92984e-46,6.80506e-45,1.25994e-47,2.72089e-46,3.02202e-46,5.24875e-44,1.21163e-42,2.27006e-45,4.86092e-44,5.43665e-44
9.16716e-51,2.14755e-49,3.91067e-52,8.73238e-51,9.31778e-51,1.66146e-48,3.87908e-47,7.11051e-50,1.60562e-48,1.66394e-48,3.02202e-46,7.02430e-45,1.29873e-47,2.92984e-46,3.01477e-46,5.43665e-44,1.25610e-42,2.34951e-45,5.24875e-44,5.43791e-44
-3.90945e-52,-9.16455e-51,-1.66670e-53,-3.97306e-52,-3.72585e-52,-7.10908e-50,-1.66116e-48,-3.04005e-51,-7.11807e-50,-6.87435e-50,-1.29856e-47,-3.02165e-46,-5.57490e-49,-1.29515e-47,-1.25981e-47,-2.34930e-45,-5.43620e-44,-1.01384e-46,-2.34923e-45,-2.26990e-45
-3.72585e-52,-8.73041e-51,-1.58903e-53,-3.90945e-52,-3.45178e-52,-6.87435e-50,-1.60539e-48,-2.94118e-51,-7.10908e-50,-6.39627e-50,-1.25981e-47,-2.92955e-46,-5.41166e-49,-1.29856e-47,-1.17114e-47,-2.26990e-45,-5.24839e-44,-9.80251e-47,-2.34930e-45,-2.10469e-45
-3.45178e-52,-8.08300e-51,-1.47298e-53,-3.72585e-52,-3.09932e-52,-6.39627e-50,-1.49253e-48,-2.73861e-51,-6.87435e-50,-5.74781e-50,-1.17114e-47,-2.72070e-46,-5.03517e-49,-1.25981e-47,-1.05187e-47,-2.10469e-45,-4.86069e-44,-9.09857e-47,-2.26990e-45,-1.88659e-45
-3.09932e-52,-7.25199e-51,-1.32349e-53,-3.45178e-52,-2.67997e-52,-5.74781e-50,-1.33992e-48,-2.46309e-51,-6.39627e-50,-4.96643e-50,-1.05187e-47,-2.44076e-46,-4.52714e-49,-1.17114e-47,-9.08128e-48,-1.88659e-45,-4.35085e-44,-8.16605e-47,-2.10469e-45,-1.62586e-45
-2.67997e-52,-6.26543e-51,-1.14529e-53,-3.09932e-52,-2.20606e-52,-4.96643e-50,-1.15655e-48,-2.13023e-51,-5.74781e-50,-4.08270e-50,-9.08128e-48,-2.10453e-46,-3.91292e-49,-1.05187e-47,-7.45699e-48,-1.62586e-45,-3.74376e-44,-7.04715e-47,-1.88659e-45,-1.33275e-45
-2.20606e-52,-5.15310e-51,-9.43468e-54,-2.67997e-52,-1.68987e-52,-4.08270e-50,-9.49764e-49,-1.75280e-51,-4.96643e-50,-3.12293e-50,-7.45699e-48,-1.72592e-46,-3.21667e-49,-9.08128e-48,-5.69710e-48,-1.33275e-45,-3.06413e-44,-5.78459e-47,-1.62586e-45,-1.01659e-45
-1.68987e-52,-3.94432e-51,-7.23201e-54,-2.20606e-52,-1.14313e-52,-3.12293e-50,-7.25808e-49,-1.34187e-51,-4.08270e-50,-2.10991e-50,-5.69710e-48,-1.31708e-46,-2.46002e-49,-7.45699e-48,-3.84492e-48,-1.01659e-45,-2.33399e-44,-4.41779e-47,-1.33275e-45,-6.85183e-46
-1.14313e-52,-2.66652e-51,-4.89485e-54,-1.68987e-52,-5.76683e-53,-2.10991e-50,-4.89999e-49,-9.07196e-52,-3.12293e-50,-1.06338e-50,-3.84492e-48,-8.88069e-47,-1.66160e-49,-5.69710e-48,-1.93624e-48,-6.85183e-46,-1.57136e-44,-2.98053e-47,-1.01659e-45,-3.44728e-46
-5.76683e-53,-1.34462e-51,-2.47032e-54,-1.14313e-52,-6.01372e-56,-1.06338e-50,-2.46831e-49,-4.57431e-52,-2.10991e-50,-7.31194e-54,-1.93624e-48,-4.46947e-47,-8.37205e-50,-3.84492e-48,-9.07865e-52,-3.44728e-46,-7.90004e-45,-1.50053e-47,-6.85183e-46,-1.13189e-49
-6.01372e-56,-1.27736e-54,-2.82301e-57,-5.76683e-53,5.75523e-53,-7.31194e-54,-1.55179e-52,-3.44589e-55,-1.06338e-50,1.06197e-50,-9.07865e-52,-1.93671e-50,-4.26150e-53,-1.93624e-48,1.93449e-48,-1.13189e-49,-2.40801e-48,-5.31071e-51,-3.44728e-46,3.44510e-46
5.75523e-53,1.34215e-51,2.46487e-54,-6.01372e-56,1.14209e-52,1.06197e-50,2.46532e-49,4.56766e-52,-7.31194e-54,2.10865e-50,1.93449e-48,4.46574e-47,8.36384e-50,-9.07865e-52,3.84337e-48,3.44510e-46,7.89540e-45,1.49951e-47,-1.13189e-49,6.84990e-46
1.14209e-52,2.66432e-51,4.88999e-54,5.75523e-53,1.68904e-52,2.10865e-50,4.89733e-49,9.06605e-52,1.06197e-50,3.12193e-50,3.84337e-48,8.87738e-47,1.66087e-49,1.93449e-48,5.69586e-48,6.84990e-46,1.57095e-44,2.97963e-47,3.44510e-46,1.01644e-45
1.68904e-52,3.94255e-51,7.22812e-54,1.14209e-52,2.20550e-52,3.12193e-50,7.25595e-49,1.34140e-51,2.10865e-50,4.08204e-50,5.69586e-48,1.31681e-46,2.45944e-49,3.84337e-48,7.45619e-48,1.01644e-45,2.33366e-44,4.41708e-47,6.84990e-46,1.33265e-45
2.20550e-52,5.15191e-51,9.43207e-54,1.68904e-52,2.67975e-52,4.08204e-50,9.49623e-49,1.75249e-51,3.12193e-50,4.96618e-50,7.45619e-48,1.72574e-46,3.21630e-49,5.69586e-48,9.08099e-48,1.33265e-45,3.06392e-44,5.78414e-47,1.01644e-45,1.62583e-45
2.67975e-52,6.26495e-51,1.14518e-53,2.20550e-52,3.09948e-52,4.96618e-50,1.15650e-48,2.13012e-51,4.08204e-50,5.74803e-50,9.08099e-48,2.10446e-46,3.91279e-49,7.45619e-48,1.05190e-47,1.62583e-45,3.74369e-44,7.04699e-47,1.33265e-45,1.88663e-45
3.09948e-52,7.25231e-51,1.32357e-53,2.67975e-52,3.45233e-52,5.74803e-50,1.33996e-48,2.46319e-51,4.96618e-50,6.39696e-50,1.05190e-47,2.44082e-46,4.52728e-49,9.08099e-48,1.17122e-47,1.88663e-45,4.35092e-44,8.16623e-47,1.62583e-45,2.10479e-45
3.45233e-52,8.08417e-51,1.47324e-53,3.09948e-52,3.72678e-52,6.39696e-50,1.49268e-48,2.73893e-51,5.74803e-50,6.87546e-50,1.17122e-47,2.72089e-46,5.03558e-49,1.05190e-47,1.25994e-47,2.10479e-45,4.86092e-44,9.09907e-47,1.88663e-45,2.27006e-45
3.72678e-52,8.73238e-51,1.58946e-53,3.45233e-52,3.91067e-52,6.87546e-50,1.60562e-48,2.94170e-51,6.39696e-50,7.11051e-50,1.25994e-47,2.92984e-46,5.41230e-49,1.17122e-47,1.29873e-47,2.27006e-45,5.24875e-44,9.80330e-47,2.10479e-45,2.34951e-45
3.91067e-52,9.16716e-51,1.66727e-53,3.72678e-52,3.97440e-52,7.11051e-50,1.66146e-48,3.04072e-51,6.87546e-50,7.11960e-50,1.29873e-47,3.02202e-46,5.57570e-49,1.25994e-47,1.29533e-47,2.34951e-45,5.43665e-44,1.01394e-46,2.27006e-45,2.34946e-45
-1.66670e-53,-3.90945e-52,-7.10139e-55,-1.69362e-53,-1.58903e-53,-3.04005e-51,-7.10908e-50,-1.29906e-52,-3.04331e-51,-2.94118e-51,-5.57490e-49,-1.29856e-47,-2.39108e-50,-5.55916e-49,-5.41166e-49,-1.01384e-46,-2.34930e-45,-4.36952e-48,-1.01359e-46,-9.80251e-47
-1.58903e-53,-3.72585e-52,-6.77273e-55,-1.66670e-53,-1.47298e-53,-2.94118e-51,-6.87435e-50,-1.25738e-52,-3.04005e-51,-2.73861e-51,-5.41166e-49,-1.25981e-47,-2.32227e-50,-5.57490e-49,-5.03517e-49,-9.80251e-47,-2.26990e-45,-4.22734e-48,-1.01384e-46,-9.09857e-47
-1.47298e-53,-3.45178e-52,-6.28130e-55,-1.58903e-53,-1.32349e-53,-2.73861e-51,-6.39627e-50,-1.17153e-52,-2.94118e-51,-2.46309e-51,-5.03517e-49,-1.17114e-47,-2.16239e-50,-5.41166e-49,-4.52714e-49,-9.09857e-47,-2.10469e-45,-3.92743e-48,-9.80251e-47,-8.16605e-47
-1.32349e-53,-3.09932e-52,-5.64733e-55,-1.47298e-53,-1.14529e-53,-2.46309e-51,-5.74781e-50,-1.05448e-52,-2.73861e-51,-2.13023e-51,-4.52714e-49,-1.05187e-47,-1.94603e-50,-5.03517e-49,-3.91292e-49,-8.16605e-47,-1.88659e-45,-3.52887e-48,-9.09857e-47,-7.04715e-47
-1.14529e-53,-2.67997e-52,-4.89021e-55,-1.32349e-53,-9.43468e-54,-2.13023e-51,-4.96643e-50,-9.12737e-53,-2.46309e-51,-1.75280e-51,-3.91292e-49,-9.08128e-48,-1.68370e-50,-4.52714e-49,-3.21667e-49,-7.04715e-47,-1.62586e-45,-3.04907e-48,-8.16605e-47,-5.78459e-47
-9.43468e-54,-2.20606e-52,-4.03116e-55,-1.14529e-53,-7.23201e-54,-1.75280e-51,-4.08270e-50,-7.51637e-53,-2.13023e-51,-1.34187e-51,-3.21667e-49,-7.45699e-48,-1.38549e-50,-3.91292e-49,-2.46002e-49,-5.78459e-47,-1.33275e-45,-2.50584e-48,-7.04715e-47,-4.41779e-47
-7.23201e-54,-1.68987e-52,-3.09190e-55,-9.43468e-54,-4.89485e-54,-1.34187e-51,-3.12293e-50,-5.75847e-53,-1.75280e-51,-9.07196e-52,-2.46002e-49,-5.69710e-48,-1.06054e-50,-3.21667e-49,-1.66160e-49,-4.41779e-47,-1.01659e-45,-1.91585e-48,-5.78459e-47,-2.98053e-47
-4.89485e-54,-1.14313e-52,-2.09372e-55,-7.23201e-54,-2.47032e-54,-9.07196e-52,-2.10991e-50,-3.89545e-53,-1.34187e-51,-4.57431e-52,-1.66160e-49,-3.84492e-48,-7.16850e-51,-2.46002e-49,-8.37205e-50,-2.98053e-47,-6.85183e-46,-1.29369e-48,-4.41779e-47,-1.50053e-47
-2.47032e-54,-5.76683e-53,-1.05703e-55,-4.89485e-54,-2.82301e-57,-4.57431e-52,-1.06338e-50,-1.96499e-53,-9.07196e-52,-3.44589e-55,-8.37205e-50,-1.93624e-48,-3.61363e-51,-1.66160e-49,-4.26150e-53,-1.50053e-47,-3.44728e-46,-6.51673e-49,-2.98053e-47,-5.31071e-51
-2.82301e-57,-6.01372e-56,-1.32095e-58,-2.47032e-54,2.46487e-54,-3.44589e-55,-7.31194e-54,-1.62264e-56,-4.57431e-52,4.56766e-52,-4.26150e-53,-9.07865e-52,-2.00282e-54,-8.37205e-50,8.36384e-50,-5.31071e-51,-1.13189e-49,-2.49014e-52,-1.50053e-47,1.49951e-47
2.46487e-54,5.75523e-53,1.05448e-55,-2.82301e-57,4.88999e-54,4.56766e-52,1.06197e-50,1.96186e-53,-3.44589e-55,9.06605e-52,8.36384e-50,1.93449e-48,3.60977e-51,-4.26150e-53,1.66087e-49,1.49951e-47,3.44510e-46,6.51194e-49,-5.31071e-51,2.97963e-47
4.88999e-54,1.14209e-52,2.09145e-55,2.46487e-54,7.22812e-54,9.06605e-52,2.10865e-50,3.89267e-53,4.56766e-52,1.34140e-51,1.66087e-49,3.84337e-48,7.16508e-51,8.36384e-50,2.45944e-49,2.97963e-47,6.84990e-46,1.29326e-48,1.49951e-47,4.41708e-47
7.22812e-54,1.68904e-52,3.09008e-55,4.88999e-54,9.43207e-54,1.34140e-51,3.12193e-50,5.75626e-53,9.06605e-52,1.75249e-51,2.45944e-49,5.69586e-48,1.06027e-50,1.66087e-49,3.21630e-49,4.41708e-47,1.01644e-45,1.91552e-48,2.97963e-47,5.78414e-47
9.43207e-54,2.20550e-52,4.02995e-55,7.22812e-54,1.14518e-53,1.75249e-51,4.08204e-50,7.51493e-53,1.34140e-51,2.13012e-51,3.21630e-49,7.45619e-48,1.38532e-50,2.45944e-49,3.91279e-49,5.78414e-47,1.33265e-45,2.50563e-48,4.41708e-47,7.04699e-47
1.14518e-53,2.67975e-52,4.88974e-55,9.43207e-54,1.32357e-53,2.13012e-51,4.96618e-50,9.12685e-53,1.75249e-51,2.46319e-51,3.91279e-49,9.08099e-48,1.68364e-50,3.21630e-49,4.52728e-49,7.04699e-47,1.62583e-45,3.04900e-48,5.78414e-47,8.16623e-47
1.32357e-53,3.09948e-52,5.64768e-55,1.14518e-53,1.47324e-53,2.46319e-51,5.74803e-50,1.05453e-52,2.13012e-51,2.73893e-51,4.52728e-49,1.05190e-47,1.94609e-50,3.91279e-49,5.03558e-49,8.16623e-47,1.88663e-45,3.52895e-48,7.04699e-47,9.09907e-47
1.47324e-53,3.45233e-52,6.28252e-55,1.32357e-53,1.58946e-53,2.73893e-51,6.39696e-50,1.17169e-52,2.46319e-51,2.94170e-51,5.03558e-49,1.17122e-47,2.16258e-50,4.52728e-49,5.41230e-49,9.09907e-47,2.10479e-45,3.92767e-48,8.16623e-47,9.80330e-47
1.58946e-53,3.72678e-52,6.77476e-55,1.47324e-53,1.66727e-53,2.94170e-51,6.87546e-50,1.25763e-52,2.73893e-51,3.04072e-51,5.41230e-49,1.25994e-47,2.32257e-50,5.03558e-49,5.57570e-49,9.80330e-47,2.27006e-45,4.22771e-48,9.09907e-47,1.01394e-46
1.66727e-53,3.91067e-52,7.10406e-55,1.58946e-53,1.69425e-53,3.04072e-51,7.11051e-50,1.29937e-52,2.94170e-51,3.04403e-51,5.57570e-49,1.29873e-47,2.39146e-50,5.41230e-49,5.56002e-49,1.01394e-46,2.34951e-45,4.36998e-48,9.80330e-47,1.01369e-46
-7.10139e-55,-1.66670e-53,-3.02403e-56,-7.21538e-55,-6.77273e-55,-1.29906e-52,-3.04005e-51,-5.54716e-54,-1.30023e-52,-1.25738e-52,-2.39108e-50,-5.57490e-49,-1.02461e-51,-2.38392e-50,-2.32227e-50,-4.36952e-48,-1.01384e-46,-1.88091e-49,-4.36754e-48,-4.22734e-48
-6.77273e-55,-1.58903e-53,-2.88493e-56,-7.10139e-55,-6.28130e-55,-1.25738e-52,-2.94118e-51,-5.37141e-54,-1.29906e-52,-1.17153e-52,-2.32227e-50,-5.41166e-49,-9.95578e-52,-2.39108e-50,-2.16239e-50,-4.22734e-48,-9.80251e-47,-1.82070e-49,-4.36952e-48,-3.92743e-48
-6.28130e-55,-1.47298e-53,-2.67681e-56,-6.77273e-55,-5.64733e-55,-1.17153e-52,-2.73861e-51,-5.00754e-54,-1.25738e-52,-1.05448e-52,-2.16239e-50,-5.03517e-49,-9.27680e-52,-2.32227e-50,-1.94603e-50,-3.92743e-48,-9.09857e-47,-1.69294e-49,-4.22734e-48,-3.52887e-48
-5.64733e-55,-1.32349e-53,-2.40796e-56,-6.28130e-55,-4.89021e-55,-1.05448e-52,-2.46309e-51,-4.51029e-54,-1.17153e-52,-9.12737e-53,-1.94603e-50,-4.52714e-49,-8.35551e-52,-2.16239e-50,-1.68370e-50,-3.52887e-48,-8.16605e-47,-1.52266e-49,-3.92743e-48,-3.04907e-48
-4.89021e-55,-1.14529e-53,-2.08638e-56,-5.64733e-55,-4.03116e-55,-9.12737e-53,-2.13023e-51,-3.90690e-54,-1.05448e-52,-7.51637e-53,-1.68370e-50,-3.91292e-49,-7.23567e-52,-1.94603e-50,-1.38549e-50,-3.04907e-48,-7.04715e-47,-1.31706e-49,-3.52887e-48,-2.50584e-48
-4.03116e-55,-9.43468e-54,-1.72089e-56,-4.89021e-55,-3.09190e-55,-7.51637e-53,-1.75280e-51,-3.21968e-54,-9.12737e-53,-5.75847e-53,-1.38549e-50,-3.21667e-49,-5.95944e-52,-1.68370e-50,-1.06054e-50,-2.50584e-48,-5.78459e-47,-1.08358e-49,-3.04907e-48,-1.91585e-48
-3.09190e-55,-7.23201e-54,-1.32063e-56,-4.03116e-55,-2.09372e-55,-5.75847e-53,-1.34187e-51,-2.46829e-54,-7.51637e-53,-3.89545e-53,-1.06054e-50,-2.46002e-49,-4.56538e-52,-1.38549e-50,-7.16850e-51,-1.91585e-48,-4.41779e-47,-8.29259e-50,-2.50584e-48,-1.29369e-48
-2.09372e-55,-4.89485e-54,-8.94676e-57,-3.09190e-55,-1.05703e-55,-3.89545e-53,-9.07196e-52,-1.67062e-54,-5.75847e-53,-1.96499e-53,-7.16850e-51,-1.66160e-49,-3.08784e-52,-1.06054e-50,-3.61363e-51,-1.29369e-48,-2.98053e-47,-5.60396e-50,-1.91585e-48,-6.51673e-49
-1.05703e-55,-2.47032e-54,-4.51832e-57,-2.09372e-55,-1.32095e-58,-1.96499e-53,-4.57431e-52,-8.43028e-55,-3.89545e-53,-1.62264e-56,-3.61363e-51,-8.37205e-50,-1.55725e-52,-7.16850e-51,-2.00282e-54,-6.51673e-49,-1.50053e-47,-2.82434e-50,-1.29369e-48,-2.49014e-52
-1.32095e-58,-2.82301e-57,-6.16130e-60,-1.05703e-55,1.05448e-55,-1.62264e-56,-3.44589e-55,-7.62844e-58,-1.96499e-53,1.96186e-53,-2.00282e-54,-4.26150e-53,-9.42032e-56,-3.61363e-51,3.60977e-51,-2.49014e-52,-5.31071e-51,-1.16783e-53,-6.51673e-49,6.51194e-49
1.05448e-55,2.46487e-54,4.50643e-57,-1.32095e-58,2.09145e-55,1.96186e-53,4.56766e-52,8.41558e-55,-1.62264e-56,3.89267e-53,3.60977e-51,8.36384e-50,1.55544e-52,-2.00282e-54,7.16508e-51,6.51194e-49,1.49951e-47,2.82210e-50,-2.49014e-52,1.29326e-48
2.09145e-55,4.88999e-54,8.93617e-57,1.05448e-55,3.09008e-55,3.89267e-53,9.06605e-52,1.66931e-54,1.96186e-53,5.75626e-53,7.16508e-51,1.66087e-49,3.08623e-52,3.60977e-51,1.06027e-50,1.29326e-48,2.97963e-47,5.60197e-50,6.51194e-49,1.91552e-48
3.09008e-55,7.22812e-54,1.31978e-56,2.09145e-55,4.02995e-55,5.75626e-53,1.34140e-51,2.46726e-54,3.89267e-53,7.51493e-53,1.06027e-50,2.45944e-49,4.56411e-52,7.16508e-51,1.38532e-50,1.91552e-48,4.41708e-47,8.29103e-50,1.29326e-48,2.50563e-48
4.02995e-55,9.43207e-54,1.72033e-56,3.09008e-55,4.88974e-55,7.51493e-53,1.75249e-51,3.21900e-54,5.75626e-53,9.12685e-53,1.38532e-50,3.21630e-49,5.95862e-52,1.06027e-50,1.68364e-50,2.50563e-48,5.78414e-47,1.08348e-49,1.91552e-48,3.04900e-48
4.88974e-55,1.14518e-53,2.08616e-56,4.02995e-55,5.64768e-55,9.12685e-53,2.13012e-51,3.90666e-54,7.51493e-53,1.05453e-52,1.68364e-50,3.91279e-49,7.23539e-52,1.38532e-50,1.94609e-50,3.04900e-48,7.04699e-47,1.31703e-49,2.50563e-48,3.52895e-48
5.64768e-55,1.32357e-53,2.40812e-56,4.88974e-55,6.28252e-55,1.05453e-52,2.46319e-51,4.51052e-54,9.12685e-53,1.17169e-52,1.94609e-50,4.52728e-49,8.35582e-52,1.68364e-50,2.16258e-50,3.52895e-48,8.16623e-47,1.52270e-49,3.04900e-48,3.92767e-48
6.28252e-55,1.47324e-53,2.67738e-56,5.64768e-55,6.77476e-55,1.17169e-52,2.73893e-51,5.00826e-54,1.05453e-52,1.25763e-52,2.16258e-50,5.03558e-49,9.27768e-52,1.94609e-50,2.32257e-50,3.92767e-48,9.09907e-47,1.69305e-49,3.52895e-48,4.22771e-48
6.77476e-55,1.58946e-53,2.88588e-56,6.28252e-55,7.10406e-55,1.25763e-52,2.94170e-51,5.37256e-54,1.17169e-52,1.29937e-52,2.32257e-50,5.41230e-49,9.95718e-52,2.16258e-50,2.39146e-50,4.22771e-48,9.80330e-47,1.82087e-49,3.92767e-48,4.36998e-48
7.10406e-55,1.66727e-53,3.02527e-56,6.77476e-55,7.21830e-55,1.29937e-52,3.04072e-51,5.54863e-54,1.25763e-52,1.30057e-52,2.39146e-50,5.57570e-49,1.02478e-51,2.32257e-50,2.38432e-50,4.36998e-48,1.01394e-46,1.88112e-49,4.22771e-48,4.36803e-48
-3.02403e-56,-7.10139e-55,-1.28705e-57,-3.07231e-56,-2.88493e-56,-5.54716e-54,-1.29906e-52,-2.36713e-55,-5.55133e-54,-5.37141e-54,-1.02461e-51,-2.39108e-50,-4.38679e-53,-1.02139e-51,-9.95578e-52,-1.88091e-49,-4.36952e-48,-8.08732e-51,-1.87973e-49,-1.82070e-49
-2.88493e-56,-6.77273e-55,-1.22817e-57,-3.02403e-56,-2.67681e-56,-5.37141e-54,-1.25738e-52,-2.29297e-55,-5.54716e-54,-5.00754e-54,-9.95578e-52,-2.32227e-50,-4.26425e-53,-1.02461e-51,-9.27680e-52,-1.82070e-49,-4.22734e-48,-7.83224e-51,-1.88091e-49,-1.69294e-49
-2.67681e-56,-6.28130e-55,-1.14002e-57,-2.88493e-56,-2.40796e-56,-5.00754e-54,-1.17153e-52,-2.13873e-55,-5.37141e-54,-4.51029e-54,-9.27680e-52,-2.16239e-50,-3.97589e-53,-9.95578e-52,-8.35551e-52,-1.69294e-49,-3.92743e-48,-7.28805e-51,-1.82070e-49,-1.52266e-49
-2.40796e-56,-5.64733e-55,-1.02602e-57,-2.67681e-56,-2.08638e-56,-4.51029e-54,-1.05448e-52,-1.92753e-55,-5.00754e-54,-3.90690e-54,-8.35551e-52,-1.94603e-50,-3.58369e-53,-9.27680e-52,-7.23567e-52,-1.52266e-49,-3.52887e-48,-6.56087e-51,-1.69294e-49,-1.31706e-49
-2.08638e-56,-4.89021e-55,-8.89470e-58,-2.40796e-56,-1.72089e-56,-3.90690e-54,-9.12737e-53,-1.67076e-55,-4.51029e-54,-3.21968e-54,-7.23567e-52,-1.68370e-50,-3.10587e-53,-8.35551e-52,-5.95944e-52,-1.31706e-49,-3.04907e-48,-5.68048e-51,-1.52266e-49,-1.08358e-49
-1.72089e-56,-4.03116e-55,-7.34042e-58,-2.08638e-56,-1.32063e-56,-3.21968e-54,-7.51637e-53,-1.37777e-55,-3.90690e-54,-2.46829e-54,-5.95944e-52,-1.38549e-50,-2.56008e-53,-7.23567e-52,-4.56538e-52,-1.08358e-49,-2.50584e-48,-4.67794e-51,-1.31706e-49,-8.29259e-50
-1.32063e-56,-3.09190e-55,-5.63583e-58,-1.72089e-56,-8.94676e-57,-2.46829e-54,-5.75847e-53,-1.05686e-55,-3.21968e-54,-1.67062e-54,-4.56538e-52,-1.06054e-50,-1.96261e-53,-5.95944e-52,-3.08784e-52,-8.29259e-50,-1.91585e-48,-3.58310e-51,-1.08358e-49,-5.60396e-50
-8.94676e-57,-2.09372e-55,-3.81955e-58,-1.32063e-56,-4.51832e-57,-1.67062e-54,-3.89545e-53,-7.15651e-56,-2.46829e-54,-8.43028e-55,-3.08784e-52,-7.16850e-51,-1.32819e-53,-4.56538e-52,-1.55725e-52,-5.60396e-50,-1.29369e-48,-2.42305e-51,-8.29259e-50,-2.82434e-50
-4.51832e-57,-1.05703e-55,-1.92954e-58,-8.94676e-57,-6.16130e-60,-8.43028e-55,-1.96499e-53,-3.61254e-56,-1.67062e-54,-7.62844e-58,-1.55725e-52,-3.61363e-51,-6.70087e-54,-3.08784e-52,-9.42032e-56,-2.82434e-50,-6.51673e-49,-1.22175e-51,-5.60396e-50,-1.16783e-53
-6.16130e-60,-1.32095e-58,-2.86552e-61,-4.51832e-57,4.50643e-57,-7.62844e-58,-1.62264e-56,-3.57833e-59,-8.43028e-55,8.41558e-55,-9.42032e-56,-2.00282e-54,-4.43146e-57,-1.55725e-52,1.55544e-52,-1.16783e-53,-2.49014e-52,-5.48038e-55,-2.82434e-50,2.82210e-50
4.50643e-57,1.05448e-55,1.92401e-58,-6.16130e-60,8.93617e-57,8.41558e-55,1.96186e-53,3.60565e-56,-7.62844e-58,1.66931e-54,1.55544e-52,3.60977e-51,6.69234e-54,-9.42032e-56,3.08623e-52,2.82210e-50,6.51194e-49,1.22070e-51,-1.16783e-53,5.60197e-50
8.93617e-57,2.09145e-55,3.81462e-58,4.50643e-57,1.31978e-56,1.66931e-54,3.89267e-53,7.15040e-56,8.41558e-55,2.46726e-54,3.08623e-52,7.16508e-51,1.32743e-53,1.55544e-52,4.56411e-52,5.60197e-50,1.29326e-48,2.42212e-51,2.82210e-50,8.29103e-50
1.31978e-56,3.09008e-55,5.63189e-58,8.93617e-57,1.72033e-56,2.46726e-54,5.75626e-53,1.05637e-55,1.66931e-54,3.21900e-54,4.56411e-52,1.06027e-50,1.96201e-53,3.08623e-52,5.95862e-52,8.29103e-50,1.91552e-48,3.58237e-51,5.60197e-50,1.08348e-49
1.72033e-56,4.02995e-55,7.33781e-58,1.31978e-56,2.08616e-56,3.21900e-54,7.51493e-53,1.37745e-55,2.46726e-54,3.90666e-54,5.95862e-52,1.38532e-50,2.55970e-53,4.56411e-52,7.23539e-52,1.08348e-49,2.50563e-48,4.67748e-51,8.29103e-50,1.31703e-49
2.08616e-56,4.88974e-55,8.89369e-58,1.72033e-56,2.40812e-56,3.90666e-54,9.12685e-53,1.67065e-55,3.21900e-54,4.51052e-54,7.23539e-52,1.68364e-50,3.10574e-53,5.95862e-52,8.35582e-52,1.31703e-49,3.04900e-48,5.68033e-51,1.08348e-49,1.52270e-49
2.40812e-56,5.64768e-55,1.02610e-57,2.08616e-56,2.67738e-56,4.51052e-54,1.05453e-52,1.92764e-55,3.90666e-54,5.00826e-54,8.35582e-52,1.94609e-50,3.58384e-53,7.23539e-52,9.27768e-52,1.52270e-49,3.52895e-48,6.56106e-51,1.31703e-49,1.69305e-49
2.67738e-56,6.28252e-55,1.14029e-57,2.40812e-56,2.88588e-56,5.00826e-54,1.17169e-52,2.13907e-55,4.51052e-54,5.37256e-54,9.27768e-52,2.16258e-50,3.97631e-53,8.35582e-52,9.95718e-52,1.69305e-49,3.92767e-48,7.28857e-51,1.52270e-49,1.82087e-49
2.88588e-56,6.77476e-55,1.22861e-57,2.67738e-56,3.02527e-56,5.37256e-54,1.25763e-52,2.29351e-55,5.00826e-54,5.54863e-54,9.95718e-52,2.32257e-50,4.26491e-53,9.27768e-52,1.02478e-51,1.82087e-49,4.22771e-48,7.83304e-51,1.69305e-49,1.88112e-49
3.02527e-56,7.10406e-55,1.28762e-57,2.88588e-56,3.07367e-56,5.54863e-54,1.29937e-52,2.36782e-55,5.37256e-54,5.55291e-54,1.02478e-51,2.39146e-50,4.38762e-53,9.95718e-52,1.02157e-51,1.88112e-49,4.36998e-48,8.08832e-51,1.82087e-49,1.87995e-49
-1.28705e-57,-3.02403e-56,-5.47491e-59,-1.30750e-57,-1.22817e-57,-2.36713e-55,-5.54716e-54,-1.00948e-56,-2.36859e-55,-2.29297e-55,-4.38679e-53,-1.02461e-51,-1.87665e-54,-4.37242e-53,-4.26425e-53,-8.08732e-51,-1.88091e-49,-3.47358e-52,-8.08101e-51,-7.83224e-51
-1.22817e-57,-2.88493e-56,-5.22565e-59,-1.28705e-57,-1.14002e-57,-2.29297e-55,-5.37141e-54,-9.78167e-57,-2.36713e-55,-2.13873e-55,-4.26425e-53,-9.95578e-52,-1.82489e-54,-4.38679e-53,-3.97589e-53,-7.83224e-51,-1.82070e-49,-3.36547e-52,-8.08732e-51,-7.28805e-51
-1.14002e-57,-2.67681e-56,-4.85233e-59,-1.22817e-57,-1.02602e-57,-2.13873e-55,-5.00754e-54,-9.12788e-57,-2.29297e-55,-1.92753e-55,-3.97589e-53,-9.27680e-52,-1.70243e-54,-4.26425e-53,-3.58369e-53,-7.28805e-51,-1.69294e-49,-3.13371e-52,-7.83224e-51,-6.56087e-51
-1.02602e-57,-2.40796e-56,-4.36900e-59,-1.14002e-57,-8.89470e-58,-1.92753e-55,-4.51029e-54,-8.23096e-57,-2.13873e-55,-1.67076e-55,-3.58369e-53,-8.35551e-52,-1.53550e-54,-3.97589e-53,-3.10587e-53,-6.56087e-51,-1.52266e-49,-2.82329e-52,-7.28805e-51,-5.68048e-51
-8.89470e-58,-2.08638e-56,-3.78933e-59,-1.02602e-57,-7.34042e-58,-1.67076e-55,-3.90690e-54,-7.13869e-57,-1.92753e-55,-1.37777e-55,-3.10587e-53,-7.23567e-52,-1.33172e-54,-3.58369e-53,-2.56008e-53,-5.68048e-51,-1.31706e-49,-2.44654e-52,-6.56087e-51,-4.67794e-51
-7.34042e-58,-1.72089e-56,-3.12864e-59,-8.89470e-58,-5.63583e-58,-1.37777e-55,-3.21968e-54,-5.89021e-57,-1.67076e-55,-1.05686e-55,-2.56008e-53,-5.95944e-52,-1.09847e-54,-3.10587e-53,-1.96261e-53,-4.67794e-51,-1.08358e-49,-2.01647e-52,-5.68048e-51,-3.58310e-51
-5.63583e-58,-1.32063e-56,-2.40313e-59,-7.34042e-58,-3.81955e-58,-1.05686e-55,-2.46829e-54,-4.52060e-57,-1.37777e-55,-7.15651e-56,-1.96261e-53,-4.56538e-52,-8.42641e-55,-2.56008e-53,-1.32819e-53,-3.58310e-51,-8.29259e-50,-1.54571e-52,-4.67794e-51,-2.42305e-51
-3.81955e-58,-8.94676e-57,-1.62924e-59,-5.63583e-58,-1.92954e-58,-7.15651e-56,-1.67062e-54,-3.06243e-57,-1.05686e-55,-3.61254e-56,-1.32819e-53,-3.08784e-52,-5.70543e-55,-1.96261e-53,-6.70087e-54,-2.42305e-51,-5.60396e-50,-1.04592e-52,-3.58310e-51,-1.22175e-51
-1.92954e-58,-4.51832e-57,-8.23280e-60,-3.81955e-58,-2.86552e-61,-3.61254e-56,-8.43028e-55,-1.54636e-57,-7.15651e-56,-3.57833e-59,-6.70087e-54,-1.55725e-52,-2.87947e-55,-1.32819e-53,-4.43146e-57,-1.22175e-51,-2.82434e-50,-5.27590e-53,-2.42305e-51,-5.48038e-55
-2.86552e-61,-6.16130e-60,-1.32953e-62,-1.92954e-58,1.92401e-58,-3.57833e-59,-7.62844e-58,-1.67420e-60,-3.61254e-56,3.60565e-56,-4.43146e-57,-9.42032e-56,-2.08341e-58,-6.70087e-54,6.69234e-54,-5.48038e-55,-1.16783e-53,-2.57360e-56,-1.22175e-51,1.22070e-51
1.92401e-58,4.50643e-57,8.20716e-60,-2.86552e-61,3.81462e-58,3.60565e-56,8.41558e-55,1.54313e-57,-3.57833e-59,7.15040e-56,6.69234e-54,1.55544e-52,2.87546e-55,-4.43146e-57,1.32743e-53,1.22070e-51,2.82210e-50,5.27095e-53,-5.48038e-55,2.42212e-51
3.81462e-58,8.93617e-57,1.62696e-59,1.92401e-58,5.63189e-58,7.15040e-56,1.66931e-54,3.05957e-57,3.60565e-56,1.05637e-55,1.32743e-53,3.08623e-52,5.70189e-55,6.69234e-54,1.96201e-53,2.42212e-51,5.60197e-50,1.04548e-52,1.22070e-51,3.58237e-51
5.63189e-58,1.31978e-56,2.40131e-59,3.81462e-58,7.33781e-58,1.05637e-55,2.46726e-54,4.51834e-57,7.15040e-56,1.37745e-55,1.96201e-53,4.56411e-52,8.42362e-55,1.32743e-53,2.55970e-53,3.58237e-51,8.29103e-50,1.54537e-52,2.42212e-51,4.67748e-51
7.33781e-58,1.72033e-56,3.12744e-59,5.63189e-58,8.89369e-58,1.37745e-55,3.21900e-54,5.88874e-57,1.05637e-55,1.67065e-55,2.55970e-53,5.95862e-52,1.09829e-54,1.96201e-53,3.10574e-53,4.67748e-51,1.08348e-49,2.01625e-52,3.58237e-51,5.68033e-51
8.89369e-58,2.08616e-56,3.78886e-59,7.33781e-58,1.02610e-57,1.67065e-55,3.90666e-54,7.13817e-57,1.37745e-55,1.92764e-55,3.10574e-53,7.23539e-52,1.33166e-54,2.55970e-53,3.58384e-53,5.68033e-51,1.31703e-49,2.44647e-52,4.67748e-51,6.56106e-51
1.02610e-57,2.40812e-56,4.36937e-59,8.89369e-58,1.14029e-57,1.92764e-55,4.51052e-54,8.23148e-57,1.67065e-55,2.13907e-55,3.58384e-53,8.35582e-52,1.53557e-54,3.10574e-53,3.97631e-53,6.56106e-51,1.52270e-49,2.82337e-52,5.68033e-51,7.28857e-51
1.14029e-57,2.67738e-56,4.85356e-59,1.02610e-57,1.22861e-57,2.13907e-55,5.00826e-54,9.12946e-57,1.92764e-55,2.29351e-55,3.97631e-53,9.27768e-52,1.70262e-54,3.58384e-53,4.26491e-53,7.28857e-51,1.69305e-49,3.13396e-52,6.56106e-51,7.83304e-51
1.22861e-57,2.88588e-56,5.22768e-59,1.14029e-57,1.28762e-57,2.29351e-55,5.37256e-54,9.78420e-57,2.13907e-55,2.36782e-55,4.26491e-53,9.95718e-52,1.82520e-54,3.97631e-53,4.38762e-53,7.83304e-51,1.82087e-49,3.36585e-52,7.28857e-51,8.08832e-51
1.28762e-57,3.02527e-56,5.47758e-59,1.22861e-57,1.30813e-57,2.36782e-55,5.54863e-54,1.00980e-56,2.29351e-55,2.36933e-55,4.38762e-53,1.02478e-51,1.87704e-54,4.26491e-53,4.37330e-53,8.08832e-51,1.88112e-49,3.47405e-52,7.83304e-51,8.08208e-51
-5.47491e-59,-1.28705e-57,-2.32777e-60,-5.56155e-59,-5.22565e-59,-1.00948e-56,-2.36713e-55,-4.30232e-58,-1.00998e-56,-9.78167e-57,-1.87665e-54,-4.38679e-53,-8.02203e-56,-1.87029e-54,-1.82489e-54,-3.47358e-52,-8.08732e-51,-1.49044e-53,-3.47040e-52,-3.36547e-52
-5.22565e-59,-1.22817e-57,-2.22225e-60,-5.47491e-59,-4.85233e-59,-9.78167e-57,-2.29297e-55,-4.17010e-58,-1.00948e-56,-9.12788e-57,-1.82489e-54,-4.26425e-53,-7.80328e-56,-1.87665e-54,-1.70243e-54,-3.36547e-52,-7.83224e-51,-1.44460e-53,-3.47358e-52,-3.13371e-52
-4.85233e-59,-1.14002e-57,-2.06415e-60,-5.22565e-59,-4.36900e-59,-9.12788e-57,-2.13873e-55,-3.89297e-58,-9.78167e-57,-8.23096e-57,-1.70243e-54,-3.97589e-53,-7.28321e-56,-1.82489e-54,-1.53550e-54,-3.13371e-52,-7.28805e-51,-1.34592e-53,-3.36547e-52,-2.82329e-52
-4.36900e-59,-1.02602e-57,-1.85926e-60,-4.85233e-59,-3.78933e-59,-8.23096e-57,-1.92753e-55,-3.51214e-58,-9.12788e-57,-7.13869e-57,-1.53550e-54,-3.58369e-53,-6.57296e-56,-1.70243e-54,-1.33172e-54,-2.82329e-52,-6.56087e-51,-1.21345e-53,-3.13371e-52,-2.44654e-52
-3.78933e-59,-8.89470e-58,-1.61325e-60,-4.36900e-59,-3.12864e-59,-7.13869e-57,-1.67076e-55,-3.04765e-58,-8.23096e-57,-5.89021e-57,-1.33172e-54,-3.10587e-53,-5.70424e-56,-1.53550e-54,-1.09847e-54,-2.44654e-52,-5.68048e-51,-1.05233e-53,-2.82329e-52,-2.01647e-52
-3.12864e-59,-7.34042e-58,-1.33254e-60,-3.78933e-59,-2.40313e-59,-5.89021e-57,-1.37777e-55,-2.51595e-58,-7.13869e-57,-4.52060e-57,-1.09847e-54,-2.56008e-53,-4.70809e-56,-1.33172e-54,-8.42641e-55,-2.01647e-52,-4.67794e-51,-8.68002e-54,-2.44654e-52,-1.54571e-52
-2.40313e-59,-5.63583e-58,-1.02392e-60,-3.12864e-59,-1.62924e-59,-4.52060e-57,-1.05686e-55,-1.93183e-58,-5.89021e-57,-3.06243e-57,-8.42641e-55,-1.96261e-53,-3.61363e-56,-1.09847e-54,-5.70543e-55,-1.54571e-52,-3.58310e-51,-6.65815e-54,-2.01647e-52,-1.04592e-52
-1.62924e-59,-3.81955e-58,-6.94401e-61,-2.40313e-59,-8.23280e-60,-3.06243e-57,-7.15651e-56,-1.30919e-58,-4.52060e-57,-1.54636e-57,-5.70543e-55,-1.32819e-53,-2.44786e-56,-8.42641e-55,-2.87947e-55,-1.04592e-52,-2.42305e-51,-4.50774e-54,-1.54571e-52,-5.27590e-53
-8.23280e-60,-1.92954e-58,-3.50983e-61,-1.62924e-59,-1.32953e-62,-1.54636e-57,-3.61254e-56,-6.61256e-59,-3.06243e-57,-1.67420e-60,-2.87947e-55,-6.70087e-54,-1.23580e-56,-5.70543e-55,-2.08341e-58,-5.27590e-53,-1.22175e-51,-2.27466e-54,-1.04592e-52,-2.57360e-56
-1.32953e-62,-2.86552e-61,-6.15782e-64,-8.23280e-60,8.20716e-60,-1.67420e-60,-3.57833e-59,-7.81239e-62,-1.54636e-57,1.54313e-57,-2.08341e-58,-4.43146e-57,-9.78282e-60,-2.87947e-55,2.87546e-55,-2.57360e-56,-5.48038e-55,-1.20912e-57,-5.27590e-53,5.27095e-53
8.20716e-60,1.92401e-58,3.49795e-61,-1.32953e-62,1.62696e-59,1.54313e-57,3.60565e-56,6.59751e-59,-1.67420e-60,3.05957e-57,2.87546e-55,6.69234e-54,1.23392e-56,-2.08341e-58,5.70189e-55,5.27095e-53,1.22070e-51,2.27234e-54,-2.57360e-56,1.04548e-52
1.62696e-59,3.81462e-58,6.93344e-61,8.20716e-60,2.40131e-59,3.05957e-57,7.15040e-56,1.30786e-58,1.54313e-57,4.51834e-57,5.70189e-55,1.32743e-53,2.44620e-56,2.87546e-55,8.42362e-55,1.04548e-52,2.42212e-51,4.50569e-54,5.27095e-53,1.54537e-52
2.40131e-59,5.63189e-58,1.02308e-60,1.62696e-59,3.12744e-59,4.51834e-57,1.05637e-55,1.93078e-58,3.05957e-57,5.88874e-57,8.42362e-55,1.96201e-53,3.61232e-56,5.70189e-55,1.09829e-54,1.54537e-52,3.58237e-51,6.65655e-54,1.04548e-52,2.01625e-52
3.12744e-59,7.33781e-58,1.33198e-60,2.40131e-59,3.78886e-59,5.88874e-57,1.37745e-55,2.51527e-58,4.51834e-57,7.13817e-57,1.09829e-54,2.55970e-53,4.70725e-56,8.42362e-55,1.33166e-54,2.01625e-52,4.67748e-51,8.67901e-54,1.54537e-52,2.44647e-52
3.78886e-59,8.89369e-58,1.61304e-60,3.12744e-59,4.36937e-59,7.13817e-57,1.67065e-55,3.04741e-58,5.88874e-57,8.23148e-57,1.33166e-54,3.10574e-53,5.70397e-56,1.09829e-54,1.53557e-54,2.44647e-52,5.68033e-51,1.05230e-53,2.01625e-52,2.82337e-52
4.36937e-59,1.02610e-57,1.85943e-60,3.78886e-59,4.85356e-59,8.23148e-57,1.92764e-55,3.51238e-58,7.13817e-57,9.12946e-57,1.53557e-54,3.58384e-53,6.57329e-56,1.33166e-54,1.70262e-54,2.82337e-52,6.56106e-51,1.21349e-53,2.44647e-52,3.13396e-52
4.85356e-59,1.14029e-57,2.06472e-60,4.36937e-59,5.22768e-59,9.12946e-57,2.13907e-55,3.89370e-58,8.23148e-57,9.78420e-57,1.70262e-54,3.97631e-53,7.28414e-56,1.53557e-54,1.82520e-54,3.13396e-52,7.28857e-51,1.34603e-53,2.82337e-52,3.36585e-52
5.22768e-59,1.22861e-57,2.22319e-60,4.85356e-59,5.47758e-59,9.78420e-57,2.29351e-55,4.17128e-58,9.12946e-57,1.00980e-56,1.82520e-54,4.26491e-53,7.80473e-56,1.70262e-54,1.87704e-54,3.36585e-52,7.83304e-51,1.44478e-53,3.13396e-52,3.47405e-52
5.47758e-59,1.28762e-57,2.32901e-60,5.22768e-59,5.56447e-59,1.00980e-56,2.36782e-55,4.30382e-58,9.78420e-57,1.01032e-56,1.87704e-54,4.38762e-53,8.02384e-56,1.82520e-54,1.87070e-54,3.47405e-52,8.08832e-51,1.49066e-53,3.36585e-52,3.47090e-52
-2.32777e-60,-5.47491e-59,-9.89222e-62,-2.36449e-60,-2.22225e-60,-4.30232e-58,-1.00948e-56,-1.83254e-59,-4.30400e-58,-4.17010e-58,-8.02203e-56,-1.87665e-54,-3.42662e-57,-7.99402e-56,-7.80328e-56,-1.49044e-53,-3.47358e-52,-6.38907e-55,-1.48890e-53,-1.44460e-53
-2.22225e-60,-5.22565e-59,-9.44549e-62,-2.32777e-60,-2.06415e-60,-4.17010e-58,-9.78167e-57,-1.77669e-59,-4.30232e-58,-3.89297e-58,-7.80328e-56,-1.82489e-54,-3.33413e-57,-8.02203e-56,-7.28321e-56,-1.44460e-53,-3.36547e-52,-6.19469e-55,-1.49044e-53,-1.34592e-53
-2.06415e-60,-4.85233e-59,-8.77596e-62,-2.22225e-60,-1.85926e-60,-3.89297e-58,-9.12788e-57,-1.65922e-59,-4.17010e-58,-3.51214e-58,-7.28321e-56,-1.70243e-54,-3.11329e-57,-7.80328e-56,-6.57296e-56,-1.34592e-53,-3.13371e-52,-5.77456e-55,-1.44460e-53,-1.21345e-53
-1.85926e-60,-4.36900e-59,-7.90757e-62,-2.06415e-60,-1.61325e-60,-3.51214e-58,-8.23096e-57,-1.49755e-59,-3.89297e-58,-3.04765e-58,-6.57296e-56,-1.53550e-54,-2.81116e-57,-7.28321e-56,-5.70424e-56,-1.21345e-53,-2.82329e-52,-5.20952e-55,-1.34592e-53,-1.05233e-53
-1.61325e-60,-3.78933e-59,-6.86387e-62,-1.85926e-60,-1.33254e-60,-3.04765e-58,-7.13869e-57,-1.30010e-59,-3.51214e-58,-2.51595e-58,-5.70424e-56,-1.33172e-54,-2.44100e-57,-6.57296e-56,-4.70809e-56,-1.05233e-53,-2.44654e-52,-4.52089e-55,-1.21345e-53,-8.68002e-54
-1.33254e-60,-3.12864e-59,-5.67163e-62,-1.61325e-60,-1.02392e-60,-2.51595e-58,-5.89021e-57,-1.07378e-59,-3.04765e-58,-1.93183e-58,-4.70809e-56,-1.09847e-54,-2.01584e-57,-5.70424e-56,-3.61363e-56,-8.68002e-54,-2.01647e-52,-3.73152e-55,-1.05233e-53,-6.65815e-54
-1.02392e-60,-2.40313e-59,-4.35957e-62,-1.33254e-60,-6.94401e-61,-1.93183e-58,-4.52060e-57,-8.24823e-60,-2.51595e-58,-1.30919e-58,-3.61363e-56,-8.42641e-55,-1.54801e-57,-4.70809e-56,-2.44786e-56,-6.65815e-54,-1.54571e-52,-2.86406e-55,-8.68002e-54,-4.50774e-54
-6.94401e-61,-1.62924e-59,-2.95741e-62,-1.02392e-60,-3.50983e-61,-1.30919e-58,-3.06243e-57,-5.59166e-60,-1.93183e-58,-6.61256e-59,-2.44786e-56,-5.70543e-55,-1.04904e-57,-3.61363e-56,-1.23580e-56,-4.50774e-54,-1.04592e-52,-1.93998e-55,-6.65815e-54,-2.27466e-54
-3.50983e-61,-8.23280e-60,-1.49518e-62,-6.94401e-61,-6.15782e-64,-6.61256e-59,-1.54636e-57,-2.82502e-60,-1.30919e-58,-7.81239e-62,-1.23580e-56,-2.87947e-55,-5.29760e-58,-2.44786e-56,-9.78282e-60,-2.27466e-54,-5.27590e-53,-9.79261e-56,-4.50774e-54,-1.20912e-57
-6.15782e-64,-1.32953e-62,-2.84890e-65,-3.50983e-61,3.49795e-61,-7.81239e-62,-1.67420e-60,-3.63645e-63,-6.61256e-59,6.59751e-59,-9.78282e-60,-2.08341e-58,-4.58553e-61,-1.23580e-56,1.23392e-56,-1.20912e-57,-2.57360e-56,-5.68077e-59,-2.27466e-54,2.27234e-54
3.49795e-61,8.20716e-60,1.48968e-62,-6.15782e-64,6.93344e-61,6.59751e-59,1.54313e-57,2.81801e-60,-7.81239e-62,1.30786e-58,1.23392e-56,2.87546e-55,5.28878e-58,-9.78282e-60,2.44620e-56,2.27234e-54,5.27095e-53,9.78169e-56,-1.20912e-57,4.50569e-54
6.93344e-61,1.62696e-59,2.95252e-62,3.49795e-61,1.02308e-60,1.30786e-58,3.05957e-57,5.58546e-60,6.59751e-59,1.93078e-58,2.44620e-56,5.70189e-55,1.04826e-57,1.23392e-56,3.61232e-56,4.50569e-54,1.04548e-52,1.93902e-55,2.27234e-54,6.65655e-54
1.02308e-60,2.40131e-59,4.35566e-62,6.93344e-61,1.33198e-60,1.93078e-58,4.51834e-57,8.24332e-60,1.30786e-58,2.51527e-58,3.61232e-56,8.42362e-55,1.54740e-57,2.44620e-56,4.70725e-56,6.65655e-54,1.54537e-52,2.86331e-55,4.50569e-54,8.67901e-54
1.33198e-60,3.12744e-59,5.66904e-62,1.02308e-60,1.61304e-60,2.51527e-58,5.88874e-57,1.07346e-59,1.93078e-58,3.04741e-58,4.70725e-56,1.09829e-54,2.01545e-57,3.61232e-56,5.70397e-56,8.67901e-54,2.01625e-52,3.73104e-55,6.65655e-54,1.05230e-53
1.61304e-60,3.78886e-59,6.86289e-62,1.33198e-60,1.85943e-60,3.04741e-58,7.13817e-57,1.29999e-59,2.51527e-58,3.51238e-58,5.70397e-56,1.33166e-54,2.44087e-57,4.70725e-56,6.57329e-56,1.05230e-53,2.44647e-52,4.52074e-55,8.67901e-54,1.21349e-53
1.85943e-60,4.36937e-59,7.90837e-62,1.61304e-60,2.06472e-60,3.51238e-58,8.23148e-57,1.49767e-59,3.04741e-58,3.89370e-58,6.57329e-56,1.53557e-54,2.81132e-57,5.70397e-56,7.28414e-56,1.21349e-53,2.82337e-52,5.20971e-55,1.05230e-53,1.34603e-53
2.06472e-60,4.85356e-59,8.77859e-62,1.85943e-60,2.22319e-60,3.89370e-58,9.12946e-57,1.65956e-59,3.51238e-58,4.17128e-58,7.28414e-56,1.70262e-54,3.11373e-57,6.57329e-56,7.80473e-56,1.34603e-53,3.13396e-52,5.77510e-55,1.21349e-53,1.44478e-53
2.22319e-60,5.22768e-59,9.44984e-62,2.06472e-60,2.32901e-60,4.17128e-58,9.78420e-57,1.77724e-59,3.89370e-58,4.30382e-58,7.80473e-56,1.82520e-54,3.33481e-57,7.28414e-56,8.02384e-56,1.44478e-53,3.36585e-52,6.19552e-55,1.34603e-53,1.49066e-53
2.32901e-60,5.47758e-59,9.89794e-62,2.22319e-60,2.36584e-60,4.30382e-58,1.00980e-56,1.83324e-59,4.17128e-58,4.30561e-58,8.02384e-56,1.87704e-54,3.42747e-57,7.80473e-56,7.99595e-56,1.49066e-53,3.47405e-52,6.39011e-55,1.44478e-53,1.48913e-53
-9.89222e-62,-2.32777e-60,-4.20188e-63,-1.00478e-61,-9.44549e-62,-1.83254e-59,-4.30232e-58,-7.80119e-61,-1.83309e-59,-1.77669e-59,-3.42662e-57,-8.02203e-56,-1.46266e-58,-3.41436e-57,-3.33413e-57,-6.38907e-55,-1.49044e-53,-2.73636e-56,-6.38183e-55,-6.19469e-55
-9.44549e-62,-2.22225e-60,-4.01276e-63,-9.89222e-62,-8.77596e-62,-1.77669e-59,-4.17010e-58,-7.56518e-61,-1.83254e-59,-1.65922e-59,-3.33413e-57,-7.80328e-56,-1.42354e-58,-3.42662e-57,-3.11329e-57,-6.19469e-55,-1.44460e-53,-2.65391e-56,-6.38907e-55,-5.77456e-55
-8.77596e-62,-2.06415e-60,-3.72926e-63,-9.44549e-62,-7.90757e-62,-1.65922e-59,-3.89297e-58,-7.06729e-61,-1.77669e-59,-1.49755e-59,-3.11329e-57,-7.28321e-56,-1.32978e-58,-3.33413e-57,-2.81116e-57,-5.77456e-55,-1.34592e-53,-2.47509e-56,-6.19469e-55,-5.20952e-55
-7.90757e-62,-1.85926e-60,-3.36128e-63,-8.77596e-62,-6.86387e-62,-1.49755e-59,-3.51214e-58,-6.38115e-61,-1.65922e-59,-1.30010e-59,-2.81116e-57,-6.57296e-56,-1.20129e-58,-3.11329e-57,-2.44100e-57,-5.20952e-55,-1.21345e-53,-2.23416e-56,-5.77456e-55,-4.52089e-55
-6.86387e-62,-1.61325e-60,-2.91861e-63,-7.90757e-62,-5.67163e-62,-1.30010e-59,-3.04765e-58,-5.54211e-61,-1.49755e-59,-1.07378e-59,-2.44100e-57,-5.70424e-56,-1.04363e-58,-2.81116e-57,-2.01584e-57,-4.52089e-55,-1.05233e-53,-1.94001e-56,-5.20952e-55,-3.73152e-55
-5.67163e-62,-1.33254e-60,-2.41246e-63,-6.86387e-62,-4.35957e-62,-1.07378e-59,-2.51595e-58,-4.57919e-61,-1.30010e-59,-8.24823e-60,-2.01584e-57,-4.70809e-56,-8.62288e-59,-2.44100e-57,-1.54801e-57,-3.73152e-55,-8.68002e-54,-1.60224e-56,-4.52089e-55,-2.86406e-55
-4.35957e-62,-1.02392e-60,-1.85493e-63,-5.67163e-62,-2.95741e-62,-8.24823e-60,-1.93183e-58,-3.51881e-61,-1.07378e-59,-5.59166e-60,-1.54801e-57,-3.61363e-56,-6.62465e-59,-2.01584e-57,-1.04904e-57,-2.86406e-55,-6.65815e-54,-1.23043e-56,-3.73152e-55,-1.93998e-55
-2.95741e-62,-6.94401e-61,-1.25866e-63,-4.35957e-62,-1.49518e-62,-5.59166e-60,-1.30919e-58,-2.38621e-61,-8.24823e-60,-2.82502e-60,-1.04904e-57,-2.44786e-56,-4.49094e-59,-1.54801e-57,-5.29760e-58,-1.93998e-55,-4.50774e-54,-8.33797e-57,-2.86406e-55,-9.79261e-56
-1.49518e-62,-3.50983e-61,-6.36490e-64,-2.95741e-62,-2.84890e-65,-2.82502e-60,-6.61256e-59,-1.20585e-61,-5.59166e-60,-3.63645e-63,-5.29760e-58,-1.23580e-56,-2.26851e-59,-1.04904e-57,-4.58553e-61,-9.79261e-56,-2.27466e-54,-4.21009e-57,-1.93998e-55,-5.68077e-59
-2.84890e-65,-6.15782e-64,-1.31740e-66,-1.49518e-62,1.48968e-62,-3.63645e-63,-7.81239e-62,-1.68902e-64,-2.82502e-60,2.81801e-60,-4.58553e-61,-9.78282e-60,-2.14492e-62,-5.29760e-58,5.28878e-58,-5.68077e-59,-1.20912e-57,-2.66766e-60,-9.79261e-56,9.78169e-56
1.48968e-62,3.49795e-61,6.33950e-64,-2.84890e-65,2.95252e-62,2.81801e-60,6.59751e-59,1.20260e-61,-3.63645e-63,5.58546e-60,5.28878e-58,1.23392e-56,2.26438e-59,-4.58553e-61,1.04826e-57,9.78169e-56,2.27234e-54,4.20496e-57,-5.68077e-59,1.93902e-55
2.95252e-62,6.93344e-61,1.25640e-63,1.48968e-62,4.35566e-62,5.58546e-60,1.30786e-58,2.38333e-61,2.81801e-60,8.24332e-60,1.04826e-57,2.44620e-56,4.48730e-59,5.28878e-58,1.54740e-57,1.93902e-55,4.50569e-54,8.33346e-57,9.78169e-56,2.86331e-55
4.35566e-62,1.02308e-60,1.85313e-63,2.95252e-62,5.66904e-62,8.24332e-60,1.93078e-58,3.51654e-61,5.58546e-60,1.07346e-59,1.54740e-57,3.61232e-56,6.62179e-59,1.04826e-57,2.01545e-57,2.86331e-55,6.65655e-54,1.23008e-56,1.93902e-55,3.73104e-55
5.66904e-62,1.33198e-60,2.41126e-63,4.35566e-62,6.86289e-62,1.07346e-59,2.51527e-58,4.57771e-61,8.24332e-60,1.29999e-59,2.01545e-57,4.70725e-56,8.62105e-59,1.54740e-57,2.44087e-57,3.73104e-55,8.67901e-54,1.60201e-56,2.86331e-55,4.52074e-55
6.86289e-62,1.61304e-60,2.91816e-63,5.66904e-62,7.90837e-62,1.29999e-59,3.04741e-58,5.54160e-61,1.07346e-59,1.49767e-59,2.44087e-57,5.70397e-56,1.04357e-58,2.01545e-57,2.81132e-57,4.52074e-55,1.05230e-53,1.93994e-56,3.73104e-55,5.20971e-55
7.90837e-62,1.85943e-60,3.36165e-63,6.86289e-62,8.77859e-62,1.49767e-59,3.51238e-58,6.38169e-61,1.29999e-59,1.65956e-59,2.81132e-57,6.57329e-56,1.20136e-58,2.44087e-57,3.11373e-57,5.20971e-55,1.21349e-53,2.23425e-56,4.52074e-55,5.77510e-55
8.77859e-62,2.06472e-60,3.73048e-63,7.90837e-62,9.44984e-62,1.65956e-59,3.89370e-58,7.06889e-61,1.49767e-59,1.77724e-59,3.11373e-57,7.28414e-56,1.32998e-58,2.81132e-57,3.33481e-57,5.77510e-55,1.34603e-53,2.47534e-56,5.20971e-55,6.19552e-55
9.44984e-62,2.22319e-60,4.01477e-63,8.77859e-62,9.89794e-62,1.77724e-59,4.17128e-58,7.56772e-61,1.65956e-59,1.83324e-59,3.33481e-57,7.80473e-56,1.42386e-58,3.11373e-57,3.42747e-57,6.19552e-55,1.44478e-53,2.65430e-56,5.77510e-55,6.39011e-55
9.89794e-62,2.32901e-60,4.20452e-63,9.44984e-62,1.00540e-61,1.83324e-59,4.30382e-58,7.80442e-61,1.77724e-59,1.83383e-59,3.42747e-57,8.02384e-56,1.46306e-58,3.33481e-57,3.41526e-57,6.39011e-55,1.49066e-53,2.73685e-56,6.19552e-55,6.38293e-55
-4.20188e-63,-9.89222e-62,-1.78401e-64,-4.26780e-63,-4.01276e-63,-7.80119e-61,-1.83254e-59,-3.31919e-62,-7.80284e-61,-7.56518e-61,-1.46266e-58,-3.42662e-57,-6.23923e-60,-1.45731e-58,-1.42354e-58,-2.73636e-56,-6.38907e-55,-1.17096e-57,-2.73302e-56,-2.65391e-56
-4.01276e-63,-9.44549e-62,-1.70395e-64,-4.20188e-63,-3.72926e-63,-7.56518e-61,-1.77669e-59,-3.21944e-62,-7.80119e-61,-7.06729e-61,-1.42354e-58,-3.33413e-57,-6.07374e-60,-1.46266e-58,-1.32978e-58,-2.65391e-56,-6.19469e-55,-1.13598e-57,-2.73636e-56,-2.47509e-56
-3.72926e-63,-8.77596e-62,-1.58392e-64,-4.01276e-63,-3.36128e-63,-7.06729e-61,-1.65922e-59,-3.00844e-62,-7.56518e-61,-6.38115e-61,-1.32978e-58,-3.11329e-57,-5.67566e-60,-1.42354e-58,-1.20129e-58,-2.47509e-56,-5.77456e-55,-1.05988e-57,-2.65391e-56,-2.23416e-56
-3.36128e-63,-7.90757e-62,-1.42802e-64,-3.72926e-63,-2.91861e-63,-6.38115e-61,-1.49755e-59,-2.71730e-62,-7.06729e-61,-5.54211e-61,-1.20129e-58,-2.81116e-57,-5.12940e-60,-1.32978e-58,-1.04363e-58,-2.23416e-56,-5.20952e-55,-9.57192e-58,-2.47509e-56,-1.94001e-56
-2.91861e-63,-6.86387e-62,-1.24033e-64,-3.36128e-63,-2.41246e-63,-5.54211e-61,-1.30010e-59,-2.36088e-62,-6.38115e-61,-4.57919e-61,-1.04363e-58,-2.44100e-57,-4.45823e-60,-1.20129e-58,-8.62288e-59,-1.94001e-56,-4.52089e-55,-8.31621e-58,-2.23416e-56,-1.60224e-56
-2.41246e-63,-5.67163e-62,-1.02553e-64,-2.91861e-63,-1.85493e-63,-4.57919e-61,-1.07378e-59,-1.95140e-62,-5.54211e-61,-3.51881e-61,-8.62288e-59,-2.01584e-57,-3.68518e-60,-1.04363e-58,-6.62465e-59,-1.60224e-56,-3.73152e-55,-6.87195e-58,-1.94001e-56,-1.23043e-56
-1.85493e-63,-4.35957e-62,-7.88749e-65,-2.41246e-63,-1.25866e-63,-3.51881e-61,-8.24823e-60,-1.50002e-62,-4.57919e-61,-2.38621e-61,-6.62465e-59,-1.54801e-57,-2.83232e-60,-8.62288e-59,-4.49094e-59,-1.23043e-56,-2.86406e-55,-5.27981e-58,-1.60224e-56,-8.33797e-57
-1.25866e-63,-2.95741e-62,-5.35332e-65,-1.85493e-63,-6.36490e-64,-2.38621e-61,-5.59166e-60,-1.01749e-62,-3.51881e-61,-1.20585e-61,-4.49094e-59,-1.04904e-57,-1.92069e-60,-6.62465e-59,-2.26851e-59,-8.33797e-57,-1.93998e-55,-3.57923e-58,-1.23043e-56,-4.21009e-57
-6.36490e-64,-1.49518e-62,-2.70771e-65,-1.25866e-63,-1.31740e-66,-1.20585e-61,-2.82502e-60,-5.14295e-63,-2.38621e-61,-1.68902e-64,-2.26851e-59,-5.29760e-58,-9.70432e-61,-4.49094e-59,-2.14492e-62,-4.21009e-57,-9.79261e-56,-1.80775e-58,-8.33797e-57,-2.66766e-60
-1.31740e-66,-2.84890e-65,-6.09221e-68,-6.36490e-64,6.33950e-64,-1.68902e-64,-3.63645e-63,-7.83157e-66,-1.20585e-61,1.20260e-61,-2.14492e-62,-4.58553e-61,-1.00110e-63,-2.26851e-59,2.26438e-59,-2.66766e-60,-5.68077e-59,-1.25147e-61,-4.21009e-57,4.20496e-57
6.33950e-64,1.48968e-62,2.69597e-65,-1.31740e-66,1.25640e-63,1.20260e-61,2.81801e-60,5.12787e-63,-1.68902e-64,2.38333e-61,2.26438e-59,5.28878e-58,9.68507e-61,-2.14492e-62,4.48730e-59,4.20496e-57,9.78169e-56,1.80534e-58,-2.66766e-60,8.33346e-57
1.25640e-63,2.95252e-62,5.34287e-65,6.33950e-64,1.85313e-63,2.38333e-61,5.58546e-60,1.01615e-62,1.20260e-61,3.51654e-61,4.48730e-59,1.04826e-57,1.91899e-60,2.26438e-59,6.62179e-59,8.33346e-57,1.93902e-55,3.57711e-58,4.20496e-57,1.23008e-56
1.85313e-63,4.35566e-62,7.87915e-65,1.25640e-63,2.41126e-63,3.51654e-61,8.24332e-60,1.49897e-62,2.38333e-61,4.57771e-61,6.62179e-59,1.54740e-57,2.83099e-60,4.48730e-59,8.62105e-59,1.23008e-56,2.86331e-55,5.27816e-58,8.33346e-57,1.60201e-56
2.41126e-63,5.66904e-62,1.02498e-64,1.85313e-63,2.91816e-63,4.57771e-61,1.07346e-59,1.95072e-62,3.51654e-61,5.54160e-61,8.62105e-59,2.01545e-57,3.68433e-60,6.62179e-59,1.04357e-58,1.60201e-56,3.73104e-55,6.87091e-58,1.23008e-56,1.93994e-56
2.91816e-63,6.86289e-62,1.24012e-64,2.41126e-63,3.36165e-63,5.54160e-61,1.29999e-59,2.36065e-62,4.57771e-61,6.38169e-61,1.04357e-58,2.44087e-57,4.45795e-60,8.62105e-59,1.20136e-58,1.93994e-56,4.52074e-55,8.31589e-58,1.60201e-56,2.23425e-56
3.36165e-63,7.90837e-62,1.42819e-64,2.91816e-63,3.73048e-63,6.38169e-61,1.49767e-59,2.71755e-62,5.54160e-61,7.06889e-61,1.20136e-58,2.81132e-57,5.12974e-60,1.04357e-58,1.32998e-58,2.23425e-56,5.20971e-55,9.57236e-58,1.93994e-56,2.47534e-56
3.73048e-63,8.77859e-62,1.58448e-64,3.36165e-63,4.01477e-63,7.06889e-61,1.65956e-59,3.00918e-62,6.38169e-61,7.56772e-61,1.32998e-58,3.11373e-57,5.67661e-60,1.20136e-58,1.42386e-58,2.47534e-56,5.77510e-55,1.06000e-57,2.23425e-56,2.65430e-56
4.01477e-63,9.44984e-62,1.70488e-64,3.73048e-63,4.20452e-63,7.56772e-61,1.77724e-59,3.22062e-62,7.06889e-61,7.80442e-61,1.42386e-58,3.33481e-57,6.07522e-60,1.32998e-58,1.46306e-58,2.65430e-56,6.19552e-55,1.13616e-57,2.47534e-56,2.73685e-56
4.20452e-63,9.89794e-62,1.78523e-64,4.01477e-63,4.27069e-63,7.80442e-61,1.83324e-59,3.32068e-62,7.56772e-61,7.80630e-61,1.46306e-58,3.42747e-57,6.24107e-60,1.42386e-58,1.45773e-58,2.73685e-56,6.39011e-55,1.17119e-57,2.65430e-56,2.73353e-56
-1.78401e-64,-4.20188e-63,-7.57093e-66,-1.81194e-64,-1.70395e-64,-3.31919e-62,-7.80119e-61,-1.41086e-63,-3.31964e-62,-3.21944e-62,-6.23923e-60,-1.46266e-58,-2.65862e-61,-6.21602e-60,-6.07374e-60,-1.17096e-57,-2.73636e-56,-5.00466e-59,-1.16944e-57,-1.13598e-57
-1.70395e-64,-4.01276e-63,-7.23172e-66,-1.78401e-64,-1.58392e-64,-3.21944e-62,-7.56518e-61,-1.36866e-63,-3.31919e-62,-3.00844e-62,-6.07374e-60,-1.42354e-58,-2.58851e-61,-6.23923e-60,-5.67566e-60,-1.13598e-57,-2.65391e-56,-4.85610e-59,-1.17096e-57,-1.05988e-57
-1.58392e-64,-3.72926e-63,-6.72353e-66,-1.70395e-64,-1.42802e-64,-3.00844e-62,-7.06729e-61,-1.27929e-63,-3.21944e-62,-2.71730e-62,-5.67566e-60,-1.32978e-58,-2.41959e-61,-6.07374e-60,-5.12940e-60,-1.05988e-57,-2.47509e-56,-4.53245e-59,-1.13598e-57,-9.57192e-58
-1.42802e-64,-3.36128e-63,-6.06320e-66,-1.58392e-64,-1.24033e-64,-2.71730e-62,-6.38115e-61,-1.15584e-63,-3.00844e-62,-2.36088e-62,-5.12940e-60,-1.20129e-58,-2.18753e-61,-5.67566e-60,-4.45823e-60,-9.57192e-58,-2.23416e-56,-4.09514e-59,-1.05988e-57,-8.31621e-58
-1.24033e-64,-2.91861e-63,-5.26768e-66,-1.42802e-64,-1.02553e-64,-2.36088e-62,-5.54211e-61,-1.00456e-63,-2.71730e-62,-1.95140e-62,-4.45823e-60,-1.04363e-58,-1.90205e-61,-5.12940e-60,-3.68518e-60,-8.31621e-58,-1.94001e-56,-3.55963e-59,-9.57192e-58,-6.87195e-58
-1.02553e-64,-2.41246e-63,-4.35662e-66,-1.24033e-64,-7.88749e-65,-1.95140e-62,-4.57919e-61,-8.30599e-64,-2.36088e-62,-1.50002e-62,-3.68518e-60,-8.62288e-59,-1.57286e-61,-4.45823e-60,-2.83232e-60,-6.87195e-58,-1.60224e-56,-2.94283e-59,-8.31621e-58,-5.27981e-58
-7.88749e-65,-1.85493e-63,-3.35155e-66,-1.02553e-64,-5.35332e-65,-1.50002e-62,-3.51881e-61,-6.38663e-64,-1.95140e-62,-1.01749e-62,-2.83232e-60,-6.62465e-59,-1.20928e-61,-3.68518e-60,-1.92069e-60,-5.27981e-58,-1.23043e-56,-2.26199e-59,-6.87195e-58,-3.57923e-58
-5.35332e-65,-1.25866e-63,-2.27523e-66,-7.88749e-65,-2.70771e-65,-1.01749e-62,-2.38621e-61,-4.33323e-64,-1.50002e-62,-5.14295e-63,-1.92069e-60,-4.49094e-59,-8.20295e-62,-2.83232e-60,-9.70432e-61,-3.57923e-58,-8.33797e-57,-1.53395e-59,-5.27981e-58,-1.80775e-58
-2.70771e-65,-6.36490e-64,-1.15107e-66,-5.35332e-65,-6.09221e-68,-5.14295e-63,-1.20585e-61,-2.19072e-64,-1.01749e-62,-7.83157e-66,-9.70432e-61,-2.26851e-59,-4.14548e-62,-1.92069e-60,-1.00110e-63,-1.80775e-58,-4.21009e-57,-7.74937e-60,-3.57923e-58,-1.25147e-61
-6.09221e-68,-1.31740e-66,-2.81770e-69,-2.70771e-65,2.69597e-65,-7.83157e-66,-1.68902e-64,-3.62446e-67,-5.14295e-63,5.12787e-63,-1.00110e-63,-2.14492e-62,-4.65934e-65,-9.70432e-61,9.68507e-61,-1.25147e-61,-2.66766e-60,-5.85859e-63,-1.80775e-58,1.80534e-58
2.69597e-65,6.33950e-64,1.14563e-66,-6.09221e-68,5.34287e-65,5.12787e-63,1.20260e-61,2.18374e-64,-7.83157e-66,1.01615e-62,9.68507e-61,2.26438e-59,4.13652e-62,-1.00110e-63,1.91899e-60,1.80534e-58,4.20496e-57,7.73812e-60,-1.25147e-61,3.57711e-58
5.34287e-65,1.25640e-63,2.27040e-66,2.69597e-65,7.87915e-65,1.01615e-62,2.38333e-61,4.32705e-64,5.12787e-63,1.49897e-62,1.91899e-60,4.48730e-59,8.19505e-62,9.68507e-61,2.83099e-60,3.57711e-58,8.33346e-57,1.53296e-59,1.80534e-58,5.27816e-58
7.87915e-65,1.85313e-63,3.34770e-66,5.34287e-65,1.02498e-64,1.49897e-62,3.51654e-61,6.38176e-64,1.01615e-62,1.95072e-62,2.83099e-60,6.62179e-59,1.20867e-61,1.91899e-60,3.68433e-60,5.27816e-58,1.23008e-56,2.26122e-59,3.57711e-58,6.87091e-58
1.02498e-64,2.41126e-63,4.35407e-66,7.87915e-65,1.24012e-64,1.95072e-62,4.57771e-61,8.30284e-64,1.49897e-62,2.36065e-62,3.68433e-60,8.62105e-59,1.57247e-61,2.83099e-60,4.45795e-60,6.87091e-58,1.60201e-56,2.94235e-59,5.27816e-58,8.31589e-58
1.24012e-64,2.91816e-63,5.26671e-66,1.02498e-64,1.42819e-64,2.36065e-62,5.54160e-61,1.00445e-63,1.95072e-62,2.71755e-62,4.45795e-60,1.04357e-58,1.90193e-61,3.68433e-60,5.12974e-60,8.31589e-58,1.93994e-56,3.55948e-59,6.87091e-58,9.57236e-58
1.42819e-64,3.36165e-63,6.06399e-66,1.24012e-64,1.58448e-64,2.71755e-62,6.38169e-61,1.15595e-63,2.36065e-62,3.00918e-62,5.12974e-60,1.20136e-58,2.18769e-61,4.45795e-60,5.67661e-60,9.57236e-58,2.23425e-56,4.09534e-59,8.31589e-58,1.06000e-57
1.58448e-64,3.73048e-63,6.72613e-66,1.42819e-64,1.70488e-64,3.00918e-62,7.06889e-61,1.27963e-63,2.71755e-62,3.22062e-62,5.67661e-60,1.32998e-58,2.42003e-61,5.12974e-60,6.07522e-60,1.06000e-57,2.47534e-56,4.53300e-59,9.57236e-58,1.13616e-57
1.70488e-64,4.01477e-63,7.23602e-66,1.58448e-64,1.78523e-64,3.22062e-62,7.56772e-61,1.36921e-63,3.00918e-62,3.32068e-62,6.07522e-60,1.42386e-58,2.58920e-61,5.67661e-60,6.24107e-60,1.13616e-57,2.65430e-56,4.85695e-59,1.06000e-57,1.17119e-57
1.78523e-64,4.20452e-63,7.57657e-66,1.70488e-64,1.81328e-64,3.32068e-62,7.80442e-61,1.41155e-63,3.22062e-62,3.32124e-62,6.24107e-60,1.46306e-58,2.65948e-61,6.07522e-60,6.21798e-60,1.17119e-57,2.73685e-56,5.00572e-59,1.13616e-57,1.16968e-57
-7.57093e-66,-1.78401e-64,-6.14444e-67,-7.68957e-66,-7.23172e-66,-1.41086e-63,-3.31919e-62,-1.10332e-64,-1.41099e-63,-1.36866e-63,-2.65862e-61,-6.23923e-60,-2.05873e-62,-2.64866e-61,-2.58851e-61,-5.00466e-59,-1.17096e-57,-3.88844e-60,-4.99797e-59,-4.85610e-59
-7.23172e-66,-1.70395e-64,-5.87113e-67,-7.57093e-66,-6.72353e-66,-1.36866e-63,-3.21944e-62,-1.08908e-64,-1.41086e-63,-1.27929e-63,-2.58851e-61,-6.07374e-60,-2.05205e-62,-2.65862e-61,-2.41959e-61,-4.85610e-59,-1.13598e-57,-3.85907e-60,-5.00466e-59,-4.53245e-59
-6.72353e-66,-1.58392e-64,-5.45510e-67,-7.23172e-66,-6.06320e-66,-1.27929e-63,-3.00844e-62,-1.01603e-64,-1.36866e-63,-1.15584e-63,-2.41959e-61,-5.67566e-60,-1.91519e-62,-2.58851e-61,-2.18753e-61,-4.53245e-59,-1.05988e-57,-3.59674e-60,-4.85610e-59,-4.09514e-59
-6.06320e-66,-1.42802e-64,-4.91805e-67,-6.72353e-66,-5.26768e-66,-1.15584e-63,-2.71730e-62,-9.17058e-65,-1.27929e-63,-1.00456e-63,-2.18753e-61,-5.12940e-60,-1.72993e-62,-2.41959e-61,-1.90205e-61,-4.09514e-59,-9.57192e-58,-3.24694e-60,-4.53245e-59,-3.55963e-59
-5.26768e-66,-1.24033e-64,-4.27238e-67,-6.06320e-66,-4.35662e-66,-1.00456e-63,-2.36088e-62,-7.96698e-65,-1.15584e-63,-8.30599e-64,-1.90205e-61,-4.45823e-60,-1.50361e-62,-2.18753e-61,-1.57286e-61,-3.55963e-59,-8.31621e-58,-2.82147e-60,-4.09514e-59,-2.94283e-59
-4.35662e-66,-1.02553e-64,-3.53343e-67,-5.26768e-66,-3.35155e-66,-8.30599e-64,-1.95140e-62,-6.58663e-65,-1.00456e-63,-6.38663e-64,-1.57286e-61,-3.68518e-60,-1.24330e-62,-1.90205e-61,-1.20928e-61,-2.94283e-59,-6.87195e-58,-2.33257e-60,-3.55963e-59,-2.26199e-59
-3.35155e-66,-7.88749e-65,-2.71838e-67,-4.35662e-66,-2.27523e-66,-6.38663e-64,-1.50002e-62,-5.06482e-65,-8.30599e-64,-4.33323e-64,-1.20928e-61,-2.83232e-60,-9.55979e-63,-1.57286e-61,-8.20295e-62,-2.26199e-59,-5.27981e-58,-1.79316e-60,-2.94283e-59,-1.53395e-59
-2.27523e-66,-5.35332e-65,-1.84552e-67,-3.35155e-66,-1.15107e-66,-4.33323e-64,-1.01749e-62,-3.43675e-65,-6.38663e-64,-2.19072e-64,-8.20295e-62,-1.92069e-60,-6.48552e-63,-1.20928e-61,-4.14548e-62,-1.53395e-59,-3.57923e-58,-1.21622e-60,-2.26199e-59,-7.74937e-60
-1.15107e-66,-2.70771e-65,-9.33784e-68,-2.27523e-66,-2.81770e-69,-2.19072e-64,-5.14295e-63,-1.73772e-65,-4.33323e-64,-3.62446e-67,-4.14548e-62,-9.70432e-61,-3.27799e-63,-8.20295e-62,-4.65934e-65,-7.74937e-60,-1.80775e-58,-6.14515e-61,-1.53395e-59,-5.85859e-63
-2.81770e-69,-6.09221e-68,-2.44945e-70,-1.15107e-66,1.14563e-66,-3.62446e-67,-7.83157e-66,-3.09388e-68,-2.19072e-64,2.18374e-64,-4.65934e-65,-1.00110e-63,-3.96462e-66,-4.14548e-62,4.13652e-62,-5.85859e-63,-1.25147e-61,-5.01079e-64,-7.74937e-60,7.73812e-60
1.14563e-66,2.69597e-65,9.29063e-68,-2.81770e-69,2.27040e-66,2.18374e-64,5.12787e-63,1.73177e-65,-3.62446e-67,4.32705e-64,4.13652e-62,9.68507e-61,3.27036e-63,-4.65934e-65,8.19505e-62,7.73812e-60,1.80534e-58,6.13553e-61,-5.85859e-63,1.53296e-59
2.27040e-66,5.34287e-65,1.84132e-67,1.14563e-66,3.34770e-66,4.32705e-64,1.01615e-62,3.43148e-65,2.18374e-64,6.38176e-64,8.19505e-62,1.91899e-60,6.47881e-63,4.13652e-62,1.20867e-61,1.53296e-59,3.57711e-58,1.21537e-60,7.73812e-60,2.26122e-59
3.34770e-66,7.87915e-65,2.71504e-67,2.27040e-66,4.35407e-66,6.38176e-64,1.49897e-62,5.06066e-65,4.32705e-64,8.30284e-64,1.20867e-61,2.83099e-60,9.55453e-63,8.19505e-62,1.57247e-61,2.26122e-59,5.27816e-58,1.79250e-60,1.53296e-59,2.94235e-59
4.35407e-66,1.02498e-64,3.53123e-67,3.34770e-66,5.26671e-66,8.30284e-64,1.95072e-62,6.58394e-65,6.38176e-64,1.00445e-63,1.57247e-61,3.68433e-60,1.24296e-62,1.20867e-61,1.90193e-61,2.94235e-59,6.87091e-58,2.33216e-60,2.26122e-59,3.55948e-59
5.26671e-66,1.24012e-64,4.27155e-67,4.35407e-66,6.06399e-66,1.00445e-63,2.36065e-62,7.96606e-65,8.30284e-64,1.15595e-63,1.90193e-61,4.45795e-60,1.50350e-62,1.57247e-61,2.18769e-61,3.55948e-59,8.31589e-58,2.82134e-60,2.94235e-59,4.09534e-59
6.06399e-66,1.42819e-64,4.91875e-67,5.26671e-66,6.72613e-66,1.15595e-63,2.71755e-62,9.17159e-65,1.00445e-63,1.27963e-63,2.18769e-61,5.12974e-60,1.73006e-62,1.90193e-61,2.42003e-61,4.09534e-59,9.57236e-58,3.24712e-60,3.55948e-59,4.53300e-59
6.72613e-66,1.58448e-64,5.45738e-67,6.06399e-66,7.23602e-66,1.27963e-63,3.00918e-62,1.01633e-64,1.15595e-63,1.36921e-63,2.42003e-61,5.67661e-60,1.91557e-62,2.18769e-61,2.58920e-61,4.53300e-59,1.06000e-57,3.59722e-60,4.09534e-59,4.85695e-59
7.23602e-66,1.70488e-64,5.87490e-67,6.72613e-66,7.57657e-66,1.36921e-63,3.22062e-62,1.08954e-64,1.27963e-63,1.41155e-63,2.58920e-61,6.07522e-60,2.05264e-62,2.42003e-61,2.65948e-61,4.85695e-59,1.13616e-57,3.85981e-60,4.53300e-59,5.00572e-59
7.57657e-66,1.78523e-64,6.14929e-67,7.23602e-66,7.69574e-66,1.41155e-63,3.32068e-62,1.10389e-64,1.36921e-63,1.41174e-63,2.65948e-61,6.24107e-60,2.05943e-62,2.58920e-61,2.64957e-61,5.00572e-59,1.17119e-57,3.88932e-60,4.85695e-59,4.99910e-59
