"u^n-2_i,j","u^n-2_i-1,j","u^n-2_i+1,j","u^n-2_i,j-1","u^n-2_i,j+1","u^n-1_i,j","u^n-1_i-1,j","u^n-1_i+1,j","u^n-1_i,j-1","u^n-1_i,j+1","u^n_i,j","u^n_i-1,j","u^n_i+1,j","u^n_i,j-1","u^n_i,j+1","u^n+1_i,j","u^n+1_i-1,j","u^n+1_i+1,j","u^n+1_i,j-1","u^n+1_i,j+1"
0.00000e+00,0.00000e+00,0.00000e+00,0.00000e+00,0.00000e+00,0.00000e+00,0.00000e+00,0.00000e+00,0.00000e+00,0.00000e+00,5.74435e-03,2.53204e-02,2.67055e-03,3.79842e-03,6.45342e-03,1.27924e-02,4.83574e-02,6.75679e-03,3.87285e-02,1.75332e-02
0.00000e+00,0.00000e+00,0.00000e+00,0.00000e+00,0.00000e+00,0.00000e+00,0.00000e+00,0.00000e+00,0.00000e+00,0.00000e+00,6.45342e-03,2.81554e-02,2.97870e-03,5.74435e-03,6.71062e-03,1.75332e-02,5.88694e-02,9.30474e-03,1.27924e-02,2.06529e-02
0.00000e+00,0.00000e+00,0.00000e+00,0.00000e+00,0.00000e+00,0.00000e+00,0.00000e+00,0.00000e+00,0.00000e+00,0.00000e+00,6.71062e-03,2.91430e-02,3.08785e-03,6.45342e-03,6.80361e-03,2.06529e-02,6.41698e-02,1.10109e-02,1.75332e-02,2.21908e-02
0.00000e+00,0.00000e+00,0.00000e+00,0.00000e+00,0.00000e+00,0.00000e+00,0.00000e+00,0.00000e+00,0.00000e+00,0.00000e+00,6.80361e-03,2.94871e-02,3.12654e-03,6.71062e-03,6.83714e-03,2.21908e-02,6.64893e-02,1.18833e-02,2.06529e-02,2.28654e-02
0.00000e+00,0.00000e+00,0.00000e+00,0.00000e+00,0.00000e+00,0.00000e+00,0.00000e+00,0.00000e+00,0.00000e+00,0.00000e+00,6.83714e-03,2.96071e-02,3.14027e-03,6.80361e-03,6.84920e-03,2.28654e-02,6.74335e-02,1.22816e-02,2.21908e-02,2.31432e-02
0.00000e+00,0.00000e+00,0.00000e+00,0.00000e+00,0.00000e+00,0.00000e+00,0.00000e+00,0.00000e+00,0.00000e+00,0.00000e+00,6.84920e-03,2.96489e-02,3.14514e-03,6.83714e-03,6.85353e-03,2.31432e-02,6.78014e-02,1.24523e-02,2.28654e-02,2.32532e-02
0.00000e+00,0.00000e+00,0.00000e+00,0.00000e+00,0.00000e+00,0.00000e+00,0.00000e+00,0.00000e+00,0.00000e+00,0.00000e+00,6.85353e-03,2.96635e-02,3.14687e-03,6.84920e-03,6.85507e-03,2.32532e-02,6.79406e-02,1.25224e-02,2.31432e-02,2.32953e-02
0.00000e+00,0.00000e+00,0.00000e+00,0.00000e+00,0.00000e+00,0.00000e+00,0.00000e+00,0.00000e+00,0.00000e+00,0.00000e+00,6.85507e-03,2.96686e-02,3.14748e-03,6.85353e-03,6.85560e-03,2.32953e-02,6.79920e-02,1.25503e-02,2.32532e-02,2.33105e-02
0.00000e+00,0.00000e+00,0.00000e+00,0.00000e+00,0.00000e+00,0.00000e+00,0.00000e+00,0.00000e+00,0.00000e+00,0.00000e+00,6.85560e-03,2.96703e-02,3.14769e-03,6.85507e-03,6.85573e-03,2.33105e-02,6.80100e-02,1.25607e-02,2.32953e-02,2.33143e-02
0.00000e+00,0.00000e+00,0.00000e+00,0.00000e+00,0.00000e+00,0.00000e+00,0.00000e+00,0.00000e+00,0.00000e+00,0.00000e+00,6.85573e-03,2.96707e-02,3.14774e-03,6.85560e-03,6.85560e-03,2.33143e-02,6.80144e-02,1.25633e-02,2.33105e-02,2.33105e-02
0.00000e+00,0.00000e+00,0.00000e+00,0.00000e+00,0.00000e+00,0.00000e+00,0.00000e+00,0.00000e+00,0.00000e+00,0.00000e+00,6.85560e-03,2.96703e-02,3.14769e-03,6.85573e-03,6.85507e-03,2.33105e-02,6.80100e-02,1.25607e-02,2.33143e-02,2.32953e-02
0.00000e+00,0.00000e+00,0.00000e+00,0.00000e+00,0.00000e+00,0.00000e+00,0.00000e+00,0.00000e+00,0.00000e+00,0.00000e+00,6.85507e-03,2.96686e-02,3.14748e-03,6.85560e-03,6.85353e-03,2.32953e-02,6.79920e-02,1.25503e-02,2.33105e-02,2.32532e-02
0.00000e+00,0.00000e+00,0.00000e+00,0.00000e+00,0.00000e+00,0.00000e+00,0.00000e+00,0.00000e+00,0.00000e+00,0.00000e+00,6.85353e-03,2.96635e-02,3.14687e-03,6.85507e-03,6.84920e-03,2.32532e-02,6.79406e-02,1.25224e-02,2.32953e-02,2.31432e-02
0.00000e+00,0.00000e+00,0.00000e+00,0.00000e+00,0.00000e+00,0.00000e+00,0.00000e+00,0.00000e+00,0.00000e+00,0.00000e+00,6.84920e-03,2.96489e-02,3.14514e-03,6.85353e-03,6.83714e-03,2.31432e-02,6.78014e-02,1.24523e-02,2.32532e-02,2.28654e-02
0.00000e+00,0.00000e+00,0.00000e+00,0.00000e+00,0.00000e+00,0.00000e+00,0.00000e+00,0.00000e+00,0.00000e+00,0.00000e+00,6.83714e-03,2.96071e-02,3.14027e-03,6.84920e-03,6.80361e-03,2.28654e-02,6.74335e-02,1.22816e-02,2.31432e-02,2.21908e-02
0.00000e+00,0.00000e+00,0.00000e+00,0.00000e+00,0.00000e+00,0.00000e+00,0.00000e+00,0.00000e+00,0.00000e+00,0.00000e+00,6.80361e-03,2.94871e-02,3.12654e-03,6.83714e-03,6.71062e-03,2.21908e-02,6.64893e-02,1.18833e-02,2.28654e-02,2.06529e-02
0.00000e+00,0.00000e+00,0.00000e+00,0.00000e+00,0.00000e+00,0.00000e+00,0.00000e+00,0.00000e+00,0.00000e+00,0.00000e+00,6.71062e-03,2.91430e-02,3.08785e-03,6.80361e-03,6.45342e-03,2.06529e-02,6.41698e-02,1.10109e-02,2.21908e-02,1.75332e-02
0.00000e+00,0.00000e+00,0.00000e+00,0.00000e+00,0.00000e+00,0.00000e+00,0.00000e+00,0.00000e+00,0.00000e+00,0.00000e+00,6.45342e-03,2.81554e-02,2.97870e-03,6.71062e-03,5.74435e-03,1.75332e-02,5.88694e-02,9.30474e-03,2.06529e-02,1.27924e-02
0.00000e+00,0.00000e+00,0.00000e+00,0.00000e+00,0.00000e+00,0.00000e+00,0.00000e+00,0.00000e+00,0.00000e+00,0.00000e+00,5.74435e-03,2.53204e-02,2.67055e-03,6.45342e-03,3.79842e-03,1.27924e-02,4.83574e-02,6.75679e-03,1.75332e-02,3.87285e-02
0.00000e+00,0.00000e+00,0.00000e+00,0.00000e+00,0.00000e+00,0.00000e+00,0.00000e+00,0.00000e+00,0.00000e+00,0.00000e+00,2.67055e-03,5.74435e-03,9.48423e-05,1.80025e-03,2.97870e-03,6.75679e-03,1.27924e-02,1.51232e-03,1.35626e-02,9.30474e-03
0.00000e+00,0.00000e+00,0.00000e+00,0.00000e+00,0.00000e+00,0.00000e+00,0.00000e+00,0.00000e+00,0.00000e+00,0.00000e+00,2.97870e-03,6.45342e-03,1.17676e-04,2.67055e-03,3.08785e-03,9.30474e-03,1.75332e-02,1.82007e-03,6.75679e-03,1.10109e-02
0.00000e+00,0.00000e+00,0.00000e+00,0.00000e+00,0.00000e+00,0.00000e+00,0.00000e+00,0.00000e+00,0.00000e+00,0.00000e+00,3.08785e-03,6.71062e-03,1.27559e-04,2.97870e-03,3.12654e-03,1.10109e-02,2.06529e-02,2.01560e-03,9.30474e-03,1.18833e-02
0.00000e+00,0.00000e+00,0.00000e+00,0.00000e+00,0.00000e+00,0.00000e+00,0.00000e+00,0.00000e+00,0.00000e+00,0.00000e+00,3.12654e-03,6.80361e-03,1.31650e-04,3.08785e-03,3.14027e-03,1.18833e-02,2.21908e-02,2.12398e-03,1.10109e-02,1.22816e-02
0.00000e+00,0.00000e+00,0.00000e+00,0.00000e+00,0.00000e+00,0.00000e+00,0.00000e+00,0.00000e+00,0.00000e+00,0.00000e+00,3.14027e-03,6.83714e-03,1.33293e-04,3.12654e-03,3.14514e-03,1.22816e-02,2.28654e-02,2.17870e-03,1.18833e-02,1.24523e-02
0.00000e+00,0.00000e+00,0.00000e+00,0.00000e+00,0.00000e+00,0.00000e+00,0.00000e+00,0.00000e+00,0.00000e+00,0.00000e+00,3.14514e-03,6.84920e-03,1.33939e-04,3.14027e-03,3.14687e-03,1.24523e-02,2.31432e-02,2.20457e-03,1.22816e-02,1.25224e-02
0.00000e+00,0.00000e+00,0.00000e+00,0.00000e+00,0.00000e+00,0.00000e+00,0.00000e+00,0.00000e+00,0.00000e+00,0.00000e+00,3.14687e-03,6.85353e-03,1.34188e-04,3.14514e-03,3.14748e-03,1.25224e-02,2.32532e-02,2.21621e-03,1.24523e-02,1.25503e-02
0.00000e+00,0.00000e+00,0.00000e+00,0.00000e+00,0.00000e+00,0.00000e+00,0.00000e+00,0.00000e+00,0.00000e+00,0.00000e+00,3.14748e-03,6.85507e-03,1.34283e-04,3.14687e-03,3.14769e-03,1.25503e-02,2.32953e-02,2.22123e-03,1.25224e-02,1.25607e-02
0.00000e+00,0.00000e+00,0.00000e+00,0.00000e+00,0.00000e+00,0.00000e+00,0.00000e+00,0.00000e+00,0.00000e+00,0.00000e+00,3.14769e-03,6.85560e-03,1.34317e-04,3.14748e-03,3.14774e-03,1.25607e-02,2.33105e-02,2.22323e-03,1.25503e-02,1.25633e-02
0.00000e+00,0.00000e+00,0.00000e+00,0.00000e+00,0.00000e+00,0.00000e+00,0.00000e+00,0.00000e+00,0.00000e+00,0.00000e+00,3.14774e-03,6.85573e-03,1.34326e-04,3.14769e-03,3.14769e-03,1.25633e-02,2.33143e-02,2.22376e-03,1.25607e-02,1.25607e-02
0.00000e+00,0.00000e+00,0.00000e+00,0.00000e+00,0.00000e+00,0.00000e+00,0.00000e+00,0.00000e+00,0.00000e+00,0.00000e+00,3.14769e-03,6.85560e-03,1.34317e-04,3.14774e-03,3.14748e-03,1.25607e-02,2.33105e-02,2.22323e-03,1.25633e-02,1.25503e-02
0.00000e+00,0.00000e+00,0.00000e+00,0.00000e+00,0.00000e+00,0.00000e+00,0.00000e+00,0.00000e+00,0.00000e+00,0.00000e+00,3.14748e-03,6.85507e-03,1.34283e-04,3.14769e-03,3.14687e-03,1.25503e-02,2.32953e-02,2.22123e-03,1.25607e-02,1.25224e-02
0.00000e+00,0.00000e+00,0.00000e+00,0.00000e+00,0.00000e+00,0.00000e+00,0.00000e+00,0.00000e+00,0.00000e+00,0.00000e+00,3.14687e-03,6.85353e-03,1.34188e-04,3.14748e-03,3.14514e-03,1.25224e-02,2.32532e-02,2.21621e-03,1.25503e-02,1.24523e-02
0.00000e+00,0.00000e+00,0.00000e+00,0.00000e+00,0.00000e+00,0.00000e+00,0.00000e+00,0.00000e+00,0.00000e+00,0.00000e+00,3.14514e-03,6.84920e-03,1.33939e-04,3.14687e-03,3.14027e-03,1.24523e-02,2.31432e-02,2.20457e-03,1.25224e-02,1.22816e-02
0.00000e+00,0.00000e+00,0.00000e+00,0.00000e+00,0.00000e+00,0.00000e+00,0.00000e+00,0.00000e+00,0.00000e+00,0.00000e+00,3.14027e-03,6.83714e-03,1.33293e-04,3.14514e-03,3.12654e-03,1.22816e-02,2.28654e-02,2.17870e-03,1.24523e-02,1.18833e-02
0.00000e+00,0.00000e+00,0.00000e+00,0.00000e+00,0.00000e+00,0.00000e+00,0.00000e+00,0.00000e+00,0.00000e+00,0.00000e+00,3.12654e-03,6.80361e-03,1.31650e-04,3.14027e-03,3.08785e-03,1.18833e-02,2.21908e-02,2.12398e-03,1.22816e-02,1.10109e-02
0.00000e+00,0.00000e+00,0.00000e+00,0.00000e+00,0.00000e+00,0.00000e+00,0.00000e+00,0.00000e+00,0.00000e+00,0.00000e+00,3.08785e-03,6.71062e-03,1.27559e-04,3.12654e-03,2.97870e-03,1.10109e-02,2.06529e-02,2.01560e-03,1.18833e-02,9.30474e-03
0.00000e+00,0.00000e+00,0.00000e+00,0.00000e+00,0.00000e+00,0.00000e+00,0.00000e+00,0.00000e+00,0.00000e+00,0.00000e+00,2.97870e-03,6.45342e-03,1.17676e-04,3.08785e-03,2.67055e-03,9.30474e-03,1.75332e-02,1.82007e-03,1.10109e-02,6.75679e-03
0.00000e+00,0.00000e+00,0.00000e+00,0.00000e+00,0.00000e+00,0.00000e+00,0.00000e+00,0.00000e+00,0.00000e+00,0.00000e+00,2.67055e-03,5.74435e-03,9.48423e-05,2.97870e-03,1.80025e-03,6.75679e-03,1.27924e-02,1.51232e-03,9.30474e-03,1.35626e-02
0.00000e+00,0.00000e+00,0.00000e+00,0.00000e+00,0.00000e+00,0.00000e+00,0.00000e+00,0.00000e+00,0.00000e+00,0.00000e+00,9.48423e-05,2.67055e-03,3.39355e-06,4.58032e-05,1.17676e-04,1.51232e-03,6.75679e-03,3.24060e-04,1.40574e-03,1.82007e-03
0.00000e+00,0.00000e+00,0.00000e+00,0.00000e+00,0.00000e+00,0.00000e+00,0.00000e+00,0.00000e+00,0.00000e+00,0.00000e+00,1.17676e-04,2.97870e-03,4.54687e-06,9.48423e-05,1.27559e-04,1.82007e-03,9.30474e-03,4.01003e-04,1.51232e-03,2.01560e-03
0.00000e+00,0.00000e+00,0.00000e+00,0.00000e+00,0.00000e+00,0.00000e+00,0.00000e+00,0.00000e+00,0.00000e+00,0.00000e+00,1.27559e-04,3.08785e-03,5.14000e-06,1.17676e-04,1.31650e-04,2.01560e-03,1.10109e-02,4.38527e-04,1.82007e-03,2.12398e-03
0.00000e+00,0.00000e+00,0.00000e+00,0.00000e+00,0.00000e+00,0.00000e+00,0.00000e+00,0.00000e+00,0.00000e+00,0.00000e+00,1.31650e-04,3.12654e-03,5.42278e-06,1.27559e-04,1.33293e-04,2.12398e-03,1.18833e-02,4.56381e-04,2.01560e-03,2.17870e-03
0.00000e+00,0.00000e+00,0.00000e+00,0.00000e+00,0.00000e+00,0.00000e+00,0.00000e+00,0.00000e+00,0.00000e+00,0.00000e+00,1.33293e-04,3.14027e-03,5.55074e-06,1.31650e-04,1.33939e-04,2.17870e-03,1.22816e-02,4.64700e-04,2.12398e-03,2.20457e-03
0.00000e+00,0.00000e+00,0.00000e+00,0.00000e+00,0.00000e+00,0.00000e+00,0.00000e+00,0.00000e+00,0.00000e+00,0.00000e+00,1.33939e-04,3.14514e-03,5.60647e-06,1.33293e-04,1.34188e-04,2.20457e-03,1.24523e-02,4.68497e-04,2.17870e-03,2.21621e-03
0.00000e+00,0.00000e+00,0.00000e+00,0.00000e+00,0.00000e+00,0.00000e+00,0.00000e+00,0.00000e+00,0.00000e+00,0.00000e+00,1.34188e-04,3.14687e-03,5.63002e-06,1.33939e-04,1.34283e-04,2.21621e-03,1.25224e-02,4.70193e-04,2.20457e-03,2.22123e-03
0.00000e+00,0.00000e+00,0.00000e+00,0.00000e+00,0.00000e+00,0.00000e+00,0.00000e+00,0.00000e+00,0.00000e+00,0.00000e+00,1.34283e-04,3.14748e-03,5.63969e-06,1.34188e-04,1.34317e-04,2.22123e-03,1.25503e-02,4.70930e-04,2.21621e-03,2.22323e-03
0.00000e+00,0.00000e+00,0.00000e+00,0.00000e+00,0.00000e+00,0.00000e+00,0.00000e+00,0.00000e+00,0.00000e+00,0.00000e+00,1.34317e-04,3.14769e-03,5.64340e-06,1.34283e-04,1.34326e-04,2.22323e-03,1.25607e-02,4.71229e-04,2.22123e-03,2.22376e-03
0.00000e+00,0.00000e+00,0.00000e+00,0.00000e+00,0.00000e+00,0.00000e+00,0.00000e+00,0.00000e+00,0.00000e+00,0.00000e+00,1.34326e-04,3.14774e-03,5.64436e-06,1.34317e-04,1.34317e-04,2.22376e-03,1.25633e-02,4.71309e-04,2.22323e-03,2.22323e-03
0.00000e+00,0.00000e+00,0.00000e+00,0.00000e+00,0.00000e+00,0.00000e+00,0.00000e+00,0.00000e+00,0.00000e+00,0.00000e+00,1.34317e-04,3.14769e-03,5.64340e-06,1.34326e-04,1.34283e-04,2.22323e-03,1.25607e-02,4.71229e-04,2.22376e-03,2.22123e-03
0.00000e+00,0.00000e+00,0.00000e+00,0.00000e+00,0.00000e+00,0.00000e+00,0.00000e+00,0.00000e+00,0.00000e+00,0.00000e+00,1.34283e-04,3.14748e-03,5.63969e-06,1.34317e-04,1.34188e-04,2.22123e-03,1.25503e-02,4.70930e-04,2.22323e-03,2.21621e-03
0.00000e+00,0.00000e+00,0.00000e+00,0.00000e+00,0.00000e+00,0.00000e+00,0.00000e+00,0.00000e+00,0.00000e+00,0.00000e+00,1.34188e-04,3.14687e-03,5.63002e-06,1.34283e-04,1.33939e-04,2.21621e-03,1.25224e-02,4.70193e-04,2.22123e-03,2.20457e-03
0.00000e+00,0.00000e+00,0.00000e+00,0.00000e+00,0.00000e+00,0.00000e+00,0.00000e+00,0.00000e+00,0.00000e+00,0.00000e+00,1.33939e-04,3.14514e-03,5.60647e-06,1.34188e-04,1.33293e-04,2.20457e-03,1.24523e-02,4.68497e-04,2.21621e-03,2.17870e-03
0.00000e+00,0.00000e+00,0.00000e+00,0.00000e+00,0.00000e+00,0.00000e+00,0.00000e+00,0.00000e+00,0.00000e+00,0.00000e+00,1.33293e-04,3.14027e-03,5.55074e-06,1.33939e-04,1.31650e-04,2.17870e-03,1.22816e-02,4.64700e-04,2.20457e-03,2.12398e-03
0.00000e+00,0.00000e+00,0.00000e+00,0.00000e+00,0.00000e+00,0.00000e+00,0.00000e+00,0.00000e+00,0.00000e+00,0.00000e+00,1.31650e-04,3.12654e-03,5.42278e-06,1.33293e-04,1.27559e-04,2.12398e-03,1.18833e-02,4.56381e-04,2.17870e-03,2.01560e-03
0.00000e+00,0.00000e+00,0.00000e+00,0.00000e+00,0.00000e+00,0.00000e+00,0.00000e+00,0.00000e+00,0.00000e+00,0.00000e+00,1.27559e-04,3.08785e-03,5.14000e-06,1.31650e-04,1.17676e-04,2.01560e-03,1.10109e-02,4.38527e-04,2.12398e-03,1.82007e-03
0.00000e+00,0.00000e+00,0.00000e+00,0.00000e+00,0.00000e+00,0.00000e+00,0.00000e+00,0.00000e+00,0.00000e+00,0.00000e+00,1.17676e-04,2.97870e-03,4.54687e-06,1.27559e-04,9.48423e-05,1.82007e-03,9.30474e-03,4.01003e-04,2.01560e-03,1.51232e-03
0.00000e+00,0.00000e+00,0.00000e+00,0.00000e+00,0.00000e+00,0.00000e+00,0.00000e+00,0.00000e+00,0.00000e+00,0.00000e+00,9.48423e-05,2.67055e-03,3.39355e-06,1.17676e-04,4.58032e-05,1.51232e-03,6.75679e-03,3.24060e-04,1.82007e-03,1.40574e-03
0.00000e+00,0.00000e+00,0.00000e+00,0.00000e+00,0.00000e+00,0.00000e+00,0.00000e+00,0.00000e+00,0.00000e+00,0.00000e+00,3.39355e-06,9.48423e-05,1.24711e-07,1.38615e-06,4.54687e-06,3.24060e-04,1.51232e-03,2.14534e-05,1.78728e-04,4.01003e-04
0.00000e+00,0.00000e+00,0.00000e+00,0.00000e+00,0.00000e+00,0.00000e+00,0.00000e+00,0.00000e+00,0.00000e+00,0.00000e+00,4.54687e-06,1.17676e-04,1.76546e-07,3.39355e-06,5.14000e-06,4.01003e-04,1.82007e-03,2.85950e-05,3.24060e-04,4.38527e-04
0.00000e+00,0.00000e+00,0.00000e+00,0.00000e+00,0.00000e+00,0.00000e+00,0.00000e+00,0.00000e+00,0.00000e+00,0.00000e+00,5.14000e-06,1.27559e-04,2.06886e-07,4.54687e-06,5.42278e-06,4.38527e-04,2.01560e-03,3.24396e-05,4.01003e-04,4.56381e-04
0.00000e+00,0.00000e+00,0.00000e+00,0.00000e+00,0.00000e+00,0.00000e+00,0.00000e+00,0.00000e+00,0.00000e+00,0.00000e+00,5.42278e-06,1.31650e-04,2.23128e-07,5.14000e-06,5.55074e-06,4.56381e-04,2.12398e-03,3.43859e-05,4.38527e-04,4.64700e-04
0.00000e+00,0.00000e+00,0.00000e+00,0.00000e+00,0.00000e+00,0.00000e+00,0.00000e+00,0.00000e+00,0.00000e+00,0.00000e+00,5.55074e-06,1.33293e-04,2.31279e-07,5.42278e-06,5.60647e-06,4.64700e-04,2.17870e-03,3.53312e-05,4.56381e-04,4.68497e-04
0.00000e+00,0.00000e+00,0.00000e+00,0.00000e+00,0.00000e+00,0.00000e+00,0.00000e+00,0.00000e+00,0.00000e+00,0.00000e+00,5.60647e-06,1.33939e-04,2.35174e-07,5.55074e-06,5.63002e-06,4.68497e-04,2.20457e-03,3.57763e-05,4.64700e-04,4.70193e-04
0.00000e+00,0.00000e+00,0.00000e+00,0.00000e+00,0.00000e+00,0.00000e+00,0.00000e+00,0.00000e+00,0.00000e+00,0.00000e+00,5.63002e-06,1.34188e-04,2.36962e-07,5.60647e-06,5.63969e-06,4.70193e-04,2.21621e-03,3.59806e-05,4.68497e-04,4.70930e-04
0.00000e+00,0.00000e+00,0.00000e+00,0.00000e+00,0.00000e+00,0.00000e+00,0.00000e+00,0.00000e+00,0.00000e+00,0.00000e+00,5.63969e-06,1.34283e-04,2.37752e-07,5.63002e-06,5.64340e-06,4.70930e-04,2.22123e-03,3.60715e-05,4.70193e-04,4.71229e-04
0.00000e+00,0.00000e+00,0.00000e+00,0.00000e+00,0.00000e+00,0.00000e+00,0.00000e+00,0.00000e+00,0.00000e+00,0.00000e+00,5.64340e-06,1.34317e-04,2.38075e-07,5.63969e-06,5.64436e-06,4.71229e-04,2.22323e-03,3.61092e-05,4.70930e-04,4.71309e-04
0.00000e+00,0.00000e+00,0.00000e+00,0.00000e+00,0.00000e+00,0.00000e+00,0.00000e+00,0.00000e+00,0.00000e+00,0.00000e+00,5.64436e-06,1.34326e-04,2.38161e-07,5.64340e-06,5.64340e-06,4.71309e-04,2.22376e-03,3.61193e-05,4.71229e-04,4.71229e-04
0.00000e+00,0.00000e+00,0.00000e+00,0.00000e+00,0.00000e+00,0.00000e+00,0.00000e+00,0.00000e+00,0.00000e+00,0.00000e+00,5.64340e-06,1.34317e-04,2.38075e-07,5.64436e-06,5.63969e-06,4.71229e-04,2.22323e-03,3.61092e-05,4.71309e-04,4.70930e-04
0.00000e+00,0.00000e+00,0.00000e+00,0.00000e+00,0.00000e+00,0.00000e+00,0.00000e+00,0.00000e+00,0.00000e+00,0.00000e+00,5.63969e-06,1.34283e-04,2.37752e-07,5.64340e-06,5.63002e-06,4.70930e-04,2.22123e-03,3.60715e-05,4.71229e-04,4.70193e-04
0.00000e+00,0.00000e+00,0.00000e+00,0.00000e+00,0.00000e+00,0.00000e+00,0.00000e+00,0.00000e+00,0.00000e+00,0.00000e+00,5.63002e-06,1.34188e-04,2.36962e-07,5.63969e-06,5.60647e-06,4.70193e-04,2.21621e-03,3.59806e-05,4.70930e-04,4.68497e-04
0.00000e+00,0.00000e+00,0.00000e+00,0.00000e+00,0.00000e+00,0.00000e+00,0.00000e+00,0.00000e+00,0.00000e+00,0.00000e+00,5.60647e-06,1.33939e-04,2.35174e-07,5.63002e-06,5.55074e-06,4.68497e-04,2.20457e-03,3.57763e-05,4.70193e-04,4.64700e-04
0.00000e+00,0.00000e+00,0.00000e+00,0.00000e+00,0.00000e+00,0.00000e+00,0.00000e+00,0.00000e+00,0.00000e+00,0.00000e+00,5.55074e-06,1.33293e-04,2.31279e-07,5.60647e-06,5.42278e-06,4.64700e-04,2.17870e-03,3.53312e-05,4.68497e-04,4.56381e-04
0.00000e+00,0.00000e+00,0.00000e+00,0.00000e+00,0.00000e+00,0.00000e+00,0.00000e+00,0.00000e+00,0.00000e+00,0.00000e+00,5.42278e-06,1.31650e-04,2.23128e-07,5.55074e-06,5.14000e-06,4.56381e-04,2.12398e-03,3.43859e-05,4.64700e-04,4.38527e-04
0.00000e+00,0.00000e+00,0.00000e+00,0.00000e+00,0.00000e+00,0.00000e+00,0.00000e+00,0.00000e+00,0.00000e+00,0.00000e+00,5.14000e-06,1.27559e-04,2.06886e-07,5.42278e-06,4.54687e-06,4.38527e-04,2.01560e-03,3.24396e-05,4.56381e-04,4.01003e-04
0.00000e+00,0.00000e+00,0.00000e+00,0.00000e+00,0.00000e+00,0.00000e+00,0.00000e+00,0.00000e+00,0.00000e+00,0.00000e+00,4.54687e-06,1.17676e-04,1.76546e-07,5.14000e-06,3.39355e-06,4.01003e-04,1.82007e-03,2.85950e-05,4.38527e-04,3.24060e-04
0.00000e+00,0.00000e+00,0.00000e+00,0.00000e+00,0.00000e+00,0.00000e+00,0.00000e+00,0.00000e+00,0.00000e+00,0.00000e+00,3.39355e-06,9.48423e-05,1.24711e-07,4.54687e-06,1.38615e-06,3.24060e-04,1.51232e-03,2.14534e-05,4.01003e-04,1.78728e-04
0.00000e+00,0.00000e+00,0.00000e+00,0.00000e+00,0.00000e+00,0.00000e+00,0.00000e+00,0.00000e+00,0.00000e+00,0.00000e+00,1.24711e-07,3.39355e-06,4.69473e-09,4.69545e-08,1.76546e-07,2.14534e-05,3.24060e-04,1.15081e-06,9.75816e-06,2.85950e-05
0.00000e+00,0.00000e+00,0.00000e+00,0.00000e+00,0.00000e+00,0.00000e+00,0.00000e+00,0.00000e+00,0.00000e+00,0.00000e+00,1.76546e-07,4.54687e-06,6.89524e-09,1.24711e-07,2.06886e-07,2.85950e-05,4.01003e-04,1.61558e-06,2.14534e-05,3.24396e-05
0.00000e+00,0.00000e+00,0.00000e+00,0.00000e+00,0.00000e+00,0.00000e+00,0.00000e+00,0.00000e+00,0.00000e+00,0.00000e+00,2.06886e-07,5.14000e-06,8.31566e-09,1.76546e-07,2.23128e-07,3.24396e-05,4.38527e-04,1.89465e-06,2.85950e-05,3.43859e-05
0.00000e+00,0.00000e+00,0.00000e+00,0.00000e+00,0.00000e+00,0.00000e+00,0.00000e+00,0.00000e+00,0.00000e+00,0.00000e+00,2.23128e-07,5.42278e-06,9.15048e-09,2.06886e-07,2.31279e-07,3.43859e-05,4.56381e-04,2.04912e-06,3.24396e-05,3.53312e-05
0.00000e+00,0.00000e+00,0.00000e+00,0.00000e+00,0.00000e+00,0.00000e+00,0.00000e+00,0.00000e+00,0.00000e+00,0.00000e+00,2.31279e-07,5.55074e-06,9.60752e-09,2.23128e-07,2.35174e-07,3.53312e-05,4.64700e-04,2.12984e-06,3.43859e-05,3.57763e-05
0.00000e+00,0.00000e+00,0.00000e+00,0.00000e+00,0.00000e+00,0.00000e+00,0.00000e+00,0.00000e+00,0.00000e+00,0.00000e+00,2.35174e-07,5.60647e-06,9.84420e-09,2.31279e-07,2.36962e-07,3.57763e-05,4.68497e-04,2.17024e-06,3.53312e-05,3.59806e-05
0.00000e+00,0.00000e+00,0.00000e+00,0.00000e+00,0.00000e+00,0.00000e+00,0.00000e+00,0.00000e+00,0.00000e+00,0.00000e+00,2.36962e-07,5.63002e-06,9.96121e-09,2.35174e-07,2.37752e-07,3.59806e-05,4.70193e-04,2.18974e-06,3.57763e-05,3.60715e-05
0.00000e+00,0.00000e+00,0.00000e+00,0.00000e+00,0.00000e+00,0.00000e+00,0.00000e+00,0.00000e+00,0.00000e+00,0.00000e+00,2.37752e-07,5.63969e-06,1.00164e-08,2.36962e-07,2.38075e-07,3.60715e-05,4.70930e-04,2.19881e-06,3.59806e-05,3.61092e-05
0.00000e+00,0.00000e+00,0.00000e+00,0.00000e+00,0.00000e+00,0.00000e+00,0.00000e+00,0.00000e+00,0.00000e+00,0.00000e+00,2.38075e-07,5.64340e-06,1.00402e-08,2.37752e-07,2.38161e-07,3.61092e-05,4.71229e-04,2.20269e-06,3.60715e-05,3.61193e-05
0.00000e+00,0.00000e+00,0.00000e+00,0.00000e+00,0.00000e+00,0.00000e+00,0.00000e+00,0.00000e+00,0.00000e+00,0.00000e+00,2.38161e-07,5.64436e-06,1.00467e-08,2.38075e-07,2.38075e-07,3.61193e-05,4.71309e-04,2.20376e-06,3.61092e-05,3.61092e-05
0.00000e+00,0.00000e+00,0.00000e+00,0.00000e+00,0.00000e+00,0.00000e+00,0.00000e+00,0.00000e+00,0.00000e+00,0.00000e+00,2.38075e-07,5.64340e-06,1.00402e-08,2.38161e-07,2.37752e-07,3.61092e-05,4.71229e-04,2.20269e-06,3.61193e-05,3.60715e-05
0.00000e+00,0.00000e+00,0.00000e+00,0.00000e+00,0.00000e+00,0.00000e+00,0.00000e+00,0.00000e+00,0.00000e+00,0.00000e+00,2.37752e-07,5.63969e-06,1.00164e-08,2.38075e-07,2.36962e-07,3.60715e-05,4.70930e-04,2.19881e-06,3.61092e-05,3.59806e-05
0.00000e+00,0.00000e+00,0.00000e+00,0.00000e+00,0.00000e+00,0.00000e+00,0.00000e+00,0.00000e+00,0.00000e+00,0.00000e+00,2.36962e-07,5.63002e-06,9.96121e-09,2.37752e-07,2.35174e-07,3.59806e-05,4.70193e-04,2.18974e-06,3.60715e-05,3.57763e-05
0.00000e+00,0.00000e+00,0.00000e+00,0.00000e+00,0.00000e+00,0.00000e+00,0.00000e+00,0.00000e+00,0.00000e+00,0.00000e+00,2.35174e-07,5.60647e-06,9.84421e-09,2.36962e-07,2.31279e-07,3.57763e-05,4.68497e-04,2.17024e-06,3.59806e-05,3.53312e-05
0.00000e+00,0.00000e+00,0.00000e+00,0.00000e+00,0.00000e+00,0.00000e+00,0.00000e+00,0.00000e+00,0.00000e+00,0.00000e+00,2.31279e-07,5.55074e-06,9.60753e-09,2.35174e-07,2.23128e-07,3.53312e-05,4.64700e-04,2.12984e-06,3.57763e-05,3.43859e-05
0.00000e+00,0.00000e+00,0.00000e+00,0.00000e+00,0.00000e+00,0.00000e+00,0.00000e+00,0.00000e+00,0.00000e+00,0.00000e+00,2.23128e-07,5.42278e-06,9.15049e-09,2.31279e-07,2.06886e-07,3.43859e-05,4.56381e-04,2.04912e-06,3.53312e-05,3.24396e-05
0.00000e+00,0.00000e+00,0.00000e+00,0.00000e+00,0.00000e+00,0.00000e+00,0.00000e+00,0.00000e+00,0.00000e+00,0.00000e+00,2.06886e-07,5.14000e-06,8.31568e-09,2.23128e-07,1.76546e-07,3.24396e-05,4.38527e-04,1.89465e-06,3.43859e-05,2.85950e-05
0.00000e+00,0.00000e+00,0.00000e+00,0.00000e+00,0.00000e+00,0.00000e+00,0.00000e+00,0.00000e+00,0.00000e+00,0.00000e+00,1.76546e-07,4.54687e-06,6.89526e-09,2.06886e-07,1.24711e-07,2.85950e-05,4.01003e-04,1.61558e-06,3.24396e-05,2.14534e-05
0.00000e+00,0.00000e+00,0.00000e+00,0.00000e+00,0.00000e+00,0.00000e+00,0.00000e+00,0.00000e+00,0.00000e+00,0.00000e+00,1.24711e-07,3.39355e-06,4.69475e-09,1.76546e-07,4.69545e-08,2.14534e-05,3.24060e-04,1.15081e-06,2.85950e-05,9.75816e-06
0.00000e+00,0.00000e+00,0.00000e+00,0.00000e+00,0.00000e+00,0.00000e+00,0.00000e+00,0.00000e+00,0.00000e+00,0.00000e+00,4.69473e-09,1.24711e-07,1.80107e-10,1.69751e-09,6.89524e-09,1.15081e-06,2.14534e-05,5.69675e-08,4.76269e-07,1.61558e-06
0.00000e+00,0.00000e+00,0.00000e+00,0.00000e+00,0.00000e+00,0.00000e+00,0.00000e+00,0.00000e+00,0.00000e+00,0.00000e+00,6.89524e-09,1.76546e-07,2.71203e-10,4.69473e-09,8.31566e-09,1.61558e-06,2.85950e-05,8.28888e-08,1.15081e-06,1.89465e-06
0.00000e+00,0.00000e+00,0.00000e+00,0.00000e+00,0.00000e+00,0.00000e+00,0.00000e+00,0.00000e+00,0.00000e+00,0.00000e+00,8.31566e-09,2.06886e-07,3.34482e-10,6.89524e-09,9.15048e-09,1.89465e-06,3.24396e-05,9.98906e-08,1.61558e-06,2.04912e-06
0.00000e+00,0.00000e+00,0.00000e+00,0.00000e+00,0.00000e+00,0.00000e+00,0.00000e+00,0.00000e+00,0.00000e+00,0.00000e+00,9.15048e-09,2.23128e-07,3.74553e-10,8.31566e-09,9.60752e-09,2.04912e-06,3.43859e-05,1.10097e-07,1.89465e-06,2.12984e-06
0.00000e+00,0.00000e+00,0.00000e+00,0.00000e+00,0.00000e+00,0.00000e+00,0.00000e+00,0.00000e+00,0.00000e+00,0.00000e+00,9.60752e-09,2.31279e-07,3.98141e-10,9.15048e-09,9.84420e-09,2.12984e-06,3.53312e-05,1.15831e-07,2.04912e-06,2.17024e-06
0.00000e+00,0.00000e+00,0.00000e+00,0.00000e+00,0.00000e+00,0.00000e+00,0.00000e+00,0.00000e+00,0.00000e+00,0.00000e+00,9.84420e-09,2.35174e-07,4.11228e-10,9.60752e-09,9.96121e-09,2.17024e-06,3.57763e-05,1.18891e-07,2.12984e-06,2.18974e-06
0.00000e+00,0.00000e+00,0.00000e+00,0.00000e+00,0.00000e+00,0.00000e+00,0.00000e+00,0.00000e+00,0.00000e+00,0.00000e+00,9.96121e-09,2.36962e-07,4.18130e-10,9.84420e-09,1.00164e-08,2.18974e-06,3.59806e-05,1.20455e-07,2.17024e-06,2.19881e-06
0.00000e+00,0.00000e+00,0.00000e+00,0.00000e+00,0.00000e+00,0.00000e+00,0.00000e+00,0.00000e+00,0.00000e+00,0.00000e+00,1.00164e-08,2.37752e-07,4.21580e-10,9.96121e-09,1.00402e-08,2.19881e-06,3.60715e-05,1.21219e-07,2.18974e-06,2.20269e-06
0.00000e+00,0.00000e+00,0.00000e+00,0.00000e+00,0.00000e+00,0.00000e+00,0.00000e+00,0.00000e+00,0.00000e+00,0.00000e+00,1.00402e-08,2.38075e-07,4.23140e-10,1.00164e-08,1.00467e-08,2.20269e-06,3.61092e-05,1.21558e-07,2.19881e-06,2.20376e-06
0.00000e+00,0.00000e+00,0.00000e+00,0.00000e+00,0.00000e+00,0.00000e+00,0.00000e+00,0.00000e+00,0.00000e+00,0.00000e+00,1.00467e-08,2.38161e-07,4.23583e-10,1.00402e-08,1.00402e-08,2.20376e-06,3.61193e-05,1.21654e-07,2.20269e-06,2.20269e-06
0.00000e+00,0.00000e+00,0.00000e+00,0.00000e+00,0.00000e+00,0.00000e+00,0.00000e+00,0.00000e+00,0.00000e+00,0.00000e+00,1.00402e-08,2.38075e-07,4.23140e-10,1.00467e-08,1.00164e-08,2.20269e-06,3.61092e-05,1.21558e-07,2.20376e-06,2.19881e-06
0.00000e+00,0.00000e+00,0.00000e+00,0.00000e+00,0.00000e+00,0.00000e+00,0.00000e+00,0.00000e+00,0.00000e+00,0.00000e+00,1.00164e-08,2.37752e-07,4.21581e-10,1.00402e-08,9.96121e-09,2.19881e-06,3.60715e-05,1.21219e-07,2.20269e-06,2.18974e-06
0.00000e+00,0.00000e+00,0.00000e+00,0.00000e+00,0.00000e+00,0.00000e+00,0.00000e+00,0.00000e+00,0.00000e+00,0.00000e+00,9.96121e-09,2.36962e-07,4.18131e-10,1.00164e-08,9.84421e-09,2.18974e-06,3.59806e-05,1.20455e-07,2.19881e-06,2.17024e-06
0.00000e+00,0.00000e+00,0.00000e+00,0.00000e+00,0.00000e+00,0.00000e+00,0.00000e+00,0.00000e+00,0.00000e+00,0.00000e+00,9.84421e-09,2.35174e-07,4.11230e-10,9.96121e-09,9.60753e-09,2.17024e-06,3.57763e-05,1.18891e-07,2.18974e-06,2.12984e-06
0.00000e+00,0.00000e+00,0.00000e+00,0.00000e+00,0.00000e+00,0.00000e+00,0.00000e+00,0.00000e+00,0.00000e+00,0.00000e+00,9.60753e-09,2.31279e-07,3.98142e-10,9.84421e-09,9.15049e-09,2.12984e-06,3.53312e-05,1.15831e-07,2.17024e-06,2.04912e-06
0.00000e+00,0.00000e+00,0.00000e+00,0.00000e+00,0.00000e+00,0.00000e+00,0.00000e+00,0.00000e+00,0.00000e+00,0.00000e+00,9.15049e-09,2.23128e-07,3.74555e-10,9.60753e-09,8.31568e-09,2.04912e-06,3.43859e-05,1.10097e-07,2.12984e-06,1.89465e-06
0.00000e+00,0.00000e+00,0.00000e+00,0.00000e+00,0.00000e+00,0.00000e+00,0.00000e+00,0.00000e+00,0.00000e+00,0.00000e+00,8.31568e-09,2.06886e-07,3.34484e-10,9.15049e-09,6.89526e-09,1.89465e-06,3.24396e-05,9.98906e-08,2.04912e-06,1.61558e-06
0.00000e+00,0.00000e+00,0.00000e+00,0.00000e+00,0.00000e+00,0.00000e+00,0.00000e+00,0.00000e+00,0.00000e+00,0.00000e+00,6.89526e-09,1.76546e-07,2.71205e-10,8.31568e-09,4.69475e-09,1.61558e-06,2.85950e-05,8.28888e-08,1.89465e-06,1.15081e-06
0.00000e+00,0.00000e+00,0.00000e+00,0.00000e+00,0.00000e+00,0.00000e+00,0.00000e+00,0.00000e+00,0.00000e+00,0.00000e+00,4.69475e-09,1.24711e-07,1.80109e-10,6.89526e-09,1.69751e-09,1.15081e-06,2.14534e-05,5.69675e-08,1.61558e-06,4.76269e-07
0.00000e+00,0.00000e+00,0.00000e+00,0.00000e+00,0.00000e+00,0.00000e+00,0.00000e+00,0.00000e+00,0.00000e+00,0.00000e+00,1.80107e-10,4.69473e-09,7.00974e-12,6.37304e-11,2.71203e-10,5.69675e-08,1.15081e-06,2.70877e-09,2.24255e-08,8.28888e-08
0.00000e+00,0.00000e+00,0.00000e+00,0.00000e+00,0.00000e+00,0.00000e+00,0.00000e+00,0.00000e+00,0.00000e+00,0.00000e+00,2.71203e-10,6.89524e-09,1.07403e-11,1.80107e-10,3.34482e-10,8.28888e-08,1.61558e-06,4.03958e-09,5.69675e-08,9.98906e-08
0.00000e+00,0.00000e+00,0.00000e+00,0.00000e+00,0.00000e+00,0.00000e+00,0.00000e+00,0.00000e+00,0.00000e+00,0.00000e+00,3.34482e-10,8.31566e-09,1.34793e-11,2.71203e-10,3.74553e-10,9.98906e-08,1.89465e-06,4.97414e-09,8.28888e-08,1.10097e-07
0.00000e+00,0.00000e+00,0.00000e+00,0.00000e+00,0.00000e+00,0.00000e+00,0.00000e+00,0.00000e+00,0.00000e+00,0.00000e+00,3.74553e-10,9.15048e-09,1.53204e-11,3.34482e-10,3.98141e-10,1.10097e-07,2.04912e-06,5.57463e-09,9.98906e-08,1.15831e-07
0.00000e+00,0.00000e+00,0.00000e+00,0.00000e+00,0.00000e+00,0.00000e+00,0.00000e+00,0.00000e+00,0.00000e+00,0.00000e+00,3.98141e-10,9.60752e-09,1.64715e-11,3.74553e-10,4.11228e-10,1.15831e-07,2.12984e-06,5.93452e-09,1.10097e-07,1.18891e-07
0.00000e+00,0.00000e+00,0.00000e+00,0.00000e+00,0.00000e+00,0.00000e+00,0.00000e+00,0.00000e+00,0.00000e+00,0.00000e+00,4.11228e-10,9.84420e-09,1.71489e-11,3.98141e-10,4.18130e-10,1.18891e-07,2.17024e-06,6.13844e-09,1.15831e-07,1.20455e-07
0.00000e+00,0.00000e+00,0.00000e+00,0.00000e+00,0.00000e+00,0.00000e+00,0.00000e+00,0.00000e+00,0.00000e+00,0.00000e+00,4.18130e-10,9.96121e-09,1.75268e-11,4.11228e-10,4.21580e-10,1.20455e-07,2.18974e-06,6.24850e-09,1.18891e-07,1.21219e-07
0.00000e+00,0.00000e+00,0.00000e+00,0.00000e+00,0.00000e+00,0.00000e+00,0.00000e+00,0.00000e+00,0.00000e+00,0.00000e+00,4.21580e-10,1.00164e-08,1.77255e-11,4.18130e-10,4.23140e-10,1.21219e-07,2.19881e-06,6.30486e-09,1.20455e-07,1.21558e-07
0.00000e+00,0.00000e+00,0.00000e+00,0.00000e+00,0.00000e+00,0.00000e+00,0.00000e+00,0.00000e+00,0.00000e+00,0.00000e+00,4.23140e-10,1.00402e-08,1.78192e-11,4.21580e-10,4.23583e-10,1.21558e-07,2.20269e-06,6.33089e-09,1.21219e-07,1.21654e-07
0.00000e+00,0.00000e+00,0.00000e+00,0.00000e+00,0.00000e+00,0.00000e+00,0.00000e+00,0.00000e+00,0.00000e+00,0.00000e+00,4.23583e-10,1.00467e-08,1.78464e-11,4.23140e-10,4.23140e-10,1.21654e-07,2.20376e-06,6.33838e-09,1.21558e-07,1.21558e-07
0.00000e+00,0.00000e+00,0.00000e+00,0.00000e+00,0.00000e+00,0.00000e+00,0.00000e+00,0.00000e+00,0.00000e+00,0.00000e+00,4.23140e-10,1.00402e-08,1.78192e-11,4.23583e-10,4.21581e-10,1.21558e-07,2.20269e-06,6.33089e-09,1.21654e-07,1.21219e-07
0.00000e+00,0.00000e+00,0.00000e+00,0.00000e+00,0.00000e+00,0.00000e+00,0.00000e+00,0.00000e+00,0.00000e+00,0.00000e+00,4.21581e-10,1.00164e-08,1.77256e-11,4.23140e-10,4.18131e-10,1.21219e-07,2.19881e-06,6.30486e-09,1.21558e-07,1.20455e-07
0.00000e+00,0.00000e+00,0.00000e+00,0.00000e+00,0.00000e+00,0.00000e+00,0.00000e+00,0.00000e+00,0.00000e+00,0.00000e+00,4.18131e-10,9.96121e-09,1.75268e-11,4.21581e-10,4.11230e-10,1.20455e-07,2.18974e-06,6.24851e-09,1.21219e-07,1.18891e-07
0.00000e+00,0.00000e+00,0.00000e+00,0.00000e+00,0.00000e+00,0.00000e+00,0.00000e+00,0.00000e+00,0.00000e+00,0.00000e+00,4.11230e-10,9.84421e-09,1.71490e-11,4.18131e-10,3.98142e-10,1.18891e-07,2.17024e-06,6.13844e-09,1.20455e-07,1.15831e-07
0.00000e+00,0.00000e+00,0.00000e+00,0.00000e+00,0.00000e+00,0.00000e+00,0.00000e+00,0.00000e+00,0.00000e+00,0.00000e+00,3.98142e-10,9.60753e-09,1.64716e-11,4.11230e-10,3.74555e-10,1.15831e-07,2.12984e-06,5.93452e-09,1.18891e-07,1.10097e-07
0.00000e+00,0.00000e+00,0.00000e+00,0.00000e+00,0.00000e+00,0.00000e+00,0.00000e+00,0.00000e+00,0.00000e+00,0.00000e+00,3.74555e-10,9.15049e-09,1.53206e-11,3.98142e-10,3.34484e-10,1.10097e-07,2.04912e-06,5.57463e-09,1.15831e-07,9.98906e-08
0.00000e+00,0.00000e+00,0.00000e+00,0.00000e+00,0.00000e+00,0.00000e+00,0.00000e+00,0.00000e+00,0.00000e+00,0.00000e+00,3.34484e-10,8.31568e-09,1.34796e-11,3.74555e-10,2.71205e-10,9.98906e-08,1.89465e-06,4.97415e-09,1.10097e-07,8.28888e-08
0.00000e+00,0.00000e+00,0.00000e+00,0.00000e+00,0.00000e+00,0.00000e+00,0.00000e+00,0.00000e+00,0.00000e+00,0.00000e+00,2.71205e-10,6.89526e-09,1.07406e-11,3.34484e-10,1.80109e-10,8.28888e-08,1.61558e-06,4.03958e-09,9.98906e-08,5.69675e-08
0.00000e+00,0.00000e+00,0.00000e+00,0.00000e+00,0.00000e+00,0.00000e+00,0.00000e+00,0.00000e+00,0.00000e+00,0.00000e+00,1.80109e-10,4.69475e-09,7.00991e-12,2.71205e-10,6.37313e-11,5.69675e-08,1.15081e-06,2.70877e-09,8.28888e-08,2.24255e-08
0.00000e+00,0.00000e+00,0.00000e+00,0.00000e+00,0.00000e+00,0.00000e+00,0.00000e+00,0.00000e+00,0.00000e+00,0.00000e+00,7.00974e-12,1.80107e-10,2.75829e-13,2.44905e-12,1.07403e-11,2.70877e-09,5.69675e-08,1.25778e-10,1.03568e-09,4.03958e-09
0.00000e+00,0.00000e+00,0.00000e+00,0.00000e+00,0.00000e+00,0.00000e+00,0.00000e+00,0.00000e+00,0.00000e+00,0.00000e+00,1.07403e-11,2.71203e-10,4.27973e-13,7.00974e-12,1.34793e-11,4.03958e-09,8.28888e-08,1.90865e-10,2.70877e-09,4.97414e-09
0.00000e+00,0.00000e+00,0.00000e+00,0.00000e+00,0.00000e+00,0.00000e+00,0.00000e+00,0.00000e+00,0.00000e+00,0.00000e+00,1.34793e-11,3.34482e-10,5.44515e-13,1.07403e-11,1.53204e-11,4.97414e-09,9.98906e-08,2.39030e-10,4.03958e-09,5.57463e-09
0.00000e+00,0.00000e+00,0.00000e+00,0.00000e+00,0.00000e+00,0.00000e+00,0.00000e+00,0.00000e+00,0.00000e+00,0.00000e+00,1.53204e-11,3.74553e-10,6.26698e-13,1.34793e-11,1.64715e-11,5.57463e-09,1.10097e-07,2.71750e-10,4.97414e-09,5.93452e-09
0.00000e+00,0.00000e+00,0.00000e+00,0.00000e+00,0.00000e+00,0.00000e+00,0.00000e+00,0.00000e+00,0.00000e+00,0.00000e+00,1.64715e-11,3.98141e-10,6.80725e-13,1.53204e-11,1.71489e-11,5.93452e-09,1.15831e-07,2.92478e-10,5.57463e-09,6.13844e-09
0.00000e+00,0.00000e+00,0.00000e+00,0.00000e+00,0.00000e+00,0.00000e+00,0.00000e+00,0.00000e+00,0.00000e+00,0.00000e+00,1.71489e-11,4.11228e-10,7.14158e-13,1.64715e-11,1.75268e-11,6.13844e-09,1.18891e-07,3.04866e-10,5.93452e-09,6.24850e-09
0.00000e+00,0.00000e+00,0.00000e+00,0.00000e+00,0.00000e+00,0.00000e+00,0.00000e+00,0.00000e+00,0.00000e+00,0.00000e+00,1.75268e-11,4.18130e-10,7.33732e-13,1.71489e-11,1.77255e-11,6.24850e-09,1.20455e-07,3.11894e-10,6.13844e-09,6.30486e-09
0.00000e+00,0.00000e+00,0.00000e+00,0.00000e+00,0.00000e+00,0.00000e+00,0.00000e+00,0.00000e+00,0.00000e+00,0.00000e+00,1.77255e-11,4.21580e-10,7.44494e-13,1.75268e-11,1.78192e-11,6.30486e-09,1.21219e-07,3.15656e-10,6.24850e-09,6.33089e-09
0.00000e+00,0.00000e+00,0.00000e+00,0.00000e+00,0.00000e+00,0.00000e+00,0.00000e+00,0.00000e+00,0.00000e+00,0.00000e+00,1.78192e-11,4.23140e-10,7.49749e-13,1.77255e-11,1.78464e-11,6.33089e-09,1.21558e-07,3.17456e-10,6.30486e-09,6.33838e-09
0.00000e+00,0.00000e+00,0.00000e+00,0.00000e+00,0.00000e+00,0.00000e+00,0.00000e+00,0.00000e+00,0.00000e+00,0.00000e+00,1.78464e-11,4.23583e-10,7.51310e-13,1.78192e-11,1.78192e-11,6.33838e-09,1.21654e-07,3.17985e-10,6.33089e-09,6.33089e-09
0.00000e+00,0.00000e+00,0.00000e+00,0.00000e+00,0.00000e+00,0.00000e+00,0.00000e+00,0.00000e+00,0.00000e+00,0.00000e+00,1.78192e-11,4.23140e-10,7.49750e-13,1.78464e-11,1.77256e-11,6.33089e-09,1.21558e-07,3.17456e-10,6.33838e-09,6.30486e-09
0.00000e+00,0.00000e+00,0.00000e+00,0.00000e+00,0.00000e+00,0.00000e+00,0.00000e+00,0.00000e+00,0.00000e+00,0.00000e+00,1.77256e-11,4.21581e-10,7.44497e-13,1.78192e-11,1.75268e-11,6.30486e-09,1.21219e-07,3.15656e-10,6.33089e-09,6.24851e-09
0.00000e+00,0.00000e+00,0.00000e+00,0.00000e+00,0.00000e+00,0.00000e+00,0.00000e+00,0.00000e+00,0.00000e+00,0.00000e+00,1.75268e-11,4.18131e-10,7.33737e-13,1.77256e-11,1.71490e-11,6.24851e-09,1.20455e-07,3.11894e-10,6.30486e-09,6.13844e-09
0.00000e+00,0.00000e+00,0.00000e+00,0.00000e+00,0.00000e+00,0.00000e+00,0.00000e+00,0.00000e+00,0.00000e+00,0.00000e+00,1.71490e-11,4.11230e-10,7.14165e-13,1.75268e-11,1.64716e-11,6.13844e-09,1.18891e-07,3.04866e-10,6.24851e-09,5.93452e-09
0.00000e+00,0.00000e+00,0.00000e+00,0.00000e+00,0.00000e+00,0.00000e+00,0.00000e+00,0.00000e+00,0.00000e+00,0.00000e+00,1.64716e-11,3.98142e-10,6.80735e-13,1.71490e-11,1.53206e-11,5.93452e-09,1.15831e-07,2.92478e-10,6.13844e-09,5.57463e-09
0.00000e+00,0.00000e+00,0.00000e+00,0.00000e+00,0.00000e+00,0.00000e+00,0.00000e+00,0.00000e+00,0.00000e+00,0.00000e+00,1.53206e-11,3.74555e-10,6.26711e-13,1.64716e-11,1.34796e-11,5.57463e-09,1.10097e-07,2.71750e-10,5.93452e-09,4.97415e-09
0.00000e+00,0.00000e+00,0.00000e+00,0.00000e+00,0.00000e+00,0.00000e+00,0.00000e+00,0.00000e+00,0.00000e+00,0.00000e+00,1.34796e-11,3.34484e-10,5.44529e-13,1.53206e-11,1.07406e-11,4.97415e-09,9.98906e-08,2.39030e-10,5.57463e-09,4.03958e-09
0.00000e+00,0.00000e+00,0.00000e+00,0.00000e+00,0.00000e+00,0.00000e+00,0.00000e+00,0.00000e+00,0.00000e+00,0.00000e+00,1.07406e-11,2.71205e-10,4.27987e-13,1.34796e-11,7.00991e-12,4.03958e-09,8.28888e-08,1.90866e-10,4.97415e-09,2.70877e-09
0.00000e+00,0.00000e+00,0.00000e+00,0.00000e+00,0.00000e+00,0.00000e+00,0.00000e+00,0.00000e+00,0.00000e+00,0.00000e+00,7.00991e-12,1.80109e-10,2.75840e-13,1.07406e-11,2.44912e-12,2.70877e-09,5.69675e-08,1.25778e-10,4.03958e-09,1.03568e-09
0.00000e+00,0.00000e+00,0.00000e+00,0.00000e+00,0.00000e+00,0.00000e+00,0.00000e+00,0.00000e+00,0.00000e+00,0.00000e+00,2.75829e-13,7.00974e-12,1.09465e-14,9.55813e-14,4.27973e-13,1.25778e-10,2.70877e-09,5.74957e-12,4.71959e-11,1.90865e-10
0.00000e+00,0.00000e+00,0.00000e+00,0.00000e+00,0.00000e+00,0.00000e+00,0.00000e+00,0.00000e+00,0.00000e+00,0.00000e+00,4.27973e-13,1.07403e-11,1.71450e-14,2.75829e-13,5.44515e-13,1.90865e-10,4.03958e-09,8.83663e-12,1.25778e-10,2.39030e-10
0.00000e+00,0.00000e+00,0.00000e+00,0.00000e+00,0.00000e+00,0.00000e+00,0.00000e+00,0.00000e+00,0.00000e+00,0.00000e+00,5.44515e-13,1.34793e-11,2.20524e-14,4.27973e-13,6.26698e-13,2.39030e-10,4.97414e-09,1.12154e-11,1.90865e-10,2.71750e-10
0.00000e+00,0.00000e+00,0.00000e+00,0.00000e+00,0.00000e+00,0.00000e+00,0.00000e+00,0.00000e+00,0.00000e+00,0.00000e+00,6.26698e-13,1.53204e-11,2.56503e-14,5.44515e-13,6.80725e-13,2.71750e-10,5.57463e-09,1.29064e-11,2.39030e-10,2.92478e-10
0.00000e+00,0.00000e+00,0.00000e+00,0.00000e+00,0.00000e+00,0.00000e+00,0.00000e+00,0.00000e+00,0.00000e+00,0.00000e+00,6.80725e-13,1.64715e-11,2.81166e-14,6.26698e-13,7.14158e-13,2.92478e-10,5.93452e-09,1.40292e-11,2.71750e-10,3.04866e-10
0.00000e+00,0.00000e+00,0.00000e+00,0.00000e+00,0.00000e+00,0.00000e+00,0.00000e+00,0.00000e+00,0.00000e+00,0.00000e+00,7.14158e-13,1.71489e-11,2.97096e-14,6.80725e-13,7.33732e-13,3.04866e-10,6.13844e-09,1.47322e-11,2.92478e-10,3.11894e-10
0.00000e+00,0.00000e+00,0.00000e+00,0.00000e+00,0.00000e+00,0.00000e+00,0.00000e+00,0.00000e+00,0.00000e+00,0.00000e+00,7.33732e-13,1.75268e-11,3.06821e-14,7.14158e-13,7.44494e-13,3.11894e-10,6.24850e-09,1.51492e-11,3.04866e-10,3.15656e-10
0.00000e+00,0.00000e+00,0.00000e+00,0.00000e+00,0.00000e+00,0.00000e+00,0.00000e+00,0.00000e+00,0.00000e+00,0.00000e+00,7.44494e-13,1.77255e-11,3.12377e-14,7.33732e-13,7.49749e-13,3.15656e-10,6.30486e-09,1.53815e-11,3.11894e-10,3.17456e-10
0.00000e+00,0.00000e+00,0.00000e+00,0.00000e+00,0.00000e+00,0.00000e+00,0.00000e+00,0.00000e+00,0.00000e+00,0.00000e+00,7.49749e-13,1.78192e-11,3.15174e-14,7.44494e-13,7.51310e-13,3.17456e-10,6.33089e-09,1.54962e-11,3.15656e-10,3.17985e-10
0.00000e+00,0.00000e+00,0.00000e+00,0.00000e+00,0.00000e+00,0.00000e+00,0.00000e+00,0.00000e+00,0.00000e+00,0.00000e+00,7.51310e-13,1.78464e-11,3.16020e-14,7.49749e-13,7.49750e-13,3.17985e-10,6.33838e-09,1.55305e-11,3.17456e-10,3.17456e-10
0.00000e+00,0.00000e+00,0.00000e+00,0.00000e+00,0.00000e+00,0.00000e+00,0.00000e+00,0.00000e+00,0.00000e+00,0.00000e+00,7.49750e-13,1.78192e-11,3.15175e-14,7.51310e-13,7.44497e-13,3.17456e-10,6.33089e-09,1.54962e-11,3.17985e-10,3.15656e-10
0.00000e+00,0.00000e+00,0.00000e+00,0.00000e+00,0.00000e+00,0.00000e+00,0.00000e+00,0.00000e+00,0.00000e+00,0.00000e+00,7.44497e-13,1.77256e-11,3.12378e-14,7.49750e-13,7.33737e-13,3.15656e-10,6.30486e-09,1.53815e-11,3.17456e-10,3.11894e-10
0.00000e+00,0.00000e+00,0.00000e+00,0.00000e+00,0.00000e+00,0.00000e+00,0.00000e+00,0.00000e+00,0.00000e+00,0.00000e+00,7.33737e-13,1.75268e-11,3.06824e-14,7.44497e-13,7.14165e-13,3.11894e-10,6.24851e-09,1.51492e-11,3.15656e-10,3.04866e-10
0.00000e+00,0.00000e+00,0.00000e+00,0.00000e+00,0.00000e+00,0.00000e+00,0.00000e+00,0.00000e+00,0.00000e+00,0.00000e+00,7.14165e-13,1.71490e-11,2.97100e-14,7.33737e-13,6.80735e-13,3.04866e-10,6.13844e-09,1.47323e-11,3.11894e-10,2.92478e-10
0.00000e+00,0.00000e+00,0.00000e+00,0.00000e+00,0.00000e+00,0.00000e+00,0.00000e+00,0.00000e+00,0.00000e+00,0.00000e+00,6.80735e-13,1.64716e-11,2.81172e-14,7.14165e-13,6.26711e-13,2.92478e-10,5.93452e-09,1.40293e-11,3.04866e-10,2.71750e-10
0.00000e+00,0.00000e+00,0.00000e+00,0.00000e+00,0.00000e+00,0.00000e+00,0.00000e+00,0.00000e+00,0.00000e+00,0.00000e+00,6.26711e-13,1.53206e-11,2.56510e-14,6.80735e-13,5.44529e-13,2.71750e-10,5.57463e-09,1.29065e-11,2.92478e-10,2.39030e-10
0.00000e+00,0.00000e+00,0.00000e+00,0.00000e+00,0.00000e+00,0.00000e+00,0.00000e+00,0.00000e+00,0.00000e+00,0.00000e+00,5.44529e-13,1.34796e-11,2.20532e-14,6.26711e-13,4.27987e-13,2.39030e-10,4.97415e-09,1.12154e-11,2.71750e-10,1.90866e-10
0.00000e+00,0.00000e+00,0.00000e+00,0.00000e+00,0.00000e+00,0.00000e+00,0.00000e+00,0.00000e+00,0.00000e+00,0.00000e+00,4.27987e-13,1.07406e-11,1.71457e-14,5.44529e-13,2.75840e-13,1.90866e-10,4.03958e-09,8.83667e-12,2.39030e-10,1.25778e-10
0.00000e+00,0.00000e+00,0.00000e+00,0.00000e+00,0.00000e+00,0.00000e+00,0.00000e+00,0.00000e+00,0.00000e+00,0.00000e+00,2.75840e-13,7.00991e-12,1.09471e-14,4.27987e-13,9.55859e-14,1.25778e-10,2.70877e-09,5.74960e-12,1.90866e-10,4.71961e-11
0.00000e+00,0.00000e+00,0.00000e+00,0.00000e+00,0.00000e+00,0.00000e+00,0.00000e+00,0.00000e+00,0.00000e+00,0.00000e+00,1.09465e-14,2.75829e-13,4.37354e-16,3.77162e-15,1.71450e-14,5.74957e-12,1.25778e-10,2.59915e-13,2.12923e-12,8.83663e-12
0.00000e+00,0.00000e+00,0.00000e+00,0.00000e+00,0.00000e+00,0.00000e+00,0.00000e+00,0.00000e+00,0.00000e+00,0.00000e+00,1.71450e-14,4.27973e-13,6.90000e-16,1.09465e-14,2.20524e-14,8.83663e-12,1.90865e-10,4.03333e-13,5.74957e-12,1.12154e-11
0.00000e+00,0.00000e+00,0.00000e+00,0.00000e+00,0.00000e+00,0.00000e+00,0.00000e+00,0.00000e+00,0.00000e+00,0.00000e+00,2.20524e-14,5.44515e-13,8.95334e-16,1.71450e-14,2.56503e-14,1.12154e-11,2.39030e-10,5.17407e-13,8.83663e-12,1.29064e-11
0.00000e+00,0.00000e+00,0.00000e+00,0.00000e+00,0.00000e+00,0.00000e+00,0.00000e+00,0.00000e+00,0.00000e+00,0.00000e+00,2.56503e-14,6.26698e-13,1.05074e-15,2.20524e-14,2.81166e-14,1.29064e-11,2.71750e-10,6.01566e-13,1.12154e-11,1.40292e-11
0.00000e+00,0.00000e+00,0.00000e+00,0.00000e+00,0.00000e+00,0.00000e+00,0.00000e+00,0.00000e+00,0.00000e+00,0.00000e+00,2.81166e-14,6.80725e-13,1.16107e-15,2.56503e-14,2.97096e-14,1.40292e-11,2.92478e-10,6.59710e-13,1.29064e-11,1.47322e-11
0.00000e+00,0.00000e+00,0.00000e+00,0.00000e+00,0.00000e+00,0.00000e+00,0.00000e+00,0.00000e+00,0.00000e+00,0.00000e+00,2.97096e-14,7.14158e-13,1.23499e-15,2.81166e-14,3.06821e-14,1.47322e-11,3.04866e-10,6.97611e-13,1.40292e-11,1.51492e-11
0.00000e+00,0.00000e+00,0.00000e+00,0.00000e+00,0.00000e+00,0.00000e+00,0.00000e+00,0.00000e+00,0.00000e+00,0.00000e+00,3.06821e-14,7.33732e-13,1.28178e-15,2.97096e-14,3.12377e-14,1.51492e-11,3.11894e-10,7.20982e-13,1.47322e-11,1.53815e-11
0.00000e+00,0.00000e+00,0.00000e+00,0.00000e+00,0.00000e+00,0.00000e+00,0.00000e+00,0.00000e+00,0.00000e+00,0.00000e+00,3.12377e-14,7.44494e-13,1.30941e-15,3.06821e-14,3.15174e-14,1.53815e-11,3.15656e-10,7.34470e-13,1.51492e-11,1.54962e-11
0.00000e+00,0.00000e+00,0.00000e+00,0.00000e+00,0.00000e+00,0.00000e+00,0.00000e+00,0.00000e+00,0.00000e+00,0.00000e+00,3.15174e-14,7.49749e-13,1.32369e-15,3.12377e-14,3.16020e-14,1.54962e-11,3.17456e-10,7.41320e-13,1.53815e-11,1.55305e-11
0.00000e+00,0.00000e+00,0.00000e+00,0.00000e+00,0.00000e+00,0.00000e+00,0.00000e+00,0.00000e+00,0.00000e+00,0.00000e+00,3.16020e-14,7.51310e-13,1.32807e-15,3.15174e-14,3.15175e-14,1.55305e-11,3.17985e-10,7.43402e-13,1.54962e-11,1.54962e-11
0.00000e+00,0.00000e+00,0.00000e+00,0.00000e+00,0.00000e+00,0.00000e+00,0.00000e+00,0.00000e+00,0.00000e+00,0.00000e+00,3.15175e-14,7.49750e-13,1.32369e-15,3.16020e-14,3.12378e-14,1.54962e-11,3.17456e-10,7.41320e-13,1.55305e-11,1.53815e-11
0.00000e+00,0.00000e+00,0.00000e+00,0.00000e+00,0.00000e+00,0.00000e+00,0.00000e+00,0.00000e+00,0.00000e+00,0.00000e+00,3.12378e-14,7.44497e-13,1.30942e-15,3.15175e-14,3.06824e-14,1.53815e-11,3.15656e-10,7.34471e-13,1.54962e-11,1.51492e-11
0.00000e+00,0.00000e+00,0.00000e+00,0.00000e+00,0.00000e+00,0.00000e+00,0.00000e+00,0.00000e+00,0.00000e+00,0.00000e+00,3.06824e-14,7.33737e-13,1.28179e-15,3.12378e-14,2.97100e-14,1.51492e-11,3.11894e-10,7.20983e-13,1.53815e-11,1.47323e-11
0.00000e+00,0.00000e+00,0.00000e+00,0.00000e+00,0.00000e+00,0.00000e+00,0.00000e+00,0.00000e+00,0.00000e+00,0.00000e+00,2.97100e-14,7.14165e-13,1.23502e-15,3.06824e-14,2.81172e-14,1.47323e-11,3.04866e-10,6.97613e-13,1.51492e-11,1.40293e-11
0.00000e+00,0.00000e+00,0.00000e+00,0.00000e+00,0.00000e+00,0.00000e+00,0.00000e+00,0.00000e+00,0.00000e+00,0.00000e+00,2.81172e-14,6.80735e-13,1.16110e-15,2.97100e-14,2.56510e-14,1.40293e-11,2.92478e-10,6.59713e-13,1.47323e-11,1.29065e-11
0.00000e+00,0.00000e+00,0.00000e+00,0.00000e+00,0.00000e+00,0.00000e+00,0.00000e+00,0.00000e+00,0.00000e+00,0.00000e+00,2.56510e-14,6.26711e-13,1.05077e-15,2.81172e-14,2.20532e-14,1.29065e-11,2.71750e-10,6.01569e-13,1.40293e-11,1.12154e-11
0.00000e+00,0.00000e+00,0.00000e+00,0.00000e+00,0.00000e+00,0.00000e+00,0.00000e+00,0.00000e+00,0.00000e+00,0.00000e+00,2.20532e-14,5.44529e-13,8.95375e-16,2.56510e-14,1.71457e-14,1.12154e-11,2.39030e-10,5.17410e-13,1.29065e-11,8.83667e-12
0.00000e+00,0.00000e+00,0.00000e+00,0.00000e+00,0.00000e+00,0.00000e+00,0.00000e+00,0.00000e+00,0.00000e+00,0.00000e+00,1.71457e-14,4.27987e-13,6.90039e-16,2.20532e-14,1.09471e-14,8.83667e-12,1.90866e-10,4.03336e-13,1.12154e-11,5.74960e-12
0.00000e+00,0.00000e+00,0.00000e+00,0.00000e+00,0.00000e+00,0.00000e+00,0.00000e+00,0.00000e+00,0.00000e+00,0.00000e+00,1.09471e-14,2.75840e-13,4.37384e-16,1.71457e-14,3.77186e-15,5.74960e-12,1.25778e-10,2.59917e-13,8.83667e-12,2.12925e-12
0.00000e+00,0.00000e+00,0.00000e+00,0.00000e+00,0.00000e+00,0.00000e+00,0.00000e+00,0.00000e+00,0.00000e+00,0.00000e+00,4.37354e-16,1.09465e-14,1.75692e-17,1.50058e-16,6.90000e-16,2.59915e-13,5.74957e-12,1.16519e-14,9.53120e-14,4.03333e-13
0.00000e+00,0.00000e+00,0.00000e+00,0.00000e+00,0.00000e+00,0.00000e+00,0.00000e+00,0.00000e+00,0.00000e+00,0.00000e+00,6.90000e-16,1.71450e-14,2.78783e-17,4.37354e-16,8.95334e-16,4.03333e-13,8.83663e-12,1.82175e-14,2.59915e-13,5.17407e-13
0.00000e+00,0.00000e+00,0.00000e+00,0.00000e+00,0.00000e+00,0.00000e+00,0.00000e+00,0.00000e+00,0.00000e+00,0.00000e+00,8.95334e-16,2.20524e-14,3.64359e-17,6.90000e-16,1.05074e-15,5.17407e-13,1.12154e-11,2.35734e-14,4.03333e-13,6.01566e-13
0.00000e+00,0.00000e+00,0.00000e+00,0.00000e+00,0.00000e+00,0.00000e+00,0.00000e+00,0.00000e+00,0.00000e+00,0.00000e+00,1.05074e-15,2.56503e-14,4.30852e-17,8.95334e-16,1.16107e-15,6.01566e-13,1.29064e-11,2.76473e-14,5.17407e-13,6.59710e-13
0.00000e+00,0.00000e+00,0.00000e+00,0.00000e+00,0.00000e+00,0.00000e+00,0.00000e+00,0.00000e+00,0.00000e+00,0.00000e+00,1.16107e-15,2.81166e-14,4.79481e-17,1.05074e-15,1.23499e-15,6.59710e-13,1.40292e-11,3.05581e-14,6.01566e-13,6.97611e-13
0.00000e+00,0.00000e+00,0.00000e+00,0.00000e+00,0.00000e+00,0.00000e+00,0.00000e+00,0.00000e+00,0.00000e+00,0.00000e+00,1.23499e-15,2.97096e-14,5.13094e-17,1.16107e-15,1.28178e-15,6.97611e-13,1.47322e-11,3.25224e-14,6.59710e-13,7.20982e-13
0.00000e+00,0.00000e+00,0.00000e+00,0.00000e+00,0.00000e+00,0.00000e+00,0.00000e+00,0.00000e+00,0.00000e+00,0.00000e+00,1.28178e-15,3.06821e-14,5.35040e-17,1.23499e-15,1.30941e-15,7.20982e-13,1.51492e-11,3.37756e-14,6.97611e-13,7.34470e-13
0.00000e+00,0.00000e+00,0.00000e+00,0.00000e+00,0.00000e+00,0.00000e+00,0.00000e+00,0.00000e+00,0.00000e+00,0.00000e+00,1.30941e-15,3.12377e-14,5.48375e-17,1.28178e-15,1.32369e-15,7.34470e-13,1.53815e-11,3.45215e-14,7.20982e-13,7.41320e-13
0.00000e+00,0.00000e+00,0.00000e+00,0.00000e+00,0.00000e+00,0.00000e+00,0.00000e+00,0.00000e+00,0.00000e+00,0.00000e+00,1.32369e-15,3.15174e-14,5.55428e-17,1.30941e-15,1.32807e-15,7.41320e-13,1.54962e-11,3.49097e-14,7.34470e-13,7.43402e-13
0.00000e+00,0.00000e+00,0.00000e+00,0.00000e+00,0.00000e+00,0.00000e+00,0.00000e+00,0.00000e+00,0.00000e+00,0.00000e+00,1.32807e-15,3.16020e-14,5.57621e-17,1.32369e-15,1.32369e-15,7.43402e-13,1.55305e-11,3.50293e-14,7.41320e-13,7.41320e-13
0.00000e+00,0.00000e+00,0.00000e+00,0.00000e+00,0.00000e+00,0.00000e+00,0.00000e+00,0.00000e+00,0.00000e+00,0.00000e+00,1.32369e-15,3.15175e-14,5.55430e-17,1.32807e-15,1.30942e-15,7.41320e-13,1.54962e-11,3.49097e-14,7.43402e-13,7.34471e-13
0.00000e+00,0.00000e+00,0.00000e+00,0.00000e+00,0.00000e+00,0.00000e+00,0.00000e+00,0.00000e+00,0.00000e+00,0.00000e+00,1.30942e-15,3.12378e-14,5.48381e-17,1.32369e-15,1.28179e-15,7.34471e-13,1.53815e-11,3.45216e-14,7.41320e-13,7.20983e-13
0.00000e+00,0.00000e+00,0.00000e+00,0.00000e+00,0.00000e+00,0.00000e+00,0.00000e+00,0.00000e+00,0.00000e+00,0.00000e+00,1.28179e-15,3.06824e-14,5.35049e-17,1.30942e-15,1.23502e-15,7.20983e-13,1.51492e-11,3.37757e-14,7.34471e-13,6.97613e-13
0.00000e+00,0.00000e+00,0.00000e+00,0.00000e+00,0.00000e+00,0.00000e+00,0.00000e+00,0.00000e+00,0.00000e+00,0.00000e+00,1.23502e-15,2.97100e-14,5.13106e-17,1.28179e-15,1.16110e-15,6.97613e-13,1.47323e-11,3.25225e-14,7.20983e-13,6.59713e-13
0.00000e+00,0.00000e+00,0.00000e+00,0.00000e+00,0.00000e+00,0.00000e+00,0.00000e+00,0.00000e+00,0.00000e+00,0.00000e+00,1.16110e-15,2.81172e-14,4.79496e-17,1.23502e-15,1.05077e-15,6.59713e-13,1.40293e-11,3.05582e-14,6.97613e-13,6.01569e-13
0.00000e+00,0.00000e+00,0.00000e+00,0.00000e+00,0.00000e+00,0.00000e+00,0.00000e+00,0.00000e+00,0.00000e+00,0.00000e+00,1.05077e-15,2.56510e-14,4.30870e-17,1.16110e-15,8.95375e-16,6.01569e-13,1.29065e-11,2.76475e-14,6.59713e-13,5.17410e-13
0.00000e+00,0.00000e+00,0.00000e+00,0.00000e+00,0.00000e+00,0.00000e+00,0.00000e+00,0.00000e+00,0.00000e+00,0.00000e+00,8.95375e-16,2.20532e-14,3.64379e-17,1.05077e-15,6.90039e-16,5.17410e-13,1.12154e-11,2.35736e-14,6.01569e-13,4.03336e-13
0.00000e+00,0.00000e+00,0.00000e+00,0.00000e+00,0.00000e+00,0.00000e+00,0.00000e+00,0.00000e+00,0.00000e+00,0.00000e+00,6.90039e-16,1.71457e-14,2.78803e-17,8.95375e-16,4.37384e-16,4.03336e-13,8.83667e-12,1.82177e-14,5.17410e-13,2.59917e-13
0.00000e+00,0.00000e+00,0.00000e+00,0.00000e+00,0.00000e+00,0.00000e+00,0.00000e+00,0.00000e+00,0.00000e+00,0.00000e+00,4.37384e-16,1.09471e-14,1.75707e-17,6.90039e-16,1.50070e-16,2.59917e-13,5.74960e-12,1.16520e-14,4.03336e-13,9.53131e-14
0.00000e+00,0.00000e+00,0.00000e+00,0.00000e+00,0.00000e+00,0.00000e+00,0.00000e+00,0.00000e+00,0.00000e+00,0.00000e+00,1.75692e-17,4.37354e-16,7.08941e-19,6.00857e-18,2.78783e-17,1.16519e-14,2.59915e-13,5.18955e-16,4.24004e-15,1.82175e-14
0.00000e+00,0.00000e+00,0.00000e+00,0.00000e+00,0.00000e+00,0.00000e+00,0.00000e+00,0.00000e+00,0.00000e+00,0.00000e+00,2.78783e-17,6.90000e-16,1.13018e-18,1.75692e-17,3.64359e-17,1.82175e-14,4.03333e-13,8.16262e-16,1.16519e-14,2.35734e-14
0.00000e+00,0.00000e+00,0.00000e+00,0.00000e+00,0.00000e+00,0.00000e+00,0.00000e+00,0.00000e+00,0.00000e+00,0.00000e+00,3.64359e-17,8.95334e-16,1.48597e-18,2.78783e-17,4.30852e-17,2.35734e-14,5.17407e-13,1.06380e-15,1.82175e-14,2.76473e-14
0.00000e+00,0.00000e+00,0.00000e+00,0.00000e+00,0.00000e+00,0.00000e+00,0.00000e+00,0.00000e+00,0.00000e+00,0.00000e+00,4.30852e-17,1.05074e-15,1.76855e-18,3.64359e-17,4.79481e-17,2.76473e-14,6.01566e-13,1.25693e-15,2.35734e-14,3.05581e-14
0.00000e+00,0.00000e+00,0.00000e+00,0.00000e+00,0.00000e+00,0.00000e+00,0.00000e+00,0.00000e+00,0.00000e+00,0.00000e+00,4.79481e-17,1.16107e-15,1.98047e-18,4.30852e-17,5.13094e-17,3.05581e-14,6.59710e-13,1.39890e-15,2.76473e-14,3.25224e-14
0.00000e+00,0.00000e+00,0.00000e+00,0.00000e+00,0.00000e+00,0.00000e+00,0.00000e+00,0.00000e+00,0.00000e+00,0.00000e+00,5.13094e-17,1.23499e-15,2.13094e-18,4.79481e-17,5.35040e-17,3.25224e-14,6.97611e-13,1.49761e-15,3.05581e-14,3.37756e-14
0.00000e+00,0.00000e+00,0.00000e+00,0.00000e+00,0.00000e+00,0.00000e+00,0.00000e+00,0.00000e+00,0.00000e+00,0.00000e+00,5.35040e-17,1.28178e-15,2.23184e-18,5.13094e-17,5.48375e-17,3.37756e-14,7.20982e-13,1.56248e-15,3.25224e-14,3.45215e-14
0.00000e+00,0.00000e+00,0.00000e+00,0.00000e+00,0.00000e+00,0.00000e+00,0.00000e+00,0.00000e+00,0.00000e+00,0.00000e+00,5.48375e-17,1.30941e-15,2.29468e-18,5.35040e-17,5.55428e-17,3.45215e-14,7.34470e-13,1.60214e-15,3.37756e-14,3.49097e-14
0.00000e+00,0.00000e+00,0.00000e+00,0.00000e+00,0.00000e+00,0.00000e+00,0.00000e+00,0.00000e+00,0.00000e+00,0.00000e+00,5.55428e-17,1.32369e-15,2.32856e-18,5.48375e-17,5.57621e-17,3.49097e-14,7.41320e-13,1.62323e-15,3.45215e-14,3.50293e-14
0.00000e+00,0.00000e+00,0.00000e+00,0.00000e+00,0.00000e+00,0.00000e+00,0.00000e+00,0.00000e+00,0.00000e+00,0.00000e+00,5.57621e-17,1.32807e-15,2.33922e-18,5.55428e-17,5.55430e-17,3.50293e-14,7.43402e-13,1.62980e-15,3.49097e-14,3.49097e-14
0.00000e+00,0.00000e+00,0.00000e+00,0.00000e+00,0.00000e+00,0.00000e+00,0.00000e+00,0.00000e+00,0.00000e+00,0.00000e+00,5.55430e-17,1.32369e-15,2.32858e-18,5.57621e-17,5.48381e-17,3.49097e-14,7.41320e-13,1.62323e-15,3.50293e-14,3.45216e-14
0.00000e+00,0.00000e+00,0.00000e+00,0.00000e+00,0.00000e+00,0.00000e+00,0.00000e+00,0.00000e+00,0.00000e+00,0.00000e+00,5.48381e-17,1.30942e-15,2.29471e-18,5.55430e-17,5.35049e-17,3.45216e-14,7.34471e-13,1.60215e-15,3.49097e-14,3.37757e-14
0.00000e+00,0.00000e+00,0.00000e+00,0.00000e+00,0.00000e+00,0.00000e+00,0.00000e+00,0.00000e+00,0.00000e+00,0.00000e+00,5.35049e-17,1.28179e-15,2.23188e-18,5.48381e-17,5.13106e-17,3.37757e-14,7.20983e-13,1.56249e-15,3.45216e-14,3.25225e-14
0.00000e+00,0.00000e+00,0.00000e+00,0.00000e+00,0.00000e+00,0.00000e+00,0.00000e+00,0.00000e+00,0.00000e+00,0.00000e+00,5.13106e-17,1.23502e-15,2.13100e-18,5.35049e-17,4.79496e-17,3.25225e-14,6.97613e-13,1.49762e-15,3.37757e-14,3.05582e-14
0.00000e+00,0.00000e+00,0.00000e+00,0.00000e+00,0.00000e+00,0.00000e+00,0.00000e+00,0.00000e+00,0.00000e+00,0.00000e+00,4.79496e-17,1.16110e-15,1.98055e-18,5.13106e-17,4.30870e-17,3.05582e-14,6.59713e-13,1.39891e-15,3.25225e-14,2.76475e-14
0.00000e+00,0.00000e+00,0.00000e+00,0.00000e+00,0.00000e+00,0.00000e+00,0.00000e+00,0.00000e+00,0.00000e+00,0.00000e+00,4.30870e-17,1.05077e-15,1.76864e-18,4.79496e-17,3.64379e-17,2.76475e-14,6.01569e-13,1.25694e-15,3.05582e-14,2.35736e-14
0.00000e+00,0.00000e+00,0.00000e+00,0.00000e+00,0.00000e+00,0.00000e+00,0.00000e+00,0.00000e+00,0.00000e+00,0.00000e+00,3.64379e-17,8.95375e-16,1.48606e-18,4.30870e-17,2.78803e-17,2.35736e-14,5.17410e-13,1.06381e-15,2.76475e-14,1.82177e-14
0.00000e+00,0.00000e+00,0.00000e+00,0.00000e+00,0.00000e+00,0.00000e+00,0.00000e+00,0.00000e+00,0.00000e+00,0.00000e+00,2.78803e-17,6.90039e-16,1.13028e-18,3.64379e-17,1.75707e-17,1.82177e-14,4.03336e-13,8.16274e-16,2.35736e-14,1.16520e-14
0.00000e+00,0.00000e+00,0.00000e+00,0.00000e+00,0.00000e+00,0.00000e+00,0.00000e+00,0.00000e+00,0.00000e+00,0.00000e+00,1.75707e-17,4.37384e-16,7.09011e-19,2.78803e-17,6.00915e-18,1.16520e-14,2.59917e-13,5.18964e-16,1.82177e-14,4.24010e-15
0.00000e+00,0.00000e+00,0.00000e+00,0.00000e+00,0.00000e+00,0.00000e+00,0.00000e+00,0.00000e+00,0.00000e+00,0.00000e+00,7.08941e-19,1.75692e-17,2.87133e-20,2.41831e-19,1.13018e-18,5.18955e-16,1.16519e-14,2.29926e-17,1.87670e-16,8.16262e-16
0.00000e+00,0.00000e+00,0.00000e+00,0.00000e+00,0.00000e+00,0.00000e+00,0.00000e+00,0.00000e+00,0.00000e+00,0.00000e+00,1.13018e-18,2.78783e-17,4.59507e-20,7.08941e-19,1.48597e-18,8.16262e-16,1.82175e-14,3.63427e-17,5.18955e-16,1.06380e-15
0.00000e+00,0.00000e+00,0.00000e+00,0.00000e+00,0.00000e+00,0.00000e+00,0.00000e+00,0.00000e+00,0.00000e+00,0.00000e+00,1.48597e-18,3.64359e-17,6.07206e-20,1.13018e-18,1.76855e-18,1.06380e-15,2.35734e-14,4.76464e-17,8.16262e-16,1.25693e-15
0.00000e+00,0.00000e+00,0.00000e+00,0.00000e+00,0.00000e+00,0.00000e+00,0.00000e+00,0.00000e+00,0.00000e+00,0.00000e+00,1.76855e-18,4.30852e-17,7.26708e-20,1.48597e-18,1.98047e-18,1.25693e-15,2.76473e-14,5.66550e-17,1.06380e-15,1.39890e-15
0.00000e+00,0.00000e+00,0.00000e+00,0.00000e+00,0.00000e+00,0.00000e+00,0.00000e+00,0.00000e+00,0.00000e+00,0.00000e+00,1.98047e-18,4.79481e-17,8.18270e-20,1.76855e-18,2.13094e-18,1.39890e-15,3.05581e-14,6.34397e-17,1.25693e-15,1.49761e-15
0.00000e+00,0.00000e+00,0.00000e+00,0.00000e+00,0.00000e+00,0.00000e+00,0.00000e+00,0.00000e+00,0.00000e+00,0.00000e+00,2.13094e-18,5.13094e-17,8.84793e-20,1.98047e-18,2.23184e-18,1.49761e-15,3.25224e-14,6.82804e-17,1.39890e-15,1.56248e-15
0.00000e+00,0.00000e+00,0.00000e+00,0.00000e+00,0.00000e+00,0.00000e+00,0.00000e+00,0.00000e+00,0.00000e+00,0.00000e+00,2.23184e-18,5.35040e-17,9.30449e-20,2.13094e-18,2.29468e-18,1.56248e-15,3.37756e-14,7.15437e-17,1.49761e-15,1.60214e-15
0.00000e+00,0.00000e+00,0.00000e+00,0.00000e+00,0.00000e+00,0.00000e+00,0.00000e+00,0.00000e+00,0.00000e+00,0.00000e+00,2.29468e-18,5.48375e-17,9.59489e-20,2.23184e-18,2.32856e-18,1.60214e-15,3.45215e-14,7.35863e-17,1.56248e-15,1.62323e-15
0.00000e+00,0.00000e+00,0.00000e+00,0.00000e+00,0.00000e+00,0.00000e+00,0.00000e+00,0.00000e+00,0.00000e+00,0.00000e+00,2.32856e-18,5.55428e-17,9.75410e-20,2.29468e-18,2.33922e-18,1.62323e-15,3.49097e-14,7.46923e-17,1.60214e-15,1.62980e-15
0.00000e+00,0.00000e+00,0.00000e+00,0.00000e+00,0.00000e+00,0.00000e+00,0.00000e+00,0.00000e+00,0.00000e+00,0.00000e+00,2.33922e-18,5.57621e-17,9.80462e-20,2.32856e-18,2.32858e-18,1.62980e-15,3.50293e-14,7.50407e-17,1.62323e-15,1.62323e-15
0.00000e+00,0.00000e+00,0.00000e+00,0.00000e+00,0.00000e+00,0.00000e+00,0.00000e+00,0.00000e+00,0.00000e+00,0.00000e+00,2.32858e-18,5.55430e-17,9.75418e-20,2.33922e-18,2.29471e-18,1.62323e-15,3.49097e-14,7.46924e-17,1.62980e-15,1.60215e-15
0.00000e+00,0.00000e+00,0.00000e+00,0.00000e+00,0.00000e+00,0.00000e+00,0.00000e+00,0.00000e+00,0.00000e+00,0.00000e+00,2.29471e-18,5.48381e-17,9.59504e-20,2.32858e-18,2.23188e-18,1.60215e-15,3.45216e-14,7.35865e-17,1.62323e-15,1.56249e-15
0.00000e+00,0.00000e+00,0.00000e+00,0.00000e+00,0.00000e+00,0.00000e+00,0.00000e+00,0.00000e+00,0.00000e+00,0.00000e+00,2.23188e-18,5.35049e-17,9.30472e-20,2.29471e-18,2.13100e-18,1.56249e-15,3.37757e-14,7.15441e-17,1.60215e-15,1.49762e-15
0.00000e+00,0.00000e+00,0.00000e+00,0.00000e+00,0.00000e+00,0.00000e+00,0.00000e+00,0.00000e+00,0.00000e+00,0.00000e+00,2.13100e-18,5.13106e-17,8.84824e-20,2.23188e-18,1.98055e-18,1.49762e-15,3.25225e-14,6.82809e-17,1.56249e-15,1.39891e-15
0.00000e+00,0.00000e+00,0.00000e+00,0.00000e+00,0.00000e+00,0.00000e+00,0.00000e+00,0.00000e+00,0.00000e+00,0.00000e+00,1.98055e-18,4.79496e-17,8.18309e-20,2.13100e-18,1.76864e-18,1.39891e-15,3.05582e-14,6.34403e-17,1.49762e-15,1.25694e-15
0.00000e+00,0.00000e+00,0.00000e+00,0.00000e+00,0.00000e+00,0.00000e+00,0.00000e+00,0.00000e+00,0.00000e+00,0.00000e+00,1.76864e-18,4.30870e-17,7.26752e-20,1.98055e-18,1.48606e-18,1.25694e-15,2.76475e-14,5.66557e-17,1.39891e-15,1.06381e-15
0.00000e+00,0.00000e+00,0.00000e+00,0.00000e+00,0.00000e+00,0.00000e+00,0.00000e+00,0.00000e+00,0.00000e+00,0.00000e+00,1.48606e-18,3.64379e-17,6.07254e-20,1.76864e-18,1.13028e-18,1.06381e-15,2.35736e-14,4.76471e-17,1.25694e-15,8.16274e-16
0.00000e+00,0.00000e+00,0.00000e+00,0.00000e+00,0.00000e+00,0.00000e+00,0.00000e+00,0.00000e+00,0.00000e+00,0.00000e+00,1.13028e-18,2.78803e-17,4.59552e-20,1.48606e-18,7.09011e-19,8.16274e-16,1.82177e-14,3.63433e-17,1.06381e-15,5.18964e-16
0.00000e+00,0.00000e+00,0.00000e+00,0.00000e+00,0.00000e+00,0.00000e+00,0.00000e+00,0.00000e+00,0.00000e+00,0.00000e+00,7.09011e-19,1.75707e-17,2.87167e-20,1.13028e-18,2.41858e-19,5.18964e-16,1.16520e-14,2.29930e-17,8.16274e-16,1.87674e-16
0.00000e+00,0.00000e+00,0.00000e+00,0.00000e+00,0.00000e+00,0.00000e+00,0.00000e+00,0.00000e+00,0.00000e+00,0.00000e+00,2.87133e-20,7.08941e-19,1.16659e-21,9.77406e-21,4.59507e-20,2.29926e-17,5.18955e-16,1.01431e-18,8.27189e-18,3.63427e-17
0.00000e+00,0.00000e+00,0.00000e+00,0.00000e+00,0.00000e+00,0.00000e+00,0.00000e+00,0.00000e+00,0.00000e+00,0.00000e+00,4.59507e-20,1.13018e-18,1.87296e-21,2.87133e-20,6.07206e-20,3.63427e-17,8.16262e-16,1.60981e-18,2.29926e-17,4.76464e-17
0.00000e+00,0.00000e+00,0.00000e+00,0.00000e+00,0.00000e+00,0.00000e+00,0.00000e+00,0.00000e+00,0.00000e+00,0.00000e+00,6.07206e-20,1.48597e-18,2.48558e-21,4.59507e-20,7.26708e-20,4.76464e-17,1.06380e-15,2.12112e-18,3.63427e-17,5.66550e-17
0.00000e+00,0.00000e+00,0.00000e+00,0.00000e+00,0.00000e+00,0.00000e+00,0.00000e+00,0.00000e+00,0.00000e+00,0.00000e+00,7.26708e-20,1.76855e-18,2.98911e-21,6.07206e-20,8.18270e-20,5.66550e-17,1.25693e-15,2.53600e-18,4.76464e-17,6.34397e-17
0.00000e+00,0.00000e+00,0.00000e+00,0.00000e+00,0.00000e+00,0.00000e+00,0.00000e+00,0.00000e+00,0.00000e+00,0.00000e+00,8.18270e-20,1.98047e-18,3.38206e-21,7.26708e-20,8.84793e-20,6.34397e-17,1.39890e-15,2.85501e-18,5.66550e-17,6.82804e-17
0.00000e+00,0.00000e+00,0.00000e+00,0.00000e+00,0.00000e+00,0.00000e+00,0.00000e+00,0.00000e+00,0.00000e+00,0.00000e+00,8.84793e-20,2.13094e-18,3.67328e-21,8.18270e-20,9.30449e-20,6.82804e-17,1.49761e-15,3.08772e-18,6.34397e-17,7.15437e-17
0.00000e+00,0.00000e+00,0.00000e+00,0.00000e+00,0.00000e+00,0.00000e+00,0.00000e+00,0.00000e+00,0.00000e+00,0.00000e+00,9.30449e-20,2.23184e-18,3.87717e-21,8.84793e-20,9.59489e-20,7.15437e-17,1.56248e-15,3.24813e-18,6.82804e-17,7.35863e-17
0.00000e+00,0.00000e+00,0.00000e+00,0.00000e+00,0.00000e+00,0.00000e+00,0.00000e+00,0.00000e+00,0.00000e+00,0.00000e+00,9.59489e-20,2.29468e-18,4.00925e-21,9.30449e-20,9.75410e-20,7.35863e-17,1.60214e-15,3.35058e-18,7.15437e-17,7.46923e-17
0.00000e+00,0.00000e+00,0.00000e+00,0.00000e+00,0.00000e+00,0.00000e+00,0.00000e+00,0.00000e+00,0.00000e+00,0.00000e+00,9.75410e-20,2.32856e-18,4.08270e-21,9.59489e-20,9.80462e-20,7.46923e-17,1.62323e-15,3.40694e-18,7.35863e-17,7.50407e-17
0.00000e+00,0.00000e+00,0.00000e+00,0.00000e+00,0.00000e+00,0.00000e+00,0.00000e+00,0.00000e+00,0.00000e+00,0.00000e+00,9.80462e-20,2.33922e-18,4.10619e-21,9.75410e-20,9.75418e-20,7.50407e-17,1.62980e-15,3.42485e-18,7.46923e-17,7.46924e-17
0.00000e+00,0.00000e+00,0.00000e+00,0.00000e+00,0.00000e+00,0.00000e+00,0.00000e+00,0.00000e+00,0.00000e+00,0.00000e+00,9.75418e-20,2.32858e-18,4.08274e-21,9.80462e-20,9.59504e-20,7.46924e-17,1.62323e-15,3.40694e-18,7.50407e-17,7.35865e-17
0.00000e+00,0.00000e+00,0.00000e+00,0.00000e+00,0.00000e+00,0.00000e+00,0.00000e+00,0.00000e+00,0.00000e+00,0.00000e+00,9.59504e-20,2.29471e-18,4.00933e-21,9.75418e-20,9.30472e-20,7.35865e-17,1.60215e-15,3.35059e-18,7.46924e-17,7.15441e-17
0.00000e+00,0.00000e+00,0.00000e+00,0.00000e+00,0.00000e+00,0.00000e+00,0.00000e+00,0.00000e+00,0.00000e+00,0.00000e+00,9.30472e-20,2.23188e-18,3.87730e-21,9.59504e-20,8.84824e-20,7.15441e-17,1.56249e-15,3.24815e-18,7.35865e-17,6.82809e-17
0.00000e+00,0.00000e+00,0.00000e+00,0.00000e+00,0.00000e+00,0.00000e+00,0.00000e+00,0.00000e+00,0.00000e+00,0.00000e+00,8.84824e-20,2.13100e-18,3.67344e-21,9.30472e-20,8.18309e-20,6.82809e-17,1.49762e-15,3.08775e-18,7.15441e-17,6.34403e-17
0.00000e+00,0.00000e+00,0.00000e+00,0.00000e+00,0.00000e+00,0.00000e+00,0.00000e+00,0.00000e+00,0.00000e+00,0.00000e+00,8.18309e-20,1.98055e-18,3.38226e-21,8.84824e-20,7.26752e-20,6.34403e-17,1.39891e-15,2.85504e-18,6.82809e-17,5.66557e-17
0.00000e+00,0.00000e+00,0.00000e+00,0.00000e+00,0.00000e+00,0.00000e+00,0.00000e+00,0.00000e+00,0.00000e+00,0.00000e+00,7.26752e-20,1.76864e-18,2.98933e-21,8.18309e-20,6.07254e-20,5.66557e-17,1.25694e-15,2.53604e-18,6.34403e-17,4.76471e-17
0.00000e+00,0.00000e+00,0.00000e+00,0.00000e+00,0.00000e+00,0.00000e+00,0.00000e+00,0.00000e+00,0.00000e+00,0.00000e+00,6.07254e-20,1.48606e-18,2.48582e-21,7.26752e-20,4.59552e-20,4.76471e-17,1.06381e-15,2.12116e-18,5.66557e-17,3.63433e-17
0.00000e+00,0.00000e+00,0.00000e+00,0.00000e+00,0.00000e+00,0.00000e+00,0.00000e+00,0.00000e+00,0.00000e+00,0.00000e+00,4.59552e-20,1.13028e-18,1.87318e-21,6.07254e-20,2.87167e-20,3.63433e-17,8.16274e-16,1.60984e-18,4.76471e-17,2.29930e-17
0.00000e+00,0.00000e+00,0.00000e+00,0.00000e+00,0.00000e+00,0.00000e+00,0.00000e+00,0.00000e+00,0.00000e+00,0.00000e+00,2.87167e-20,7.09011e-19,1.16676e-21,4.59552e-20,9.77538e-21,2.29930e-17,5.18964e-16,1.01434e-18,3.63433e-17,8.27208e-18
0.00000e+00,0.00000e+00,0.00000e+00,0.00000e+00,0.00000e+00,0.00000e+00,0.00000e+00,0.00000e+00,0.00000e+00,0.00000e+00,1.16659e-21,2.87133e-20,4.75248e-23,3.96421e-22,1.87296e-21,1.01431e-18,2.29926e-17,4.45848e-20,3.63317e-19,1.60981e-18
0.00000e+00,0.00000e+00,0.00000e+00,0.00000e+00,0.00000e+00,0.00000e+00,0.00000e+00,0.00000e+00,0.00000e+00,0.00000e+00,1.87296e-21,4.59507e-20,7.65094e-23,1.16659e-21,2.48558e-21,1.60981e-18,3.63427e-17,7.10040e-20,1.01431e-18,2.12112e-18
0.00000e+00,0.00000e+00,0.00000e+00,0.00000e+00,0.00000e+00,0.00000e+00,0.00000e+00,0.00000e+00,0.00000e+00,0.00000e+00,2.48558e-21,6.07206e-20,1.01908e-22,1.87296e-21,2.98911e-21,2.12112e-18,4.76464e-17,9.39576e-20,1.60981e-18,2.53600e-18
0.00000e+00,0.00000e+00,0.00000e+00,0.00000e+00,0.00000e+00,0.00000e+00,0.00000e+00,0.00000e+00,0.00000e+00,0.00000e+00,2.98911e-21,7.26708e-20,1.23066e-22,2.48558e-21,3.38206e-21,2.53600e-18,5.66550e-17,1.12869e-19,2.12112e-18,2.85501e-18
0.00000e+00,0.00000e+00,0.00000e+00,0.00000e+00,0.00000e+00,0.00000e+00,0.00000e+00,0.00000e+00,0.00000e+00,0.00000e+00,3.38206e-21,8.18270e-20,1.39841e-22,2.98911e-21,3.67328e-21,2.85501e-18,6.34397e-17,1.27672e-19,2.53600e-18,3.08772e-18
0.00000e+00,0.00000e+00,0.00000e+00,0.00000e+00,0.00000e+00,0.00000e+00,0.00000e+00,0.00000e+00,0.00000e+00,0.00000e+00,3.67328e-21,8.84793e-20,1.52488e-22,3.38206e-21,3.87717e-21,3.08772e-18,6.82804e-17,1.38679e-19,2.85501e-18,3.24813e-18
0.00000e+00,0.00000e+00,0.00000e+00,0.00000e+00,0.00000e+00,0.00000e+00,0.00000e+00,0.00000e+00,0.00000e+00,0.00000e+00,3.87717e-21,9.30449e-20,1.61497e-22,3.67328e-21,4.00925e-21,3.24813e-18,7.15437e-17,1.46414e-19,3.08772e-18,3.35058e-18
0.00000e+00,0.00000e+00,0.00000e+00,0.00000e+00,0.00000e+00,0.00000e+00,0.00000e+00,0.00000e+00,0.00000e+00,0.00000e+00,4.00925e-21,9.59489e-20,1.67425e-22,3.87717e-21,4.08270e-21,3.35058e-18,7.35863e-17,1.51442e-19,3.24813e-18,3.40694e-18
0.00000e+00,0.00000e+00,0.00000e+00,0.00000e+00,0.00000e+00,0.00000e+00,0.00000e+00,0.00000e+00,0.00000e+00,0.00000e+00,4.08270e-21,9.75410e-20,1.70763e-22,4.00925e-21,4.10619e-21,3.40694e-18,7.46923e-17,1.54245e-19,3.35058e-18,3.42485e-18
0.00000e+00,0.00000e+00,0.00000e+00,0.00000e+00,0.00000e+00,0.00000e+00,0.00000e+00,0.00000e+00,0.00000e+00,0.00000e+00,4.10619e-21,9.80462e-20,1.71837e-22,4.08270e-21,4.08274e-21,3.42485e-18,7.50407e-17,1.55142e-19,3.40694e-18,3.40694e-18
0.00000e+00,0.00000e+00,0.00000e+00,0.00000e+00,0.00000e+00,0.00000e+00,0.00000e+00,0.00000e+00,0.00000e+00,0.00000e+00,4.08274e-21,9.75418e-20,1.70765e-22,4.10619e-21,4.00933e-21,3.40694e-18,7.46924e-17,1.54245e-19,3.42485e-18,3.35059e-18
0.00000e+00,0.00000e+00,0.00000e+00,0.00000e+00,0.00000e+00,0.00000e+00,0.00000e+00,0.00000e+00,0.00000e+00,0.00000e+00,4.00933e-21,9.59504e-20,1.67430e-22,4.08274e-21,3.87730e-21,3.35059e-18,7.35865e-17,1.51442e-19,3.40694e-18,3.24815e-18
0.00000e+00,0.00000e+00,0.00000e+00,0.00000e+00,0.00000e+00,0.00000e+00,0.00000e+00,0.00000e+00,0.00000e+00,0.00000e+00,3.87730e-21,9.30472e-20,1.61504e-22,4.00933e-21,3.67344e-21,3.24815e-18,7.15441e-17,1.46415e-19,3.35059e-18,3.08775e-18
0.00000e+00,0.00000e+00,0.00000e+00,0.00000e+00,0.00000e+00,0.00000e+00,0.00000e+00,0.00000e+00,0.00000e+00,0.00000e+00,3.67344e-21,8.84824e-20,1.52497e-22,3.87730e-21,3.38226e-21,3.08775e-18,6.82809e-17,1.38681e-19,3.24815e-18,2.85504e-18
0.00000e+00,0.00000e+00,0.00000e+00,0.00000e+00,0.00000e+00,0.00000e+00,0.00000e+00,0.00000e+00,0.00000e+00,0.00000e+00,3.38226e-21,8.18309e-20,1.39851e-22,3.67344e-21,2.98933e-21,2.85504e-18,6.34403e-17,1.27674e-19,3.08775e-18,2.53604e-18
0.00000e+00,0.00000e+00,0.00000e+00,0.00000e+00,0.00000e+00,0.00000e+00,0.00000e+00,0.00000e+00,0.00000e+00,0.00000e+00,2.98933e-21,7.26752e-20,1.23078e-22,3.38226e-21,2.48582e-21,2.53604e-18,5.66557e-17,1.12871e-19,2.85504e-18,2.12116e-18
0.00000e+00,0.00000e+00,0.00000e+00,0.00000e+00,0.00000e+00,0.00000e+00,0.00000e+00,0.00000e+00,0.00000e+00,0.00000e+00,2.48582e-21,6.07254e-20,1.01920e-22,2.98933e-21,1.87318e-21,2.12116e-18,4.76471e-17,9.39597e-20,2.53604e-18,1.60984e-18
0.00000e+00,0.00000e+00,0.00000e+00,0.00000e+00,0.00000e+00,0.00000e+00,0.00000e+00,0.00000e+00,0.00000e+00,0.00000e+00,1.87318e-21,4.59552e-20,7.65205e-23,2.48582e-21,1.16676e-21,1.60984e-18,3.63433e-17,7.10058e-20,2.12116e-18,1.01434e-18
0.00000e+00,0.00000e+00,0.00000e+00,0.00000e+00,0.00000e+00,0.00000e+00,0.00000e+00,0.00000e+00,0.00000e+00,0.00000e+00,1.16676e-21,2.87167e-20,4.75330e-23,1.87318e-21,3.96486e-22,1.01434e-18,2.29930e-17,4.45861e-20,1.60984e-18,3.63327e-19
0.00000e+00,0.00000e+00,0.00000e+00,0.00000e+00,0.00000e+00,0.00000e+00,0.00000e+00,0.00000e+00,0.00000e+00,0.00000e+00,4.75248e-23,1.16659e-21,1.94054e-24,1.61258e-23,7.65094e-23,4.45848e-20,1.01431e-18,1.95372e-21,1.59097e-20,7.10040e-20
0.00000e+00,0.00000e+00,0.00000e+00,0.00000e+00,0.00000e+00,0.00000e+00,0.00000e+00,0.00000e+00,0.00000e+00,0.00000e+00,7.65094e-23,1.87296e-21,3.13137e-24,4.75248e-23,1.01908e-22,7.10040e-20,1.60981e-18,3.12057e-21,4.45848e-20,9.39576e-20
0.00000e+00,0.00000e+00,0.00000e+00,0.00000e+00,0.00000e+00,0.00000e+00,0.00000e+00,0.00000e+00,0.00000e+00,0.00000e+00,1.01908e-22,2.48558e-21,4.18410e-24,7.65094e-23,1.23066e-22,9.39576e-20,2.12112e-18,4.14459e-21,7.10040e-20,1.12869e-19
0.00000e+00,0.00000e+00,0.00000e+00,0.00000e+00,0.00000e+00,0.00000e+00,0.00000e+00,0.00000e+00,0.00000e+00,0.00000e+00,1.23066e-22,2.98911e-21,5.07131e-24,1.01908e-22,1.39841e-22,1.12869e-19,2.53600e-18,4.99940e-21,9.39576e-20,1.27672e-19
0.00000e+00,0.00000e+00,0.00000e+00,0.00000e+00,0.00000e+00,0.00000e+00,0.00000e+00,0.00000e+00,0.00000e+00,0.00000e+00,1.39841e-22,3.38206e-21,5.78441e-24,1.23066e-22,1.52488e-22,1.27672e-19,2.85501e-18,5.67885e-21,1.12869e-19,1.38679e-19
0.00000e+00,0.00000e+00,0.00000e+00,0.00000e+00,0.00000e+00,0.00000e+00,0.00000e+00,0.00000e+00,0.00000e+00,0.00000e+00,1.52488e-22,3.67328e-21,6.33010e-24,1.39841e-22,1.61497e-22,1.38679e-19,3.08772e-18,6.19258e-21,1.27672e-19,1.46414e-19
0.00000e+00,0.00000e+00,0.00000e+00,0.00000e+00,0.00000e+00,0.00000e+00,0.00000e+00,0.00000e+00,0.00000e+00,0.00000e+00,1.61497e-22,3.87717e-21,6.72466e-24,1.52488e-22,1.67425e-22,1.46414e-19,3.24813e-18,6.55963e-21,1.38679e-19,1.51442e-19
0.00000e+00,0.00000e+00,0.00000e+00,0.00000e+00,0.00000e+00,0.00000e+00,0.00000e+00,0.00000e+00,0.00000e+00,0.00000e+00,1.67425e-22,4.00925e-21,6.98783e-24,1.61497e-22,1.70763e-22,1.51442e-19,3.35058e-18,6.80184e-21,1.46414e-19,1.54245e-19
0.00000e+00,0.00000e+00,0.00000e+00,0.00000e+00,0.00000e+00,0.00000e+00,0.00000e+00,0.00000e+00,0.00000e+00,0.00000e+00,1.70763e-22,4.08270e-21,7.13754e-24,1.67425e-22,1.71837e-22,1.54245e-19,3.40694e-18,6.93848e-21,1.51442e-19,1.55142e-19
0.00000e+00,0.00000e+00,0.00000e+00,0.00000e+00,0.00000e+00,0.00000e+00,0.00000e+00,0.00000e+00,0.00000e+00,0.00000e+00,1.71837e-22,4.10619e-21,7.18604e-24,1.70763e-22,1.70765e-22,1.55142e-19,3.42485e-18,6.98251e-21,1.54245e-19,1.54245e-19
0.00000e+00,0.00000e+00,0.00000e+00,0.00000e+00,0.00000e+00,0.00000e+00,0.00000e+00,0.00000e+00,0.00000e+00,0.00000e+00,1.70765e-22,4.08274e-21,7.13766e-24,1.71837e-22,1.67430e-22,1.54245e-19,3.40694e-18,6.93850e-21,1.55142e-19,1.51442e-19
0.00000e+00,0.00000e+00,0.00000e+00,0.00000e+00,0.00000e+00,0.00000e+00,0.00000e+00,0.00000e+00,0.00000e+00,0.00000e+00,1.67430e-22,4.00933e-21,6.98808e-24,1.70765e-22,1.61504e-22,1.51442e-19,3.35059e-18,6.80188e-21,1.54245e-19,1.46415e-19
0.00000e+00,0.00000e+00,0.00000e+00,0.00000e+00,0.00000e+00,0.00000e+00,0.00000e+00,0.00000e+00,0.00000e+00,0.00000e+00,1.61504e-22,3.87730e-21,6.72502e-24,1.67430e-22,1.52497e-22,1.46415e-19,3.24815e-18,6.55969e-21,1.51442e-19,1.38681e-19
0.00000e+00,0.00000e+00,0.00000e+00,0.00000e+00,0.00000e+00,0.00000e+00,0.00000e+00,0.00000e+00,0.00000e+00,0.00000e+00,1.52497e-22,3.67344e-21,6.33057e-24,1.61504e-22,1.39851e-22,1.38681e-19,3.08775e-18,6.19267e-21,1.46415e-19,1.27674e-19
0.00000e+00,0.00000e+00,0.00000e+00,0.00000e+00,0.00000e+00,0.00000e+00,0.00000e+00,0.00000e+00,0.00000e+00,0.00000e+00,1.39851e-22,3.38226e-21,5.78497e-24,1.52497e-22,1.23078e-22,1.27674e-19,2.85504e-18,5.67895e-21,1.38681e-19,1.12871e-19
0.00000e+00,0.00000e+00,0.00000e+00,0.00000e+00,0.00000e+00,0.00000e+00,0.00000e+00,0.00000e+00,0.00000e+00,0.00000e+00,1.23078e-22,2.98933e-21,5.07192e-24,1.39851e-22,1.01920e-22,1.12871e-19,2.53604e-18,4.99951e-21,1.27674e-19,9.39597e-20
0.00000e+00,0.00000e+00,0.00000e+00,0.00000e+00,0.00000e+00,0.00000e+00,0.00000e+00,0.00000e+00,0.00000e+00,0.00000e+00,1.01920e-22,2.48582e-21,4.18472e-24,1.23078e-22,7.65205e-23,9.39597e-20,2.12116e-18,4.14469e-21,1.12871e-19,7.10058e-20
0.00000e+00,0.00000e+00,0.00000e+00,0.00000e+00,0.00000e+00,0.00000e+00,0.00000e+00,0.00000e+00,0.00000e+00,0.00000e+00,7.65205e-23,1.87318e-21,3.13192e-24,1.01920e-22,4.75330e-23,7.10058e-20,1.60984e-18,3.12067e-21,9.39597e-20,4.45861e-20
0.00000e+00,0.00000e+00,0.00000e+00,0.00000e+00,0.00000e+00,0.00000e+00,0.00000e+00,0.00000e+00,0.00000e+00,0.00000e+00,4.75330e-23,1.16676e-21,1.94095e-24,7.65205e-23,1.61290e-23,4.45861e-20,1.01434e-18,1.95378e-21,7.10058e-20,1.59102e-20
0.00000e+00,0.00000e+00,0.00000e+00,0.00000e+00,0.00000e+00,0.00000e+00,0.00000e+00,0.00000e+00,0.00000e+00,0.00000e+00,1.94054e-24,4.75248e-23,7.93952e-26,6.57633e-25,3.13137e-24,1.95372e-21,4.45848e-20,8.53844e-23,6.94878e-22,3.12057e-21
0.00000e+00,0.00000e+00,0.00000e+00,0.00000e+00,0.00000e+00,0.00000e+00,0.00000e+00,0.00000e+00,0.00000e+00,0.00000e+00,3.13137e-24,7.65094e-23,1.28376e-25,1.94054e-24,4.18410e-24,3.12057e-21,7.10040e-20,1.36726e-22,1.95372e-21,4.14459e-21
0.00000e+00,0.00000e+00,0.00000e+00,0.00000e+00,0.00000e+00,0.00000e+00,0.00000e+00,0.00000e+00,0.00000e+00,0.00000e+00,4.18410e-24,1.01908e-22,1.72008e-25,3.13137e-24,5.07131e-24,4.14459e-21,9.39576e-20,1.82173e-22,3.12057e-21,4.99940e-21
0.00000e+00,0.00000e+00,0.00000e+00,0.00000e+00,0.00000e+00,0.00000e+00,0.00000e+00,0.00000e+00,0.00000e+00,0.00000e+00,5.07131e-24,1.23066e-22,2.09151e-25,4.18410e-24,5.78441e-24,4.99940e-21,1.12869e-19,2.20541e-22,4.14459e-21,5.67885e-21
0.00000e+00,0.00000e+00,0.00000e+00,0.00000e+00,0.00000e+00,0.00000e+00,0.00000e+00,0.00000e+00,0.00000e+00,0.00000e+00,5.78441e-24,1.39841e-22,2.39362e-25,5.07131e-24,6.33010e-24,5.67885e-21,1.27672e-19,2.51447e-22,4.99940e-21,6.19258e-21
0.00000e+00,0.00000e+00,0.00000e+00,0.00000e+00,0.00000e+00,0.00000e+00,0.00000e+00,0.00000e+00,0.00000e+00,0.00000e+00,6.33010e-24,1.52488e-22,2.62780e-25,5.78441e-24,6.72466e-24,6.19258e-21,1.38679e-19,2.75154e-22,5.67885e-21,6.55963e-21
0.00000e+00,0.00000e+00,0.00000e+00,0.00000e+00,0.00000e+00,0.00000e+00,0.00000e+00,0.00000e+00,0.00000e+00,0.00000e+00,6.72466e-24,1.61497e-22,2.79933e-25,6.33010e-24,6.98783e-24,6.55963e-21,1.46414e-19,2.92339e-22,6.19258e-21,6.80184e-21
0.00000e+00,0.00000e+00,0.00000e+00,0.00000e+00,0.00000e+00,0.00000e+00,0.00000e+00,0.00000e+00,0.00000e+00,0.00000e+00,6.98783e-24,1.67425e-22,2.91509e-25,6.72466e-24,7.13754e-24,6.80184e-21,1.51442e-19,3.03828e-22,6.55963e-21,6.93848e-21
0.00000e+00,0.00000e+00,0.00000e+00,0.00000e+00,0.00000e+00,0.00000e+00,0.00000e+00,0.00000e+00,0.00000e+00,0.00000e+00,7.13754e-24,1.70763e-22,2.98153e-25,6.98783e-24,7.18604e-24,6.93848e-21,1.54245e-19,3.10375e-22,6.80184e-21,6.98251e-21
0.00000e+00,0.00000e+00,0.00000e+00,0.00000e+00,0.00000e+00,0.00000e+00,0.00000e+00,0.00000e+00,0.00000e+00,0.00000e+00,7.18604e-24,1.71837e-22,3.00317e-25,7.13754e-24,7.13766e-24,6.98251e-21,1.55142e-19,3.12497e-22,6.93848e-21,6.93850e-21
0.00000e+00,0.00000e+00,0.00000e+00,0.00000e+00,0.00000e+00,0.00000e+00,0.00000e+00,0.00000e+00,0.00000e+00,0.00000e+00,7.13766e-24,1.70765e-22,2.98160e-25,7.18604e-24,6.98808e-24,6.93850e-21,1.54245e-19,3.10376e-22,6.98251e-21,6.80188e-21
0.00000e+00,0.00000e+00,0.00000e+00,0.00000e+00,0.00000e+00,0.00000e+00,0.00000e+00,0.00000e+00,0.00000e+00,0.00000e+00,6.98808e-24,1.67430e-22,2.91522e-25,7.13766e-24,6.72502e-24,6.80188e-21,1.51442e-19,3.03831e-22,6.93850e-21,6.55969e-21
0.00000e+00,0.00000e+00,0.00000e+00,0.00000e+00,0.00000e+00,0.00000e+00,0.00000e+00,0.00000e+00,0.00000e+00,0.00000e+00,6.72502e-24,1.61504e-22,2.79952e-25,6.98808e-24,6.33057e-24,6.55969e-21,1.46415e-19,2.92343e-22,6.80188e-21,6.19267e-21
0.00000e+00,0.00000e+00,0.00000e+00,0.00000e+00,0.00000e+00,0.00000e+00,0.00000e+00,0.00000e+00,0.00000e+00,0.00000e+00,6.33057e-24,1.52497e-22,2.62804e-25,6.72502e-24,5.78497e-24,6.19267e-21,1.38681e-19,2.75159e-22,6.55969e-21,5.67895e-21
0.00000e+00,0.00000e+00,0.00000e+00,0.00000e+00,0.00000e+00,0.00000e+00,0.00000e+00,0.00000e+00,0.00000e+00,0.00000e+00,5.78497e-24,1.39851e-22,2.39390e-25,6.33057e-24,5.07192e-24,5.67895e-21,1.27674e-19,2.51452e-22,6.19267e-21,4.99951e-21
0.00000e+00,0.00000e+00,0.00000e+00,0.00000e+00,0.00000e+00,0.00000e+00,0.00000e+00,0.00000e+00,0.00000e+00,0.00000e+00,5.07192e-24,1.23078e-22,2.09182e-25,5.78497e-24,4.18472e-24,4.99951e-21,1.12871e-19,2.20547e-22,5.67895e-21,4.14469e-21
0.00000e+00,0.00000e+00,0.00000e+00,0.00000e+00,0.00000e+00,0.00000e+00,0.00000e+00,0.00000e+00,0.00000e+00,0.00000e+00,4.18472e-24,1.01920e-22,1.72039e-25,5.07192e-24,3.13192e-24,4.14469e-21,9.39597e-20,1.82178e-22,4.99951e-21,3.12067e-21
0.00000e+00,0.00000e+00,0.00000e+00,0.00000e+00,0.00000e+00,0.00000e+00,0.00000e+00,0.00000e+00,0.00000e+00,0.00000e+00,3.13192e-24,7.65205e-23,1.28404e-25,4.18472e-24,1.94095e-24,3.12067e-21,7.10058e-20,1.36731e-22,4.14469e-21,1.95378e-21
0.00000e+00,0.00000e+00,0.00000e+00,0.00000e+00,0.00000e+00,0.00000e+00,0.00000e+00,0.00000e+00,0.00000e+00,0.00000e+00,1.94095e-24,4.75330e-23,7.94157e-26,3.13192e-24,6.57792e-25,1.95378e-21,4.45861e-20,8.53877e-23,3.12067e-21,6.94905e-22
0.00000e+00,0.00000e+00,0.00000e+00,0.00000e+00,0.00000e+00,0.00000e+00,0.00000e+00,0.00000e+00,0.00000e+00,0.00000e+00,7.93952e-26,1.94054e-24,3.25406e-27,2.68776e-26,1.28376e-25,8.53844e-23,1.95372e-21,3.72290e-24,3.02809e-23,1.36726e-22
0.00000e+00,0.00000e+00,0.00000e+00,0.00000e+00,0.00000e+00,0.00000e+00,0.00000e+00,0.00000e+00,0.00000e+00,0.00000e+00,1.28376e-25,3.13137e-24,5.27083e-27,7.93952e-26,1.72008e-25,1.36726e-22,3.12057e-21,5.97465e-24,8.53844e-23,1.82173e-22
0.00000e+00,0.00000e+00,0.00000e+00,0.00000e+00,0.00000e+00,0.00000e+00,0.00000e+00,0.00000e+00,0.00000e+00,0.00000e+00,1.72008e-25,4.18410e-24,7.07929e-27,1.28376e-25,2.09151e-25,1.82173e-22,4.14459e-21,7.98272e-24,1.36726e-22,2.20541e-22
0.00000e+00,0.00000e+00,0.00000e+00,0.00000e+00,0.00000e+00,0.00000e+00,0.00000e+00,0.00000e+00,0.00000e+00,0.00000e+00,2.09151e-25,5.07131e-24,8.63232e-27,1.72008e-25,2.39362e-25,2.20541e-22,4.99940e-21,9.69473e-24,1.82173e-22,2.51447e-22
0.00000e+00,0.00000e+00,0.00000e+00,0.00000e+00,0.00000e+00,0.00000e+00,0.00000e+00,0.00000e+00,0.00000e+00,0.00000e+00,2.39362e-25,5.78441e-24,9.90860e-27,2.09151e-25,2.62780e-25,2.51447e-22,5.67885e-21,1.10898e-23,2.20541e-22,2.75154e-22
0.00000e+00,0.00000e+00,0.00000e+00,0.00000e+00,0.00000e+00,0.00000e+00,0.00000e+00,0.00000e+00,0.00000e+00,0.00000e+00,2.62780e-25,6.33010e-24,1.09091e-26,2.39362e-25,2.79933e-25,2.75154e-22,6.19258e-21,1.21734e-23,2.51447e-22,2.92339e-22
0.00000e+00,0.00000e+00,0.00000e+00,0.00000e+00,0.00000e+00,0.00000e+00,0.00000e+00,0.00000e+00,0.00000e+00,0.00000e+00,2.79933e-25,6.72466e-24,1.16503e-26,2.62780e-25,2.91509e-25,2.92339e-22,6.55963e-21,1.29689e-23,2.75154e-22,3.03828e-22
0.00000e+00,0.00000e+00,0.00000e+00,0.00000e+00,0.00000e+00,0.00000e+00,0.00000e+00,0.00000e+00,0.00000e+00,0.00000e+00,2.91509e-25,6.98783e-24,1.21555e-26,2.79933e-25,2.98153e-25,3.03828e-22,6.80184e-21,1.35067e-23,2.92339e-22,3.10375e-22
0.00000e+00,0.00000e+00,0.00000e+00,0.00000e+00,0.00000e+00,0.00000e+00,0.00000e+00,0.00000e+00,0.00000e+00,0.00000e+00,2.98153e-25,7.13754e-24,1.24477e-26,2.91509e-25,3.00317e-25,3.10375e-22,6.93848e-21,1.38158e-23,3.03828e-22,3.12497e-22
0.00000e+00,0.00000e+00,0.00000e+00,0.00000e+00,0.00000e+00,0.00000e+00,0.00000e+00,0.00000e+00,0.00000e+00,0.00000e+00,3.00317e-25,7.18604e-24,1.25433e-26,2.98153e-25,2.98160e-25,3.12497e-22,6.98251e-21,1.39165e-23,3.10375e-22,3.10376e-22
0.00000e+00,0.00000e+00,0.00000e+00,0.00000e+00,0.00000e+00,0.00000e+00,0.00000e+00,0.00000e+00,0.00000e+00,0.00000e+00,2.98160e-25,7.13766e-24,1.24481e-26,3.00317e-25,2.91522e-25,3.10376e-22,6.93850e-21,1.38159e-23,3.12497e-22,3.03831e-22
0.00000e+00,0.00000e+00,0.00000e+00,0.00000e+00,0.00000e+00,0.00000e+00,0.00000e+00,0.00000e+00,0.00000e+00,0.00000e+00,2.91522e-25,6.98808e-24,1.21561e-26,2.98160e-25,2.79952e-25,3.03831e-22,6.80188e-21,1.35068e-23,3.10376e-22,2.92343e-22
0.00000e+00,0.00000e+00,0.00000e+00,0.00000e+00,0.00000e+00,0.00000e+00,0.00000e+00,0.00000e+00,0.00000e+00,0.00000e+00,2.79952e-25,6.72502e-24,1.16512e-26,2.91522e-25,2.62804e-25,2.92343e-22,6.55969e-21,1.29691e-23,3.03831e-22,2.75159e-22
0.00000e+00,0.00000e+00,0.00000e+00,0.00000e+00,0.00000e+00,0.00000e+00,0.00000e+00,0.00000e+00,0.00000e+00,0.00000e+00,2.62804e-25,6.33057e-24,1.09104e-26,2.79952e-25,2.39390e-25,2.75159e-22,6.19267e-21,1.21737e-23,2.92343e-22,2.51452e-22
0.00000e+00,0.00000e+00,0.00000e+00,0.00000e+00,0.00000e+00,0.00000e+00,0.00000e+00,0.00000e+00,0.00000e+00,0.00000e+00,2.39390e-25,5.78497e-24,9.91004e-27,2.62804e-25,2.09182e-25,2.51452e-22,5.67895e-21,1.10901e-23,2.75159e-22,2.20547e-22
0.00000e+00,0.00000e+00,0.00000e+00,0.00000e+00,0.00000e+00,0.00000e+00,0.00000e+00,0.00000e+00,0.00000e+00,0.00000e+00,2.09182e-25,5.07192e-24,8.63387e-27,2.39390e-25,1.72039e-25,2.20547e-22,4.99951e-21,9.69502e-24,2.51452e-22,1.82178e-22
0.00000e+00,0.00000e+00,0.00000e+00,0.00000e+00,0.00000e+00,0.00000e+00,0.00000e+00,0.00000e+00,0.00000e+00,0.00000e+00,1.72039e-25,4.18472e-24,7.08085e-27,2.09182e-25,1.28404e-25,1.82178e-22,4.14469e-21,7.98301e-24,2.20547e-22,1.36731e-22
0.00000e+00,0.00000e+00,0.00000e+00,0.00000e+00,0.00000e+00,0.00000e+00,0.00000e+00,0.00000e+00,0.00000e+00,0.00000e+00,1.28404e-25,3.13192e-24,5.27221e-27,1.72039e-25,7.94157e-26,1.36731e-22,3.12067e-21,5.97490e-24,1.82178e-22,8.53877e-23
0.00000e+00,0.00000e+00,0.00000e+00,0.00000e+00,0.00000e+00,0.00000e+00,0.00000e+00,0.00000e+00,0.00000e+00,0.00000e+00,7.94157e-26,1.94095e-24,3.25506e-27,1.28404e-25,2.68854e-26,8.53877e-23,1.95378e-21,3.72307e-24,1.36731e-22,3.02822e-23
0.00000e+00,0.00000e+00,0.00000e+00,0.00000e+00,0.00000e+00,0.00000e+00,0.00000e+00,0.00000e+00,0.00000e+00,0.00000e+00,3.25406e-27,7.93952e-26,1.33575e-28,1.10057e-27,5.27083e-27,3.72290e-24,8.53844e-23,1.61989e-25,1.31690e-24,5.97465e-24
0.00000e+00,0.00000e+00,0.00000e+00,0.00000e+00,0.00000e+00,0.00000e+00,0.00000e+00,0.00000e+00,0.00000e+00,0.00000e+00,5.27083e-27,1.28376e-25,2.16693e-28,3.25406e-27,7.07929e-27,5.97465e-24,1.36726e-22,2.60469e-25,3.72290e-24,7.98272e-24
0.00000e+00,0.00000e+00,0.00000e+00,0.00000e+00,0.00000e+00,0.00000e+00,0.00000e+00,0.00000e+00,0.00000e+00,0.00000e+00,7.07929e-27,1.72008e-25,2.91658e-28,5.27083e-27,8.63232e-27,7.98272e-24,1.82173e-22,3.48861e-25,5.97465e-24,9.69473e-24
0.00000e+00,0.00000e+00,0.00000e+00,0.00000e+00,0.00000e+00,0.00000e+00,0.00000e+00,0.00000e+00,0.00000e+00,0.00000e+00,8.63232e-27,2.09151e-25,3.56528e-28,7.07929e-27,9.90860e-27,9.69473e-24,2.20541e-22,4.24866e-25,7.98272e-24,1.10898e-23
0.00000e+00,0.00000e+00,0.00000e+00,0.00000e+00,0.00000e+00,0.00000e+00,0.00000e+00,0.00000e+00,0.00000e+00,0.00000e+00,9.90860e-27,2.39362e-25,4.10322e-28,8.63232e-27,1.09091e-26,1.10898e-23,2.51447e-22,4.87427e-25,9.69473e-24,1.21734e-23
0.00000e+00,0.00000e+00,0.00000e+00,0.00000e+00,0.00000e+00,0.00000e+00,0.00000e+00,0.00000e+00,0.00000e+00,0.00000e+00,1.09091e-26,2.62780e-25,4.52909e-28,9.90860e-27,1.16503e-26,1.21734e-23,2.75154e-22,5.36559e-25,1.10898e-23,1.29689e-23
0.00000e+00,0.00000e+00,0.00000e+00,0.00000e+00,0.00000e+00,0.00000e+00,0.00000e+00,0.00000e+00,0.00000e+00,0.00000e+00,1.16503e-26,2.79933e-25,4.84764e-28,1.09091e-26,1.21555e-26,1.29689e-23,2.92339e-22,5.73017e-25,1.21734e-23,1.35067e-23
0.00000e+00,0.00000e+00,0.00000e+00,0.00000e+00,0.00000e+00,0.00000e+00,0.00000e+00,0.00000e+00,0.00000e+00,0.00000e+00,1.21555e-26,2.91509e-25,5.06669e-28,1.16503e-26,1.24477e-26,1.35067e-23,3.03828e-22,5.97911e-25,1.29689e-23,1.38158e-23
0.00000e+00,0.00000e+00,0.00000e+00,0.00000e+00,0.00000e+00,0.00000e+00,0.00000e+00,0.00000e+00,0.00000e+00,0.00000e+00,1.24477e-26,2.98153e-25,5.19426e-28,1.21555e-26,1.25433e-26,1.38158e-23,3.10375e-22,6.12327e-25,1.35067e-23,1.39165e-23
0.00000e+00,0.00000e+00,0.00000e+00,0.00000e+00,0.00000e+00,0.00000e+00,0.00000e+00,0.00000e+00,0.00000e+00,0.00000e+00,1.25433e-26,3.00317e-25,5.23613e-28,1.24477e-26,1.24481e-26,1.39165e-23,3.12497e-22,6.17041e-25,1.38158e-23,1.38159e-23
0.00000e+00,0.00000e+00,0.00000e+00,0.00000e+00,0.00000e+00,0.00000e+00,0.00000e+00,0.00000e+00,0.00000e+00,0.00000e+00,1.24481e-26,2.98160e-25,5.19442e-28,1.25433e-26,1.21561e-26,1.38159e-23,3.10376e-22,6.12331e-25,1.39165e-23,1.35068e-23
0.00000e+00,0.00000e+00,0.00000e+00,0.00000e+00,0.00000e+00,0.00000e+00,0.00000e+00,0.00000e+00,0.00000e+00,0.00000e+00,1.21561e-26,2.91522e-25,5.06701e-28,1.24481e-26,1.16512e-26,1.35068e-23,3.03831e-22,5.97918e-25,1.38159e-23,1.29691e-23
0.00000e+00,0.00000e+00,0.00000e+00,0.00000e+00,0.00000e+00,0.00000e+00,0.00000e+00,0.00000e+00,0.00000e+00,0.00000e+00,1.16512e-26,2.79952e-25,4.84810e-28,1.21561e-26,1.09104e-26,1.29691e-23,2.92343e-22,5.73027e-25,1.35068e-23,1.21737e-23
0.00000e+00,0.00000e+00,0.00000e+00,0.00000e+00,0.00000e+00,0.00000e+00,0.00000e+00,0.00000e+00,0.00000e+00,0.00000e+00,1.09104e-26,2.62804e-25,4.52969e-28,1.16512e-26,9.91004e-27,1.21737e-23,2.75159e-22,5.36571e-25,1.29691e-23,1.10901e-23
0.00000e+00,0.00000e+00,0.00000e+00,0.00000e+00,0.00000e+00,0.00000e+00,0.00000e+00,0.00000e+00,0.00000e+00,0.00000e+00,9.91004e-27,2.39390e-25,4.10393e-28,1.09104e-26,8.63387e-27,1.10901e-23,2.51452e-22,4.87442e-25,1.21737e-23,9.69502e-24
0.00000e+00,0.00000e+00,0.00000e+00,0.00000e+00,0.00000e+00,0.00000e+00,0.00000e+00,0.00000e+00,0.00000e+00,0.00000e+00,8.63387e-27,2.09182e-25,3.56604e-28,9.91004e-27,7.08085e-27,9.69502e-24,2.20547e-22,4.24881e-25,1.10901e-23,7.98301e-24
0.00000e+00,0.00000e+00,0.00000e+00,0.00000e+00,0.00000e+00,0.00000e+00,0.00000e+00,0.00000e+00,0.00000e+00,0.00000e+00,7.08085e-27,1.72039e-25,2.91733e-28,8.63387e-27,5.27221e-27,7.98301e-24,1.82178e-22,3.48875e-25,9.69502e-24,5.97490e-24
0.00000e+00,0.00000e+00,0.00000e+00,0.00000e+00,0.00000e+00,0.00000e+00,0.00000e+00,0.00000e+00,0.00000e+00,0.00000e+00,5.27221e-27,1.28404e-25,2.16759e-28,7.08085e-27,3.25506e-27,5.97490e-24,1.36731e-22,2.60481e-25,7.98301e-24,3.72307e-24
0.00000e+00,0.00000e+00,0.00000e+00,0.00000e+00,0.00000e+00,0.00000e+00,0.00000e+00,0.00000e+00,0.00000e+00,0.00000e+00,3.25506e-27,7.94157e-26,1.33623e-28,5.27221e-27,1.10095e-27,3.72307e-24,8.53877e-23,1.61998e-25,5.97490e-24,1.31697e-24
0.00000e+00,0.00000e+00,0.00000e+00,0.00000e+00,0.00000e+00,0.00000e+00,0.00000e+00,0.00000e+00,0.00000e+00,0.00000e+00,1.33575e-28,3.25406e-27,5.49049e-30,4.51404e-29,2.16693e-28,1.61989e-25,3.72290e-24,7.03536e-27,5.71686e-26,2.60469e-25
0.00000e+00,0.00000e+00,0.00000e+00,0.00000e+00,0.00000e+00,0.00000e+00,0.00000e+00,0.00000e+00,0.00000e+00,0.00000e+00,2.16693e-28,5.27083e-27,8.91902e-30,1.33575e-28,2.91658e-28,2.60469e-25,5.97465e-24,1.13317e-26,1.61989e-25,3.48861e-25
0.00000e+00,0.00000e+00,0.00000e+00,0.00000e+00,0.00000e+00,0.00000e+00,0.00000e+00,0.00000e+00,0.00000e+00,0.00000e+00,2.91658e-28,7.07929e-27,1.20270e-29,2.16693e-28,3.56528e-28,3.48861e-25,7.98272e-24,1.52098e-26,2.60469e-25,4.24866e-25
0.00000e+00,0.00000e+00,0.00000e+00,0.00000e+00,0.00000e+00,0.00000e+00,0.00000e+00,0.00000e+00,0.00000e+00,0.00000e+00,3.56528e-28,8.63232e-27,1.47344e-29,2.91658e-28,4.10322e-28,4.24866e-25,9.69473e-24,1.85694e-26,3.48861e-25,4.87427e-25
0.00000e+00,0.00000e+00,0.00000e+00,0.00000e+00,0.00000e+00,0.00000e+00,0.00000e+00,0.00000e+00,0.00000e+00,0.00000e+00,4.10322e-28,9.90860e-27,1.69974e-29,3.56528e-28,4.52909e-28,4.87427e-25,1.10898e-23,2.13591e-26,4.24866e-25,5.36559e-25
0.00000e+00,0.00000e+00,0.00000e+00,0.00000e+00,0.00000e+00,0.00000e+00,0.00000e+00,0.00000e+00,0.00000e+00,0.00000e+00,4.52909e-28,1.09091e-26,1.88043e-29,4.10322e-28,4.84764e-28,5.36559e-25,1.21734e-23,2.35711e-26,4.87427e-25,5.73017e-25
0.00000e+00,0.00000e+00,0.00000e+00,0.00000e+00,0.00000e+00,0.00000e+00,0.00000e+00,0.00000e+00,0.00000e+00,0.00000e+00,4.84764e-28,1.16503e-26,2.01674e-29,4.52909e-28,5.06669e-28,5.73017e-25,1.29689e-23,2.52281e-26,5.36559e-25,5.97911e-25
0.00000e+00,0.00000e+00,0.00000e+00,0.00000e+00,0.00000e+00,0.00000e+00,0.00000e+00,0.00000e+00,0.00000e+00,0.00000e+00,5.06669e-28,1.21555e-26,2.11119e-29,4.84764e-28,5.19426e-28,5.97911e-25,1.35067e-23,2.63691e-26,5.73017e-25,6.12327e-25
0.00000e+00,0.00000e+00,0.00000e+00,0.00000e+00,0.00000e+00,0.00000e+00,0.00000e+00,0.00000e+00,0.00000e+00,0.00000e+00,5.19426e-28,1.24477e-26,2.16651e-29,5.06669e-28,5.23613e-28,6.12327e-25,1.38158e-23,2.70342e-26,5.97911e-25,6.17041e-25
0.00000e+00,0.00000e+00,0.00000e+00,0.00000e+00,0.00000e+00,0.00000e+00,0.00000e+00,0.00000e+00,0.00000e+00,0.00000e+00,5.23613e-28,1.25433e-26,2.18473e-29,5.19426e-28,5.19442e-28,6.17041e-25,1.39165e-23,2.72524e-26,6.12327e-25,6.12331e-25
0.00000e+00,0.00000e+00,0.00000e+00,0.00000e+00,0.00000e+00,0.00000e+00,0.00000e+00,0.00000e+00,0.00000e+00,0.00000e+00,5.19442e-28,1.24481e-26,2.16659e-29,5.23613e-28,5.06701e-28,6.12331e-25,1.38159e-23,2.70344e-26,6.17041e-25,5.97918e-25
0.00000e+00,0.00000e+00,0.00000e+00,0.00000e+00,0.00000e+00,0.00000e+00,0.00000e+00,0.00000e+00,0.00000e+00,0.00000e+00,5.06701e-28,1.21561e-26,2.11135e-29,5.19442e-28,4.84810e-28,5.97918e-25,1.35068e-23,2.63695e-26,6.12331e-25,5.73027e-25
0.00000e+00,0.00000e+00,0.00000e+00,0.00000e+00,0.00000e+00,0.00000e+00,0.00000e+00,0.00000e+00,0.00000e+00,0.00000e+00,4.84810e-28,1.16512e-26,2.01697e-29,5.06701e-28,4.52969e-28,5.73027e-25,1.29691e-23,2.52286e-26,5.97918e-25,5.36571e-25
0.00000e+00,0.00000e+00,0.00000e+00,0.00000e+00,0.00000e+00,0.00000e+00,0.00000e+00,0.00000e+00,0.00000e+00,0.00000e+00,4.52969e-28,1.09104e-26,1.88072e-29,4.84810e-28,4.10393e-28,5.36571e-25,1.21737e-23,2.35717e-26,5.73027e-25,4.87442e-25
0.00000e+00,0.00000e+00,0.00000e+00,0.00000e+00,0.00000e+00,0.00000e+00,0.00000e+00,0.00000e+00,0.00000e+00,0.00000e+00,4.10393e-28,9.91004e-27,1.70008e-29,4.52969e-28,3.56604e-28,4.87442e-25,1.10901e-23,2.13599e-26,5.36571e-25,4.24881e-25
0.00000e+00,0.00000e+00,0.00000e+00,0.00000e+00,0.00000e+00,0.00000e+00,0.00000e+00,0.00000e+00,0.00000e+00,0.00000e+00,3.56604e-28,8.63387e-27,1.47380e-29,4.10393e-28,2.91733e-28,4.24881e-25,9.69502e-24,1.85701e-26,4.87442e-25,3.48875e-25
0.00000e+00,0.00000e+00,0.00000e+00,0.00000e+00,0.00000e+00,0.00000e+00,0.00000e+00,0.00000e+00,0.00000e+00,0.00000e+00,2.91733e-28,7.08085e-27,1.20305e-29,3.56604e-28,2.16759e-28,3.48875e-25,7.98301e-24,1.52105e-26,4.24881e-25,2.60481e-25
0.00000e+00,0.00000e+00,0.00000e+00,0.00000e+00,0.00000e+00,0.00000e+00,0.00000e+00,0.00000e+00,0.00000e+00,0.00000e+00,2.16759e-28,5.27221e-27,8.92216e-30,2.91733e-28,1.33623e-28,2.60481e-25,5.97490e-24,1.13323e-26,3.48875e-25,1.61998e-25
0.00000e+00,0.00000e+00,0.00000e+00,0.00000e+00,0.00000e+00,0.00000e+00,0.00000e+00,0.00000e+00,0.00000e+00,0.00000e+00,1.33623e-28,3.25506e-27,5.49273e-30,2.16759e-28,4.51586e-29,1.61998e-25,3.72307e-24,7.03579e-27,2.60481e-25,5.71721e-26
0.00000e+00,0.00000e+00,0.00000e+00,0.00000e+00,0.00000e+00,0.00000e+00,0.00000e+00,0.00000e+00,0.00000e+00,0.00000e+00,5.49049e-30,1.33575e-28,2.25953e-31,1.85415e-30,8.91902e-30,7.03536e-27,1.61989e-25,3.05044e-28,2.47774e-27,1.13317e-26
0.00000e+00,0.00000e+00,0.00000e+00,0.00000e+00,0.00000e+00,0.00000e+00,0.00000e+00,0.00000e+00,0.00000e+00,0.00000e+00,8.91902e-30,2.16693e-28,3.67486e-31,5.49049e-30,1.20270e-29,1.13317e-26,2.60469e-25,4.92067e-28,7.03536e-27,1.52098e-26
0.00000e+00,0.00000e+00,0.00000e+00,0.00000e+00,0.00000e+00,0.00000e+00,0.00000e+00,0.00000e+00,0.00000e+00,0.00000e+00,1.20270e-29,2.91658e-28,4.96356e-31,8.91902e-30,1.47344e-29,1.52098e-26,3.48861e-25,6.61720e-28,1.13317e-26,1.85694e-26
0.00000e+00,0.00000e+00,0.00000e+00,0.00000e+00,0.00000e+00,0.00000e+00,0.00000e+00,0.00000e+00,0.00000e+00,0.00000e+00,1.47344e-29,3.56528e-28,6.09282e-31,1.20270e-29,1.69974e-29,1.85694e-26,4.24866e-25,8.09655e-28,1.52098e-26,2.13591e-26
0.00000e+00,0.00000e+00,0.00000e+00,0.00000e+00,0.00000e+00,0.00000e+00,0.00000e+00,0.00000e+00,0.00000e+00,0.00000e+00,1.69974e-29,4.10322e-28,7.04327e-31,1.47344e-29,1.88043e-29,2.13591e-26,4.87427e-25,9.33451e-28,1.85694e-26,2.35711e-26
0.00000e+00,0.00000e+00,0.00000e+00,0.00000e+00,0.00000e+00,0.00000e+00,0.00000e+00,0.00000e+00,0.00000e+00,0.00000e+00,1.88043e-29,4.52909e-28,7.80788e-31,1.69974e-29,2.01674e-29,2.35711e-26,5.36559e-25,1.03243e-27,2.13591e-26,2.52281e-26
0.00000e+00,0.00000e+00,0.00000e+00,0.00000e+00,0.00000e+00,0.00000e+00,0.00000e+00,0.00000e+00,0.00000e+00,0.00000e+00,2.01674e-29,4.84764e-28,8.38896e-31,1.88043e-29,2.11119e-29,2.52281e-26,5.73017e-25,1.10719e-27,2.35711e-26,2.63691e-26
0.00000e+00,0.00000e+00,0.00000e+00,0.00000e+00,0.00000e+00,0.00000e+00,0.00000e+00,0.00000e+00,0.00000e+00,0.00000e+00,2.11119e-29,5.06669e-28,8.79427e-31,2.01674e-29,2.16651e-29,2.63691e-26,5.97911e-25,1.15905e-27,2.52281e-26,2.70342e-26
0.00000e+00,0.00000e+00,0.00000e+00,0.00000e+00,0.00000e+00,0.00000e+00,0.00000e+00,0.00000e+00,0.00000e+00,0.00000e+00,2.16651e-29,5.19426e-28,9.03284e-31,2.11119e-29,2.18473e-29,2.70342e-26,6.12327e-25,1.18945e-27,2.63691e-26,2.72524e-26
0.00000e+00,0.00000e+00,0.00000e+00,0.00000e+00,0.00000e+00,0.00000e+00,0.00000e+00,0.00000e+00,0.00000e+00,0.00000e+00,2.18473e-29,5.23613e-28,9.11162e-31,2.16651e-29,2.16659e-29,2.72524e-26,6.17041e-25,1.19945e-27,2.70342e-26,2.70344e-26
0.00000e+00,0.00000e+00,0.00000e+00,0.00000e+00,0.00000e+00,0.00000e+00,0.00000e+00,0.00000e+00,0.00000e+00,0.00000e+00,2.16659e-29,5.19442e-28,9.03320e-31,2.18473e-29,2.11135e-29,2.70344e-26,6.12331e-25,1.18946e-27,2.72524e-26,2.63695e-26
0.00000e+00,0.00000e+00,0.00000e+00,0.00000e+00,0.00000e+00,0.00000e+00,0.00000e+00,0.00000e+00,0.00000e+00,0.00000e+00,2.11135e-29,5.06701e-28,8.79498e-31,2.16659e-29,2.01697e-29,2.63695e-26,5.97918e-25,1.15907e-27,2.70344e-26,2.52286e-26
0.00000e+00,0.00000e+00,0.00000e+00,0.00000e+00,0.00000e+00,0.00000e+00,0.00000e+00,0.00000e+00,0.00000e+00,0.00000e+00,2.01697e-29,4.84810e-28,8.39001e-31,2.11135e-29,1.88072e-29,2.52286e-26,5.73027e-25,1.10721e-27,2.63695e-26,2.35717e-26
0.00000e+00,0.00000e+00,0.00000e+00,0.00000e+00,0.00000e+00,0.00000e+00,0.00000e+00,0.00000e+00,0.00000e+00,0.00000e+00,1.88072e-29,4.52969e-28,7.80921e-31,2.01697e-29,1.70008e-29,2.35717e-26,5.36571e-25,1.03246e-27,2.52286e-26,2.13599e-26
0.00000e+00,0.00000e+00,0.00000e+00,0.00000e+00,0.00000e+00,0.00000e+00,0.00000e+00,0.00000e+00,0.00000e+00,0.00000e+00,1.70008e-29,4.10393e-28,7.04483e-31,1.88072e-29,1.47380e-29,2.13599e-26,4.87442e-25,9.33489e-28,2.35717e-26,1.85701e-26
0.00000e+00,0.00000e+00,0.00000e+00,0.00000e+00,0.00000e+00,0.00000e+00,0.00000e+00,0.00000e+00,0.00000e+00,0.00000e+00,1.47380e-29,3.56604e-28,6.09450e-31,1.70008e-29,1.20305e-29,1.85701e-26,4.24881e-25,8.09695e-28,2.13599e-26,1.52105e-26
0.00000e+00,0.00000e+00,0.00000e+00,0.00000e+00,0.00000e+00,0.00000e+00,0.00000e+00,0.00000e+00,0.00000e+00,0.00000e+00,1.20305e-29,2.91733e-28,4.96521e-31,1.47380e-29,8.92216e-30,1.52105e-26,3.48875e-25,6.61758e-28,1.85701e-26,1.13323e-26
0.00000e+00,0.00000e+00,0.00000e+00,0.00000e+00,0.00000e+00,0.00000e+00,0.00000e+00,0.00000e+00,0.00000e+00,0.00000e+00,8.92216e-30,2.16759e-28,3.67630e-31,1.20305e-29,5.49273e-30,1.13323e-26,2.60481e-25,4.92099e-28,1.52105e-26,7.03579e-27
0.00000e+00,0.00000e+00,0.00000e+00,0.00000e+00,0.00000e+00,0.00000e+00,0.00000e+00,0.00000e+00,0.00000e+00,0.00000e+00,5.49273e-30,1.33623e-28,2.26056e-31,8.92216e-30,1.85500e-30,7.03579e-27,1.61998e-25,3.05065e-28,1.13323e-26,2.47792e-27
0.00000e+00,0.00000e+00,0.00000e+00,0.00000e+00,0.00000e+00,0.00000e+00,0.00000e+00,0.00000e+00,0.00000e+00,0.00000e+00,2.25953e-31,5.49049e-30,9.30867e-33,7.62574e-32,3.67486e-31,3.05044e-28,7.03536e-27,1.32062e-29,1.07229e-28,4.92067e-28
0.00000e+00,0.00000e+00,0.00000e+00,0.00000e+00,0.00000e+00,0.00000e+00,0.00000e+00,0.00000e+00,0.00000e+00,0.00000e+00,3.67486e-31,8.91902e-30,1.51553e-32,2.25953e-31,4.96356e-31,4.92067e-28,1.13317e-26,2.13315e-29,3.05044e-28,6.61720e-28
0.00000e+00,0.00000e+00,0.00000e+00,0.00000e+00,0.00000e+00,0.00000e+00,0.00000e+00,0.00000e+00,0.00000e+00,0.00000e+00,4.96356e-31,1.20270e-29,2.04998e-32,3.67486e-31,6.09282e-31,6.61720e-28,1.52098e-26,2.87342e-29,4.92067e-28,8.09655e-28
0.00000e+00,0.00000e+00,0.00000e+00,0.00000e+00,0.00000e+00,0.00000e+00,0.00000e+00,0.00000e+00,0.00000e+00,0.00000e+00,6.09282e-31,1.47344e-29,2.52074e-32,4.96356e-31,7.04327e-31,8.09655e-28,1.85694e-26,3.52265e-29,6.61720e-28,9.33451e-28
0.00000e+00,0.00000e+00,0.00000e+00,0.00000e+00,0.00000e+00,0.00000e+00,0.00000e+00,0.00000e+00,0.00000e+00,0.00000e+00,7.04327e-31,1.69974e-29,2.91938e-32,6.09282e-31,7.80788e-31,9.33451e-28,2.13591e-26,4.06964e-29,8.09655e-28,1.03243e-27
0.00000e+00,0.00000e+00,0.00000e+00,0.00000e+00,0.00000e+00,0.00000e+00,0.00000e+00,0.00000e+00,0.00000e+00,0.00000e+00,7.80788e-31,1.88043e-29,3.24218e-32,7.04327e-31,8.38896e-31,1.03243e-27,2.35711e-26,4.51016e-29,9.33451e-28,1.10719e-27
0.00000e+00,0.00000e+00,0.00000e+00,0.00000e+00,0.00000e+00,0.00000e+00,0.00000e+00,0.00000e+00,0.00000e+00,0.00000e+00,8.38896e-31,2.01674e-29,3.48909e-32,7.80788e-31,8.79427e-31,1.10719e-27,2.52281e-26,4.84531e-29,1.03243e-27,1.15905e-27
0.00000e+00,0.00000e+00,0.00000e+00,0.00000e+00,0.00000e+00,0.00000e+00,0.00000e+00,0.00000e+00,0.00000e+00,0.00000e+00,8.79427e-31,2.11119e-29,3.66230e-32,8.38896e-31,9.03284e-31,1.15905e-27,2.63691e-26,5.07930e-29,1.10719e-27,1.18945e-27
0.00000e+00,0.00000e+00,0.00000e+00,0.00000e+00,0.00000e+00,0.00000e+00,0.00000e+00,0.00000e+00,0.00000e+00,0.00000e+00,9.03284e-31,2.16651e-29,3.76470e-32,8.79427e-31,9.11162e-31,1.18945e-27,2.70342e-26,5.21711e-29,1.15905e-27,1.19945e-27
0.00000e+00,0.00000e+00,0.00000e+00,0.00000e+00,0.00000e+00,0.00000e+00,0.00000e+00,0.00000e+00,0.00000e+00,0.00000e+00,9.11162e-31,2.18473e-29,3.79859e-32,9.03284e-31,9.03320e-31,1.19945e-27,2.72524e-26,5.26259e-29,1.18945e-27,1.18946e-27
0.00000e+00,0.00000e+00,0.00000e+00,0.00000e+00,0.00000e+00,0.00000e+00,0.00000e+00,0.00000e+00,0.00000e+00,0.00000e+00,9.03320e-31,2.16659e-29,3.76486e-32,9.11162e-31,8.79498e-31,1.18946e-27,2.70344e-26,5.21716e-29,1.19945e-27,1.15907e-27
0.00000e+00,0.00000e+00,0.00000e+00,0.00000e+00,0.00000e+00,0.00000e+00,0.00000e+00,0.00000e+00,0.00000e+00,0.00000e+00,8.79498e-31,2.11135e-29,3.66263e-32,9.03320e-31,8.39001e-31,1.15907e-27,2.63695e-26,5.07940e-29,1.18946e-27,1.10721e-27
0.00000e+00,0.00000e+00,0.00000e+00,0.00000e+00,0.00000e+00,0.00000e+00,0.00000e+00,0.00000e+00,0.00000e+00,0.00000e+00,8.39001e-31,2.01697e-29,3.48957e-32,8.79498e-31,7.80921e-31,1.10721e-27,2.52286e-26,4.84545e-29,1.15907e-27,1.03246e-27
0.00000e+00,0.00000e+00,0.00000e+00,0.00000e+00,0.00000e+00,0.00000e+00,0.00000e+00,0.00000e+00,0.00000e+00,0.00000e+00,7.80921e-31,1.88072e-29,3.24279e-32,8.39001e-31,7.04483e-31,1.03246e-27,2.35717e-26,4.51032e-29,1.10721e-27,9.33489e-28
0.00000e+00,0.00000e+00,0.00000e+00,0.00000e+00,0.00000e+00,0.00000e+00,0.00000e+00,0.00000e+00,0.00000e+00,0.00000e+00,7.04483e-31,1.70008e-29,2.92009e-32,7.80921e-31,6.09450e-31,9.33489e-28,2.13599e-26,4.06983e-29,1.03246e-27,8.09695e-28
0.00000e+00,0.00000e+00,0.00000e+00,0.00000e+00,0.00000e+00,0.00000e+00,0.00000e+00,0.00000e+00,0.00000e+00,0.00000e+00,6.09450e-31,1.47380e-29,2.52150e-32,7.04483e-31,4.96521e-31,8.09695e-28,1.85701e-26,3.52285e-29,9.33489e-28,6.61758e-28
0.00000e+00,0.00000e+00,0.00000e+00,0.00000e+00,0.00000e+00,0.00000e+00,0.00000e+00,0.00000e+00,0.00000e+00,0.00000e+00,4.96521e-31,1.20305e-29,2.05073e-32,6.09450e-31,3.67630e-31,6.61758e-28,1.52105e-26,2.87361e-29,8.09695e-28,4.92099e-28
0.00000e+00,0.00000e+00,0.00000e+00,0.00000e+00,0.00000e+00,0.00000e+00,0.00000e+00,0.00000e+00,0.00000e+00,0.00000e+00,3.67630e-31,8.92216e-30,1.51618e-32,4.96521e-31,2.26056e-31,4.92099e-28,1.13323e-26,2.13331e-29,6.61758e-28,3.05065e-28
0.00000e+00,0.00000e+00,0.00000e+00,0.00000e+00,0.00000e+00,0.00000e+00,0.00000e+00,0.00000e+00,0.00000e+00,0.00000e+00,2.26056e-31,5.49273e-30,9.31328e-33,3.67630e-31,7.62959e-32,3.05065e-28,7.03579e-27,1.32073e-29,4.92099e-28,1.07238e-28
0.00000e+00,0.00000e+00,0.00000e+00,0.00000e+00,0.00000e+00,0.00000e+00,0.00000e+00,0.00000e+00,0.00000e+00,0.00000e+00,9.30867e-33,2.25953e-31,3.83853e-34,3.13987e-33,1.51553e-32,1.32062e-29,3.05044e-28,5.70937e-31,4.63430e-30,2.13315e-29
0.00000e+00,0.00000e+00,0.00000e+00,0.00000e+00,0.00000e+00,0.00000e+00,0.00000e+00,0.00000e+00,0.00000e+00,0.00000e+00,1.51553e-32,3.67486e-31,6.25528e-34,9.30867e-33,2.04998e-32,2.13315e-29,4.92067e-28,9.23315e-31,1.32062e-29,2.87342e-29
0.00000e+00,0.00000e+00,0.00000e+00,0.00000e+00,0.00000e+00,0.00000e+00,0.00000e+00,0.00000e+00,0.00000e+00,0.00000e+00,2.04998e-32,4.96356e-31,8.47213e-34,1.51553e-32,2.52074e-32,2.87342e-29,6.61720e-28,1.24559e-30,2.13315e-29,3.52265e-29
0.00000e+00,0.00000e+00,0.00000e+00,0.00000e+00,0.00000e+00,0.00000e+00,0.00000e+00,0.00000e+00,0.00000e+00,0.00000e+00,2.52074e-32,6.09282e-31,1.04337e-33,2.04998e-32,2.91938e-32,3.52265e-29,8.09655e-28,1.52966e-30,2.87342e-29,4.06964e-29
0.00000e+00,0.00000e+00,0.00000e+00,0.00000e+00,0.00000e+00,0.00000e+00,0.00000e+00,0.00000e+00,0.00000e+00,0.00000e+00,2.91938e-32,7.04327e-31,1.21037e-33,2.52074e-32,3.24218e-32,4.06964e-29,9.33451e-28,1.77043e-30,3.52265e-29,4.51016e-29
0.00000e+00,0.00000e+00,0.00000e+00,0.00000e+00,0.00000e+00,0.00000e+00,0.00000e+00,0.00000e+00,0.00000e+00,0.00000e+00,3.24218e-32,7.80788e-31,1.34638e-33,2.91938e-32,3.48909e-32,4.51016e-29,1.03243e-27,1.96558e-30,4.06964e-29,4.84531e-29
0.00000e+00,0.00000e+00,0.00000e+00,0.00000e+00,0.00000e+00,0.00000e+00,0.00000e+00,0.00000e+00,0.00000e+00,0.00000e+00,3.48909e-32,8.38896e-31,1.45101e-33,3.24218e-32,3.66230e-32,4.84531e-29,1.10719e-27,2.11499e-30,4.51016e-29,5.07930e-29
0.00000e+00,0.00000e+00,0.00000e+00,0.00000e+00,0.00000e+00,0.00000e+00,0.00000e+00,0.00000e+00,0.00000e+00,0.00000e+00,3.66230e-32,8.79427e-31,1.52477e-33,3.48909e-32,3.76470e-32,5.07930e-29,1.15905e-27,2.21988e-30,4.84531e-29,5.21711e-29
0.00000e+00,0.00000e+00,0.00000e+00,0.00000e+00,0.00000e+00,0.00000e+00,0.00000e+00,0.00000e+00,0.00000e+00,0.00000e+00,3.76470e-32,9.03284e-31,1.56854e-33,3.66230e-32,3.79859e-32,5.21711e-29,1.18945e-27,2.28191e-30,5.07930e-29,5.26259e-29
0.00000e+00,0.00000e+00,0.00000e+00,0.00000e+00,0.00000e+00,0.00000e+00,0.00000e+00,0.00000e+00,0.00000e+00,0.00000e+00,3.79859e-32,9.11162e-31,1.58306e-33,3.76470e-32,3.76486e-32,5.26259e-29,1.19945e-27,2.30243e-30,5.21711e-29,5.21716e-29
0.00000e+00,0.00000e+00,0.00000e+00,0.00000e+00,0.00000e+00,0.00000e+00,0.00000e+00,0.00000e+00,0.00000e+00,0.00000e+00,3.76486e-32,9.03320e-31,1.56861e-33,3.79859e-32,3.66263e-32,5.21716e-29,1.18946e-27,2.28194e-30,5.26259e-29,5.07940e-29
0.00000e+00,0.00000e+00,0.00000e+00,0.00000e+00,0.00000e+00,0.00000e+00,0.00000e+00,0.00000e+00,0.00000e+00,0.00000e+00,3.66263e-32,8.79498e-31,1.52492e-33,3.76486e-32,3.48957e-32,5.07940e-29,1.15907e-27,2.21993e-30,5.21716e-29,4.84545e-29
0.00000e+00,0.00000e+00,0.00000e+00,0.00000e+00,0.00000e+00,0.00000e+00,0.00000e+00,0.00000e+00,0.00000e+00,0.00000e+00,3.48957e-32,8.39001e-31,1.45123e-33,3.66263e-32,3.24279e-32,4.84545e-29,1.10721e-27,2.11505e-30,5.07940e-29,4.51032e-29
0.00000e+00,0.00000e+00,0.00000e+00,0.00000e+00,0.00000e+00,0.00000e+00,0.00000e+00,0.00000e+00,0.00000e+00,0.00000e+00,3.24279e-32,7.80921e-31,1.34666e-33,3.48957e-32,2.92009e-32,4.51032e-29,1.03246e-27,1.96566e-30,4.84545e-29,4.06983e-29
0.00000e+00,0.00000e+00,0.00000e+00,0.00000e+00,0.00000e+00,0.00000e+00,0.00000e+00,0.00000e+00,0.00000e+00,0.00000e+00,2.92009e-32,7.04483e-31,1.21069e-33,3.24279e-32,2.52150e-32,4.06983e-29,9.33489e-28,1.77052e-30,4.51032e-29,3.52285e-29
0.00000e+00,0.00000e+00,0.00000e+00,0.00000e+00,0.00000e+00,0.00000e+00,0.00000e+00,0.00000e+00,0.00000e+00,0.00000e+00,2.52150e-32,6.09450e-31,1.04371e-33,2.92009e-32,2.05073e-32,3.52285e-29,8.09695e-28,1.52976e-30,4.06983e-29,2.87361e-29
0.00000e+00,0.00000e+00,0.00000e+00,0.00000e+00,0.00000e+00,0.00000e+00,0.00000e+00,0.00000e+00,0.00000e+00,0.00000e+00,2.05073e-32,4.96521e-31,8.47546e-34,2.52150e-32,1.51618e-32,2.87361e-29,6.61758e-28,1.24568e-30,3.52285e-29,2.13331e-29
0.00000e+00,0.00000e+00,0.00000e+00,0.00000e+00,0.00000e+00,0.00000e+00,0.00000e+00,0.00000e+00,0.00000e+00,0.00000e+00,1.51618e-32,3.67630e-31,6.25818e-34,2.05073e-32,9.31328e-33,2.13331e-29,4.92099e-28,9.23392e-31,2.87361e-29,1.32073e-29
0.00000e+00,0.00000e+00,0.00000e+00,0.00000e+00,0.00000e+00,0.00000e+00,0.00000e+00,0.00000e+00,0.00000e+00,0.00000e+00,9.31328e-33,2.26056e-31,3.84059e-34,1.51618e-32,3.14160e-33,1.32073e-29,3.05065e-28,5.70990e-31,2.13331e-29,4.63472e-30
0.00000e+00,0.00000e+00,0.00000e+00,0.00000e+00,0.00000e+00,0.00000e+00,0.00000e+00,0.00000e+00,0.00000e+00,0.00000e+00,3.83853e-34,9.30867e-33,1.58418e-35,1.29413e-34,6.25528e-34,5.70937e-31,1.32062e-29,2.46514e-32,2.00038e-31,9.23315e-31
0.00000e+00,0.00000e+00,0.00000e+00,0.00000e+00,0.00000e+00,0.00000e+00,0.00000e+00,0.00000e+00,0.00000e+00,0.00000e+00,6.25528e-34,1.51553e-32,2.58372e-35,3.83853e-34,8.47213e-34,9.23315e-31,2.13315e-29,3.99085e-32,5.70937e-31,1.24559e-30
0.00000e+00,0.00000e+00,0.00000e+00,0.00000e+00,0.00000e+00,0.00000e+00,0.00000e+00,0.00000e+00,0.00000e+00,0.00000e+00,8.47213e-34,2.04998e-32,3.50340e-35,6.25528e-34,1.04337e-33,1.24559e-30,2.87342e-29,5.39096e-32,9.23315e-31,1.52966e-30
0.00000e+00,0.00000e+00,0.00000e+00,0.00000e+00,0.00000e+00,0.00000e+00,0.00000e+00,0.00000e+00,0.00000e+00,0.00000e+00,1.04337e-33,2.52074e-32,4.32047e-35,8.47213e-34,1.21037e-33,1.52966e-30,3.52265e-29,6.63063e-32,1.24559e-30,1.77043e-30
0.00000e+00,0.00000e+00,0.00000e+00,0.00000e+00,0.00000e+00,0.00000e+00,0.00000e+00,0.00000e+00,0.00000e+00,0.00000e+00,1.21037e-33,2.91938e-32,5.01939e-35,1.04337e-33,1.34638e-33,1.77043e-30,4.06964e-29,7.68682e-32,1.52966e-30,1.96558e-30
0.00000e+00,0.00000e+00,0.00000e+00,0.00000e+00,0.00000e+00,0.00000e+00,0.00000e+00,0.00000e+00,0.00000e+00,0.00000e+00,1.34638e-33,3.24218e-32,5.59149e-35,1.21037e-33,1.45101e-33,1.96558e-30,4.51016e-29,8.54773e-32,1.77043e-30,2.11499e-30
0.00000e+00,0.00000e+00,0.00000e+00,0.00000e+00,0.00000e+00,0.00000e+00,0.00000e+00,0.00000e+00,0.00000e+00,0.00000e+00,1.45101e-33,3.48909e-32,6.03376e-35,1.34638e-33,1.52477e-33,2.11499e-30,4.84531e-29,9.21051e-32,1.96558e-30,2.21988e-30
0.00000e+00,0.00000e+00,0.00000e+00,0.00000e+00,0.00000e+00,0.00000e+00,0.00000e+00,0.00000e+00,0.00000e+00,0.00000e+00,1.52477e-33,3.66230e-32,6.34692e-35,1.45101e-33,1.56854e-33,2.21988e-30,5.07930e-29,9.67807e-32,2.11499e-30,2.28191e-30
0.00000e+00,0.00000e+00,0.00000e+00,0.00000e+00,0.00000e+00,0.00000e+00,0.00000e+00,0.00000e+00,0.00000e+00,0.00000e+00,1.56854e-33,3.76470e-32,6.53335e-35,1.52477e-33,1.58306e-33,2.28191e-30,5.21711e-29,9.95560e-32,2.21988e-30,2.30243e-30
0.00000e+00,0.00000e+00,0.00000e+00,0.00000e+00,0.00000e+00,0.00000e+00,0.00000e+00,0.00000e+00,0.00000e+00,0.00000e+00,1.58306e-33,3.79859e-32,6.59531e-35,1.56854e-33,1.56861e-33,2.30243e-30,5.26259e-29,1.00476e-31,2.28191e-30,2.28194e-30
0.00000e+00,0.00000e+00,0.00000e+00,0.00000e+00,0.00000e+00,0.00000e+00,0.00000e+00,0.00000e+00,0.00000e+00,0.00000e+00,1.56861e-33,3.76486e-32,6.53368e-35,1.58306e-33,1.52492e-33,2.28194e-30,5.21716e-29,9.95571e-32,2.30243e-30,2.21993e-30
0.00000e+00,0.00000e+00,0.00000e+00,0.00000e+00,0.00000e+00,0.00000e+00,0.00000e+00,0.00000e+00,0.00000e+00,0.00000e+00,1.52492e-33,3.66263e-32,6.34758e-35,1.56861e-33,1.45123e-33,2.21993e-30,5.07940e-29,9.67829e-32,2.28194e-30,2.11505e-30
0.00000e+00,0.00000e+00,0.00000e+00,0.00000e+00,0.00000e+00,0.00000e+00,0.00000e+00,0.00000e+00,0.00000e+00,0.00000e+00,1.45123e-33,3.48957e-32,6.03473e-35,1.52492e-33,1.34666e-33,2.11505e-30,4.84545e-29,9.21083e-32,2.21993e-30,1.96566e-30
0.00000e+00,0.00000e+00,0.00000e+00,0.00000e+00,0.00000e+00,0.00000e+00,0.00000e+00,0.00000e+00,0.00000e+00,0.00000e+00,1.34666e-33,3.24279e-32,5.59271e-35,1.45123e-33,1.21069e-33,1.96566e-30,4.51032e-29,8.54814e-32,2.11505e-30,1.77052e-30
0.00000e+00,0.00000e+00,0.00000e+00,0.00000e+00,0.00000e+00,0.00000e+00,0.00000e+00,0.00000e+00,0.00000e+00,0.00000e+00,1.21069e-33,2.92009e-32,5.02080e-35,1.34666e-33,1.04371e-33,1.77052e-30,4.06983e-29,7.68728e-32,1.96566e-30,1.52976e-30
0.00000e+00,0.00000e+00,0.00000e+00,0.00000e+00,0.00000e+00,0.00000e+00,0.00000e+00,0.00000e+00,0.00000e+00,0.00000e+00,1.04371e-33,2.52150e-32,4.32198e-35,1.21069e-33,8.47546e-34,1.52976e-30,3.52285e-29,6.63111e-32,1.77052e-30,1.24568e-30
0.00000e+00,0.00000e+00,0.00000e+00,0.00000e+00,0.00000e+00,0.00000e+00,0.00000e+00,0.00000e+00,0.00000e+00,0.00000e+00,8.47546e-34,2.05073e-32,3.50488e-35,1.04371e-33,6.25818e-34,1.24568e-30,2.87361e-29,5.39141e-32,1.52976e-30,9.23392e-31
0.00000e+00,0.00000e+00,0.00000e+00,0.00000e+00,0.00000e+00,0.00000e+00,0.00000e+00,0.00000e+00,0.00000e+00,0.00000e+00,6.25818e-34,1.51618e-32,2.58501e-35,8.47546e-34,3.84059e-34,9.23392e-31,2.13331e-29,3.99122e-32,1.24568e-30,5.70990e-31
0.00000e+00,0.00000e+00,0.00000e+00,0.00000e+00,0.00000e+00,0.00000e+00,0.00000e+00,0.00000e+00,0.00000e+00,0.00000e+00,3.84059e-34,9.31328e-33,1.58509e-35,6.25818e-34,1.29490e-34,5.70990e-31,1.32073e-29,2.46539e-32,9.23392e-31,2.00058e-31
0.00000e+00,0.00000e+00,0.00000e+00,0.00000e+00,0.00000e+00,0.00000e+00,0.00000e+00,0.00000e+00,0.00000e+00,0.00000e+00,1.58418e-35,3.83853e-34,6.54286e-37,5.33865e-36,2.58372e-35,2.46514e-32,5.70937e-31,1.06310e-33,8.62453e-33,3.99085e-32
0.00000e+00,0.00000e+00,0.00000e+00,0.00000e+00,0.00000e+00,0.00000e+00,0.00000e+00,0.00000e+00,0.00000e+00,0.00000e+00,2.58372e-35,6.25528e-34,1.06789e-36,1.58418e-35,3.50340e-35,3.99085e-32,9.23315e-31,1.72272e-33,2.46514e-32,5.39096e-32
0.00000e+00,0.00000e+00,0.00000e+00,0.00000e+00,0.00000e+00,0.00000e+00,0.00000e+00,0.00000e+00,0.00000e+00,0.00000e+00,3.50340e-35,8.47213e-34,1.44949e-36,2.58372e-35,4.32047e-35,5.39096e-32,1.24559e-30,2.32985e-33,3.99085e-32,6.63063e-32
0.00000e+00,0.00000e+00,0.00000e+00,0.00000e+00,0.00000e+00,0.00000e+00,0.00000e+00,0.00000e+00,0.00000e+00,0.00000e+00,4.32047e-35,1.04337e-33,1.78972e-36,3.50340e-35,5.01939e-35,6.63063e-32,1.52966e-30,2.86954e-33,5.39096e-32,7.68682e-32
0.00000e+00,0.00000e+00,0.00000e+00,0.00000e+00,0.00000e+00,0.00000e+00,0.00000e+00,0.00000e+00,0.00000e+00,0.00000e+00,5.01939e-35,1.21037e-33,2.08197e-36,4.32047e-35,5.59149e-35,7.68682e-32,1.77043e-30,3.33148e-33,6.63063e-32,8.54773e-32
0.00000e+00,0.00000e+00,0.00000e+00,0.00000e+00,0.00000e+00,0.00000e+00,0.00000e+00,0.00000e+00,0.00000e+00,0.00000e+00,5.59149e-35,1.34638e-33,2.32226e-36,5.01939e-35,6.03376e-35,8.54773e-32,1.96558e-30,3.70987e-33,7.68682e-32,9.21051e-32
0.00000e+00,0.00000e+00,0.00000e+00,0.00000e+00,0.00000e+00,0.00000e+00,0.00000e+00,0.00000e+00,0.00000e+00,0.00000e+00,6.03376e-35,1.45101e-33,2.50883e-36,5.59149e-35,6.34692e-35,9.21051e-32,2.11499e-30,4.00259e-33,8.54773e-32,9.67807e-32
0.00000e+00,0.00000e+00,0.00000e+00,0.00000e+00,0.00000e+00,0.00000e+00,0.00000e+00,0.00000e+00,0.00000e+00,0.00000e+00,6.34692e-35,1.52477e-33,2.64143e-36,6.03376e-35,6.53335e-35,9.67807e-32,2.21988e-30,4.20996e-33,9.21051e-32,9.95560e-32
0.00000e+00,0.00000e+00,0.00000e+00,0.00000e+00,0.00000e+00,0.00000e+00,0.00000e+00,0.00000e+00,0.00000e+00,0.00000e+00,6.53335e-35,1.56854e-33,2.72060e-36,6.34692e-35,6.59531e-35,9.95560e-32,2.28191e-30,4.33344e-33,9.67807e-32,1.00476e-31
0.00000e+00,0.00000e+00,0.00000e+00,0.00000e+00,0.00000e+00,0.00000e+00,0.00000e+00,0.00000e+00,0.00000e+00,0.00000e+00,6.59531e-35,1.58306e-33,2.74695e-36,6.53335e-35,6.53368e-35,1.00476e-31,2.30243e-30,4.37443e-33,9.95560e-32,9.95571e-32
0.00000e+00,0.00000e+00,0.00000e+00,0.00000e+00,0.00000e+00,0.00000e+00,0.00000e+00,0.00000e+00,0.00000e+00,0.00000e+00,6.53368e-35,1.56861e-33,2.72075e-36,6.59531e-35,6.34758e-35,9.95571e-32,2.28194e-30,4.33350e-33,1.00476e-31,9.67829e-32
0.00000e+00,0.00000e+00,0.00000e+00,0.00000e+00,0.00000e+00,0.00000e+00,0.00000e+00,0.00000e+00,0.00000e+00,0.00000e+00,6.34758e-35,1.52492e-33,2.64173e-36,6.53368e-35,6.03473e-35,9.67829e-32,2.21993e-30,4.21007e-33,9.95571e-32,9.21083e-32
0.00000e+00,0.00000e+00,0.00000e+00,0.00000e+00,0.00000e+00,0.00000e+00,0.00000e+00,0.00000e+00,0.00000e+00,0.00000e+00,6.03473e-35,1.45123e-33,2.50926e-36,6.34758e-35,5.59271e-35,9.21083e-32,2.11505e-30,4.00274e-33,9.67829e-32,8.54814e-32
0.00000e+00,0.00000e+00,0.00000e+00,0.00000e+00,0.00000e+00,0.00000e+00,0.00000e+00,0.00000e+00,0.00000e+00,0.00000e+00,5.59271e-35,1.34666e-33,2.32281e-36,6.03473e-35,5.02080e-35,8.54814e-32,1.96566e-30,3.71006e-33,9.21083e-32,7.68728e-32
0.00000e+00,0.00000e+00,0.00000e+00,0.00000e+00,0.00000e+00,0.00000e+00,0.00000e+00,0.00000e+00,0.00000e+00,0.00000e+00,5.02080e-35,1.21069e-33,2.08260e-36,5.59271e-35,4.32198e-35,7.68728e-32,1.77052e-30,3.33169e-33,8.54814e-32,6.63111e-32
0.00000e+00,0.00000e+00,0.00000e+00,0.00000e+00,0.00000e+00,0.00000e+00,0.00000e+00,0.00000e+00,0.00000e+00,0.00000e+00,4.32198e-35,1.04371e-33,1.79039e-36,5.02080e-35,3.50488e-35,6.63111e-32,1.52976e-30,2.86976e-33,7.68728e-32,5.39141e-32
0.00000e+00,0.00000e+00,0.00000e+00,0.00000e+00,0.00000e+00,0.00000e+00,0.00000e+00,0.00000e+00,0.00000e+00,0.00000e+00,3.50488e-35,8.47546e-34,1.45014e-36,4.32198e-35,2.58501e-35,5.39141e-32,1.24568e-30,2.33007e-33,6.63111e-32,3.99122e-32
0.00000e+00,0.00000e+00,0.00000e+00,0.00000e+00,0.00000e+00,0.00000e+00,0.00000e+00,0.00000e+00,0.00000e+00,0.00000e+00,2.58501e-35,6.25818e-34,1.06846e-36,3.50488e-35,1.58509e-35,3.99122e-32,9.23392e-31,1.72289e-33,5.39141e-32,2.46539e-32
0.00000e+00,0.00000e+00,0.00000e+00,0.00000e+00,0.00000e+00,0.00000e+00,0.00000e+00,0.00000e+00,0.00000e+00,0.00000e+00,1.58509e-35,3.84059e-34,6.54687e-37,2.58501e-35,5.34204e-36,2.46539e-32,5.70990e-31,1.06322e-33,3.99122e-32,8.62550e-33
0.00000e+00,0.00000e+00,0.00000e+00,0.00000e+00,0.00000e+00,0.00000e+00,0.00000e+00,0.00000e+00,0.00000e+00,0.00000e+00,6.54286e-37,1.58418e-35,2.70404e-38,2.20407e-37,1.06789e-36,1.06310e-33,2.46514e-32,4.57958e-35,3.71441e-34,1.72272e-33
0.00000e+00,0.00000e+00,0.00000e+00,0.00000e+00,0.00000e+00,0.00000e+00,0.00000e+00,0.00000e+00,0.00000e+00,0.00000e+00,1.06789e-36,2.58372e-35,4.41628e-38,6.54286e-37,1.44949e-36,1.72272e-33,3.99085e-32,7.42741e-35,1.06310e-33,2.32985e-33
0.00000e+00,0.00000e+00,0.00000e+00,0.00000e+00,0.00000e+00,0.00000e+00,0.00000e+00,0.00000e+00,0.00000e+00,0.00000e+00,1.44949e-36,3.50340e-35,5.99985e-38,1.06789e-36,1.78972e-36,2.32985e-33,5.39096e-32,1.00556e-34,1.72272e-33,2.86954e-33
0.00000e+00,0.00000e+00,0.00000e+00,0.00000e+00,0.00000e+00,0.00000e+00,0.00000e+00,0.00000e+00,0.00000e+00,0.00000e+00,1.78972e-36,4.32047e-35,7.41623e-38,1.44949e-36,2.08197e-36,2.86954e-33,6.63063e-32,1.24000e-34,2.32985e-33,3.33148e-33
0.00000e+00,0.00000e+00,0.00000e+00,0.00000e+00,0.00000e+00,0.00000e+00,0.00000e+00,0.00000e+00,0.00000e+00,0.00000e+00,2.08197e-36,5.01939e-35,8.63735e-38,1.78972e-36,2.32226e-36,3.33148e-33,7.68682e-32,1.44149e-34,2.86954e-33,3.70987e-33
0.00000e+00,0.00000e+00,0.00000e+00,0.00000e+00,0.00000e+00,0.00000e+00,0.00000e+00,0.00000e+00,0.00000e+00,0.00000e+00,2.32226e-36,5.59149e-35,9.64531e-38,2.08197e-36,2.50883e-36,3.70987e-33,8.54773e-32,1.60726e-34,3.33148e-33,4.00259e-33
0.00000e+00,0.00000e+00,0.00000e+00,0.00000e+00,0.00000e+00,0.00000e+00,0.00000e+00,0.00000e+00,0.00000e+00,0.00000e+00,2.50883e-36,6.03376e-35,1.04309e-37,2.32226e-36,2.64143e-36,4.00259e-33,9.21051e-32,1.73603e-34,3.70987e-33,4.20996e-33
0.00000e+00,0.00000e+00,0.00000e+00,0.00000e+00,0.00000e+00,0.00000e+00,0.00000e+00,0.00000e+00,0.00000e+00,0.00000e+00,2.64143e-36,6.34692e-35,1.09911e-37,2.50883e-36,2.72060e-36,4.20996e-33,9.67807e-32,1.82760e-34,4.00259e-33,4.33344e-33
0.00000e+00,0.00000e+00,0.00000e+00,0.00000e+00,0.00000e+00,0.00000e+00,0.00000e+00,0.00000e+00,0.00000e+00,0.00000e+00,2.72060e-36,6.53335e-35,1.13264e-37,2.64143e-36,2.74695e-36,4.33344e-33,9.95560e-32,1.88228e-34,4.20996e-33,4.37443e-33
0.00000e+00,0.00000e+00,0.00000e+00,0.00000e+00,0.00000e+00,0.00000e+00,0.00000e+00,0.00000e+00,0.00000e+00,0.00000e+00,2.74695e-36,6.59531e-35,1.14382e-37,2.72060e-36,2.72075e-36,4.37443e-33,1.00476e-31,1.90046e-34,4.33344e-33,4.33350e-33
0.00000e+00,0.00000e+00,0.00000e+00,0.00000e+00,0.00000e+00,0.00000e+00,0.00000e+00,0.00000e+00,0.00000e+00,0.00000e+00,2.72075e-36,6.53368e-35,1.13271e-37,2.74695e-36,2.64173e-36,4.33350e-33,9.95571e-32,1.88230e-34,4.37443e-33,4.21007e-33
0.00000e+00,0.00000e+00,0.00000e+00,0.00000e+00,0.00000e+00,0.00000e+00,0.00000e+00,0.00000e+00,0.00000e+00,0.00000e+00,2.64173e-36,6.34758e-35,1.09925e-37,2.72075e-36,2.50926e-36,4.21007e-33,9.67829e-32,1.82765e-34,4.33350e-33,4.00274e-33
0.00000e+00,0.00000e+00,0.00000e+00,0.00000e+00,0.00000e+00,0.00000e+00,0.00000e+00,0.00000e+00,0.00000e+00,0.00000e+00,2.50926e-36,6.03473e-35,1.04328e-37,2.64173e-36,2.32281e-36,4.00274e-33,9.21083e-32,1.73611e-34,4.21007e-33,3.71006e-33
0.00000e+00,0.00000e+00,0.00000e+00,0.00000e+00,0.00000e+00,0.00000e+00,0.00000e+00,0.00000e+00,0.00000e+00,0.00000e+00,2.32281e-36,5.59271e-35,9.64776e-38,2.50926e-36,2.08260e-36,3.71006e-33,8.54814e-32,1.60735e-34,4.00274e-33,3.33169e-33
0.00000e+00,0.00000e+00,0.00000e+00,0.00000e+00,0.00000e+00,0.00000e+00,0.00000e+00,0.00000e+00,0.00000e+00,0.00000e+00,2.08260e-36,5.02080e-35,8.64016e-38,2.32281e-36,1.79039e-36,3.33169e-33,7.68728e-32,1.44159e-34,3.71006e-33,2.86976e-33
0.00000e+00,0.00000e+00,0.00000e+00,0.00000e+00,0.00000e+00,0.00000e+00,0.00000e+00,0.00000e+00,0.00000e+00,0.00000e+00,1.79039e-36,4.32198e-35,7.41922e-38,2.08260e-36,1.45014e-36,2.86976e-33,6.63111e-32,1.24011e-34,3.33169e-33,2.33007e-33
0.00000e+00,0.00000e+00,0.00000e+00,0.00000e+00,0.00000e+00,0.00000e+00,0.00000e+00,0.00000e+00,0.00000e+00,0.00000e+00,1.45014e-36,3.50488e-35,6.00276e-38,1.79039e-36,1.06846e-36,2.33007e-33,5.39141e-32,1.00566e-34,2.86976e-33,1.72289e-33
0.00000e+00,0.00000e+00,0.00000e+00,0.00000e+00,0.00000e+00,0.00000e+00,0.00000e+00,0.00000e+00,0.00000e+00,0.00000e+00,1.06846e-36,2.58501e-35,4.41881e-38,1.45014e-36,6.54687e-37,1.72289e-33,3.99122e-32,7.42824e-35,2.33007e-33,1.06322e-33
0.00000e+00,0.00000e+00,0.00000e+00,0.00000e+00,0.00000e+00,0.00000e+00,0.00000e+00,0.00000e+00,0.00000e+00,0.00000e+00,6.54687e-37,1.58509e-35,2.70583e-38,1.06846e-36,2.20557e-37,1.06322e-33,2.46539e-32,4.58014e-35,1.72289e-33,3.71486e-34
0.00000e+00,0.00000e+00,0.00000e+00,0.00000e+00,0.00000e+00,0.00000e+00,0.00000e+00,0.00000e+00,0.00000e+00,0.00000e+00,2.70404e-38,6.54286e-37,1.11818e-39,9.10588e-39,4.41628e-38,4.57958e-35,1.06310e-33,1.97071e-36,1.59809e-35,7.42741e-35
0.00000e+00,0.00000e+00,0.00000e+00,0.00000e+00,0.00000e+00,0.00000e+00,0.00000e+00,0.00000e+00,0.00000e+00,0.00000e+00,4.41628e-38,1.06789e-36,1.82729e-39,2.70404e-38,5.99985e-38,7.42741e-35,1.72272e-33,3.19867e-36,4.57958e-35,1.00556e-34
0.00000e+00,0.00000e+00,0.00000e+00,0.00000e+00,0.00000e+00,0.00000e+00,0.00000e+00,0.00000e+00,0.00000e+00,0.00000e+00,5.99985e-38,1.44949e-36,2.48453e-39,4.41628e-38,7.41623e-38,1.00556e-34,2.32985e-33,4.33462e-36,7.42741e-35,1.24000e-34
0.00000e+00,0.00000e+00,0.00000e+00,0.00000e+00,0.00000e+00,0.00000e+00,0.00000e+00,0.00000e+00,0.00000e+00,0.00000e+00,7.41623e-38,1.78972e-36,3.07404e-39,5.99985e-38,8.63735e-38,1.24000e-34,2.86954e-33,5.35103e-36,1.00556e-34,1.44149e-34
0.00000e+00,0.00000e+00,0.00000e+00,0.00000e+00,0.00000e+00,0.00000e+00,0.00000e+00,0.00000e+00,0.00000e+00,0.00000e+00,8.63735e-38,2.08197e-36,3.58393e-39,7.41623e-38,9.64531e-38,1.44149e-34,3.33148e-33,6.22772e-36,1.24000e-34,1.60726e-34
0.00000e+00,0.00000e+00,0.00000e+00,0.00000e+00,0.00000e+00,0.00000e+00,0.00000e+00,0.00000e+00,0.00000e+00,0.00000e+00,9.64531e-38,2.32226e-36,4.00628e-39,8.63735e-38,1.04309e-37,1.60726e-34,3.70987e-33,6.95175e-36,1.44149e-34,1.73603e-34
0.00000e+00,0.00000e+00,0.00000e+00,0.00000e+00,0.00000e+00,0.00000e+00,0.00000e+00,0.00000e+00,0.00000e+00,0.00000e+00,1.04309e-37,2.50883e-36,4.33655e-39,9.64531e-38,1.09911e-37,1.73603e-34,4.00259e-33,7.51632e-36,1.60726e-34,1.82760e-34
0.00000e+00,0.00000e+00,0.00000e+00,0.00000e+00,0.00000e+00,0.00000e+00,0.00000e+00,0.00000e+00,0.00000e+00,0.00000e+00,1.09911e-37,2.64143e-36,4.57277e-39,1.04309e-37,1.13264e-37,1.82760e-34,4.20996e-33,7.91906e-36,1.73603e-34,1.88228e-34
0.00000e+00,0.00000e+00,0.00000e+00,0.00000e+00,0.00000e+00,0.00000e+00,0.00000e+00,0.00000e+00,0.00000e+00,0.00000e+00,1.13264e-37,2.72060e-36,4.71445e-39,1.09911e-37,1.14382e-37,1.88228e-34,4.33344e-33,8.16012e-36,1.82760e-34,1.90046e-34
0.00000e+00,0.00000e+00,0.00000e+00,0.00000e+00,0.00000e+00,0.00000e+00,0.00000e+00,0.00000e+00,0.00000e+00,0.00000e+00,1.14382e-37,2.74695e-36,4.76174e-39,1.13264e-37,1.13271e-37,1.90046e-34,4.37443e-33,8.24037e-36,1.88228e-34,1.88230e-34
0.00000e+00,0.00000e+00,0.00000e+00,0.00000e+00,0.00000e+00,0.00000e+00,0.00000e+00,0.00000e+00,0.00000e+00,0.00000e+00,1.13271e-37,2.72075e-36,4.71476e-39,1.14382e-37,1.09925e-37,1.88230e-34,4.33350e-33,8.16025e-36,1.90046e-34,1.82765e-34
0.00000e+00,0.00000e+00,0.00000e+00,0.00000e+00,0.00000e+00,0.00000e+00,0.00000e+00,0.00000e+00,0.00000e+00,0.00000e+00,1.09925e-37,2.64173e-36,4.57338e-39,1.13271e-37,1.04328e-37,1.82765e-34,4.21007e-33,7.91931e-36,1.88230e-34,1.73611e-34
0.00000e+00,0.00000e+00,0.00000e+00,0.00000e+00,0.00000e+00,0.00000e+00,0.00000e+00,0.00000e+00,0.00000e+00,0.00000e+00,1.04328e-37,2.50926e-36,4.33743e-39,1.09925e-37,9.64776e-38,1.73611e-34,4.00274e-33,7.51667e-36,1.82765e-34,1.60735e-34
0.00000e+00,0.00000e+00,0.00000e+00,0.00000e+00,0.00000e+00,0.00000e+00,0.00000e+00,0.00000e+00,0.00000e+00,0.00000e+00,9.64776e-38,2.32281e-36,4.00739e-39,1.04328e-37,8.64016e-38,1.60735e-34,3.71006e-33,6.95219e-36,1.73611e-34,1.44159e-34
0.00000e+00,0.00000e+00,0.00000e+00,0.00000e+00,0.00000e+00,0.00000e+00,0.00000e+00,0.00000e+00,0.00000e+00,0.00000e+00,8.64016e-38,2.08260e-36,3.58520e-39,9.64776e-38,7.41922e-38,1.44159e-34,3.33169e-33,6.22821e-36,1.60735e-34,1.24011e-34
0.00000e+00,0.00000e+00,0.00000e+00,0.00000e+00,0.00000e+00,0.00000e+00,0.00000e+00,0.00000e+00,0.00000e+00,0.00000e+00,7.41922e-38,1.79039e-36,3.07539e-39,8.64016e-38,6.00276e-38,1.24011e-34,2.86976e-33,5.35153e-36,1.44159e-34,1.00566e-34
0.00000e+00,0.00000e+00,0.00000e+00,0.00000e+00,0.00000e+00,0.00000e+00,0.00000e+00,0.00000e+00,0.00000e+00,0.00000e+00,6.00276e-38,1.45014e-36,2.48584e-39,7.41922e-38,4.41881e-38,1.00566e-34,2.33007e-33,4.33508e-36,1.24011e-34,7.42824e-35
0.00000e+00,0.00000e+00,0.00000e+00,0.00000e+00,0.00000e+00,0.00000e+00,0.00000e+00,0.00000e+00,0.00000e+00,0.00000e+00,4.41881e-38,1.06846e-36,1.82843e-39,6.00276e-38,2.70583e-38,7.42824e-35,1.72289e-33,3.19906e-36,1.00566e-34,4.58014e-35
0.00000e+00,0.00000e+00,0.00000e+00,0.00000e+00,0.00000e+00,0.00000e+00,0.00000e+00,0.00000e+00,0.00000e+00,0.00000e+00,2.70583e-38,6.54687e-37,1.11898e-39,4.41881e-38,9.11258e-39,4.58014e-35,1.06322e-33,1.97097e-36,7.42824e-35,1.59830e-35
0.00000e+00,0.00000e+00,0.00000e+00,0.00000e+00,0.00000e+00,0.00000e+00,0.00000e+00,0.00000e+00,0.00000e+00,0.00000e+00,1.11818e-39,2.70404e-38,4.62624e-41,3.76430e-40,1.82729e-39,1.97071e-36,4.57958e-35,8.47213e-38,6.86907e-37,3.19867e-36
0.00000e+00,0.00000e+00,0.00000e+00,0.00000e+00,0.00000e+00,0.00000e+00,0.00000e+00,0.00000e+00,0.00000e+00,0.00000e+00,1.82729e-39,4.41628e-38,7.56404e-41,1.11818e-39,2.48453e-39,3.19867e-36,7.42741e-35,1.37607e-37,1.97071e-36,4.33462e-36
0.00000e+00,0.00000e+00,0.00000e+00,0.00000e+00,0.00000e+00,0.00000e+00,0.00000e+00,0.00000e+00,0.00000e+00,0.00000e+00,2.48453e-39,5.99985e-38,1.02921e-40,1.82729e-39,3.07404e-39,4.33462e-36,1.00556e-34,1.86633e-37,3.19867e-36,5.35103e-36
0.00000e+00,0.00000e+00,0.00000e+00,0.00000e+00,0.00000e+00,0.00000e+00,0.00000e+00,0.00000e+00,0.00000e+00,0.00000e+00,3.07404e-39,7.41623e-38,1.27452e-40,2.48453e-39,3.58393e-39,5.35103e-36,1.24000e-34,2.30620e-37,4.33462e-36,6.22772e-36
0.00000e+00,0.00000e+00,0.00000e+00,0.00000e+00,0.00000e+00,0.00000e+00,0.00000e+00,0.00000e+00,0.00000e+00,0.00000e+00,3.58393e-39,8.63735e-38,1.48731e-40,3.07404e-39,4.00628e-39,6.22772e-36,1.44149e-34,2.68681e-37,5.35103e-36,6.95175e-36
0.00000e+00,0.00000e+00,0.00000e+00,0.00000e+00,0.00000e+00,0.00000e+00,0.00000e+00,0.00000e+00,0.00000e+00,0.00000e+00,4.00628e-39,9.64531e-38,1.66411e-40,3.58393e-39,4.33655e-39,6.95175e-36,1.60726e-34,3.00221e-37,6.22772e-36,7.51632e-36
0.00000e+00,0.00000e+00,0.00000e+00,0.00000e+00,0.00000e+00,0.00000e+00,0.00000e+00,0.00000e+00,0.00000e+00,0.00000e+00,4.33655e-39,1.04309e-37,1.80277e-40,4.00628e-39,4.57277e-39,7.51632e-36,1.73603e-34,3.24895e-37,6.95175e-36,7.91906e-36
0.00000e+00,0.00000e+00,0.00000e+00,0.00000e+00,0.00000e+00,0.00000e+00,0.00000e+00,0.00000e+00,0.00000e+00,0.00000e+00,4.57277e-39,1.09911e-37,1.90220e-40,4.33655e-39,4.71445e-39,7.91906e-36,1.82760e-34,3.42547e-37,7.51632e-36,8.16012e-36
0.00000e+00,0.00000e+00,0.00000e+00,0.00000e+00,0.00000e+00,0.00000e+00,0.00000e+00,0.00000e+00,0.00000e+00,0.00000e+00,4.71445e-39,1.13264e-37,1.96195e-40,4.57277e-39,4.76174e-39,8.16012e-36,1.88228e-34,3.53134e-37,7.91906e-36,8.24037e-36
0.00000e+00,0.00000e+00,0.00000e+00,0.00000e+00,0.00000e+00,0.00000e+00,0.00000e+00,0.00000e+00,0.00000e+00,0.00000e+00,4.76174e-39,1.14382e-37,1.98192e-40,4.71445e-39,4.71476e-39,8.24037e-36,1.90046e-34,3.56663e-37,8.16012e-36,8.16025e-36
0.00000e+00,0.00000e+00,0.00000e+00,0.00000e+00,0.00000e+00,0.00000e+00,0.00000e+00,0.00000e+00,0.00000e+00,0.00000e+00,4.71476e-39,1.13271e-37,1.96209e-40,4.76174e-39,4.57338e-39,8.16025e-36,1.88230e-34,3.53140e-37,8.24037e-36,7.91931e-36
0.00000e+00,0.00000e+00,0.00000e+00,0.00000e+00,0.00000e+00,0.00000e+00,0.00000e+00,0.00000e+00,0.00000e+00,0.00000e+00,4.57338e-39,1.09925e-37,1.90248e-40,4.71476e-39,4.33743e-39,7.91931e-36,1.82765e-34,3.42558e-37,8.16025e-36,7.51667e-36
0.00000e+00,0.00000e+00,0.00000e+00,0.00000e+00,0.00000e+00,0.00000e+00,0.00000e+00,0.00000e+00,0.00000e+00,0.00000e+00,4.33743e-39,1.04328e-37,1.80318e-40,4.57338e-39,4.00739e-39,7.51667e-36,1.73611e-34,3.24912e-37,7.91931e-36,6.95219e-36
0.00000e+00,0.00000e+00,0.00000e+00,0.00000e+00,0.00000e+00,0.00000e+00,0.00000e+00,0.00000e+00,0.00000e+00,0.00000e+00,4.00739e-39,9.64776e-38,1.66462e-40,4.33743e-39,3.58520e-39,6.95219e-36,1.60735e-34,3.00242e-37,7.51667e-36,6.22821e-36
0.00000e+00,0.00000e+00,0.00000e+00,0.00000e+00,0.00000e+00,0.00000e+00,0.00000e+00,0.00000e+00,0.00000e+00,0.00000e+00,3.58520e-39,8.64016e-38,1.48790e-40,4.00739e-39,3.07539e-39,6.22821e-36,1.44159e-34,2.68704e-37,6.95219e-36,5.35153e-36
0.00000e+00,0.00000e+00,0.00000e+00,0.00000e+00,0.00000e+00,0.00000e+00,0.00000e+00,0.00000e+00,0.00000e+00,0.00000e+00,3.07539e-39,7.41922e-38,1.27514e-40,3.58520e-39,2.48584e-39,5.35153e-36,1.24011e-34,2.30643e-37,6.22821e-36,4.33508e-36
0.00000e+00,0.00000e+00,0.00000e+00,0.00000e+00,0.00000e+00,0.00000e+00,0.00000e+00,0.00000e+00,0.00000e+00,0.00000e+00,2.48584e-39,6.00276e-38,1.02982e-40,3.07539e-39,1.82843e-39,4.33508e-36,1.00566e-34,1.86655e-37,5.35153e-36,3.19906e-36
0.00000e+00,0.00000e+00,0.00000e+00,0.00000e+00,0.00000e+00,0.00000e+00,0.00000e+00,0.00000e+00,0.00000e+00,0.00000e+00,1.82843e-39,4.41881e-38,7.56926e-41,2.48584e-39,1.11898e-39,3.19906e-36,7.42824e-35,1.37625e-37,4.33508e-36,1.97097e-36
0.00000e+00,0.00000e+00,0.00000e+00,0.00000e+00,0.00000e+00,0.00000e+00,0.00000e+00,0.00000e+00,0.00000e+00,0.00000e+00,1.11898e-39,2.70583e-38,4.62993e-41,1.82843e-39,3.76733e-40,1.97097e-36,4.58014e-35,8.47333e-38,3.19906e-36,6.87006e-37
0.00000e+00,0.00000e+00,0.00000e+00,0.00000e+00,0.00000e+00,0.00000e+00,0.00000e+00,0.00000e+00,0.00000e+00,0.00000e+00,4.62624e-41,1.11818e-39,1.91488e-42,1.55697e-41,7.56404e-41,8.47213e-38,1.97071e-36,3.63880e-39,2.94986e-38,1.37607e-37
0.00000e+00,0.00000e+00,0.00000e+00,0.00000e+00,0.00000e+00,0.00000e+00,0.00000e+00,0.00000e+00,0.00000e+00,0.00000e+00,7.56404e-41,1.82729e-39,3.13236e-42,4.62624e-41,1.02921e-40,1.37607e-37,3.19867e-36,5.91398e-39,8.47213e-38,1.86633e-37
0.00000e+00,0.00000e+00,0.00000e+00,0.00000e+00,0.00000e+00,0.00000e+00,0.00000e+00,0.00000e+00,0.00000e+00,0.00000e+00,1.02921e-40,2.48453e-39,4.26486e-42,7.56404e-41,1.27452e-40,1.86633e-37,4.33462e-36,8.02702e-39,1.37607e-37,2.30620e-37
0.00000e+00,0.00000e+00,0.00000e+00,0.00000e+00,0.00000e+00,0.00000e+00,0.00000e+00,0.00000e+00,0.00000e+00,0.00000e+00,1.27452e-40,3.07404e-39,5.28546e-42,1.02921e-40,1.48731e-40,2.30620e-37,5.35103e-36,9.92749e-39,1.86633e-37,2.68681e-37
0.00000e+00,0.00000e+00,0.00000e+00,0.00000e+00,0.00000e+00,0.00000e+00,0.00000e+00,0.00000e+00,0.00000e+00,0.00000e+00,1.48731e-40,3.58393e-39,6.17305e-42,1.27452e-40,1.66411e-40,2.68681e-37,6.22772e-36,1.15766e-38,2.30620e-37,3.00221e-37
0.00000e+00,0.00000e+00,0.00000e+00,0.00000e+00,0.00000e+00,0.00000e+00,0.00000e+00,0.00000e+00,0.00000e+00,0.00000e+00,1.66411e-40,4.00628e-39,6.91249e-42,1.48731e-40,1.80277e-40,3.00221e-37,6.95175e-36,1.29472e-38,2.68681e-37,3.24895e-37
0.00000e+00,0.00000e+00,0.00000e+00,0.00000e+00,0.00000e+00,0.00000e+00,0.00000e+00,0.00000e+00,0.00000e+00,0.00000e+00,1.80277e-40,4.33655e-39,7.49395e-42,1.66411e-40,1.90220e-40,3.24895e-37,7.51632e-36,1.40225e-38,3.00221e-37,3.42547e-37
0.00000e+00,0.00000e+00,0.00000e+00,0.00000e+00,0.00000e+00,0.00000e+00,0.00000e+00,0.00000e+00,0.00000e+00,0.00000e+00,1.90220e-40,4.57277e-39,7.91183e-42,1.80277e-40,1.96195e-40,3.42547e-37,7.91906e-36,1.47937e-38,3.24895e-37,3.53134e-37
0.00000e+00,0.00000e+00,0.00000e+00,0.00000e+00,0.00000e+00,0.00000e+00,0.00000e+00,0.00000e+00,0.00000e+00,0.00000e+00,1.96195e-40,4.71445e-39,8.16339e-42,1.90220e-40,1.98192e-40,3.53134e-37,8.16012e-36,1.52571e-38,3.42547e-37,3.56663e-37
0.00000e+00,0.00000e+00,0.00000e+00,0.00000e+00,0.00000e+00,0.00000e+00,0.00000e+00,0.00000e+00,0.00000e+00,0.00000e+00,1.98192e-40,4.76174e-39,8.24756e-42,1.96195e-40,1.96209e-40,3.56663e-37,8.24037e-36,1.54117e-38,3.53134e-37,3.53140e-37
0.00000e+00,0.00000e+00,0.00000e+00,0.00000e+00,0.00000e+00,0.00000e+00,0.00000e+00,0.00000e+00,0.00000e+00,0.00000e+00,1.96209e-40,4.71476e-39,8.16408e-42,1.98192e-40,1.90248e-40,3.53140e-37,8.16025e-36,1.52574e-38,3.56663e-37,3.42558e-37
0.00000e+00,0.00000e+00,0.00000e+00,0.00000e+00,0.00000e+00,0.00000e+00,0.00000e+00,0.00000e+00,0.00000e+00,0.00000e+00,1.90248e-40,4.57338e-39,7.91317e-42,1.96209e-40,1.80318e-40,3.42558e-37,7.91931e-36,1.47943e-38,3.53140e-37,3.24912e-37
0.00000e+00,0.00000e+00,0.00000e+00,0.00000e+00,0.00000e+00,0.00000e+00,0.00000e+00,0.00000e+00,0.00000e+00,0.00000e+00,1.80318e-40,4.33743e-39,7.49587e-42,1.90248e-40,1.66462e-40,3.24912e-37,7.51667e-36,1.40233e-38,3.42558e-37,3.00242e-37
0.00000e+00,0.00000e+00,0.00000e+00,0.00000e+00,0.00000e+00,0.00000e+00,0.00000e+00,0.00000e+00,0.00000e+00,0.00000e+00,1.66462e-40,4.00739e-39,6.91489e-42,1.80318e-40,1.48790e-40,3.00242e-37,6.95219e-36,1.29482e-38,3.24912e-37,2.68704e-37
0.00000e+00,0.00000e+00,0.00000e+00,0.00000e+00,0.00000e+00,0.00000e+00,0.00000e+00,0.00000e+00,0.00000e+00,0.00000e+00,1.48790e-40,3.58520e-39,6.17579e-42,1.66462e-40,1.27514e-40,2.68704e-37,6.22821e-36,1.15777e-38,3.00242e-37,2.30643e-37
0.00000e+00,0.00000e+00,0.00000e+00,0.00000e+00,0.00000e+00,0.00000e+00,0.00000e+00,0.00000e+00,0.00000e+00,0.00000e+00,1.27514e-40,3.07539e-39,5.28834e-42,1.48790e-40,1.02982e-40,2.30643e-37,5.35153e-36,9.92857e-39,2.68704e-37,1.86655e-37
0.00000e+00,0.00000e+00,0.00000e+00,0.00000e+00,0.00000e+00,0.00000e+00,0.00000e+00,0.00000e+00,0.00000e+00,0.00000e+00,1.02982e-40,2.48584e-39,4.26766e-42,1.27514e-40,7.56926e-41,1.86655e-37,4.33508e-36,8.02802e-39,2.30643e-37,1.37625e-37
0.00000e+00,0.00000e+00,0.00000e+00,0.00000e+00,0.00000e+00,0.00000e+00,0.00000e+00,0.00000e+00,0.00000e+00,0.00000e+00,7.56926e-41,1.82843e-39,3.13477e-42,1.02982e-40,4.62993e-41,1.37625e-37,3.19906e-36,5.91480e-39,1.86655e-37,8.47333e-38
0.00000e+00,0.00000e+00,0.00000e+00,0.00000e+00,0.00000e+00,0.00000e+00,0.00000e+00,0.00000e+00,0.00000e+00,0.00000e+00,4.62993e-41,1.11898e-39,1.91659e-42,7.56926e-41,1.55836e-41,8.47333e-38,1.97097e-36,3.63935e-39,1.37625e-37,2.95031e-38
0.00000e+00,0.00000e+00,0.00000e+00,0.00000e+00,0.00000e+00,0.00000e+00,0.00000e+00,0.00000e+00,0.00000e+00,0.00000e+00,1.91488e-42,4.62624e-41,7.92913e-44,6.44296e-43,3.13236e-42,3.63880e-39,8.47213e-38,1.56150e-40,1.26570e-39,5.91398e-39
0.00000e+00,0.00000e+00,0.00000e+00,0.00000e+00,0.00000e+00,0.00000e+00,0.00000e+00,0.00000e+00,0.00000e+00,0.00000e+00,3.13236e-42,7.56404e-41,1.29759e-43,1.91488e-42,4.26486e-42,5.91398e-39,1.37607e-37,2.53927e-40,3.63880e-39,8.02702e-39
0.00000e+00,0.00000e+00,0.00000e+00,0.00000e+00,0.00000e+00,0.00000e+00,0.00000e+00,0.00000e+00,0.00000e+00,0.00000e+00,4.26486e-42,1.02921e-40,1.76777e-43,3.13236e-42,5.28546e-42,8.02702e-39,1.86633e-37,3.44887e-40,5.91398e-39,9.92749e-39
0.00000e+00,0.00000e+00,0.00000e+00,0.00000e+00,0.00000e+00,0.00000e+00,0.00000e+00,0.00000e+00,0.00000e+00,0.00000e+00,5.28546e-42,1.27452e-40,2.19232e-43,4.26486e-42,6.17305e-42,9.92749e-39,2.30620e-37,4.26873e-40,8.02702e-39,1.15766e-38
0.00000e+00,0.00000e+00,0.00000e+00,0.00000e+00,0.00000e+00,0.00000e+00,0.00000e+00,0.00000e+00,0.00000e+00,0.00000e+00,6.17305e-42,1.48731e-40,2.56239e-43,5.28546e-42,6.91249e-42,1.15766e-38,2.68681e-37,4.98193e-40,9.92749e-39,1.29472e-38
0.00000e+00,0.00000e+00,0.00000e+00,0.00000e+00,0.00000e+00,0.00000e+00,0.00000e+00,0.00000e+00,0.00000e+00,0.00000e+00,6.91249e-42,1.66411e-40,2.87142e-43,6.17305e-42,7.49395e-42,1.29472e-38,3.00221e-37,5.57625e-40,1.15766e-38,1.40225e-38
0.00000e+00,0.00000e+00,0.00000e+00,0.00000e+00,0.00000e+00,0.00000e+00,0.00000e+00,0.00000e+00,0.00000e+00,0.00000e+00,7.49395e-42,1.80277e-40,3.11499e-43,6.91249e-42,7.91183e-42,1.40225e-38,3.24895e-37,6.04370e-40,1.29472e-38,1.47937e-38
0.00000e+00,0.00000e+00,0.00000e+00,0.00000e+00,0.00000e+00,0.00000e+00,0.00000e+00,0.00000e+00,0.00000e+00,0.00000e+00,7.91183e-42,1.90220e-40,3.29039e-43,7.49395e-42,8.16339e-42,1.47937e-38,3.42547e-37,6.37969e-40,1.40225e-38,1.52571e-38
0.00000e+00,0.00000e+00,0.00000e+00,0.00000e+00,0.00000e+00,0.00000e+00,0.00000e+00,0.00000e+00,0.00000e+00,0.00000e+00,8.16339e-42,1.96195e-40,3.39614e-43,7.91183e-42,8.24756e-42,1.52571e-38,3.53134e-37,6.58190e-40,1.47937e-38,1.54117e-38
0.00000e+00,0.00000e+00,0.00000e+00,0.00000e+00,0.00000e+00,0.00000e+00,0.00000e+00,0.00000e+00,0.00000e+00,0.00000e+00,8.24756e-42,1.98192e-40,3.43157e-43,8.16339e-42,8.16408e-42,1.54117e-38,3.56663e-37,6.64943e-40,1.52571e-38,1.52574e-38
0.00000e+00,0.00000e+00,0.00000e+00,0.00000e+00,0.00000e+00,0.00000e+00,0.00000e+00,0.00000e+00,0.00000e+00,0.00000e+00,8.16408e-42,1.96209e-40,3.39647e-43,8.24756e-42,7.91317e-42,1.52574e-38,3.53140e-37,6.58203e-40,1.54117e-38,1.47943e-38
0.00000e+00,0.00000e+00,0.00000e+00,0.00000e+00,0.00000e+00,0.00000e+00,0.00000e+00,0.00000e+00,0.00000e+00,0.00000e+00,7.91317e-42,1.90248e-40,3.29103e-43,8.16408e-42,7.49587e-42,1.47943e-38,3.42558e-37,6.37994e-40,1.52574e-38,1.40233e-38
0.00000e+00,0.00000e+00,0.00000e+00,0.00000e+00,0.00000e+00,0.00000e+00,0.00000e+00,0.00000e+00,0.00000e+00,0.00000e+00,7.49587e-42,1.80318e-40,3.11591e-43,7.91317e-42,6.91489e-42,1.40233e-38,3.24912e-37,6.04406e-40,1.47943e-38,1.29482e-38
0.00000e+00,0.00000e+00,0.00000e+00,0.00000e+00,0.00000e+00,0.00000e+00,0.00000e+00,0.00000e+00,0.00000e+00,0.00000e+00,6.91489e-42,1.66462e-40,2.87256e-43,7.49587e-42,6.17579e-42,1.29482e-38,3.00242e-37,5.57669e-40,1.40233e-38,1.15777e-38
0.00000e+00,0.00000e+00,0.00000e+00,0.00000e+00,0.00000e+00,0.00000e+00,0.00000e+00,0.00000e+00,0.00000e+00,0.00000e+00,6.17579e-42,1.48790e-40,2.56368e-43,6.91489e-42,5.28834e-42,1.15777e-38,2.68704e-37,4.98242e-40,1.29482e-38,9.92857e-39
0.00000e+00,0.00000e+00,0.00000e+00,0.00000e+00,0.00000e+00,0.00000e+00,0.00000e+00,0.00000e+00,0.00000e+00,0.00000e+00,5.28834e-42,1.27514e-40,2.19368e-43,6.17579e-42,4.26766e-42,9.92857e-39,2.30643e-37,4.26923e-40,1.15777e-38,8.02802e-39
0.00000e+00,0.00000e+00,0.00000e+00,0.00000e+00,0.00000e+00,0.00000e+00,0.00000e+00,0.00000e+00,0.00000e+00,0.00000e+00,4.26766e-42,1.02982e-40,1.76909e-43,5.28834e-42,3.13477e-42,8.02802e-39,1.86655e-37,3.44933e-40,9.92857e-39,5.91480e-39
0.00000e+00,0.00000e+00,0.00000e+00,0.00000e+00,0.00000e+00,0.00000e+00,0.00000e+00,0.00000e+00,0.00000e+00,0.00000e+00,3.13477e-42,7.56926e-41,1.29873e-43,4.26766e-42,1.91659e-42,5.91480e-39,1.37625e-37,2.53965e-40,8.02802e-39,3.63935e-39
0.00000e+00,0.00000e+00,0.00000e+00,0.00000e+00,0.00000e+00,0.00000e+00,0.00000e+00,0.00000e+00,0.00000e+00,0.00000e+00,1.91659e-42,4.62993e-41,7.93714e-44,3.13477e-42,6.44939e-43,3.63935e-39,8.47333e-38,1.56175e-40,5.91480e-39,1.26591e-39
0.00000e+00,0.00000e+00,0.00000e+00,0.00000e+00,0.00000e+00,0.00000e+00,0.00000e+00,0.00000e+00,0.00000e+00,0.00000e+00,7.92913e-44,1.91488e-42,3.28444e-45,2.66730e-44,1.29759e-43,1.56150e-40,3.63880e-39,6.69514e-42,5.42628e-41,2.53927e-40
0.00000e+00,0.00000e+00,0.00000e+00,0.00000e+00,0.00000e+00,0.00000e+00,0.00000e+00,0.00000e+00,0.00000e+00,0.00000e+00,1.29759e-43,3.13236e-42,5.37699e-45,7.92913e-44,1.76777e-43,2.53927e-40,5.91398e-39,1.08931e-41,1.56150e-40,3.44887e-40
0.00000e+00,0.00000e+00,0.00000e+00,0.00000e+00,0.00000e+00,0.00000e+00,0.00000e+00,0.00000e+00,0.00000e+00,0.00000e+00,1.76777e-43,4.26486e-42,7.32913e-45,1.29759e-43,2.19232e-43,3.44887e-40,8.02702e-39,1.48041e-41,2.53927e-40,4.26873e-40
0.00000e+00,0.00000e+00,0.00000e+00,0.00000e+00,0.00000e+00,0.00000e+00,0.00000e+00,0.00000e+00,0.00000e+00,0.00000e+00,2.19232e-43,5.28546e-42,9.09495e-45,1.76777e-43,2.56239e-43,4.26873e-40,9.92749e-39,1.83360e-41,3.44887e-40,4.98193e-40
0.00000e+00,0.00000e+00,0.00000e+00,0.00000e+00,0.00000e+00,0.00000e+00,0.00000e+00,0.00000e+00,0.00000e+00,0.00000e+00,2.56239e-43,6.17305e-42,1.06373e-44,2.19232e-43,2.87142e-43,4.98193e-40,1.15766e-38,2.14152e-41,4.26873e-40,5.57625e-40
0.00000e+00,0.00000e+00,0.00000e+00,0.00000e+00,0.00000e+00,0.00000e+00,0.00000e+00,0.00000e+00,0.00000e+00,0.00000e+00,2.87142e-43,6.91249e-42,1.19280e-44,2.56239e-43,3.11499e-43,5.57625e-40,1.29472e-38,2.39871e-41,4.98193e-40,6.04370e-40
0.00000e+00,0.00000e+00,0.00000e+00,0.00000e+00,0.00000e+00,0.00000e+00,0.00000e+00,0.00000e+00,0.00000e+00,0.00000e+00,3.11499e-43,7.49395e-42,1.29473e-44,2.87142e-43,3.29039e-43,6.04370e-40,1.40225e-38,2.60146e-41,5.57625e-40,6.37969e-40
0.00000e+00,0.00000e+00,0.00000e+00,0.00000e+00,0.00000e+00,0.00000e+00,0.00000e+00,0.00000e+00,0.00000e+00,0.00000e+00,3.29039e-43,7.91183e-42,1.36827e-44,3.11499e-43,3.39614e-43,6.37969e-40,1.47937e-38,2.74746e-41,6.04370e-40,6.58190e-40
0.00000e+00,0.00000e+00,0.00000e+00,0.00000e+00,0.00000e+00,0.00000e+00,0.00000e+00,0.00000e+00,0.00000e+00,0.00000e+00,3.39614e-43,8.16339e-42,1.41267e-44,3.29039e-43,3.43157e-43,6.58190e-40,1.52571e-38,2.83545e-41,6.37969e-40,6.64943e-40
0.00000e+00,0.00000e+00,0.00000e+00,0.00000e+00,0.00000e+00,0.00000e+00,0.00000e+00,0.00000e+00,0.00000e+00,0.00000e+00,3.43157e-43,8.24756e-42,1.42756e-44,3.39614e-43,3.39647e-43,6.64943e-40,1.54117e-38,2.86486e-41,6.58190e-40,6.58203e-40
0.00000e+00,0.00000e+00,0.00000e+00,0.00000e+00,0.00000e+00,0.00000e+00,0.00000e+00,0.00000e+00,0.00000e+00,0.00000e+00,3.39647e-43,8.16408e-42,1.41282e-44,3.43157e-43,3.29103e-43,6.58203e-40,1.52574e-38,2.83551e-41,6.64943e-40,6.37994e-40
0.00000e+00,0.00000e+00,0.00000e+00,0.00000e+00,0.00000e+00,0.00000e+00,0.00000e+00,0.00000e+00,0.00000e+00,0.00000e+00,3.29103e-43,7.91317e-42,1.36858e-44,3.39647e-43,3.11591e-43,6.37994e-40,1.47943e-38,2.74757e-41,6.58203e-40,6.04406e-40
0.00000e+00,0.00000e+00,0.00000e+00,0.00000e+00,0.00000e+00,0.00000e+00,0.00000e+00,0.00000e+00,0.00000e+00,0.00000e+00,3.11591e-43,7.49587e-42,1.29517e-44,3.29103e-43,2.87256e-43,6.04406e-40,1.40233e-38,2.60162e-41,6.37994e-40,5.57669e-40
0.00000e+00,0.00000e+00,0.00000e+00,0.00000e+00,0.00000e+00,0.00000e+00,0.00000e+00,0.00000e+00,0.00000e+00,0.00000e+00,2.87256e-43,6.91489e-42,1.19334e-44,3.11591e-43,2.56368e-43,5.57669e-40,1.29482e-38,2.39891e-41,6.04406e-40,4.98242e-40
0.00000e+00,0.00000e+00,0.00000e+00,0.00000e+00,0.00000e+00,0.00000e+00,0.00000e+00,0.00000e+00,0.00000e+00,0.00000e+00,2.56368e-43,6.17579e-42,1.06435e-44,2.87256e-43,2.19368e-43,4.98242e-40,1.15777e-38,2.14175e-41,5.57669e-40,4.26923e-40
0.00000e+00,0.00000e+00,0.00000e+00,0.00000e+00,0.00000e+00,0.00000e+00,0.00000e+00,0.00000e+00,0.00000e+00,0.00000e+00,2.19368e-43,5.28834e-42,9.10144e-45,2.56368e-43,1.76909e-43,4.26923e-40,9.92857e-39,1.83383e-41,4.98242e-40,3.44933e-40
0.00000e+00,0.00000e+00,0.00000e+00,0.00000e+00,0.00000e+00,0.00000e+00,0.00000e+00,0.00000e+00,0.00000e+00,0.00000e+00,1.76909e-43,4.26766e-42,7.33537e-45,2.19368e-43,1.29873e-43,3.44933e-40,8.02802e-39,1.48062e-41,4.26923e-40,2.53965e-40
0.00000e+00,0.00000e+00,0.00000e+00,0.00000e+00,0.00000e+00,0.00000e+00,0.00000e+00,0.00000e+00,0.00000e+00,0.00000e+00,1.29873e-43,3.13477e-42,5.38236e-45,1.76909e-43,7.93714e-44,2.53965e-40,5.91480e-39,1.08948e-41,3.44933e-40,1.56175e-40
0.00000e+00,0.00000e+00,0.00000e+00,0.00000e+00,0.00000e+00,0.00000e+00,0.00000e+00,0.00000e+00,0.00000e+00,0.00000e+00,7.93714e-44,1.91659e-42,3.28822e-45,1.29873e-43,2.67031e-44,1.56175e-40,3.63935e-39,6.69631e-42,2.53965e-40,5.42724e-41
0.00000e+00,0.00000e+00,0.00000e+00,0.00000e+00,0.00000e+00,0.00000e+00,0.00000e+00,0.00000e+00,0.00000e+00,0.00000e+00,3.28444e-45,7.92913e-44,1.36091e-46,1.10464e-45,5.37699e-45,6.69514e-42,1.56150e-40,2.86834e-43,2.32453e-42,1.08931e-41
0.00000e+00,0.00000e+00,0.00000e+00,0.00000e+00,0.00000e+00,0.00000e+00,0.00000e+00,0.00000e+00,0.00000e+00,0.00000e+00,5.37699e-45,1.29759e-43,2.22872e-46,3.28444e-45,7.32913e-45,1.08931e-41,2.53927e-40,4.66901e-43,6.69514e-42,1.48041e-41
0.00000e+00,0.00000e+00,0.00000e+00,0.00000e+00,0.00000e+00,0.00000e+00,0.00000e+00,0.00000e+00,0.00000e+00,0.00000e+00,7.32913e-45,1.76777e-43,3.03929e-46,5.37699e-45,9.09495e-45,1.48041e-41,3.44887e-40,6.34879e-43,1.08931e-41,1.83360e-41
0.00000e+00,0.00000e+00,0.00000e+00,0.00000e+00,0.00000e+00,0.00000e+00,0.00000e+00,0.00000e+00,0.00000e+00,0.00000e+00,9.09495e-45,2.19232e-43,3.77365e-46,7.32913e-45,1.06373e-44,1.83360e-41,4.26873e-40,7.86834e-43,1.48041e-41,2.14152e-41
0.00000e+00,0.00000e+00,0.00000e+00,0.00000e+00,0.00000e+00,0.00000e+00,0.00000e+00,0.00000e+00,0.00000e+00,0.00000e+00,1.06373e-44,2.56239e-43,4.41621e-46,9.09495e-45,1.19280e-44,2.14152e-41,4.98193e-40,9.19571e-43,1.83360e-41,2.39871e-41
0.00000e+00,0.00000e+00,0.00000e+00,0.00000e+00,0.00000e+00,0.00000e+00,0.00000e+00,0.00000e+00,0.00000e+00,0.00000e+00,1.19280e-44,2.87142e-43,4.95496e-46,1.06373e-44,1.29473e-44,2.39871e-41,5.57625e-40,1.03067e-42,2.14152e-41,2.60146e-41
0.00000e+00,0.00000e+00,0.00000e+00,0.00000e+00,0.00000e+00,0.00000e+00,0.00000e+00,0.00000e+00,0.00000e+00,0.00000e+00,1.29473e-44,3.11499e-43,5.38123e-46,1.19280e-44,1.36827e-44,2.60146e-41,6.04370e-40,1.11842e-42,2.39871e-41,2.74746e-41
0.00000e+00,0.00000e+00,0.00000e+00,0.00000e+00,0.00000e+00,0.00000e+00,0.00000e+00,0.00000e+00,0.00000e+00,0.00000e+00,1.36827e-44,3.29039e-43,5.68921e-46,1.29473e-44,1.41267e-44,2.74746e-41,6.37969e-40,1.18172e-42,2.60146e-41,2.83545e-41
0.00000e+00,0.00000e+00,0.00000e+00,0.00000e+00,0.00000e+00,0.00000e+00,0.00000e+00,0.00000e+00,0.00000e+00,0.00000e+00,1.41267e-44,3.39614e-43,5.87539e-46,1.36827e-44,1.42756e-44,2.83545e-41,6.58190e-40,1.21992e-42,2.74746e-41,2.86486e-41
0.00000e+00,0.00000e+00,0.00000e+00,0.00000e+00,0.00000e+00,0.00000e+00,0.00000e+00,0.00000e+00,0.00000e+00,0.00000e+00,1.42756e-44,3.43157e-43,5.93789e-46,1.41267e-44,1.41282e-44,2.86486e-41,6.64943e-40,1.23269e-42,2.83545e-41,2.83551e-41
0.00000e+00,0.00000e+00,0.00000e+00,0.00000e+00,0.00000e+00,0.00000e+00,0.00000e+00,0.00000e+00,0.00000e+00,0.00000e+00,1.41282e-44,3.39647e-43,5.87615e-46,1.42756e-44,1.36858e-44,2.83551e-41,6.58203e-40,1.21994e-42,2.86486e-41,2.74757e-41
0.00000e+00,0.00000e+00,0.00000e+00,0.00000e+00,0.00000e+00,0.00000e+00,0.00000e+00,0.00000e+00,0.00000e+00,0.00000e+00,1.36858e-44,3.29103e-43,5.69070e-46,1.41282e-44,1.29517e-44,2.74757e-41,6.37994e-40,1.18177e-42,2.83551e-41,2.60162e-41
0.00000e+00,0.00000e+00,0.00000e+00,0.00000e+00,0.00000e+00,0.00000e+00,0.00000e+00,0.00000e+00,0.00000e+00,0.00000e+00,1.29517e-44,3.11591e-43,5.38334e-46,1.36858e-44,1.19334e-44,2.60162e-41,6.04406e-40,1.11850e-42,2.74757e-41,2.39891e-41
0.00000e+00,0.00000e+00,0.00000e+00,0.00000e+00,0.00000e+00,0.00000e+00,0.00000e+00,0.00000e+00,0.00000e+00,0.00000e+00,1.19334e-44,2.87256e-43,4.95759e-46,1.29517e-44,1.06435e-44,2.39891e-41,5.57669e-40,1.03076e-42,2.60162e-41,2.14175e-41
0.00000e+00,0.00000e+00,0.00000e+00,0.00000e+00,0.00000e+00,0.00000e+00,0.00000e+00,0.00000e+00,0.00000e+00,0.00000e+00,1.06435e-44,2.56368e-43,4.41918e-46,1.19334e-44,9.10144e-45,2.14175e-41,4.98242e-40,9.19676e-43,2.39891e-41,1.83383e-41
0.00000e+00,0.00000e+00,0.00000e+00,0.00000e+00,0.00000e+00,0.00000e+00,0.00000e+00,0.00000e+00,0.00000e+00,0.00000e+00,9.10144e-45,2.19368e-43,3.77674e-46,1.06435e-44,7.33537e-45,1.83383e-41,4.26923e-40,7.86941e-43,2.14175e-41,1.48062e-41
0.00000e+00,0.00000e+00,0.00000e+00,0.00000e+00,0.00000e+00,0.00000e+00,0.00000e+00,0.00000e+00,0.00000e+00,0.00000e+00,7.33537e-45,1.76909e-43,3.04226e-46,9.10144e-45,5.38236e-45,1.48062e-41,3.44933e-40,6.34978e-43,1.83383e-41,1.08948e-41
0.00000e+00,0.00000e+00,0.00000e+00,0.00000e+00,0.00000e+00,0.00000e+00,0.00000e+00,0.00000e+00,0.00000e+00,0.00000e+00,5.38236e-45,1.29873e-43,2.23127e-46,7.33537e-45,3.28822e-45,1.08948e-41,2.53965e-40,4.66982e-43,1.48062e-41,6.69631e-42
0.00000e+00,0.00000e+00,0.00000e+00,0.00000e+00,0.00000e+00,0.00000e+00,0.00000e+00,0.00000e+00,0.00000e+00,0.00000e+00,3.28822e-45,7.93714e-44,1.36270e-46,5.38236e-45,1.10606e-45,6.69631e-42,1.56175e-40,2.86888e-43,1.08948e-41,2.32497e-42
0.00000e+00,0.00000e+00,0.00000e+00,0.00000e+00,0.00000e+00,0.00000e+00,0.00000e+00,0.00000e+00,0.00000e+00,0.00000e+00,1.36091e-46,3.28444e-45,5.64049e-48,4.57625e-47,2.22872e-46,2.86834e-43,6.69514e-42,1.22792e-44,9.95044e-44,4.66901e-43
0.00000e+00,0.00000e+00,0.00000e+00,0.00000e+00,0.00000e+00,0.00000e+00,0.00000e+00,0.00000e+00,0.00000e+00,0.00000e+00,2.22872e-46,5.37699e-45,9.24006e-48,1.36091e-46,3.03929e-46,4.66901e-43,1.08931e-41,1.99962e-44,2.86834e-43,6.34879e-43
0.00000e+00,0.00000e+00,0.00000e+00,0.00000e+00,0.00000e+00,0.00000e+00,0.00000e+00,0.00000e+00,0.00000e+00,0.00000e+00,3.03929e-46,7.32913e-45,1.26059e-47,2.22872e-46,3.77365e-46,6.34879e-43,1.48041e-41,2.72036e-44,4.66901e-43,7.86834e-43
0.00000e+00,0.00000e+00,0.00000e+00,0.00000e+00,0.00000e+00,0.00000e+00,0.00000e+00,0.00000e+00,0.00000e+00,0.00000e+00,3.77365e-46,9.09495e-45,1.56595e-47,3.03929e-46,4.41621e-46,7.86834e-43,1.83360e-41,3.37333e-44,6.34879e-43,9.19571e-43
0.00000e+00,0.00000e+00,0.00000e+00,0.00000e+00,0.00000e+00,0.00000e+00,0.00000e+00,0.00000e+00,0.00000e+00,0.00000e+00,4.41621e-46,1.06373e-44,1.83357e-47,3.77365e-46,4.95496e-46,9.19571e-43,2.14152e-41,3.94471e-44,7.86834e-43,1.03067e-42
0.00000e+00,0.00000e+00,0.00000e+00,0.00000e+00,0.00000e+00,0.00000e+00,0.00000e+00,0.00000e+00,0.00000e+00,0.00000e+00,4.95496e-46,1.19280e-44,2.05833e-47,4.41621e-46,5.38123e-46,1.03067e-42,2.39871e-41,4.42381e-44,9.19571e-43,1.11842e-42
0.00000e+00,0.00000e+00,0.00000e+00,0.00000e+00,0.00000e+00,0.00000e+00,0.00000e+00,0.00000e+00,0.00000e+00,0.00000e+00,5.38123e-46,1.29473e-44,2.23646e-47,4.95496e-46,5.68921e-46,1.11842e-42,2.60146e-41,4.80289e-44,1.03067e-42,1.18172e-42
0.00000e+00,0.00000e+00,0.00000e+00,0.00000e+00,0.00000e+00,0.00000e+00,0.00000e+00,0.00000e+00,0.00000e+00,0.00000e+00,5.68921e-46,1.36827e-44,2.36533e-47,5.38123e-46,5.87539e-46,1.18172e-42,2.74746e-41,5.07674e-44,1.11842e-42,1.21992e-42
0.00000e+00,0.00000e+00,0.00000e+00,0.00000e+00,0.00000e+00,0.00000e+00,0.00000e+00,0.00000e+00,0.00000e+00,0.00000e+00,5.87539e-46,1.41267e-44,2.44332e-47,5.68921e-46,5.93789e-46,1.21992e-42,2.83545e-41,5.24219e-44,1.18172e-42,1.23269e-42
0.00000e+00,0.00000e+00,0.00000e+00,0.00000e+00,0.00000e+00,0.00000e+00,0.00000e+00,0.00000e+00,0.00000e+00,0.00000e+00,5.93789e-46,1.42756e-44,2.46954e-47,5.87539e-46,5.87615e-46,1.23269e-42,2.86486e-41,5.29755e-44,1.21992e-42,1.21994e-42
0.00000e+00,0.00000e+00,0.00000e+00,0.00000e+00,0.00000e+00,0.00000e+00,0.00000e+00,0.00000e+00,0.00000e+00,0.00000e+00,5.87615e-46,1.41282e-44,2.44369e-47,5.93789e-46,5.69070e-46,1.21994e-42,2.83551e-41,5.24232e-44,1.23269e-42,1.18177e-42
0.00000e+00,0.00000e+00,0.00000e+00,0.00000e+00,0.00000e+00,0.00000e+00,0.00000e+00,0.00000e+00,0.00000e+00,0.00000e+00,5.69070e-46,1.36858e-44,2.36605e-47,5.87615e-46,5.38334e-46,1.18177e-42,2.74757e-41,5.07700e-44,1.21994e-42,1.11850e-42
0.00000e+00,0.00000e+00,0.00000e+00,0.00000e+00,0.00000e+00,0.00000e+00,0.00000e+00,0.00000e+00,0.00000e+00,0.00000e+00,5.38334e-46,1.29517e-44,2.23747e-47,5.69070e-46,4.95759e-46,1.11850e-42,2.60162e-41,4.80325e-44,1.18177e-42,1.03076e-42
0.00000e+00,0.00000e+00,0.00000e+00,0.00000e+00,0.00000e+00,0.00000e+00,0.00000e+00,0.00000e+00,0.00000e+00,0.00000e+00,4.95759e-46,1.19334e-44,2.05959e-47,5.38334e-46,4.41918e-46,1.03076e-42,2.39891e-41,4.42425e-44,1.11850e-42,9.19676e-43
0.00000e+00,0.00000e+00,0.00000e+00,0.00000e+00,0.00000e+00,0.00000e+00,0.00000e+00,0.00000e+00,0.00000e+00,0.00000e+00,4.41918e-46,1.06435e-44,1.83499e-47,4.95759e-46,3.77674e-46,9.19676e-43,2.14175e-41,3.94520e-44,1.03076e-42,7.86941e-43
0.00000e+00,0.00000e+00,0.00000e+00,0.00000e+00,0.00000e+00,0.00000e+00,0.00000e+00,0.00000e+00,0.00000e+00,0.00000e+00,3.77674e-46,9.10144e-45,1.56743e-47,4.41918e-46,3.04226e-46,7.86941e-43,1.83383e-41,3.37383e-44,9.19676e-43,6.34978e-43
0.00000e+00,0.00000e+00,0.00000e+00,0.00000e+00,0.00000e+00,0.00000e+00,0.00000e+00,0.00000e+00,0.00000e+00,0.00000e+00,3.04226e-46,7.33537e-45,1.26200e-47,3.77674e-46,2.23127e-46,6.34978e-43,1.48062e-41,2.72082e-44,7.86941e-43,4.66982e-43
0.00000e+00,0.00000e+00,0.00000e+00,0.00000e+00,0.00000e+00,0.00000e+00,0.00000e+00,0.00000e+00,0.00000e+00,0.00000e+00,2.23127e-46,5.38236e-45,9.25215e-48,3.04226e-46,1.36270e-46,4.66982e-43,1.08948e-41,2.00000e-44,6.34978e-43,2.86888e-43
0.00000e+00,0.00000e+00,0.00000e+00,0.00000e+00,0.00000e+00,0.00000e+00,0.00000e+00,0.00000e+00,0.00000e+00,0.00000e+00,1.36270e-46,3.28822e-45,5.64894e-48,2.23127e-46,4.58294e-47,2.86888e-43,6.69631e-42,1.22817e-44,4.66982e-43,9.95250e-44
0.00000e+00,0.00000e+00,0.00000e+00,0.00000e+00,0.00000e+00,0.00000e+00,0.00000e+00,0.00000e+00,0.00000e+00,0.00000e+00,5.64049e-48,1.36091e-46,2.33834e-49,1.89638e-48,9.24006e-48,1.22792e-44,2.86834e-43,5.25280e-46,4.25635e-45,1.99962e-44
0.00000e+00,0.00000e+00,0.00000e+00,0.00000e+00,0.00000e+00,0.00000e+00,0.00000e+00,0.00000e+00,0.00000e+00,0.00000e+00,9.24006e-48,2.22872e-46,3.83163e-49,5.64049e-48,1.26059e-47,1.99962e-44,4.66901e-43,8.55731e-46,1.22792e-44,2.72036e-44
0.00000e+00,0.00000e+00,0.00000e+00,0.00000e+00,0.00000e+00,0.00000e+00,0.00000e+00,0.00000e+00,0.00000e+00,0.00000e+00,1.26059e-47,3.03929e-46,5.22932e-49,9.24006e-48,1.56595e-47,2.72036e-44,6.34879e-43,1.16468e-45,1.99962e-44,3.37333e-44
0.00000e+00,0.00000e+00,0.00000e+00,0.00000e+00,0.00000e+00,0.00000e+00,0.00000e+00,0.00000e+00,0.00000e+00,0.00000e+00,1.56595e-47,3.77365e-46,6.49896e-49,1.26059e-47,1.83357e-47,3.37333e-44,7.86834e-43,1.44495e-45,2.72036e-44,3.94471e-44
0.00000e+00,0.00000e+00,0.00000e+00,0.00000e+00,0.00000e+00,0.00000e+00,0.00000e+00,0.00000e+00,0.00000e+00,0.00000e+00,1.83357e-47,4.41621e-46,7.61327e-49,1.56595e-47,2.05833e-47,3.94471e-44,9.19571e-43,1.69058e-45,3.37333e-44,4.42381e-44
0.00000e+00,0.00000e+00,0.00000e+00,0.00000e+00,0.00000e+00,0.00000e+00,0.00000e+00,0.00000e+00,0.00000e+00,0.00000e+00,2.05833e-47,4.95496e-46,8.55052e-49,1.83357e-47,2.23646e-47,4.42381e-44,1.03067e-42,1.89688e-45,3.94471e-44,4.80289e-44
0.00000e+00,0.00000e+00,0.00000e+00,0.00000e+00,0.00000e+00,0.00000e+00,0.00000e+00,0.00000e+00,0.00000e+00,0.00000e+00,2.23646e-47,5.38123e-46,9.29434e-49,2.05833e-47,2.36533e-47,4.80289e-44,1.11842e-42,2.06035e-45,4.42381e-44,5.07674e-44
0.00000e+00,0.00000e+00,0.00000e+00,0.00000e+00,0.00000e+00,0.00000e+00,0.00000e+00,0.00000e+00,0.00000e+00,0.00000e+00,2.36533e-47,5.68921e-46,9.83320e-49,2.23646e-47,2.44332e-47,5.07674e-44,1.18172e-42,2.17861e-45,4.80289e-44,5.24219e-44
0.00000e+00,0.00000e+00,0.00000e+00,0.00000e+00,0.00000e+00,0.00000e+00,0.00000e+00,0.00000e+00,0.00000e+00,0.00000e+00,2.44332e-47,5.87539e-46,1.01596e-48,2.36533e-47,2.46954e-47,5.24219e-44,1.21992e-42,2.25012e-45,5.07674e-44,5.29755e-44
0.00000e+00,0.00000e+00,0.00000e+00,0.00000e+00,0.00000e+00,0.00000e+00,0.00000e+00,0.00000e+00,0.00000e+00,0.00000e+00,2.46954e-47,5.93789e-46,1.02695e-48,2.44332e-47,2.44369e-47,5.29755e-44,1.23269e-42,2.27406e-45,5.24219e-44,5.24232e-44
0.00000e+00,0.00000e+00,0.00000e+00,0.00000e+00,0.00000e+00,0.00000e+00,0.00000e+00,0.00000e+00,0.00000e+00,0.00000e+00,2.44369e-47,5.87615e-46,1.01614e-48,2.46954e-47,2.36605e-47,5.24232e-44,1.21994e-42,2.25018e-45,5.29755e-44,5.07700e-44
0.00000e+00,0.00000e+00,0.00000e+00,0.00000e+00,0.00000e+00,0.00000e+00,0.00000e+00,0.00000e+00,0.00000e+00,0.00000e+00,2.36605e-47,5.69070e-46,9.83660e-49,2.44369e-47,2.23747e-47,5.07700e-44,1.18177e-42,2.17873e-45,5.24232e-44,4.80325e-44
0.00000e+00,0.00000e+00,0.00000e+00,0.00000e+00,0.00000e+00,0.00000e+00,0.00000e+00,0.00000e+00,0.00000e+00,0.00000e+00,2.23747e-47,5.38334e-46,9.29920e-49,2.36605e-47,2.05959e-47,4.80325e-44,1.11850e-42,2.06052e-45,5.07700e-44,4.42425e-44
0.00000e+00,0.00000e+00,0.00000e+00,0.00000e+00,0.00000e+00,0.00000e+00,0.00000e+00,0.00000e+00,0.00000e+00,0.00000e+00,2.05959e-47,4.95759e-46,8.55653e-49,2.23747e-47,1.83499e-47,4.42425e-44,1.03076e-42,1.89708e-45,4.80325e-44,3.94520e-44
0.00000e+00,0.00000e+00,0.00000e+00,0.00000e+00,0.00000e+00,0.00000e+00,0.00000e+00,0.00000e+00,0.00000e+00,0.00000e+00,1.83499e-47,4.41918e-46,7.62003e-49,2.05959e-47,1.56743e-47,3.94520e-44,9.19676e-43,1.69081e-45,4.42425e-44,3.37383e-44
0.00000e+00,0.00000e+00,0.00000e+00,0.00000e+00,0.00000e+00,0.00000e+00,0.00000e+00,0.00000e+00,0.00000e+00,0.00000e+00,1.56743e-47,3.77674e-46,6.50598e-49,1.83499e-47,1.26200e-47,3.37383e-44,7.86941e-43,1.44518e-45,3.94520e-44,2.72082e-44
0.00000e+00,0.00000e+00,0.00000e+00,0.00000e+00,0.00000e+00,0.00000e+00,0.00000e+00,0.00000e+00,0.00000e+00,0.00000e+00,1.26200e-47,3.04226e-46,5.23602e-49,1.56743e-47,9.25215e-48,2.72082e-44,6.34978e-43,1.16489e-45,3.37383e-44,2.00000e-44
0.00000e+00,0.00000e+00,0.00000e+00,0.00000e+00,0.00000e+00,0.00000e+00,0.00000e+00,0.00000e+00,0.00000e+00,0.00000e+00,9.25215e-48,2.23127e-46,3.83735e-49,1.26200e-47,5.64894e-48,2.00000e-44,4.66982e-43,8.55908e-46,2.72082e-44,1.22817e-44
0.00000e+00,0.00000e+00,0.00000e+00,0.00000e+00,0.00000e+00,0.00000e+00,0.00000e+00,0.00000e+00,0.00000e+00,0.00000e+00,5.64894e-48,1.36270e-46,2.34232e-49,9.25215e-48,1.89953e-48,1.22817e-44,2.86888e-43,5.25398e-46,2.00000e-44,4.25731e-45
0.00000e+00,0.00000e+00,0.00000e+00,0.00000e+00,0.00000e+00,0.00000e+00,0.00000e+00,0.00000e+00,0.00000e+00,0.00000e+00,2.33834e-49,5.64049e-48,9.69591e-51,7.86050e-50,3.83163e-49,5.25280e-46,1.22792e-44,2.24547e-47,1.81942e-46,8.55731e-46
0.00000e+00,0.00000e+00,0.00000e+00,0.00000e+00,0.00000e+00,0.00000e+00,0.00000e+00,0.00000e+00,0.00000e+00,0.00000e+00,3.83163e-49,9.24006e-48,1.58918e-50,2.33834e-49,5.22932e-49,8.55731e-46,1.99962e-44,3.65938e-47,5.25280e-46,1.16468e-45
0.00000e+00,0.00000e+00,0.00000e+00,0.00000e+00,0.00000e+00,0.00000e+00,0.00000e+00,0.00000e+00,0.00000e+00,0.00000e+00,5.22932e-49,1.26059e-47,2.16960e-50,3.83163e-49,6.49896e-49,1.16468e-45,2.72036e-44,4.98249e-47,8.55731e-46,1.44495e-45
0.00000e+00,0.00000e+00,0.00000e+00,0.00000e+00,0.00000e+00,0.00000e+00,0.00000e+00,0.00000e+00,0.00000e+00,0.00000e+00,6.49896e-49,1.56595e-47,2.69744e-50,5.22932e-49,7.61327e-49,1.44495e-45,3.37333e-44,6.18424e-47,1.16468e-45,1.69058e-45
0.00000e+00,0.00000e+00,0.00000e+00,0.00000e+00,0.00000e+00,0.00000e+00,0.00000e+00,0.00000e+00,0.00000e+00,0.00000e+00,7.61327e-49,1.83357e-47,3.16129e-50,6.49896e-49,8.55052e-49,1.69058e-45,3.94471e-44,7.23890e-47,1.44495e-45,1.89688e-45
0.00000e+00,0.00000e+00,0.00000e+00,0.00000e+00,0.00000e+00,0.00000e+00,0.00000e+00,0.00000e+00,0.00000e+00,0.00000e+00,8.55052e-49,2.05833e-47,3.55196e-50,7.61327e-49,9.29434e-49,1.89688e-45,4.42381e-44,8.12592e-47,1.69058e-45,2.06035e-45
0.00000e+00,0.00000e+00,0.00000e+00,0.00000e+00,0.00000e+00,0.00000e+00,0.00000e+00,0.00000e+00,0.00000e+00,0.00000e+00,9.29434e-49,2.23646e-47,3.86239e-50,8.55052e-49,9.83320e-49,2.06035e-45,4.80289e-44,8.82978e-47,1.89688e-45,2.17861e-45
0.00000e+00,0.00000e+00,0.00000e+00,0.00000e+00,0.00000e+00,0.00000e+00,0.00000e+00,0.00000e+00,0.00000e+00,0.00000e+00,9.83320e-49,2.36533e-47,4.08754e-50,9.29434e-49,1.01596e-48,2.17861e-45,5.07674e-44,9.33953e-47,2.06035e-45,2.25012e-45
0.00000e+00,0.00000e+00,0.00000e+00,0.00000e+00,0.00000e+00,0.00000e+00,0.00000e+00,0.00000e+00,0.00000e+00,0.00000e+00,1.01596e-48,2.44332e-47,4.22405e-50,9.83320e-49,1.02695e-48,2.25012e-45,5.24219e-44,9.64806e-47,2.17861e-45,2.27406e-45
0.00000e+00,0.00000e+00,0.00000e+00,0.00000e+00,0.00000e+00,0.00000e+00,0.00000e+00,0.00000e+00,0.00000e+00,0.00000e+00,1.02695e-48,2.46954e-47,4.27004e-50,1.01596e-48,1.01614e-48,2.27406e-45,5.29755e-44,9.75142e-47,2.25012e-45,2.25018e-45
0.00000e+00,0.00000e+00,0.00000e+00,0.00000e+00,0.00000e+00,0.00000e+00,0.00000e+00,0.00000e+00,0.00000e+00,0.00000e+00,1.01614e-48,2.44369e-47,4.22489e-50,1.02695e-48,9.83660e-49,2.25018e-45,5.24232e-44,9.64835e-47,2.27406e-45,2.17873e-45
0.00000e+00,0.00000e+00,0.00000e+00,0.00000e+00,0.00000e+00,0.00000e+00,0.00000e+00,0.00000e+00,0.00000e+00,0.00000e+00,9.83660e-49,2.36605e-47,4.08916e-50,1.01614e-48,9.29920e-49,2.17873e-45,5.07700e-44,9.34010e-47,2.25018e-45,2.06052e-45
0.00000e+00,0.00000e+00,0.00000e+00,0.00000e+00,0.00000e+00,0.00000e+00,0.00000e+00,0.00000e+00,0.00000e+00,0.00000e+00,9.29920e-49,2.23747e-47,3.86470e-50,9.83660e-49,8.55653e-49,2.06052e-45,4.80325e-44,8.83058e-47,2.17873e-45,1.89708e-45
0.00000e+00,0.00000e+00,0.00000e+00,0.00000e+00,0.00000e+00,0.00000e+00,0.00000e+00,0.00000e+00,0.00000e+00,0.00000e+00,8.55653e-49,2.05959e-47,3.55480e-50,9.29920e-49,7.62003e-49,1.89708e-45,4.42425e-44,8.12690e-47,2.06052e-45,1.69081e-45
0.00000e+00,0.00000e+00,0.00000e+00,0.00000e+00,0.00000e+00,0.00000e+00,0.00000e+00,0.00000e+00,0.00000e+00,0.00000e+00,7.62003e-49,1.83499e-47,3.16449e-50,8.55653e-49,6.50598e-49,1.69081e-45,3.94520e-44,7.23998e-47,1.89708e-45,1.44518e-45
0.00000e+00,0.00000e+00,0.00000e+00,0.00000e+00,0.00000e+00,0.00000e+00,0.00000e+00,0.00000e+00,0.00000e+00,0.00000e+00,6.50598e-49,1.56743e-47,2.70075e-50,7.62003e-49,5.23602e-49,1.44518e-45,3.37383e-44,6.18534e-47,1.69081e-45,1.16489e-45
0.00000e+00,0.00000e+00,0.00000e+00,0.00000e+00,0.00000e+00,0.00000e+00,0.00000e+00,0.00000e+00,0.00000e+00,0.00000e+00,5.23602e-49,1.26200e-47,2.17276e-50,6.50598e-49,3.83735e-49,1.16489e-45,2.72082e-44,4.98350e-47,1.44518e-45,8.55908e-46
0.00000e+00,0.00000e+00,0.00000e+00,0.00000e+00,0.00000e+00,0.00000e+00,0.00000e+00,0.00000e+00,0.00000e+00,0.00000e+00,3.83735e-49,9.25215e-48,1.59186e-50,5.23602e-49,2.34232e-49,8.55908e-46,2.00000e-44,3.66020e-47,1.16489e-45,5.25398e-46
0.00000e+00,0.00000e+00,0.00000e+00,0.00000e+00,0.00000e+00,0.00000e+00,0.00000e+00,0.00000e+00,0.00000e+00,0.00000e+00,2.34232e-49,5.64894e-48,9.71454e-51,3.83735e-49,7.87530e-50,5.25398e-46,1.22817e-44,2.24602e-47,8.55908e-46,1.81987e-46
0.00000e+00,0.00000e+00,0.00000e+00,0.00000e+00,0.00000e+00,0.00000e+00,0.00000e+00,0.00000e+00,0.00000e+00,0.00000e+00,9.69591e-51,2.33834e-49,4.02114e-52,3.25892e-51,1.58918e-50,2.24547e-47,5.25280e-46,9.59252e-49,7.77216e-48,3.65938e-47
0.00000e+00,0.00000e+00,0.00000e+00,0.00000e+00,0.00000e+00,0.00000e+00,0.00000e+00,0.00000e+00,0.00000e+00,0.00000e+00,1.58918e-50,3.83163e-49,6.59219e-52,9.69591e-51,2.16960e-50,3.65938e-47,8.55731e-46,1.56377e-48,2.24547e-47,4.98249e-47
0.00000e+00,0.00000e+00,0.00000e+00,0.00000e+00,0.00000e+00,0.00000e+00,0.00000e+00,0.00000e+00,0.00000e+00,0.00000e+00,2.16960e-50,5.22932e-49,9.00261e-52,1.58918e-50,2.69744e-50,4.98249e-47,1.16468e-45,2.12992e-48,3.65938e-47,6.18424e-47
0.00000e+00,0.00000e+00,0.00000e+00,0.00000e+00,0.00000e+00,0.00000e+00,0.00000e+00,0.00000e+00,0.00000e+00,0.00000e+00,2.69744e-50,6.49896e-49,1.11968e-51,2.16960e-50,3.16129e-50,6.18424e-47,1.44495e-45,2.64470e-48,4.98249e-47,7.23890e-47
0.00000e+00,0.00000e+00,0.00000e+00,0.00000e+00,0.00000e+00,0.00000e+00,0.00000e+00,0.00000e+00,0.00000e+00,0.00000e+00,3.16129e-50,7.61327e-49,1.31273e-51,2.69744e-50,3.55196e-50,7.23890e-47,1.69058e-45,3.09702e-48,6.18424e-47,8.12592e-47
0.00000e+00,0.00000e+00,0.00000e+00,0.00000e+00,0.00000e+00,0.00000e+00,0.00000e+00,0.00000e+00,0.00000e+00,0.00000e+00,3.55196e-50,8.55052e-49,1.47551e-51,3.16129e-50,3.86239e-50,8.12592e-47,1.89688e-45,3.47792e-48,7.23890e-47,8.82978e-47
0.00000e+00,0.00000e+00,0.00000e+00,0.00000e+00,0.00000e+00,0.00000e+00,0.00000e+00,0.00000e+00,0.00000e+00,0.00000e+00,3.86239e-50,9.29434e-49,1.60500e-51,3.55196e-50,4.08754e-50,8.82978e-47,2.06035e-45,3.78054e-48,8.12592e-47,9.33953e-47
0.00000e+00,0.00000e+00,0.00000e+00,0.00000e+00,0.00000e+00,0.00000e+00,0.00000e+00,0.00000e+00,0.00000e+00,0.00000e+00,4.08754e-50,9.83320e-49,1.69901e-51,3.86239e-50,4.22405e-50,9.33953e-47,2.17861e-45,3.99993e-48,8.82978e-47,9.64806e-47
0.00000e+00,0.00000e+00,0.00000e+00,0.00000e+00,0.00000e+00,0.00000e+00,0.00000e+00,0.00000e+00,0.00000e+00,0.00000e+00,4.22405e-50,1.01596e-48,1.75607e-51,4.08754e-50,4.27004e-50,9.64806e-47,2.25012e-45,4.13281e-48,9.33953e-47,9.75142e-47
0.00000e+00,0.00000e+00,0.00000e+00,0.00000e+00,0.00000e+00,0.00000e+00,0.00000e+00,0.00000e+00,0.00000e+00,0.00000e+00,4.27004e-50,1.02695e-48,1.77531e-51,4.22405e-50,4.22489e-50,9.75142e-47,2.27406e-45,4.17735e-48,9.64806e-47,9.64835e-47
0.00000e+00,0.00000e+00,0.00000e+00,0.00000e+00,0.00000e+00,0.00000e+00,0.00000e+00,0.00000e+00,0.00000e+00,0.00000e+00,4.22489e-50,1.01614e-48,1.75646e-51,4.27004e-50,4.08916e-50,9.64835e-47,2.25018e-45,4.13295e-48,9.75142e-47,9.34010e-47
0.00000e+00,0.00000e+00,0.00000e+00,0.00000e+00,0.00000e+00,0.00000e+00,0.00000e+00,0.00000e+00,0.00000e+00,0.00000e+00,4.08916e-50,9.83660e-49,1.69978e-51,4.22489e-50,3.86470e-50,9.34010e-47,2.17873e-45,4.00020e-48,9.64835e-47,8.83058e-47
0.00000e+00,0.00000e+00,0.00000e+00,0.00000e+00,0.00000e+00,0.00000e+00,0.00000e+00,0.00000e+00,0.00000e+00,0.00000e+00,3.86470e-50,9.29920e-49,1.60608e-51,4.08916e-50,3.55480e-50,8.83058e-47,2.06052e-45,3.78092e-48,9.34010e-47,8.12690e-47
0.00000e+00,0.00000e+00,0.00000e+00,0.00000e+00,0.00000e+00,0.00000e+00,0.00000e+00,0.00000e+00,0.00000e+00,0.00000e+00,3.55480e-50,8.55653e-49,1.47684e-51,3.86470e-50,3.16449e-50,8.12690e-47,1.89708e-45,3.47839e-48,8.83058e-47,7.23998e-47
0.00000e+00,0.00000e+00,0.00000e+00,0.00000e+00,0.00000e+00,0.00000e+00,0.00000e+00,0.00000e+00,0.00000e+00,0.00000e+00,3.16449e-50,7.62003e-49,1.31423e-51,3.55480e-50,2.70075e-50,7.23998e-47,1.69081e-45,3.09753e-48,8.12690e-47,6.18534e-47
0.00000e+00,0.00000e+00,0.00000e+00,0.00000e+00,0.00000e+00,0.00000e+00,0.00000e+00,0.00000e+00,0.00000e+00,0.00000e+00,2.70075e-50,6.50598e-49,1.12124e-51,3.16449e-50,2.17276e-50,6.18534e-47,1.44518e-45,2.64522e-48,7.23998e-47,4.98350e-47
0.00000e+00,0.00000e+00,0.00000e+00,0.00000e+00,0.00000e+00,0.00000e+00,0.00000e+00,0.00000e+00,0.00000e+00,0.00000e+00,2.17276e-50,5.23602e-49,9.01736e-52,2.70075e-50,1.59186e-50,4.98350e-47,1.16489e-45,2.13040e-48,6.18534e-47,3.66020e-47
0.00000e+00,0.00000e+00,0.00000e+00,0.00000e+00,0.00000e+00,0.00000e+00,0.00000e+00,0.00000e+00,0.00000e+00,0.00000e+00,1.59186e-50,3.83735e-49,6.60470e-52,2.17276e-50,9.71454e-51,3.66020e-47,8.55908e-46,1.56415e-48,4.98350e-47,2.24602e-47
0.00000e+00,0.00000e+00,0.00000e+00,0.00000e+00,0.00000e+00,0.00000e+00,0.00000e+00,0.00000e+00,0.00000e+00,0.00000e+00,9.71454e-51,2.34232e-49,4.02982e-52,1.59186e-50,3.26583e-51,2.24602e-47,5.25398e-46,9.59509e-49,3.66020e-47,7.77425e-48
0.00000e+00,0.00000e+00,0.00000e+00,0.00000e+00,0.00000e+00,0.00000e+00,0.00000e+00,0.00000e+00,0.00000e+00,0.00000e+00,4.02114e-52,9.69591e-51,1.66794e-53,1.35139e-52,6.59219e-52,9.59252e-49,2.24547e-47,4.09521e-50,3.31797e-49,1.56377e-48
0.00000e+00,0.00000e+00,0.00000e+00,0.00000e+00,0.00000e+00,0.00000e+00,0.00000e+00,0.00000e+00,0.00000e+00,0.00000e+00,6.59219e-52,1.58918e-50,2.73493e-53,4.02114e-52,9.00261e-52,1.56377e-48,3.65938e-47,6.67795e-50,9.59252e-49,2.12992e-48
0.00000e+00,0.00000e+00,0.00000e+00,0.00000e+00,0.00000e+00,0.00000e+00,0.00000e+00,0.00000e+00,0.00000e+00,0.00000e+00,9.00261e-52,2.16960e-50,3.73597e-53,6.59219e-52,1.11968e-51,2.12992e-48,4.98249e-47,9.09860e-50,1.56377e-48,2.64470e-48
0.00000e+00,0.00000e+00,0.00000e+00,0.00000e+00,0.00000e+00,0.00000e+00,0.00000e+00,0.00000e+00,0.00000e+00,0.00000e+00,1.11968e-51,2.69744e-50,4.64804e-53,9.00261e-52,1.31273e-51,2.64470e-48,6.18424e-47,1.13016e-49,2.12992e-48,3.09702e-48
0.00000e+00,0.00000e+00,0.00000e+00,0.00000e+00,0.00000e+00,0.00000e+00,0.00000e+00,0.00000e+00,0.00000e+00,0.00000e+00,1.31273e-51,3.16129e-50,5.45128e-53,1.11968e-51,1.47551e-51,3.09702e-48,7.23890e-47,1.32395e-49,2.64470e-48,3.47792e-48
0.00000e+00,0.00000e+00,0.00000e+00,0.00000e+00,0.00000e+00,0.00000e+00,0.00000e+00,0.00000e+00,0.00000e+00,0.00000e+00,1.47551e-51,3.55196e-50,6.12930e-53,1.31273e-51,1.60500e-51,3.47792e-48,8.12592e-47,1.48732e-49,3.09702e-48,3.78054e-48
0.00000e+00,0.00000e+00,0.00000e+00,0.00000e+00,0.00000e+00,0.00000e+00,0.00000e+00,0.00000e+00,0.00000e+00,0.00000e+00,1.60500e-51,3.86239e-50,6.66924e-53,1.47551e-51,1.69901e-51,3.78054e-48,8.82978e-47,1.61725e-49,3.47792e-48,3.99993e-48
0.00000e+00,0.00000e+00,0.00000e+00,0.00000e+00,0.00000e+00,0.00000e+00,0.00000e+00,0.00000e+00,0.00000e+00,0.00000e+00,1.69901e-51,4.08754e-50,7.06158e-53,1.60500e-51,1.75607e-51,3.99993e-48,9.33953e-47,1.71153e-49,3.78054e-48,4.13281e-48
0.00000e+00,0.00000e+00,0.00000e+00,0.00000e+00,0.00000e+00,0.00000e+00,0.00000e+00,0.00000e+00,0.00000e+00,0.00000e+00,1.75607e-51,4.22405e-50,7.29985e-53,1.69901e-51,1.77531e-51,4.13281e-48,9.64806e-47,1.76868e-49,3.99993e-48,4.17735e-48
0.00000e+00,0.00000e+00,0.00000e+00,0.00000e+00,0.00000e+00,0.00000e+00,0.00000e+00,0.00000e+00,0.00000e+00,0.00000e+00,1.77531e-51,4.27004e-50,7.38030e-53,1.75607e-51,1.75646e-51,4.17735e-48,9.75142e-47,1.78784e-49,4.13281e-48,4.13295e-48
0.00000e+00,0.00000e+00,0.00000e+00,0.00000e+00,0.00000e+00,0.00000e+00,0.00000e+00,0.00000e+00,0.00000e+00,0.00000e+00,1.75646e-51,4.22489e-50,7.30168e-53,1.77531e-51,1.69978e-51,4.13295e-48,9.64835e-47,1.76874e-49,4.17735e-48,4.00020e-48
0.00000e+00,0.00000e+00,0.00000e+00,0.00000e+00,0.00000e+00,0.00000e+00,0.00000e+00,0.00000e+00,0.00000e+00,0.00000e+00,1.69978e-51,4.08916e-50,7.06513e-53,1.75646e-51,1.60608e-51,4.00020e-48,9.34010e-47,1.71166e-49,4.13295e-48,3.78092e-48
0.00000e+00,0.00000e+00,0.00000e+00,0.00000e+00,0.00000e+00,0.00000e+00,0.00000e+00,0.00000e+00,0.00000e+00,0.00000e+00,1.60608e-51,3.86470e-50,6.67428e-53,1.69978e-51,1.47684e-51,3.78092e-48,8.83058e-47,1.61743e-49,4.00020e-48,3.47839e-48
0.00000e+00,0.00000e+00,0.00000e+00,0.00000e+00,0.00000e+00,0.00000e+00,0.00000e+00,0.00000e+00,0.00000e+00,0.00000e+00,1.47684e-51,3.55480e-50,6.13552e-53,1.60608e-51,1.31423e-51,3.47839e-48,8.12690e-47,1.48754e-49,3.78092e-48,3.09753e-48
0.00000e+00,0.00000e+00,0.00000e+00,0.00000e+00,0.00000e+00,0.00000e+00,0.00000e+00,0.00000e+00,0.00000e+00,0.00000e+00,1.31423e-51,3.16449e-50,5.45826e-53,1.47684e-51,1.12124e-51,3.09753e-48,7.23998e-47,1.32419e-49,3.47839e-48,2.64522e-48
0.00000e+00,0.00000e+00,0.00000e+00,0.00000e+00,0.00000e+00,0.00000e+00,0.00000e+00,0.00000e+00,0.00000e+00,0.00000e+00,1.12124e-51,2.70075e-50,4.65526e-53,1.31423e-51,9.01736e-52,2.64522e-48,6.18534e-47,1.13041e-49,3.09753e-48,2.13040e-48
0.00000e+00,0.00000e+00,0.00000e+00,0.00000e+00,0.00000e+00,0.00000e+00,0.00000e+00,0.00000e+00,0.00000e+00,0.00000e+00,9.01736e-52,2.17276e-50,3.74282e-53,1.12124e-51,6.60470e-52,2.13040e-48,4.98350e-47,9.10083e-50,2.64522e-48,1.56415e-48
0.00000e+00,0.00000e+00,0.00000e+00,0.00000e+00,0.00000e+00,0.00000e+00,0.00000e+00,0.00000e+00,0.00000e+00,0.00000e+00,6.60470e-52,1.59186e-50,2.74073e-53,9.01736e-52,4.02982e-52,1.56415e-48,3.66020e-47,6.67978e-50,2.13040e-48,9.59509e-49
0.00000e+00,0.00000e+00,0.00000e+00,0.00000e+00,0.00000e+00,0.00000e+00,0.00000e+00,0.00000e+00,0.00000e+00,0.00000e+00,4.02982e-52,9.71454e-51,1.67195e-53,6.60470e-52,1.35460e-52,9.59509e-49,2.24602e-47,4.09642e-50,1.56415e-48,3.31895e-49
0.00000e+00,0.00000e+00,0.00000e+00,0.00000e+00,0.00000e+00,0.00000e+00,0.00000e+00,0.00000e+00,0.00000e+00,0.00000e+00,1.66794e-53,4.02114e-52,6.91941e-55,5.60485e-54,2.73493e-53,4.09521e-50,9.59252e-49,1.74723e-51,1.41559e-50,6.67795e-50
0.00000e+00,0.00000e+00,0.00000e+00,0.00000e+00,0.00000e+00,0.00000e+00,0.00000e+00,0.00000e+00,0.00000e+00,0.00000e+00,2.73493e-53,6.59219e-52,1.13479e-54,1.66794e-53,3.73597e-53,6.67795e-50,1.56377e-48,2.84993e-51,4.09521e-50,9.09860e-50
0.00000e+00,0.00000e+00,0.00000e+00,0.00000e+00,0.00000e+00,0.00000e+00,0.00000e+00,0.00000e+00,0.00000e+00,0.00000e+00,3.73597e-53,9.00261e-52,1.55052e-54,2.73493e-53,4.64804e-53,9.09860e-50,2.12992e-48,3.88410e-51,6.67795e-50,1.13016e-49
0.00000e+00,0.00000e+00,0.00000e+00,0.00000e+00,0.00000e+00,0.00000e+00,0.00000e+00,0.00000e+00,0.00000e+00,0.00000e+00,4.64804e-53,1.11968e-51,1.92961e-54,3.73597e-53,5.45128e-53,1.13016e-49,2.64470e-48,4.82609e-51,9.09860e-50,1.32395e-49
0.00000e+00,0.00000e+00,0.00000e+00,0.00000e+00,0.00000e+00,0.00000e+00,0.00000e+00,0.00000e+00,0.00000e+00,0.00000e+00,5.45128e-53,1.31273e-51,2.26377e-54,4.64804e-53,6.12930e-53,1.32395e-49,3.09702e-48,5.65548e-51,1.13016e-49,1.48732e-49
0.00000e+00,0.00000e+00,0.00000e+00,0.00000e+00,0.00000e+00,0.00000e+00,0.00000e+00,0.00000e+00,0.00000e+00,0.00000e+00,6.12930e-53,1.47551e-51,2.54610e-54,5.45128e-53,6.66924e-53,1.48732e-49,3.47792e-48,6.35540e-51,1.32395e-49,1.61725e-49
0.00000e+00,0.00000e+00,0.00000e+00,0.00000e+00,0.00000e+00,0.00000e+00,0.00000e+00,0.00000e+00,0.00000e+00,0.00000e+00,6.66924e-53,1.60500e-51,2.77114e-54,6.12930e-53,7.06158e-53,1.61725e-49,3.78054e-48,6.91259e-51,1.48732e-49,1.71153e-49
0.00000e+00,0.00000e+00,0.00000e+00,0.00000e+00,0.00000e+00,0.00000e+00,0.00000e+00,0.00000e+00,0.00000e+00,0.00000e+00,7.06158e-53,1.69901e-51,2.93480e-54,6.66924e-53,7.29985e-53,1.71153e-49,3.99993e-48,7.31723e-51,1.61725e-49,1.76868e-49
0.00000e+00,0.00000e+00,0.00000e+00,0.00000e+00,0.00000e+00,0.00000e+00,0.00000e+00,0.00000e+00,0.00000e+00,0.00000e+00,7.29985e-53,1.75607e-51,3.03426e-54,7.06158e-53,7.38030e-53,1.76868e-49,4.13281e-48,7.56263e-51,1.71153e-49,1.78784e-49
0.00000e+00,0.00000e+00,0.00000e+00,0.00000e+00,0.00000e+00,0.00000e+00,0.00000e+00,0.00000e+00,0.00000e+00,0.00000e+00,7.38030e-53,1.77531e-51,3.06788e-54,7.29985e-53,7.30168e-53,1.78784e-49,4.17735e-48,7.64496e-51,1.76868e-49,1.76874e-49
0.00000e+00,0.00000e+00,0.00000e+00,0.00000e+00,0.00000e+00,0.00000e+00,0.00000e+00,0.00000e+00,0.00000e+00,0.00000e+00,7.30168e-53,1.75646e-51,3.03510e-54,7.38030e-53,7.06513e-53,1.76874e-49,4.13295e-48,7.56294e-51,1.78784e-49,1.71166e-49
0.00000e+00,0.00000e+00,0.00000e+00,0.00000e+00,0.00000e+00,0.00000e+00,0.00000e+00,0.00000e+00,0.00000e+00,0.00000e+00,7.06513e-53,1.69978e-51,2.93644e-54,7.30168e-53,6.67428e-53,1.71166e-49,4.00020e-48,7.31782e-51,1.76874e-49,1.61743e-49
0.00000e+00,0.00000e+00,0.00000e+00,0.00000e+00,0.00000e+00,0.00000e+00,0.00000e+00,0.00000e+00,0.00000e+00,0.00000e+00,6.67428e-53,1.60608e-51,2.77348e-54,7.06513e-53,6.13552e-53,1.61743e-49,3.78092e-48,6.91343e-51,1.71166e-49,1.48754e-49
0.00000e+00,0.00000e+00,0.00000e+00,0.00000e+00,0.00000e+00,0.00000e+00,0.00000e+00,0.00000e+00,0.00000e+00,0.00000e+00,6.13552e-53,1.47684e-51,2.54898e-54,6.67428e-53,5.45826e-53,1.48754e-49,3.47839e-48,6.35643e-51,1.61743e-49,1.32419e-49
0.00000e+00,0.00000e+00,0.00000e+00,0.00000e+00,0.00000e+00,0.00000e+00,0.00000e+00,0.00000e+00,0.00000e+00,0.00000e+00,5.45826e-53,1.31423e-51,2.26700e-54,6.13552e-53,4.65526e-53,1.32419e-49,3.09753e-48,5.65661e-51,1.48754e-49,1.13041e-49
0.00000e+00,0.00000e+00,0.00000e+00,0.00000e+00,0.00000e+00,0.00000e+00,0.00000e+00,0.00000e+00,0.00000e+00,0.00000e+00,4.65526e-53,1.12124e-51,1.93295e-54,5.45826e-53,3.74282e-53,1.13041e-49,2.64522e-48,4.82723e-51,1.32419e-49,9.10083e-50
0.00000e+00,0.00000e+00,0.00000e+00,0.00000e+00,0.00000e+00,0.00000e+00,0.00000e+00,0.00000e+00,0.00000e+00,0.00000e+00,3.74282e-53,9.01736e-52,1.55369e-54,4.65526e-53,2.74073e-53,9.10083e-50,2.13040e-48,3.88515e-51,1.13041e-49,6.67978e-50
0.00000e+00,0.00000e+00,0.00000e+00,0.00000e+00,0.00000e+00,0.00000e+00,0.00000e+00,0.00000e+00,0.00000e+00,0.00000e+00,2.74073e-53,6.60470e-52,1.13746e-54,3.74282e-53,1.67195e-53,6.67978e-50,1.56415e-48,2.85079e-51,9.10083e-50,4.09642e-50
0.00000e+00,0.00000e+00,0.00000e+00,0.00000e+00,0.00000e+00,0.00000e+00,0.00000e+00,0.00000e+00,0.00000e+00,0.00000e+00,1.67195e-53,4.02982e-52,6.93790e-55,2.74073e-53,5.61969e-54,4.09642e-50,9.59509e-49,1.74780e-51,6.67978e-50,1.41605e-50
0.00000e+00,0.00000e+00,0.00000e+00,0.00000e+00,0.00000e+00,0.00000e+00,0.00000e+00,0.00000e+00,0.00000e+00,0.00000e+00,6.91941e-55,1.66794e-53,2.87083e-56,2.32493e-55,1.13479e-54,1.74723e-51,4.09521e-50,7.45015e-53,6.03593e-52,2.84993e-51
0.00000e+00,0.00000e+00,0.00000e+00,0.00000e+00,0.00000e+00,0.00000e+00,0.00000e+00,0.00000e+00,0.00000e+00,0.00000e+00,1.13479e-54,2.73493e-53,4.70896e-56,6.91941e-55,1.55052e-54,2.84993e-51,6.67795e-50,1.21550e-52,1.74723e-51,3.88410e-51
0.00000e+00,0.00000e+00,0.00000e+00,0.00000e+00,0.00000e+00,0.00000e+00,0.00000e+00,0.00000e+00,0.00000e+00,0.00000e+00,1.55052e-54,3.73597e-53,6.43554e-56,1.13479e-54,1.92961e-54,3.88410e-51,9.09860e-50,1.65701e-52,2.84993e-51,4.82609e-51
0.00000e+00,0.00000e+00,0.00000e+00,0.00000e+00,0.00000e+00,0.00000e+00,0.00000e+00,0.00000e+00,0.00000e+00,0.00000e+00,1.92961e-54,4.64804e-53,8.01106e-56,1.55052e-54,2.26377e-54,4.82609e-51,1.13016e-49,2.05946e-52,3.88410e-51,5.65548e-51
0.00000e+00,0.00000e+00,0.00000e+00,0.00000e+00,0.00000e+00,0.00000e+00,0.00000e+00,0.00000e+00,0.00000e+00,0.00000e+00,2.26377e-54,5.45128e-53,9.40098e-56,1.92961e-54,2.54610e-54,5.65548e-51,1.32395e-49,2.41411e-52,4.82609e-51,6.35540e-51
0.00000e+00,0.00000e+00,0.00000e+00,0.00000e+00,0.00000e+00,0.00000e+00,0.00000e+00,0.00000e+00,0.00000e+00,0.00000e+00,2.54610e-54,6.12930e-53,1.05763e-55,2.26377e-54,2.77114e-54,6.35540e-51,1.48732e-49,2.71366e-52,5.65548e-51,6.91259e-51
0.00000e+00,0.00000e+00,0.00000e+00,0.00000e+00,0.00000e+00,0.00000e+00,0.00000e+00,0.00000e+00,0.00000e+00,0.00000e+00,2.77114e-54,6.66924e-53,1.15139e-55,2.54610e-54,2.93480e-54,6.91259e-51,1.61725e-49,2.95233e-52,6.35540e-51,7.31723e-51
0.00000e+00,0.00000e+00,0.00000e+00,0.00000e+00,0.00000e+00,0.00000e+00,0.00000e+00,0.00000e+00,0.00000e+00,0.00000e+00,2.93480e-54,7.06158e-53,1.21963e-55,2.77114e-54,3.03426e-54,7.31723e-51,1.71153e-49,3.12577e-52,6.91259e-51,7.56263e-51
0.00000e+00,0.00000e+00,0.00000e+00,0.00000e+00,0.00000e+00,0.00000e+00,0.00000e+00,0.00000e+00,0.00000e+00,0.00000e+00,3.03426e-54,7.29985e-53,1.26113e-55,2.93480e-54,3.06788e-54,7.56263e-51,1.76868e-49,3.23103e-52,7.31723e-51,7.64496e-51
0.00000e+00,0.00000e+00,0.00000e+00,0.00000e+00,0.00000e+00,0.00000e+00,0.00000e+00,0.00000e+00,0.00000e+00,0.00000e+00,3.06788e-54,7.38030e-53,1.27517e-55,3.03426e-54,3.03510e-54,7.64496e-51,1.78784e-49,3.26635e-52,7.56263e-51,7.56294e-51
0.00000e+00,0.00000e+00,0.00000e+00,0.00000e+00,0.00000e+00,0.00000e+00,0.00000e+00,0.00000e+00,0.00000e+00,0.00000e+00,3.03510e-54,7.30168e-53,1.26151e-55,3.06788e-54,2.93644e-54,7.56294e-51,1.76874e-49,3.23117e-52,7.64496e-51,7.31782e-51
0.00000e+00,0.00000e+00,0.00000e+00,0.00000e+00,0.00000e+00,0.00000e+00,0.00000e+00,0.00000e+00,0.00000e+00,0.00000e+00,2.93644e-54,7.06513e-53,1.22038e-55,3.03510e-54,2.77348e-54,7.31782e-51,1.71166e-49,3.12606e-52,7.56294e-51,6.91343e-51
0.00000e+00,0.00000e+00,0.00000e+00,0.00000e+00,0.00000e+00,0.00000e+00,0.00000e+00,0.00000e+00,0.00000e+00,0.00000e+00,2.77348e-54,6.67428e-53,1.15247e-55,2.93644e-54,2.54898e-54,6.91343e-51,1.61743e-49,2.95272e-52,7.31782e-51,6.35643e-51
0.00000e+00,0.00000e+00,0.00000e+00,0.00000e+00,0.00000e+00,0.00000e+00,0.00000e+00,0.00000e+00,0.00000e+00,0.00000e+00,2.54898e-54,6.13552e-53,1.05896e-55,2.77348e-54,2.26700e-54,6.35643e-51,1.48754e-49,2.71414e-52,6.91343e-51,5.65661e-51
0.00000e+00,0.00000e+00,0.00000e+00,0.00000e+00,0.00000e+00,0.00000e+00,0.00000e+00,0.00000e+00,0.00000e+00,0.00000e+00,2.26700e-54,5.45826e-53,9.41584e-56,2.54898e-54,1.93295e-54,5.65661e-51,1.32419e-49,2.41464e-52,6.35643e-51,4.82723e-51
0.00000e+00,0.00000e+00,0.00000e+00,0.00000e+00,0.00000e+00,0.00000e+00,0.00000e+00,0.00000e+00,0.00000e+00,0.00000e+00,1.93295e-54,4.65526e-53,8.02641e-56,2.26700e-54,1.55369e-54,4.82723e-51,1.13041e-49,2.06000e-52,5.65661e-51,3.88515e-51
0.00000e+00,0.00000e+00,0.00000e+00,0.00000e+00,0.00000e+00,0.00000e+00,0.00000e+00,0.00000e+00,0.00000e+00,0.00000e+00,1.55369e-54,3.74282e-53,6.45008e-56,1.93295e-54,1.13746e-54,3.88515e-51,9.10083e-50,1.65750e-52,4.82723e-51,2.85079e-51
0.00000e+00,0.00000e+00,0.00000e+00,0.00000e+00,0.00000e+00,0.00000e+00,0.00000e+00,0.00000e+00,0.00000e+00,0.00000e+00,1.13746e-54,2.74073e-53,4.72126e-56,1.55369e-54,6.93790e-55,2.85079e-51,6.67978e-50,1.21590e-52,3.88515e-51,1.74780e-51
0.00000e+00,0.00000e+00,0.00000e+00,0.00000e+00,0.00000e+00,0.00000e+00,0.00000e+00,0.00000e+00,0.00000e+00,0.00000e+00,6.93790e-55,1.67195e-53,2.87932e-56,1.13746e-54,2.33176e-55,1.74780e-51,4.09642e-50,7.45280e-53,2.85079e-51,6.03809e-52
0.00000e+00,0.00000e+00,0.00000e+00,0.00000e+00,0.00000e+00,0.00000e+00,0.00000e+00,0.00000e+00,0.00000e+00,0.00000e+00,2.87083e-56,6.91941e-55,1.19120e-57,9.64510e-57,4.70896e-56,7.45015e-53,1.74723e-51,3.17489e-54,2.57219e-53,1.21550e-52
0.00000e+00,0.00000e+00,0.00000e+00,0.00000e+00,0.00000e+00,0.00000e+00,0.00000e+00,0.00000e+00,0.00000e+00,0.00000e+00,4.70896e-56,1.13479e-54,1.95420e-57,2.87083e-56,6.43554e-56,1.21550e-52,2.84993e-51,5.18107e-54,7.45015e-53,1.65701e-52
0.00000e+00,0.00000e+00,0.00000e+00,0.00000e+00,0.00000e+00,0.00000e+00,0.00000e+00,0.00000e+00,0.00000e+00,0.00000e+00,6.43554e-56,1.55052e-54,2.67127e-57,4.70896e-56,8.01106e-56,1.65701e-52,3.88410e-51,7.06462e-54,1.21550e-52,2.05946e-52
0.00000e+00,0.00000e+00,0.00000e+00,0.00000e+00,0.00000e+00,0.00000e+00,0.00000e+00,0.00000e+00,0.00000e+00,0.00000e+00,8.01106e-56,1.92961e-54,3.32603e-57,6.43554e-56,9.40098e-56,2.05946e-52,4.82609e-51,8.78273e-54,1.65701e-52,2.41411e-52
0.00000e+00,0.00000e+00,0.00000e+00,0.00000e+00,0.00000e+00,0.00000e+00,0.00000e+00,0.00000e+00,0.00000e+00,0.00000e+00,9.40098e-56,2.26377e-54,3.90407e-57,8.01106e-56,1.05763e-55,2.41411e-52,5.65548e-51,1.02979e-53,2.05946e-52,2.71366e-52
0.00000e+00,0.00000e+00,0.00000e+00,0.00000e+00,0.00000e+00,0.00000e+00,0.00000e+00,0.00000e+00,0.00000e+00,0.00000e+00,1.05763e-55,2.54610e-54,4.39326e-57,9.40098e-56,1.15139e-55,2.71366e-52,6.35540e-51,1.15787e-53,2.41411e-52,2.95233e-52
0.00000e+00,0.00000e+00,0.00000e+00,0.00000e+00,0.00000e+00,0.00000e+00,0.00000e+00,0.00000e+00,0.00000e+00,0.00000e+00,1.15139e-55,2.77114e-54,4.78378e-57,1.05763e-55,1.21963e-55,2.95233e-52,6.91259e-51,1.25999e-53,2.71366e-52,3.12577e-52
0.00000e+00,0.00000e+00,0.00000e+00,0.00000e+00,0.00000e+00,0.00000e+00,0.00000e+00,0.00000e+00,0.00000e+00,0.00000e+00,1.21963e-55,2.93480e-54,5.06818e-57,1.15139e-55,1.26113e-55,3.12577e-52,7.31723e-51,1.33425e-53,2.95233e-52,3.23103e-52
0.00000e+00,0.00000e+00,0.00000e+00,0.00000e+00,0.00000e+00,0.00000e+00,0.00000e+00,0.00000e+00,0.00000e+00,0.00000e+00,1.26113e-55,3.03426e-54,5.24123e-57,1.21963e-55,1.27517e-55,3.23103e-52,7.56263e-51,1.37934e-53,3.12577e-52,3.26635e-52
0.00000e+00,0.00000e+00,0.00000e+00,0.00000e+00,0.00000e+00,0.00000e+00,0.00000e+00,0.00000e+00,0.00000e+00,0.00000e+00,1.27517e-55,3.06788e-54,5.29986e-57,1.26113e-55,1.26151e-55,3.26635e-52,7.64496e-51,1.39448e-53,3.23103e-52,3.23117e-52
0.00000e+00,0.00000e+00,0.00000e+00,0.00000e+00,0.00000e+00,0.00000e+00,0.00000e+00,0.00000e+00,0.00000e+00,0.00000e+00,1.26151e-55,3.03510e-54,5.24302e-57,1.27517e-55,1.22038e-55,3.23117e-52,7.56294e-51,1.37941e-53,3.26635e-52,3.12606e-52
0.00000e+00,0.00000e+00,0.00000e+00,0.00000e+00,0.00000e+00,0.00000e+00,0.00000e+00,0.00000e+00,0.00000e+00,0.00000e+00,1.22038e-55,2.93644e-54,5.07163e-57,1.26151e-55,1.15247e-55,3.12606e-52,7.31782e-51,1.33438e-53,3.23117e-52,2.95272e-52
0.00000e+00,0.00000e+00,0.00000e+00,0.00000e+00,0.00000e+00,0.00000e+00,0.00000e+00,0.00000e+00,0.00000e+00,0.00000e+00,1.15247e-55,2.77348e-54,4.78870e-57,1.22038e-55,1.05896e-55,2.95272e-52,6.91343e-51,1.26018e-53,3.12606e-52,2.71414e-52
0.00000e+00,0.00000e+00,0.00000e+00,0.00000e+00,0.00000e+00,0.00000e+00,0.00000e+00,0.00000e+00,0.00000e+00,0.00000e+00,1.05896e-55,2.54898e-54,4.39933e-57,1.15247e-55,9.41584e-56,2.71414e-52,6.35643e-51,1.15809e-53,2.95272e-52,2.41464e-52
0.00000e+00,0.00000e+00,0.00000e+00,0.00000e+00,0.00000e+00,0.00000e+00,0.00000e+00,0.00000e+00,0.00000e+00,0.00000e+00,9.41584e-56,2.26700e-54,3.91088e-57,1.05896e-55,8.02641e-56,2.41464e-52,5.65661e-51,1.03004e-53,2.71414e-52,2.06000e-52
0.00000e+00,0.00000e+00,0.00000e+00,0.00000e+00,0.00000e+00,0.00000e+00,0.00000e+00,0.00000e+00,0.00000e+00,0.00000e+00,8.02641e-56,1.93295e-54,3.33306e-57,9.41584e-56,6.45008e-56,2.06000e-52,4.82723e-51,8.78524e-54,2.41464e-52,1.65750e-52
0.00000e+00,0.00000e+00,0.00000e+00,0.00000e+00,0.00000e+00,0.00000e+00,0.00000e+00,0.00000e+00,0.00000e+00,0.00000e+00,6.45008e-56,1.55369e-54,2.67793e-57,8.02641e-56,4.72126e-56,1.65750e-52,3.88515e-51,7.06693e-54,2.06000e-52,1.21590e-52
0.00000e+00,0.00000e+00,0.00000e+00,0.00000e+00,0.00000e+00,0.00000e+00,0.00000e+00,0.00000e+00,0.00000e+00,0.00000e+00,4.72126e-56,1.13746e-54,1.95984e-57,6.45008e-56,2.87932e-56,1.21590e-52,2.85079e-51,5.18294e-54,1.65750e-52,7.45280e-53
0.00000e+00,0.00000e+00,0.00000e+00,0.00000e+00,0.00000e+00,0.00000e+00,0.00000e+00,0.00000e+00,0.00000e+00,0.00000e+00,2.87932e-56,6.93790e-55,1.19509e-57,4.72126e-56,9.67644e-57,7.45280e-53,1.74780e-51,3.17613e-54,1.21590e-52,2.57320e-53
0.00000e+00,0.00000e+00,0.00000e+00,0.00000e+00,0.00000e+00,0.00000e+00,0.00000e+00,0.00000e+00,0.00000e+00,0.00000e+00,1.19120e-57,2.87083e-56,4.94303e-59,4.00171e-58,1.95420e-57,3.17489e-54,7.45015e-53,1.35223e-55,1.09553e-54,5.18107e-54
0.00000e+00,0.00000e+00,0.00000e+00,0.00000e+00,0.00000e+00,0.00000e+00,0.00000e+00,0.00000e+00,0.00000e+00,0.00000e+00,1.95420e-57,4.70896e-56,8.11034e-59,1.19120e-57,2.67127e-57,5.18107e-54,1.21550e-52,2.20716e-55,3.17489e-54,7.06462e-54
0.00000e+00,0.00000e+00,0.00000e+00,0.00000e+00,0.00000e+00,0.00000e+00,0.00000e+00,0.00000e+00,0.00000e+00,0.00000e+00,2.67127e-57,6.43554e-56,1.10884e-58,1.95420e-57,3.32603e-57,7.06462e-54,1.65701e-52,3.01020e-55,5.18107e-54,8.78273e-54
0.00000e+00,0.00000e+00,0.00000e+00,0.00000e+00,0.00000e+00,0.00000e+00,0.00000e+00,0.00000e+00,0.00000e+00,0.00000e+00,3.32603e-57,8.01106e-56,1.38093e-58,2.67127e-57,3.90407e-57,8.78273e-54,2.05946e-52,3.74313e-55,7.06462e-54,1.02979e-53
0.00000e+00,0.00000e+00,0.00000e+00,0.00000e+00,0.00000e+00,0.00000e+00,0.00000e+00,0.00000e+00,0.00000e+00,0.00000e+00,3.90407e-57,9.40098e-56,1.62130e-58,3.32603e-57,4.39326e-57,1.02979e-53,2.41411e-52,4.38993e-55,8.78273e-54,1.15787e-53
0.00000e+00,0.00000e+00,0.00000e+00,0.00000e+00,0.00000e+00,0.00000e+00,0.00000e+00,0.00000e+00,0.00000e+00,0.00000e+00,4.39326e-57,1.05763e-55,1.82486e-58,3.90407e-57,4.78378e-57,1.15787e-53,2.71366e-52,4.93706e-55,1.02979e-53,1.25999e-53
0.00000e+00,0.00000e+00,0.00000e+00,0.00000e+00,0.00000e+00,0.00000e+00,0.00000e+00,0.00000e+00,0.00000e+00,0.00000e+00,4.78378e-57,1.15139e-55,1.98747e-58,4.39326e-57,5.06818e-57,1.25999e-53,2.95233e-52,5.37359e-55,1.15787e-53,1.33425e-53
0.00000e+00,0.00000e+00,0.00000e+00,0.00000e+00,0.00000e+00,0.00000e+00,0.00000e+00,0.00000e+00,0.00000e+00,0.00000e+00,5.06818e-57,1.21963e-55,2.10596e-58,4.78378e-57,5.24123e-57,1.33425e-53,3.12577e-52,5.69122e-55,1.25999e-53,1.37934e-53
0.00000e+00,0.00000e+00,0.00000e+00,0.00000e+00,0.00000e+00,0.00000e+00,0.00000e+00,0.00000e+00,0.00000e+00,0.00000e+00,5.24123e-57,1.26113e-55,2.17811e-58,5.06818e-57,5.29986e-57,1.37934e-53,3.23103e-52,5.88414e-55,1.33425e-53,1.39448e-53
0.00000e+00,0.00000e+00,0.00000e+00,0.00000e+00,0.00000e+00,0.00000e+00,0.00000e+00,0.00000e+00,0.00000e+00,0.00000e+00,5.29986e-57,1.27517e-55,2.20258e-58,5.24123e-57,5.24302e-57,1.39448e-53,3.26635e-52,5.94893e-55,1.37934e-53,1.37941e-53
0.00000e+00,0.00000e+00,0.00000e+00,0.00000e+00,0.00000e+00,0.00000e+00,0.00000e+00,0.00000e+00,0.00000e+00,0.00000e+00,5.24302e-57,1.26151e-55,2.17892e-58,5.29986e-57,5.07163e-57,1.37941e-53,3.23117e-52,5.88446e-55,1.39448e-53,1.33438e-53
0.00000e+00,0.00000e+00,0.00000e+00,0.00000e+00,0.00000e+00,0.00000e+00,0.00000e+00,0.00000e+00,0.00000e+00,0.00000e+00,5.07163e-57,1.22038e-55,2.10754e-58,5.24302e-57,4.78870e-57,1.33438e-53,3.12606e-52,5.69184e-55,1.37941e-53,1.26018e-53
0.00000e+00,0.00000e+00,0.00000e+00,0.00000e+00,0.00000e+00,0.00000e+00,0.00000e+00,0.00000e+00,0.00000e+00,0.00000e+00,4.78870e-57,1.15247e-55,1.98972e-58,5.07163e-57,4.39933e-57,1.26018e-53,2.95272e-52,5.37446e-55,1.33438e-53,1.15809e-53
0.00000e+00,0.00000e+00,0.00000e+00,0.00000e+00,0.00000e+00,0.00000e+00,0.00000e+00,0.00000e+00,0.00000e+00,0.00000e+00,4.39933e-57,1.05896e-55,1.82763e-58,4.78870e-57,3.91088e-57,1.15809e-53,2.71414e-52,4.93811e-55,1.26018e-53,1.03004e-53
0.00000e+00,0.00000e+00,0.00000e+00,0.00000e+00,0.00000e+00,0.00000e+00,0.00000e+00,0.00000e+00,0.00000e+00,0.00000e+00,3.91088e-57,9.41584e-56,1.62441e-58,4.39933e-57,3.33306e-57,1.03004e-53,2.41464e-52,4.39109e-55,1.15809e-53,8.78524e-54
0.00000e+00,0.00000e+00,0.00000e+00,0.00000e+00,0.00000e+00,0.00000e+00,0.00000e+00,0.00000e+00,0.00000e+00,0.00000e+00,3.33306e-57,8.02641e-56,1.38414e-58,3.91088e-57,2.67793e-57,8.78524e-54,2.06000e-52,3.74430e-55,1.03004e-53,7.06693e-54
0.00000e+00,0.00000e+00,0.00000e+00,0.00000e+00,0.00000e+00,0.00000e+00,0.00000e+00,0.00000e+00,0.00000e+00,0.00000e+00,2.67793e-57,6.45008e-56,1.11189e-58,3.33306e-57,1.95984e-57,7.06693e-54,1.65750e-52,3.01127e-55,8.78524e-54,5.18294e-54
0.00000e+00,0.00000e+00,0.00000e+00,0.00000e+00,0.00000e+00,0.00000e+00,0.00000e+00,0.00000e+00,0.00000e+00,0.00000e+00,1.95984e-57,4.72126e-56,8.13613e-59,2.67793e-57,1.19509e-57,5.18294e-54,1.21590e-52,2.20803e-55,7.06693e-54,3.17613e-54
0.00000e+00,0.00000e+00,0.00000e+00,0.00000e+00,0.00000e+00,0.00000e+00,0.00000e+00,0.00000e+00,0.00000e+00,0.00000e+00,1.19509e-57,2.87932e-56,4.96085e-59,1.95984e-57,4.01607e-58,3.17613e-54,7.45280e-53,1.35281e-55,5.18294e-54,1.09600e-54
0.00000e+00,0.00000e+00,0.00000e+00,0.00000e+00,0.00000e+00,0.00000e+00,0.00000e+00,0.00000e+00,0.00000e+00,0.00000e+00,4.94303e-59,1.19120e-57,2.05126e-60,1.66041e-59,8.11034e-59,1.35223e-55,3.17489e-54,5.75627e-57,4.66350e-56,2.20716e-55
0.00000e+00,0.00000e+00,0.00000e+00,0.00000e+00,0.00000e+00,0.00000e+00,0.00000e+00,0.00000e+00,0.00000e+00,0.00000e+00,8.11034e-59,1.95420e-57,3.36609e-60,4.94303e-59,1.10884e-58,2.20716e-55,5.18107e-54,9.39738e-57,1.35223e-55,3.01020e-55
0.00000e+00,0.00000e+00,0.00000e+00,0.00000e+00,0.00000e+00,0.00000e+00,0.00000e+00,0.00000e+00,0.00000e+00,0.00000e+00,1.10884e-58,2.67127e-57,4.60290e-60,8.11034e-59,1.38093e-58,3.01020e-55,7.06462e-54,1.28189e-56,2.20716e-55,3.74313e-55
0.00000e+00,0.00000e+00,0.00000e+00,0.00000e+00,0.00000e+00,0.00000e+00,0.00000e+00,0.00000e+00,0.00000e+00,0.00000e+00,1.38093e-58,3.32603e-57,5.73350e-60,1.10884e-58,1.62130e-58,3.74313e-55,8.78273e-54,1.59434e-56,3.01020e-55,4.38993e-55
0.00000e+00,0.00000e+00,0.00000e+00,0.00000e+00,0.00000e+00,0.00000e+00,0.00000e+00,0.00000e+00,0.00000e+00,0.00000e+00,1.62130e-58,3.90407e-57,6.73292e-60,1.38093e-58,1.82486e-58,4.38993e-55,1.02979e-53,1.87024e-56,3.74313e-55,4.93706e-55
0.00000e+00,0.00000e+00,0.00000e+00,0.00000e+00,0.00000e+00,0.00000e+00,0.00000e+00,0.00000e+00,0.00000e+00,0.00000e+00,1.82486e-58,4.39326e-57,7.57980e-60,1.62130e-58,1.98747e-58,4.93706e-55,1.15787e-53,2.10377e-56,4.38993e-55,5.37359e-55
0.00000e+00,0.00000e+00,0.00000e+00,0.00000e+00,0.00000e+00,0.00000e+00,0.00000e+00,0.00000e+00,0.00000e+00,0.00000e+00,1.98747e-58,4.78378e-57,8.25674e-60,1.82486e-58,2.10596e-58,5.37359e-55,1.25999e-53,2.29020e-56,4.93706e-55,5.69122e-55
0.00000e+00,0.00000e+00,0.00000e+00,0.00000e+00,0.00000e+00,0.00000e+00,0.00000e+00,0.00000e+00,0.00000e+00,0.00000e+00,2.10596e-58,5.06818e-57,8.75030e-60,1.98747e-58,2.17811e-58,5.69122e-55,1.33425e-53,2.42592e-56,5.37359e-55,5.88414e-55
0.00000e+00,0.00000e+00,0.00000e+00,0.00000e+00,0.00000e+00,0.00000e+00,0.00000e+00,0.00000e+00,0.00000e+00,0.00000e+00,2.17811e-58,5.24123e-57,9.05098e-60,2.10596e-58,2.20258e-58,5.88414e-55,1.37934e-53,2.50838e-56,5.69122e-55,5.94893e-55
0.00000e+00,0.00000e+00,0.00000e+00,0.00000e+00,0.00000e+00,0.00000e+00,0.00000e+00,0.00000e+00,0.00000e+00,0.00000e+00,2.20258e-58,5.29986e-57,9.15310e-60,2.17811e-58,2.17892e-58,5.94893e-55,1.39448e-53,2.53609e-56,5.88414e-55,5.88446e-55
0.00000e+00,0.00000e+00,0.00000e+00,0.00000e+00,0.00000e+00,0.00000e+00,0.00000e+00,0.00000e+00,0.00000e+00,0.00000e+00,2.17892e-58,5.24302e-57,9.05470e-60,2.20258e-58,2.10754e-58,5.88446e-55,1.37941e-53,2.50853e-56,5.94893e-55,5.69184e-55
0.00000e+00,0.00000e+00,0.00000e+00,0.00000e+00,0.00000e+00,0.00000e+00,0.00000e+00,0.00000e+00,0.00000e+00,0.00000e+00,2.10754e-58,5.07163e-57,8.75753e-60,2.17892e-58,1.98972e-58,5.69184e-55,1.33438e-53,2.42621e-56,5.88446e-55,5.37446e-55
0.00000e+00,0.00000e+00,0.00000e+00,0.00000e+00,0.00000e+00,0.00000e+00,0.00000e+00,0.00000e+00,0.00000e+00,0.00000e+00,1.98972e-58,4.78870e-57,8.26703e-60,2.10754e-58,1.82763e-58,5.37446e-55,1.26018e-53,2.29060e-56,5.69184e-55,4.93811e-55
0.00000e+00,0.00000e+00,0.00000e+00,0.00000e+00,0.00000e+00,0.00000e+00,0.00000e+00,0.00000e+00,0.00000e+00,0.00000e+00,1.82763e-58,4.39933e-57,7.59250e-60,1.98972e-58,1.62441e-58,4.93811e-55,1.15809e-53,2.10426e-56,5.37446e-55,4.39109e-55
0.00000e+00,0.00000e+00,0.00000e+00,0.00000e+00,0.00000e+00,0.00000e+00,0.00000e+00,0.00000e+00,0.00000e+00,0.00000e+00,1.62441e-58,3.91088e-57,6.74716e-60,1.82763e-58,1.38414e-58,4.39109e-55,1.03004e-53,1.87078e-56,4.93811e-55,3.74430e-55
0.00000e+00,0.00000e+00,0.00000e+00,0.00000e+00,0.00000e+00,0.00000e+00,0.00000e+00,0.00000e+00,0.00000e+00,0.00000e+00,1.38414e-58,3.33306e-57,5.74823e-60,1.62441e-58,1.11189e-58,3.74430e-55,8.78524e-54,1.59489e-56,4.39109e-55,3.01127e-55
0.00000e+00,0.00000e+00,0.00000e+00,0.00000e+00,0.00000e+00,0.00000e+00,0.00000e+00,0.00000e+00,0.00000e+00,0.00000e+00,1.11189e-58,2.67793e-57,4.61686e-60,1.38414e-58,8.13613e-59,3.01127e-55,7.06693e-54,1.28239e-56,3.74430e-55,2.20803e-55
0.00000e+00,0.00000e+00,0.00000e+00,0.00000e+00,0.00000e+00,0.00000e+00,0.00000e+00,0.00000e+00,0.00000e+00,0.00000e+00,8.13613e-59,1.95984e-57,3.37791e-60,1.11189e-58,4.96085e-59,2.20803e-55,5.18294e-54,9.40144e-57,3.01127e-55,1.35281e-55
0.00000e+00,0.00000e+00,0.00000e+00,0.00000e+00,0.00000e+00,0.00000e+00,0.00000e+00,0.00000e+00,0.00000e+00,0.00000e+00,4.96085e-59,1.19509e-57,2.05943e-60,8.13613e-59,1.66699e-59,1.35281e-55,3.17613e-54,5.75895e-57,2.20803e-55,4.66568e-56
0.00000e+00,0.00000e+00,0.00000e+00,0.00000e+00,0.00000e+00,0.00000e+00,0.00000e+00,0.00000e+00,0.00000e+00,0.00000e+00,2.05126e-60,4.94303e-59,8.51259e-62,6.88982e-61,3.36609e-60,5.75627e-57,1.35223e-55,2.44910e-58,1.98416e-57,9.39738e-57
0.00000e+00,0.00000e+00,0.00000e+00,0.00000e+00,0.00000e+00,0.00000e+00,0.00000e+00,0.00000e+00,0.00000e+00,0.00000e+00,3.36609e-60,8.11034e-59,1.39708e-61,2.05126e-60,4.60290e-60,9.39738e-57,2.20716e-55,3.99899e-58,5.75627e-57,1.28189e-56
0.00000e+00,0.00000e+00,0.00000e+00,0.00000e+00,0.00000e+00,0.00000e+00,0.00000e+00,0.00000e+00,0.00000e+00,0.00000e+00,4.60290e-60,1.10884e-58,1.91073e-61,3.36609e-60,5.73350e-60,1.28189e-56,3.01020e-55,5.45595e-58,9.39738e-57,1.59434e-56
0.00000e+00,0.00000e+00,0.00000e+00,0.00000e+00,0.00000e+00,0.00000e+00,0.00000e+00,0.00000e+00,0.00000e+00,0.00000e+00,5.73350e-60,1.38093e-58,2.38050e-61,4.60290e-60,6.73292e-60,1.59434e-56,3.74313e-55,6.78705e-58,1.28189e-56,1.87024e-56
0.00000e+00,0.00000e+00,0.00000e+00,0.00000e+00,0.00000e+00,0.00000e+00,0.00000e+00,0.00000e+00,0.00000e+00,0.00000e+00,6.73292e-60,1.62130e-58,2.79599e-61,5.73350e-60,7.57980e-60,1.87024e-56,4.38993e-55,7.96305e-58,1.59434e-56,2.10377e-56
0.00000e+00,0.00000e+00,0.00000e+00,0.00000e+00,0.00000e+00,0.00000e+00,0.00000e+00,0.00000e+00,0.00000e+00,0.00000e+00,7.57980e-60,1.82486e-58,3.14827e-61,6.73292e-60,8.25674e-60,2.10377e-56,4.93706e-55,8.95900e-58,1.87024e-56,2.29020e-56
0.00000e+00,0.00000e+00,0.00000e+00,0.00000e+00,0.00000e+00,0.00000e+00,0.00000e+00,0.00000e+00,0.00000e+00,0.00000e+00,8.25674e-60,1.98747e-58,3.43001e-61,7.57980e-60,8.75030e-60,2.29020e-56,5.37359e-55,9.75452e-58,2.10377e-56,2.42592e-56
0.00000e+00,0.00000e+00,0.00000e+00,0.00000e+00,0.00000e+00,0.00000e+00,0.00000e+00,0.00000e+00,0.00000e+00,0.00000e+00,8.75030e-60,2.10596e-58,3.63554e-61,8.25674e-60,9.05098e-60,2.42592e-56,5.69122e-55,1.03339e-57,2.29020e-56,2.50838e-56
0.00000e+00,0.00000e+00,0.00000e+00,0.00000e+00,0.00000e+00,0.00000e+00,0.00000e+00,0.00000e+00,0.00000e+00,0.00000e+00,9.05098e-60,2.17811e-58,3.76082e-61,8.75030e-60,9.15310e-60,2.50838e-56,5.88414e-55,1.06861e-57,2.42592e-56,2.53609e-56
0.00000e+00,0.00000e+00,0.00000e+00,0.00000e+00,0.00000e+00,0.00000e+00,0.00000e+00,0.00000e+00,0.00000e+00,0.00000e+00,9.15310e-60,2.20258e-58,3.80343e-61,9.05098e-60,9.05470e-60,2.53609e-56,5.94893e-55,1.08044e-57,2.50838e-56,2.50853e-56
0.00000e+00,0.00000e+00,0.00000e+00,0.00000e+00,0.00000e+00,0.00000e+00,0.00000e+00,0.00000e+00,0.00000e+00,0.00000e+00,9.05470e-60,2.17892e-58,3.76253e-61,9.15310e-60,8.75753e-60,2.50853e-56,5.88446e-55,1.06868e-57,2.53609e-56,2.42621e-56
0.00000e+00,0.00000e+00,0.00000e+00,0.00000e+00,0.00000e+00,0.00000e+00,0.00000e+00,0.00000e+00,0.00000e+00,0.00000e+00,8.75753e-60,2.10754e-58,3.63885e-61,9.05470e-60,8.26703e-60,2.42621e-56,5.69184e-55,1.03353e-57,2.50853e-56,2.29060e-56
0.00000e+00,0.00000e+00,0.00000e+00,0.00000e+00,0.00000e+00,0.00000e+00,0.00000e+00,0.00000e+00,0.00000e+00,0.00000e+00,8.26703e-60,1.98972e-58,3.43473e-61,8.75753e-60,7.59250e-60,2.29060e-56,5.37446e-55,9.75641e-58,2.42621e-56,2.10426e-56
0.00000e+00,0.00000e+00,0.00000e+00,0.00000e+00,0.00000e+00,0.00000e+00,0.00000e+00,0.00000e+00,0.00000e+00,0.00000e+00,7.59250e-60,1.82763e-58,3.15408e-61,8.26703e-60,6.74716e-60,2.10426e-56,4.93811e-55,8.96129e-58,2.29060e-56,1.87078e-56
0.00000e+00,0.00000e+00,0.00000e+00,0.00000e+00,0.00000e+00,0.00000e+00,0.00000e+00,0.00000e+00,0.00000e+00,0.00000e+00,6.74716e-60,1.62441e-58,2.80251e-61,7.59250e-60,5.74823e-60,1.87078e-56,4.39109e-55,7.96557e-58,2.10426e-56,1.59489e-56
0.00000e+00,0.00000e+00,0.00000e+00,0.00000e+00,0.00000e+00,0.00000e+00,0.00000e+00,0.00000e+00,0.00000e+00,0.00000e+00,5.74823e-60,1.38414e-58,2.38724e-61,6.74716e-60,4.61686e-60,1.59489e-56,3.74430e-55,6.78958e-58,1.87078e-56,1.28239e-56
0.00000e+00,0.00000e+00,0.00000e+00,0.00000e+00,0.00000e+00,0.00000e+00,0.00000e+00,0.00000e+00,0.00000e+00,0.00000e+00,4.61686e-60,1.11189e-58,1.91713e-61,5.74823e-60,3.37791e-60,1.28239e-56,3.01127e-55,5.45827e-58,1.59489e-56,9.40144e-57
0.00000e+00,0.00000e+00,0.00000e+00,0.00000e+00,0.00000e+00,0.00000e+00,0.00000e+00,0.00000e+00,0.00000e+00,0.00000e+00,3.37791e-60,8.13613e-59,1.40250e-61,4.61686e-60,2.05943e-60,9.40144e-57,2.20803e-55,4.00087e-58,1.28239e-56,5.75895e-57
0.00000e+00,0.00000e+00,0.00000e+00,0.00000e+00,0.00000e+00,0.00000e+00,0.00000e+00,0.00000e+00,0.00000e+00,0.00000e+00,2.05943e-60,4.96085e-59,8.55006e-62,3.37791e-60,6.92000e-61,5.75895e-57,1.35281e-55,2.45034e-58,9.40144e-57,1.98518e-57
0.00000e+00,0.00000e+00,0.00000e+00,0.00000e+00,0.00000e+00,0.00000e+00,0.00000e+00,0.00000e+00,0.00000e+00,0.00000e+00,8.51259e-62,2.05126e-60,3.53268e-63,2.85899e-62,1.39708e-61,2.44910e-58,5.75627e-57,1.04149e-59,8.43774e-59,3.99899e-58
0.00000e+00,0.00000e+00,0.00000e+00,0.00000e+00,0.00000e+00,0.00000e+00,0.00000e+00,0.00000e+00,0.00000e+00,0.00000e+00,1.39708e-61,3.36609e-60,5.79855e-63,8.51259e-62,1.91073e-61,3.99899e-58,9.39738e-57,1.70087e-59,2.44910e-58,5.45595e-58
0.00000e+00,0.00000e+00,0.00000e+00,0.00000e+00,0.00000e+00,0.00000e+00,0.00000e+00,0.00000e+00,0.00000e+00,0.00000e+00,1.91073e-61,4.60290e-60,7.93163e-63,1.39708e-61,2.38050e-61,5.45595e-58,1.28189e-56,2.32091e-59,3.99899e-58,6.78705e-58
0.00000e+00,0.00000e+00,0.00000e+00,0.00000e+00,0.00000e+00,0.00000e+00,0.00000e+00,0.00000e+00,0.00000e+00,0.00000e+00,2.38050e-61,5.73350e-60,9.88343e-63,1.91073e-61,2.79599e-61,6.78705e-58,1.59434e-56,2.88764e-59,5.45595e-58,7.96305e-58
0.00000e+00,0.00000e+00,0.00000e+00,0.00000e+00,0.00000e+00,0.00000e+00,0.00000e+00,0.00000e+00,0.00000e+00,0.00000e+00,2.79599e-61,6.73292e-60,1.16106e-62,2.38050e-61,3.14827e-61,7.96305e-58,1.87024e-56,3.38856e-59,6.78705e-58,8.95900e-58
0.00000e+00,0.00000e+00,0.00000e+00,0.00000e+00,0.00000e+00,0.00000e+00,0.00000e+00,0.00000e+00,0.00000e+00,0.00000e+00,3.14827e-61,7.57980e-60,1.30757e-62,2.79599e-61,3.43001e-61,8.95900e-58,2.10377e-56,3.81301e-59,7.96305e-58,9.75452e-58
0.00000e+00,0.00000e+00,0.00000e+00,0.00000e+00,0.00000e+00,0.00000e+00,0.00000e+00,0.00000e+00,0.00000e+00,0.00000e+00,3.43001e-61,8.25674e-60,1.42481e-62,3.14827e-61,3.63554e-61,9.75452e-58,2.29020e-56,4.15219e-59,8.95900e-58,1.03339e-57
0.00000e+00,0.00000e+00,0.00000e+00,0.00000e+00,0.00000e+00,0.00000e+00,0.00000e+00,0.00000e+00,0.00000e+00,0.00000e+00,3.63554e-61,8.75030e-60,1.51039e-62,3.43001e-61,3.76082e-61,1.03339e-57,2.42592e-56,4.39932e-59,9.75452e-58,1.06861e-57
0.00000e+00,0.00000e+00,0.00000e+00,0.00000e+00,0.00000e+00,0.00000e+00,0.00000e+00,0.00000e+00,0.00000e+00,0.00000e+00,3.76082e-61,9.05098e-60,1.56257e-62,3.63554e-61,3.80343e-61,1.06861e-57,2.50838e-56,4.54958e-59,1.03339e-57,1.08044e-57
0.00000e+00,0.00000e+00,0.00000e+00,0.00000e+00,0.00000e+00,0.00000e+00,0.00000e+00,0.00000e+00,0.00000e+00,0.00000e+00,3.80343e-61,9.15310e-60,1.58035e-62,3.76082e-61,3.76253e-61,1.08044e-57,2.53609e-56,4.60010e-59,1.06861e-57,1.06868e-57
0.00000e+00,0.00000e+00,0.00000e+00,0.00000e+00,0.00000e+00,0.00000e+00,0.00000e+00,0.00000e+00,0.00000e+00,0.00000e+00,3.76253e-61,9.05470e-60,1.56336e-62,3.80343e-61,3.63885e-61,1.06868e-57,2.50853e-56,4.54990e-59,1.08044e-57,1.03353e-57
0.00000e+00,0.00000e+00,0.00000e+00,0.00000e+00,0.00000e+00,0.00000e+00,0.00000e+00,0.00000e+00,0.00000e+00,0.00000e+00,3.63885e-61,8.75753e-60,1.51191e-62,3.76253e-61,3.43473e-61,1.03353e-57,2.42621e-56,4.39994e-59,1.06868e-57,9.75641e-58
0.00000e+00,0.00000e+00,0.00000e+00,0.00000e+00,0.00000e+00,0.00000e+00,0.00000e+00,0.00000e+00,0.00000e+00,0.00000e+00,3.43473e-61,8.26703e-60,1.42698e-62,3.63885e-61,3.15408e-61,9.75641e-58,2.29060e-56,4.15306e-59,1.03353e-57,8.96129e-58
0.00000e+00,0.00000e+00,0.00000e+00,0.00000e+00,0.00000e+00,0.00000e+00,0.00000e+00,0.00000e+00,0.00000e+00,0.00000e+00,3.15408e-61,7.59250e-60,1.31025e-62,3.43473e-61,2.80251e-61,8.96129e-58,2.10426e-56,3.81407e-59,9.75641e-58,7.96557e-58
0.00000e+00,0.00000e+00,0.00000e+00,0.00000e+00,0.00000e+00,0.00000e+00,0.00000e+00,0.00000e+00,0.00000e+00,0.00000e+00,2.80251e-61,6.74716e-60,1.16405e-62,3.15408e-61,2.38724e-61,7.96557e-58,1.87078e-56,3.38973e-59,8.96129e-58,6.78958e-58
0.00000e+00,0.00000e+00,0.00000e+00,0.00000e+00,0.00000e+00,0.00000e+00,0.00000e+00,0.00000e+00,0.00000e+00,0.00000e+00,2.38724e-61,5.74823e-60,9.91442e-63,2.80251e-61,1.91713e-61,6.78958e-58,1.59489e-56,2.88881e-59,7.96557e-58,5.45827e-58
0.00000e+00,0.00000e+00,0.00000e+00,0.00000e+00,0.00000e+00,0.00000e+00,0.00000e+00,0.00000e+00,0.00000e+00,0.00000e+00,1.91713e-61,4.61686e-60,7.96104e-63,2.38724e-61,1.40250e-61,5.45827e-58,1.28239e-56,2.32199e-59,6.78958e-58,4.00087e-58
0.00000e+00,0.00000e+00,0.00000e+00,0.00000e+00,0.00000e+00,0.00000e+00,0.00000e+00,0.00000e+00,0.00000e+00,0.00000e+00,1.40250e-61,3.37791e-60,5.82345e-63,1.91713e-61,8.55006e-62,4.00087e-58,9.40144e-57,1.70174e-59,5.45827e-58,2.45034e-58
0.00000e+00,0.00000e+00,0.00000e+00,0.00000e+00,0.00000e+00,0.00000e+00,0.00000e+00,0.00000e+00,0.00000e+00,0.00000e+00,8.55006e-62,2.05943e-60,3.54991e-63,1.40250e-61,2.87284e-62,2.45034e-58,5.75895e-57,1.04206e-59,4.00087e-58,8.44244e-59
0.00000e+00,0.00000e+00,0.00000e+00,0.00000e+00,0.00000e+00,0.00000e+00,0.00000e+00,0.00000e+00,0.00000e+00,0.00000e+00,3.53268e-63,8.51259e-62,1.46603e-64,1.18637e-63,5.79855e-63,1.04149e-59,2.44910e-58,4.42682e-61,3.58646e-60,1.70087e-59
0.00000e+00,0.00000e+00,0.00000e+00,0.00000e+00,0.00000e+00,0.00000e+00,0.00000e+00,0.00000e+00,0.00000e+00,0.00000e+00,5.79855e-63,1.39708e-61,2.40664e-64,3.53268e-63,7.93163e-63,1.70087e-59,3.99899e-58,7.23062e-61,1.04149e-59,2.32091e-59
0.00000e+00,0.00000e+00,0.00000e+00,0.00000e+00,0.00000e+00,0.00000e+00,0.00000e+00,0.00000e+00,0.00000e+00,0.00000e+00,7.93163e-63,1.91073e-61,3.29244e-64,5.79855e-63,9.88343e-63,2.32091e-59,5.45595e-58,9.86795e-61,1.70087e-59,2.88764e-59
0.00000e+00,0.00000e+00,0.00000e+00,0.00000e+00,0.00000e+00,0.00000e+00,0.00000e+00,0.00000e+00,0.00000e+00,0.00000e+00,9.88343e-63,2.38050e-61,4.10331e-64,7.93163e-63,1.16106e-62,2.88764e-59,6.78705e-58,1.22794e-60,2.32091e-59,3.38856e-59
0.00000e+00,0.00000e+00,0.00000e+00,0.00000e+00,0.00000e+00,0.00000e+00,0.00000e+00,0.00000e+00,0.00000e+00,0.00000e+00,1.16106e-62,2.79599e-61,4.82119e-64,9.88343e-63,1.30757e-62,3.38856e-59,7.96305e-58,1.44117e-60,2.88764e-59,3.81301e-59
0.00000e+00,0.00000e+00,0.00000e+00,0.00000e+00,0.00000e+00,0.00000e+00,0.00000e+00,0.00000e+00,0.00000e+00,0.00000e+00,1.30757e-62,3.14827e-61,5.43048e-64,1.16106e-62,1.42481e-62,3.81301e-59,8.95900e-58,1.62193e-60,3.38856e-59,4.15219e-59
0.00000e+00,0.00000e+00,0.00000e+00,0.00000e+00,0.00000e+00,0.00000e+00,0.00000e+00,0.00000e+00,0.00000e+00,0.00000e+00,1.42481e-62,3.43001e-61,5.91827e-64,1.30757e-62,1.51039e-62,4.15219e-59,9.75452e-58,1.76644e-60,3.81301e-59,4.39932e-59
0.00000e+00,0.00000e+00,0.00000e+00,0.00000e+00,0.00000e+00,0.00000e+00,0.00000e+00,0.00000e+00,0.00000e+00,0.00000e+00,1.51039e-62,3.63554e-61,6.27446e-64,1.42481e-62,1.56257e-62,4.39932e-59,1.03339e-57,1.87177e-60,4.15219e-59,4.54958e-59
0.00000e+00,0.00000e+00,0.00000e+00,0.00000e+00,0.00000e+00,0.00000e+00,0.00000e+00,0.00000e+00,0.00000e+00,0.00000e+00,1.56257e-62,3.76082e-61,6.49183e-64,1.51039e-62,1.58035e-62,4.54958e-59,1.06861e-57,1.93583e-60,4.39932e-59,4.60010e-59
0.00000e+00,0.00000e+00,0.00000e+00,0.00000e+00,0.00000e+00,0.00000e+00,0.00000e+00,0.00000e+00,0.00000e+00,0.00000e+00,1.58035e-62,3.80343e-61,6.56600e-64,1.56257e-62,1.56336e-62,4.60010e-59,1.08044e-57,1.95737e-60,4.54958e-59,4.54990e-59
0.00000e+00,0.00000e+00,0.00000e+00,0.00000e+00,0.00000e+00,0.00000e+00,0.00000e+00,0.00000e+00,0.00000e+00,0.00000e+00,1.56336e-62,3.76253e-61,6.49544e-64,1.58035e-62,1.51191e-62,4.54990e-59,1.06868e-57,1.93598e-60,4.60010e-59,4.39994e-59
0.00000e+00,0.00000e+00,0.00000e+00,0.00000e+00,0.00000e+00,0.00000e+00,0.00000e+00,0.00000e+00,0.00000e+00,0.00000e+00,1.51191e-62,3.63885e-61,6.28147e-64,1.56336e-62,1.42698e-62,4.39994e-59,1.03353e-57,1.87205e-60,4.54990e-59,4.15306e-59
0.00000e+00,0.00000e+00,0.00000e+00,0.00000e+00,0.00000e+00,0.00000e+00,0.00000e+00,0.00000e+00,0.00000e+00,0.00000e+00,1.42698e-62,3.43473e-61,5.92824e-64,1.51191e-62,1.31025e-62,4.15306e-59,9.75641e-58,1.76684e-60,4.39994e-59,3.81407e-59
0.00000e+00,0.00000e+00,0.00000e+00,0.00000e+00,0.00000e+00,0.00000e+00,0.00000e+00,0.00000e+00,0.00000e+00,0.00000e+00,1.31025e-62,3.15408e-61,5.44279e-64,1.42698e-62,1.16405e-62,3.81407e-59,8.96129e-58,1.62242e-60,4.15306e-59,3.38973e-59
0.00000e+00,0.00000e+00,0.00000e+00,0.00000e+00,0.00000e+00,0.00000e+00,0.00000e+00,0.00000e+00,0.00000e+00,0.00000e+00,1.16405e-62,2.80251e-61,4.83499e-64,1.31025e-62,9.91442e-63,3.38973e-59,7.96557e-58,1.44171e-60,3.81407e-59,2.88881e-59
0.00000e+00,0.00000e+00,0.00000e+00,0.00000e+00,0.00000e+00,0.00000e+00,0.00000e+00,0.00000e+00,0.00000e+00,0.00000e+00,9.91442e-63,2.38724e-61,4.11758e-64,1.16405e-62,7.96104e-63,2.88881e-59,6.78958e-58,1.22848e-60,3.38973e-59,2.32199e-59
0.00000e+00,0.00000e+00,0.00000e+00,0.00000e+00,0.00000e+00,0.00000e+00,0.00000e+00,0.00000e+00,0.00000e+00,0.00000e+00,7.96104e-63,1.91713e-61,3.30598e-64,9.91442e-63,5.82345e-63,2.32199e-59,5.45827e-58,9.87292e-61,2.88881e-59,1.70174e-59
0.00000e+00,0.00000e+00,0.00000e+00,0.00000e+00,0.00000e+00,0.00000e+00,0.00000e+00,0.00000e+00,0.00000e+00,0.00000e+00,5.82345e-63,1.40250e-61,2.41810e-64,7.96104e-63,3.54991e-63,1.70174e-59,4.00087e-58,7.23465e-61,2.32199e-59,1.04206e-59
0.00000e+00,0.00000e+00,0.00000e+00,0.00000e+00,0.00000e+00,0.00000e+00,0.00000e+00,0.00000e+00,0.00000e+00,0.00000e+00,3.54991e-63,8.55006e-62,1.47397e-64,5.82345e-63,1.19274e-63,1.04206e-59,2.45034e-58,4.42948e-61,1.70174e-59,3.58863e-60
0.00000e+00,0.00000e+00,0.00000e+00,0.00000e+00,0.00000e+00,0.00000e+00,0.00000e+00,0.00000e+00,0.00000e+00,0.00000e+00,1.46603e-64,3.53268e-63,6.08373e-66,4.92293e-65,2.40664e-64,4.42682e-61,1.04149e-59,1.88073e-62,1.52371e-61,7.23062e-61
0.00000e+00,0.00000e+00,0.00000e+00,0.00000e+00,0.00000e+00,0.00000e+00,0.00000e+00,0.00000e+00,0.00000e+00,0.00000e+00,2.40664e-64,5.79855e-63,9.98823e-66,1.46603e-64,3.29244e-64,7.23062e-61,1.70087e-59,3.07237e-62,4.42682e-61,9.86795e-61
0.00000e+00,0.00000e+00,0.00000e+00,0.00000e+00,0.00000e+00,0.00000e+00,0.00000e+00,0.00000e+00,0.00000e+00,0.00000e+00,3.29244e-64,7.93163e-63,1.36665e-65,2.40664e-64,4.10331e-64,9.86795e-61,2.32091e-59,4.19354e-62,7.23062e-61,1.22794e-60
0.00000e+00,0.00000e+00,0.00000e+00,0.00000e+00,0.00000e+00,0.00000e+00,0.00000e+00,0.00000e+00,0.00000e+00,0.00000e+00,4.10331e-64,9.88343e-63,1.70350e-65,3.29244e-64,4.82119e-64,1.22794e-60,2.88764e-59,5.21902e-62,9.86795e-61,1.44117e-60
0.00000e+00,0.00000e+00,0.00000e+00,0.00000e+00,0.00000e+00,0.00000e+00,0.00000e+00,0.00000e+00,0.00000e+00,0.00000e+00,4.82119e-64,1.16106e-62,2.00185e-65,4.10331e-64,5.43048e-64,1.44117e-60,3.38856e-59,6.12618e-62,1.22794e-60,1.62193e-60
0.00000e+00,0.00000e+00,0.00000e+00,0.00000e+00,0.00000e+00,0.00000e+00,0.00000e+00,0.00000e+00,0.00000e+00,0.00000e+00,5.43048e-64,1.30757e-62,2.25519e-65,4.82119e-64,5.91827e-64,1.62193e-60,3.81301e-59,6.89546e-62,1.44117e-60,1.76644e-60
0.00000e+00,0.00000e+00,0.00000e+00,0.00000e+00,0.00000e+00,0.00000e+00,0.00000e+00,0.00000e+00,0.00000e+00,0.00000e+00,5.91827e-64,1.42481e-62,2.45811e-65,5.43048e-64,6.27446e-64,1.76644e-60,4.15219e-59,7.51071e-62,1.62193e-60,1.87177e-60
0.00000e+00,0.00000e+00,0.00000e+00,0.00000e+00,0.00000e+00,0.00000e+00,0.00000e+00,0.00000e+00,0.00000e+00,0.00000e+00,6.27446e-64,1.51039e-62,2.60635e-65,5.91827e-64,6.49183e-64,1.87177e-60,4.39932e-59,7.95929e-62,1.76644e-60,1.93583e-60
0.00000e+00,0.00000e+00,0.00000e+00,0.00000e+00,0.00000e+00,0.00000e+00,0.00000e+00,0.00000e+00,0.00000e+00,0.00000e+00,6.49183e-64,1.56257e-62,2.69688e-65,6.27446e-64,6.56600e-64,1.93583e-60,4.54958e-59,8.23219e-62,1.87177e-60,1.95737e-60
0.00000e+00,0.00000e+00,0.00000e+00,0.00000e+00,0.00000e+00,0.00000e+00,0.00000e+00,0.00000e+00,0.00000e+00,0.00000e+00,6.56600e-64,1.58035e-62,2.72782e-65,6.49183e-64,6.49544e-64,1.95737e-60,4.60010e-59,8.32399e-62,1.93583e-60,1.93598e-60
0.00000e+00,0.00000e+00,0.00000e+00,0.00000e+00,0.00000e+00,0.00000e+00,0.00000e+00,0.00000e+00,0.00000e+00,0.00000e+00,6.49544e-64,1.56336e-62,2.69854e-65,6.56600e-64,6.28147e-64,1.93598e-60,4.54990e-59,8.23288e-62,1.95737e-60,1.87205e-60
0.00000e+00,0.00000e+00,0.00000e+00,0.00000e+00,0.00000e+00,0.00000e+00,0.00000e+00,0.00000e+00,0.00000e+00,0.00000e+00,6.28147e-64,1.51191e-62,2.60959e-65,6.49544e-64,5.92824e-64,1.87205e-60,4.39994e-59,7.96062e-62,1.93598e-60,1.76684e-60
0.00000e+00,0.00000e+00,0.00000e+00,0.00000e+00,0.00000e+00,0.00000e+00,0.00000e+00,0.00000e+00,0.00000e+00,0.00000e+00,5.92824e-64,1.42698e-62,2.46272e-65,6.28147e-64,5.44279e-64,1.76684e-60,4.15306e-59,7.51258e-62,1.87205e-60,1.62242e-60
0.00000e+00,0.00000e+00,0.00000e+00,0.00000e+00,0.00000e+00,0.00000e+00,0.00000e+00,0.00000e+00,0.00000e+00,0.00000e+00,5.44279e-64,1.31025e-62,2.26088e-65,5.92824e-64,4.83499e-64,1.62242e-60,3.81407e-59,6.89774e-62,1.76684e-60,1.44171e-60
0.00000e+00,0.00000e+00,0.00000e+00,0.00000e+00,0.00000e+00,0.00000e+00,0.00000e+00,0.00000e+00,0.00000e+00,0.00000e+00,4.83499e-64,1.16405e-62,2.00822e-65,5.44279e-64,4.11758e-64,1.44171e-60,3.38973e-59,6.12868e-62,1.62242e-60,1.22848e-60
0.00000e+00,0.00000e+00,0.00000e+00,0.00000e+00,0.00000e+00,0.00000e+00,0.00000e+00,0.00000e+00,0.00000e+00,0.00000e+00,4.11758e-64,9.91442e-63,1.71009e-65,4.83499e-64,3.30598e-64,1.22848e-60,2.88881e-59,5.22153e-62,1.44171e-60,9.87292e-61
0.00000e+00,0.00000e+00,0.00000e+00,0.00000e+00,0.00000e+00,0.00000e+00,0.00000e+00,0.00000e+00,0.00000e+00,0.00000e+00,3.30598e-64,7.96104e-63,1.37290e-65,4.11758e-64,2.41810e-64,9.87292e-61,2.32199e-59,4.19584e-62,1.22848e-60,7.23465e-61
0.00000e+00,0.00000e+00,0.00000e+00,0.00000e+00,0.00000e+00,0.00000e+00,0.00000e+00,0.00000e+00,0.00000e+00,0.00000e+00,2.41810e-64,5.82345e-63,1.00411e-65,3.30598e-64,1.47397e-64,7.23465e-61,1.70174e-59,3.07423e-62,9.87292e-61,4.42948e-61
0.00000e+00,0.00000e+00,0.00000e+00,0.00000e+00,0.00000e+00,0.00000e+00,0.00000e+00,0.00000e+00,0.00000e+00,0.00000e+00,1.47397e-64,3.54991e-63,6.12034e-66,2.41810e-64,4.95228e-65,4.42948e-61,1.04206e-59,1.88196e-62,7.23465e-61,1.52472e-61
0.00000e+00,0.00000e+00,0.00000e+00,0.00000e+00,0.00000e+00,0.00000e+00,0.00000e+00,0.00000e+00,0.00000e+00,0.00000e+00,6.08373e-66,1.46603e-64,2.52451e-67,2.04275e-66,9.98823e-66,1.88073e-62,4.42682e-61,7.98664e-64,6.47060e-63,3.07237e-62
0.00000e+00,0.00000e+00,0.00000e+00,0.00000e+00,0.00000e+00,0.00000e+00,0.00000e+00,0.00000e+00,0.00000e+00,0.00000e+00,9.98823e-66,2.40664e-64,4.14521e-67,6.08373e-66,1.36665e-65,3.07237e-62,7.23062e-61,1.30488e-63,1.88073e-62,4.19354e-62
0.00000e+00,0.00000e+00,0.00000e+00,0.00000e+00,0.00000e+00,0.00000e+00,0.00000e+00,0.00000e+00,0.00000e+00,0.00000e+00,1.36665e-65,3.29244e-64,5.67251e-67,9.98823e-66,1.70350e-65,4.19354e-62,9.86795e-61,1.78127e-63,3.07237e-62,5.21902e-62
0.00000e+00,0.00000e+00,0.00000e+00,0.00000e+00,0.00000e+00,0.00000e+00,0.00000e+00,0.00000e+00,0.00000e+00,0.00000e+00,1.70350e-65,4.10331e-64,7.07173e-67,1.36665e-65,2.00185e-65,5.21902e-62,1.22794e-60,2.21713e-63,4.19354e-62,6.12618e-62
0.00000e+00,0.00000e+00,0.00000e+00,0.00000e+00,0.00000e+00,0.00000e+00,0.00000e+00,0.00000e+00,0.00000e+00,0.00000e+00,2.00185e-65,4.82119e-64,8.31156e-67,1.70350e-65,2.25519e-65,6.12618e-62,1.44117e-60,2.60283e-63,5.21902e-62,6.89546e-62
0.00000e+00,0.00000e+00,0.00000e+00,0.00000e+00,0.00000e+00,0.00000e+00,0.00000e+00,0.00000e+00,0.00000e+00,0.00000e+00,2.25519e-65,5.43048e-64,9.36481e-67,2.00185e-65,2.45811e-65,6.89546e-62,1.62193e-60,2.93003e-63,6.12618e-62,7.51071e-62
0.00000e+00,0.00000e+00,0.00000e+00,0.00000e+00,0.00000e+00,0.00000e+00,0.00000e+00,0.00000e+00,0.00000e+00,0.00000e+00,2.45811e-65,5.91827e-64,1.02088e-66,2.25519e-65,2.60635e-65,7.51071e-62,1.76644e-60,3.19180e-63,6.89546e-62,7.95929e-62
0.00000e+00,0.00000e+00,0.00000e+00,0.00000e+00,0.00000e+00,0.00000e+00,0.00000e+00,0.00000e+00,0.00000e+00,0.00000e+00,2.60635e-65,6.27446e-64,1.08257e-66,2.45811e-65,2.69688e-65,7.95929e-62,1.87177e-60,3.38271e-63,7.51071e-62,8.23219e-62
0.00000e+00,0.00000e+00,0.00000e+00,0.00000e+00,0.00000e+00,0.00000e+00,0.00000e+00,0.00000e+00,0.00000e+00,0.00000e+00,2.69688e-65,6.49183e-64,1.12026e-66,2.60635e-65,2.72782e-65,8.23219e-62,1.93583e-60,3.49888e-63,7.95929e-62,8.32399e-62
0.00000e+00,0.00000e+00,0.00000e+00,0.00000e+00,0.00000e+00,0.00000e+00,0.00000e+00,0.00000e+00,0.00000e+00,0.00000e+00,2.72782e-65,6.56600e-64,1.13318e-66,2.69688e-65,2.69854e-65,8.32399e-62,1.95737e-60,3.53797e-63,8.23219e-62,8.23288e-62
0.00000e+00,0.00000e+00,0.00000e+00,0.00000e+00,0.00000e+00,0.00000e+00,0.00000e+00,0.00000e+00,0.00000e+00,0.00000e+00,2.69854e-65,6.49544e-64,1.12104e-66,2.72782e-65,2.60959e-65,8.23288e-62,1.93598e-60,3.49920e-63,8.32399e-62,7.96062e-62
0.00000e+00,0.00000e+00,0.00000e+00,0.00000e+00,0.00000e+00,0.00000e+00,0.00000e+00,0.00000e+00,0.00000e+00,0.00000e+00,2.60959e-65,6.28147e-64,1.08407e-66,2.69854e-65,2.46272e-65,7.96062e-62,1.87205e-60,3.38333e-63,8.23288e-62,7.51258e-62
0.00000e+00,0.00000e+00,0.00000e+00,0.00000e+00,0.00000e+00,0.00000e+00,0.00000e+00,0.00000e+00,0.00000e+00,0.00000e+00,2.46272e-65,5.92824e-64,1.02301e-66,2.60959e-65,2.26088e-65,7.51258e-62,1.76684e-60,3.19266e-63,7.96062e-62,6.89774e-62
0.00000e+00,0.00000e+00,0.00000e+00,0.00000e+00,0.00000e+00,0.00000e+00,0.00000e+00,0.00000e+00,0.00000e+00,0.00000e+00,2.26088e-65,5.44279e-64,9.39111e-67,2.46272e-65,2.00822e-65,6.89774e-62,1.62242e-60,2.93108e-63,7.51258e-62,6.12868e-62
0.00000e+00,0.00000e+00,0.00000e+00,0.00000e+00,0.00000e+00,0.00000e+00,0.00000e+00,0.00000e+00,0.00000e+00,0.00000e+00,2.00822e-65,4.83499e-64,8.34104e-67,2.26088e-65,1.71009e-65,6.12868e-62,1.44171e-60,2.60399e-63,6.89774e-62,5.22153e-62
0.00000e+00,0.00000e+00,0.00000e+00,0.00000e+00,0.00000e+00,0.00000e+00,0.00000e+00,0.00000e+00,0.00000e+00,0.00000e+00,1.71009e-65,4.11758e-64,7.10219e-67,2.00822e-65,1.37290e-65,5.22153e-62,1.22848e-60,2.21829e-63,6.12868e-62,4.19584e-62
0.00000e+00,0.00000e+00,0.00000e+00,0.00000e+00,0.00000e+00,0.00000e+00,0.00000e+00,0.00000e+00,0.00000e+00,0.00000e+00,1.37290e-65,3.30598e-64,5.70140e-67,1.71009e-65,1.00411e-65,4.19584e-62,9.87292e-61,1.78233e-63,5.22153e-62,3.07423e-62
0.00000e+00,0.00000e+00,0.00000e+00,0.00000e+00,0.00000e+00,0.00000e+00,0.00000e+00,0.00000e+00,0.00000e+00,0.00000e+00,1.00411e-65,2.41810e-64,4.16965e-67,1.37290e-65,6.12034e-66,3.07423e-62,7.23465e-61,1.30574e-63,4.19584e-62,1.88196e-62
0.00000e+00,0.00000e+00,0.00000e+00,0.00000e+00,0.00000e+00,0.00000e+00,0.00000e+00,0.00000e+00,0.00000e+00,0.00000e+00,6.12034e-66,1.47397e-64,2.54142e-67,1.00411e-65,2.05629e-66,1.88196e-62,4.42948e-61,7.99232e-64,3.07423e-62,6.47523e-63
0.00000e+00,0.00000e+00,0.00000e+00,0.00000e+00,0.00000e+00,0.00000e+00,0.00000e+00,0.00000e+00,0.00000e+00,0.00000e+00,2.52451e-67,6.08373e-66,1.04588e-68,8.47591e-68,4.14521e-67,7.98664e-64,1.88073e-62,3.38464e-65,2.74660e-64,1.30488e-63
0.00000e+00,0.00000e+00,0.00000e+00,0.00000e+00,0.00000e+00,0.00000e+00,0.00000e+00,0.00000e+00,0.00000e+00,0.00000e+00,4.14521e-67,9.98823e-66,1.71752e-68,2.52451e-67,5.67251e-67,1.30488e-63,3.07237e-62,5.53057e-65,7.98664e-64,1.78127e-63
0.00000e+00,0.00000e+00,0.00000e+00,0.00000e+00,0.00000e+00,0.00000e+00,0.00000e+00,0.00000e+00,0.00000e+00,0.00000e+00,5.67251e-67,1.36665e-65,2.35065e-68,4.14521e-67,7.07173e-67,1.78127e-63,4.19354e-62,7.55051e-65,1.30488e-63,2.21713e-63
0.00000e+00,0.00000e+00,0.00000e+00,0.00000e+00,0.00000e+00,0.00000e+00,0.00000e+00,0.00000e+00,0.00000e+00,0.00000e+00,7.07173e-67,1.70350e-65,2.93090e-68,5.67251e-67,8.31156e-67,2.21713e-63,5.21902e-62,9.39908e-65,1.78127e-63,2.60283e-63
0.00000e+00,0.00000e+00,0.00000e+00,0.00000e+00,0.00000e+00,0.00000e+00,0.00000e+00,0.00000e+00,0.00000e+00,0.00000e+00,8.31156e-67,2.00185e-65,3.44526e-68,7.07173e-67,9.36481e-67,2.60283e-63,6.12618e-62,1.10354e-64,2.21713e-63,2.93003e-63
0.00000e+00,0.00000e+00,0.00000e+00,0.00000e+00,0.00000e+00,0.00000e+00,0.00000e+00,0.00000e+00,0.00000e+00,0.00000e+00,9.36481e-67,2.25519e-65,3.88240e-68,8.31156e-67,1.02088e-66,2.93003e-63,6.89546e-62,1.24240e-64,2.60283e-63,3.19180e-63
0.00000e+00,0.00000e+00,0.00000e+00,0.00000e+00,0.00000e+00,0.00000e+00,0.00000e+00,0.00000e+00,0.00000e+00,0.00000e+00,1.02088e-66,2.45811e-65,4.23285e-68,9.36481e-67,1.08257e-66,3.19180e-63,7.51071e-62,1.35352e-64,2.93003e-63,3.38271e-63
0.00000e+00,0.00000e+00,0.00000e+00,0.00000e+00,0.00000e+00,0.00000e+00,0.00000e+00,0.00000e+00,0.00000e+00,0.00000e+00,1.08257e-66,2.60635e-65,4.48913e-68,1.02088e-66,1.12026e-66,3.38271e-63,7.95929e-62,1.43459e-64,3.19180e-63,3.49888e-63
0.00000e+00,0.00000e+00,0.00000e+00,0.00000e+00,0.00000e+00,0.00000e+00,0.00000e+00,0.00000e+00,0.00000e+00,0.00000e+00,1.12026e-66,2.69688e-65,4.64582e-68,1.08257e-66,1.13318e-66,3.49888e-63,8.23219e-62,1.48393e-64,3.38271e-63,3.53797e-63
0.00000e+00,0.00000e+00,0.00000e+00,0.00000e+00,0.00000e+00,0.00000e+00,0.00000e+00,0.00000e+00,0.00000e+00,0.00000e+00,1.13318e-66,2.72782e-65,4.69964e-68,1.12026e-66,1.12104e-66,3.53797e-63,8.32399e-62,1.50054e-64,3.49888e-63,3.49920e-63
0.00000e+00,0.00000e+00,0.00000e+00,0.00000e+00,0.00000e+00,0.00000e+00,0.00000e+00,0.00000e+00,0.00000e+00,0.00000e+00,1.12104e-66,2.69854e-65,4.64940e-68,1.13318e-66,1.08407e-66,3.49920e-63,8.23288e-62,1.48407e-64,3.53797e-63,3.38333e-63
0.00000e+00,0.00000e+00,0.00000e+00,0.00000e+00,0.00000e+00,0.00000e+00,0.00000e+00,0.00000e+00,0.00000e+00,0.00000e+00,1.08407e-66,2.60959e-65,4.49607e-68,1.12104e-66,1.02301e-66,3.38333e-63,7.96062e-62,1.43487e-64,3.49920e-63,3.19266e-63
0.00000e+00,0.00000e+00,0.00000e+00,0.00000e+00,0.00000e+00,0.00000e+00,0.00000e+00,0.00000e+00,0.00000e+00,0.00000e+00,1.02301e-66,2.46272e-65,4.24272e-68,1.08407e-66,9.39111e-67,3.19266e-63,7.51258e-62,1.35392e-64,3.38333e-63,2.93108e-63
0.00000e+00,0.00000e+00,0.00000e+00,0.00000e+00,0.00000e+00,0.00000e+00,0.00000e+00,0.00000e+00,0.00000e+00,0.00000e+00,9.39111e-67,2.26088e-65,3.89457e-68,1.02301e-66,8.34104e-67,2.93108e-63,6.89774e-62,1.24288e-64,3.19266e-63,2.60399e-63
0.00000e+00,0.00000e+00,0.00000e+00,0.00000e+00,0.00000e+00,0.00000e+00,0.00000e+00,0.00000e+00,0.00000e+00,0.00000e+00,8.34104e-67,2.00822e-65,3.45889e-68,9.39111e-67,7.10219e-67,2.60399e-63,6.12868e-62,1.10407e-64,2.93108e-63,2.21829e-63
0.00000e+00,0.00000e+00,0.00000e+00,0.00000e+00,0.00000e+00,0.00000e+00,0.00000e+00,0.00000e+00,0.00000e+00,0.00000e+00,7.10219e-67,1.71009e-65,2.94497e-68,8.34104e-67,5.70140e-67,2.21829e-63,5.22153e-62,9.40443e-65,2.60399e-63,1.78233e-63
0.00000e+00,0.00000e+00,0.00000e+00,0.00000e+00,0.00000e+00,0.00000e+00,0.00000e+00,0.00000e+00,0.00000e+00,0.00000e+00,5.70140e-67,1.37290e-65,2.36399e-68,7.10219e-67,4.16965e-67,1.78233e-63,4.19584e-62,7.55540e-65,2.21829e-63,1.30574e-63
0.00000e+00,0.00000e+00,0.00000e+00,0.00000e+00,0.00000e+00,0.00000e+00,0.00000e+00,0.00000e+00,0.00000e+00,0.00000e+00,4.16965e-67,1.00411e-65,1.72879e-68,5.70140e-67,2.54142e-67,1.30574e-63,3.07423e-62,5.53454e-65,1.78233e-63,7.99232e-64
0.00000e+00,0.00000e+00,0.00000e+00,0.00000e+00,0.00000e+00,0.00000e+00,0.00000e+00,0.00000e+00,0.00000e+00,0.00000e+00,2.54142e-67,6.12034e-66,1.05368e-68,4.16965e-67,8.53841e-68,7.99232e-64,1.88196e-62,3.38726e-65,1.30574e-63,2.74874e-64
0.00000e+00,0.00000e+00,0.00000e+00,0.00000e+00,0.00000e+00,0.00000e+00,0.00000e+00,0.00000e+00,0.00000e+00,0.00000e+00,1.04588e-68,2.52451e-67,7.97011e-70,3.51129e-69,1.71752e-68,3.38464e-65,7.98664e-64,2.63397e-66,1.16353e-65,5.53057e-65
0.00000e+00,0.00000e+00,0.00000e+00,0.00000e+00,0.00000e+00,0.00000e+00,0.00000e+00,0.00000e+00,0.00000e+00,0.00000e+00,1.71752e-68,4.14521e-67,1.30876e-69,1.04588e-68,2.35065e-68,5.53057e-65,1.30488e-63,4.30296e-66,3.38464e-65,7.55051e-65
0.00000e+00,0.00000e+00,0.00000e+00,0.00000e+00,0.00000e+00,0.00000e+00,0.00000e+00,0.00000e+00,0.00000e+00,0.00000e+00,2.35065e-68,5.67251e-67,1.79138e-69,1.71752e-68,2.93090e-68,7.55051e-65,1.78127e-63,5.87444e-66,5.53057e-65,9.39908e-65
0.00000e+00,0.00000e+00,0.00000e+00,0.00000e+00,0.00000e+00,0.00000e+00,0.00000e+00,0.00000e+00,0.00000e+00,0.00000e+00,2.93090e-68,7.07173e-67,2.23385e-69,2.35065e-68,3.44526e-68,9.39908e-65,2.21713e-63,7.31298e-66,7.55051e-65,1.10354e-64
0.00000e+00,0.00000e+00,0.00000e+00,0.00000e+00,0.00000e+00,0.00000e+00,0.00000e+00,0.00000e+00,0.00000e+00,0.00000e+00,3.44526e-68,8.31156e-67,2.62623e-69,2.93090e-68,3.88240e-68,1.10354e-64,2.60283e-63,8.58670e-66,9.39908e-65,1.24240e-64
0.00000e+00,0.00000e+00,0.00000e+00,0.00000e+00,0.00000e+00,0.00000e+00,0.00000e+00,0.00000e+00,0.00000e+00,0.00000e+00,3.88240e-68,9.36481e-67,2.95982e-69,3.44526e-68,4.23285e-68,1.24240e-64,2.93003e-63,9.66784e-66,1.10354e-64,1.35352e-64
0.00000e+00,0.00000e+00,0.00000e+00,0.00000e+00,0.00000e+00,0.00000e+00,0.00000e+00,0.00000e+00,0.00000e+00,0.00000e+00,4.23285e-68,1.02088e-66,3.22736e-69,3.88240e-68,4.48913e-68,1.35352e-64,3.19180e-63,1.05333e-65,1.24240e-64,1.43459e-64
0.00000e+00,0.00000e+00,0.00000e+00,0.00000e+00,0.00000e+00,0.00000e+00,0.00000e+00,0.00000e+00,0.00000e+00,0.00000e+00,4.48913e-68,1.08257e-66,3.42310e-69,4.23285e-68,4.64582e-68,1.43459e-64,3.38271e-63,1.11648e-65,1.35352e-64,1.48393e-64
0.00000e+00,0.00000e+00,0.00000e+00,0.00000e+00,0.00000e+00,0.00000e+00,0.00000e+00,0.00000e+00,0.00000e+00,0.00000e+00,4.64582e-68,1.12026e-66,3.54286e-69,4.48913e-68,4.69964e-68,1.48393e-64,3.49888e-63,1.15492e-65,1.43459e-64,1.50054e-64
0.00000e+00,0.00000e+00,0.00000e+00,0.00000e+00,0.00000e+00,0.00000e+00,0.00000e+00,0.00000e+00,0.00000e+00,0.00000e+00,4.69964e-68,1.13318e-66,3.58409e-69,4.64582e-68,4.64940e-68,1.50054e-64,3.53797e-63,1.16786e-65,1.48393e-64,1.48407e-64
0.00000e+00,0.00000e+00,0.00000e+00,0.00000e+00,0.00000e+00,0.00000e+00,0.00000e+00,0.00000e+00,0.00000e+00,0.00000e+00,4.64940e-68,1.12104e-66,3.54588e-69,4.69964e-68,4.49607e-68,1.48407e-64,3.49920e-63,1.15504e-65,1.50054e-64,1.43487e-64
0.00000e+00,0.00000e+00,0.00000e+00,0.00000e+00,0.00000e+00,0.00000e+00,0.00000e+00,0.00000e+00,0.00000e+00,0.00000e+00,4.49607e-68,1.08407e-66,3.42895e-69,4.64940e-68,4.24272e-68,1.43487e-64,3.38333e-63,1.11671e-65,1.48407e-64,1.35392e-64
0.00000e+00,0.00000e+00,0.00000e+00,0.00000e+00,0.00000e+00,0.00000e+00,0.00000e+00,0.00000e+00,0.00000e+00,0.00000e+00,4.24272e-68,1.02301e-66,3.23569e-69,4.49607e-68,3.89457e-68,1.35392e-64,3.19266e-63,1.05366e-65,1.43487e-64,1.24288e-64
0.00000e+00,0.00000e+00,0.00000e+00,0.00000e+00,0.00000e+00,0.00000e+00,0.00000e+00,0.00000e+00,0.00000e+00,0.00000e+00,3.89457e-68,9.39111e-67,2.97007e-69,4.24272e-68,3.45889e-68,1.24288e-64,2.93108e-63,9.67193e-66,1.35392e-64,1.10407e-64
0.00000e+00,0.00000e+00,0.00000e+00,0.00000e+00,0.00000e+00,0.00000e+00,0.00000e+00,0.00000e+00,0.00000e+00,0.00000e+00,3.45889e-68,8.34104e-67,2.63770e-69,3.89457e-68,2.94497e-68,1.10407e-64,2.60399e-63,8.59118e-66,1.24288e-64,9.40443e-65
0.00000e+00,0.00000e+00,0.00000e+00,0.00000e+00,0.00000e+00,0.00000e+00,0.00000e+00,0.00000e+00,0.00000e+00,0.00000e+00,2.94497e-68,7.10219e-67,2.24570e-69,3.45889e-68,2.36399e-68,9.40443e-65,2.21829e-63,7.31749e-66,1.10407e-64,7.55540e-65
0.00000e+00,0.00000e+00,0.00000e+00,0.00000e+00,0.00000e+00,0.00000e+00,0.00000e+00,0.00000e+00,0.00000e+00,0.00000e+00,2.36399e-68,5.70140e-67,1.80260e-69,2.94497e-68,1.72879e-68,7.55540e-65,1.78233e-63,5.87856e-66,9.40443e-65,5.53454e-65
0.00000e+00,0.00000e+00,0.00000e+00,0.00000e+00,0.00000e+00,0.00000e+00,0.00000e+00,0.00000e+00,0.00000e+00,0.00000e+00,1.72879e-68,4.16965e-67,1.31824e-69,2.36399e-68,1.05368e-68,5.53454e-65,1.30574e-63,4.30630e-66,7.55540e-65,3.38726e-65
0.00000e+00,0.00000e+00,0.00000e+00,0.00000e+00,0.00000e+00,0.00000e+00,0.00000e+00,0.00000e+00,0.00000e+00,0.00000e+00,1.05368e-68,2.54142e-67,8.03558e-70,1.72879e-68,3.54009e-69,3.38726e-65,7.99232e-64,2.63618e-66,5.53454e-65,1.16451e-65
0.00000e+00,0.00000e+00,0.00000e+00,0.00000e+00,0.00000e+00,5.74435e-03,2.53204e-02,2.67055e-03,3.79842e-03,6.45342e-03,1.27924e-02,4.83574e-02,6.75679e-03,3.87285e-02,1.75332e-02,1.53564e-01,2.36220e-01,6.11735e-02,-3.13623e-01,6.78359e-02
0.00000e+00,0.00000e+00,0.00000e+00,0.00000e+00,0.00000e+00,6.45342e-03,2.81554e-02,2.97870e-03,5.74435e-03,6.71062e-03,1.75332e-02,5.88694e-02,9.30474e-03,1.27924e-02,2.06529e-02,6.78359e-02,1.36847e-01,3.09168e-02,1.53564e-01,4.13503e-02
0.00000e+00,0.00000e+00,0.00000e+00,0.00000e+00,0.00000e+00,6.71062e-03,2.91430e-02,3.08785e-03,6.45342e-03,6.80361e-03,2.06529e-02,6.41698e-02,1.10109e-02,1.75332e-02,2.21908e-02,4.13503e-02,1.06674e-01,2.18298e-02,6.78359e-02,3.94780e-02
0.00000e+00,0.00000e+00,0.00000e+00,0.00000e+00,0.00000e+00,6.80361e-03,2.94871e-02,3.12654e-03,6.71062e-03,6.83714e-03,2.21908e-02,6.64893e-02,1.18833e-02,2.06529e-02,2.28654e-02,3.94780e-02,1.04328e-01,2.22503e-02,4.13503e-02,4.20503e-02
0.00000e+00,0.00000e+00,0.00000e+00,0.00000e+00,0.00000e+00,6.83714e-03,2.96071e-02,3.14027e-03,6.80361e-03,6.84920e-03,2.28654e-02,6.74335e-02,1.22816e-02,2.21908e-02,2.31432e-02,4.20503e-02,1.06673e-01,2.42383e-02,3.94780e-02,4.41602e-02
0.00000e+00,0.00000e+00,0.00000e+00,0.00000e+00,0.00000e+00,6.84920e-03,2.96489e-02,3.14514e-03,6.83714e-03,6.85353e-03,2.31432e-02,6.78014e-02,1.24523e-02,2.28654e-02,2.32532e-02,4.41602e-02,1.08540e-01,2.57236e-02,4.20503e-02,4.53208e-02
0.00000e+00,0.00000e+00,0.00000e+00,0.00000e+00,0.00000e+00,6.85353e-03,2.96635e-02,3.14687e-03,6.84920e-03,6.85507e-03,2.32532e-02,6.79406e-02,1.25224e-02,2.31432e-02,2.32953e-02,4.53208e-02,1.09511e-01,2.65539e-02,4.41602e-02,4.58643e-02
0.00000e+00,0.00000e+00,0.00000e+00,0.00000e+00,0.00000e+00,6.85507e-03,2.96686e-02,3.14748e-03,6.85353e-03,6.85560e-03,2.32953e-02,6.79920e-02,1.25503e-02,2.32532e-02,2.33105e-02,4.58643e-02,1.09940e-01,2.69573e-02,4.53208e-02,4.60877e-02
0.00000e+00,0.00000e+00,0.00000e+00,0.00000e+00,0.00000e+00,6.85560e-03,2.96703e-02,3.14769e-03,6.85507e-03,6.85573e-03,2.33105e-02,6.80100e-02,1.25607e-02,2.32953e-02,2.33143e-02,4.60877e-02,1.10107e-01,2.71296e-02,4.58643e-02,4.61469e-02
0.00000e+00,0.00000e+00,0.00000e+00,0.00000e+00,0.00000e+00,6.85573e-03,2.96707e-02,3.14774e-03,6.85560e-03,6.85560e-03,2.33143e-02,6.80144e-02,1.25633e-02,2.33105e-02,2.33105e-02,4.61469e-02,1.10149e-01,2.71764e-02,4.60877e-02,4.60877e-02
0.00000e+00,0.00000e+00,0.00000e+00,0.00000e+00,0.00000e+00,6.85560e-03,2.96703e-02,3.14769e-03,6.85573e-03,6.85507e-03,2.33105e-02,6.80100e-02,1.25607e-02,2.33143e-02,2.32953e-02,4.60877e-02,1.10107e-01,2.71296e-02,4.61469e-02,4.58644e-02
0.00000e+00,0.00000e+00,0.00000e+00,0.00000e+00,0.00000e+00,6.85507e-03,2.96686e-02,3.14748e-03,6.85560e-03,6.85353e-03,2.32953e-02,6.79920e-02,1.25503e-02,2.33105e-02,2.32532e-02,4.58644e-02,1.09940e-01,2.69574e-02,4.60877e-02,4.53213e-02
0.00000e+00,0.00000e+00,0.00000e+00,0.00000e+00,0.00000e+00,6.85353e-03,2.96635e-02,3.14687e-03,6.85507e-03,6.84920e-03,2.32532e-02,6.79406e-02,1.25224e-02,2.32953e-02,2.31432e-02,4.53213e-02,1.09512e-01,2.65541e-02,4.58644e-02,4.41623e-02
0.00000e+00,0.00000e+00,0.00000e+00,0.00000e+00,0.00000e+00,6.84920e-03,2.96489e-02,3.14514e-03,6.85353e-03,6.83714e-03,2.31432e-02,6.78014e-02,1.24523e-02,2.32532e-02,2.28654e-02,4.41623e-02,1.08543e-01,2.57243e-02,4.53213e-02,4.20588e-02
0.00000e+00,0.00000e+00,0.00000e+00,0.00000e+00,0.00000e+00,6.83714e-03,2.96071e-02,3.14027e-03,6.84920e-03,6.80361e-03,2.28654e-02,6.74335e-02,1.22816e-02,2.31432e-02,2.21908e-02,4.20588e-02,1.06687e-01,2.42407e-02,4.41623e-02,3.95115e-02
0.00000e+00,0.00000e+00,0.00000e+00,0.00000e+00,0.00000e+00,6.80361e-03,2.94871e-02,3.12654e-03,6.83714e-03,6.71062e-03,2.21908e-02,6.64893e-02,1.18833e-02,2.28654e-02,2.06529e-02,3.95115e-02,1.04386e-01,2.22585e-02,4.20588e-02,4.14821e-02
0.00000e+00,0.00000e+00,0.00000e+00,0.00000e+00,0.00000e+00,6.71062e-03,2.91430e-02,3.08785e-03,6.80361e-03,6.45342e-03,2.06529e-02,6.41698e-02,1.10109e-02,2.21908e-02,1.75332e-02,4.14821e-02,1.06910e-01,2.18586e-02,3.95115e-02,6.83219e-02
0.00000e+00,0.00000e+00,0.00000e+00,0.00000e+00,0.00000e+00,6.45342e-03,2.81554e-02,2.97870e-03,6.71062e-03,5.74435e-03,1.75332e-02,5.88694e-02,9.30474e-03,2.06529e-02,1.27924e-02,6.83219e-02,1.37736e-01,3.10162e-02,4.14821e-02,1.55224e-01
0.00000e+00,0.00000e+00,0.00000e+00,0.00000e+00,0.00000e+00,5.74435e-03,2.53204e-02,2.67055e-03,6.45342e-03,3.79842e-03,1.27924e-02,4.83574e-02,6.75679e-03,1.75332e-02,3.87285e-02,1.55224e-01,2.39346e-01,6.14973e-02,6.83219e-02,-3.10665e-01
0.00000e+00,0.00000e+00,0.00000e+00,0.00000e+00,0.00000e+00,2.67055e-03,5.74435e-03,9.48423e-05,1.80025e-03,2.97870e-03,6.75679e-03,1.27924e-02,1.51232e-03,1.35626e-02,9.30474e-03,6.11735e-02,1.53564e-01,6.12978e-03,-1.58202e-02,3.09168e-02
0.00000e+00,0.00000e+00,0.00000e+00,0.00000e+00,0.00000e+00,2.97870e-03,6.45342e-03,1.17676e-04,2.67055e-03,3.08785e-03,9.30474e-03,1.75332e-02,1.82007e-03,6.75679e-03,1.10109e-02,3.09168e-02,6.78359e-02,5.82003e-03,6.11735e-02,2.18298e-02
0.00000e+00,0.00000e+00,0.00000e+00,0.00000e+00,0.00000e+00,3.08785e-03,6.71062e-03,1.27559e-04,2.97870e-03,3.12654e-03,1.10109e-02,2.06529e-02,2.01560e-03,9.30474e-03,1.18833e-02,2.18298e-02,4.13503e-02,6.15952e-03,3.09168e-02,2.22503e-02
0.00000e+00,0.00000e+00,0.00000e+00,0.00000e+00,0.00000e+00,3.12654e-03,6.80361e-03,1.31650e-04,3.08785e-03,3.14027e-03,1.18833e-02,2.21908e-02,2.12398e-03,1.10109e-02,1.22816e-02,2.22503e-02,3.94780e-02,6.69180e-03,2.18298e-02,2.42383e-02
0.00000e+00,0.00000e+00,0.00000e+00,0.00000e+00,0.00000e+00,3.14027e-03,6.83714e-03,1.33293e-04,3.12654e-03,3.14514e-03,1.22816e-02,2.28654e-02,2.17870e-03,1.18833e-02,1.24523e-02,2.42383e-02,4.20503e-02,7.12300e-03,2.22503e-02,2.57236e-02
0.00000e+00,0.00000e+00,0.00000e+00,0.00000e+00,0.00000e+00,3.14514e-03,6.84920e-03,1.33939e-04,3.14027e-03,3.14687e-03,1.24523e-02,2.31432e-02,2.20457e-03,1.22816e-02,1.25224e-02,2.57236e-02,4.41602e-02,7.39828e-03,2.42383e-02,2.65539e-02
0.00000e+00,0.00000e+00,0.00000e+00,0.00000e+00,0.00000e+00,3.14687e-03,6.85353e-03,1.34188e-04,3.14514e-03,3.14748e-03,1.25224e-02,2.32532e-02,2.21621e-03,1.24523e-02,1.25503e-02,2.65539e-02,4.53208e-02,7.55155e-03,2.57236e-02,2.69573e-02
0.00000e+00,0.00000e+00,0.00000e+00,0.00000e+00,0.00000e+00,3.14748e-03,6.85507e-03,1.34283e-04,3.14687e-03,3.14769e-03,1.25503e-02,2.32953e-02,2.22123e-03,1.25224e-02,1.25607e-02,2.69573e-02,4.58643e-02,7.62878e-03,2.65539e-02,2.71296e-02
0.00000e+00,0.00000e+00,0.00000e+00,0.00000e+00,0.00000e+00,3.14769e-03,6.85560e-03,1.34317e-04,3.14748e-03,3.14774e-03,1.25607e-02,2.33105e-02,2.22323e-03,1.25503e-02,1.25633e-02,2.71296e-02,4.60877e-02,7.66322e-03,2.69573e-02,2.71764e-02
0.00000e+00,0.00000e+00,0.00000e+00,0.00000e+00,0.00000e+00,3.14774e-03,6.85573e-03,1.34326e-04,3.14769e-03,3.14769e-03,1.25633e-02,2.33143e-02,2.22376e-03,1.25607e-02,1.25607e-02,2.71764e-02,4.61469e-02,7.67285e-03,2.71296e-02,2.71296e-02
0.00000e+00,0.00000e+00,0.00000e+00,0.00000e+00,0.00000e+00,3.14769e-03,6.85560e-03,1.34317e-04,3.14774e-03,3.14748e-03,1.25607e-02,2.33105e-02,2.22323e-03,1.25633e-02,1.25503e-02,2.71296e-02,4.60877e-02,7.66322e-03,2.71764e-02,2.69574e-02
0.00000e+00,0.00000e+00,0.00000e+00,0.00000e+00,0.00000e+00,3.14748e-03,6.85507e-03,1.34283e-04,3.14769e-03,3.14687e-03,1.25503e-02,2.32953e-02,2.22123e-03,1.25607e-02,1.25224e-02,2.69574e-02,4.58644e-02,7.62879e-03,2.71296e-02,2.65541e-02
0.00000e+00,0.00000e+00,0.00000e+00,0.00000e+00,0.00000e+00,3.14687e-03,6.85353e-03,1.34188e-04,3.14748e-03,3.14514e-03,1.25224e-02,2.32532e-02,2.21621e-03,1.25503e-02,1.24523e-02,2.65541e-02,4.53213e-02,7.55158e-03,2.69574e-02,2.57243e-02
0.00000e+00,0.00000e+00,0.00000e+00,0.00000e+00,0.00000e+00,3.14514e-03,6.84920e-03,1.33939e-04,3.14687e-03,3.14027e-03,1.24523e-02,2.31432e-02,2.20457e-03,1.25224e-02,1.22816e-02,2.57243e-02,4.41623e-02,7.39835e-03,2.65541e-02,2.42407e-02
0.00000e+00,0.00000e+00,0.00000e+00,0.00000e+00,0.00000e+00,3.14027e-03,6.83714e-03,1.33293e-04,3.14514e-03,3.12654e-03,1.22816e-02,2.28654e-02,2.17870e-03,1.24523e-02,1.18833e-02,2.42407e-02,4.20588e-02,7.12323e-03,2.57243e-02,2.22585e-02
0.00000e+00,0.00000e+00,0.00000e+00,0.00000e+00,0.00000e+00,3.12654e-03,6.80361e-03,1.31650e-04,3.14027e-03,3.08785e-03,1.18833e-02,2.21908e-02,2.12398e-03,1.22816e-02,1.10109e-02,2.22585e-02,3.95115e-02,6.69250e-03,2.42407e-02,2.18586e-02
0.00000e+00,0.00000e+00,0.00000e+00,0.00000e+00,0.00000e+00,3.08785e-03,6.71062e-03,1.27559e-04,3.12654e-03,2.97870e-03,1.10109e-02,2.06529e-02,2.01560e-03,1.18833e-02,9.30474e-03,2.18586e-02,4.14821e-02,6.16164e-03,2.22585e-02,3.10162e-02
0.00000e+00,0.00000e+00,0.00000e+00,0.00000e+00,0.00000e+00,2.97870e-03,6.45342e-03,1.17676e-04,3.08785e-03,2.67055e-03,9.30474e-03,1.75332e-02,1.82007e-03,1.10109e-02,6.75679e-03,3.10162e-02,6.83219e-02,5.82623e-03,2.18586e-02,6.14973e-02
0.00000e+00,0.00000e+00,0.00000e+00,0.00000e+00,0.00000e+00,2.67055e-03,5.74435e-03,9.48423e-05,2.97870e-03,1.80025e-03,6.75679e-03,1.27924e-02,1.51232e-03,9.30474e-03,1.35626e-02,6.14973e-02,1.55224e-01,6.14609e-03,3.10162e-02,-1.52207e-02
0.00000e+00,0.00000e+00,0.00000e+00,0.00000e+00,0.00000e+00,9.48423e-05,2.67055e-03,3.39355e-06,4.58032e-05,1.17676e-04,1.51232e-03,6.75679e-03,3.24060e-04,1.40574e-03,1.82007e-03,6.12978e-03,6.11735e-02,1.23916e-03,6.47985e-03,5.82003e-03
0.00000e+00,0.00000e+00,0.00000e+00,0.00000e+00,0.00000e+00,1.17676e-04,2.97870e-03,4.54687e-06,9.48423e-05,1.27559e-04,1.82007e-03,9.30474e-03,4.01003e-04,1.51232e-03,2.01560e-03,5.82003e-03,3.09168e-02,1.53465e-03,6.12978e-03,6.15952e-03
0.00000e+00,0.00000e+00,0.00000e+00,0.00000e+00,0.00000e+00,1.27559e-04,3.08785e-03,5.14000e-06,1.17676e-04,1.31650e-04,2.01560e-03,1.10109e-02,4.38527e-04,1.82007e-03,2.12398e-03,6.15952e-03,2.18298e-02,1.89977e-03,5.82003e-03,6.69180e-03
0.00000e+00,0.00000e+00,0.00000e+00,0.00000e+00,0.00000e+00,1.31650e-04,3.12654e-03,5.42278e-06,1.27559e-04,1.33293e-04,2.12398e-03,1.18833e-02,4.56381e-04,2.01560e-03,2.17870e-03,6.69180e-03,2.22503e-02,2.14766e-03,6.15952e-03,7.12300e-03
0.00000e+00,0.00000e+00,0.00000e+00,0.00000e+00,0.00000e+00,1.33293e-04,3.14027e-03,5.55074e-06,1.31650e-04,1.33939e-04,2.17870e-03,1.22816e-02,4.64700e-04,2.12398e-03,2.20457e-03,7.12300e-03,2.42383e-02,2.28735e-03,6.69180e-03,7.39828e-03
0.00000e+00,0.00000e+00,0.00000e+00,0.00000e+00,0.00000e+00,1.33939e-04,3.14514e-03,5.60647e-06,1.33293e-04,1.34188e-04,2.20457e-03,1.24523e-02,4.68497e-04,2.17870e-03,2.21621e-03,7.39828e-03,2.57236e-02,2.35925e-03,7.12300e-03,7.55155e-03
0.00000e+00,0.00000e+00,0.00000e+00,0.00000e+00,0.00000e+00,1.34188e-04,3.14687e-03,5.63002e-06,1.33939e-04,1.34283e-04,2.21621e-03,1.25224e-02,4.70193e-04,2.20457e-03,2.22123e-03,7.55155e-03,2.65539e-02,2.39422e-03,7.39828e-03,7.62878e-03
0.00000e+00,0.00000e+00,0.00000e+00,0.00000e+00,0.00000e+00,1.34283e-04,3.14748e-03,5.63969e-06,1.34188e-04,1.34317e-04,2.22123e-03,1.25503e-02,4.70930e-04,2.21621e-03,2.22323e-03,7.62878e-03,2.69573e-02,2.41042e-03,7.55155e-03,7.66322e-03
0.00000e+00,0.00000e+00,0.00000e+00,0.00000e+00,0.00000e+00,1.34317e-04,3.14769e-03,5.64340e-06,1.34283e-04,1.34326e-04,2.22323e-03,1.25607e-02,4.71229e-04,2.22123e-03,2.22376e-03,7.66322e-03,2.71296e-02,2.41730e-03,7.62878e-03,7.67285e-03
0.00000e+00,0.00000e+00,0.00000e+00,0.00000e+00,0.00000e+00,1.34326e-04,3.14774e-03,5.64436e-06,1.34317e-04,1.34317e-04,2.22376e-03,1.25633e-02,4.71309e-04,2.22323e-03,2.22323e-03,7.67285e-03,2.71764e-02,2.41919e-03,7.66322e-03,7.66322e-03
0.00000e+00,0.00000e+00,0.00000e+00,0.00000e+00,0.00000e+00,1.34317e-04,3.14769e-03,5.64340e-06,1.34326e-04,1.34283e-04,2.22323e-03,1.25607e-02,4.71229e-04,2.22376e-03,2.22123e-03,7.66322e-03,2.71296e-02,2.41730e-03,7.67285e-03,7.62879e-03
0.00000e+00,0.00000e+00,0.00000e+00,0.00000e+00,0.00000e+00,1.34283e-04,3.14748e-03,5.63969e-06,1.34317e-04,1.34188e-04,2.22123e-03,1.25503e-02,4.70930e-04,2.22323e-03,2.21621e-03,7.62879e-03,2.69574e-02,2.41042e-03,7.66322e-03,7.55158e-03
0.00000e+00,0.00000e+00,0.00000e+00,0.00000e+00,0.00000e+00,1.34188e-04,3.14687e-03,5.63002e-06,1.34283e-04,1.33939e-04,2.21621e-03,1.25224e-02,4.70193e-04,2.22123e-03,2.20457e-03,7.55158e-03,2.65541e-02,2.39422e-03,7.62879e-03,7.39835e-03
0.00000e+00,0.00000e+00,0.00000e+00,0.00000e+00,0.00000e+00,1.33939e-04,3.14514e-03,5.60647e-06,1.34188e-04,1.33293e-04,2.20457e-03,1.24523e-02,4.68497e-04,2.21621e-03,2.17870e-03,7.39835e-03,2.57243e-02,2.35926e-03,7.55158e-03,7.12323e-03
0.00000e+00,0.00000e+00,0.00000e+00,0.00000e+00,0.00000e+00,1.33293e-04,3.14027e-03,5.55074e-06,1.33939e-04,1.31650e-04,2.17870e-03,1.22816e-02,4.64700e-04,2.20457e-03,2.12398e-03,7.12323e-03,2.42407e-02,2.28736e-03,7.39835e-03,6.69250e-03
0.00000e+00,0.00000e+00,0.00000e+00,0.00000e+00,0.00000e+00,1.31650e-04,3.12654e-03,5.42278e-06,1.33293e-04,1.27559e-04,2.12398e-03,1.18833e-02,4.56381e-04,2.17870e-03,2.01560e-03,6.69250e-03,2.22585e-02,2.14769e-03,7.12323e-03,6.16164e-03
0.00000e+00,0.00000e+00,0.00000e+00,0.00000e+00,0.00000e+00,1.27559e-04,3.08785e-03,5.14000e-06,1.31650e-04,1.17676e-04,2.01560e-03,1.10109e-02,4.38527e-04,2.12398e-03,1.82007e-03,6.16164e-03,2.18586e-02,1.89986e-03,6.69250e-03,5.82623e-03
0.00000e+00,0.00000e+00,0.00000e+00,0.00000e+00,0.00000e+00,1.17676e-04,2.97870e-03,4.54687e-06,1.27559e-04,9.48423e-05,1.82007e-03,9.30474e-03,4.01003e-04,2.01560e-03,1.51232e-03,5.82623e-03,3.10162e-02,1.53488e-03,6.16164e-03,6.14609e-03
0.00000e+00,0.00000e+00,0.00000e+00,0.00000e+00,0.00000e+00,9.48423e-05,2.67055e-03,3.39355e-06,1.17676e-04,4.58032e-05,1.51232e-03,6.75679e-03,3.24060e-04,1.82007e-03,1.40574e-03,6.14609e-03,6.14973e-02,1.23961e-03,5.82623e-03,6.52547e-03
0.00000e+00,0.00000e+00,0.00000e+00,0.00000e+00,0.00000e+00,3.39355e-06,9.48423e-05,1.24711e-07,1.38615e-06,4.54687e-06,3.24060e-04,1.51232e-03,2.14534e-05,1.78728e-04,4.01003e-04,1.23916e-03,6.12978e-03,2.50716e-04,2.14470e-03,1.53465e-03
0.00000e+00,0.00000e+00,0.00000e+00,0.00000e+00,0.00000e+00,4.54687e-06,1.17676e-04,1.76546e-07,3.39355e-06,5.14000e-06,4.01003e-04,1.82007e-03,2.85950e-05,3.24060e-04,4.38527e-04,1.53465e-03,5.82003e-03,3.05988e-04,1.23916e-03,1.89977e-03
0.00000e+00,0.00000e+00,0.00000e+00,0.00000e+00,0.00000e+00,5.14000e-06,1.27559e-04,2.06886e-07,4.54687e-06,5.42278e-06,4.38527e-04,2.01560e-03,3.24396e-05,4.01003e-04,4.56381e-04,1.89977e-03,6.15952e-03,3.54279e-04,1.53465e-03,2.14766e-03
0.00000e+00,0.00000e+00,0.00000e+00,0.00000e+00,0.00000e+00,5.42278e-06,1.31650e-04,2.23128e-07,5.14000e-06,5.55074e-06,4.56381e-04,2.12398e-03,3.43859e-05,4.38527e-04,4.64700e-04,2.14766e-03,6.69180e-03,3.86769e-04,1.89977e-03,2.28735e-03
0.00000e+00,0.00000e+00,0.00000e+00,0.00000e+00,0.00000e+00,5.55074e-06,1.33293e-04,2.31279e-07,5.42278e-06,5.60647e-06,4.64700e-04,2.17870e-03,3.53312e-05,4.56381e-04,4.68497e-04,2.28735e-03,7.12300e-03,4.05723e-04,2.14766e-03,2.35925e-03
0.00000e+00,0.00000e+00,0.00000e+00,0.00000e+00,0.00000e+00,5.60647e-06,1.33939e-04,2.35174e-07,5.55074e-06,5.63002e-06,4.68497e-04,2.20457e-03,3.57763e-05,4.64700e-04,4.70193e-04,2.35925e-03,7.39828e-03,4.15836e-04,2.28735e-03,2.39422e-03
0.00000e+00,0.00000e+00,0.00000e+00,0.00000e+00,0.00000e+00,5.63002e-06,1.34188e-04,2.36962e-07,5.60647e-06,5.63969e-06,4.70193e-04,2.21621e-03,3.59806e-05,4.68497e-04,4.70930e-04,2.39422e-03,7.55155e-03,4.20904e-04,2.35925e-03,2.41042e-03
0.00000e+00,0.00000e+00,0.00000e+00,0.00000e+00,0.00000e+00,5.63969e-06,1.34283e-04,2.37752e-07,5.63002e-06,5.64340e-06,4.70930e-04,2.22123e-03,3.60715e-05,4.70193e-04,4.71229e-04,2.41042e-03,7.62878e-03,4.23307e-04,2.39422e-03,2.41730e-03
0.00000e+00,0.00000e+00,0.00000e+00,0.00000e+00,0.00000e+00,5.64340e-06,1.34317e-04,2.38075e-07,5.63969e-06,5.64436e-06,4.71229e-04,2.22323e-03,3.61092e-05,4.70930e-04,4.71309e-04,2.41730e-03,7.66322e-03,4.24345e-04,2.41042e-03,2.41919e-03
0.00000e+00,0.00000e+00,0.00000e+00,0.00000e+00,0.00000e+00,5.64436e-06,1.34326e-04,2.38161e-07,5.64340e-06,5.64340e-06,4.71309e-04,2.22376e-03,3.61193e-05,4.71229e-04,4.71229e-04,2.41919e-03,7.67285e-03,4.24632e-04,2.41730e-03,2.41730e-03
0.00000e+00,0.00000e+00,0.00000e+00,0.00000e+00,0.00000e+00,5.64340e-06,1.34317e-04,2.38075e-07,5.64436e-06,5.63969e-06,4.71229e-04,2.22323e-03,3.61092e-05,4.71309e-04,4.70930e-04,2.41730e-03,7.66322e-03,4.24345e-04,2.41919e-03,2.41042e-03
0.00000e+00,0.00000e+00,0.00000e+00,0.00000e+00,0.00000e+00,5.63969e-06,1.34283e-04,2.37752e-07,5.64340e-06,5.63002e-06,4.70930e-04,2.22123e-03,3.60715e-05,4.71229e-04,4.70193e-04,2.41042e-03,7.62879e-03,4.23307e-04,2.41730e-03,2.39422e-03
0.00000e+00,0.00000e+00,0.00000e+00,0.00000e+00,0.00000e+00,5.63002e-06,1.34188e-04,2.36962e-07,5.63969e-06,5.60647e-06,4.70193e-04,2.21621e-03,3.59806e-05,4.70930e-04,4.68497e-04,2.39422e-03,7.55158e-03,4.20904e-04,2.41042e-03,2.35926e-03
0.00000e+00,0.00000e+00,0.00000e+00,0.00000e+00,0.00000e+00,5.60647e-06,1.33939e-04,2.35174e-07,5.63002e-06,5.55074e-06,4.68497e-04,2.20457e-03,3.57763e-05,4.70193e-04,4.64700e-04,2.35926e-03,7.39835e-03,4.15837e-04,2.39422e-03,2.28736e-03
0.00000e+00,0.00000e+00,0.00000e+00,0.00000e+00,0.00000e+00,5.55074e-06,1.33293e-04,2.31279e-07,5.60647e-06,5.42278e-06,4.64700e-04,2.17870e-03,3.53312e-05,4.68497e-04,4.56381e-04,2.28736e-03,7.12323e-03,4.05724e-04,2.35926e-03,2.14769e-03
0.00000e+00,0.00000e+00,0.00000e+00,0.00000e+00,0.00000e+00,5.42278e-06,1.31650e-04,2.23128e-07,5.55074e-06,5.14000e-06,4.56381e-04,2.12398e-03,3.43859e-05,4.64700e-04,4.38527e-04,2.14769e-03,6.69250e-03,3.86770e-04,2.28736e-03,1.89986e-03
0.00000e+00,0.00000e+00,0.00000e+00,0.00000e+00,0.00000e+00,5.14000e-06,1.27559e-04,2.06886e-07,5.42278e-06,4.54687e-06,4.38527e-04,2.01560e-03,3.24396e-05,4.56381e-04,4.01003e-04,1.89986e-03,6.16164e-03,3.54282e-04,2.14769e-03,1.53488e-03
0.00000e+00,0.00000e+00,0.00000e+00,0.00000e+00,0.00000e+00,4.54687e-06,1.17676e-04,1.76546e-07,5.14000e-06,3.39355e-06,4.01003e-04,1.82007e-03,2.85950e-05,4.38527e-04,3.24060e-04,1.53488e-03,5.82623e-03,3.05994e-04,1.89986e-03,1.23961e-03
0.00000e+00,0.00000e+00,0.00000e+00,0.00000e+00,0.00000e+00,3.39355e-06,9.48423e-05,1.24711e-07,4.54687e-06,1.38615e-06,3.24060e-04,1.51232e-03,2.14534e-05,4.01003e-04,1.78728e-04,1.23961e-03,6.14609e-03,2.50726e-04,1.53488e-03,2.14536e-03
0.00000e+00,0.00000e+00,0.00000e+00,0.00000e+00,0.00000e+00,1.24711e-07,3.39355e-06,4.69473e-09,4.69545e-08,1.76546e-07,2.14534e-05,3.24060e-04,1.15081e-06,9.75816e-06,2.85950e-05,2.50716e-04,1.23916e-03,4.16281e-05,2.33897e-04,3.05988e-04
0.00000e+00,0.00000e+00,0.00000e+00,0.00000e+00,0.00000e+00,1.76546e-07,4.54687e-06,6.89524e-09,1.24711e-07,2.06886e-07,2.85950e-05,4.01003e-04,1.61558e-06,2.14534e-05,3.24396e-05,3.05988e-04,1.53465e-03,5.37335e-05,2.50716e-04,3.54279e-04
0.00000e+00,0.00000e+00,0.00000e+00,0.00000e+00,0.00000e+00,2.06886e-07,5.14000e-06,8.31566e-09,1.76546e-07,2.23128e-07,3.24396e-05,4.38527e-04,1.89465e-06,2.85950e-05,3.43859e-05,3.54279e-04,1.89977e-03,6.11414e-05,3.05988e-04,3.86769e-04
0.00000e+00,0.00000e+00,0.00000e+00,0.00000e+00,0.00000e+00,2.23128e-07,5.42278e-06,9.15048e-09,2.06886e-07,2.31279e-07,3.43859e-05,4.56381e-04,2.04912e-06,3.24396e-05,3.53312e-05,3.86769e-04,2.14766e-03,6.54047e-05,3.54279e-04,4.05723e-04
0.00000e+00,0.00000e+00,0.00000e+00,0.00000e+00,0.00000e+00,2.31279e-07,5.55074e-06,9.60752e-09,2.23128e-07,2.35174e-07,3.53312e-05,4.64700e-04,2.12984e-06,3.43859e-05,3.57763e-05,4.05723e-04,2.28735e-03,6.77330e-05,3.86769e-04,4.15836e-04
0.00000e+00,0.00000e+00,0.00000e+00,0.00000e+00,0.00000e+00,2.35174e-07,5.60647e-06,9.84420e-09,2.31279e-07,2.36962e-07,3.57763e-05,4.68497e-04,2.17024e-06,3.53312e-05,3.59806e-05,4.15836e-04,2.35925e-03,6.89482e-05,4.05723e-04,4.20904e-04
0.00000e+00,0.00000e+00,0.00000e+00,0.00000e+00,0.00000e+00,2.36962e-07,5.63002e-06,9.96121e-09,2.35174e-07,2.37752e-07,3.59806e-05,4.70193e-04,2.18974e-06,3.57763e-05,3.60715e-05,4.20904e-04,2.39422e-03,6.95571e-05,4.15836e-04,4.23307e-04
0.00000e+00,0.00000e+00,0.00000e+00,0.00000e+00,0.00000e+00,2.37752e-07,5.63969e-06,1.00164e-08,2.36962e-07,2.38075e-07,3.60715e-05,4.70930e-04,2.19881e-06,3.59806e-05,3.61092e-05,4.23307e-04,2.41042e-03,6.98488e-05,4.20904e-04,4.24345e-04
0.00000e+00,0.00000e+00,0.00000e+00,0.00000e+00,0.00000e+00,2.38075e-07,5.64340e-06,1.00402e-08,2.37752e-07,2.38161e-07,3.61092e-05,4.71229e-04,2.20269e-06,3.60715e-05,3.61193e-05,4.24345e-04,2.41730e-03,6.99765e-05,4.23307e-04,4.24632e-04
0.00000e+00,0.00000e+00,0.00000e+00,0.00000e+00,0.00000e+00,2.38161e-07,5.64436e-06,1.00467e-08,2.38075e-07,2.38075e-07,3.61193e-05,4.71309e-04,2.20376e-06,3.61092e-05,3.61092e-05,4.24632e-04,2.41919e-03,7.00121e-05,4.24345e-04,4.24345e-04
0.00000e+00,0.00000e+00,0.00000e+00,0.00000e+00,0.00000e+00,2.38075e-07,5.64340e-06,1.00402e-08,2.38161e-07,2.37752e-07,3.61092e-05,4.71229e-04,2.20269e-06,3.61193e-05,3.60715e-05,4.24345e-04,2.41730e-03,6.99765e-05,4.24632e-04,4.23307e-04
0.00000e+00,0.00000e+00,0.00000e+00,0.00000e+00,0.00000e+00,2.37752e-07,5.63969e-06,1.00164e-08,2.38075e-07,2.36962e-07,3.60715e-05,4.70930e-04,2.19881e-06,3.61092e-05,3.59806e-05,4.23307e-04,2.41042e-03,6.98488e-05,4.24345e-04,4.20904e-04
0.00000e+00,0.00000e+00,0.00000e+00,0.00000e+00,0.00000e+00,2.36962e-07,5.63002e-06,9.96121e-09,2.37752e-07,2.35174e-07,3.59806e-05,4.70193e-04,2.18974e-06,3.60715e-05,3.57763e-05,4.20904e-04,2.39422e-03,6.95571e-05,4.23307e-04,4.15837e-04
0.00000e+00,0.00000e+00,0.00000e+00,0.00000e+00,0.00000e+00,2.35174e-07,5.60647e-06,9.84421e-09,2.36962e-07,2.31279e-07,3.57763e-05,4.68497e-04,2.17024e-06,3.59806e-05,3.53312e-05,4.15837e-04,2.35926e-03,6.89482e-05,4.20904e-04,4.05724e-04
0.00000e+00,0.00000e+00,0.00000e+00,0.00000e+00,0.00000e+00,2.31279e-07,5.55074e-06,9.60753e-09,2.35174e-07,2.23128e-07,3.53312e-05,4.64700e-04,2.12984e-06,3.57763e-05,3.43859e-05,4.05724e-04,2.28736e-03,6.77331e-05,4.15837e-04,3.86770e-04
0.00000e+00,0.00000e+00,0.00000e+00,0.00000e+00,0.00000e+00,2.23128e-07,5.42278e-06,9.15049e-09,2.31279e-07,2.06886e-07,3.43859e-05,4.56381e-04,2.04912e-06,3.53312e-05,3.24396e-05,3.86770e-04,2.14769e-03,6.54048e-05,4.05724e-04,3.54282e-04
0.00000e+00,0.00000e+00,0.00000e+00,0.00000e+00,0.00000e+00,2.06886e-07,5.14000e-06,8.31568e-09,2.23128e-07,1.76546e-07,3.24396e-05,4.38527e-04,1.89465e-06,3.43859e-05,2.85950e-05,3.54282e-04,1.89986e-03,6.11415e-05,3.86770e-04,3.05994e-04
0.00000e+00,0.00000e+00,0.00000e+00,0.00000e+00,0.00000e+00,1.76546e-07,4.54687e-06,6.89526e-09,2.06886e-07,1.24711e-07,2.85950e-05,4.01003e-04,1.61558e-06,3.24396e-05,2.14534e-05,3.05994e-04,1.53488e-03,5.37336e-05,3.54282e-04,2.50726e-04
0.00000e+00,0.00000e+00,0.00000e+00,0.00000e+00,0.00000e+00,1.24711e-07,3.39355e-06,4.69475e-09,1.76546e-07,4.69545e-08,2.14534e-05,3.24060e-04,1.15081e-06,2.85950e-05,9.75816e-06,2.50726e-04,1.23961e-03,4.16283e-05,3.05994e-04,2.33906e-04
0.00000e+00,0.00000e+00,0.00000e+00,0.00000e+00,0.00000e+00,4.69473e-09,1.24711e-07,1.80107e-10,1.69751e-09,6.89524e-09,1.15081e-06,2.14534e-05,5.69675e-08,4.76269e-07,1.61558e-06,4.16281e-05,2.50716e-04,3.38529e-06,2.41131e-05,5.37335e-05
0.00000e+00,0.00000e+00,0.00000e+00,0.00000e+00,0.00000e+00,6.89524e-09,1.76546e-07,2.71203e-10,4.69473e-09,8.31566e-09,1.61558e-06,2.85950e-05,8.28888e-08,1.15081e-06,1.89465e-06,5.37335e-05,3.05988e-04,4.61675e-06,4.16281e-05,6.11414e-05
0.00000e+00,0.00000e+00,0.00000e+00,0.00000e+00,0.00000e+00,8.31566e-09,2.06886e-07,3.34482e-10,6.89524e-09,9.15048e-09,1.89465e-06,3.24396e-05,9.98906e-08,1.61558e-06,2.04912e-06,6.11414e-05,3.54279e-04,5.38027e-06,5.37335e-05,6.54047e-05
0.00000e+00,0.00000e+00,0.00000e+00,0.00000e+00,0.00000e+00,9.15048e-09,2.23128e-07,3.74553e-10,8.31566e-09,9.60752e-09,2.04912e-06,3.43859e-05,1.10097e-07,1.89465e-06,2.12984e-06,6.54047e-05,3.86769e-04,5.82035e-06,6.11414e-05,6.77330e-05
0.00000e+00,0.00000e+00,0.00000e+00,0.00000e+00,0.00000e+00,9.60752e-09,2.31279e-07,3.98141e-10,9.15048e-09,9.84420e-09,2.12984e-06,3.53312e-05,1.15831e-07,2.04912e-06,2.17024e-06,6.77330e-05,4.05723e-04,6.06106e-06,6.54047e-05,6.89482e-05
0.00000e+00,0.00000e+00,0.00000e+00,0.00000e+00,0.00000e+00,9.84420e-09,2.35174e-07,4.11228e-10,9.60752e-09,9.96121e-09,2.17024e-06,3.57763e-05,1.18891e-07,2.12984e-06,2.18974e-06,6.89482e-05,4.15836e-04,6.18739e-06,6.77330e-05,6.95571e-05
0.00000e+00,0.00000e+00,0.00000e+00,0.00000e+00,0.00000e+00,9.96121e-09,2.36962e-07,4.18130e-10,9.84420e-09,1.00164e-08,2.18974e-06,3.59806e-05,1.20455e-07,2.17024e-06,2.19881e-06,6.95571e-05,4.20904e-04,6.25133e-06,6.89482e-05,6.98488e-05
0.00000e+00,0.00000e+00,0.00000e+00,0.00000e+00,0.00000e+00,1.00164e-08,2.37752e-07,4.21580e-10,9.96121e-09,1.00402e-08,2.19881e-06,3.60715e-05,1.21219e-07,2.18974e-06,2.20269e-06,6.98488e-05,4.23307e-04,6.28237e-06,6.95571e-05,6.99765e-05
0.00000e+00,0.00000e+00,0.00000e+00,0.00000e+00,0.00000e+00,1.00402e-08,2.38075e-07,4.23140e-10,1.00164e-08,1.00467e-08,2.20269e-06,3.61092e-05,1.21558e-07,2.19881e-06,2.20376e-06,6.99765e-05,4.24345e-04,6.29614e-06,6.98488e-05,7.00121e-05
0.00000e+00,0.00000e+00,0.00000e+00,0.00000e+00,0.00000e+00,1.00467e-08,2.38161e-07,4.23583e-10,1.00402e-08,1.00402e-08,2.20376e-06,3.61193e-05,1.21654e-07,2.20269e-06,2.20269e-06,7.00121e-05,4.24632e-04,6.30001e-06,6.99765e-05,6.99765e-05
0.00000e+00,0.00000e+00,0.00000e+00,0.00000e+00,0.00000e+00,1.00402e-08,2.38075e-07,4.23140e-10,1.00467e-08,1.00164e-08,2.20269e-06,3.61092e-05,1.21558e-07,2.20376e-06,2.19881e-06,6.99765e-05,4.24345e-04,6.29614e-06,7.00121e-05,6.98488e-05
0.00000e+00,0.00000e+00,0.00000e+00,0.00000e+00,0.00000e+00,1.00164e-08,2.37752e-07,4.21581e-10,1.00402e-08,9.96121e-09,2.19881e-06,3.60715e-05,1.21219e-07,2.20269e-06,2.18974e-06,6.98488e-05,4.23307e-04,6.28237e-06,6.99765e-05,6.95571e-05
0.00000e+00,0.00000e+00,0.00000e+00,0.00000e+00,0.00000e+00,9.96121e-09,2.36962e-07,4.18131e-10,1.00164e-08,9.84421e-09,2.18974e-06,3.59806e-05,1.20455e-07,2.19881e-06,2.17024e-06,6.95571e-05,4.20904e-04,6.25133e-06,6.98488e-05,6.89482e-05
0.00000e+00,0.00000e+00,0.00000e+00,0.00000e+00,0.00000e+00,9.84421e-09,2.35174e-07,4.11230e-10,9.96121e-09,9.60753e-09,2.17024e-06,3.57763e-05,1.18891e-07,2.18974e-06,2.12984e-06,6.89482e-05,4.15837e-04,6.18739e-06,6.95571e-05,6.77331e-05
0.00000e+00,0.00000e+00,0.00000e+00,0.00000e+00,0.00000e+00,9.60753e-09,2.31279e-07,3.98142e-10,9.84421e-09,9.15049e-09,2.12984e-06,3.53312e-05,1.15831e-07,2.17024e-06,2.04912e-06,6.77331e-05,4.05724e-04,6.06106e-06,6.89482e-05,6.54048e-05
0.00000e+00,0.00000e+00,0.00000e+00,0.00000e+00,0.00000e+00,9.15049e-09,2.23128e-07,3.74555e-10,9.60753e-09,8.31568e-09,2.04912e-06,3.43859e-05,1.10097e-07,2.12984e-06,1.89465e-06,6.54048e-05,3.86770e-04,5.82035e-06,6.77331e-05,6.11415e-05
0.00000e+00,0.00000e+00,0.00000e+00,0.00000e+00,0.00000e+00,8.31568e-09,2.06886e-07,3.34484e-10,9.15049e-09,6.89526e-09,1.89465e-06,3.24396e-05,9.98906e-08,2.04912e-06,1.61558e-06,6.11415e-05,3.54282e-04,5.38027e-06,6.54048e-05,5.37336e-05
0.00000e+00,0.00000e+00,0.00000e+00,0.00000e+00,0.00000e+00,6.89526e-09,1.76546e-07,2.71205e-10,8.31568e-09,4.69475e-09,1.61558e-06,2.85950e-05,8.28888e-08,1.89465e-06,1.15081e-06,5.37336e-05,3.05994e-04,4.61675e-06,6.11415e-05,4.16283e-05
0.00000e+00,0.00000e+00,0.00000e+00,0.00000e+00,0.00000e+00,4.69475e-09,1.24711e-07,1.80109e-10,6.89526e-09,1.69751e-09,1.15081e-06,2.14534e-05,5.69675e-08,1.61558e-06,4.76269e-07,4.16283e-05,2.50726e-04,3.38530e-06,5.37336e-05,2.41132e-05
0.00000e+00,0.00000e+00,0.00000e+00,0.00000e+00,0.00000e+00,1.80107e-10,4.69473e-09,7.00974e-12,6.37304e-11,2.71203e-10,5.69675e-08,1.15081e-06,2.70877e-09,2.24255e-08,8.28888e-08,3.38529e-06,4.16281e-05,2.13829e-07,1.65151e-06,4.61675e-06
0.00000e+00,0.00000e+00,0.00000e+00,0.00000e+00,0.00000e+00,2.71203e-10,6.89524e-09,1.07403e-11,1.80107e-10,3.34482e-10,8.28888e-08,1.61558e-06,4.03958e-09,5.69675e-08,9.98906e-08,4.61675e-06,5.37335e-05,3.03245e-07,3.38529e-06,5.38027e-06
0.00000e+00,0.00000e+00,0.00000e+00,0.00000e+00,0.00000e+00,3.34482e-10,8.31566e-09,1.34793e-11,2.71203e-10,3.74553e-10,9.98906e-08,1.89465e-06,4.97414e-09,8.28888e-08,1.10097e-07,5.38027e-06,6.11414e-05,3.62180e-07,4.61675e-06,5.82035e-06
0.00000e+00,0.00000e+00,0.00000e+00,0.00000e+00,0.00000e+00,3.74553e-10,9.15048e-09,1.53204e-11,3.34482e-10,3.98141e-10,1.10097e-07,2.04912e-06,5.57463e-09,9.98906e-08,1.15831e-07,5.82035e-06,6.54047e-05,3.97862e-07,5.38027e-06,6.06106e-06
0.00000e+00,0.00000e+00,0.00000e+00,0.00000e+00,0.00000e+00,3.98141e-10,9.60752e-09,1.64715e-11,3.74553e-10,4.11228e-10,1.15831e-07,2.12984e-06,5.93452e-09,1.10097e-07,1.18891e-07,6.06106e-06,6.77330e-05,4.18177e-07,5.82035e-06,6.18739e-06
0.00000e+00,0.00000e+00,0.00000e+00,0.00000e+00,0.00000e+00,4.11228e-10,9.84420e-09,1.71489e-11,3.98141e-10,4.18130e-10,1.18891e-07,2.17024e-06,6.13844e-09,1.15831e-07,1.20455e-07,6.18739e-06,6.89482e-05,4.29206e-07,6.06106e-06,6.25133e-06
0.00000e+00,0.00000e+00,0.00000e+00,0.00000e+00,0.00000e+00,4.18130e-10,9.96121e-09,1.75268e-11,4.11228e-10,4.21580e-10,1.20455e-07,2.18974e-06,6.24850e-09,1.18891e-07,1.21219e-07,6.25133e-06,6.95571e-05,4.34955e-07,6.18739e-06,6.28237e-06
0.00000e+00,0.00000e+00,0.00000e+00,0.00000e+00,0.00000e+00,4.21580e-10,1.00164e-08,1.77255e-11,4.18130e-10,4.23140e-10,1.21219e-07,2.19881e-06,6.30486e-09,1.20455e-07,1.21558e-07,6.28237e-06,6.98488e-05,4.37819e-07,6.25133e-06,6.29614e-06
0.00000e+00,0.00000e+00,0.00000e+00,0.00000e+00,0.00000e+00,4.23140e-10,1.00402e-08,1.78192e-11,4.21580e-10,4.23583e-10,1.21558e-07,2.20269e-06,6.33089e-09,1.21219e-07,1.21654e-07,6.29614e-06,6.99765e-05,4.39116e-07,6.28237e-06,6.30001e-06
0.00000e+00,0.00000e+00,0.00000e+00,0.00000e+00,0.00000e+00,4.23583e-10,1.00467e-08,1.78464e-11,4.23140e-10,4.23140e-10,1.21654e-07,2.20376e-06,6.33838e-09,1.21558e-07,1.21558e-07,6.30001e-06,7.00121e-05,4.39485e-07,6.29614e-06,6.29614e-06
0.00000e+00,0.00000e+00,0.00000e+00,0.00000e+00,0.00000e+00,4.23140e-10,1.00402e-08,1.78192e-11,4.23583e-10,4.21581e-10,1.21558e-07,2.20269e-06,6.33089e-09,1.21654e-07,1.21219e-07,6.29614e-06,6.99765e-05,4.39116e-07,6.30001e-06,6.28237e-06
0.00000e+00,0.00000e+00,0.00000e+00,0.00000e+00,0.00000e+00,4.21581e-10,1.00164e-08,1.77256e-11,4.23140e-10,4.18131e-10,1.21219e-07,2.19881e-06,6.30486e-09,1.21558e-07,1.20455e-07,6.28237e-06,6.98488e-05,4.37819e-07,6.29614e-06,6.25133e-06
0.00000e+00,0.00000e+00,0.00000e+00,0.00000e+00,0.00000e+00,4.18131e-10,9.96121e-09,1.75268e-11,4.21581e-10,4.11230e-10,1.20455e-07,2.18974e-06,6.24851e-09,1.21219e-07,1.18891e-07,6.25133e-06,6.95571e-05,4.34955e-07,6.28237e-06,6.18739e-06
0.00000e+00,0.00000e+00,0.00000e+00,0.00000e+00,0.00000e+00,4.11230e-10,9.84421e-09,1.71490e-11,4.18131e-10,3.98142e-10,1.18891e-07,2.17024e-06,6.13844e-09,1.20455e-07,1.15831e-07,6.18739e-06,6.89482e-05,4.29206e-07,6.25133e-06,6.06106e-06
0.00000e+00,0.00000e+00,0.00000e+00,0.00000e+00,0.00000e+00,3.98142e-10,9.60753e-09,1.64716e-11,4.11230e-10,3.74555e-10,1.15831e-07,2.12984e-06,5.93452e-09,1.18891e-07,1.10097e-07,6.06106e-06,6.77331e-05,4.18177e-07,6.18739e-06,5.82035e-06
0.00000e+00,0.00000e+00,0.00000e+00,0.00000e+00,0.00000e+00,3.74555e-10,9.15049e-09,1.53206e-11,3.98142e-10,3.34484e-10,1.10097e-07,2.04912e-06,5.57463e-09,1.15831e-07,9.98906e-08,5.82035e-06,6.54048e-05,3.97862e-07,6.06106e-06,5.38027e-06
0.00000e+00,0.00000e+00,0.00000e+00,0.00000e+00,0.00000e+00,3.34484e-10,8.31568e-09,1.34796e-11,3.74555e-10,2.71205e-10,9.98906e-08,1.89465e-06,4.97415e-09,1.10097e-07,8.28888e-08,5.38027e-06,6.11415e-05,3.62180e-07,5.82035e-06,4.61675e-06
0.00000e+00,0.00000e+00,0.00000e+00,0.00000e+00,0.00000e+00,2.71205e-10,6.89526e-09,1.07406e-11,3.34484e-10,1.80109e-10,8.28888e-08,1.61558e-06,4.03958e-09,9.98906e-08,5.69675e-08,4.61675e-06,5.37336e-05,3.03245e-07,5.38027e-06,3.38530e-06
0.00000e+00,0.00000e+00,0.00000e+00,0.00000e+00,0.00000e+00,1.80109e-10,4.69475e-09,7.00991e-12,2.71205e-10,6.37313e-11,5.69675e-08,1.15081e-06,2.70877e-09,8.28888e-08,2.24255e-08,3.38530e-06,4.16283e-05,2.13829e-07,4.61675e-06,1.65151e-06
0.00000e+00,0.00000e+00,0.00000e+00,0.00000e+00,0.00000e+00,7.00974e-12,1.80107e-10,2.75829e-13,2.44905e-12,1.07403e-11,2.70877e-09,5.69675e-08,1.25778e-10,1.03568e-09,4.03958e-09,2.13829e-07,3.38529e-06,1.19411e-08,9.58811e-08,3.03245e-07
0.00000e+00,0.00000e+00,0.00000e+00,0.00000e+00,0.00000e+00,1.07403e-11,2.71203e-10,4.27973e-13,7.00974e-12,1.34793e-11,4.03958e-09,8.28888e-08,1.90865e-10,2.70877e-09,4.97414e-09,3.03245e-07,4.61675e-06,1.74096e-08,2.13829e-07,3.62180e-07
0.00000e+00,0.00000e+00,0.00000e+00,0.00000e+00,0.00000e+00,1.34793e-11,3.34482e-10,5.44515e-13,1.07403e-11,1.53204e-11,4.97414e-09,9.98906e-08,2.39030e-10,4.03958e-09,5.57463e-09,3.62180e-07,5.38027e-06,2.12351e-08,3.03245e-07,3.97862e-07
0.00000e+00,0.00000e+00,0.00000e+00,0.00000e+00,0.00000e+00,1.53204e-11,3.74553e-10,6.26698e-13,1.34793e-11,1.64715e-11,5.57463e-09,1.10097e-07,2.71750e-10,4.97414e-09,5.93452e-09,3.97862e-07,5.82035e-06,2.36835e-08,3.62180e-07,4.18177e-07
0.00000e+00,0.00000e+00,0.00000e+00,0.00000e+00,0.00000e+00,1.64715e-11,3.98141e-10,6.80725e-13,1.53204e-11,1.71489e-11,5.93452e-09,1.15831e-07,2.92478e-10,5.57463e-09,6.13844e-09,4.18177e-07,6.06106e-06,2.51487e-08,3.97862e-07,4.29206e-07
0.00000e+00,0.00000e+00,0.00000e+00,0.00000e+00,0.00000e+00,1.71489e-11,4.11228e-10,7.14158e-13,1.64715e-11,1.75268e-11,6.13844e-09,1.18891e-07,3.04866e-10,5.93452e-09,6.24850e-09,4.29206e-07,6.18739e-06,2.59801e-08,4.18177e-07,4.34955e-07
0.00000e+00,0.00000e+00,0.00000e+00,0.00000e+00,0.00000e+00,1.75268e-11,4.18130e-10,7.33732e-13,1.71489e-11,1.77255e-11,6.24850e-09,1.20455e-07,3.11894e-10,6.13844e-09,6.30486e-09,4.34955e-07,6.25133e-06,2.64308e-08,4.29206e-07,4.37819e-07
0.00000e+00,0.00000e+00,0.00000e+00,0.00000e+00,0.00000e+00,1.77255e-11,4.21580e-10,7.44494e-13,1.75268e-11,1.78192e-11,6.30486e-09,1.21219e-07,3.15656e-10,6.24850e-09,6.33089e-09,4.37819e-07,6.28237e-06,2.66629e-08,4.34955e-07,4.39116e-07
0.00000e+00,0.00000e+00,0.00000e+00,0.00000e+00,0.00000e+00,1.78192e-11,4.23140e-10,7.49749e-13,1.77255e-11,1.78464e-11,6.33089e-09,1.21558e-07,3.17456e-10,6.30486e-09,6.33838e-09,4.39116e-07,6.29614e-06,2.67709e-08,4.37819e-07,4.39485e-07
0.00000e+00,0.00000e+00,0.00000e+00,0.00000e+00,0.00000e+00,1.78464e-11,4.23583e-10,7.51310e-13,1.78192e-11,1.78192e-11,6.33838e-09,1.21654e-07,3.17985e-10,6.33089e-09,6.33089e-09,4.39485e-07,6.30001e-06,2.68021e-08,4.39116e-07,4.39116e-07
0.00000e+00,0.00000e+00,0.00000e+00,0.00000e+00,0.00000e+00,1.78192e-11,4.23140e-10,7.49750e-13,1.78464e-11,1.77256e-11,6.33089e-09,1.21558e-07,3.17456e-10,6.33838e-09,6.30486e-09,4.39116e-07,6.29614e-06,2.67709e-08,4.39485e-07,4.37819e-07
0.00000e+00,0.00000e+00,0.00000e+00,0.00000e+00,0.00000e+00,1.77256e-11,4.21581e-10,7.44497e-13,1.78192e-11,1.75268e-11,6.30486e-09,1.21219e-07,3.15656e-10,6.33089e-09,6.24851e-09,4.37819e-07,6.28237e-06,2.66629e-08,4.39116e-07,4.34955e-07
0.00000e+00,0.00000e+00,0.00000e+00,0.00000e+00,0.00000e+00,1.75268e-11,4.18131e-10,7.33737e-13,1.77256e-11,1.71490e-11,6.24851e-09,1.20455e-07,3.11894e-10,6.30486e-09,6.13844e-09,4.34955e-07,6.25133e-06,2.64308e-08,4.37819e-07,4.29206e-07
0.00000e+00,0.00000e+00,0.00000e+00,0.00000e+00,0.00000e+00,1.71490e-11,4.11230e-10,7.14165e-13,1.75268e-11,1.64716e-11,6.13844e-09,1.18891e-07,3.04866e-10,6.24851e-09,5.93452e-09,4.29206e-07,6.18739e-06,2.59801e-08,4.34955e-07,4.18177e-07
0.00000e+00,0.00000e+00,0.00000e+00,0.00000e+00,0.00000e+00,1.64716e-11,3.98142e-10,6.80735e-13,1.71490e-11,1.53206e-11,5.93452e-09,1.15831e-07,2.92478e-10,6.13844e-09,5.57463e-09,4.18177e-07,6.06106e-06,2.51487e-08,4.29206e-07,3.97862e-07
0.00000e+00,0.00000e+00,0.00000e+00,0.00000e+00,0.00000e+00,1.53206e-11,3.74555e-10,6.26711e-13,1.64716e-11,1.34796e-11,5.57463e-09,1.10097e-07,2.71750e-10,5.93452e-09,4.97415e-09,3.97862e-07,5.82035e-06,2.36835e-08,4.18177e-07,3.62180e-07
0.00000e+00,0.00000e+00,0.00000e+00,0.00000e+00,0.00000e+00,1.34796e-11,3.34484e-10,5.44529e-13,1.53206e-11,1.07406e-11,4.97415e-09,9.98906e-08,2.39030e-10,5.57463e-09,4.03958e-09,3.62180e-07,5.38027e-06,2.12351e-08,3.97862e-07,3.03245e-07
0.00000e+00,0.00000e+00,0.00000e+00,0.00000e+00,0.00000e+00,1.07406e-11,2.71205e-10,4.27987e-13,1.34796e-11,7.00991e-12,4.03958e-09,8.28888e-08,1.90866e-10,4.97415e-09,2.70877e-09,3.03245e-07,4.61675e-06,1.74096e-08,3.62180e-07,2.13829e-07
0.00000e+00,0.00000e+00,0.00000e+00,0.00000e+00,0.00000e+00,7.00991e-12,1.80109e-10,2.75840e-13,1.07406e-11,2.44912e-12,2.70877e-09,5.69675e-08,1.25778e-10,4.03958e-09,1.03568e-09,2.13829e-07,3.38530e-06,1.19411e-08,3.03245e-07,9.58812e-08
0.00000e+00,0.00000e+00,0.00000e+00,0.00000e+00,0.00000e+00,2.75829e-13,7.00974e-12,1.09465e-14,9.55813e-14,4.27973e-13,1.25778e-10,2.70877e-09,5.74957e-12,4.71959e-11,1.90865e-10,1.19411e-08,2.13829e-07,6.21181e-10,5.10689e-09,1.74096e-08
0.00000e+00,0.00000e+00,0.00000e+00,0.00000e+00,0.00000e+00,4.27973e-13,1.07403e-11,1.71450e-14,2.75829e-13,5.44515e-13,1.90865e-10,4.03958e-09,8.83663e-12,1.25778e-10,2.39030e-10,1.74096e-08,3.03245e-07,9.23802e-10,1.19411e-08,2.12351e-08
0.00000e+00,0.00000e+00,0.00000e+00,0.00000e+00,0.00000e+00,5.44515e-13,1.34793e-11,2.20524e-14,4.27973e-13,6.26698e-13,2.39030e-10,4.97414e-09,1.12154e-11,1.90865e-10,2.71750e-10,2.12351e-08,3.62180e-07,1.14637e-09,1.74096e-08,2.36835e-08
0.00000e+00,0.00000e+00,0.00000e+00,0.00000e+00,0.00000e+00,6.26698e-13,1.53204e-11,2.56503e-14,5.44515e-13,6.80725e-13,2.71750e-10,5.57463e-09,1.29064e-11,2.39030e-10,2.92478e-10,2.36835e-08,3.97862e-07,1.29626e-09,2.12351e-08,2.51487e-08
0.00000e+00,0.00000e+00,0.00000e+00,0.00000e+00,0.00000e+00,6.80725e-13,1.64715e-11,2.81166e-14,6.26698e-13,7.14158e-13,2.92478e-10,5.93452e-09,1.40292e-11,2.71750e-10,3.04866e-10,2.51487e-08,4.18177e-07,1.39044e-09,2.36835e-08,2.59801e-08
0.00000e+00,0.00000e+00,0.00000e+00,0.00000e+00,0.00000e+00,7.14158e-13,1.71489e-11,2.97096e-14,6.80725e-13,7.33732e-13,3.04866e-10,6.13844e-09,1.47322e-11,2.92478e-10,3.11894e-10,2.59801e-08,4.29206e-07,1.44638e-09,2.51487e-08,2.64308e-08
0.00000e+00,0.00000e+00,0.00000e+00,0.00000e+00,0.00000e+00,7.33732e-13,1.75268e-11,3.06821e-14,7.14158e-13,7.44494e-13,3.11894e-10,6.24850e-09,1.51492e-11,3.04866e-10,3.15656e-10,2.64308e-08,4.34955e-07,1.47797e-09,2.59801e-08,2.66629e-08
0.00000e+00,0.00000e+00,0.00000e+00,0.00000e+00,0.00000e+00,7.44494e-13,1.77255e-11,3.12377e-14,7.33732e-13,7.49749e-13,3.15656e-10,6.30486e-09,1.53815e-11,3.11894e-10,3.17456e-10,2.66629e-08,4.37819e-07,1.49485e-09,2.64308e-08,2.67709e-08
0.00000e+00,0.00000e+00,0.00000e+00,0.00000e+00,0.00000e+00,7.49749e-13,1.78192e-11,3.15174e-14,7.44494e-13,7.51310e-13,3.17456e-10,6.33089e-09,1.54962e-11,3.15656e-10,3.17985e-10,2.67709e-08,4.39116e-07,1.50292e-09,2.66629e-08,2.68021e-08
0.00000e+00,0.00000e+00,0.00000e+00,0.00000e+00,0.00000e+00,7.51310e-13,1.78464e-11,3.16020e-14,7.49749e-13,7.49750e-13,3.17985e-10,6.33838e-09,1.55305e-11,3.17456e-10,3.17456e-10,2.68021e-08,4.39485e-07,1.50529e-09,2.67709e-08,2.67709e-08
0.00000e+00,0.00000e+00,0.00000e+00,0.00000e+00,0.00000e+00,7.49750e-13,1.78192e-11,3.15175e-14,7.51310e-13,7.44497e-13,3.17456e-10,6.33089e-09,1.54962e-11,3.17985e-10,3.15656e-10,2.67709e-08,4.39116e-07,1.50292e-09,2.68021e-08,2.66629e-08
0.00000e+00,0.00000e+00,0.00000e+00,0.00000e+00,0.00000e+00,7.44497e-13,1.77256e-11,3.12378e-14,7.49750e-13,7.33737e-13,3.15656e-10,6.30486e-09,1.53815e-11,3.17456e-10,3.11894e-10,2.66629e-08,4.37819e-07,1.49485e-09,2.67709e-08,2.64308e-08
0.00000e+00,0.00000e+00,0.00000e+00,0.00000e+00,0.00000e+00,7.33737e-13,1.75268e-11,3.06824e-14,7.44497e-13,7.14165e-13,3.11894e-10,6.24851e-09,1.51492e-11,3.15656e-10,3.04866e-10,2.64308e-08,4.34955e-07,1.47798e-09,2.66629e-08,2.59801e-08
0.00000e+00,0.00000e+00,0.00000e+00,0.00000e+00,0.00000e+00,7.14165e-13,1.71490e-11,2.97100e-14,7.33737e-13,6.80735e-13,3.04866e-10,6.13844e-09,1.47323e-11,3.11894e-10,2.92478e-10,2.59801e-08,4.29206e-07,1.44638e-09,2.64308e-08,2.51487e-08
0.00000e+00,0.00000e+00,0.00000e+00,0.00000e+00,0.00000e+00,6.80735e-13,1.64716e-11,2.81172e-14,7.14165e-13,6.26711e-13,2.92478e-10,5.93452e-09,1.40293e-11,3.04866e-10,2.71750e-10,2.51487e-08,4.18177e-07,1.39044e-09,2.59801e-08,2.36835e-08
0.00000e+00,0.00000e+00,0.00000e+00,0.00000e+00,0.00000e+00,6.26711e-13,1.53206e-11,2.56510e-14,6.80735e-13,5.44529e-13,2.71750e-10,5.57463e-09,1.29065e-11,2.92478e-10,2.39030e-10,2.36835e-08,3.97862e-07,1.29626e-09,2.51487e-08,2.12351e-08
0.00000e+00,0.00000e+00,0.00000e+00,0.00000e+00,0.00000e+00,5.44529e-13,1.34796e-11,2.20532e-14,6.26711e-13,4.27987e-13,2.39030e-10,4.97415e-09,1.12154e-11,2.71750e-10,1.90866e-10,2.12351e-08,3.62180e-07,1.14637e-09,2.36835e-08,1.74096e-08
0.00000e+00,0.00000e+00,0.00000e+00,0.00000e+00,0.00000e+00,4.27987e-13,1.07406e-11,1.71457e-14,5.44529e-13,2.75840e-13,1.90866e-10,4.03958e-09,8.83667e-12,2.39030e-10,1.25778e-10,1.74096e-08,3.03245e-07,9.23802e-10,2.12351e-08,1.19411e-08
0.00000e+00,0.00000e+00,0.00000e+00,0.00000e+00,0.00000e+00,2.75840e-13,7.00991e-12,1.09471e-14,4.27987e-13,9.55859e-14,1.25778e-10,2.70877e-09,5.74960e-12,1.90866e-10,4.71961e-11,1.19411e-08,2.13829e-07,6.21181e-10,1.74096e-08,5.10690e-09
0.00000e+00,0.00000e+00,0.00000e+00,0.00000e+00,0.00000e+00,1.09465e-14,2.75829e-13,4.37354e-16,3.77162e-15,1.71450e-14,5.74957e-12,1.25778e-10,2.59915e-13,2.12923e-12,8.83663e-12,6.21181e-10,1.19411e-08,3.08848e-11,2.58003e-10,9.23802e-10
0.00000e+00,0.00000e+00,0.00000e+00,0.00000e+00,0.00000e+00,1.71450e-14,4.27973e-13,6.90000e-16,1.09465e-14,2.20524e-14,8.83663e-12,1.90865e-10,4.03333e-13,5.74957e-12,1.12154e-11,9.23802e-10,1.74096e-08,4.66062e-11,6.21181e-10,1.14637e-09
0.00000e+00,0.00000e+00,0.00000e+00,0.00000e+00,0.00000e+00,2.20524e-14,5.44515e-13,8.95334e-16,1.71450e-14,2.56503e-14,1.12154e-11,2.39030e-10,5.17407e-13,8.83663e-12,1.29064e-11,1.14637e-09,2.12351e-08,5.86468e-11,9.23802e-10,1.29626e-09
0.00000e+00,0.00000e+00,0.00000e+00,0.00000e+00,0.00000e+00,2.56503e-14,6.26698e-13,1.05074e-15,2.20524e-14,2.81166e-14,1.29064e-11,2.71750e-10,6.01566e-13,1.12154e-11,1.40292e-11,1.29626e-09,2.36835e-08,6.71208e-11,1.14637e-09,1.39044e-09
0.00000e+00,0.00000e+00,0.00000e+00,0.00000e+00,0.00000e+00,2.81166e-14,6.80725e-13,1.16107e-15,2.56503e-14,2.97096e-14,1.40292e-11,2.92478e-10,6.59710e-13,1.29064e-11,1.47322e-11,1.39044e-09,2.51487e-08,7.26868e-11,1.29626e-09,1.44638e-09
0.00000e+00,0.00000e+00,0.00000e+00,0.00000e+00,0.00000e+00,2.97096e-14,7.14158e-13,1.23499e-15,2.81166e-14,3.06821e-14,1.47322e-11,3.04866e-10,6.97611e-13,1.40292e-11,1.51492e-11,1.44638e-09,2.59801e-08,7.61367e-11,1.39044e-09,1.47797e-09
0.00000e+00,0.00000e+00,0.00000e+00,0.00000e+00,0.00000e+00,3.06821e-14,7.33732e-13,1.28178e-15,2.97096e-14,3.12377e-14,1.51492e-11,3.11894e-10,7.20982e-13,1.47322e-11,1.53815e-11,1.47797e-09,2.64308e-08,7.81652e-11,1.44638e-09,1.49485e-09
0.00000e+00,0.00000e+00,0.00000e+00,0.00000e+00,0.00000e+00,3.12377e-14,7.44494e-13,1.30941e-15,3.06821e-14,3.15174e-14,1.53815e-11,3.15656e-10,7.34470e-13,1.51492e-11,1.54962e-11,1.49485e-09,2.66629e-08,7.92876e-11,1.47797e-09,1.50292e-09
0.00000e+00,0.00000e+00,0.00000e+00,0.00000e+00,0.00000e+00,3.15174e-14,7.49749e-13,1.32369e-15,3.12377e-14,3.16020e-14,1.54962e-11,3.17456e-10,7.41320e-13,1.53815e-11,1.55305e-11,1.50292e-09,2.67709e-08,7.98393e-11,1.49485e-09,1.50529e-09
0.00000e+00,0.00000e+00,0.00000e+00,0.00000e+00,0.00000e+00,3.16020e-14,7.51310e-13,1.32807e-15,3.15174e-14,3.15175e-14,1.55305e-11,3.17985e-10,7.43402e-13,1.54962e-11,1.54962e-11,1.50529e-09,2.68021e-08,8.00039e-11,1.50292e-09,1.50292e-09
0.00000e+00,0.00000e+00,0.00000e+00,0.00000e+00,0.00000e+00,3.15175e-14,7.49750e-13,1.32369e-15,3.16020e-14,3.12378e-14,1.54962e-11,3.17456e-10,7.41320e-13,1.55305e-11,1.53815e-11,1.50292e-09,2.67709e-08,7.98393e-11,1.50529e-09,1.49485e-09
0.00000e+00,0.00000e+00,0.00000e+00,0.00000e+00,0.00000e+00,3.12378e-14,7.44497e-13,1.30942e-15,3.15175e-14,3.06824e-14,1.53815e-11,3.15656e-10,7.34471e-13,1.54962e-11,1.51492e-11,1.49485e-09,2.66629e-08,7.92876e-11,1.50292e-09,1.47798e-09
0.00000e+00,0.00000e+00,0.00000e+00,0.00000e+00,0.00000e+00,3.06824e-14,7.33737e-13,1.28179e-15,3.12378e-14,2.97100e-14,1.51492e-11,3.11894e-10,7.20983e-13,1.53815e-11,1.47323e-11,1.47798e-09,2.64308e-08,7.81652e-11,1.49485e-09,1.44638e-09
0.00000e+00,0.00000e+00,0.00000e+00,0.00000e+00,0.00000e+00,2.97100e-14,7.14165e-13,1.23502e-15,3.06824e-14,2.81172e-14,1.47323e-11,3.04866e-10,6.97613e-13,1.51492e-11,1.40293e-11,1.44638e-09,2.59801e-08,7.61368e-11,1.47798e-09,1.39044e-09
0.00000e+00,0.00000e+00,0.00000e+00,0.00000e+00,0.00000e+00,2.81172e-14,6.80735e-13,1.16110e-15,2.97100e-14,2.56510e-14,1.40293e-11,2.92478e-10,6.59713e-13,1.47323e-11,1.29065e-11,1.39044e-09,2.51487e-08,7.26869e-11,1.44638e-09,1.29626e-09
0.00000e+00,0.00000e+00,0.00000e+00,0.00000e+00,0.00000e+00,2.56510e-14,6.26711e-13,1.05077e-15,2.81172e-14,2.20532e-14,1.29065e-11,2.71750e-10,6.01569e-13,1.40293e-11,1.12154e-11,1.29626e-09,2.36835e-08,6.71209e-11,1.39044e-09,1.14637e-09
0.00000e+00,0.00000e+00,0.00000e+00,0.00000e+00,0.00000e+00,2.20532e-14,5.44529e-13,8.95375e-16,2.56510e-14,1.71457e-14,1.12154e-11,2.39030e-10,5.17410e-13,1.29065e-11,8.83667e-12,1.14637e-09,2.12351e-08,5.86469e-11,1.29626e-09,9.23802e-10
0.00000e+00,0.00000e+00,0.00000e+00,0.00000e+00,0.00000e+00,1.71457e-14,4.27987e-13,6.90039e-16,2.20532e-14,1.09471e-14,8.83667e-12,1.90866e-10,4.03336e-13,1.12154e-11,5.74960e-12,9.23802e-10,1.74096e-08,4.66062e-11,1.14637e-09,6.21181e-10
0.00000e+00,0.00000e+00,0.00000e+00,0.00000e+00,0.00000e+00,1.09471e-14,2.75840e-13,4.37384e-16,1.71457e-14,3.77186e-15,5.74960e-12,1.25778e-10,2.59917e-13,8.83667e-12,2.12925e-12,6.21181e-10,1.19411e-08,3.08849e-11,9.23802e-10,2.58003e-10
0.00000e+00,0.00000e+00,0.00000e+00,0.00000e+00,0.00000e+00,4.37354e-16,1.09465e-14,1.75692e-17,1.50058e-16,6.90000e-16,2.59915e-13,5.74957e-12,1.16519e-14,9.53120e-14,4.03333e-13,3.08848e-11,6.21181e-10,1.48882e-12,1.25795e-11,4.66062e-11
0.00000e+00,0.00000e+00,0.00000e+00,0.00000e+00,0.00000e+00,6.90000e-16,1.71450e-14,2.78783e-17,4.37354e-16,8.95334e-16,4.03333e-13,8.83663e-12,1.82175e-14,2.59915e-13,5.17407e-13,4.66062e-11,9.23802e-10,2.27163e-12,3.08848e-11,5.86468e-11
0.00000e+00,0.00000e+00,0.00000e+00,0.00000e+00,0.00000e+00,8.95334e-16,2.20524e-14,3.64359e-17,6.90000e-16,1.05074e-15,5.17407e-13,1.12154e-11,2.35734e-14,4.03333e-13,6.01566e-13,5.86468e-11,1.14637e-09,2.89105e-12,4.66062e-11,6.71208e-11
0.00000e+00,0.00000e+00,0.00000e+00,0.00000e+00,0.00000e+00,1.05074e-15,2.56503e-14,4.30852e-17,8.95334e-16,1.16107e-15,6.01566e-13,1.29064e-11,2.76473e-14,5.17407e-13,6.59710e-13,6.71208e-11,1.29626e-09,3.34354e-12,5.86468e-11,7.26868e-11
0.00000e+00,0.00000e+00,0.00000e+00,0.00000e+00,0.00000e+00,1.16107e-15,2.81166e-14,4.79481e-17,1.05074e-15,1.23499e-15,6.59710e-13,1.40292e-11,3.05581e-14,6.01566e-13,6.97611e-13,7.26868e-11,1.39044e-09,3.65256e-12,6.71208e-11,7.61367e-11
0.00000e+00,0.00000e+00,0.00000e+00,0.00000e+00,0.00000e+00,1.23499e-15,2.97096e-14,5.13094e-17,1.16107e-15,1.28178e-15,6.97611e-13,1.47322e-11,3.25224e-14,6.59710e-13,7.20982e-13,7.61367e-11,1.44638e-09,3.85166e-12,7.26868e-11,7.81652e-11
0.00000e+00,0.00000e+00,0.00000e+00,0.00000e+00,0.00000e+00,1.28178e-15,3.06821e-14,5.35040e-17,1.23499e-15,1.30941e-15,7.20982e-13,1.51492e-11,3.37756e-14,6.97611e-13,7.34470e-13,7.81652e-11,1.47797e-09,3.97312e-12,7.61367e-11,7.92876e-11
0.00000e+00,0.00000e+00,0.00000e+00,0.00000e+00,0.00000e+00,1.30941e-15,3.12377e-14,5.48375e-17,1.28178e-15,1.32369e-15,7.34470e-13,1.53815e-11,3.45215e-14,7.20982e-13,7.41320e-13,7.92876e-11,1.49485e-09,4.04259e-12,7.81652e-11,7.98393e-11
0.00000e+00,0.00000e+00,0.00000e+00,0.00000e+00,0.00000e+00,1.32369e-15,3.15174e-14,5.55428e-17,1.30941e-15,1.32807e-15,7.41320e-13,1.54962e-11,3.49097e-14,7.34470e-13,7.43402e-13,7.98393e-11,1.50292e-09,4.07763e-12,7.92876e-11,8.00039e-11
0.00000e+00,0.00000e+00,0.00000e+00,0.00000e+00,0.00000e+00,1.32807e-15,3.16020e-14,5.57621e-17,1.32369e-15,1.32369e-15,7.43402e-13,1.55305e-11,3.50293e-14,7.41320e-13,7.41320e-13,8.00039e-11,1.50529e-09,4.08824e-12,7.98393e-11,7.98393e-11
0.00000e+00,0.00000e+00,0.00000e+00,0.00000e+00,0.00000e+00,1.32369e-15,3.15175e-14,5.55430e-17,1.32807e-15,1.30942e-15,7.41320e-13,1.54962e-11,3.49097e-14,7.43402e-13,7.34471e-13,7.98393e-11,1.50292e-09,4.07763e-12,8.00039e-11,7.92876e-11
0.00000e+00,0.00000e+00,0.00000e+00,0.00000e+00,0.00000e+00,1.30942e-15,3.12378e-14,5.48381e-17,1.32369e-15,1.28179e-15,7.34471e-13,1.53815e-11,3.45216e-14,7.41320e-13,7.20983e-13,7.92876e-11,1.49485e-09,4.04259e-12,7.98393e-11,7.81652e-11
0.00000e+00,0.00000e+00,0.00000e+00,0.00000e+00,0.00000e+00,1.28179e-15,3.06824e-14,5.35049e-17,1.30942e-15,1.23502e-15,7.20983e-13,1.51492e-11,3.37757e-14,7.34471e-13,6.97613e-13,7.81652e-11,1.47798e-09,3.97313e-12,7.92876e-11,7.61368e-11
0.00000e+00,0.00000e+00,0.00000e+00,0.00000e+00,0.00000e+00,1.23502e-15,2.97100e-14,5.13106e-17,1.28179e-15,1.16110e-15,6.97613e-13,1.47323e-11,3.25225e-14,7.20983e-13,6.59713e-13,7.61368e-11,1.44638e-09,3.85166e-12,7.81652e-11,7.26869e-11
0.00000e+00,0.00000e+00,0.00000e+00,0.00000e+00,0.00000e+00,1.16110e-15,2.81172e-14,4.79496e-17,1.23502e-15,1.05077e-15,6.59713e-13,1.40293e-11,3.05582e-14,6.97613e-13,6.01569e-13,7.26869e-11,1.39044e-09,3.65256e-12,7.61368e-11,6.71209e-11
0.00000e+00,0.00000e+00,0.00000e+00,0.00000e+00,0.00000e+00,1.05077e-15,2.56510e-14,4.30870e-17,1.16110e-15,8.95375e-16,6.01569e-13,1.29065e-11,2.76475e-14,6.59713e-13,5.17410e-13,6.71209e-11,1.29626e-09,3.34355e-12,7.26869e-11,5.86469e-11
0.00000e+00,0.00000e+00,0.00000e+00,0.00000e+00,0.00000e+00,8.95375e-16,2.20532e-14,3.64379e-17,1.05077e-15,6.90039e-16,5.17410e-13,1.12154e-11,2.35736e-14,6.01569e-13,4.03336e-13,5.86469e-11,1.14637e-09,2.89106e-12,6.71209e-11,4.66062e-11
0.00000e+00,0.00000e+00,0.00000e+00,0.00000e+00,0.00000e+00,6.90039e-16,1.71457e-14,2.78803e-17,8.95375e-16,4.37384e-16,4.03336e-13,8.83667e-12,1.82177e-14,5.17410e-13,2.59917e-13,4.66062e-11,9.23802e-10,2.27163e-12,5.86469e-11,3.08849e-11
0.00000e+00,0.00000e+00,0.00000e+00,0.00000e+00,0.00000e+00,4.37384e-16,1.09471e-14,1.75707e-17,6.90039e-16,1.50070e-16,2.59917e-13,5.74960e-12,1.16520e-14,4.03336e-13,9.53131e-14,3.08849e-11,6.21181e-10,1.48883e-12,4.66062e-11,1.25795e-11
0.00000e+00,0.00000e+00,0.00000e+00,0.00000e+00,0.00000e+00,1.75692e-17,4.37354e-16,7.08941e-19,6.00857e-18,2.78783e-17,1.16519e-14,2.59915e-13,5.18955e-16,4.24004e-15,1.82175e-14,1.48882e-12,3.08848e-11,7.01934e-14,5.98053e-13,2.27163e-12
0.00000e+00,0.00000e+00,0.00000e+00,0.00000e+00,0.00000e+00,2.78783e-17,6.90000e-16,1.13018e-18,1.75692e-17,3.64359e-17,1.82175e-14,4.03333e-13,8.16262e-16,1.16519e-14,2.35734e-14,2.27163e-12,4.66062e-11,1.08023e-13,1.48882e-12,2.89105e-12
0.00000e+00,0.00000e+00,0.00000e+00,0.00000e+00,0.00000e+00,3.64359e-17,8.95334e-16,1.48597e-18,2.78783e-17,4.30852e-17,2.35734e-14,5.17407e-13,1.06380e-15,1.82175e-14,2.76473e-14,2.89105e-12,5.86468e-11,1.38760e-13,2.27163e-12,3.34354e-12
0.00000e+00,0.00000e+00,0.00000e+00,0.00000e+00,0.00000e+00,4.30852e-17,1.05074e-15,1.76855e-18,3.64359e-17,4.79481e-17,2.76473e-14,6.01566e-13,1.25693e-15,2.35734e-14,3.05581e-14,3.34354e-12,6.71208e-11,1.61928e-13,2.89105e-12,3.65256e-12
0.00000e+00,0.00000e+00,0.00000e+00,0.00000e+00,0.00000e+00,4.79481e-17,1.16107e-15,1.98047e-18,4.30852e-17,5.13094e-17,3.05581e-14,6.59710e-13,1.39890e-15,2.76473e-14,3.25224e-14,3.65256e-12,7.26868e-11,1.78294e-13,3.34354e-12,3.85166e-12
0.00000e+00,0.00000e+00,0.00000e+00,0.00000e+00,0.00000e+00,5.13094e-17,1.23499e-15,2.13094e-18,4.79481e-17,5.35040e-17,3.25224e-14,6.97611e-13,1.49761e-15,3.05581e-14,3.37756e-14,3.85166e-12,7.61367e-11,1.89208e-13,3.65256e-12,3.97312e-12
0.00000e+00,0.00000e+00,0.00000e+00,0.00000e+00,0.00000e+00,5.35040e-17,1.28178e-15,2.23184e-18,5.13094e-17,5.48375e-17,3.37756e-14,7.20982e-13,1.56248e-15,3.25224e-14,3.45215e-14,3.97312e-12,7.81652e-11,1.96091e-13,3.85166e-12,4.04259e-12
0.00000e+00,0.00000e+00,0.00000e+00,0.00000e+00,0.00000e+00,5.48375e-17,1.30941e-15,2.29468e-18,5.35040e-17,5.55428e-17,3.45215e-14,7.34470e-13,1.60214e-15,3.37756e-14,3.49097e-14,4.04259e-12,7.92876e-11,2.00147e-13,3.97312e-12,4.07763e-12
0.00000e+00,0.00000e+00,0.00000e+00,0.00000e+00,0.00000e+00,5.55428e-17,1.32369e-15,2.32856e-18,5.48375e-17,5.57621e-17,3.49097e-14,7.41320e-13,1.62323e-15,3.45215e-14,3.50293e-14,4.07763e-12,7.98393e-11,2.02243e-13,4.04259e-12,4.08824e-12
0.00000e+00,0.00000e+00,0.00000e+00,0.00000e+00,0.00000e+00,5.57621e-17,1.32807e-15,2.33922e-18,5.55428e-17,5.55430e-17,3.50293e-14,7.43402e-13,1.62980e-15,3.49097e-14,3.49097e-14,4.08824e-12,8.00039e-11,2.02885e-13,4.07763e-12,4.07763e-12
0.00000e+00,0.00000e+00,0.00000e+00,0.00000e+00,0.00000e+00,5.55430e-17,1.32369e-15,2.32858e-18,5.57621e-17,5.48381e-17,3.49097e-14,7.41320e-13,1.62323e-15,3.50293e-14,3.45216e-14,4.07763e-12,7.98393e-11,2.02243e-13,4.08824e-12,4.04259e-12
0.00000e+00,0.00000e+00,0.00000e+00,0.00000e+00,0.00000e+00,5.48381e-17,1.30942e-15,2.29471e-18,5.55430e-17,5.35049e-17,3.45216e-14,7.34471e-13,1.60215e-15,3.49097e-14,3.37757e-14,4.04259e-12,7.92876e-11,2.00148e-13,4.07763e-12,3.97313e-12
0.00000e+00,0.00000e+00,0.00000e+00,0.00000e+00,0.00000e+00,5.35049e-17,1.28179e-15,2.23188e-18,5.48381e-17,5.13106e-17,3.37757e-14,7.20983e-13,1.56249e-15,3.45216e-14,3.25225e-14,3.97313e-12,7.81652e-11,1.96091e-13,4.04259e-12,3.85166e-12
0.00000e+00,0.00000e+00,0.00000e+00,0.00000e+00,0.00000e+00,5.13106e-17,1.23502e-15,2.13100e-18,5.35049e-17,4.79496e-17,3.25225e-14,6.97613e-13,1.49762e-15,3.37757e-14,3.05582e-14,3.85166e-12,7.61368e-11,1.89208e-13,3.97313e-12,3.65256e-12
0.00000e+00,0.00000e+00,0.00000e+00,0.00000e+00,0.00000e+00,4.79496e-17,1.16110e-15,1.98055e-18,5.13106e-17,4.30870e-17,3.05582e-14,6.59713e-13,1.39891e-15,3.25225e-14,2.76475e-14,3.65256e-12,7.26869e-11,1.78294e-13,3.85166e-12,3.34355e-12
0.00000e+00,0.00000e+00,0.00000e+00,0.00000e+00,0.00000e+00,4.30870e-17,1.05077e-15,1.76864e-18,4.79496e-17,3.64379e-17,2.76475e-14,6.01569e-13,1.25694e-15,3.05582e-14,2.35736e-14,3.34355e-12,6.71209e-11,1.61928e-13,3.65256e-12,2.89106e-12
0.00000e+00,0.00000e+00,0.00000e+00,0.00000e+00,0.00000e+00,3.64379e-17,8.95375e-16,1.48606e-18,4.30870e-17,2.78803e-17,2.35736e-14,5.17410e-13,1.06381e-15,2.76475e-14,1.82177e-14,2.89106e-12,5.86469e-11,1.38761e-13,3.34355e-12,2.27163e-12
0.00000e+00,0.00000e+00,0.00000e+00,0.00000e+00,0.00000e+00,2.78803e-17,6.90039e-16,1.13028e-18,3.64379e-17,1.75707e-17,1.82177e-14,4.03336e-13,8.16274e-16,2.35736e-14,1.16520e-14,2.27163e-12,4.66062e-11,1.08024e-13,2.89106e-12,1.48883e-12
0.00000e+00,0.00000e+00,0.00000e+00,0.00000e+00,0.00000e+00,1.75707e-17,4.37384e-16,7.09011e-19,2.78803e-17,6.00915e-18,1.16520e-14,2.59917e-13,5.18964e-16,1.82177e-14,4.24010e-15,1.48883e-12,3.08849e-11,7.01937e-14,2.27163e-12,5.98056e-13
0.00000e+00,0.00000e+00,0.00000e+00,0.00000e+00,0.00000e+00,7.08941e-19,1.75692e-17,2.87133e-20,2.41831e-19,1.13018e-18,5.18955e-16,1.16519e-14,2.29926e-17,1.87670e-16,8.16262e-16,7.01934e-14,1.48882e-12,3.25507e-15,2.79074e-14,1.08023e-13
0.00000e+00,0.00000e+00,0.00000e+00,0.00000e+00,0.00000e+00,1.13018e-18,2.78783e-17,4.59507e-20,7.08941e-19,1.48597e-18,8.16262e-16,1.82175e-14,3.63427e-17,5.18955e-16,1.06380e-15,1.08023e-13,2.27163e-12,5.04369e-15,7.01934e-14,1.38760e-13
0.00000e+00,0.00000e+00,0.00000e+00,0.00000e+00,0.00000e+00,1.48597e-18,3.64359e-17,6.07206e-20,1.13018e-18,1.76855e-18,1.06380e-15,2.35734e-14,4.76464e-17,8.16262e-16,1.25693e-15,1.38760e-13,2.89105e-12,6.52872e-15,1.08023e-13,1.61928e-13
0.00000e+00,0.00000e+00,0.00000e+00,0.00000e+00,0.00000e+00,1.76855e-18,4.30852e-17,7.26708e-20,1.48597e-18,1.98047e-18,1.25693e-15,2.76473e-14,5.66550e-17,1.06380e-15,1.39890e-15,1.61928e-13,3.34354e-12,7.67801e-15,1.38760e-13,1.78294e-13
0.00000e+00,0.00000e+00,0.00000e+00,0.00000e+00,0.00000e+00,1.98047e-18,4.79481e-17,8.18270e-20,1.76855e-18,2.13094e-18,1.39890e-15,3.05581e-14,6.34397e-17,1.25693e-15,1.49761e-15,1.78294e-13,3.65256e-12,8.51392e-15,1.61928e-13,1.89208e-13
0.00000e+00,0.00000e+00,0.00000e+00,0.00000e+00,0.00000e+00,2.13094e-18,5.13094e-17,8.84793e-20,1.98047e-18,2.23184e-18,1.49761e-15,3.25224e-14,6.82804e-17,1.39890e-15,1.56248e-15,1.89208e-13,3.85166e-12,9.08847e-15,1.78294e-13,1.96091e-13
0.00000e+00,0.00000e+00,0.00000e+00,0.00000e+00,0.00000e+00,2.23184e-18,5.35040e-17,9.30449e-20,2.13094e-18,2.29468e-18,1.56248e-15,3.37756e-14,7.15437e-17,1.49761e-15,1.60214e-15,1.96091e-13,3.97312e-12,9.46173e-15,1.89208e-13,2.00147e-13
0.00000e+00,0.00000e+00,0.00000e+00,0.00000e+00,0.00000e+00,2.29468e-18,5.48375e-17,9.59489e-20,2.23184e-18,2.32856e-18,1.60214e-15,3.45215e-14,7.35863e-17,1.56248e-15,1.62323e-15,2.00147e-13,4.04259e-12,9.68767e-15,1.96091e-13,2.02243e-13
0.00000e+00,0.00000e+00,0.00000e+00,0.00000e+00,0.00000e+00,2.32856e-18,5.55428e-17,9.75410e-20,2.29468e-18,2.33922e-18,1.62323e-15,3.49097e-14,7.46923e-17,1.60214e-15,1.62980e-15,2.02243e-13,4.07763e-12,9.80685e-15,2.00147e-13,2.02885e-13
0.00000e+00,0.00000e+00,0.00000e+00,0.00000e+00,0.00000e+00,2.33922e-18,5.57621e-17,9.80462e-20,2.32856e-18,2.32858e-18,1.62980e-15,3.50293e-14,7.50407e-17,1.62323e-15,1.62323e-15,2.02885e-13,4.08824e-12,9.84385e-15,2.02243e-13,2.02243e-13
0.00000e+00,0.00000e+00,0.00000e+00,0.00000e+00,0.00000e+00,2.32858e-18,5.55430e-17,9.75418e-20,2.33922e-18,2.29471e-18,1.62323e-15,3.49097e-14,7.46924e-17,1.62980e-15,1.60215e-15,2.02243e-13,4.07763e-12,9.80686e-15,2.02885e-13,2.00148e-13
0.00000e+00,0.00000e+00,0.00000e+00,0.00000e+00,0.00000e+00,2.29471e-18,5.48381e-17,9.59504e-20,2.32858e-18,2.23188e-18,1.60215e-15,3.45216e-14,7.35865e-17,1.62323e-15,1.56249e-15,2.00148e-13,4.04259e-12,9.68769e-15,2.02243e-13,1.96091e-13
0.00000e+00,0.00000e+00,0.00000e+00,0.00000e+00,0.00000e+00,2.23188e-18,5.35049e-17,9.30472e-20,2.29471e-18,2.13100e-18,1.56249e-15,3.37757e-14,7.15441e-17,1.60215e-15,1.49762e-15,1.96091e-13,3.97313e-12,9.46175e-15,2.00148e-13,1.89208e-13
0.00000e+00,0.00000e+00,0.00000e+00,0.00000e+00,0.00000e+00,2.13100e-18,5.13106e-17,8.84824e-20,2.23188e-18,1.98055e-18,1.49762e-15,3.25225e-14,6.82809e-17,1.56249e-15,1.39891e-15,1.89208e-13,3.85166e-12,9.08849e-15,1.96091e-13,1.78294e-13
0.00000e+00,0.00000e+00,0.00000e+00,0.00000e+00,0.00000e+00,1.98055e-18,4.79496e-17,8.18309e-20,2.13100e-18,1.76864e-18,1.39891e-15,3.05582e-14,6.34403e-17,1.49762e-15,1.25694e-15,1.78294e-13,3.65256e-12,8.51395e-15,1.89208e-13,1.61928e-13
0.00000e+00,0.00000e+00,0.00000e+00,0.00000e+00,0.00000e+00,1.76864e-18,4.30870e-17,7.26752e-20,1.98055e-18,1.48606e-18,1.25694e-15,2.76475e-14,5.66557e-17,1.39891e-15,1.06381e-15,1.61928e-13,3.34355e-12,7.67805e-15,1.78294e-13,1.38761e-13
0.00000e+00,0.00000e+00,0.00000e+00,0.00000e+00,0.00000e+00,1.48606e-18,3.64379e-17,6.07254e-20,1.76864e-18,1.13028e-18,1.06381e-15,2.35736e-14,4.76471e-17,1.25694e-15,8.16274e-16,1.38761e-13,2.89106e-12,6.52876e-15,1.61928e-13,1.08024e-13
0.00000e+00,0.00000e+00,0.00000e+00,0.00000e+00,0.00000e+00,1.13028e-18,2.78803e-17,4.59552e-20,1.48606e-18,7.09011e-19,8.16274e-16,1.82177e-14,3.63433e-17,1.06381e-15,5.18964e-16,1.08024e-13,2.27163e-12,5.04373e-15,1.38761e-13,7.01937e-14
0.00000e+00,0.00000e+00,0.00000e+00,0.00000e+00,0.00000e+00,7.09011e-19,1.75707e-17,2.87167e-20,1.13028e-18,2.41858e-19,5.18964e-16,1.16520e-14,2.29930e-17,8.16274e-16,1.87674e-16,7.01937e-14,1.48883e-12,3.25510e-15,1.08024e-13,2.79076e-14
0.00000e+00,0.00000e+00,0.00000e+00,0.00000e+00,0.00000e+00,2.87133e-20,7.08941e-19,1.16659e-21,9.77406e-21,4.59507e-20,2.29926e-17,5.18955e-16,1.01431e-18,8.27189e-18,3.63427e-17,3.25507e-15,7.01934e-14,1.49042e-16,1.28392e-15,5.04369e-15
0.00000e+00,0.00000e+00,0.00000e+00,0.00000e+00,0.00000e+00,4.59507e-20,1.13018e-18,1.87296e-21,2.87133e-20,6.07206e-20,3.63427e-17,8.16262e-16,1.60981e-18,2.29926e-17,4.76464e-17,5.04369e-15,1.08023e-13,2.32223e-16,3.25507e-15,6.52872e-15
0.00000e+00,0.00000e+00,0.00000e+00,0.00000e+00,0.00000e+00,6.07206e-20,1.48597e-18,2.48558e-21,4.59507e-20,7.26708e-20,4.76464e-17,1.06380e-15,2.12112e-18,3.63427e-17,5.66550e-17,6.52872e-15,1.38760e-13,3.02533e-16,5.04369e-15,7.67801e-15
0.00000e+00,0.00000e+00,0.00000e+00,0.00000e+00,0.00000e+00,7.26708e-20,1.76855e-18,2.98911e-21,6.07206e-20,8.18270e-20,5.66550e-17,1.25693e-15,2.53600e-18,4.76464e-17,6.34397e-17,7.67801e-15,1.61928e-13,3.58176e-16,6.52872e-15,8.51392e-15
0.00000e+00,0.00000e+00,0.00000e+00,0.00000e+00,0.00000e+00,8.18270e-20,1.98047e-18,3.38206e-21,7.26708e-20,8.84793e-20,6.34397e-17,1.39890e-15,2.85501e-18,5.66550e-17,6.82804e-17,8.51392e-15,1.78294e-13,3.99678e-16,7.67801e-15,9.08847e-15
0.00000e+00,0.00000e+00,0.00000e+00,0.00000e+00,0.00000e+00,8.84793e-20,2.13094e-18,3.67328e-21,8.18270e-20,9.30449e-20,6.82804e-17,1.49761e-15,3.08772e-18,6.34397e-17,7.15437e-17,9.08847e-15,1.89208e-13,4.28968e-16,8.51392e-15,9.46173e-15
0.00000e+00,0.00000e+00,0.00000e+00,0.00000e+00,0.00000e+00,9.30449e-20,2.23184e-18,3.87717e-21,8.84793e-20,9.59489e-20,7.15437e-17,1.56248e-15,3.24813e-18,6.82804e-17,7.35863e-17,9.46173e-15,1.96091e-13,4.48501e-16,9.08847e-15,9.68767e-15
0.00000e+00,0.00000e+00,0.00000e+00,0.00000e+00,0.00000e+00,9.59489e-20,2.29468e-18,4.00925e-21,9.30449e-20,9.75410e-20,7.35863e-17,1.60214e-15,3.35058e-18,7.15437e-17,7.46923e-17,9.68767e-15,2.00147e-13,4.60608e-16,9.46173e-15,9.80685e-15
0.00000e+00,0.00000e+00,0.00000e+00,0.00000e+00,0.00000e+00,9.75410e-20,2.32856e-18,4.08270e-21,9.59489e-20,9.80462e-20,7.46923e-17,1.62323e-15,3.40694e-18,7.35863e-17,7.50407e-17,9.80685e-15,2.02243e-13,4.67113e-16,9.68767e-15,9.84385e-15
0.00000e+00,0.00000e+00,0.00000e+00,0.00000e+00,0.00000e+00,9.80462e-20,2.33922e-18,4.10619e-21,9.75410e-20,9.75418e-20,7.50407e-17,1.62980e-15,3.42485e-18,7.46923e-17,7.46924e-17,9.84385e-15,2.02885e-13,4.69154e-16,9.80685e-15,9.80686e-15
0.00000e+00,0.00000e+00,0.00000e+00,0.00000e+00,0.00000e+00,9.75418e-20,2.32858e-18,4.08274e-21,9.80462e-20,9.59504e-20,7.46924e-17,1.62323e-15,3.40694e-18,7.50407e-17,7.35865e-17,9.80686e-15,2.02243e-13,4.67114e-16,9.84385e-15,9.68769e-15
0.00000e+00,0.00000e+00,0.00000e+00,0.00000e+00,0.00000e+00,9.59504e-20,2.29471e-18,4.00933e-21,9.75418e-20,9.30472e-20,7.35865e-17,1.60215e-15,3.35059e-18,7.46924e-17,7.15441e-17,9.68769e-15,2.00148e-13,4.60608e-16,9.80686e-15,9.46175e-15
0.00000e+00,0.00000e+00,0.00000e+00,0.00000e+00,0.00000e+00,9.30472e-20,2.23188e-18,3.87730e-21,9.59504e-20,8.84824e-20,7.15441e-17,1.56249e-15,3.24815e-18,7.35865e-17,6.82809e-17,9.46175e-15,1.96091e-13,4.48502e-16,9.68769e-15,9.08849e-15
0.00000e+00,0.00000e+00,0.00000e+00,0.00000e+00,0.00000e+00,8.84824e-20,2.13100e-18,3.67344e-21,9.30472e-20,8.18309e-20,6.82809e-17,1.49762e-15,3.08775e-18,7.15441e-17,6.34403e-17,9.08849e-15,1.89208e-13,4.28970e-16,9.46175e-15,8.51395e-15
0.00000e+00,0.00000e+00,0.00000e+00,0.00000e+00,0.00000e+00,8.18309e-20,1.98055e-18,3.38226e-21,8.84824e-20,7.26752e-20,6.34403e-17,1.39891e-15,2.85504e-18,6.82809e-17,5.66557e-17,8.51395e-15,1.78294e-13,3.99680e-16,9.08849e-15,7.67805e-15
0.00000e+00,0.00000e+00,0.00000e+00,0.00000e+00,0.00000e+00,7.26752e-20,1.76864e-18,2.98933e-21,8.18309e-20,6.07254e-20,5.66557e-17,1.25694e-15,2.53604e-18,6.34403e-17,4.76471e-17,7.67805e-15,1.61928e-13,3.58179e-16,8.51395e-15,6.52876e-15
0.00000e+00,0.00000e+00,0.00000e+00,0.00000e+00,0.00000e+00,6.07254e-20,1.48606e-18,2.48582e-21,7.26752e-20,4.59552e-20,4.76471e-17,1.06381e-15,2.12116e-18,5.66557e-17,3.63433e-17,6.52876e-15,1.38761e-13,3.02536e-16,7.67805e-15,5.04373e-15
0.00000e+00,0.00000e+00,0.00000e+00,0.00000e+00,0.00000e+00,4.59552e-20,1.13028e-18,1.87318e-21,6.07254e-20,2.87167e-20,3.63433e-17,8.16274e-16,1.60984e-18,4.76471e-17,2.29930e-17,5.04373e-15,1.08024e-13,2.32226e-16,6.52876e-15,3.25510e-15
0.00000e+00,0.00000e+00,0.00000e+00,0.00000e+00,0.00000e+00,2.87167e-20,7.09011e-19,1.16676e-21,4.59552e-20,9.77538e-21,2.29930e-17,5.18964e-16,1.01434e-18,3.63433e-17,8.27208e-18,3.25510e-15,7.01937e-14,1.49043e-16,5.04373e-15,1.28394e-15
0.00000e+00,0.00000e+00,0.00000e+00,0.00000e+00,0.00000e+00,1.16659e-21,2.87133e-20,4.75248e-23,3.96421e-22,1.87296e-21,1.01431e-18,2.29926e-17,4.45848e-20,3.63317e-19,1.60981e-18,1.49042e-16,3.25507e-15,6.75644e-18,5.84199e-17,2.32223e-16
0.00000e+00,0.00000e+00,0.00000e+00,0.00000e+00,0.00000e+00,1.87296e-21,4.59507e-20,7.65094e-23,1.16659e-21,2.48558e-21,1.60981e-18,3.63427e-17,7.10040e-20,1.01431e-18,2.12112e-18,2.32223e-16,5.04369e-15,1.05757e-17,1.49042e-16,3.02533e-16
0.00000e+00,0.00000e+00,0.00000e+00,0.00000e+00,0.00000e+00,2.48558e-21,6.07206e-20,1.01908e-22,1.87296e-21,2.98911e-21,2.12112e-18,4.76464e-17,9.39576e-20,1.60981e-18,2.53600e-18,3.02533e-16,6.52872e-15,1.38526e-17,2.32223e-16,3.58176e-16
0.00000e+00,0.00000e+00,0.00000e+00,0.00000e+00,0.00000e+00,2.98911e-21,7.26708e-20,1.23066e-22,2.48558e-21,3.38206e-21,2.53600e-18,5.66550e-17,1.12869e-19,2.12112e-18,2.85501e-18,3.58176e-16,7.67801e-15,1.64957e-17,3.02533e-16,3.99678e-16
0.00000e+00,0.00000e+00,0.00000e+00,0.00000e+00,0.00000e+00,3.38206e-21,8.18270e-20,1.39841e-22,2.98911e-21,3.67328e-21,2.85501e-18,6.34397e-17,1.27672e-19,2.53600e-18,3.08772e-18,3.99678e-16,8.51392e-15,1.85103e-17,3.58176e-16,4.28968e-16
0.00000e+00,0.00000e+00,0.00000e+00,0.00000e+00,0.00000e+00,3.67328e-21,8.84793e-20,1.52488e-22,3.38206e-21,3.87717e-21,3.08772e-18,6.82804e-17,1.38679e-19,2.85501e-18,3.24813e-18,4.28968e-16,9.08847e-15,1.99653e-17,3.99678e-16,4.48501e-16
0.00000e+00,0.00000e+00,0.00000e+00,0.00000e+00,0.00000e+00,3.87717e-21,9.30449e-20,1.61497e-22,3.67328e-21,4.00925e-21,3.24813e-18,7.15437e-17,1.46414e-19,3.08772e-18,3.35058e-18,4.48501e-16,9.46173e-15,2.09582e-17,4.28968e-16,4.60608e-16
0.00000e+00,0.00000e+00,0.00000e+00,0.00000e+00,0.00000e+00,4.00925e-21,9.59489e-20,1.67425e-22,3.87717e-21,4.08270e-21,3.35058e-18,7.35863e-17,1.51442e-19,3.24813e-18,3.40694e-18,4.60608e-16,9.68767e-15,2.15865e-17,4.48501e-16,4.67113e-16
0.00000e+00,0.00000e+00,0.00000e+00,0.00000e+00,0.00000e+00,4.08270e-21,9.75410e-20,1.70763e-22,4.00925e-21,4.10619e-21,3.40694e-18,7.46923e-17,1.54245e-19,3.35058e-18,3.42485e-18,4.67113e-16,9.80685e-15,2.19297e-17,4.60608e-16,4.69154e-16
0.00000e+00,0.00000e+00,0.00000e+00,0.00000e+00,0.00000e+00,4.10619e-21,9.80462e-20,1.71837e-22,4.08270e-21,4.08274e-21,3.42485e-18,7.50407e-17,1.55142e-19,3.40694e-18,3.40694e-18,4.69154e-16,9.84385e-15,2.20383e-17,4.67113e-16,4.67114e-16
0.00000e+00,0.00000e+00,0.00000e+00,0.00000e+00,0.00000e+00,4.08274e-21,9.75418e-20,1.70765e-22,4.10619e-21,4.00933e-21,3.40694e-18,7.46924e-17,1.54245e-19,3.42485e-18,3.35059e-18,4.67114e-16,9.80686e-15,2.19297e-17,4.69154e-16,4.60608e-16
0.00000e+00,0.00000e+00,0.00000e+00,0.00000e+00,0.00000e+00,4.00933e-21,9.59504e-20,1.67430e-22,4.08274e-21,3.87730e-21,3.35059e-18,7.35865e-17,1.51442e-19,3.40694e-18,3.24815e-18,4.60608e-16,9.68769e-15,2.15866e-17,4.67114e-16,4.48502e-16
0.00000e+00,0.00000e+00,0.00000e+00,0.00000e+00,0.00000e+00,3.87730e-21,9.30472e-20,1.61504e-22,4.00933e-21,3.67344e-21,3.24815e-18,7.15441e-17,1.46415e-19,3.35059e-18,3.08775e-18,4.48502e-16,9.46175e-15,2.09582e-17,4.60608e-16,4.28970e-16
0.00000e+00,0.00000e+00,0.00000e+00,0.00000e+00,0.00000e+00,3.67344e-21,8.84824e-20,1.52497e-22,3.87730e-21,3.38226e-21,3.08775e-18,6.82809e-17,1.38681e-19,3.24815e-18,2.85504e-18,4.28970e-16,9.08849e-15,1.99654e-17,4.48502e-16,3.99680e-16
0.00000e+00,0.00000e+00,0.00000e+00,0.00000e+00,0.00000e+00,3.38226e-21,8.18309e-20,1.39851e-22,3.67344e-21,2.98933e-21,2.85504e-18,6.34403e-17,1.27674e-19,3.08775e-18,2.53604e-18,3.99680e-16,8.51395e-15,1.85104e-17,4.28970e-16,3.58179e-16
0.00000e+00,0.00000e+00,0.00000e+00,0.00000e+00,0.00000e+00,2.98933e-21,7.26752e-20,1.23078e-22,3.38226e-21,2.48582e-21,2.53604e-18,5.66557e-17,1.12871e-19,2.85504e-18,2.12116e-18,3.58179e-16,7.67805e-15,1.64958e-17,3.99680e-16,3.02536e-16
0.00000e+00,0.00000e+00,0.00000e+00,0.00000e+00,0.00000e+00,2.48582e-21,6.07254e-20,1.01920e-22,2.98933e-21,1.87318e-21,2.12116e-18,4.76471e-17,9.39597e-20,2.53604e-18,1.60984e-18,3.02536e-16,6.52876e-15,1.38527e-17,3.58179e-16,2.32226e-16
0.00000e+00,0.00000e+00,0.00000e+00,0.00000e+00,0.00000e+00,1.87318e-21,4.59552e-20,7.65205e-23,2.48582e-21,1.16676e-21,1.60984e-18,3.63433e-17,7.10058e-20,2.12116e-18,1.01434e-18,2.32226e-16,5.04373e-15,1.05758e-17,3.02536e-16,1.49043e-16
0.00000e+00,0.00000e+00,0.00000e+00,0.00000e+00,0.00000e+00,1.16676e-21,2.87167e-20,4.75330e-23,1.87318e-21,3.96486e-22,1.01434e-18,2.29930e-17,4.45861e-20,1.60984e-18,3.63327e-19,1.49043e-16,3.25510e-15,6.75653e-18,2.32226e-16,5.84206e-17
0.00000e+00,0.00000e+00,0.00000e+00,0.00000e+00,0.00000e+00,4.75248e-23,1.16659e-21,1.94054e-24,1.61258e-23,7.65094e-23,4.45848e-20,1.01431e-18,1.95372e-21,1.59097e-20,7.10040e-20,6.75644e-18,1.49042e-16,3.03843e-19,2.63490e-18,1.05757e-17
0.00000e+00,0.00000e+00,0.00000e+00,0.00000e+00,0.00000e+00,7.65094e-23,1.87296e-21,3.13137e-24,4.75248e-23,1.01908e-22,7.10040e-20,1.60981e-18,3.12057e-21,4.45848e-20,9.39576e-20,1.05757e-17,2.32223e-16,4.77429e-19,6.75644e-18,1.38526e-17
0.00000e+00,0.00000e+00,0.00000e+00,0.00000e+00,0.00000e+00,1.01908e-22,2.48558e-21,4.18410e-24,7.65094e-23,1.23066e-22,9.39576e-20,2.12112e-18,4.14459e-21,7.10040e-20,1.12869e-19,1.38526e-17,3.02533e-16,6.28264e-19,1.05757e-17,1.64957e-17
0.00000e+00,0.00000e+00,0.00000e+00,0.00000e+00,0.00000e+00,1.23066e-22,2.98911e-21,5.07131e-24,1.01908e-22,1.39841e-22,1.12869e-19,2.53600e-18,4.99940e-21,9.39576e-20,1.27672e-19,1.64957e-17,3.58176e-16,7.51916e-19,1.38526e-17,1.85103e-17
0.00000e+00,0.00000e+00,0.00000e+00,0.00000e+00,0.00000e+00,1.39841e-22,3.38206e-21,5.78441e-24,1.23066e-22,1.52488e-22,1.27672e-19,2.85501e-18,5.67885e-21,1.12869e-19,1.38679e-19,1.85103e-17,3.99678e-16,8.47953e-19,1.64957e-17,1.99653e-17
0.00000e+00,0.00000e+00,0.00000e+00,0.00000e+00,0.00000e+00,1.52488e-22,3.67328e-21,6.33010e-24,1.39841e-22,1.61497e-22,1.38679e-19,3.08772e-18,6.19258e-21,1.27672e-19,1.46414e-19,1.99653e-17,4.28968e-16,9.18726e-19,1.85103e-17,2.09582e-17
0.00000e+00,0.00000e+00,0.00000e+00,0.00000e+00,0.00000e+00,1.61497e-22,3.87717e-21,6.72466e-24,1.52488e-22,1.67425e-22,1.46414e-19,3.24813e-18,6.55963e-21,1.38679e-19,1.51442e-19,2.09582e-17,4.48501e-16,9.67996e-19,1.99653e-17,2.15865e-17
0.00000e+00,0.00000e+00,0.00000e+00,0.00000e+00,0.00000e+00,1.67425e-22,4.00925e-21,6.98783e-24,1.61497e-22,1.70763e-22,1.51442e-19,3.35058e-18,6.80184e-21,1.46414e-19,1.54245e-19,2.15865e-17,4.60608e-16,9.99750e-19,2.09582e-17,2.19297e-17
0.00000e+00,0.00000e+00,0.00000e+00,0.00000e+00,0.00000e+00,1.70763e-22,4.08270e-21,7.13754e-24,1.67425e-22,1.71837e-22,1.54245e-19,3.40694e-18,6.93848e-21,1.51442e-19,1.55142e-19,2.19297e-17,4.67113e-16,1.01734e-18,2.15865e-17,2.20383e-17
0.00000e+00,0.00000e+00,0.00000e+00,0.00000e+00,0.00000e+00,1.71837e-22,4.10619e-21,7.18604e-24,1.70763e-22,1.70765e-22,1.55142e-19,3.42485e-18,6.98251e-21,1.54245e-19,1.54245e-19,2.20383e-17,4.69154e-16,1.02295e-18,2.19297e-17,2.19297e-17
0.00000e+00,0.00000e+00,0.00000e+00,0.00000e+00,0.00000e+00,1.70765e-22,4.08274e-21,7.13766e-24,1.71837e-22,1.67430e-22,1.54245e-19,3.40694e-18,6.93850e-21,1.55142e-19,1.51442e-19,2.19297e-17,4.67114e-16,1.01734e-18,2.20383e-17,2.15866e-17
0.00000e+00,0.00000e+00,0.00000e+00,0.00000e+00,0.00000e+00,1.67430e-22,4.00933e-21,6.98808e-24,1.70765e-22,1.61504e-22,1.51442e-19,3.35059e-18,6.80188e-21,1.54245e-19,1.46415e-19,2.15866e-17,4.60608e-16,9.99754e-19,2.19297e-17,2.09582e-17
0.00000e+00,0.00000e+00,0.00000e+00,0.00000e+00,0.00000e+00,1.61504e-22,3.87730e-21,6.72502e-24,1.67430e-22,1.52497e-22,1.46415e-19,3.24815e-18,6.55969e-21,1.51442e-19,1.38681e-19,2.09582e-17,4.48502e-16,9.68000e-19,2.15866e-17,1.99654e-17
0.00000e+00,0.00000e+00,0.00000e+00,0.00000e+00,0.00000e+00,1.52497e-22,3.67344e-21,6.33057e-24,1.61504e-22,1.39851e-22,1.38681e-19,3.08775e-18,6.19267e-21,1.46415e-19,1.27674e-19,1.99654e-17,4.28970e-16,9.18732e-19,2.09582e-17,1.85104e-17
0.00000e+00,0.00000e+00,0.00000e+00,0.00000e+00,0.00000e+00,1.39851e-22,3.38226e-21,5.78497e-24,1.52497e-22,1.23078e-22,1.27674e-19,2.85504e-18,5.67895e-21,1.38681e-19,1.12871e-19,1.85104e-17,3.99680e-16,8.47961e-19,1.99654e-17,1.64958e-17
0.00000e+00,0.00000e+00,0.00000e+00,0.00000e+00,0.00000e+00,1.23078e-22,2.98933e-21,5.07192e-24,1.39851e-22,1.01920e-22,1.12871e-19,2.53604e-18,4.99951e-21,1.27674e-19,9.39597e-20,1.64958e-17,3.58179e-16,7.51924e-19,1.85104e-17,1.38527e-17
0.00000e+00,0.00000e+00,0.00000e+00,0.00000e+00,0.00000e+00,1.01920e-22,2.48582e-21,4.18472e-24,1.23078e-22,7.65205e-23,9.39597e-20,2.12116e-18,4.14469e-21,1.12871e-19,7.10058e-20,1.38527e-17,3.02536e-16,6.28273e-19,1.64958e-17,1.05758e-17
0.00000e+00,0.00000e+00,0.00000e+00,0.00000e+00,0.00000e+00,7.65205e-23,1.87318e-21,3.13192e-24,1.01920e-22,4.75330e-23,7.10058e-20,1.60984e-18,3.12067e-21,9.39597e-20,4.45861e-20,1.05758e-17,2.32226e-16,4.77436e-19,1.38527e-17,6.75653e-18
0.00000e+00,0.00000e+00,0.00000e+00,0.00000e+00,0.00000e+00,4.75330e-23,1.16676e-21,1.94095e-24,7.65205e-23,1.61290e-23,4.45861e-20,1.01434e-18,1.95378e-21,7.10058e-20,1.59102e-20,6.75653e-18,1.49043e-16,3.03848e-19,1.05758e-17,2.63494e-18
0.00000e+00,0.00000e+00,0.00000e+00,0.00000e+00,0.00000e+00,1.94054e-24,4.75248e-23,7.93952e-26,6.57633e-25,3.13137e-24,1.95372e-21,4.45848e-20,8.53844e-23,6.94878e-22,3.12057e-21,3.03843e-19,6.75644e-18,1.35750e-20,1.17998e-19,4.77429e-19
0.00000e+00,0.00000e+00,0.00000e+00,0.00000e+00,0.00000e+00,3.13137e-24,7.65094e-23,1.28376e-25,1.94054e-24,4.18410e-24,3.12057e-21,7.10040e-20,1.36726e-22,1.95372e-21,4.14459e-21,4.77429e-19,1.05757e-17,2.14002e-20,3.03843e-19,6.28264e-19
0.00000e+00,0.00000e+00,0.00000e+00,0.00000e+00,0.00000e+00,4.18410e-24,1.01908e-22,1.72008e-25,3.13137e-24,5.07131e-24,4.14459e-21,9.39576e-20,1.82173e-22,3.12057e-21,4.99940e-21,6.28264e-19,1.38526e-17,2.82735e-20,4.77429e-19,7.51916e-19
0.00000e+00,0.00000e+00,0.00000e+00,0.00000e+00,0.00000e+00,5.07131e-24,1.23066e-22,2.09151e-25,4.18410e-24,5.78441e-24,4.99940e-21,1.12869e-19,2.20541e-22,4.14459e-21,5.67885e-21,7.51916e-19,1.64957e-17,3.39874e-20,6.28264e-19,8.47953e-19
0.00000e+00,0.00000e+00,0.00000e+00,0.00000e+00,0.00000e+00,5.78441e-24,1.39841e-22,2.39362e-25,5.07131e-24,6.33010e-24,5.67885e-21,1.27672e-19,2.51447e-22,4.99940e-21,6.19258e-21,8.47953e-19,1.85103e-17,3.84981e-20,7.51916e-19,9.18726e-19
0.00000e+00,0.00000e+00,0.00000e+00,0.00000e+00,0.00000e+00,6.33010e-24,1.52488e-22,2.62780e-25,5.78441e-24,6.72466e-24,6.19258e-21,1.38679e-19,2.75154e-22,5.67885e-21,6.55963e-21,9.18726e-19,1.99653e-17,4.18811e-20,8.47953e-19,9.67996e-19
0.00000e+00,0.00000e+00,0.00000e+00,0.00000e+00,0.00000e+00,6.72466e-24,1.61497e-22,2.79933e-25,6.33010e-24,6.98783e-24,6.55963e-21,1.46414e-19,2.92339e-22,6.19258e-21,6.80184e-21,9.67996e-19,2.09582e-17,4.42778e-20,9.18726e-19,9.99750e-19
0.00000e+00,0.00000e+00,0.00000e+00,0.00000e+00,0.00000e+00,6.98783e-24,1.67425e-22,2.91509e-25,6.72466e-24,7.13754e-24,6.80184e-21,1.51442e-19,3.03828e-22,6.55963e-21,6.93848e-21,9.99750e-19,2.15865e-17,4.58473e-20,9.67996e-19,1.01734e-18
0.00000e+00,0.00000e+00,0.00000e+00,0.00000e+00,0.00000e+00,7.13754e-24,1.70763e-22,2.98153e-25,6.98783e-24,7.18604e-24,6.93848e-21,1.54245e-19,3.10375e-22,6.80184e-21,6.98251e-21,1.01734e-18,2.19297e-17,4.67274e-20,9.99750e-19,1.02295e-18
0.00000e+00,0.00000e+00,0.00000e+00,0.00000e+00,0.00000e+00,7.18604e-24,1.71837e-22,3.00317e-25,7.13754e-24,7.13766e-24,6.98251e-21,1.55142e-19,3.12497e-22,6.93848e-21,6.93850e-21,1.02295e-18,2.20383e-17,4.70102e-20,1.01734e-18,1.01734e-18
0.00000e+00,0.00000e+00,0.00000e+00,0.00000e+00,0.00000e+00,7.13766e-24,1.70765e-22,2.98160e-25,7.18604e-24,6.98808e-24,6.93850e-21,1.54245e-19,3.10376e-22,6.98251e-21,6.80188e-21,1.01734e-18,2.19297e-17,4.67275e-20,1.02295e-18,9.99754e-19
0.00000e+00,0.00000e+00,0.00000e+00,0.00000e+00,0.00000e+00,6.98808e-24,1.67430e-22,2.91522e-25,7.13766e-24,6.72502e-24,6.80188e-21,1.51442e-19,3.03831e-22,6.93850e-21,6.55969e-21,9.99754e-19,2.15866e-17,4.58475e-20,1.01734e-18,9.68000e-19
0.00000e+00,0.00000e+00,0.00000e+00,0.00000e+00,0.00000e+00,6.72502e-24,1.61504e-22,2.79952e-25,6.98808e-24,6.33057e-24,6.55969e-21,1.46415e-19,2.92343e-22,6.80188e-21,6.19267e-21,9.68000e-19,2.09582e-17,4.42781e-20,9.99754e-19,9.18732e-19
0.00000e+00,0.00000e+00,0.00000e+00,0.00000e+00,0.00000e+00,6.33057e-24,1.52497e-22,2.62804e-25,6.72502e-24,5.78497e-24,6.19267e-21,1.38681e-19,2.75159e-22,6.55969e-21,5.67895e-21,9.18732e-19,1.99654e-17,4.18814e-20,9.68000e-19,8.47961e-19
0.00000e+00,0.00000e+00,0.00000e+00,0.00000e+00,0.00000e+00,5.78497e-24,1.39851e-22,2.39390e-25,6.33057e-24,5.07192e-24,5.67895e-21,1.27674e-19,2.51452e-22,6.19267e-21,4.99951e-21,8.47961e-19,1.85104e-17,3.84985e-20,9.18732e-19,7.51924e-19
0.00000e+00,0.00000e+00,0.00000e+00,0.00000e+00,0.00000e+00,5.07192e-24,1.23078e-22,2.09182e-25,5.78497e-24,4.18472e-24,4.99951e-21,1.12871e-19,2.20547e-22,5.67895e-21,4.14469e-21,7.51924e-19,1.64958e-17,3.39878e-20,8.47961e-19,6.28273e-19
0.00000e+00,0.00000e+00,0.00000e+00,0.00000e+00,0.00000e+00,4.18472e-24,1.01920e-22,1.72039e-25,5.07192e-24,3.13192e-24,4.14469e-21,9.39597e-20,1.82178e-22,4.99951e-21,3.12067e-21,6.28273e-19,1.38527e-17,2.82739e-20,7.51924e-19,4.77436e-19
0.00000e+00,0.00000e+00,0.00000e+00,0.00000e+00,0.00000e+00,3.13192e-24,7.65205e-23,1.28404e-25,4.18472e-24,1.94095e-24,3.12067e-21,7.10058e-20,1.36731e-22,4.14469e-21,1.95378e-21,4.77436e-19,1.05758e-17,2.14006e-20,6.28273e-19,3.03848e-19
0.00000e+00,0.00000e+00,0.00000e+00,0.00000e+00,0.00000e+00,1.94095e-24,4.75330e-23,7.94157e-26,3.13192e-24,6.57792e-25,1.95378e-21,4.45861e-20,8.53877e-23,3.12067e-21,6.94905e-22,3.03848e-19,6.75653e-18,1.35753e-20,4.77436e-19,1.18001e-19
0.00000e+00,0.00000e+00,0.00000e+00,0.00000e+00,0.00000e+00,7.93952e-26,1.94054e-24,3.25406e-27,2.68776e-26,1.28376e-25,8.53844e-23,1.95372e-21,3.72290e-24,3.02809e-23,1.36726e-22,1.35750e-20,3.03843e-19,6.03220e-22,5.25343e-21,2.14002e-20
0.00000e+00,0.00000e+00,0.00000e+00,0.00000e+00,0.00000e+00,1.28376e-25,3.13137e-24,5.27083e-27,7.93952e-26,1.72008e-25,1.36726e-22,3.12057e-21,5.97465e-24,8.53844e-23,1.82173e-22,2.14002e-20,4.77429e-19,9.53604e-22,1.35750e-20,2.82735e-20
0.00000e+00,0.00000e+00,0.00000e+00,0.00000e+00,0.00000e+00,1.72008e-25,4.18410e-24,7.07929e-27,1.28376e-25,2.09151e-25,1.82173e-22,4.14459e-21,7.98272e-24,1.36726e-22,2.20541e-22,2.82735e-20,6.28264e-19,1.26424e-21,2.14002e-20,3.39874e-20
0.00000e+00,0.00000e+00,0.00000e+00,0.00000e+00,0.00000e+00,2.09151e-25,5.07131e-24,8.63232e-27,1.72008e-25,2.39362e-25,2.20541e-22,4.99940e-21,9.69473e-24,1.82173e-22,2.51447e-22,3.39874e-20,7.51916e-19,1.52561e-21,2.82735e-20,3.84981e-20
0.00000e+00,0.00000e+00,0.00000e+00,0.00000e+00,0.00000e+00,2.39362e-25,5.78441e-24,9.90860e-27,2.09151e-25,2.62780e-25,2.51447e-22,5.67885e-21,1.10898e-23,2.20541e-22,2.75154e-22,3.84981e-20,8.47953e-19,1.73489e-21,3.39874e-20,4.18811e-20
0.00000e+00,0.00000e+00,0.00000e+00,0.00000e+00,0.00000e+00,2.62780e-25,6.33010e-24,1.09091e-26,2.39362e-25,2.79933e-25,2.75154e-22,6.19258e-21,1.21734e-23,2.51447e-22,2.92339e-22,4.18811e-20,9.18726e-19,1.89426e-21,3.84981e-20,4.42778e-20
0.00000e+00,0.00000e+00,0.00000e+00,0.00000e+00,0.00000e+00,2.79933e-25,6.72466e-24,1.16503e-26,2.62780e-25,2.91509e-25,2.92339e-22,6.55963e-21,1.29689e-23,2.75154e-22,3.03828e-22,4.42778e-20,9.67996e-19,2.00892e-21,4.18811e-20,4.58473e-20
0.00000e+00,0.00000e+00,0.00000e+00,0.00000e+00,0.00000e+00,2.91509e-25,6.98783e-24,1.21555e-26,2.79933e-25,2.98153e-25,3.03828e-22,6.80184e-21,1.35067e-23,2.92339e-22,3.10375e-22,4.58473e-20,9.99750e-19,2.08504e-21,4.42778e-20,4.67274e-20
0.00000e+00,0.00000e+00,0.00000e+00,0.00000e+00,0.00000e+00,2.98153e-25,7.13754e-24,1.24477e-26,2.91509e-25,3.00317e-25,3.10375e-22,6.93848e-21,1.38158e-23,3.03828e-22,3.12497e-22,4.67274e-20,1.01734e-18,2.12819e-21,4.58473e-20,4.70102e-20
0.00000e+00,0.00000e+00,0.00000e+00,0.00000e+00,0.00000e+00,3.00317e-25,7.18604e-24,1.25433e-26,2.98153e-25,2.98160e-25,3.12497e-22,6.98251e-21,1.39165e-23,3.10375e-22,3.10376e-22,4.70102e-20,1.02295e-18,2.14213e-21,4.67274e-20,4.67275e-20
0.00000e+00,0.00000e+00,0.00000e+00,0.00000e+00,0.00000e+00,2.98160e-25,7.13766e-24,1.24481e-26,3.00317e-25,2.91522e-25,3.10376e-22,6.93850e-21,1.38159e-23,3.12497e-22,3.03831e-22,4.67275e-20,1.01734e-18,2.12820e-21,4.70102e-20,4.58475e-20
0.00000e+00,0.00000e+00,0.00000e+00,0.00000e+00,0.00000e+00,2.91522e-25,6.98808e-24,1.21561e-26,2.98160e-25,2.79952e-25,3.03831e-22,6.80188e-21,1.35068e-23,3.10376e-22,2.92343e-22,4.58475e-20,9.99754e-19,2.08505e-21,4.67275e-20,4.42781e-20
0.00000e+00,0.00000e+00,0.00000e+00,0.00000e+00,0.00000e+00,2.79952e-25,6.72502e-24,1.16512e-26,2.91522e-25,2.62804e-25,2.92343e-22,6.55969e-21,1.29691e-23,3.03831e-22,2.75159e-22,4.42781e-20,9.68000e-19,2.00893e-21,4.58475e-20,4.18814e-20
0.00000e+00,0.00000e+00,0.00000e+00,0.00000e+00,0.00000e+00,2.62804e-25,6.33057e-24,1.09104e-26,2.79952e-25,2.39390e-25,2.75159e-22,6.19267e-21,1.21737e-23,2.92343e-22,2.51452e-22,4.18814e-20,9.18732e-19,1.89428e-21,4.42781e-20,3.84985e-20
0.00000e+00,0.00000e+00,0.00000e+00,0.00000e+00,0.00000e+00,2.39390e-25,5.78497e-24,9.91004e-27,2.62804e-25,2.09182e-25,2.51452e-22,5.67895e-21,1.10901e-23,2.75159e-22,2.20547e-22,3.84985e-20,8.47961e-19,1.73491e-21,4.18814e-20,3.39878e-20
0.00000e+00,0.00000e+00,0.00000e+00,0.00000e+00,0.00000e+00,2.09182e-25,5.07192e-24,8.63387e-27,2.39390e-25,1.72039e-25,2.20547e-22,4.99951e-21,9.69502e-24,2.51452e-22,1.82178e-22,3.39878e-20,7.51924e-19,1.52563e-21,3.84985e-20,2.82739e-20
0.00000e+00,0.00000e+00,0.00000e+00,0.00000e+00,0.00000e+00,1.72039e-25,4.18472e-24,7.08085e-27,2.09182e-25,1.28404e-25,1.82178e-22,4.14469e-21,7.98301e-24,2.20547e-22,1.36731e-22,2.82739e-20,6.28273e-19,1.26426e-21,3.39878e-20,2.14006e-20
0.00000e+00,0.00000e+00,0.00000e+00,0.00000e+00,0.00000e+00,1.28404e-25,3.13192e-24,5.27221e-27,1.72039e-25,7.94157e-26,1.36731e-22,3.12067e-21,5.97490e-24,1.82178e-22,8.53877e-23,2.14006e-20,4.77436e-19,9.53625e-22,2.82739e-20,1.35753e-20
0.00000e+00,0.00000e+00,0.00000e+00,0.00000e+00,0.00000e+00,7.94157e-26,1.94095e-24,3.25506e-27,1.28404e-25,2.68854e-26,8.53877e-23,1.95378e-21,3.72307e-24,1.36731e-22,3.02822e-23,1.35753e-20,3.03848e-19,6.03234e-22,2.14006e-20,5.25355e-21
0.00000e+00,0.00000e+00,0.00000e+00,0.00000e+00,0.00000e+00,3.25406e-27,7.93952e-26,1.33575e-28,1.10057e-27,5.27083e-27,3.72290e-24,8.53844e-23,1.61989e-25,1.31690e-24,5.97465e-24,6.03220e-22,1.35750e-20,2.66827e-23,2.32747e-22,9.53604e-22
0.00000e+00,0.00000e+00,0.00000e+00,0.00000e+00,0.00000e+00,5.27083e-27,1.28376e-25,2.16693e-28,3.25406e-27,7.07929e-27,5.97465e-24,1.36726e-22,2.60469e-25,3.72290e-24,7.98272e-24,9.53604e-22,2.14002e-20,4.22838e-23,6.03220e-22,1.26424e-21
0.00000e+00,0.00000e+00,0.00000e+00,0.00000e+00,0.00000e+00,7.07929e-27,1.72008e-25,2.91658e-28,5.27083e-27,8.63232e-27,7.98272e-24,1.82173e-22,3.48861e-25,5.97465e-24,9.69473e-24,1.26424e-21,2.82735e-20,5.62262e-23,9.53604e-22,1.52561e-21
0.00000e+00,0.00000e+00,0.00000e+00,0.00000e+00,0.00000e+00,8.63232e-27,2.09151e-25,3.56528e-28,7.07929e-27,9.90860e-27,9.69473e-24,2.20541e-22,4.24866e-25,7.98272e-24,1.10898e-23,1.52561e-21,3.39874e-20,6.80814e-23,1.26424e-21,1.73489e-21
0.00000e+00,0.00000e+00,0.00000e+00,0.00000e+00,0.00000e+00,9.90860e-27,2.39362e-25,4.10322e-28,8.63232e-27,1.09091e-26,1.10898e-23,2.51447e-22,4.87427e-25,9.69473e-24,1.21734e-23,1.73489e-21,3.84981e-20,7.76918e-23,1.52561e-21,1.89426e-21
0.00000e+00,0.00000e+00,0.00000e+00,0.00000e+00,0.00000e+00,1.09091e-26,2.62780e-25,4.52909e-28,9.90860e-27,1.16503e-26,1.21734e-23,2.75154e-22,5.36559e-25,1.10898e-23,1.29689e-23,1.89426e-21,4.18811e-20,8.51089e-23,1.73489e-21,2.00892e-21
0.00000e+00,0.00000e+00,0.00000e+00,0.00000e+00,0.00000e+00,1.16503e-26,2.79933e-25,4.84764e-28,1.09091e-26,1.21555e-26,1.29689e-23,2.92339e-22,5.73017e-25,1.21734e-23,1.35067e-23,2.00892e-21,4.42778e-20,9.05167e-23,1.89426e-21,2.08504e-21
0.00000e+00,0.00000e+00,0.00000e+00,0.00000e+00,0.00000e+00,1.21555e-26,2.91509e-25,5.06669e-28,1.16503e-26,1.24477e-26,1.35067e-23,3.03828e-22,5.97911e-25,1.29689e-23,1.38158e-23,2.08504e-21,4.58473e-20,9.41506e-23,2.00892e-21,2.12819e-21
0.00000e+00,0.00000e+00,0.00000e+00,0.00000e+00,0.00000e+00,1.24477e-26,2.98153e-25,5.19426e-28,1.21555e-26,1.25433e-26,1.38158e-23,3.10375e-22,6.12327e-25,1.35067e-23,1.39165e-23,2.12819e-21,4.67274e-20,9.62295e-23,2.08504e-21,2.14213e-21
0.00000e+00,0.00000e+00,0.00000e+00,0.00000e+00,0.00000e+00,1.25433e-26,3.00317e-25,5.23613e-28,1.24477e-26,1.24481e-26,1.39165e-23,3.12497e-22,6.17041e-25,1.38158e-23,1.38159e-23,2.14213e-21,4.70102e-20,9.69046e-23,2.12819e-21,2.12820e-21
0.00000e+00,0.00000e+00,0.00000e+00,0.00000e+00,0.00000e+00,1.24481e-26,2.98160e-25,5.19442e-28,1.25433e-26,1.21561e-26,1.38159e-23,3.10376e-22,6.12331e-25,1.39165e-23,1.35068e-23,2.12820e-21,4.67275e-20,9.62298e-23,2.14213e-21,2.08505e-21
0.00000e+00,0.00000e+00,0.00000e+00,0.00000e+00,0.00000e+00,1.21561e-26,2.91522e-25,5.06701e-28,1.24481e-26,1.16512e-26,1.35068e-23,3.03831e-22,5.97918e-25,1.38159e-23,1.29691e-23,2.08505e-21,4.58475e-20,9.41512e-23,2.12820e-21,2.00893e-21
0.00000e+00,0.00000e+00,0.00000e+00,0.00000e+00,0.00000e+00,1.16512e-26,2.79952e-25,4.84810e-28,1.21561e-26,1.09104e-26,1.29691e-23,2.92343e-22,5.73027e-25,1.35068e-23,1.21737e-23,2.00893e-21,4.42781e-20,9.05175e-23,2.08505e-21,1.89428e-21
0.00000e+00,0.00000e+00,0.00000e+00,0.00000e+00,0.00000e+00,1.09104e-26,2.62804e-25,4.52969e-28,1.16512e-26,9.91004e-27,1.21737e-23,2.75159e-22,5.36571e-25,1.29691e-23,1.10901e-23,1.89428e-21,4.18814e-20,8.51100e-23,2.00893e-21,1.73491e-21
0.00000e+00,0.00000e+00,0.00000e+00,0.00000e+00,0.00000e+00,9.91004e-27,2.39390e-25,4.10393e-28,1.09104e-26,8.63387e-27,1.10901e-23,2.51452e-22,4.87442e-25,1.21737e-23,9.69502e-24,1.73491e-21,3.84985e-20,7.76929e-23,1.89428e-21,1.52563e-21
0.00000e+00,0.00000e+00,0.00000e+00,0.00000e+00,0.00000e+00,8.63387e-27,2.09182e-25,3.56604e-28,9.91004e-27,7.08085e-27,9.69502e-24,2.20547e-22,4.24881e-25,1.10901e-23,7.98301e-24,1.52563e-21,3.39878e-20,6.80827e-23,1.73491e-21,1.26426e-21
0.00000e+00,0.00000e+00,0.00000e+00,0.00000e+00,0.00000e+00,7.08085e-27,1.72039e-25,2.91733e-28,8.63387e-27,5.27221e-27,7.98301e-24,1.82178e-22,3.48875e-25,9.69502e-24,5.97490e-24,1.26426e-21,2.82739e-20,5.62274e-23,1.52563e-21,9.53625e-22
0.00000e+00,0.00000e+00,0.00000e+00,0.00000e+00,0.00000e+00,5.27221e-27,1.28404e-25,2.16759e-28,7.08085e-27,3.25506e-27,5.97490e-24,1.36731e-22,2.60481e-25,7.98301e-24,3.72307e-24,9.53625e-22,2.14006e-20,4.22849e-23,1.26426e-21,6.03234e-22
0.00000e+00,0.00000e+00,0.00000e+00,0.00000e+00,0.00000e+00,3.25506e-27,7.94157e-26,1.33623e-28,5.27221e-27,1.10095e-27,3.72307e-24,8.53877e-23,1.61998e-25,5.97490e-24,1.31697e-24,6.03234e-22,1.35753e-20,2.66835e-23,9.53625e-22,2.32753e-22
0.00000e+00,0.00000e+00,0.00000e+00,0.00000e+00,0.00000e+00,1.33575e-28,3.25406e-27,5.49049e-30,4.51404e-29,2.16693e-28,1.61989e-25,3.72290e-24,7.03536e-27,5.71686e-26,2.60469e-25,2.66827e-23,6.03220e-22,1.17570e-24,1.02690e-23,4.22838e-23
0.00000e+00,0.00000e+00,0.00000e+00,0.00000e+00,0.00000e+00,2.16693e-28,5.27083e-27,8.91902e-30,1.33575e-28,2.91658e-28,2.60469e-25,5.97465e-24,1.13317e-26,1.61989e-25,3.48861e-25,4.22838e-23,9.53604e-22,1.86705e-24,2.66827e-23,5.62262e-23
0.00000e+00,0.00000e+00,0.00000e+00,0.00000e+00,0.00000e+00,2.91658e-28,7.07929e-27,1.20270e-29,2.16693e-28,3.56528e-28,3.48861e-25,7.98272e-24,1.52098e-26,2.60469e-25,4.24866e-25,5.62262e-23,1.26424e-21,2.48923e-24,4.22838e-23,6.80814e-23
0.00000e+00,0.00000e+00,0.00000e+00,0.00000e+00,0.00000e+00,3.56528e-28,8.63232e-27,1.47344e-29,2.91658e-28,4.10322e-28,4.24866e-25,9.69473e-24,1.85694e-26,3.48861e-25,4.87427e-25,6.80814e-23,1.52561e-21,3.02313e-24,5.62262e-23,7.76918e-23
0.00000e+00,0.00000e+00,0.00000e+00,0.00000e+00,0.00000e+00,4.10322e-28,9.90860e-27,1.69974e-29,3.56528e-28,4.52909e-28,4.87427e-25,1.10898e-23,2.13591e-26,4.24866e-25,5.36559e-25,7.76918e-23,1.73489e-21,3.46063e-24,6.80814e-23,8.51089e-23
0.00000e+00,0.00000e+00,0.00000e+00,0.00000e+00,0.00000e+00,4.52909e-28,1.09091e-26,1.88043e-29,4.10322e-28,4.84764e-28,5.36559e-25,1.21734e-23,2.35711e-26,4.87427e-25,5.73017e-25,8.51089e-23,1.89426e-21,3.80225e-24,7.76918e-23,9.05167e-23
0.00000e+00,0.00000e+00,0.00000e+00,0.00000e+00,0.00000e+00,4.84764e-28,1.16503e-26,2.01674e-29,4.52909e-28,5.06669e-28,5.73017e-25,1.29689e-23,2.52281e-26,5.36559e-25,5.97911e-25,9.05167e-23,2.00892e-21,4.05424e-24,8.51089e-23,9.41506e-23
0.00000e+00,0.00000e+00,0.00000e+00,0.00000e+00,0.00000e+00,5.06669e-28,1.21555e-26,2.11119e-29,4.84764e-28,5.19426e-28,5.97911e-25,1.35067e-23,2.63691e-26,5.73017e-25,6.12327e-25,9.41506e-23,2.08504e-21,4.22536e-24,9.05167e-23,9.62295e-23
0.00000e+00,0.00000e+00,0.00000e+00,0.00000e+00,0.00000e+00,5.19426e-28,1.24477e-26,2.16651e-29,5.06669e-28,5.23613e-28,6.12327e-25,1.38158e-23,2.70342e-26,5.97911e-25,6.17041e-25,9.62295e-23,2.12819e-21,4.32404e-24,9.41506e-23,9.69046e-23
0.00000e+00,0.00000e+00,0.00000e+00,0.00000e+00,0.00000e+00,5.23613e-28,1.25433e-26,2.18473e-29,5.19426e-28,5.19442e-28,6.17041e-25,1.39165e-23,2.72524e-26,6.12327e-25,6.12331e-25,9.69046e-23,2.14213e-21,4.35623e-24,9.62295e-23,9.62298e-23
0.00000e+00,0.00000e+00,0.00000e+00,0.00000e+00,0.00000e+00,5.19442e-28,1.24481e-26,2.16659e-29,5.23613e-28,5.06701e-28,6.12331e-25,1.38159e-23,2.70344e-26,6.17041e-25,5.97918e-25,9.62298e-23,2.12820e-21,4.32406e-24,9.69046e-23,9.41512e-23
0.00000e+00,0.00000e+00,0.00000e+00,0.00000e+00,0.00000e+00,5.06701e-28,1.21561e-26,2.11135e-29,5.19442e-28,4.84810e-28,5.97918e-25,1.35068e-23,2.63695e-26,6.12331e-25,5.73027e-25,9.41512e-23,2.08505e-21,4.22539e-24,9.62298e-23,9.05175e-23
0.00000e+00,0.00000e+00,0.00000e+00,0.00000e+00,0.00000e+00,4.84810e-28,1.16512e-26,2.01697e-29,5.06701e-28,4.52969e-28,5.73027e-25,1.29691e-23,2.52286e-26,5.97918e-25,5.36571e-25,9.05175e-23,2.00893e-21,4.05429e-24,9.41512e-23,8.51100e-23
0.00000e+00,0.00000e+00,0.00000e+00,0.00000e+00,0.00000e+00,4.52969e-28,1.09104e-26,1.88072e-29,4.84810e-28,4.10393e-28,5.36571e-25,1.21737e-23,2.35717e-26,5.73027e-25,4.87442e-25,8.51100e-23,1.89428e-21,3.80231e-24,9.05175e-23,7.76929e-23
0.00000e+00,0.00000e+00,0.00000e+00,0.00000e+00,0.00000e+00,4.10393e-28,9.91004e-27,1.70008e-29,4.52969e-28,3.56604e-28,4.87442e-25,1.10901e-23,2.13599e-26,5.36571e-25,4.24881e-25,7.76929e-23,1.73491e-21,3.46069e-24,8.51100e-23,6.80827e-23
0.00000e+00,0.00000e+00,0.00000e+00,0.00000e+00,0.00000e+00,3.56604e-28,8.63387e-27,1.47380e-29,4.10393e-28,2.91733e-28,4.24881e-25,9.69502e-24,1.85701e-26,4.87442e-25,3.48875e-25,6.80827e-23,1.52563e-21,3.02320e-24,7.76929e-23,5.62274e-23
0.00000e+00,0.00000e+00,0.00000e+00,0.00000e+00,0.00000e+00,2.91733e-28,7.08085e-27,1.20305e-29,3.56604e-28,2.16759e-28,3.48875e-25,7.98301e-24,1.52105e-26,4.24881e-25,2.60481e-25,5.62274e-23,1.26426e-21,2.48929e-24,6.80827e-23,4.22849e-23
0.00000e+00,0.00000e+00,0.00000e+00,0.00000e+00,0.00000e+00,2.16759e-28,5.27221e-27,8.92216e-30,2.91733e-28,1.33623e-28,2.60481e-25,5.97490e-24,1.13323e-26,3.48875e-25,1.61998e-25,4.22849e-23,9.53625e-22,1.86711e-24,5.62274e-23,2.66835e-23
0.00000e+00,0.00000e+00,0.00000e+00,0.00000e+00,0.00000e+00,1.33623e-28,3.25506e-27,5.49273e-30,2.16759e-28,4.51586e-29,1.61998e-25,3.72307e-24,7.03579e-27,2.60481e-25,5.71721e-26,2.66835e-23,6.03234e-22,1.17574e-24,4.22849e-23,1.02693e-23
0.00000e+00,0.00000e+00,0.00000e+00,0.00000e+00,0.00000e+00,5.49049e-30,1.33575e-28,2.25953e-31,1.85415e-30,8.91902e-30,7.03536e-27,1.61989e-25,3.05044e-28,2.47774e-27,1.13317e-26,1.17570e-24,2.66827e-23,5.16309e-26,4.51472e-25,1.86705e-24
0.00000e+00,0.00000e+00,0.00000e+00,0.00000e+00,0.00000e+00,8.91902e-30,2.16693e-28,3.67486e-31,5.49049e-30,1.20270e-29,1.13317e-26,2.60469e-25,4.92067e-28,7.03536e-27,1.52098e-26,1.86705e-24,4.22838e-23,8.21431e-26,1.17570e-24,2.48923e-24
0.00000e+00,0.00000e+00,0.00000e+00,0.00000e+00,0.00000e+00,1.20270e-29,2.91658e-28,4.96356e-31,8.91902e-30,1.47344e-29,1.52098e-26,3.48861e-25,6.61720e-28,1.13317e-26,1.85694e-26,2.48923e-24,5.62262e-23,1.09770e-25,1.86705e-24,3.02313e-24
0.00000e+00,0.00000e+00,0.00000e+00,0.00000e+00,0.00000e+00,1.47344e-29,3.56528e-28,6.09282e-31,1.20270e-29,1.69974e-29,1.85694e-26,4.24866e-25,8.09655e-28,1.52098e-26,2.13591e-26,3.02313e-24,6.80814e-23,1.33669e-25,2.48923e-24,3.46063e-24
0.00000e+00,0.00000e+00,0.00000e+00,0.00000e+00,0.00000e+00,1.69974e-29,4.10322e-28,7.04327e-31,1.47344e-29,1.88043e-29,2.13591e-26,4.87427e-25,9.33451e-28,1.85694e-26,2.35711e-26,3.46063e-24,7.76918e-23,1.53438e-25,3.02313e-24,3.80225e-24
0.00000e+00,0.00000e+00,0.00000e+00,0.00000e+00,0.00000e+00,1.88043e-29,4.52909e-28,7.80788e-31,1.69974e-29,2.01674e-29,2.35711e-26,5.36559e-25,1.03243e-27,2.13591e-26,2.52281e-26,3.80225e-24,8.51089e-23,1.69033e-25,3.46063e-24,4.05424e-24
0.00000e+00,0.00000e+00,0.00000e+00,0.00000e+00,0.00000e+00,2.01674e-29,4.84764e-28,8.38896e-31,1.88043e-29,2.11119e-29,2.52281e-26,5.73017e-25,1.10719e-27,2.35711e-26,2.63691e-26,4.05424e-24,9.05167e-23,1.80654e-25,3.80225e-24,4.22536e-24
0.00000e+00,0.00000e+00,0.00000e+00,0.00000e+00,0.00000e+00,2.11119e-29,5.06669e-28,8.79427e-31,2.01674e-29,2.16651e-29,2.63691e-26,5.97911e-25,1.15905e-27,2.52281e-26,2.70342e-26,4.22536e-24,9.41506e-23,1.88618e-25,4.05424e-24,4.32404e-24
0.00000e+00,0.00000e+00,0.00000e+00,0.00000e+00,0.00000e+00,2.16651e-29,5.19426e-28,9.03284e-31,2.11119e-29,2.18473e-29,2.70342e-26,6.12327e-25,1.18945e-27,2.63691e-26,2.72524e-26,4.32404e-24,9.62295e-23,1.93243e-25,4.22536e-24,4.35623e-24
0.00000e+00,0.00000e+00,0.00000e+00,0.00000e+00,0.00000e+00,2.18473e-29,5.23613e-28,9.11162e-31,2.16651e-29,2.16659e-29,2.72524e-26,6.17041e-25,1.19945e-27,2.70342e-26,2.70344e-26,4.35623e-24,9.69046e-23,1.94757e-25,4.32404e-24,4.32406e-24
0.00000e+00,0.00000e+00,0.00000e+00,0.00000e+00,0.00000e+00,2.16659e-29,5.19442e-28,9.03320e-31,2.18473e-29,2.11135e-29,2.70344e-26,6.12331e-25,1.18946e-27,2.72524e-26,2.63695e-26,4.32406e-24,9.62298e-23,1.93244e-25,4.35623e-24,4.22539e-24
0.00000e+00,0.00000e+00,0.00000e+00,0.00000e+00,0.00000e+00,2.11135e-29,5.06701e-28,8.79498e-31,2.16659e-29,2.01697e-29,2.63695e-26,5.97918e-25,1.15907e-27,2.70344e-26,2.52286e-26,4.22539e-24,9.41512e-23,1.88620e-25,4.32406e-24,4.05429e-24
0.00000e+00,0.00000e+00,0.00000e+00,0.00000e+00,0.00000e+00,2.01697e-29,4.84810e-28,8.39001e-31,2.11135e-29,1.88072e-29,2.52286e-26,5.73027e-25,1.10721e-27,2.63695e-26,2.35717e-26,4.05429e-24,9.05175e-23,1.80657e-25,4.22539e-24,3.80231e-24
0.00000e+00,0.00000e+00,0.00000e+00,0.00000e+00,0.00000e+00,1.88072e-29,4.52969e-28,7.80921e-31,2.01697e-29,1.70008e-29,2.35717e-26,5.36571e-25,1.03246e-27,2.52286e-26,2.13599e-26,3.80231e-24,8.51100e-23,1.69036e-25,4.05429e-24,3.46069e-24
0.00000e+00,0.00000e+00,0.00000e+00,0.00000e+00,0.00000e+00,1.70008e-29,4.10393e-28,7.04483e-31,1.88072e-29,1.47380e-29,2.13599e-26,4.87442e-25,9.33489e-28,2.35717e-26,1.85701e-26,3.46069e-24,7.76929e-23,1.53441e-25,3.80231e-24,3.02320e-24
0.00000e+00,0.00000e+00,0.00000e+00,0.00000e+00,0.00000e+00,1.47380e-29,3.56604e-28,6.09450e-31,1.70008e-29,1.20305e-29,1.85701e-26,4.24881e-25,8.09695e-28,2.13599e-26,1.52105e-26,3.02320e-24,6.80827e-23,1.33672e-25,3.46069e-24,2.48929e-24
0.00000e+00,0.00000e+00,0.00000e+00,0.00000e+00,0.00000e+00,1.20305e-29,2.91733e-28,4.96521e-31,1.47380e-29,8.92216e-30,1.52105e-26,3.48875e-25,6.61758e-28,1.85701e-26,1.13323e-26,2.48929e-24,5.62274e-23,1.09774e-25,3.02320e-24,1.86711e-24
0.00000e+00,0.00000e+00,0.00000e+00,0.00000e+00,0.00000e+00,8.92216e-30,2.16759e-28,3.67630e-31,1.20305e-29,5.49273e-30,1.13323e-26,2.60481e-25,4.92099e-28,1.52105e-26,7.03579e-27,1.86711e-24,4.22849e-23,8.21460e-26,2.48929e-24,1.17574e-24
0.00000e+00,0.00000e+00,0.00000e+00,0.00000e+00,0.00000e+00,5.49273e-30,1.33623e-28,2.26056e-31,8.92216e-30,1.85500e-30,7.03579e-27,1.61998e-25,3.05065e-28,1.13323e-26,2.47792e-27,1.17574e-24,2.66835e-23,5.16328e-26,1.86711e-24,4.51488e-25
0.00000e+00,0.00000e+00,0.00000e+00,0.00000e+00,0.00000e+00,2.25953e-31,5.49049e-30,9.30867e-33,7.62574e-32,3.67486e-31,3.05044e-28,7.03536e-27,1.32062e-29,1.07229e-28,4.92067e-28,5.16309e-26,1.17570e-24,2.26076e-27,1.97878e-26,8.21431e-26
0.00000e+00,0.00000e+00,0.00000e+00,0.00000e+00,0.00000e+00,3.67486e-31,8.91902e-30,1.51553e-32,2.25953e-31,4.96356e-31,4.92067e-28,1.13317e-26,2.13315e-29,3.05044e-28,6.61720e-28,8.21431e-26,1.86705e-24,3.60266e-27,5.16309e-26,1.09770e-25
0.00000e+00,0.00000e+00,0.00000e+00,0.00000e+00,0.00000e+00,4.96356e-31,1.20270e-29,2.04998e-32,3.67486e-31,6.09282e-31,6.61720e-28,1.52098e-26,2.87342e-29,4.92067e-28,8.09655e-28,1.09770e-25,2.48923e-24,4.82419e-27,8.21431e-26,1.33669e-25
0.00000e+00,0.00000e+00,0.00000e+00,0.00000e+00,0.00000e+00,6.09282e-31,1.47344e-29,2.52074e-32,4.96356e-31,7.04327e-31,8.09655e-28,1.85694e-26,3.52265e-29,6.61720e-28,9.33451e-28,1.33669e-25,3.02313e-24,5.88832e-27,1.09770e-25,1.53438e-25
0.00000e+00,0.00000e+00,0.00000e+00,0.00000e+00,0.00000e+00,7.04327e-31,1.69974e-29,2.91938e-32,6.09282e-31,7.80788e-31,9.33451e-28,2.13591e-26,4.06964e-29,8.09655e-28,1.03243e-27,1.53438e-25,3.46063e-24,6.77589e-27,1.33669e-25,1.69033e-25
0.00000e+00,0.00000e+00,0.00000e+00,0.00000e+00,0.00000e+00,7.80788e-31,1.88043e-29,3.24218e-32,7.04327e-31,8.38896e-31,1.03243e-27,2.35711e-26,4.51016e-29,9.33451e-28,1.10719e-27,1.69033e-25,3.80225e-24,7.48240e-27,1.53438e-25,1.80654e-25
0.00000e+00,0.00000e+00,0.00000e+00,0.00000e+00,0.00000e+00,8.38896e-31,2.01674e-29,3.48909e-32,7.80788e-31,8.79427e-31,1.10719e-27,2.52281e-26,4.84531e-29,1.03243e-27,1.15905e-27,1.80654e-25,4.05424e-24,8.01357e-27,1.69033e-25,1.88618e-25
0.00000e+00,0.00000e+00,0.00000e+00,0.00000e+00,0.00000e+00,8.79427e-31,2.11119e-29,3.66230e-32,8.38896e-31,9.03284e-31,1.15905e-27,2.63691e-26,5.07930e-29,1.10719e-27,1.18945e-27,1.88618e-25,4.22536e-24,8.38046e-27,1.80654e-25,1.93243e-25
0.00000e+00,0.00000e+00,0.00000e+00,0.00000e+00,0.00000e+00,9.03284e-31,2.16651e-29,3.76470e-32,8.79427e-31,9.11162e-31,1.18945e-27,2.70342e-26,5.21711e-29,1.15905e-27,1.19945e-27,1.93243e-25,4.32404e-24,8.59480e-27,1.88618e-25,1.94757e-25
0.00000e+00,0.00000e+00,0.00000e+00,0.00000e+00,0.00000e+00,9.11162e-31,2.18473e-29,3.79859e-32,9.03284e-31,9.03320e-31,1.19945e-27,2.72524e-26,5.26259e-29,1.18945e-27,1.18946e-27,1.94757e-25,4.35623e-24,8.66520e-27,1.93243e-25,1.93244e-25
0.00000e+00,0.00000e+00,0.00000e+00,0.00000e+00,0.00000e+00,9.03320e-31,2.16659e-29,3.76486e-32,9.11162e-31,8.79498e-31,1.18946e-27,2.70344e-26,5.21716e-29,1.19945e-27,1.15907e-27,1.93244e-25,4.32406e-24,8.59484e-27,1.94757e-25,1.88620e-25
0.00000e+00,0.00000e+00,0.00000e+00,0.00000e+00,0.00000e+00,8.79498e-31,2.11135e-29,3.66263e-32,9.03320e-31,8.39001e-31,1.15907e-27,2.63695e-26,5.07940e-29,1.18946e-27,1.10721e-27,1.88620e-25,4.22539e-24,8.38055e-27,1.93244e-25,1.80657e-25
0.00000e+00,0.00000e+00,0.00000e+00,0.00000e+00,0.00000e+00,8.39001e-31,2.01697e-29,3.48957e-32,8.79498e-31,7.80921e-31,1.10721e-27,2.52286e-26,4.84545e-29,1.15907e-27,1.03246e-27,1.80657e-25,4.05429e-24,8.01370e-27,1.88620e-25,1.69036e-25
0.00000e+00,0.00000e+00,0.00000e+00,0.00000e+00,0.00000e+00,7.80921e-31,1.88072e-29,3.24279e-32,8.39001e-31,7.04483e-31,1.03246e-27,2.35717e-26,4.51032e-29,1.10721e-27,9.33489e-28,1.69036e-25,3.80231e-24,7.48256e-27,1.80657e-25,1.53441e-25
0.00000e+00,0.00000e+00,0.00000e+00,0.00000e+00,0.00000e+00,7.04483e-31,1.70008e-29,2.92009e-32,7.80921e-31,6.09450e-31,9.33489e-28,2.13599e-26,4.06983e-29,1.03246e-27,8.09695e-28,1.53441e-25,3.46069e-24,6.77607e-27,1.69036e-25,1.33672e-25
0.00000e+00,0.00000e+00,0.00000e+00,0.00000e+00,0.00000e+00,6.09450e-31,1.47380e-29,2.52150e-32,7.04483e-31,4.96521e-31,8.09695e-28,1.85701e-26,3.52285e-29,9.33489e-28,6.61758e-28,1.33672e-25,3.02320e-24,5.88850e-27,1.53441e-25,1.09774e-25
0.00000e+00,0.00000e+00,0.00000e+00,0.00000e+00,0.00000e+00,4.96521e-31,1.20305e-29,2.05073e-32,6.09450e-31,3.67630e-31,6.61758e-28,1.52105e-26,2.87361e-29,8.09695e-28,4.92099e-28,1.09774e-25,2.48929e-24,4.82437e-27,1.33672e-25,8.21460e-26
0.00000e+00,0.00000e+00,0.00000e+00,0.00000e+00,0.00000e+00,3.67630e-31,8.92216e-30,1.51618e-32,4.96521e-31,2.26056e-31,4.92099e-28,1.13323e-26,2.13331e-29,6.61758e-28,3.05065e-28,8.21460e-26,1.86711e-24,3.60280e-27,1.09774e-25,5.16328e-26
0.00000e+00,0.00000e+00,0.00000e+00,0.00000e+00,0.00000e+00,2.26056e-31,5.49273e-30,9.31328e-33,3.67630e-31,7.62959e-32,3.05065e-28,7.03579e-27,1.32073e-29,4.92099e-28,1.07238e-28,5.16328e-26,1.17574e-24,2.26086e-27,8.21460e-26,1.97887e-26
0.00000e+00,0.00000e+00,0.00000e+00,0.00000e+00,0.00000e+00,9.30867e-33,2.25953e-31,3.83853e-34,3.13987e-33,1.51553e-32,1.32062e-29,3.05044e-28,5.70937e-31,4.63430e-30,2.13315e-29,2.26076e-27,5.16309e-26,9.87377e-29,8.64963e-28,3.60266e-27
0.00000e+00,0.00000e+00,0.00000e+00,0.00000e+00,0.00000e+00,1.51553e-32,3.67486e-31,6.25528e-34,9.30867e-33,2.04998e-32,2.13315e-29,4.92067e-28,9.23315e-31,1.32062e-29,2.87342e-29,3.60266e-27,8.21431e-26,1.57571e-28,2.26076e-27,4.82419e-27
0.00000e+00,0.00000e+00,0.00000e+00,0.00000e+00,0.00000e+00,2.04998e-32,4.96356e-31,8.47213e-34,1.51553e-32,2.52074e-32,2.87342e-29,6.61720e-28,1.24559e-30,2.13315e-29,3.52265e-29,4.82419e-27,1.09770e-25,2.11381e-28,3.60266e-27,5.88832e-27
0.00000e+00,0.00000e+00,0.00000e+00,0.00000e+00,0.00000e+00,2.52074e-32,6.09282e-31,1.04337e-33,2.04998e-32,2.91938e-32,3.52265e-29,8.09655e-28,1.52966e-30,2.87342e-29,4.06964e-29,5.88832e-27,1.33669e-25,2.58547e-28,4.82419e-27,6.77589e-27
0.00000e+00,0.00000e+00,0.00000e+00,0.00000e+00,0.00000e+00,2.91938e-32,7.04327e-31,1.21037e-33,2.52074e-32,3.24218e-32,4.06964e-29,9.33451e-28,1.77043e-30,3.52265e-29,4.51016e-29,6.77589e-27,1.53438e-25,2.98176e-28,5.88832e-27,7.48240e-27
0.00000e+00,0.00000e+00,0.00000e+00,0.00000e+00,0.00000e+00,3.24218e-32,7.80788e-31,1.34638e-33,2.91938e-32,3.48909e-32,4.51016e-29,1.03243e-27,1.96558e-30,4.06964e-29,4.84531e-29,7.48240e-27,1.69033e-25,3.29969e-28,6.77589e-27,8.01357e-27
0.00000e+00,0.00000e+00,0.00000e+00,0.00000e+00,0.00000e+00,3.48909e-32,8.38896e-31,1.45101e-33,3.24218e-32,3.66230e-32,4.84531e-29,1.10719e-27,2.11499e-30,4.51016e-29,5.07930e-29,8.01357e-27,1.80654e-25,3.54059e-28,7.48240e-27,8.38046e-27
0.00000e+00,0.00000e+00,0.00000e+00,0.00000e+00,0.00000e+00,3.66230e-32,8.79427e-31,1.52477e-33,3.48909e-32,3.76470e-32,5.07930e-29,1.15905e-27,2.21988e-30,4.84531e-29,5.21711e-29,8.38046e-27,1.88618e-25,3.70813e-28,8.01357e-27,8.59480e-27
0.00000e+00,0.00000e+00,0.00000e+00,0.00000e+00,0.00000e+00,3.76470e-32,9.03284e-31,1.56854e-33,3.66230e-32,3.79859e-32,5.21711e-29,1.18945e-27,2.28191e-30,5.07930e-29,5.26259e-29,8.59480e-27,1.93243e-25,3.80652e-28,8.38046e-27,8.66520e-27
0.00000e+00,0.00000e+00,0.00000e+00,0.00000e+00,0.00000e+00,3.79859e-32,9.11162e-31,1.58306e-33,3.76470e-32,3.76486e-32,5.26259e-29,1.19945e-27,2.30243e-30,5.21711e-29,5.21716e-29,8.66520e-27,1.94757e-25,3.83893e-28,8.59480e-27,8.59484e-27
0.00000e+00,0.00000e+00,0.00000e+00,0.00000e+00,0.00000e+00,3.76486e-32,9.03320e-31,1.56861e-33,3.79859e-32,3.66263e-32,5.21716e-29,1.18946e-27,2.28194e-30,5.26259e-29,5.07940e-29,8.59484e-27,1.93244e-25,3.80654e-28,8.66520e-27,8.38055e-27
0.00000e+00,0.00000e+00,0.00000e+00,0.00000e+00,0.00000e+00,3.66263e-32,8.79498e-31,1.52492e-33,3.76486e-32,3.48957e-32,5.07940e-29,1.15907e-27,2.21993e-30,5.21716e-29,4.84545e-29,8.38055e-27,1.88620e-25,3.70817e-28,8.59484e-27,8.01370e-27
0.00000e+00,0.00000e+00,0.00000e+00,0.00000e+00,0.00000e+00,3.48957e-32,8.39001e-31,1.45123e-33,3.66263e-32,3.24279e-32,4.84545e-29,1.10721e-27,2.11505e-30,5.07940e-29,4.51032e-29,8.01370e-27,1.80657e-25,3.54065e-28,8.38055e-27,7.48256e-27
0.00000e+00,0.00000e+00,0.00000e+00,0.00000e+00,0.00000e+00,3.24279e-32,7.80921e-31,1.34666e-33,3.48957e-32,2.92009e-32,4.51032e-29,1.03246e-27,1.96566e-30,4.84545e-29,4.06983e-29,7.48256e-27,1.69036e-25,3.29977e-28,8.01370e-27,6.77607e-27
0.00000e+00,0.00000e+00,0.00000e+00,0.00000e+00,0.00000e+00,2.92009e-32,7.04483e-31,1.21069e-33,3.24279e-32,2.52150e-32,4.06983e-29,9.33489e-28,1.77052e-30,4.51032e-29,3.52285e-29,6.77607e-27,1.53441e-25,2.98185e-28,7.48256e-27,5.88850e-27
0.00000e+00,0.00000e+00,0.00000e+00,0.00000e+00,0.00000e+00,2.52150e-32,6.09450e-31,1.04371e-33,2.92009e-32,2.05073e-32,3.52285e-29,8.09695e-28,1.52976e-30,4.06983e-29,2.87361e-29,5.88850e-27,1.33672e-25,2.58556e-28,6.77607e-27,4.82437e-27
0.00000e+00,0.00000e+00,0.00000e+00,0.00000e+00,0.00000e+00,2.05073e-32,4.96521e-31,8.47546e-34,2.52150e-32,1.51618e-32,2.87361e-29,6.61758e-28,1.24568e-30,3.52285e-29,2.13331e-29,4.82437e-27,1.09774e-25,2.11390e-28,5.88850e-27,3.60280e-27
0.00000e+00,0.00000e+00,0.00000e+00,0.00000e+00,0.00000e+00,1.51618e-32,3.67630e-31,6.25818e-34,2.05073e-32,9.31328e-33,2.13331e-29,4.92099e-28,9.23392e-31,2.87361e-29,1.32073e-29,3.60280e-27,8.21460e-26,1.57579e-28,4.82437e-27,2.26086e-27
0.00000e+00,0.00000e+00,0.00000e+00,0.00000e+00,0.00000e+00,9.31328e-33,2.26056e-31,3.84059e-34,1.51618e-32,3.14160e-33,1.32073e-29,3.05065e-28,5.70990e-31,2.13331e-29,4.63472e-30,2.26086e-27,5.16328e-26,9.87428e-29,3.60280e-27,8.65006e-28
0.00000e+00,0.00000e+00,0.00000e+00,0.00000e+00,0.00000e+00,3.83853e-34,9.30867e-33,1.58418e-35,1.29413e-34,6.25528e-34,5.70937e-31,1.32062e-29,2.46514e-32,2.00038e-31,9.23315e-31,9.87377e-29,2.26076e-27,4.30250e-30,3.77194e-29,1.57571e-28
0.00000e+00,0.00000e+00,0.00000e+00,0.00000e+00,0.00000e+00,6.25528e-34,1.51553e-32,2.58372e-35,3.83853e-34,8.47213e-34,9.23315e-31,2.13315e-29,3.99085e-32,5.70937e-31,1.24559e-30,1.57571e-28,3.60266e-27,6.87496e-30,9.87377e-29,2.11381e-28
0.00000e+00,0.00000e+00,0.00000e+00,0.00000e+00,0.00000e+00,8.47213e-34,2.04998e-32,3.50340e-35,6.25528e-34,1.04337e-33,1.24559e-30,2.87342e-29,5.39096e-32,9.23315e-31,1.52966e-30,2.11381e-28,4.82419e-27,9.23754e-30,1.57571e-28,2.58547e-28
0.00000e+00,0.00000e+00,0.00000e+00,0.00000e+00,0.00000e+00,1.04337e-33,2.52074e-32,4.32047e-35,8.47213e-34,1.21037e-33,1.52966e-30,3.52265e-29,6.63063e-32,1.24559e-30,1.77043e-30,2.58547e-28,5.88832e-27,1.13198e-29,2.11381e-28,2.98176e-28
0.00000e+00,0.00000e+00,0.00000e+00,0.00000e+00,0.00000e+00,1.21037e-33,2.91938e-32,5.01939e-35,1.04337e-33,1.34638e-33,1.77043e-30,4.06964e-29,7.68682e-32,1.52966e-30,1.96558e-30,2.98176e-28,6.77589e-27,1.30805e-29,2.58547e-28,3.29969e-28
0.00000e+00,0.00000e+00,0.00000e+00,0.00000e+00,0.00000e+00,1.34638e-33,3.24218e-32,5.59149e-35,1.21037e-33,1.45101e-33,1.96558e-30,4.51016e-29,8.54773e-32,1.77043e-30,2.11499e-30,3.29969e-28,7.48240e-27,1.45029e-29,2.98176e-28,3.54059e-28
0.00000e+00,0.00000e+00,0.00000e+00,0.00000e+00,0.00000e+00,1.45101e-33,3.48909e-32,6.03376e-35,1.34638e-33,1.52477e-33,2.11499e-30,4.84531e-29,9.21051e-32,1.96558e-30,2.21988e-30,3.54059e-28,8.01357e-27,1.55880e-29,3.29969e-28,3.70813e-28
0.00000e+00,0.00000e+00,0.00000e+00,0.00000e+00,0.00000e+00,1.52477e-33,3.66230e-32,6.34692e-35,1.45101e-33,1.56854e-33,2.21988e-30,5.07930e-29,9.67807e-32,2.11499e-30,2.28191e-30,3.70813e-28,8.38046e-27,1.63472e-29,3.54059e-28,3.80652e-28
0.00000e+00,0.00000e+00,0.00000e+00,0.00000e+00,0.00000e+00,1.56854e-33,3.76470e-32,6.53335e-35,1.52477e-33,1.58306e-33,2.28191e-30,5.21711e-29,9.95560e-32,2.21988e-30,2.30243e-30,3.80652e-28,8.59480e-27,1.67951e-29,3.70813e-28,3.83893e-28
0.00000e+00,0.00000e+00,0.00000e+00,0.00000e+00,0.00000e+00,1.58306e-33,3.79859e-32,6.59531e-35,1.56854e-33,1.56861e-33,2.30243e-30,5.26259e-29,1.00476e-31,2.28191e-30,2.28194e-30,3.83893e-28,8.66520e-27,1.69430e-29,3.80652e-28,3.80654e-28
0.00000e+00,0.00000e+00,0.00000e+00,0.00000e+00,0.00000e+00,1.56861e-33,3.76486e-32,6.53368e-35,1.58306e-33,1.52492e-33,2.28194e-30,5.21716e-29,9.95571e-32,2.30243e-30,2.21993e-30,3.80654e-28,8.59484e-27,1.67952e-29,3.83893e-28,3.70817e-28
0.00000e+00,0.00000e+00,0.00000e+00,0.00000e+00,0.00000e+00,1.52492e-33,3.66263e-32,6.34758e-35,1.56861e-33,1.45123e-33,2.21993e-30,5.07940e-29,9.67829e-32,2.28194e-30,2.11505e-30,3.70817e-28,8.38055e-27,1.63475e-29,3.80654e-28,3.54065e-28
0.00000e+00,0.00000e+00,0.00000e+00,0.00000e+00,0.00000e+00,1.45123e-33,3.48957e-32,6.03473e-35,1.52492e-33,1.34666e-33,2.11505e-30,4.84545e-29,9.21083e-32,2.21993e-30,1.96566e-30,3.54065e-28,8.01370e-27,1.55883e-29,3.70817e-28,3.29977e-28
0.00000e+00,0.00000e+00,0.00000e+00,0.00000e+00,0.00000e+00,1.34666e-33,3.24279e-32,5.59271e-35,1.45123e-33,1.21069e-33,1.96566e-30,4.51032e-29,8.54814e-32,2.11505e-30,1.77052e-30,3.29977e-28,7.48256e-27,1.45033e-29,3.54065e-28,2.98185e-28
0.00000e+00,0.00000e+00,0.00000e+00,0.00000e+00,0.00000e+00,1.21069e-33,2.92009e-32,5.02080e-35,1.34666e-33,1.04371e-33,1.77052e-30,4.06983e-29,7.68728e-32,1.96566e-30,1.52976e-30,2.98185e-28,6.77607e-27,1.30810e-29,3.29977e-28,2.58556e-28
0.00000e+00,0.00000e+00,0.00000e+00,0.00000e+00,0.00000e+00,1.04371e-33,2.52150e-32,4.32198e-35,1.21069e-33,8.47546e-34,1.52976e-30,3.52285e-29,6.63111e-32,1.77052e-30,1.24568e-30,2.58556e-28,5.88850e-27,1.13203e-29,2.98185e-28,2.11390e-28
0.00000e+00,0.00000e+00,0.00000e+00,0.00000e+00,0.00000e+00,8.47546e-34,2.05073e-32,3.50488e-35,1.04371e-33,6.25818e-34,1.24568e-30,2.87361e-29,5.39141e-32,1.52976e-30,9.23392e-31,2.11390e-28,4.82437e-27,9.23799e-30,2.58556e-28,1.57579e-28
0.00000e+00,0.00000e+00,0.00000e+00,0.00000e+00,0.00000e+00,6.25818e-34,1.51618e-32,2.58501e-35,8.47546e-34,3.84059e-34,9.23392e-31,2.13331e-29,3.99122e-32,1.24568e-30,5.70990e-31,1.57579e-28,3.60280e-27,6.87533e-30,2.11390e-28,9.87428e-29
0.00000e+00,0.00000e+00,0.00000e+00,0.00000e+00,0.00000e+00,3.84059e-34,9.31328e-33,1.58509e-35,6.25818e-34,1.29490e-34,5.70990e-31,1.32073e-29,2.46539e-32,9.23392e-31,2.00058e-31,9.87428e-29,2.26086e-27,4.30275e-30,1.57579e-28,3.77215e-29
0.00000e+00,0.00000e+00,0.00000e+00,0.00000e+00,0.00000e+00,1.58418e-35,3.83853e-34,6.54286e-37,5.33865e-36,2.58372e-35,2.46514e-32,5.70937e-31,1.06310e-33,8.62453e-33,3.99085e-32,4.30250e-30,9.87377e-29,1.87099e-31,1.64138e-30,6.87496e-30
0.00000e+00,0.00000e+00,0.00000e+00,0.00000e+00,0.00000e+00,2.58372e-35,6.25528e-34,1.06789e-36,1.58418e-35,3.50340e-35,3.99085e-32,9.23315e-31,1.72272e-33,2.46514e-32,5.39096e-32,6.87496e-30,1.57571e-28,2.99305e-31,4.30250e-30,9.23754e-30
0.00000e+00,0.00000e+00,0.00000e+00,0.00000e+00,0.00000e+00,3.50340e-35,8.47213e-34,1.44949e-36,2.58372e-35,4.32047e-35,5.39096e-32,1.24559e-30,2.32985e-33,3.99085e-32,6.63063e-32,9.23754e-30,2.11381e-28,4.02737e-31,6.87496e-30,1.13198e-29
0.00000e+00,0.00000e+00,0.00000e+00,0.00000e+00,0.00000e+00,4.32047e-35,1.04337e-33,1.78972e-36,3.50340e-35,5.01939e-35,6.63063e-32,1.52966e-30,2.86954e-33,5.39096e-32,7.68682e-32,1.13198e-29,2.58547e-28,4.94336e-31,9.23754e-30,1.30805e-29
0.00000e+00,0.00000e+00,0.00000e+00,0.00000e+00,0.00000e+00,5.01939e-35,1.21037e-33,2.08197e-36,4.32047e-35,5.59149e-35,7.68682e-32,1.77043e-30,3.33148e-33,6.63063e-32,8.54773e-32,1.30805e-29,2.98176e-28,5.72231e-31,1.13198e-29,1.45029e-29
0.00000e+00,0.00000e+00,0.00000e+00,0.00000e+00,0.00000e+00,5.59149e-35,1.34638e-33,2.32226e-36,5.01939e-35,6.03376e-35,8.54773e-32,1.96558e-30,3.70987e-33,7.68682e-32,9.21051e-32,1.45029e-29,3.29969e-28,6.35541e-31,1.30805e-29,1.55880e-29
0.00000e+00,0.00000e+00,0.00000e+00,0.00000e+00,0.00000e+00,6.03376e-35,1.45101e-33,2.50883e-36,5.59149e-35,6.34692e-35,9.21051e-32,2.11499e-30,4.00259e-33,8.54773e-32,9.67807e-32,1.55880e-29,3.54059e-28,6.84126e-31,1.45029e-29,1.63472e-29
0.00000e+00,0.00000e+00,0.00000e+00,0.00000e+00,0.00000e+00,6.34692e-35,1.52477e-33,2.64143e-36,6.03376e-35,6.53335e-35,9.67807e-32,2.21988e-30,4.20996e-33,9.21051e-32,9.95560e-32,1.63472e-29,3.70813e-28,7.18300e-31,1.55880e-29,1.67951e-29
0.00000e+00,0.00000e+00,0.00000e+00,0.00000e+00,0.00000e+00,6.53335e-35,1.56854e-33,2.72060e-36,6.34692e-35,6.59531e-35,9.95560e-32,2.28191e-30,4.33344e-33,9.67807e-32,1.00476e-31,1.67951e-29,3.80652e-28,7.38540e-31,1.63472e-29,1.69430e-29
0.00000e+00,0.00000e+00,0.00000e+00,0.00000e+00,0.00000e+00,6.59531e-35,1.58306e-33,2.74695e-36,6.53335e-35,6.53368e-35,1.00476e-31,2.30243e-30,4.37443e-33,9.95560e-32,9.95571e-32,1.69430e-29,3.83893e-28,7.45238e-31,1.67951e-29,1.67952e-29
0.00000e+00,0.00000e+00,0.00000e+00,0.00000e+00,0.00000e+00,6.53368e-35,1.56861e-33,2.72075e-36,6.59531e-35,6.34758e-35,9.95571e-32,2.28194e-30,4.33350e-33,1.00476e-31,9.67829e-32,1.67952e-29,3.80654e-28,7.38545e-31,1.69430e-29,1.63475e-29
0.00000e+00,0.00000e+00,0.00000e+00,0.00000e+00,0.00000e+00,6.34758e-35,1.52492e-33,2.64173e-36,6.53368e-35,6.03473e-35,9.67829e-32,2.21993e-30,4.21007e-33,9.95571e-32,9.21083e-32,1.63475e-29,3.70817e-28,7.18312e-31,1.67952e-29,1.55883e-29
0.00000e+00,0.00000e+00,0.00000e+00,0.00000e+00,0.00000e+00,6.03473e-35,1.45123e-33,2.50926e-36,6.34758e-35,5.59271e-35,9.21083e-32,2.11505e-30,4.00274e-33,9.67829e-32,8.54814e-32,1.55883e-29,3.54065e-28,6.84142e-31,1.63475e-29,1.45033e-29
0.00000e+00,0.00000e+00,0.00000e+00,0.00000e+00,0.00000e+00,5.59271e-35,1.34666e-33,2.32281e-36,6.03473e-35,5.02080e-35,8.54814e-32,1.96566e-30,3.71006e-33,9.21083e-32,7.68728e-32,1.45033e-29,3.29977e-28,6.35561e-31,1.55883e-29,1.30810e-29
0.00000e+00,0.00000e+00,0.00000e+00,0.00000e+00,0.00000e+00,5.02080e-35,1.21069e-33,2.08260e-36,5.59271e-35,4.32198e-35,7.68728e-32,1.77052e-30,3.33169e-33,8.54814e-32,6.63111e-32,1.30810e-29,2.98185e-28,5.72254e-31,1.45033e-29,1.13203e-29
0.00000e+00,0.00000e+00,0.00000e+00,0.00000e+00,0.00000e+00,4.32198e-35,1.04371e-33,1.79039e-36,5.02080e-35,3.50488e-35,6.63111e-32,1.52976e-30,2.86976e-33,7.68728e-32,5.39141e-32,1.13203e-29,2.58556e-28,4.94360e-31,1.30810e-29,9.23799e-30
0.00000e+00,0.00000e+00,0.00000e+00,0.00000e+00,0.00000e+00,3.50488e-35,8.47546e-34,1.45014e-36,4.32198e-35,2.58501e-35,5.39141e-32,1.24568e-30,2.33007e-33,6.63111e-32,3.99122e-32,9.23799e-30,2.11390e-28,4.02759e-31,1.13203e-29,6.87533e-30
0.00000e+00,0.00000e+00,0.00000e+00,0.00000e+00,0.00000e+00,2.58501e-35,6.25818e-34,1.06846e-36,3.50488e-35,1.58509e-35,3.99122e-32,9.23392e-31,1.72289e-33,5.39141e-32,2.46539e-32,6.87533e-30,1.57579e-28,2.99324e-31,9.23799e-30,4.30275e-30
0.00000e+00,0.00000e+00,0.00000e+00,0.00000e+00,0.00000e+00,1.58509e-35,3.84059e-34,6.54687e-37,2.58501e-35,5.34204e-36,2.46539e-32,5.70990e-31,1.06322e-33,3.99122e-32,8.62550e-33,4.30275e-30,9.87428e-29,1.87111e-31,6.87533e-30,1.64149e-30
0.00000e+00,0.00000e+00,0.00000e+00,0.00000e+00,0.00000e+00,6.54286e-37,1.58418e-35,2.70404e-38,2.20407e-37,1.06789e-36,1.06310e-33,2.46514e-32,4.57958e-35,3.71441e-34,1.72272e-33,1.87099e-31,4.30250e-30,8.12119e-33,7.12897e-32,2.99305e-31
0.00000e+00,0.00000e+00,0.00000e+00,0.00000e+00,0.00000e+00,1.06789e-36,2.58372e-35,4.41628e-38,6.54286e-37,1.44949e-36,1.72272e-33,3.99085e-32,7.42741e-35,1.06310e-33,2.32985e-33,2.99305e-31,6.87496e-30,1.30048e-32,1.87099e-31,4.02737e-31
0.00000e+00,0.00000e+00,0.00000e+00,0.00000e+00,0.00000e+00,1.44949e-36,3.50340e-35,5.99985e-38,1.06789e-36,1.78972e-36,2.32985e-33,5.39096e-32,1.00556e-34,1.72272e-33,2.86954e-33,4.02737e-31,9.23754e-30,1.75212e-32,2.99305e-31,4.94336e-31
0.00000e+00,0.00000e+00,0.00000e+00,0.00000e+00,0.00000e+00,1.78972e-36,4.32047e-35,7.41623e-38,1.44949e-36,2.08197e-36,2.86954e-33,6.63063e-32,1.24000e-34,2.32985e-33,3.33148e-33,4.94336e-31,1.13198e-29,2.15380e-32,4.02737e-31,5.72231e-31
0.00000e+00,0.00000e+00,0.00000e+00,0.00000e+00,0.00000e+00,2.08197e-36,5.01939e-35,8.63735e-38,1.78972e-36,2.32226e-36,3.33148e-33,7.68682e-32,1.44149e-34,2.86954e-33,3.70987e-33,5.72231e-31,1.30805e-29,2.49710e-32,4.94336e-31,6.35541e-31
0.00000e+00,0.00000e+00,0.00000e+00,0.00000e+00,0.00000e+00,2.32226e-36,5.59149e-35,9.64531e-38,2.08197e-36,2.50883e-36,3.70987e-33,8.54773e-32,1.60726e-34,3.33148e-33,4.00259e-33,6.35541e-31,1.45029e-29,2.77761e-32,5.72231e-31,6.84126e-31
0.00000e+00,0.00000e+00,0.00000e+00,0.00000e+00,0.00000e+00,2.50883e-36,6.03376e-35,1.04309e-37,2.32226e-36,2.64143e-36,4.00259e-33,9.21051e-32,1.73603e-34,3.70987e-33,4.20996e-33,6.84126e-31,1.55880e-29,2.99400e-32,6.35541e-31,7.18300e-31
0.00000e+00,0.00000e+00,0.00000e+00,0.00000e+00,0.00000e+00,2.64143e-36,6.34692e-35,1.09911e-37,2.50883e-36,2.72060e-36,4.20996e-33,9.67807e-32,1.82760e-34,4.00259e-33,4.33344e-33,7.18300e-31,1.63472e-29,3.14691e-32,6.84126e-31,7.38540e-31
0.00000e+00,0.00000e+00,0.00000e+00,0.00000e+00,0.00000e+00,2.72060e-36,6.53335e-35,1.13264e-37,2.64143e-36,2.74695e-36,4.33344e-33,9.95560e-32,1.88228e-34,4.20996e-33,4.37443e-33,7.38540e-31,1.67951e-29,3.23779e-32,7.18300e-31,7.45238e-31
0.00000e+00,0.00000e+00,0.00000e+00,0.00000e+00,0.00000e+00,2.74695e-36,6.59531e-35,1.14382e-37,2.72060e-36,2.72075e-36,4.37443e-33,1.00476e-31,1.90046e-34,4.33344e-33,4.33350e-33,7.45238e-31,1.69430e-29,3.26792e-32,7.38540e-31,7.38545e-31
0.00000e+00,0.00000e+00,0.00000e+00,0.00000e+00,0.00000e+00,2.72075e-36,6.53368e-35,1.13271e-37,2.74695e-36,2.64173e-36,4.33350e-33,9.95571e-32,1.88230e-34,4.37443e-33,4.21007e-33,7.38545e-31,1.67952e-29,3.23781e-32,7.45238e-31,7.18312e-31
0.00000e+00,0.00000e+00,0.00000e+00,0.00000e+00,0.00000e+00,2.64173e-36,6.34758e-35,1.09925e-37,2.72075e-36,2.50926e-36,4.21007e-33,9.67829e-32,1.82765e-34,4.33350e-33,4.00274e-33,7.18312e-31,1.63475e-29,3.14697e-32,7.38545e-31,6.84142e-31
0.00000e+00,0.00000e+00,0.00000e+00,0.00000e+00,0.00000e+00,2.50926e-36,6.03473e-35,1.04328e-37,2.64173e-36,2.32281e-36,4.00274e-33,9.21083e-32,1.73611e-34,4.21007e-33,3.71006e-33,6.84142e-31,1.55883e-29,2.99409e-32,7.18312e-31,6.35561e-31
0.00000e+00,0.00000e+00,0.00000e+00,0.00000e+00,0.00000e+00,2.32281e-36,5.59271e-35,9.64776e-38,2.50926e-36,2.08260e-36,3.71006e-33,8.54814e-32,1.60735e-34,4.00274e-33,3.33169e-33,6.35561e-31,1.45033e-29,2.77771e-32,6.84142e-31,5.72254e-31
0.00000e+00,0.00000e+00,0.00000e+00,0.00000e+00,0.00000e+00,2.08260e-36,5.02080e-35,8.64016e-38,2.32281e-36,1.79039e-36,3.33169e-33,7.68728e-32,1.44159e-34,3.71006e-33,2.86976e-33,5.72254e-31,1.30810e-29,2.49721e-32,6.35561e-31,4.94360e-31
0.00000e+00,0.00000e+00,0.00000e+00,0.00000e+00,0.00000e+00,1.79039e-36,4.32198e-35,7.41922e-38,2.08260e-36,1.45014e-36,2.86976e-33,6.63111e-32,1.24011e-34,3.33169e-33,2.33007e-33,4.94360e-31,1.13203e-29,2.15392e-32,5.72254e-31,4.02759e-31
0.00000e+00,0.00000e+00,0.00000e+00,0.00000e+00,0.00000e+00,1.45014e-36,3.50488e-35,6.00276e-38,1.79039e-36,1.06846e-36,2.33007e-33,5.39141e-32,1.00566e-34,2.86976e-33,1.72289e-33,4.02759e-31,9.23799e-30,1.75223e-32,4.94360e-31,2.99324e-31
0.00000e+00,0.00000e+00,0.00000e+00,0.00000e+00,0.00000e+00,1.06846e-36,2.58501e-35,4.41881e-38,1.45014e-36,6.54687e-37,1.72289e-33,3.99122e-32,7.42824e-35,2.33007e-33,1.06322e-33,2.99324e-31,6.87533e-30,1.30057e-32,4.02759e-31,1.87111e-31
0.00000e+00,0.00000e+00,0.00000e+00,0.00000e+00,0.00000e+00,6.54687e-37,1.58509e-35,2.70583e-38,1.06846e-36,2.20557e-37,1.06322e-33,2.46539e-32,4.58014e-35,1.72289e-33,3.71486e-34,1.87111e-31,4.30275e-30,8.12180e-33,2.99324e-31,7.12949e-32
0.00000e+00,0.00000e+00,0.00000e+00,0.00000e+00,0.00000e+00,2.70404e-38,6.54286e-37,1.11818e-39,9.10588e-39,4.41628e-38,4.57958e-35,1.06310e-33,1.97071e-36,1.59809e-35,7.42741e-35,8.12119e-33,1.87099e-31,3.51916e-34,3.09096e-33,1.30048e-32
0.00000e+00,0.00000e+00,0.00000e+00,0.00000e+00,0.00000e+00,4.41628e-38,1.06789e-36,1.82729e-39,2.70404e-38,5.99985e-38,7.42741e-35,1.72272e-33,3.19867e-36,4.57958e-35,1.00556e-34,1.30048e-32,2.99305e-31,5.64050e-34,8.12119e-33,1.75212e-32
0.00000e+00,0.00000e+00,0.00000e+00,0.00000e+00,0.00000e+00,5.99985e-38,1.44949e-36,2.48453e-39,4.41628e-38,7.41623e-38,1.00556e-34,2.32985e-33,4.33462e-36,7.42741e-35,1.24000e-34,1.75212e-32,4.02737e-31,7.60802e-34,1.30048e-32,2.15380e-32
0.00000e+00,0.00000e+00,0.00000e+00,0.00000e+00,0.00000e+00,7.41623e-38,1.78972e-36,3.07404e-39,5.99985e-38,8.63735e-38,1.24000e-34,2.86954e-33,5.35103e-36,1.00556e-34,1.44149e-34,2.15380e-32,4.94336e-31,9.36452e-34,1.75212e-32,2.49710e-32
0.00000e+00,0.00000e+00,0.00000e+00,0.00000e+00,0.00000e+00,8.63735e-38,2.08197e-36,3.58393e-39,7.41623e-38,9.64531e-38,1.44149e-34,3.33148e-33,6.22772e-36,1.24000e-34,1.60726e-34,2.49710e-32,5.72231e-31,1.08723e-33,2.15380e-32,2.77761e-32
0.00000e+00,0.00000e+00,0.00000e+00,0.00000e+00,0.00000e+00,9.64531e-38,2.32226e-36,4.00628e-39,8.63735e-38,1.04309e-37,1.60726e-34,3.70987e-33,6.95175e-36,1.44149e-34,1.73603e-34,2.77761e-32,6.35541e-31,1.21102e-33,2.49710e-32,2.99400e-32
0.00000e+00,0.00000e+00,0.00000e+00,0.00000e+00,0.00000e+00,1.04309e-37,2.50883e-36,4.33655e-39,9.64531e-38,1.09911e-37,1.73603e-34,4.00259e-33,7.51632e-36,1.60726e-34,1.82760e-34,2.99400e-32,6.84126e-31,1.30695e-33,2.77761e-32,3.14691e-32
0.00000e+00,0.00000e+00,0.00000e+00,0.00000e+00,0.00000e+00,1.09911e-37,2.64143e-36,4.57277e-39,1.04309e-37,1.13264e-37,1.82760e-34,4.20996e-33,7.91906e-36,1.73603e-34,1.88228e-34,3.14691e-32,7.18300e-31,1.37501e-33,2.99400e-32,3.23779e-32
0.00000e+00,0.00000e+00,0.00000e+00,0.00000e+00,0.00000e+00,1.13264e-37,2.72060e-36,4.71445e-39,1.09911e-37,1.14382e-37,1.88228e-34,4.33344e-33,8.16012e-36,1.82760e-34,1.90046e-34,3.23779e-32,7.38540e-31,1.41558e-33,3.14691e-32,3.26792e-32
0.00000e+00,0.00000e+00,0.00000e+00,0.00000e+00,0.00000e+00,1.14382e-37,2.74695e-36,4.76174e-39,1.13264e-37,1.13271e-37,1.90046e-34,4.37443e-33,8.24037e-36,1.88228e-34,1.88230e-34,3.26792e-32,7.45238e-31,1.42905e-33,3.23779e-32,3.23781e-32
0.00000e+00,0.00000e+00,0.00000e+00,0.00000e+00,0.00000e+00,1.13271e-37,2.72075e-36,4.71476e-39,1.14382e-37,1.09925e-37,1.88230e-34,4.33350e-33,8.16025e-36,1.90046e-34,1.82765e-34,3.23781e-32,7.38545e-31,1.41559e-33,3.26792e-32,3.14697e-32
0.00000e+00,0.00000e+00,0.00000e+00,0.00000e+00,0.00000e+00,1.09925e-37,2.64173e-36,4.57338e-39,1.13271e-37,1.04328e-37,1.82765e-34,4.21007e-33,7.91931e-36,1.88230e-34,1.73611e-34,3.14697e-32,7.18312e-31,1.37504e-33,3.23781e-32,2.99409e-32
0.00000e+00,0.00000e+00,0.00000e+00,0.00000e+00,0.00000e+00,1.04328e-37,2.50926e-36,4.33743e-39,1.09925e-37,9.64776e-38,1.73611e-34,4.00274e-33,7.51667e-36,1.82765e-34,1.60735e-34,2.99409e-32,6.84142e-31,1.30699e-33,3.14697e-32,2.77771e-32
0.00000e+00,0.00000e+00,0.00000e+00,0.00000e+00,0.00000e+00,9.64776e-38,2.32281e-36,4.00739e-39,1.04328e-37,8.64016e-38,1.60735e-34,3.71006e-33,6.95219e-36,1.73611e-34,1.44159e-34,2.77771e-32,6.35561e-31,1.21107e-33,2.99409e-32,2.49721e-32
0.00000e+00,0.00000e+00,0.00000e+00,0.00000e+00,0.00000e+00,8.64016e-38,2.08260e-36,3.58520e-39,9.64776e-38,7.41922e-38,1.44159e-34,3.33169e-33,6.22821e-36,1.60735e-34,1.24011e-34,2.49721e-32,5.72254e-31,1.08729e-33,2.77771e-32,2.15392e-32
0.00000e+00,0.00000e+00,0.00000e+00,0.00000e+00,0.00000e+00,7.41922e-38,1.79039e-36,3.07539e-39,8.64016e-38,6.00276e-38,1.24011e-34,2.86976e-33,5.35153e-36,1.44159e-34,1.00566e-34,2.15392e-32,4.94360e-31,9.36509e-34,2.49721e-32,1.75223e-32
0.00000e+00,0.00000e+00,0.00000e+00,0.00000e+00,0.00000e+00,6.00276e-38,1.45014e-36,2.48584e-39,7.41922e-38,4.41881e-38,1.00566e-34,2.33007e-33,4.33508e-36,1.24011e-34,7.42824e-35,1.75223e-32,4.02759e-31,7.60855e-34,2.15392e-32,1.30057e-32
0.00000e+00,0.00000e+00,0.00000e+00,0.00000e+00,0.00000e+00,4.41881e-38,1.06846e-36,1.82843e-39,6.00276e-38,2.70583e-38,7.42824e-35,1.72289e-33,3.19906e-36,1.00566e-34,4.58014e-35,1.30057e-32,2.99324e-31,5.64094e-34,1.75223e-32,8.12180e-33
0.00000e+00,0.00000e+00,0.00000e+00,0.00000e+00,0.00000e+00,2.70583e-38,6.54687e-37,1.11898e-39,4.41881e-38,9.11258e-39,4.58014e-35,1.06322e-33,1.97097e-36,7.42824e-35,1.59830e-35,8.12180e-33,1.87111e-31,3.51946e-34,1.30057e-32,3.09121e-33
0.00000e+00,0.00000e+00,0.00000e+00,0.00000e+00,0.00000e+00,1.11818e-39,2.70404e-38,4.62624e-41,3.76430e-40,1.82729e-39,1.97071e-36,4.57958e-35,8.47213e-38,6.86907e-37,3.19867e-36,3.51916e-34,8.12119e-33,1.52262e-35,1.33806e-34,5.64050e-34
0.00000e+00,0.00000e+00,0.00000e+00,0.00000e+00,0.00000e+00,1.82729e-39,4.41628e-38,7.56404e-41,1.11818e-39,2.48453e-39,3.19867e-36,7.42741e-35,1.37607e-37,1.97071e-36,4.33462e-36,5.64050e-34,1.30048e-32,2.44244e-35,3.51916e-34,7.60802e-34
0.00000e+00,0.00000e+00,0.00000e+00,0.00000e+00,0.00000e+00,2.48453e-39,5.99985e-38,1.02921e-40,1.82729e-39,3.07404e-39,4.33462e-36,1.00556e-34,1.86633e-37,3.19867e-36,5.35103e-36,7.60802e-34,1.75212e-32,3.29775e-35,5.64050e-34,9.36452e-34
0.00000e+00,0.00000e+00,0.00000e+00,0.00000e+00,0.00000e+00,3.07404e-39,7.41623e-38,1.27452e-40,2.48453e-39,3.58393e-39,5.35103e-36,1.24000e-34,2.30620e-37,4.33462e-36,6.22772e-36,9.36452e-34,2.15380e-32,4.06389e-35,7.60802e-34,1.08723e-33
0.00000e+00,0.00000e+00,0.00000e+00,0.00000e+00,0.00000e+00,3.58393e-39,8.63735e-38,1.48731e-40,3.07404e-39,4.00628e-39,6.22772e-36,1.44149e-34,2.68681e-37,5.35103e-36,6.95175e-36,1.08723e-33,2.49710e-32,4.72413e-35,9.36452e-34,1.21102e-33
0.00000e+00,0.00000e+00,0.00000e+00,0.00000e+00,0.00000e+00,4.00628e-39,9.64531e-38,1.66411e-40,3.58393e-39,4.33655e-39,6.95175e-36,1.60726e-34,3.00221e-37,6.22772e-36,7.51632e-36,1.21102e-33,2.77761e-32,5.26841e-35,1.08723e-33,1.30695e-33
0.00000e+00,0.00000e+00,0.00000e+00,0.00000e+00,0.00000e+00,4.33655e-39,1.04309e-37,1.80277e-40,4.00628e-39,4.57277e-39,7.51632e-36,1.73603e-34,3.24895e-37,6.95175e-36,7.91906e-36,1.30695e-33,2.99400e-32,5.69192e-35,1.21102e-33,1.37501e-33
0.00000e+00,0.00000e+00,0.00000e+00,0.00000e+00,0.00000e+00,4.57277e-39,1.09911e-37,1.90220e-40,4.33655e-39,4.71445e-39,7.91906e-36,1.82760e-34,3.42547e-37,7.51632e-36,8.16012e-36,1.37501e-33,3.14691e-32,5.99345e-35,1.30695e-33,1.41558e-33
0.00000e+00,0.00000e+00,0.00000e+00,0.00000e+00,0.00000e+00,4.71445e-39,1.13264e-37,1.96195e-40,4.57277e-39,4.76174e-39,8.16012e-36,1.88228e-34,3.53134e-37,7.91906e-36,8.24037e-36,1.41558e-33,3.23779e-32,6.17364e-35,1.37501e-33,1.42905e-33
0.00000e+00,0.00000e+00,0.00000e+00,0.00000e+00,0.00000e+00,4.76174e-39,1.14382e-37,1.98192e-40,4.71445e-39,4.71476e-39,8.24037e-36,1.90046e-34,3.56663e-37,8.16012e-36,8.16025e-36,1.42905e-33,3.26792e-32,6.23358e-35,1.41558e-33,1.41559e-33
0.00000e+00,0.00000e+00,0.00000e+00,0.00000e+00,0.00000e+00,4.71476e-39,1.13271e-37,1.96209e-40,4.76174e-39,4.57338e-39,8.16025e-36,1.88230e-34,3.53140e-37,8.24037e-36,7.91931e-36,1.41559e-33,3.23781e-32,6.17371e-35,1.42905e-33,1.37504e-33
0.00000e+00,0.00000e+00,0.00000e+00,0.00000e+00,0.00000e+00,4.57338e-39,1.09925e-37,1.90248e-40,4.71476e-39,4.33743e-39,7.91931e-36,1.82765e-34,3.42558e-37,8.16025e-36,7.51667e-36,1.37504e-33,3.14697e-32,5.99358e-35,1.41559e-33,1.30699e-33
0.00000e+00,0.00000e+00,0.00000e+00,0.00000e+00,0.00000e+00,4.33743e-39,1.04328e-37,1.80318e-40,4.57338e-39,4.00739e-39,7.51667e-36,1.73611e-34,3.24912e-37,7.91931e-36,6.95219e-36,1.30699e-33,2.99409e-32,5.69211e-35,1.37504e-33,1.21107e-33
0.00000e+00,0.00000e+00,0.00000e+00,0.00000e+00,0.00000e+00,4.00739e-39,9.64776e-38,1.66462e-40,4.33743e-39,3.58520e-39,6.95219e-36,1.60735e-34,3.00242e-37,7.51667e-36,6.22821e-36,1.21107e-33,2.77771e-32,5.26865e-35,1.30699e-33,1.08729e-33
0.00000e+00,0.00000e+00,0.00000e+00,0.00000e+00,0.00000e+00,3.58520e-39,8.64016e-38,1.48790e-40,4.00739e-39,3.07539e-39,6.22821e-36,1.44159e-34,2.68704e-37,6.95219e-36,5.35153e-36,1.08729e-33,2.49721e-32,4.72440e-35,1.21107e-33,9.36509e-34
0.00000e+00,0.00000e+00,0.00000e+00,0.00000e+00,0.00000e+00,3.07539e-39,7.41922e-38,1.27514e-40,3.58520e-39,2.48584e-39,5.35153e-36,1.24011e-34,2.30643e-37,6.22821e-36,4.33508e-36,9.36509e-34,2.15392e-32,4.06417e-35,1.08729e-33,7.60855e-34
0.00000e+00,0.00000e+00,0.00000e+00,0.00000e+00,0.00000e+00,2.48584e-39,6.00276e-38,1.02982e-40,3.07539e-39,1.82843e-39,4.33508e-36,1.00566e-34,1.86655e-37,5.35153e-36,3.19906e-36,7.60855e-34,1.75223e-32,3.29801e-35,9.36509e-34,5.64094e-34
0.00000e+00,0.00000e+00,0.00000e+00,0.00000e+00,0.00000e+00,1.82843e-39,4.41881e-38,7.56926e-41,2.48584e-39,1.11898e-39,3.19906e-36,7.42824e-35,1.37625e-37,4.33508e-36,1.97097e-36,5.64094e-34,1.30057e-32,2.44265e-35,7.60855e-34,3.51946e-34
0.00000e+00,0.00000e+00,0.00000e+00,0.00000e+00,0.00000e+00,1.11898e-39,2.70583e-38,4.62993e-41,1.82843e-39,3.76733e-40,1.97097e-36,4.58014e-35,8.47333e-38,3.19906e-36,6.87006e-37,3.51946e-34,8.12180e-33,1.52276e-35,5.64094e-34,1.33818e-34
0.00000e+00,0.00000e+00,0.00000e+00,0.00000e+00,0.00000e+00,4.62624e-41,1.11818e-39,1.91488e-42,1.55697e-41,7.56404e-41,8.47213e-38,1.97071e-36,3.63880e-39,2.94986e-38,1.37607e-37,1.52262e-35,3.51916e-34,6.57855e-37,5.78399e-36,2.44244e-35
0.00000e+00,0.00000e+00,0.00000e+00,0.00000e+00,0.00000e+00,7.56404e-41,1.82729e-39,3.13236e-42,4.62624e-41,1.02921e-40,1.37607e-37,3.19867e-36,5.91398e-39,8.47213e-38,1.86633e-37,2.44244e-35,5.64050e-34,1.05604e-36,1.52262e-35,3.29775e-35
0.00000e+00,0.00000e+00,0.00000e+00,0.00000e+00,0.00000e+00,1.02921e-40,2.48453e-39,4.26486e-42,7.56404e-41,1.27452e-40,1.86633e-37,4.33462e-36,8.02702e-39,1.37607e-37,2.30620e-37,3.29775e-35,7.60802e-34,1.42714e-36,2.44244e-35,4.06389e-35
0.00000e+00,0.00000e+00,0.00000e+00,0.00000e+00,0.00000e+00,1.27452e-40,3.07404e-39,5.28546e-42,1.02921e-40,1.48731e-40,2.30620e-37,5.35103e-36,9.92749e-39,1.86633e-37,2.68681e-37,4.06389e-35,9.36452e-34,1.76055e-36,3.29775e-35,4.72413e-35
0.00000e+00,0.00000e+00,0.00000e+00,0.00000e+00,0.00000e+00,1.48731e-40,3.58393e-39,6.17305e-42,1.27452e-40,1.66411e-40,2.68681e-37,6.22772e-36,1.15766e-38,2.30620e-37,3.00221e-37,4.72413e-35,1.08723e-33,2.04886e-36,4.06389e-35,5.26841e-35
0.00000e+00,0.00000e+00,0.00000e+00,0.00000e+00,0.00000e+00,1.66411e-40,4.00628e-39,6.91249e-42,1.48731e-40,1.80277e-40,3.00221e-37,6.95175e-36,1.29472e-38,2.68681e-37,3.24895e-37,5.26841e-35,1.21102e-33,2.28740e-36,4.72413e-35,5.69192e-35
0.00000e+00,0.00000e+00,0.00000e+00,0.00000e+00,0.00000e+00,1.80277e-40,4.33655e-39,7.49395e-42,1.66411e-40,1.90220e-40,3.24895e-37,7.51632e-36,1.40225e-38,3.00221e-37,3.42547e-37,5.69192e-35,1.30695e-33,2.47367e-36,5.26841e-35,5.99345e-35
0.00000e+00,0.00000e+00,0.00000e+00,0.00000e+00,0.00000e+00,1.90220e-40,4.57277e-39,7.91183e-42,1.80277e-40,1.96195e-40,3.42547e-37,7.91906e-36,1.47937e-38,3.24895e-37,3.53134e-37,5.99345e-35,1.37501e-33,2.60670e-36,5.69192e-35,6.17364e-35
0.00000e+00,0.00000e+00,0.00000e+00,0.00000e+00,0.00000e+00,1.96195e-40,4.71445e-39,8.16339e-42,1.90220e-40,1.98192e-40,3.53134e-37,8.16012e-36,1.52571e-38,3.42547e-37,3.56663e-37,6.17364e-35,1.41558e-33,2.68639e-36,5.99345e-35,6.23358e-35
0.00000e+00,0.00000e+00,0.00000e+00,0.00000e+00,0.00000e+00,1.98192e-40,4.76174e-39,8.24756e-42,1.96195e-40,1.96209e-40,3.56663e-37,8.24037e-36,1.54117e-38,3.53134e-37,3.53140e-37,6.23358e-35,1.42905e-33,2.71292e-36,6.17364e-35,6.17371e-35
0.00000e+00,0.00000e+00,0.00000e+00,0.00000e+00,0.00000e+00,1.96209e-40,4.71476e-39,8.16408e-42,1.98192e-40,1.90248e-40,3.53140e-37,8.16025e-36,1.52574e-38,3.56663e-37,3.42558e-37,6.17371e-35,1.41559e-33,2.68642e-36,6.23358e-35,5.99358e-35
0.00000e+00,0.00000e+00,0.00000e+00,0.00000e+00,0.00000e+00,1.90248e-40,4.57338e-39,7.91317e-42,1.96209e-40,1.80318e-40,3.42558e-37,7.91931e-36,1.47943e-38,3.53140e-37,3.24912e-37,5.99358e-35,1.37504e-33,2.60677e-36,6.17371e-35,5.69211e-35
0.00000e+00,0.00000e+00,0.00000e+00,0.00000e+00,0.00000e+00,1.80318e-40,4.33743e-39,7.49587e-42,1.90248e-40,1.66462e-40,3.24912e-37,7.51667e-36,1.40233e-38,3.42558e-37,3.00242e-37,5.69211e-35,1.30699e-33,2.47377e-36,5.99358e-35,5.26865e-35
0.00000e+00,0.00000e+00,0.00000e+00,0.00000e+00,0.00000e+00,1.66462e-40,4.00739e-39,6.91489e-42,1.80318e-40,1.48790e-40,3.00242e-37,6.95219e-36,1.29482e-38,3.24912e-37,2.68704e-37,5.26865e-35,1.21107e-33,2.28751e-36,5.69211e-35,4.72440e-35
0.00000e+00,0.00000e+00,0.00000e+00,0.00000e+00,0.00000e+00,1.48790e-40,3.58520e-39,6.17579e-42,1.66462e-40,1.27514e-40,2.68704e-37,6.22821e-36,1.15777e-38,3.00242e-37,2.30643e-37,4.72440e-35,1.08729e-33,2.04898e-36,5.26865e-35,4.06417e-35
0.00000e+00,0.00000e+00,0.00000e+00,0.00000e+00,0.00000e+00,1.27514e-40,3.07539e-39,5.28834e-42,1.48790e-40,1.02982e-40,2.30643e-37,5.35153e-36,9.92857e-39,2.68704e-37,1.86655e-37,4.06417e-35,9.36509e-34,1.76068e-36,4.72440e-35,3.29801e-35
0.00000e+00,0.00000e+00,0.00000e+00,0.00000e+00,0.00000e+00,1.02982e-40,2.48584e-39,4.26766e-42,1.27514e-40,7.56926e-41,1.86655e-37,4.33508e-36,8.02802e-39,2.30643e-37,1.37625e-37,3.29801e-35,7.60855e-34,1.42726e-36,4.06417e-35,2.44265e-35
0.00000e+00,0.00000e+00,0.00000e+00,0.00000e+00,0.00000e+00,7.56926e-41,1.82843e-39,3.13477e-42,1.02982e-40,4.62993e-41,1.37625e-37,3.19906e-36,5.91480e-39,1.86655e-37,8.47333e-38,2.44265e-35,5.64094e-34,1.05614e-36,3.29801e-35,1.52276e-35
0.00000e+00,0.00000e+00,0.00000e+00,0.00000e+00,0.00000e+00,4.62993e-41,1.11898e-39,1.91659e-42,7.56926e-41,1.55836e-41,8.47333e-38,1.97097e-36,3.63935e-39,1.37625e-37,2.95031e-38,1.52276e-35,3.51946e-34,6.57921e-37,2.44265e-35,5.78456e-36
0.00000e+00,0.00000e+00,0.00000e+00,0.00000e+00,0.00000e+00,1.91488e-42,4.62624e-41,7.92913e-44,6.44296e-43,3.13236e-42,3.63880e-39,8.47213e-38,1.56150e-40,1.26570e-39,5.91398e-39,6.57855e-37,1.52262e-35,2.83857e-38,2.49689e-37,1.05604e-36
0.00000e+00,0.00000e+00,0.00000e+00,0.00000e+00,0.00000e+00,3.13236e-42,7.56404e-41,1.29759e-43,1.91488e-42,4.26486e-42,5.91398e-39,1.37607e-37,2.53927e-40,3.63880e-39,8.02702e-39,1.05604e-36,2.44244e-35,4.55968e-38,6.57855e-37,1.42714e-36
0.00000e+00,0.00000e+00,0.00000e+00,0.00000e+00,0.00000e+00,4.26486e-42,1.02921e-40,1.76777e-43,3.13236e-42,5.28546e-42,8.02702e-39,1.86633e-37,3.44887e-40,5.91398e-39,9.92749e-39,1.42714e-36,3.29775e-35,6.16702e-38,1.05604e-36,1.76055e-36
0.00000e+00,0.00000e+00,0.00000e+00,0.00000e+00,0.00000e+00,5.28546e-42,1.27452e-40,2.19232e-43,4.26486e-42,6.17305e-42,9.92749e-39,2.30620e-37,4.26873e-40,8.02702e-39,1.15766e-38,1.76055e-36,4.06389e-35,7.61486e-38,1.42714e-36,2.04886e-36
0.00000e+00,0.00000e+00,0.00000e+00,0.00000e+00,0.00000e+00,6.17305e-42,1.48731e-40,2.56239e-43,5.28546e-42,6.91249e-42,1.15766e-38,2.68681e-37,4.98193e-40,9.92749e-39,1.29472e-38,2.04886e-36,4.72413e-35,8.87071e-38,1.76055e-36,2.28740e-36
0.00000e+00,0.00000e+00,0.00000e+00,0.00000e+00,0.00000e+00,6.91249e-42,1.66411e-40,2.87142e-43,6.17305e-42,7.49395e-42,1.29472e-38,3.00221e-37,5.57625e-40,1.15766e-38,1.40225e-38,2.28740e-36,5.26841e-35,9.91314e-38,2.04886e-36,2.47367e-36
0.00000e+00,0.00000e+00,0.00000e+00,0.00000e+00,0.00000e+00,7.49395e-42,1.80277e-40,3.11499e-43,6.91249e-42,7.91183e-42,1.40225e-38,3.24895e-37,6.04370e-40,1.29472e-38,1.47937e-38,2.47367e-36,5.69192e-35,1.07297e-37,2.28740e-36,2.60670e-36
0.00000e+00,0.00000e+00,0.00000e+00,0.00000e+00,0.00000e+00,7.91183e-42,1.90220e-40,3.29039e-43,7.49395e-42,8.16339e-42,1.47937e-38,3.42547e-37,6.37969e-40,1.40225e-38,1.52571e-38,2.60670e-36,5.99345e-35,1.13144e-37,2.47367e-36,2.68639e-36
0.00000e+00,0.00000e+00,0.00000e+00,0.00000e+00,0.00000e+00,8.16339e-42,1.96195e-40,3.39614e-43,7.91183e-42,8.24756e-42,1.52571e-38,3.53134e-37,6.58190e-40,1.47937e-38,1.54117e-38,2.68639e-36,6.17364e-35,1.16654e-37,2.60670e-36,2.71292e-36
0.00000e+00,0.00000e+00,0.00000e+00,0.00000e+00,0.00000e+00,8.24756e-42,1.98192e-40,3.43157e-43,8.16339e-42,8.16408e-42,1.54117e-38,3.56663e-37,6.64943e-40,1.52571e-38,1.52574e-38,2.71292e-36,6.23358e-35,1.17824e-37,2.68639e-36,2.68642e-36
0.00000e+00,0.00000e+00,0.00000e+00,0.00000e+00,0.00000e+00,8.16408e-42,1.96209e-40,3.39647e-43,8.24756e-42,7.91317e-42,1.52574e-38,3.53140e-37,6.58203e-40,1.54117e-38,1.47943e-38,2.68642e-36,6.17371e-35,1.16655e-37,2.71292e-36,2.60677e-36
0.00000e+00,0.00000e+00,0.00000e+00,0.00000e+00,0.00000e+00,7.91317e-42,1.90248e-40,3.29103e-43,8.16408e-42,7.49587e-42,1.47943e-38,3.42558e-37,6.37994e-40,1.52574e-38,1.40233e-38,2.60677e-36,5.99358e-35,1.13147e-37,2.68642e-36,2.47377e-36
0.00000e+00,0.00000e+00,0.00000e+00,0.00000e+00,0.00000e+00,7.49587e-42,1.80318e-40,3.11591e-43,7.91317e-42,6.91489e-42,1.40233e-38,3.24912e-37,6.04406e-40,1.47943e-38,1.29482e-38,2.47377e-36,5.69211e-35,1.07301e-37,2.60677e-36,2.28751e-36
0.00000e+00,0.00000e+00,0.00000e+00,0.00000e+00,0.00000e+00,6.91489e-42,1.66462e-40,2.87256e-43,7.49587e-42,6.17579e-42,1.29482e-38,3.00242e-37,5.57669e-40,1.40233e-38,1.15777e-38,2.28751e-36,5.26865e-35,9.91368e-38,2.47377e-36,2.04898e-36
0.00000e+00,0.00000e+00,0.00000e+00,0.00000e+00,0.00000e+00,6.17579e-42,1.48790e-40,2.56368e-43,6.91489e-42,5.28834e-42,1.15777e-38,2.68704e-37,4.98242e-40,1.29482e-38,9.92857e-39,2.04898e-36,4.72440e-35,8.87131e-38,2.28751e-36,1.76068e-36
0.00000e+00,0.00000e+00,0.00000e+00,0.00000e+00,0.00000e+00,5.28834e-42,1.27514e-40,2.19368e-43,6.17579e-42,4.26766e-42,9.92857e-39,2.30643e-37,4.26923e-40,1.15777e-38,8.02802e-39,1.76068e-36,4.06417e-35,7.61547e-38,2.04898e-36,1.42726e-36
0.00000e+00,0.00000e+00,0.00000e+00,0.00000e+00,0.00000e+00,4.26766e-42,1.02982e-40,1.76909e-43,5.28834e-42,3.13477e-42,8.02802e-39,1.86655e-37,3.44933e-40,9.92857e-39,5.91480e-39,1.42726e-36,3.29801e-35,6.16758e-38,1.76068e-36,1.05614e-36
0.00000e+00,0.00000e+00,0.00000e+00,0.00000e+00,0.00000e+00,3.13477e-42,7.56926e-41,1.29873e-43,4.26766e-42,1.91659e-42,5.91480e-39,1.37625e-37,2.53965e-40,8.02802e-39,3.63935e-39,1.05614e-36,2.44265e-35,4.56015e-38,1.42726e-36,6.57921e-37
0.00000e+00,0.00000e+00,0.00000e+00,0.00000e+00,0.00000e+00,1.91659e-42,4.62993e-41,7.93714e-44,3.13477e-42,6.44939e-43,3.63935e-39,8.47333e-38,1.56175e-40,5.91480e-39,1.26591e-39,6.57921e-37,1.52276e-35,2.83888e-38,1.05614e-36,2.49716e-37
0.00000e+00,0.00000e+00,0.00000e+00,0.00000e+00,0.00000e+00,7.92913e-44,1.91488e-42,3.28444e-45,2.66730e-44,1.29759e-43,1.56150e-40,3.63880e-39,6.69514e-42,5.42628e-41,2.53927e-40,2.83857e-38,6.57855e-37,1.22332e-39,1.07655e-38,4.55968e-38
0.00000e+00,0.00000e+00,0.00000e+00,0.00000e+00,0.00000e+00,1.29759e-43,3.13236e-42,5.37699e-45,7.92913e-44,1.76777e-43,2.53927e-40,5.91398e-39,1.08931e-41,1.56150e-40,3.44887e-40,4.55968e-38,1.05604e-36,1.96622e-39,2.83857e-38,6.16702e-38
0.00000e+00,0.00000e+00,0.00000e+00,0.00000e+00,0.00000e+00,1.76777e-43,4.26486e-42,7.32913e-45,1.29759e-43,2.19232e-43,3.44887e-40,8.02702e-39,1.48041e-41,2.53927e-40,4.26873e-40,6.16702e-38,1.42714e-36,2.66127e-39,4.55968e-38,7.61486e-38
0.00000e+00,0.00000e+00,0.00000e+00,0.00000e+00,0.00000e+00,2.19232e-43,5.28546e-42,9.09495e-45,1.76777e-43,2.56239e-43,4.26873e-40,9.92749e-39,1.83360e-41,3.44887e-40,4.98193e-40,7.61486e-38,1.76055e-36,3.28881e-39,6.16702e-38,8.87071e-38
0.00000e+00,0.00000e+00,0.00000e+00,0.00000e+00,0.00000e+00,2.56239e-43,6.17305e-42,1.06373e-44,2.19232e-43,2.87142e-43,4.98193e-40,1.15766e-38,2.14152e-41,4.26873e-40,5.57625e-40,8.87071e-38,2.04886e-36,3.83461e-39,7.61486e-38,9.91314e-38
0.00000e+00,0.00000e+00,0.00000e+00,0.00000e+00,0.00000e+00,2.87142e-43,6.91249e-42,1.19280e-44,2.56239e-43,3.11499e-43,5.57625e-40,1.29472e-38,2.39871e-41,4.98193e-40,6.04370e-40,9.91314e-38,2.28740e-36,4.28896e-39,8.87071e-38,1.07297e-37
0.00000e+00,0.00000e+00,0.00000e+00,0.00000e+00,0.00000e+00,3.11499e-43,7.49395e-42,1.29473e-44,2.87142e-43,3.29039e-43,6.04370e-40,1.40225e-38,2.60146e-41,5.57625e-40,6.37969e-40,1.07297e-37,2.47367e-36,4.64583e-39,9.91314e-38,1.13144e-37
0.00000e+00,0.00000e+00,0.00000e+00,0.00000e+00,0.00000e+00,3.29039e-43,7.91183e-42,1.36827e-44,3.11499e-43,3.39614e-43,6.37969e-40,1.47937e-38,2.74746e-41,6.04370e-40,6.58190e-40,1.13144e-37,2.60670e-36,4.90200e-39,1.07297e-37,1.16654e-37
0.00000e+00,0.00000e+00,0.00000e+00,0.00000e+00,0.00000e+00,3.39614e-43,8.16339e-42,1.41267e-44,3.29039e-43,3.43157e-43,6.58190e-40,1.52571e-38,2.83545e-41,6.37969e-40,6.64943e-40,1.16654e-37,2.68639e-36,5.05602e-39,1.13144e-37,1.17824e-37
0.00000e+00,0.00000e+00,0.00000e+00,0.00000e+00,0.00000e+00,3.43157e-43,8.24756e-42,1.42756e-44,3.39614e-43,3.39647e-43,6.64943e-40,1.54117e-38,2.86486e-41,6.58190e-40,6.58203e-40,1.17824e-37,2.71292e-36,5.10741e-39,1.16654e-37,1.16655e-37
0.00000e+00,0.00000e+00,0.00000e+00,0.00000e+00,0.00000e+00,3.39647e-43,8.16408e-42,1.41282e-44,3.43157e-43,3.29103e-43,6.58203e-40,1.52574e-38,2.83551e-41,6.64943e-40,6.37994e-40,1.16655e-37,2.68642e-36,5.05609e-39,1.17824e-37,1.13147e-37
0.00000e+00,0.00000e+00,0.00000e+00,0.00000e+00,0.00000e+00,3.29103e-43,7.91317e-42,1.36858e-44,3.39647e-43,3.11591e-43,6.37994e-40,1.47943e-38,2.74757e-41,6.58203e-40,6.04406e-40,1.13147e-37,2.60677e-36,4.90215e-39,1.16655e-37,1.07301e-37
0.00000e+00,0.00000e+00,0.00000e+00,0.00000e+00,0.00000e+00,3.11591e-43,7.49587e-42,1.29517e-44,3.29103e-43,2.87256e-43,6.04406e-40,1.40233e-38,2.60162e-41,6.37994e-40,5.57669e-40,1.07301e-37,2.47377e-36,4.64604e-39,1.13147e-37,9.91368e-38
0.00000e+00,0.00000e+00,0.00000e+00,0.00000e+00,0.00000e+00,2.87256e-43,6.91489e-42,1.19334e-44,3.11591e-43,2.56368e-43,5.57669e-40,1.29482e-38,2.39891e-41,6.04406e-40,4.98242e-40,9.91368e-38,2.28751e-36,4.28921e-39,1.07301e-37,8.87131e-38
0.00000e+00,0.00000e+00,0.00000e+00,0.00000e+00,0.00000e+00,2.56368e-43,6.17579e-42,1.06435e-44,2.87256e-43,2.19368e-43,4.98242e-40,1.15777e-38,2.14175e-41,5.57669e-40,4.26923e-40,8.87131e-38,2.04898e-36,3.83490e-39,9.91368e-38,7.61547e-38
0.00000e+00,0.00000e+00,0.00000e+00,0.00000e+00,0.00000e+00,2.19368e-43,5.28834e-42,9.10144e-45,2.56368e-43,1.76909e-43,4.26923e-40,9.92857e-39,1.83383e-41,4.98242e-40,3.44933e-40,7.61547e-38,1.76068e-36,3.28910e-39,8.87131e-38,6.16758e-38
0.00000e+00,0.00000e+00,0.00000e+00,0.00000e+00,0.00000e+00,1.76909e-43,4.26766e-42,7.33537e-45,2.19368e-43,1.29873e-43,3.44933e-40,8.02802e-39,1.48062e-41,4.26923e-40,2.53965e-40,6.16758e-38,1.42726e-36,2.66153e-39,7.61547e-38,4.56015e-38
0.00000e+00,0.00000e+00,0.00000e+00,0.00000e+00,0.00000e+00,1.29873e-43,3.13477e-42,5.38236e-45,1.76909e-43,7.93714e-44,2.53965e-40,5.91480e-39,1.08948e-41,3.44933e-40,1.56175e-40,4.56015e-38,1.05614e-36,1.96644e-39,6.16758e-38,2.83888e-38
0.00000e+00,0.00000e+00,0.00000e+00,0.00000e+00,0.00000e+00,7.93714e-44,1.91659e-42,3.28822e-45,1.29873e-43,2.67031e-44,1.56175e-40,3.63935e-39,6.69631e-42,2.53965e-40,5.42724e-41,2.83888e-38,6.57921e-37,1.22347e-39,4.56015e-38,1.07667e-38
0.00000e+00,0.00000e+00,0.00000e+00,0.00000e+00,0.00000e+00,3.28444e-45,7.92913e-44,1.36091e-46,1.10464e-45,5.37699e-45,6.69514e-42,1.56150e-40,2.86834e-43,2.32453e-42,1.08931e-41,1.22332e-39,2.83857e-38,5.26609e-41,4.63621e-40,1.96622e-39
0.00000e+00,0.00000e+00,0.00000e+00,0.00000e+00,0.00000e+00,5.37699e-45,1.29759e-43,2.22872e-46,3.28444e-45,7.32913e-45,1.08931e-41,2.53927e-40,4.66901e-43,6.69514e-42,1.48041e-41,1.96622e-39,4.55968e-38,8.46859e-41,1.22332e-39,2.66127e-39
0.00000e+00,0.00000e+00,0.00000e+00,0.00000e+00,0.00000e+00,7.32913e-45,1.76777e-43,3.03929e-46,5.37699e-45,9.09495e-45,1.48041e-41,3.44887e-40,6.34879e-43,1.08931e-41,1.83360e-41,2.66127e-39,6.16702e-38,1.14696e-40,1.96622e-39,3.28881e-39
0.00000e+00,0.00000e+00,0.00000e+00,0.00000e+00,0.00000e+00,9.09495e-45,2.19232e-43,3.77365e-46,7.32913e-45,1.06373e-44,1.83360e-41,4.26873e-40,7.86834e-43,1.48041e-41,2.14152e-41,3.28881e-39,7.61486e-38,1.41849e-40,2.66127e-39,3.83461e-39
0.00000e+00,0.00000e+00,0.00000e+00,0.00000e+00,0.00000e+00,1.06373e-44,2.56239e-43,4.41621e-46,9.09495e-45,1.19280e-44,2.14152e-41,4.98193e-40,9.19571e-43,1.83360e-41,2.39871e-41,3.83461e-39,8.87071e-38,1.65521e-40,3.28881e-39,4.28896e-39
0.00000e+00,0.00000e+00,0.00000e+00,0.00000e+00,0.00000e+00,1.19280e-44,2.87142e-43,4.95496e-46,1.06373e-44,1.29473e-44,2.39871e-41,5.57625e-40,1.03067e-42,2.14152e-41,2.60146e-41,4.28896e-39,9.91314e-38,1.85276e-40,3.83461e-39,4.64583e-39
0.00000e+00,0.00000e+00,0.00000e+00,0.00000e+00,0.00000e+00,1.29473e-44,3.11499e-43,5.38123e-46,1.19280e-44,1.36827e-44,2.60146e-41,6.04370e-40,1.11842e-42,2.39871e-41,2.74746e-41,4.64583e-39,1.07297e-37,2.00831e-40,4.28896e-39,4.90200e-39
0.00000e+00,0.00000e+00,0.00000e+00,0.00000e+00,0.00000e+00,1.36827e-44,3.29039e-43,5.68921e-46,1.29473e-44,1.41267e-44,2.74746e-41,6.37969e-40,1.18172e-42,2.60146e-41,2.83545e-41,4.90200e-39,1.13144e-37,2.12020e-40,4.64583e-39,5.05602e-39
0.00000e+00,0.00000e+00,0.00000e+00,0.00000e+00,0.00000e+00,1.41267e-44,3.39614e-43,5.87539e-46,1.36827e-44,1.42756e-44,2.83545e-41,6.58190e-40,1.21992e-42,2.74746e-41,2.86486e-41,5.05602e-39,1.16654e-37,2.18757e-40,4.90200e-39,5.10741e-39
0.00000e+00,0.00000e+00,0.00000e+00,0.00000e+00,0.00000e+00,1.42756e-44,3.43157e-43,5.93789e-46,1.41267e-44,1.41282e-44,2.86486e-41,6.64943e-40,1.23269e-42,2.83545e-41,2.83551e-41,5.10741e-39,1.17824e-37,2.21008e-40,5.05602e-39,5.05609e-39
0.00000e+00,0.00000e+00,0.00000e+00,0.00000e+00,0.00000e+00,1.41282e-44,3.39647e-43,5.87615e-46,1.42756e-44,1.36858e-44,2.83551e-41,6.58203e-40,1.21994e-42,2.86486e-41,2.74757e-41,5.05609e-39,1.16655e-37,2.18761e-40,5.10741e-39,4.90215e-39
0.00000e+00,0.00000e+00,0.00000e+00,0.00000e+00,0.00000e+00,1.36858e-44,3.29103e-43,5.69070e-46,1.41282e-44,1.29517e-44,2.74757e-41,6.37994e-40,1.18177e-42,2.83551e-41,2.60162e-41,4.90215e-39,1.13147e-37,2.12027e-40,5.05609e-39,4.64604e-39
0.00000e+00,0.00000e+00,0.00000e+00,0.00000e+00,0.00000e+00,1.29517e-44,3.11591e-43,5.38334e-46,1.36858e-44,1.19334e-44,2.60162e-41,6.04406e-40,1.11850e-42,2.74757e-41,2.39891e-41,4.64604e-39,1.07301e-37,2.00841e-40,4.90215e-39,4.28921e-39
0.00000e+00,0.00000e+00,0.00000e+00,0.00000e+00,0.00000e+00,1.19334e-44,2.87256e-43,4.95759e-46,1.29517e-44,1.06435e-44,2.39891e-41,5.57669e-40,1.03076e-42,2.60162e-41,2.14175e-41,4.28921e-39,9.91368e-38,1.85288e-40,4.64604e-39,3.83490e-39
0.00000e+00,0.00000e+00,0.00000e+00,0.00000e+00,0.00000e+00,1.06435e-44,2.56368e-43,4.41918e-46,1.19334e-44,9.10144e-45,2.14175e-41,4.98242e-40,9.19676e-43,2.39891e-41,1.83383e-41,3.83490e-39,8.87131e-38,1.65534e-40,4.28921e-39,3.28910e-39
0.00000e+00,0.00000e+00,0.00000e+00,0.00000e+00,0.00000e+00,9.10144e-45,2.19368e-43,3.77674e-46,1.06435e-44,7.33537e-45,1.83383e-41,4.26923e-40,7.86941e-43,2.14175e-41,1.48062e-41,3.28910e-39,7.61547e-38,1.41862e-40,3.83490e-39,2.66153e-39
0.00000e+00,0.00000e+00,0.00000e+00,0.00000e+00,0.00000e+00,7.33537e-45,1.76909e-43,3.04226e-46,9.10144e-45,5.38236e-45,1.48062e-41,3.44933e-40,6.34978e-43,1.83383e-41,1.08948e-41,2.66153e-39,6.16758e-38,1.14709e-40,3.28910e-39,1.96644e-39
0.00000e+00,0.00000e+00,0.00000e+00,0.00000e+00,0.00000e+00,5.38236e-45,1.29873e-43,2.23127e-46,7.33537e-45,3.28822e-45,1.08948e-41,2.53965e-40,4.66982e-43,1.48062e-41,6.69631e-42,1.96644e-39,4.56015e-38,8.46960e-41,2.66153e-39,1.22347e-39
0.00000e+00,0.00000e+00,0.00000e+00,0.00000e+00,0.00000e+00,3.28822e-45,7.93714e-44,1.36270e-46,5.38236e-45,1.10606e-45,6.69631e-42,1.56175e-40,2.86888e-43,1.08948e-41,2.32497e-42,1.22347e-39,2.83888e-38,5.26676e-41,1.96644e-39,4.63680e-40
0.00000e+00,0.00000e+00,0.00000e+00,0.00000e+00,0.00000e+00,1.36091e-46,3.28444e-45,5.64049e-48,4.57625e-47,2.22872e-46,2.86834e-43,6.69514e-42,1.22792e-44,9.95044e-44,4.66901e-43,5.26609e-41,1.22332e-39,2.26450e-42,1.99445e-41,8.46859e-41
0.00000e+00,0.00000e+00,0.00000e+00,0.00000e+00,0.00000e+00,2.22872e-46,5.37699e-45,9.24006e-48,1.36091e-46,3.03929e-46,4.66901e-43,1.08931e-41,1.99962e-44,2.86834e-43,6.34879e-43,8.46859e-41,1.96622e-39,3.64338e-42,5.26609e-41,1.14696e-40
0.00000e+00,0.00000e+00,0.00000e+00,0.00000e+00,0.00000e+00,3.03929e-46,7.32913e-45,1.26059e-47,2.22872e-46,3.77365e-46,6.34879e-43,1.48041e-41,2.72036e-44,4.66901e-43,7.86834e-43,1.14696e-40,2.66127e-39,4.93737e-42,8.46859e-41,1.41849e-40
0.00000e+00,0.00000e+00,0.00000e+00,0.00000e+00,0.00000e+00,3.77365e-46,9.09495e-45,1.56595e-47,3.03929e-46,4.41621e-46,7.86834e-43,1.83360e-41,3.37333e-44,6.34879e-43,9.19571e-43,1.41849e-40,3.28881e-39,6.11030e-42,1.14696e-40,1.65521e-40
0.00000e+00,0.00000e+00,0.00000e+00,0.00000e+00,0.00000e+00,4.41621e-46,1.06373e-44,1.83357e-47,3.77365e-46,4.95496e-46,9.19571e-43,2.14152e-41,3.94471e-44,7.86834e-43,1.03067e-42,1.65521e-40,3.83461e-39,7.13506e-42,1.41849e-40,1.85276e-40
0.00000e+00,0.00000e+00,0.00000e+00,0.00000e+00,0.00000e+00,4.95496e-46,1.19280e-44,2.05833e-47,4.41621e-46,5.38123e-46,1.03067e-42,2.39871e-41,4.42381e-44,9.19571e-43,1.11842e-42,1.85276e-40,4.28896e-39,7.99218e-42,1.65521e-40,2.00831e-40
0.00000e+00,0.00000e+00,0.00000e+00,0.00000e+00,0.00000e+00,5.38123e-46,1.29473e-44,2.23646e-47,4.95496e-46,5.68921e-46,1.11842e-42,2.60146e-41,4.80289e-44,1.03067e-42,1.18172e-42,2.00831e-40,4.64583e-39,8.66850e-42,1.85276e-40,2.12020e-40
0.00000e+00,0.00000e+00,0.00000e+00,0.00000e+00,0.00000e+00,5.68921e-46,1.36827e-44,2.36533e-47,5.38123e-46,5.87539e-46,1.18172e-42,2.74746e-41,5.07674e-44,1.11842e-42,1.21992e-42,2.12020e-40,4.90200e-39,9.15588e-42,2.00831e-40,2.18757e-40
0.00000e+00,0.00000e+00,0.00000e+00,0.00000e+00,0.00000e+00,5.87539e-46,1.41267e-44,2.44332e-47,5.68921e-46,5.93789e-46,1.21992e-42,2.83545e-41,5.24219e-44,1.18172e-42,1.23269e-42,2.18757e-40,5.05602e-39,9.44976e-42,2.12020e-40,2.21008e-40
0.00000e+00,0.00000e+00,0.00000e+00,0.00000e+00,0.00000e+00,5.93789e-46,1.42756e-44,2.46954e-47,5.87539e-46,5.87615e-46,1.23269e-42,2.86486e-41,5.29755e-44,1.21992e-42,1.21994e-42,2.21008e-40,5.10741e-39,9.54799e-42,2.18757e-40,2.18761e-40
0.00000e+00,0.00000e+00,0.00000e+00,0.00000e+00,0.00000e+00,5.87615e-46,1.41282e-44,2.44369e-47,5.93789e-46,5.69070e-46,1.21994e-42,2.83551e-41,5.24232e-44,1.23269e-42,1.18177e-42,2.18761e-40,5.05609e-39,9.44993e-42,2.21008e-40,2.12027e-40
0.00000e+00,0.00000e+00,0.00000e+00,0.00000e+00,0.00000e+00,5.69070e-46,1.36858e-44,2.36605e-47,5.87615e-46,5.38334e-46,1.18177e-42,2.74757e-41,5.07700e-44,1.21994e-42,1.11850e-42,2.12027e-40,4.90215e-39,9.15620e-42,2.18761e-40,2.00841e-40
0.00000e+00,0.00000e+00,0.00000e+00,0.00000e+00,0.00000e+00,5.38334e-46,1.29517e-44,2.23747e-47,5.69070e-46,4.95759e-46,1.11850e-42,2.60162e-41,4.80325e-44,1.18177e-42,1.03076e-42,2.00841e-40,4.64604e-39,8.66895e-42,2.12027e-40,1.85288e-40
0.00000e+00,0.00000e+00,0.00000e+00,0.00000e+00,0.00000e+00,4.95759e-46,1.19334e-44,2.05959e-47,5.38334e-46,4.41918e-46,1.03076e-42,2.39891e-41,4.42425e-44,1.11850e-42,9.19676e-43,1.85288e-40,4.28921e-39,7.99273e-42,2.00841e-40,1.65534e-40
0.00000e+00,0.00000e+00,0.00000e+00,0.00000e+00,0.00000e+00,4.41918e-46,1.06435e-44,1.83499e-47,4.95759e-46,3.77674e-46,9.19676e-43,2.14175e-41,3.94520e-44,1.03076e-42,7.86941e-43,1.65534e-40,3.83490e-39,7.13568e-42,1.85288e-40,1.41862e-40
0.00000e+00,0.00000e+00,0.00000e+00,0.00000e+00,0.00000e+00,3.77674e-46,9.10144e-45,1.56743e-47,4.41918e-46,3.04226e-46,7.86941e-43,1.83383e-41,3.37383e-44,9.19676e-43,6.34978e-43,1.41862e-40,3.28910e-39,6.11092e-42,1.65534e-40,1.14709e-40
0.00000e+00,0.00000e+00,0.00000e+00,0.00000e+00,0.00000e+00,3.04226e-46,7.33537e-45,1.26200e-47,3.77674e-46,2.23127e-46,6.34978e-43,1.48062e-41,2.72082e-44,7.86941e-43,4.66982e-43,1.14709e-40,2.66153e-39,4.93794e-42,1.41862e-40,8.46960e-41
0.00000e+00,0.00000e+00,0.00000e+00,0.00000e+00,0.00000e+00,2.23127e-46,5.38236e-45,9.25215e-48,3.04226e-46,1.36270e-46,4.66982e-43,1.08948e-41,2.00000e-44,6.34978e-43,2.86888e-43,8.46960e-41,1.96644e-39,3.64384e-42,1.14709e-40,5.26676e-41
0.00000e+00,0.00000e+00,0.00000e+00,0.00000e+00,0.00000e+00,1.36270e-46,3.28822e-45,5.64894e-48,2.23127e-46,4.58294e-47,2.86888e-43,6.69631e-42,1.22817e-44,4.66982e-43,9.95250e-44,5.26676e-41,1.22347e-39,2.26481e-42,8.46960e-41,1.99472e-41
0.00000e+00,0.00000e+00,0.00000e+00,0.00000e+00,0.00000e+00,5.64049e-48,1.36091e-46,2.33834e-49,1.89638e-48,9.24006e-48,1.22792e-44,2.86834e-43,5.25280e-46,4.25635e-45,1.99962e-44,2.26450e-42,5.26609e-41,9.72794e-44,8.57118e-43,3.64338e-42
0.00000e+00,0.00000e+00,0.00000e+00,0.00000e+00,0.00000e+00,9.24006e-48,2.22872e-46,3.83163e-49,5.64049e-48,1.26059e-47,1.99962e-44,4.66901e-43,8.55731e-46,1.22792e-44,2.72036e-44,3.64338e-42,8.46859e-41,1.56582e-43,2.26450e-42,4.93737e-42
0.00000e+00,0.00000e+00,0.00000e+00,0.00000e+00,0.00000e+00,1.26059e-47,3.03929e-46,5.22932e-49,9.24006e-48,1.56595e-47,2.72036e-44,6.34879e-43,1.16468e-45,1.99962e-44,3.37333e-44,4.93737e-42,1.14696e-40,2.12305e-43,3.64338e-42,6.11030e-42
0.00000e+00,0.00000e+00,0.00000e+00,0.00000e+00,0.00000e+00,1.56595e-47,3.77365e-46,6.49896e-49,1.26059e-47,1.83357e-47,3.37333e-44,7.86834e-43,1.44495e-45,2.72036e-44,3.94471e-44,6.11030e-42,1.41849e-40,2.62898e-43,4.93737e-42,7.13506e-42
0.00000e+00,0.00000e+00,0.00000e+00,0.00000e+00,0.00000e+00,1.83357e-47,4.41621e-46,7.61327e-49,1.56595e-47,2.05833e-47,3.94471e-44,9.19571e-43,1.69058e-45,3.37333e-44,4.42381e-44,7.13506e-42,1.65521e-40,3.07183e-43,6.11030e-42,7.99218e-42
0.00000e+00,0.00000e+00,0.00000e+00,0.00000e+00,0.00000e+00,2.05833e-47,4.95496e-46,8.55052e-49,1.83357e-47,2.23646e-47,4.42381e-44,1.03067e-42,1.89688e-45,3.94471e-44,4.80289e-44,7.99218e-42,1.85276e-40,3.44297e-43,7.13506e-42,8.66850e-42
0.00000e+00,0.00000e+00,0.00000e+00,0.00000e+00,0.00000e+00,2.23646e-47,5.38123e-46,9.29434e-49,2.05833e-47,2.36533e-47,4.80289e-44,1.11842e-42,2.06035e-45,4.42381e-44,5.07674e-44,8.66850e-42,2.00831e-40,3.73637e-43,7.99218e-42,9.15588e-42
0.00000e+00,0.00000e+00,0.00000e+00,0.00000e+00,0.00000e+00,2.36533e-47,5.68921e-46,9.83320e-49,2.23646e-47,2.44332e-47,5.07674e-44,1.18172e-42,2.17861e-45,4.80289e-44,5.24219e-44,9.15588e-42,2.12020e-40,3.94815e-43,8.66850e-42,9.44976e-42
0.00000e+00,0.00000e+00,0.00000e+00,0.00000e+00,0.00000e+00,2.44332e-47,5.87539e-46,1.01596e-48,2.36533e-47,2.46954e-47,5.24219e-44,1.21992e-42,2.25012e-45,5.07674e-44,5.29755e-44,9.44976e-42,2.18757e-40,4.07601e-43,9.15588e-42,9.54799e-42
0.00000e+00,0.00000e+00,0.00000e+00,0.00000e+00,0.00000e+00,2.46954e-47,5.93789e-46,1.02695e-48,2.44332e-47,2.44369e-47,5.29755e-44,1.23269e-42,2.27406e-45,5.24219e-44,5.24232e-44,9.54799e-42,2.21008e-40,4.11877e-43,9.44976e-42,9.44993e-42
0.00000e+00,0.00000e+00,0.00000e+00,0.00000e+00,0.00000e+00,2.44369e-47,5.87615e-46,1.01614e-48,2.46954e-47,2.36605e-47,5.24232e-44,1.21994e-42,2.25018e-45,5.29755e-44,5.07700e-44,9.44993e-42,2.18761e-40,4.07608e-43,9.54799e-42,9.15620e-42
0.00000e+00,0.00000e+00,0.00000e+00,0.00000e+00,0.00000e+00,2.36605e-47,5.69070e-46,9.83660e-49,2.44369e-47,2.23747e-47,5.07700e-44,1.18177e-42,2.17873e-45,5.24232e-44,4.80325e-44,9.15620e-42,2.12027e-40,3.94830e-43,9.44993e-42,8.66895e-42
0.00000e+00,0.00000e+00,0.00000e+00,0.00000e+00,0.00000e+00,2.23747e-47,5.38334e-46,9.29920e-49,2.36605e-47,2.05959e-47,4.80325e-44,1.11850e-42,2.06052e-45,5.07700e-44,4.42425e-44,8.66895e-42,2.00841e-40,3.73658e-43,9.15620e-42,7.99273e-42
0.00000e+00,0.00000e+00,0.00000e+00,0.00000e+00,0.00000e+00,2.05959e-47,4.95759e-46,8.55653e-49,2.23747e-47,1.83499e-47,4.42425e-44,1.03076e-42,1.89708e-45,4.80325e-44,3.94520e-44,7.99273e-42,1.85288e-40,3.44323e-43,8.66895e-42,7.13568e-42
0.00000e+00,0.00000e+00,0.00000e+00,0.00000e+00,0.00000e+00,1.83499e-47,4.41918e-46,7.62003e-49,2.05959e-47,1.56743e-47,3.94520e-44,9.19676e-43,1.69081e-45,4.42425e-44,3.37383e-44,7.13568e-42,1.65534e-40,3.07212e-43,7.99273e-42,6.11092e-42
0.00000e+00,0.00000e+00,0.00000e+00,0.00000e+00,0.00000e+00,1.56743e-47,3.77674e-46,6.50598e-49,1.83499e-47,1.26200e-47,3.37383e-44,7.86941e-43,1.44518e-45,3.94520e-44,2.72082e-44,6.11092e-42,1.41862e-40,2.62926e-43,7.13568e-42,4.93794e-42
0.00000e+00,0.00000e+00,0.00000e+00,0.00000e+00,0.00000e+00,1.26200e-47,3.04226e-46,5.23602e-49,1.56743e-47,9.25215e-48,2.72082e-44,6.34978e-43,1.16489e-45,3.37383e-44,2.00000e-44,4.93794e-42,1.14709e-40,2.12331e-43,6.11092e-42,3.64384e-42
0.00000e+00,0.00000e+00,0.00000e+00,0.00000e+00,0.00000e+00,9.25215e-48,2.23127e-46,3.83735e-49,1.26200e-47,5.64894e-48,2.00000e-44,4.66982e-43,8.55908e-46,2.72082e-44,1.22817e-44,3.64384e-42,8.46960e-41,1.56604e-43,4.93794e-42,2.26481e-42
0.00000e+00,0.00000e+00,0.00000e+00,0.00000e+00,0.00000e+00,5.64894e-48,1.36270e-46,2.34232e-49,9.25215e-48,1.89953e-48,1.22817e-44,2.86888e-43,5.25398e-46,2.00000e-44,4.25731e-45,2.26481e-42,5.26676e-41,9.72938e-44,3.64384e-42,8.57243e-43
0.00000e+00,0.00000e+00,0.00000e+00,0.00000e+00,0.00000e+00,2.33834e-49,5.64049e-48,9.69591e-51,7.86050e-50,3.83163e-49,5.25280e-46,1.22792e-44,2.24547e-47,1.81942e-46,8.55731e-46,9.72794e-44,2.26450e-42,4.17502e-45,3.67994e-44,1.56582e-43
0.00000e+00,0.00000e+00,0.00000e+00,0.00000e+00,0.00000e+00,3.83163e-49,9.24006e-48,1.58918e-50,2.33834e-49,5.22932e-49,8.55731e-46,1.99962e-44,3.65938e-47,5.25280e-46,1.16468e-45,1.56582e-43,3.64338e-42,6.72280e-45,9.72794e-44,2.12305e-43
0.00000e+00,0.00000e+00,0.00000e+00,0.00000e+00,0.00000e+00,5.22932e-49,1.26059e-47,2.16960e-50,3.83163e-49,6.49896e-49,1.16468e-45,2.72036e-44,4.98249e-47,8.55731e-46,1.44495e-45,2.12305e-43,4.93737e-42,9.11952e-45,1.56582e-43,2.62898e-43
0.00000e+00,0.00000e+00,0.00000e+00,0.00000e+00,0.00000e+00,6.49896e-49,1.56595e-47,2.69744e-50,5.22932e-49,7.61327e-49,1.44495e-45,3.37333e-44,6.18424e-47,1.16468e-45,1.69058e-45,2.62898e-43,6.11030e-42,1.12988e-44,2.12305e-43,3.07183e-43
0.00000e+00,0.00000e+00,0.00000e+00,0.00000e+00,0.00000e+00,7.61327e-49,1.83357e-47,3.16129e-50,6.49896e-49,8.55052e-49,1.69058e-45,3.94471e-44,7.23890e-47,1.44495e-45,1.89688e-45,3.07183e-43,7.13506e-42,1.32095e-44,2.62898e-43,3.44297e-43
0.00000e+00,0.00000e+00,0.00000e+00,0.00000e+00,0.00000e+00,8.55052e-49,2.05833e-47,3.55196e-50,7.61327e-49,9.29434e-49,1.89688e-45,4.42381e-44,8.12592e-47,1.69058e-45,2.06035e-45,3.44297e-43,7.99218e-42,1.48137e-44,3.07183e-43,3.73637e-43
0.00000e+00,0.00000e+00,0.00000e+00,0.00000e+00,0.00000e+00,9.29434e-49,2.23646e-47,3.86239e-50,8.55052e-49,9.83320e-49,2.06035e-45,4.80289e-44,8.82978e-47,1.89688e-45,2.17861e-45,3.73637e-43,8.66850e-42,1.60839e-44,3.44297e-43,3.94815e-43
0.00000e+00,0.00000e+00,0.00000e+00,0.00000e+00,0.00000e+00,9.83320e-49,2.36533e-47,4.08754e-50,9.29434e-49,1.01596e-48,2.17861e-45,5.07674e-44,9.33953e-47,2.06035e-45,2.25012e-45,3.94815e-43,9.15588e-42,1.70021e-44,3.73637e-43,4.07601e-43
0.00000e+00,0.00000e+00,0.00000e+00,0.00000e+00,0.00000e+00,1.01596e-48,2.44332e-47,4.22405e-50,9.83320e-49,1.02695e-48,2.25012e-45,5.24219e-44,9.64806e-47,2.17861e-45,2.27406e-45,4.07601e-43,9.44976e-42,1.75571e-44,3.94815e-43,4.11877e-43
0.00000e+00,0.00000e+00,0.00000e+00,0.00000e+00,0.00000e+00,1.02695e-48,2.46954e-47,4.27004e-50,1.01596e-48,1.01614e-48,2.27406e-45,5.29755e-44,9.75142e-47,2.25012e-45,2.25018e-45,4.11877e-43,9.54799e-42,1.77428e-44,4.07601e-43,4.07608e-43
0.00000e+00,0.00000e+00,0.00000e+00,0.00000e+00,0.00000e+00,1.01614e-48,2.44369e-47,4.22489e-50,1.02695e-48,9.83660e-49,2.25018e-45,5.24232e-44,9.64835e-47,2.27406e-45,2.17873e-45,4.07608e-43,9.44993e-42,1.75574e-44,4.11877e-43,3.94830e-43
0.00000e+00,0.00000e+00,0.00000e+00,0.00000e+00,0.00000e+00,9.83660e-49,2.36605e-47,4.08916e-50,1.01614e-48,9.29920e-49,2.17873e-45,5.07700e-44,9.34010e-47,2.25018e-45,2.06052e-45,3.94830e-43,9.15620e-42,1.70028e-44,4.07608e-43,3.73658e-43
0.00000e+00,0.00000e+00,0.00000e+00,0.00000e+00,0.00000e+00,9.29920e-49,2.23747e-47,3.86470e-50,9.83660e-49,8.55653e-49,2.06052e-45,4.80325e-44,8.83058e-47,2.17873e-45,1.89708e-45,3.73658e-43,8.66895e-42,1.60849e-44,3.94830e-43,3.44323e-43
0.00000e+00,0.00000e+00,0.00000e+00,0.00000e+00,0.00000e+00,8.55653e-49,2.05959e-47,3.55480e-50,9.29920e-49,7.62003e-49,1.89708e-45,4.42425e-44,8.12690e-47,2.06052e-45,1.69081e-45,3.44323e-43,7.99273e-42,1.48149e-44,3.73658e-43,3.07212e-43
0.00000e+00,0.00000e+00,0.00000e+00,0.00000e+00,0.00000e+00,7.62003e-49,1.83499e-47,3.16449e-50,8.55653e-49,6.50598e-49,1.69081e-45,3.94520e-44,7.23998e-47,1.89708e-45,1.44518e-45,3.07212e-43,7.13568e-42,1.32109e-44,3.44323e-43,2.62926e-43
0.00000e+00,0.00000e+00,0.00000e+00,0.00000e+00,0.00000e+00,6.50598e-49,1.56743e-47,2.70075e-50,7.62003e-49,5.23602e-49,1.44518e-45,3.37383e-44,6.18534e-47,1.69081e-45,1.16489e-45,2.62926e-43,6.11092e-42,1.13001e-44,3.07212e-43,2.12331e-43
0.00000e+00,0.00000e+00,0.00000e+00,0.00000e+00,0.00000e+00,5.23602e-49,1.26200e-47,2.17276e-50,6.50598e-49,3.83735e-49,1.16489e-45,2.72082e-44,4.98350e-47,1.44518e-45,8.55908e-46,2.12331e-43,4.93794e-42,9.12075e-45,2.62926e-43,1.56604e-43
0.00000e+00,0.00000e+00,0.00000e+00,0.00000e+00,0.00000e+00,3.83735e-49,9.25215e-48,1.59186e-50,5.23602e-49,2.34232e-49,8.55908e-46,2.00000e-44,3.66020e-47,1.16489e-45,5.25398e-46,1.56604e-43,3.64384e-42,6.72380e-45,2.12331e-43,9.72938e-44
0.00000e+00,0.00000e+00,0.00000e+00,0.00000e+00,0.00000e+00,2.34232e-49,5.64894e-48,9.71454e-51,3.83735e-49,7.87530e-50,5.25398e-46,1.22817e-44,2.24602e-47,8.55908e-46,1.81987e-46,9.72938e-44,2.26481e-42,4.17568e-45,1.56604e-43,3.68052e-44
0.00000e+00,0.00000e+00,0.00000e+00,0.00000e+00,0.00000e+00,9.69591e-51,2.33834e-49,4.02114e-52,3.25892e-51,1.58918e-50,2.24547e-47,5.25280e-46,9.59252e-49,7.77216e-48,3.65938e-47,4.17502e-45,9.72794e-44,1.79022e-46,1.57851e-45,6.72280e-45
0.00000e+00,0.00000e+00,0.00000e+00,0.00000e+00,0.00000e+00,1.58918e-50,3.83163e-49,6.59219e-52,9.69591e-51,2.16960e-50,3.65938e-47,8.55731e-46,1.56377e-48,2.24547e-47,4.98249e-47,6.72280e-45,1.56582e-43,2.88372e-46,4.17502e-45,9.11952e-45
0.00000e+00,0.00000e+00,0.00000e+00,0.00000e+00,0.00000e+00,2.16960e-50,5.22932e-49,9.00261e-52,1.58918e-50,2.69744e-50,4.98249e-47,1.16468e-45,2.12992e-48,3.65938e-47,6.18424e-47,9.11952e-45,2.12305e-43,3.91343e-46,6.72280e-45,1.12988e-44
0.00000e+00,0.00000e+00,0.00000e+00,0.00000e+00,0.00000e+00,2.69744e-50,6.49896e-49,1.11968e-51,2.16960e-50,3.16129e-50,6.18424e-47,1.44495e-45,2.64470e-48,4.98249e-47,7.23890e-47,1.12988e-44,2.62898e-43,4.85093e-46,9.11952e-45,1.32095e-44
0.00000e+00,0.00000e+00,0.00000e+00,0.00000e+00,0.00000e+00,3.16129e-50,7.61327e-49,1.31273e-51,2.69744e-50,3.55196e-50,7.23890e-47,1.69058e-45,3.09702e-48,6.18424e-47,8.12592e-47,1.32095e-44,3.07183e-43,5.67415e-46,1.12988e-44,1.48137e-44
0.00000e+00,0.00000e+00,0.00000e+00,0.00000e+00,0.00000e+00,3.55196e-50,8.55052e-49,1.47551e-51,3.16129e-50,3.86239e-50,8.12592e-47,1.89688e-45,3.47792e-48,7.23890e-47,8.82978e-47,1.48137e-44,3.44297e-43,6.36634e-46,1.32095e-44,1.60839e-44
0.00000e+00,0.00000e+00,0.00000e+00,0.00000e+00,0.00000e+00,3.86239e-50,9.29434e-49,1.60500e-51,3.55196e-50,4.08754e-50,8.82978e-47,2.06035e-45,3.78054e-48,8.12592e-47,9.33953e-47,1.60839e-44,3.73637e-43,6.91528e-46,1.48137e-44,1.70021e-44
0.00000e+00,0.00000e+00,0.00000e+00,0.00000e+00,0.00000e+00,4.08754e-50,9.83320e-49,1.69901e-51,3.86239e-50,4.22405e-50,9.33953e-47,2.17861e-45,3.99993e-48,8.82978e-47,9.64806e-47,1.70021e-44,3.94815e-43,7.31257e-46,1.60839e-44,1.75571e-44
0.00000e+00,0.00000e+00,0.00000e+00,0.00000e+00,0.00000e+00,4.22405e-50,1.01596e-48,1.75607e-51,4.08754e-50,4.27004e-50,9.64806e-47,2.25012e-45,4.13281e-48,9.33953e-47,9.75142e-47,1.75571e-44,4.07601e-43,7.55290e-46,1.70021e-44,1.77428e-44
0.00000e+00,0.00000e+00,0.00000e+00,0.00000e+00,0.00000e+00,4.27004e-50,1.02695e-48,1.77531e-51,4.22405e-50,4.22489e-50,9.75142e-47,2.27406e-45,4.17735e-48,9.64806e-47,9.64835e-47,1.77428e-44,4.11877e-43,7.63337e-46,1.75571e-44,1.75574e-44
0.00000e+00,0.00000e+00,0.00000e+00,0.00000e+00,0.00000e+00,4.22489e-50,1.01614e-48,1.75646e-51,4.27004e-50,4.08916e-50,9.64835e-47,2.25018e-45,4.13295e-48,9.75142e-47,9.34010e-47,1.75574e-44,4.07608e-43,7.55307e-46,1.77428e-44,1.70028e-44
0.00000e+00,0.00000e+00,0.00000e+00,0.00000e+00,0.00000e+00,4.08916e-50,9.83660e-49,1.69978e-51,4.22489e-50,3.86470e-50,9.34010e-47,2.17873e-45,4.00020e-48,9.64835e-47,8.83058e-47,1.70028e-44,3.94830e-43,7.31290e-46,1.75574e-44,1.60849e-44
0.00000e+00,0.00000e+00,0.00000e+00,0.00000e+00,0.00000e+00,3.86470e-50,9.29920e-49,1.60608e-51,4.08916e-50,3.55480e-50,8.83058e-47,2.06052e-45,3.78092e-48,9.34010e-47,8.12690e-47,1.60849e-44,3.73658e-43,6.91574e-46,1.70028e-44,1.48149e-44
0.00000e+00,0.00000e+00,0.00000e+00,0.00000e+00,0.00000e+00,3.55480e-50,8.55653e-49,1.47684e-51,3.86470e-50,3.16449e-50,8.12690e-47,1.89708e-45,3.47839e-48,8.83058e-47,7.23998e-47,1.48149e-44,3.44323e-43,6.36690e-46,1.60849e-44,1.32109e-44
0.00000e+00,0.00000e+00,0.00000e+00,0.00000e+00,0.00000e+00,3.16449e-50,7.62003e-49,1.31423e-51,3.55480e-50,2.70075e-50,7.23998e-47,1.69081e-45,3.09753e-48,8.12690e-47,6.18534e-47,1.32109e-44,3.07212e-43,5.67477e-46,1.48149e-44,1.13001e-44
0.00000e+00,0.00000e+00,0.00000e+00,0.00000e+00,0.00000e+00,2.70075e-50,6.50598e-49,1.12124e-51,3.16449e-50,2.17276e-50,6.18534e-47,1.44518e-45,2.64522e-48,7.23998e-47,4.98350e-47,1.13001e-44,2.62926e-43,4.85156e-46,1.32109e-44,9.12075e-45
0.00000e+00,0.00000e+00,0.00000e+00,0.00000e+00,0.00000e+00,2.17276e-50,5.23602e-49,9.01736e-52,2.70075e-50,1.59186e-50,4.98350e-47,1.16489e-45,2.13040e-48,6.18534e-47,3.66020e-47,9.12075e-45,2.12331e-43,3.91401e-46,1.13001e-44,6.72380e-45
0.00000e+00,0.00000e+00,0.00000e+00,0.00000e+00,0.00000e+00,1.59186e-50,3.83735e-49,6.60470e-52,2.17276e-50,9.71454e-51,3.66020e-47,8.55908e-46,1.56415e-48,4.98350e-47,2.24602e-47,6.72380e-45,1.56604e-43,2.88419e-46,9.12075e-45,4.17568e-45
0.00000e+00,0.00000e+00,0.00000e+00,0.00000e+00,0.00000e+00,9.71454e-51,2.34232e-49,4.02982e-52,1.59186e-50,3.26583e-51,2.24602e-47,5.25398e-46,9.59509e-49,3.66020e-47,7.77425e-48,4.17568e-45,9.72938e-44,1.79053e-46,6.72380e-45,1.57878e-45
0.00000e+00,0.00000e+00,0.00000e+00,0.00000e+00,0.00000e+00,4.02114e-52,9.69591e-51,1.66794e-53,1.35139e-52,6.59219e-52,9.59252e-49,2.24547e-47,4.09521e-50,3.31797e-49,1.56377e-48,1.79022e-46,4.17502e-45,7.66983e-48,6.76516e-47,2.88372e-46
0.00000e+00,0.00000e+00,0.00000e+00,0.00000e+00,0.00000e+00,6.59219e-52,1.58918e-50,2.73493e-53,4.02114e-52,9.00261e-52,1.56377e-48,3.65938e-47,6.67795e-50,9.59252e-49,2.12992e-48,2.88372e-46,6.72280e-45,1.23587e-47,1.79022e-46,3.91343e-46
0.00000e+00,0.00000e+00,0.00000e+00,0.00000e+00,0.00000e+00,9.00261e-52,2.16960e-50,3.73597e-53,6.59219e-52,1.11968e-51,2.12992e-48,4.98249e-47,9.09860e-50,1.56377e-48,2.64470e-48,3.91343e-46,9.11952e-45,1.67781e-47,2.88372e-46,4.85093e-46
0.00000e+00,0.00000e+00,0.00000e+00,0.00000e+00,0.00000e+00,1.11968e-51,2.69744e-50,4.64804e-53,9.00261e-52,1.31273e-51,2.64470e-48,6.18424e-47,1.13016e-49,2.12992e-48,3.09702e-48,4.85093e-46,1.12988e-44,2.08063e-47,3.91343e-46,5.67415e-46
0.00000e+00,0.00000e+00,0.00000e+00,0.00000e+00,0.00000e+00,1.31273e-51,3.16129e-50,5.45128e-53,1.11968e-51,1.47551e-51,3.09702e-48,7.23890e-47,1.32395e-49,2.64470e-48,3.47792e-48,5.67415e-46,1.32095e-44,2.43482e-47,4.85093e-46,6.36634e-46
0.00000e+00,0.00000e+00,0.00000e+00,0.00000e+00,0.00000e+00,1.47551e-51,3.55196e-50,6.12930e-53,1.31273e-51,1.60500e-51,3.47792e-48,8.12592e-47,1.48732e-49,3.09702e-48,3.78054e-48,6.36634e-46,1.48137e-44,2.73304e-47,5.67415e-46,6.91528e-46
0.00000e+00,0.00000e+00,0.00000e+00,0.00000e+00,0.00000e+00,1.60500e-51,3.86239e-50,6.66924e-53,1.47551e-51,1.69901e-51,3.78054e-48,8.82978e-47,1.61725e-49,3.47792e-48,3.99993e-48,6.91528e-46,1.60839e-44,2.96986e-47,6.36634e-46,7.31257e-46
0.00000e+00,0.00000e+00,0.00000e+00,0.00000e+00,0.00000e+00,1.69901e-51,4.08754e-50,7.06158e-53,1.60500e-51,1.75607e-51,3.99993e-48,9.33953e-47,1.71153e-49,3.78054e-48,4.13281e-48,7.31257e-46,1.70021e-44,3.14145e-47,6.91528e-46,7.55290e-46
0.00000e+00,0.00000e+00,0.00000e+00,0.00000e+00,0.00000e+00,1.75607e-51,4.22405e-50,7.29985e-53,1.69901e-51,1.77531e-51,4.13281e-48,9.64806e-47,1.76868e-49,3.99993e-48,4.17735e-48,7.55290e-46,1.75571e-44,3.24533e-47,7.31257e-46,7.63337e-46
0.00000e+00,0.00000e+00,0.00000e+00,0.00000e+00,0.00000e+00,1.77531e-51,4.27004e-50,7.38030e-53,1.75607e-51,1.75646e-51,4.17735e-48,9.75142e-47,1.78784e-49,4.13281e-48,4.13295e-48,7.63337e-46,1.77428e-44,3.28013e-47,7.55290e-46,7.55307e-46
0.00000e+00,0.00000e+00,0.00000e+00,0.00000e+00,0.00000e+00,1.75646e-51,4.22489e-50,7.30168e-53,1.77531e-51,1.69978e-51,4.13295e-48,9.64835e-47,1.76874e-49,4.17735e-48,4.00020e-48,7.55307e-46,1.75574e-44,3.24541e-47,7.63337e-46,7.31290e-46
0.00000e+00,0.00000e+00,0.00000e+00,0.00000e+00,0.00000e+00,1.69978e-51,4.08916e-50,7.06513e-53,1.75646e-51,1.60608e-51,4.00020e-48,9.34010e-47,1.71166e-49,4.13295e-48,3.78092e-48,7.31290e-46,1.70028e-44,3.14160e-47,7.55307e-46,6.91574e-46
0.00000e+00,0.00000e+00,0.00000e+00,0.00000e+00,0.00000e+00,1.60608e-51,3.86470e-50,6.67428e-53,1.69978e-51,1.47684e-51,3.78092e-48,8.83058e-47,1.61743e-49,4.00020e-48,3.47839e-48,6.91574e-46,1.60849e-44,2.97008e-47,7.31290e-46,6.36690e-46
0.00000e+00,0.00000e+00,0.00000e+00,0.00000e+00,0.00000e+00,1.47684e-51,3.55480e-50,6.13552e-53,1.60608e-51,1.31423e-51,3.47839e-48,8.12690e-47,1.48754e-49,3.78092e-48,3.09753e-48,6.36690e-46,1.48149e-44,2.73331e-47,6.91574e-46,5.67477e-46
0.00000e+00,0.00000e+00,0.00000e+00,0.00000e+00,0.00000e+00,1.31423e-51,3.16449e-50,5.45826e-53,1.47684e-51,1.12124e-51,3.09753e-48,7.23998e-47,1.32419e-49,3.47839e-48,2.64522e-48,5.67477e-46,1.32109e-44,2.43511e-47,6.36690e-46,4.85156e-46
0.00000e+00,0.00000e+00,0.00000e+00,0.00000e+00,0.00000e+00,1.12124e-51,2.70075e-50,4.65526e-53,1.31423e-51,9.01736e-52,2.64522e-48,6.18534e-47,1.13041e-49,3.09753e-48,2.13040e-48,4.85156e-46,1.13001e-44,2.08092e-47,5.67477e-46,3.91401e-46
0.00000e+00,0.00000e+00,0.00000e+00,0.00000e+00,0.00000e+00,9.01736e-52,2.17276e-50,3.74282e-53,1.12124e-51,6.60470e-52,2.13040e-48,4.98350e-47,9.10083e-50,2.64522e-48,1.56415e-48,3.91401e-46,9.12075e-45,1.67807e-47,4.85156e-46,2.88419e-46
0.00000e+00,0.00000e+00,0.00000e+00,0.00000e+00,0.00000e+00,6.60470e-52,1.59186e-50,2.74073e-53,9.01736e-52,4.02982e-52,1.56415e-48,3.66020e-47,6.67978e-50,2.13040e-48,9.59509e-49,2.88419e-46,6.72380e-45,1.23609e-47,3.91401e-46,1.79053e-46
0.00000e+00,0.00000e+00,0.00000e+00,0.00000e+00,0.00000e+00,4.02982e-52,9.71454e-51,1.67195e-53,6.60470e-52,1.35460e-52,9.59509e-49,2.24602e-47,4.09642e-50,1.56415e-48,3.31895e-49,1.79053e-46,4.17568e-45,7.67128e-48,2.88419e-46,6.76641e-47
0.00000e+00,0.00000e+00,0.00000e+00,0.00000e+00,0.00000e+00,1.66794e-53,4.02114e-52,6.91941e-55,5.60485e-54,2.73493e-53,4.09521e-50,9.59252e-49,1.74723e-51,1.41559e-50,6.67795e-50,7.66983e-48,1.79022e-46,3.28333e-49,2.89703e-48,1.23587e-47
0.00000e+00,0.00000e+00,0.00000e+00,0.00000e+00,0.00000e+00,2.73493e-53,6.59219e-52,1.13479e-54,1.66794e-53,3.73597e-53,6.67795e-50,1.56377e-48,2.84993e-51,4.09521e-50,9.09860e-50,1.23587e-47,2.88372e-46,5.29211e-49,7.66983e-48,1.67781e-47
0.00000e+00,0.00000e+00,0.00000e+00,0.00000e+00,0.00000e+00,3.73597e-53,9.00261e-52,1.55052e-54,2.73493e-53,4.64804e-53,9.09860e-50,2.12992e-48,3.88410e-51,6.67795e-50,1.13016e-49,1.67781e-47,3.91343e-46,7.18696e-49,1.23587e-47,2.08063e-47
0.00000e+00,0.00000e+00,0.00000e+00,0.00000e+00,0.00000e+00,4.64804e-53,1.11968e-51,1.92961e-54,3.73597e-53,5.45128e-53,1.13016e-49,2.64470e-48,4.82609e-51,9.09860e-50,1.32395e-49,2.08063e-47,4.85093e-46,8.91590e-49,1.67781e-47,2.43482e-47
0.00000e+00,0.00000e+00,0.00000e+00,0.00000e+00,0.00000e+00,5.45128e-53,1.31273e-51,2.26377e-54,4.64804e-53,6.12930e-53,1.32395e-49,3.09702e-48,5.65548e-51,1.13016e-49,1.48732e-49,2.43482e-47,5.67415e-46,1.04379e-48,2.08063e-47,2.73304e-47
0.00000e+00,0.00000e+00,0.00000e+00,0.00000e+00,0.00000e+00,6.12930e-53,1.47551e-51,2.54610e-54,5.45128e-53,6.66924e-53,1.48732e-49,3.47792e-48,6.35540e-51,1.32395e-49,1.61725e-49,2.73304e-47,6.36634e-46,1.17209e-48,2.43482e-47,2.96986e-47
0.00000e+00,0.00000e+00,0.00000e+00,0.00000e+00,0.00000e+00,6.66924e-53,1.60500e-51,2.77114e-54,6.12930e-53,7.06158e-53,1.61725e-49,3.78054e-48,6.91259e-51,1.48732e-49,1.71153e-49,2.96986e-47,6.91528e-46,1.27410e-48,2.73304e-47,3.14145e-47
0.00000e+00,0.00000e+00,0.00000e+00,0.00000e+00,0.00000e+00,7.06158e-53,1.69901e-51,2.93480e-54,6.66924e-53,7.29985e-53,1.71153e-49,3.99993e-48,7.31723e-51,1.61725e-49,1.76868e-49,3.14145e-47,7.31257e-46,1.34808e-48,2.96986e-47,3.24533e-47
0.00000e+00,0.00000e+00,0.00000e+00,0.00000e+00,0.00000e+00,7.29985e-53,1.75607e-51,3.03426e-54,7.06158e-53,7.38030e-53,1.76868e-49,4.13281e-48,7.56263e-51,1.71153e-49,1.78784e-49,3.24533e-47,7.55290e-46,1.39290e-48,3.14145e-47,3.28013e-47
0.00000e+00,0.00000e+00,0.00000e+00,0.00000e+00,0.00000e+00,7.38030e-53,1.77531e-51,3.06788e-54,7.29985e-53,7.30168e-53,1.78784e-49,4.17735e-48,7.64496e-51,1.76868e-49,1.76874e-49,3.28013e-47,7.63337e-46,1.40792e-48,3.24533e-47,3.24541e-47
0.00000e+00,0.00000e+00,0.00000e+00,0.00000e+00,0.00000e+00,7.30168e-53,1.75646e-51,3.03510e-54,7.38030e-53,7.06513e-53,1.76874e-49,4.13295e-48,7.56294e-51,1.78784e-49,1.71166e-49,3.24541e-47,7.55307e-46,1.39294e-48,3.28013e-47,3.14160e-47
0.00000e+00,0.00000e+00,0.00000e+00,0.00000e+00,0.00000e+00,7.06513e-53,1.69978e-51,2.93644e-54,7.30168e-53,6.67428e-53,1.71166e-49,4.00020e-48,7.31782e-51,1.76874e-49,1.61743e-49,3.14160e-47,7.31290e-46,1.34815e-48,3.24541e-47,2.97008e-47
0.00000e+00,0.00000e+00,0.00000e+00,0.00000e+00,0.00000e+00,6.67428e-53,1.60608e-51,2.77348e-54,7.06513e-53,6.13552e-53,1.61743e-49,3.78092e-48,6.91343e-51,1.71166e-49,1.48754e-49,2.97008e-47,6.91574e-46,1.27420e-48,3.14160e-47,2.73331e-47
0.00000e+00,0.00000e+00,0.00000e+00,0.00000e+00,0.00000e+00,6.13552e-53,1.47684e-51,2.54898e-54,6.67428e-53,5.45826e-53,1.48754e-49,3.47839e-48,6.35643e-51,1.61743e-49,1.32419e-49,2.73331e-47,6.36690e-46,1.17222e-48,2.97008e-47,2.43511e-47
0.00000e+00,0.00000e+00,0.00000e+00,0.00000e+00,0.00000e+00,5.45826e-53,1.31423e-51,2.26700e-54,6.13552e-53,4.65526e-53,1.32419e-49,3.09753e-48,5.65661e-51,1.48754e-49,1.13041e-49,2.43511e-47,5.67477e-46,1.04393e-48,2.73331e-47,2.08092e-47
0.00000e+00,0.00000e+00,0.00000e+00,0.00000e+00,0.00000e+00,4.65526e-53,1.12124e-51,1.93295e-54,5.45826e-53,3.74282e-53,1.13041e-49,2.64522e-48,4.82723e-51,1.32419e-49,9.10083e-50,2.08092e-47,4.85156e-46,8.91727e-49,2.43511e-47,1.67807e-47
0.00000e+00,0.00000e+00,0.00000e+00,0.00000e+00,0.00000e+00,3.74282e-53,9.01736e-52,1.55369e-54,4.65526e-53,2.74073e-53,9.10083e-50,2.13040e-48,3.88515e-51,1.13041e-49,6.67978e-50,1.67807e-47,3.91401e-46,7.18821e-49,2.08092e-47,1.23609e-47
0.00000e+00,0.00000e+00,0.00000e+00,0.00000e+00,0.00000e+00,2.74073e-53,6.60470e-52,1.13746e-54,3.74282e-53,1.67195e-53,6.67978e-50,1.56415e-48,2.85079e-51,9.10083e-50,4.09642e-50,1.23609e-47,2.88419e-46,5.29313e-49,1.67807e-47,7.67128e-48
0.00000e+00,0.00000e+00,0.00000e+00,0.00000e+00,0.00000e+00,1.67195e-53,4.02982e-52,6.93790e-55,2.74073e-53,5.61969e-54,4.09642e-50,9.59509e-49,1.74780e-51,6.67978e-50,1.41605e-50,7.67128e-48,1.79053e-46,3.28400e-49,1.23609e-47,2.89762e-48
0.00000e+00,0.00000e+00,0.00000e+00,0.00000e+00,0.00000e+00,6.91941e-55,1.66794e-53,2.87083e-56,2.32493e-55,1.13479e-54,1.74723e-51,4.09521e-50,7.45015e-53,6.03593e-52,2.84993e-51,3.28333e-49,7.66983e-48,1.40446e-50,1.23963e-49,5.29211e-49
0.00000e+00,0.00000e+00,0.00000e+00,0.00000e+00,0.00000e+00,1.13479e-54,2.73493e-53,4.70896e-56,6.91941e-55,1.55052e-54,2.84993e-51,6.67795e-50,1.21550e-52,1.74723e-51,3.88410e-51,5.29211e-49,1.23587e-47,2.26433e-50,3.28333e-49,7.18696e-49
0.00000e+00,0.00000e+00,0.00000e+00,0.00000e+00,0.00000e+00,1.55052e-54,3.73597e-53,6.43554e-56,1.13479e-54,1.92961e-54,3.88410e-51,9.09860e-50,1.65701e-52,2.84993e-51,4.82609e-51,7.18696e-49,1.67781e-47,3.07601e-50,5.29211e-49,8.91590e-49
0.00000e+00,0.00000e+00,0.00000e+00,0.00000e+00,0.00000e+00,1.92961e-54,4.64804e-53,8.01106e-56,1.55052e-54,2.26377e-54,4.82609e-51,1.13016e-49,2.05946e-52,3.88410e-51,5.65548e-51,8.91590e-49,2.08063e-47,3.81731e-50,7.18696e-49,1.04379e-48
0.00000e+00,0.00000e+00,0.00000e+00,0.00000e+00,0.00000e+00,2.26377e-54,5.45128e-53,9.40098e-56,1.92961e-54,2.54610e-54,5.65548e-51,1.32395e-49,2.41411e-52,4.82609e-51,6.35540e-51,1.04379e-48,2.43482e-47,4.47056e-50,8.91590e-49,1.17209e-48
0.00000e+00,0.00000e+00,0.00000e+00,0.00000e+00,0.00000e+00,2.54610e-54,6.12930e-53,1.05763e-55,2.26377e-54,2.77114e-54,6.35540e-51,1.48732e-49,2.71366e-52,5.65548e-51,6.91259e-51,1.17209e-48,2.73304e-47,5.02185e-50,1.04379e-48,1.27410e-48
0.00000e+00,0.00000e+00,0.00000e+00,0.00000e+00,0.00000e+00,2.77114e-54,6.66924e-53,1.15139e-55,2.54610e-54,2.93480e-54,6.91259e-51,1.61725e-49,2.95233e-52,6.35540e-51,7.31723e-51,1.27410e-48,2.96986e-47,5.46059e-50,1.17209e-48,1.34808e-48
0.00000e+00,0.00000e+00,0.00000e+00,0.00000e+00,0.00000e+00,2.93480e-54,7.06158e-53,1.21963e-55,2.77114e-54,3.03426e-54,7.31723e-51,1.71153e-49,3.12577e-52,6.91259e-51,7.56263e-51,1.34808e-48,3.14145e-47,5.77907e-50,1.27410e-48,1.39290e-48
0.00000e+00,0.00000e+00,0.00000e+00,0.00000e+00,0.00000e+00,3.03426e-54,7.29985e-53,1.26113e-55,2.93480e-54,3.06788e-54,7.56263e-51,1.76868e-49,3.23103e-52,7.31723e-51,7.64496e-51,1.39290e-48,3.24533e-47,5.97215e-50,1.34808e-48,1.40792e-48
0.00000e+00,0.00000e+00,0.00000e+00,0.00000e+00,0.00000e+00,3.06788e-54,7.38030e-53,1.27517e-55,3.03426e-54,3.03510e-54,7.64496e-51,1.78784e-49,3.26635e-52,7.56263e-51,7.56294e-51,1.40792e-48,3.28013e-47,6.03689e-50,1.39290e-48,1.39294e-48
0.00000e+00,0.00000e+00,0.00000e+00,0.00000e+00,0.00000e+00,3.03510e-54,7.30168e-53,1.26151e-55,3.06788e-54,2.93644e-54,7.56294e-51,1.76874e-49,3.23117e-52,7.64496e-51,7.31782e-51,1.39294e-48,3.24541e-47,5.97233e-50,1.40792e-48,1.34815e-48
0.00000e+00,0.00000e+00,0.00000e+00,0.00000e+00,0.00000e+00,2.93644e-54,7.06513e-53,1.22038e-55,3.03510e-54,2.77348e-54,7.31782e-51,1.71166e-49,3.12606e-52,7.56294e-51,6.91343e-51,1.34815e-48,3.14160e-47,5.77941e-50,1.39294e-48,1.27420e-48
0.00000e+00,0.00000e+00,0.00000e+00,0.00000e+00,0.00000e+00,2.77348e-54,6.67428e-53,1.15247e-55,2.93644e-54,2.54898e-54,6.91343e-51,1.61743e-49,2.95272e-52,7.31782e-51,6.35643e-51,1.27420e-48,2.97008e-47,5.46107e-50,1.34815e-48,1.17222e-48
0.00000e+00,0.00000e+00,0.00000e+00,0.00000e+00,0.00000e+00,2.54898e-54,6.13552e-53,1.05896e-55,2.77348e-54,2.26700e-54,6.35643e-51,1.48754e-49,2.71414e-52,6.91343e-51,5.65661e-51,1.17222e-48,2.73331e-47,5.02244e-50,1.27420e-48,1.04393e-48
0.00000e+00,0.00000e+00,0.00000e+00,0.00000e+00,0.00000e+00,2.26700e-54,5.45826e-53,9.41584e-56,2.54898e-54,1.93295e-54,5.65661e-51,1.32419e-49,2.41464e-52,6.35643e-51,4.82723e-51,1.04393e-48,2.43511e-47,4.47120e-50,1.17222e-48,8.91727e-49
0.00000e+00,0.00000e+00,0.00000e+00,0.00000e+00,0.00000e+00,1.93295e-54,4.65526e-53,8.02641e-56,2.26700e-54,1.55369e-54,4.82723e-51,1.13041e-49,2.06000e-52,5.65661e-51,3.88515e-51,8.91727e-49,2.08092e-47,3.81796e-50,1.04393e-48,7.18821e-49
0.00000e+00,0.00000e+00,0.00000e+00,0.00000e+00,0.00000e+00,1.55369e-54,3.74282e-53,6.45008e-56,1.93295e-54,1.13746e-54,3.88515e-51,9.10083e-50,1.65750e-52,4.82723e-51,2.85079e-51,7.18821e-49,1.67807e-47,3.07660e-50,8.91727e-49,5.29313e-49
0.00000e+00,0.00000e+00,0.00000e+00,0.00000e+00,0.00000e+00,1.13746e-54,2.74073e-53,4.72126e-56,1.55369e-54,6.93790e-55,2.85079e-51,6.67978e-50,1.21590e-52,3.88515e-51,1.74780e-51,5.29313e-49,1.23609e-47,2.26480e-50,7.18821e-49,3.28400e-49
0.00000e+00,0.00000e+00,0.00000e+00,0.00000e+00,0.00000e+00,6.93790e-55,1.67195e-53,2.87932e-56,1.13746e-54,2.33176e-55,1.74780e-51,4.09642e-50,7.45280e-53,2.85079e-51,6.03809e-52,3.28400e-49,7.67128e-48,1.40477e-50,5.29313e-49,1.23990e-49
0.00000e+00,0.00000e+00,0.00000e+00,0.00000e+00,0.00000e+00,2.87083e-56,6.91941e-55,1.19120e-57,9.64510e-57,4.70896e-56,7.45015e-53,1.74723e-51,3.17489e-54,2.57219e-53,1.21550e-52,1.40446e-50,3.28333e-49,6.00321e-52,5.30036e-51,2.26433e-50
0.00000e+00,0.00000e+00,0.00000e+00,0.00000e+00,0.00000e+00,4.70896e-56,1.13479e-54,1.95420e-57,2.87083e-56,6.43554e-56,1.21550e-52,2.84993e-51,5.18107e-54,7.45015e-53,1.65701e-52,2.26433e-50,5.29211e-49,9.68100e-52,1.40446e-50,3.07601e-50
0.00000e+00,0.00000e+00,0.00000e+00,0.00000e+00,0.00000e+00,6.43554e-56,1.55052e-54,2.67127e-57,4.70896e-56,8.01106e-56,1.65701e-52,3.88410e-51,7.06462e-54,1.21550e-52,2.05946e-52,3.07601e-50,7.18696e-49,1.31549e-51,2.26433e-50,3.81731e-50
0.00000e+00,0.00000e+00,0.00000e+00,0.00000e+00,0.00000e+00,8.01106e-56,1.92961e-54,3.32603e-57,6.43554e-56,9.40098e-56,2.05946e-52,4.82609e-51,8.78273e-54,1.65701e-52,2.41411e-52,3.81731e-50,8.91590e-49,1.63302e-51,3.07601e-50,4.47056e-50
0.00000e+00,0.00000e+00,0.00000e+00,0.00000e+00,0.00000e+00,9.40098e-56,2.26377e-54,3.90407e-57,8.01106e-56,1.05763e-55,2.41411e-52,5.65548e-51,1.02979e-53,2.05946e-52,2.71366e-52,4.47056e-50,1.04379e-48,1.91310e-51,3.81731e-50,5.02185e-50
0.00000e+00,0.00000e+00,0.00000e+00,0.00000e+00,0.00000e+00,1.05763e-55,2.54610e-54,4.39326e-57,9.40098e-56,1.15139e-55,2.71366e-52,6.35540e-51,1.15787e-53,2.41411e-52,2.95233e-52,5.02185e-50,1.17209e-48,2.14968e-51,4.47056e-50,5.46059e-50
0.00000e+00,0.00000e+00,0.00000e+00,0.00000e+00,0.00000e+00,1.15139e-55,2.77114e-54,4.78378e-57,1.05763e-55,1.21963e-55,2.95233e-52,6.91259e-51,1.25999e-53,2.71366e-52,3.12577e-52,5.46059e-50,1.27410e-48,2.33814e-51,5.02185e-50,5.77907e-50
0.00000e+00,0.00000e+00,0.00000e+00,0.00000e+00,0.00000e+00,1.21963e-55,2.93480e-54,5.06818e-57,1.15139e-55,1.26113e-55,3.12577e-52,7.31723e-51,1.33425e-53,2.95233e-52,3.23103e-52,5.77907e-50,1.34808e-48,2.47505e-51,5.46059e-50,5.97215e-50
0.00000e+00,0.00000e+00,0.00000e+00,0.00000e+00,0.00000e+00,1.26113e-55,3.03426e-54,5.24123e-57,1.21963e-55,1.27517e-55,3.23103e-52,7.56263e-51,1.37934e-53,3.12577e-52,3.26635e-52,5.97215e-50,1.39290e-48,2.55810e-51,5.77907e-50,6.03689e-50
0.00000e+00,0.00000e+00,0.00000e+00,0.00000e+00,0.00000e+00,1.27517e-55,3.06788e-54,5.29986e-57,1.26113e-55,1.26151e-55,3.26635e-52,7.64496e-51,1.39448e-53,3.23103e-52,3.23117e-52,6.03689e-50,1.40792e-48,2.58595e-51,5.97215e-50,5.97233e-50
0.00000e+00,0.00000e+00,0.00000e+00,0.00000e+00,0.00000e+00,1.26151e-55,3.03510e-54,5.24302e-57,1.27517e-55,1.22038e-55,3.23117e-52,7.56294e-51,1.37941e-53,3.26635e-52,3.12606e-52,5.97233e-50,1.39294e-48,2.55818e-51,6.03689e-50,5.77941e-50
0.00000e+00,0.00000e+00,0.00000e+00,0.00000e+00,0.00000e+00,1.22038e-55,2.93644e-54,5.07163e-57,1.26151e-55,1.15247e-55,3.12606e-52,7.31782e-51,1.33438e-53,3.23117e-52,2.95272e-52,5.77941e-50,1.34815e-48,2.47521e-51,5.97233e-50,5.46107e-50
0.00000e+00,0.00000e+00,0.00000e+00,0.00000e+00,0.00000e+00,1.15247e-55,2.77348e-54,4.78870e-57,1.22038e-55,1.05896e-55,2.95272e-52,6.91343e-51,1.26018e-53,3.12606e-52,2.71414e-52,5.46107e-50,1.27420e-48,2.33837e-51,5.77941e-50,5.02244e-50
0.00000e+00,0.00000e+00,0.00000e+00,0.00000e+00,0.00000e+00,1.05896e-55,2.54898e-54,4.39933e-57,1.15247e-55,9.41584e-56,2.71414e-52,6.35643e-51,1.15809e-53,2.95272e-52,2.41464e-52,5.02244e-50,1.17222e-48,2.14996e-51,5.46107e-50,4.47120e-50
0.00000e+00,0.00000e+00,0.00000e+00,0.00000e+00,0.00000e+00,9.41584e-56,2.26700e-54,3.91088e-57,1.05896e-55,8.02641e-56,2.41464e-52,5.65661e-51,1.03004e-53,2.71414e-52,2.06000e-52,4.47120e-50,1.04393e-48,1.91340e-51,5.02244e-50,3.81796e-50
0.00000e+00,0.00000e+00,0.00000e+00,0.00000e+00,0.00000e+00,8.02641e-56,1.93295e-54,3.33306e-57,9.41584e-56,6.45008e-56,2.06000e-52,4.82723e-51,8.78524e-54,2.41464e-52,1.65750e-52,3.81796e-50,8.91727e-49,1.63333e-51,4.47120e-50,3.07660e-50
0.00000e+00,0.00000e+00,0.00000e+00,0.00000e+00,0.00000e+00,6.45008e-56,1.55369e-54,2.67793e-57,8.02641e-56,4.72126e-56,1.65750e-52,3.88515e-51,7.06693e-54,2.06000e-52,1.21590e-52,3.07660e-50,7.18821e-49,1.31577e-51,3.81796e-50,2.26480e-50
0.00000e+00,0.00000e+00,0.00000e+00,0.00000e+00,0.00000e+00,4.72126e-56,1.13746e-54,1.95984e-57,6.45008e-56,2.87932e-56,1.21590e-52,2.85079e-51,5.18294e-54,1.65750e-52,7.45280e-53,2.26480e-50,5.29313e-49,9.68324e-52,3.07660e-50,1.40477e-50
0.00000e+00,0.00000e+00,0.00000e+00,0.00000e+00,0.00000e+00,2.87932e-56,6.93790e-55,1.19509e-57,4.72126e-56,9.67644e-57,7.45280e-53,1.74780e-51,3.17613e-54,1.21590e-52,2.57320e-53,1.40477e-50,3.28400e-49,6.00470e-52,2.26480e-50,5.30165e-51
0.00000e+00,0.00000e+00,0.00000e+00,0.00000e+00,0.00000e+00,1.19120e-57,2.87083e-56,4.94303e-59,4.00171e-58,1.95420e-57,3.17489e-54,7.45015e-53,1.35223e-55,1.09553e-54,5.18107e-54,6.00321e-52,1.40446e-50,2.56422e-53,2.26471e-52,9.68100e-52
0.00000e+00,0.00000e+00,0.00000e+00,0.00000e+00,0.00000e+00,1.95420e-57,4.70896e-56,8.11034e-59,1.19120e-57,2.67127e-57,5.18107e-54,1.21550e-52,2.20716e-55,3.17489e-54,7.06462e-54,9.68100e-52,2.26433e-50,4.13607e-53,6.00321e-52,1.31549e-51
0.00000e+00,0.00000e+00,0.00000e+00,0.00000e+00,0.00000e+00,2.67127e-57,6.43554e-56,1.10884e-58,1.95420e-57,3.32603e-57,7.06462e-54,1.65701e-52,3.01020e-55,5.18107e-54,8.78273e-54,1.31549e-51,3.07601e-50,5.62166e-53,9.68100e-52,1.63302e-51
0.00000e+00,0.00000e+00,0.00000e+00,0.00000e+00,0.00000e+00,3.32603e-57,8.01106e-56,1.38093e-58,2.67127e-57,3.90407e-57,8.78273e-54,2.05946e-52,3.74313e-55,7.06462e-54,1.02979e-53,1.63302e-51,3.81731e-50,6.98052e-53,1.31549e-51,1.91310e-51
0.00000e+00,0.00000e+00,0.00000e+00,0.00000e+00,0.00000e+00,3.90407e-57,9.40098e-56,1.62130e-58,3.32603e-57,4.39326e-57,1.02979e-53,2.41411e-52,4.38993e-55,8.78273e-54,1.15787e-53,1.91310e-51,4.47056e-50,8.18008e-53,1.63302e-51,2.14968e-51
0.00000e+00,0.00000e+00,0.00000e+00,0.00000e+00,0.00000e+00,4.39326e-57,1.05763e-55,1.82486e-58,3.90407e-57,4.78378e-57,1.15787e-53,2.71366e-52,4.93706e-55,1.02979e-53,1.25999e-53,2.14968e-51,5.02185e-50,9.19426e-53,1.91310e-51,2.33814e-51
0.00000e+00,0.00000e+00,0.00000e+00,0.00000e+00,0.00000e+00,4.78378e-57,1.15139e-55,1.98747e-58,4.39326e-57,5.06818e-57,1.25999e-53,2.95233e-52,5.37359e-55,1.15787e-53,1.33425e-53,2.33814e-51,5.46059e-50,1.00028e-52,2.14968e-51,2.47505e-51
0.00000e+00,0.00000e+00,0.00000e+00,0.00000e+00,0.00000e+00,5.06818e-57,1.21963e-55,2.10596e-58,4.78378e-57,5.24123e-57,1.33425e-53,3.12577e-52,5.69122e-55,1.25999e-53,1.37934e-53,2.47505e-51,5.77907e-50,1.05905e-52,2.33814e-51,2.55810e-51
0.00000e+00,0.00000e+00,0.00000e+00,0.00000e+00,0.00000e+00,5.24123e-57,1.26113e-55,2.17811e-58,5.06818e-57,5.29986e-57,1.37934e-53,3.23103e-52,5.88414e-55,1.33425e-53,1.39448e-53,2.55810e-51,5.97215e-50,1.09473e-52,2.47505e-51,2.58595e-51
0.00000e+00,0.00000e+00,0.00000e+00,0.00000e+00,0.00000e+00,5.29986e-57,1.27517e-55,2.20258e-58,5.24123e-57,5.24302e-57,1.39448e-53,3.26635e-52,5.94893e-55,1.37934e-53,1.37941e-53,2.58595e-51,6.03689e-50,1.10670e-52,2.55810e-51,2.55818e-51
0.00000e+00,0.00000e+00,0.00000e+00,0.00000e+00,0.00000e+00,5.24302e-57,1.26151e-55,2.17892e-58,5.29986e-57,5.07163e-57,1.37941e-53,3.23117e-52,5.88446e-55,1.39448e-53,1.33438e-53,2.55818e-51,5.97233e-50,1.09476e-52,2.58595e-51,2.47521e-51
0.00000e+00,0.00000e+00,0.00000e+00,0.00000e+00,0.00000e+00,5.07163e-57,1.22038e-55,2.10754e-58,5.24302e-57,4.78870e-57,1.33438e-53,3.12606e-52,5.69184e-55,1.37941e-53,1.26018e-53,2.47521e-51,5.77941e-50,1.05913e-52,2.55818e-51,2.33837e-51
0.00000e+00,0.00000e+00,0.00000e+00,0.00000e+00,0.00000e+00,4.78870e-57,1.15247e-55,1.98972e-58,5.07163e-57,4.39933e-57,1.26018e-53,2.95272e-52,5.37446e-55,1.33438e-53,1.15809e-53,2.33837e-51,5.46107e-50,1.00038e-52,2.47521e-51,2.14996e-51
0.00000e+00,0.00000e+00,0.00000e+00,0.00000e+00,0.00000e+00,4.39933e-57,1.05896e-55,1.82763e-58,4.78870e-57,3.91088e-57,1.15809e-53,2.71414e-52,4.93811e-55,1.26018e-53,1.03004e-53,2.14996e-51,5.02244e-50,9.19555e-53,2.33837e-51,1.91340e-51
0.00000e+00,0.00000e+00,0.00000e+00,0.00000e+00,0.00000e+00,3.91088e-57,9.41584e-56,1.62441e-58,4.39933e-57,3.33306e-57,1.03004e-53,2.41464e-52,4.39109e-55,1.15809e-53,8.78524e-54,1.91340e-51,4.47120e-50,8.18150e-53,2.14996e-51,1.63333e-51
0.00000e+00,0.00000e+00,0.00000e+00,0.00000e+00,0.00000e+00,3.33306e-57,8.02641e-56,1.38414e-58,3.91088e-57,2.67793e-57,8.78524e-54,2.06000e-52,3.74430e-55,1.03004e-53,7.06693e-54,1.63333e-51,3.81796e-50,6.98194e-53,1.91340e-51,1.31577e-51
0.00000e+00,0.00000e+00,0.00000e+00,0.00000e+00,0.00000e+00,2.67793e-57,6.45008e-56,1.11189e-58,3.33306e-57,1.95984e-57,7.06693e-54,1.65750e-52,3.01127e-55,8.78524e-54,5.18294e-54,1.31577e-51,3.07660e-50,5.62296e-53,1.63333e-51,9.68324e-52
0.00000e+00,0.00000e+00,0.00000e+00,0.00000e+00,0.00000e+00,1.95984e-57,4.72126e-56,8.13613e-59,2.67793e-57,1.19509e-57,5.18294e-54,1.21590e-52,2.20803e-55,7.06693e-54,3.17613e-54,9.68324e-52,2.26480e-50,4.13712e-53,1.31577e-51,6.00470e-52
0.00000e+00,0.00000e+00,0.00000e+00,0.00000e+00,0.00000e+00,1.19509e-57,2.87932e-56,4.96085e-59,1.95984e-57,4.01607e-58,3.17613e-54,7.45280e-53,1.35281e-55,5.18294e-54,1.09600e-54,6.00470e-52,1.40477e-50,2.56492e-53,9.68324e-52,2.26531e-52
0.00000e+00,0.00000e+00,0.00000e+00,0.00000e+00,0.00000e+00,4.94303e-59,1.19120e-57,2.05126e-60,1.66041e-59,8.11034e-59,1.35223e-55,3.17489e-54,5.75627e-57,4.66350e-56,2.20716e-55,2.56422e-53,6.00321e-52,1.09455e-54,9.66992e-54,4.13607e-53
0.00000e+00,0.00000e+00,0.00000e+00,0.00000e+00,0.00000e+00,8.11034e-59,1.95420e-57,3.36609e-60,4.94303e-59,1.10884e-58,2.20716e-55,5.18107e-54,9.39738e-57,1.35223e-55,3.01020e-55,4.13607e-53,9.68100e-52,1.76586e-54,2.56422e-53,5.62166e-53
0.00000e+00,0.00000e+00,0.00000e+00,0.00000e+00,0.00000e+00,1.10884e-58,2.67127e-57,4.60290e-60,8.11034e-59,1.38093e-58,3.01020e-55,7.06462e-54,1.28189e-56,2.20716e-55,3.74313e-55,5.62166e-53,1.31549e-51,2.40066e-54,4.13607e-53,6.98052e-53
0.00000e+00,0.00000e+00,0.00000e+00,0.00000e+00,0.00000e+00,1.38093e-58,3.32603e-57,5.73350e-60,1.10884e-58,1.62130e-58,3.74313e-55,8.78273e-54,1.59434e-56,3.01020e-55,4.38993e-55,6.98052e-53,1.63302e-51,2.98168e-54,5.62166e-53,8.18008e-53
0.00000e+00,0.00000e+00,0.00000e+00,0.00000e+00,0.00000e+00,1.62130e-58,3.90407e-57,6.73292e-60,1.38093e-58,1.82486e-58,4.38993e-55,1.02979e-53,1.87024e-56,3.74313e-55,4.93706e-55,8.18008e-53,1.91310e-51,3.49496e-54,6.98052e-53,9.19426e-53
0.00000e+00,0.00000e+00,0.00000e+00,0.00000e+00,0.00000e+00,1.82486e-58,4.39326e-57,7.57980e-60,1.62130e-58,1.98747e-58,4.93706e-55,1.15787e-53,2.10377e-56,4.38993e-55,5.37359e-55,9.19426e-53,2.14968e-51,3.92926e-54,8.18008e-53,1.00028e-52
0.00000e+00,0.00000e+00,0.00000e+00,0.00000e+00,0.00000e+00,1.98747e-58,4.78378e-57,8.25674e-60,1.82486e-58,2.10596e-58,5.37359e-55,1.25999e-53,2.29020e-56,4.93706e-55,5.69122e-55,1.00028e-52,2.33814e-51,4.27572e-54,9.19426e-53,1.05905e-52
0.00000e+00,0.00000e+00,0.00000e+00,0.00000e+00,0.00000e+00,2.10596e-58,5.06818e-57,8.75030e-60,1.98747e-58,2.17811e-58,5.69122e-55,1.33425e-53,2.42592e-56,5.37359e-55,5.88414e-55,1.05905e-52,2.47505e-51,4.52775e-54,1.00028e-52,1.09473e-52
0.00000e+00,0.00000e+00,0.00000e+00,0.00000e+00,0.00000e+00,2.17811e-58,5.24123e-57,9.05098e-60,2.10596e-58,2.20258e-58,5.88414e-55,1.37934e-53,2.50838e-56,5.69122e-55,5.94893e-55,1.09473e-52,2.55810e-51,4.68078e-54,1.05905e-52,1.10670e-52
0.00000e+00,0.00000e+00,0.00000e+00,0.00000e+00,0.00000e+00,2.20258e-58,5.29986e-57,9.15310e-60,2.17811e-58,2.17892e-58,5.94893e-55,1.39448e-53,2.53609e-56,5.88414e-55,5.88446e-55,1.10670e-52,2.58595e-51,4.73215e-54,1.09473e-52,1.09476e-52
0.00000e+00,0.00000e+00,0.00000e+00,0.00000e+00,0.00000e+00,2.17892e-58,5.24302e-57,9.05470e-60,2.20258e-58,2.10754e-58,5.88446e-55,1.37941e-53,2.50853e-56,5.94893e-55,5.69184e-55,1.09476e-52,2.55818e-51,4.68097e-54,1.10670e-52,1.05913e-52
0.00000e+00,0.00000e+00,0.00000e+00,0.00000e+00,0.00000e+00,2.10754e-58,5.07163e-57,8.75753e-60,2.17892e-58,1.98972e-58,5.69184e-55,1.33438e-53,2.42621e-56,5.88446e-55,5.37446e-55,1.05913e-52,2.47521e-51,4.52811e-54,1.09476e-52,1.00038e-52
0.00000e+00,0.00000e+00,0.00000e+00,0.00000e+00,0.00000e+00,1.98972e-58,4.78870e-57,8.26703e-60,2.10754e-58,1.82763e-58,5.37446e-55,1.26018e-53,2.29060e-56,5.69184e-55,4.93811e-55,1.00038e-52,2.33837e-51,4.27622e-54,1.05913e-52,9.19555e-53
0.00000e+00,0.00000e+00,0.00000e+00,0.00000e+00,0.00000e+00,1.82763e-58,4.39933e-57,7.59250e-60,1.98972e-58,1.62441e-58,4.93811e-55,1.15809e-53,2.10426e-56,5.37446e-55,4.39109e-55,9.19555e-53,2.14996e-51,3.92986e-54,1.00038e-52,8.18150e-53
0.00000e+00,0.00000e+00,0.00000e+00,0.00000e+00,0.00000e+00,1.62441e-58,3.91088e-57,6.74716e-60,1.82763e-58,1.38414e-58,4.39109e-55,1.03004e-53,1.87078e-56,4.93811e-55,3.74430e-55,8.18150e-53,1.91340e-51,3.49563e-54,9.19555e-53,6.98194e-53
0.00000e+00,0.00000e+00,0.00000e+00,0.00000e+00,0.00000e+00,1.38414e-58,3.33306e-57,5.74823e-60,1.62441e-58,1.11189e-58,3.74430e-55,8.78524e-54,1.59489e-56,4.39109e-55,3.01127e-55,6.98194e-53,1.63333e-51,2.98234e-54,8.18150e-53,5.62296e-53
0.00000e+00,0.00000e+00,0.00000e+00,0.00000e+00,0.00000e+00,1.11189e-58,2.67793e-57,4.61686e-60,1.38414e-58,8.13613e-59,3.01127e-55,7.06693e-54,1.28239e-56,3.74430e-55,2.20803e-55,5.62296e-53,1.31577e-51,2.40126e-54,6.98194e-53,4.13712e-53
0.00000e+00,0.00000e+00,0.00000e+00,0.00000e+00,0.00000e+00,8.13613e-59,1.95984e-57,3.37791e-60,1.11189e-58,4.96085e-59,2.20803e-55,5.18294e-54,9.40144e-57,3.01127e-55,1.35281e-55,4.13712e-53,9.68324e-52,1.76635e-54,5.62296e-53,2.56492e-53
0.00000e+00,0.00000e+00,0.00000e+00,0.00000e+00,0.00000e+00,4.96085e-59,1.19509e-57,2.05943e-60,8.13613e-59,1.66699e-59,1.35281e-55,3.17613e-54,5.75895e-57,2.20803e-55,4.66568e-56,2.56492e-53,6.00470e-52,1.09488e-54,4.13712e-53,9.67274e-54
0.00000e+00,0.00000e+00,0.00000e+00,0.00000e+00,0.00000e+00,2.05126e-60,4.94303e-59,8.51259e-62,6.88982e-61,3.36609e-60,5.75627e-57,1.35223e-55,2.44910e-58,1.98416e-57,9.39738e-57,1.09455e-54,2.56422e-53,4.66914e-56,4.12621e-55,1.76586e-54
0.00000e+00,0.00000e+00,0.00000e+00,0.00000e+00,0.00000e+00,3.36609e-60,8.11034e-59,1.39708e-61,2.05126e-60,4.60290e-60,9.39738e-57,2.20716e-55,3.99899e-58,5.75627e-57,1.28189e-56,1.76586e-54,4.13607e-53,7.53423e-56,1.09455e-54,2.40066e-54
0.00000e+00,0.00000e+00,0.00000e+00,0.00000e+00,0.00000e+00,4.60290e-60,1.10884e-58,1.91073e-61,3.36609e-60,5.73350e-60,1.28189e-56,3.01020e-55,5.45595e-58,9.39738e-57,1.59434e-56,2.40066e-54,5.62166e-53,1.02447e-55,1.76586e-54,2.98168e-54
0.00000e+00,0.00000e+00,0.00000e+00,0.00000e+00,0.00000e+00,5.73350e-60,1.38093e-58,2.38050e-61,4.60290e-60,6.73292e-60,1.59434e-56,3.74313e-55,6.78705e-58,1.28189e-56,1.87024e-56,2.98168e-54,6.98052e-53,1.27270e-55,2.40066e-54,3.49496e-54
0.00000e+00,0.00000e+00,0.00000e+00,0.00000e+00,0.00000e+00,6.73292e-60,1.62130e-58,2.79599e-61,5.73350e-60,7.57980e-60,1.87024e-56,4.38993e-55,7.96305e-58,1.59434e-56,2.10377e-56,3.49496e-54,8.18008e-53,1.49214e-55,2.98168e-54,3.92926e-54
0.00000e+00,0.00000e+00,0.00000e+00,0.00000e+00,0.00000e+00,7.57980e-60,1.82486e-58,3.14827e-61,6.73292e-60,8.25674e-60,2.10377e-56,4.93706e-55,8.95900e-58,1.87024e-56,2.29020e-56,3.92926e-54,9.19426e-53,1.67793e-55,3.49496e-54,4.27572e-54
0.00000e+00,0.00000e+00,0.00000e+00,0.00000e+00,0.00000e+00,8.25674e-60,1.98747e-58,3.43001e-61,7.57980e-60,8.75030e-60,2.29020e-56,5.37359e-55,9.75452e-58,2.10377e-56,2.42592e-56,4.27572e-54,1.00028e-52,1.82624e-55,3.92926e-54,4.52775e-54
0.00000e+00,0.00000e+00,0.00000e+00,0.00000e+00,0.00000e+00,8.75030e-60,2.10596e-58,3.63554e-61,8.25674e-60,9.05098e-60,2.42592e-56,5.69122e-55,1.03339e-57,2.29020e-56,2.50838e-56,4.52775e-54,1.05905e-52,1.93419e-55,4.27572e-54,4.68078e-54
0.00000e+00,0.00000e+00,0.00000e+00,0.00000e+00,0.00000e+00,9.05098e-60,2.17811e-58,3.76082e-61,8.75030e-60,9.15310e-60,2.50838e-56,5.88414e-55,1.06861e-57,2.42592e-56,2.53609e-56,4.68078e-54,1.09473e-52,1.99976e-55,4.52775e-54,4.73215e-54
0.00000e+00,0.00000e+00,0.00000e+00,0.00000e+00,0.00000e+00,9.15310e-60,2.20258e-58,3.80343e-61,9.05098e-60,9.05470e-60,2.53609e-56,5.94893e-55,1.08044e-57,2.50838e-56,2.50853e-56,4.73215e-54,1.10670e-52,2.02178e-55,4.68078e-54,4.68097e-54
0.00000e+00,0.00000e+00,0.00000e+00,0.00000e+00,0.00000e+00,9.05470e-60,2.17892e-58,3.76253e-61,9.15310e-60,8.75753e-60,2.50853e-56,5.88446e-55,1.06868e-57,2.53609e-56,2.42621e-56,4.68097e-54,1.09476e-52,1.99985e-55,4.73215e-54,4.52811e-54
0.00000e+00,0.00000e+00,0.00000e+00,0.00000e+00,0.00000e+00,8.75753e-60,2.10754e-58,3.63885e-61,9.05470e-60,8.26703e-60,2.42621e-56,5.69184e-55,1.03353e-57,2.50853e-56,2.29060e-56,4.52811e-54,1.05913e-52,1.93436e-55,4.68097e-54,4.27622e-54
0.00000e+00,0.00000e+00,0.00000e+00,0.00000e+00,0.00000e+00,8.26703e-60,1.98972e-58,3.43473e-61,8.75753e-60,7.59250e-60,2.29060e-56,5.37446e-55,9.75641e-58,2.42621e-56,2.10426e-56,4.27622e-54,1.00038e-52,1.82648e-55,4.52811e-54,3.92986e-54
0.00000e+00,0.00000e+00,0.00000e+00,0.00000e+00,0.00000e+00,7.59250e-60,1.82763e-58,3.15408e-61,8.26703e-60,6.74716e-60,2.10426e-56,4.93811e-55,8.96129e-58,2.29060e-56,1.87078e-56,3.92986e-54,9.19555e-53,1.67822e-55,4.27622e-54,3.49563e-54
0.00000e+00,0.00000e+00,0.00000e+00,0.00000e+00,0.00000e+00,6.74716e-60,1.62441e-58,2.80251e-61,7.59250e-60,5.74823e-60,1.87078e-56,4.39109e-55,7.96557e-58,2.10426e-56,1.59489e-56,3.49563e-54,8.18150e-53,1.49245e-55,3.92986e-54,2.98234e-54
0.00000e+00,0.00000e+00,0.00000e+00,0.00000e+00,0.00000e+00,5.74823e-60,1.38414e-58,2.38724e-61,6.74716e-60,4.61686e-60,1.59489e-56,3.74430e-55,6.78958e-58,1.87078e-56,1.28239e-56,2.98234e-54,6.98194e-53,1.27301e-55,3.49563e-54,2.40126e-54
0.00000e+00,0.00000e+00,0.00000e+00,0.00000e+00,0.00000e+00,4.61686e-60,1.11189e-58,1.91713e-61,5.74823e-60,3.37791e-60,1.28239e-56,3.01127e-55,5.45827e-58,1.59489e-56,9.40144e-57,2.40126e-54,5.62296e-53,1.02476e-55,2.98234e-54,1.76635e-54
0.00000e+00,0.00000e+00,0.00000e+00,0.00000e+00,0.00000e+00,3.37791e-60,8.13613e-59,1.40250e-61,4.61686e-60,2.05943e-60,9.40144e-57,2.20803e-55,4.00087e-58,1.28239e-56,5.75895e-57,1.76635e-54,4.13712e-53,7.53653e-56,2.40126e-54,1.09488e-54
0.00000e+00,0.00000e+00,0.00000e+00,0.00000e+00,0.00000e+00,2.05943e-60,4.96085e-59,8.55006e-62,3.37791e-60,6.92000e-61,5.75895e-57,1.35281e-55,2.45034e-58,9.40144e-57,1.98518e-57,1.09488e-54,2.56492e-53,4.67067e-56,1.76635e-54,4.12753e-55
0.00000e+00,0.00000e+00,0.00000e+00,0.00000e+00,0.00000e+00,8.51259e-62,2.05126e-60,3.53268e-63,2.85899e-62,1.39708e-61,2.44910e-58,5.75627e-57,1.04149e-59,8.43774e-59,3.99899e-58,4.66914e-56,1.09455e-54,1.99054e-57,1.75958e-56,7.53423e-56
0.00000e+00,0.00000e+00,0.00000e+00,0.00000e+00,0.00000e+00,1.39708e-61,3.36609e-60,5.79855e-63,8.51259e-62,1.91073e-61,3.99899e-58,9.39738e-57,1.70087e-59,2.44910e-58,5.45595e-58,7.53423e-56,1.76586e-54,3.21253e-57,4.66914e-56,1.02447e-55
0.00000e+00,0.00000e+00,0.00000e+00,0.00000e+00,0.00000e+00,1.91073e-61,4.60290e-60,7.93163e-63,1.39708e-61,2.38050e-61,5.45595e-58,1.28189e-56,2.32091e-59,3.99899e-58,6.78705e-58,1.02447e-55,2.40066e-54,4.36905e-57,7.53423e-56,1.27270e-55
0.00000e+00,0.00000e+00,0.00000e+00,0.00000e+00,0.00000e+00,2.38050e-61,5.73350e-60,9.88343e-63,1.91073e-61,2.79599e-61,6.78705e-58,1.59434e-56,2.88764e-59,5.45595e-58,7.96305e-58,1.27270e-55,2.98168e-54,5.42876e-57,1.02447e-55,1.49214e-55
0.00000e+00,0.00000e+00,0.00000e+00,0.00000e+00,0.00000e+00,2.79599e-61,6.73292e-60,1.16106e-62,2.38050e-61,3.14827e-61,7.96305e-58,1.87024e-56,3.38856e-59,6.78705e-58,8.95900e-58,1.49214e-55,3.49496e-54,6.36610e-57,1.27270e-55,1.67793e-55
0.00000e+00,0.00000e+00,0.00000e+00,0.00000e+00,0.00000e+00,3.14827e-61,7.57980e-60,1.30757e-62,2.79599e-61,3.43001e-61,8.95900e-58,2.10377e-56,3.81301e-59,7.96305e-58,9.75452e-58,1.67793e-55,3.92926e-54,7.16019e-57,1.49214e-55,1.82624e-55
0.00000e+00,0.00000e+00,0.00000e+00,0.00000e+00,0.00000e+00,3.43001e-61,8.25674e-60,1.42481e-62,3.14827e-61,3.63554e-61,9.75452e-58,2.29020e-56,4.15219e-59,8.95900e-58,1.03339e-57,1.82624e-55,4.27572e-54,7.79446e-57,1.67793e-55,1.93419e-55
0.00000e+00,0.00000e+00,0.00000e+00,0.00000e+00,0.00000e+00,3.63554e-61,8.75030e-60,1.51039e-62,3.43001e-61,3.76082e-61,1.03339e-57,2.42592e-56,4.39932e-59,9.75452e-58,1.06861e-57,1.93419e-55,4.52775e-54,8.25633e-57,1.82624e-55,1.99976e-55
0.00000e+00,0.00000e+00,0.00000e+00,0.00000e+00,0.00000e+00,3.76082e-61,9.05098e-60,1.56257e-62,3.63554e-61,3.80343e-61,1.06861e-57,2.50838e-56,4.54958e-59,1.03339e-57,1.08044e-57,1.99976e-55,4.68078e-54,8.53699e-57,1.93419e-55,2.02178e-55
0.00000e+00,0.00000e+00,0.00000e+00,0.00000e+00,0.00000e+00,3.80343e-61,9.15310e-60,1.58035e-62,3.76082e-61,3.76253e-61,1.08044e-57,2.53609e-56,4.60010e-59,1.06861e-57,1.06868e-57,2.02178e-55,4.73215e-54,8.63126e-57,1.99976e-55,1.99985e-55
0.00000e+00,0.00000e+00,0.00000e+00,0.00000e+00,0.00000e+00,3.76253e-61,9.05470e-60,1.56336e-62,3.80343e-61,3.63885e-61,1.06868e-57,2.50853e-56,4.54990e-59,1.08044e-57,1.03353e-57,1.99985e-55,4.68097e-54,8.53740e-57,2.02178e-55,1.93436e-55
0.00000e+00,0.00000e+00,0.00000e+00,0.00000e+00,0.00000e+00,3.63885e-61,8.75753e-60,1.51191e-62,3.76253e-61,3.43473e-61,1.03353e-57,2.42621e-56,4.39994e-59,1.06868e-57,9.75641e-58,1.93436e-55,4.52811e-54,8.25711e-57,1.99985e-55,1.82648e-55
0.00000e+00,0.00000e+00,0.00000e+00,0.00000e+00,0.00000e+00,3.43473e-61,8.26703e-60,1.42698e-62,3.63885e-61,3.15408e-61,9.75641e-58,2.29060e-56,4.15306e-59,1.03353e-57,8.96129e-58,1.82648e-55,4.27622e-54,7.79556e-57,1.93436e-55,1.67822e-55
0.00000e+00,0.00000e+00,0.00000e+00,0.00000e+00,0.00000e+00,3.15408e-61,7.59250e-60,1.31025e-62,3.43473e-61,2.80251e-61,8.96129e-58,2.10426e-56,3.81407e-59,9.75641e-58,7.96557e-58,1.67822e-55,3.92986e-54,7.16152e-57,1.82648e-55,1.49245e-55
0.00000e+00,0.00000e+00,0.00000e+00,0.00000e+00,0.00000e+00,2.80251e-61,6.74716e-60,1.16405e-62,3.15408e-61,2.38724e-61,7.96557e-58,1.87078e-56,3.38973e-59,8.96129e-58,6.78958e-58,1.49245e-55,3.49563e-54,6.36755e-57,1.67822e-55,1.27301e-55
0.00000e+00,0.00000e+00,0.00000e+00,0.00000e+00,0.00000e+00,2.38724e-61,5.74823e-60,9.91442e-63,2.80251e-61,1.91713e-61,6.78958e-58,1.59489e-56,2.88881e-59,7.96557e-58,5.45827e-58,1.27301e-55,2.98234e-54,5.43022e-57,1.49245e-55,1.02476e-55
0.00000e+00,0.00000e+00,0.00000e+00,0.00000e+00,0.00000e+00,1.91713e-61,4.61686e-60,7.96104e-63,2.38724e-61,1.40250e-61,5.45827e-58,1.28239e-56,2.32199e-59,6.78958e-58,4.00087e-58,1.02476e-55,2.40126e-54,4.37038e-57,1.27301e-55,7.53653e-56
0.00000e+00,0.00000e+00,0.00000e+00,0.00000e+00,0.00000e+00,1.40250e-61,3.37791e-60,5.82345e-63,1.91713e-61,8.55006e-62,4.00087e-58,9.40144e-57,1.70174e-59,5.45827e-58,2.45034e-58,7.53653e-56,1.76635e-54,3.21360e-57,1.02476e-55,4.67067e-56
0.00000e+00,0.00000e+00,0.00000e+00,0.00000e+00,0.00000e+00,8.55006e-62,2.05943e-60,3.54991e-63,1.40250e-61,2.87284e-62,2.45034e-58,5.75895e-57,1.04206e-59,4.00087e-58,8.44244e-59,4.67067e-56,1.09488e-54,1.99125e-57,7.53653e-56,1.76020e-56
0.00000e+00,0.00000e+00,0.00000e+00,0.00000e+00,0.00000e+00,3.53268e-63,8.51259e-62,1.46603e-64,1.18637e-63,5.79855e-63,1.04149e-59,2.44910e-58,4.42682e-61,3.58646e-60,1.70087e-59,1.99054e-57,4.66914e-56,8.48103e-59,7.49906e-58,3.21253e-57
0.00000e+00,0.00000e+00,0.00000e+00,0.00000e+00,0.00000e+00,5.79855e-63,1.39708e-61,2.40664e-64,3.53268e-63,7.93163e-63,1.70087e-59,3.99899e-58,7.23062e-61,1.04149e-59,2.32091e-59,3.21253e-57,7.53423e-56,1.36897e-58,1.99054e-57,4.36905e-57
0.00000e+00,0.00000e+00,0.00000e+00,0.00000e+00,0.00000e+00,7.93163e-63,1.91073e-61,3.29244e-64,5.79855e-63,9.88343e-63,2.32091e-59,5.45595e-58,9.86795e-61,1.70087e-59,2.88764e-59,4.36905e-57,1.02447e-55,1.86210e-58,3.21253e-57,5.42876e-57
0.00000e+00,0.00000e+00,0.00000e+00,0.00000e+00,0.00000e+00,9.88343e-63,2.38050e-61,4.10331e-64,7.93163e-63,1.16106e-62,2.88764e-59,6.78705e-58,1.22794e-60,2.32091e-59,3.38856e-59,5.42876e-57,1.27270e-55,2.31417e-58,4.36905e-57,6.36610e-57
0.00000e+00,0.00000e+00,0.00000e+00,0.00000e+00,0.00000e+00,1.16106e-62,2.79599e-61,4.82119e-64,9.88343e-63,1.30757e-62,3.38856e-59,7.96305e-58,1.44117e-60,2.88764e-59,3.81301e-59,6.36610e-57,1.49214e-55,2.71424e-58,5.42876e-57,7.16019e-57
0.00000e+00,0.00000e+00,0.00000e+00,0.00000e+00,0.00000e+00,1.30757e-62,3.14827e-61,5.43048e-64,1.16106e-62,1.42481e-62,3.81301e-59,8.95900e-58,1.62193e-60,3.38856e-59,4.15219e-59,7.16019e-57,1.67793e-55,3.05336e-58,6.36610e-57,7.79446e-57
0.00000e+00,0.00000e+00,0.00000e+00,0.00000e+00,0.00000e+00,1.42481e-62,3.43001e-61,5.91827e-64,1.30757e-62,1.51039e-62,4.15219e-59,9.75452e-58,1.76644e-60,3.81301e-59,4.39932e-59,7.79446e-57,1.82624e-55,3.32436e-58,7.16019e-57,8.25633e-57
0.00000e+00,0.00000e+00,0.00000e+00,0.00000e+00,0.00000e+00,1.51039e-62,3.63554e-61,6.27446e-64,1.42481e-62,1.56257e-62,4.39932e-59,1.03339e-57,1.87177e-60,4.15219e-59,4.54958e-59,8.25633e-57,1.93419e-55,3.52178e-58,7.79446e-57,8.53699e-57
0.00000e+00,0.00000e+00,0.00000e+00,0.00000e+00,0.00000e+00,1.56257e-62,3.76082e-61,6.49183e-64,1.51039e-62,1.58035e-62,4.54958e-59,1.06861e-57,1.93583e-60,4.39932e-59,4.60010e-59,8.53699e-57,1.99976e-55,3.64179e-58,8.25633e-57,8.63126e-57
0.00000e+00,0.00000e+00,0.00000e+00,0.00000e+00,0.00000e+00,1.58035e-62,3.80343e-61,6.56600e-64,1.56257e-62,1.56336e-62,4.60010e-59,1.08044e-57,1.95737e-60,4.54958e-59,4.54990e-59,8.63126e-57,2.02178e-55,3.68211e-58,8.53699e-57,8.53740e-57
0.00000e+00,0.00000e+00,0.00000e+00,0.00000e+00,0.00000e+00,1.56336e-62,3.76253e-61,6.49544e-64,1.58035e-62,1.51191e-62,4.54990e-59,1.06868e-57,1.93598e-60,4.60010e-59,4.39994e-59,8.53740e-57,1.99985e-55,3.64198e-58,8.63126e-57,8.25711e-57
0.00000e+00,0.00000e+00,0.00000e+00,0.00000e+00,0.00000e+00,1.51191e-62,3.63885e-61,6.28147e-64,1.56336e-62,1.42698e-62,4.39994e-59,1.03353e-57,1.87205e-60,4.54990e-59,4.15306e-59,8.25711e-57,1.93436e-55,3.52215e-58,8.53740e-57,7.79556e-57
0.00000e+00,0.00000e+00,0.00000e+00,0.00000e+00,0.00000e+00,1.42698e-62,3.43473e-61,5.92824e-64,1.51191e-62,1.31025e-62,4.15306e-59,9.75641e-58,1.76684e-60,4.39994e-59,3.81407e-59,7.79556e-57,1.82648e-55,3.32487e-58,8.25711e-57,7.16152e-57
0.00000e+00,0.00000e+00,0.00000e+00,0.00000e+00,0.00000e+00,1.31025e-62,3.15408e-61,5.44279e-64,1.42698e-62,1.16405e-62,3.81407e-59,8.96129e-58,1.62242e-60,4.15306e-59,3.38973e-59,7.16152e-57,1.67822e-55,3.05398e-58,7.79556e-57,6.36755e-57
0.00000e+00,0.00000e+00,0.00000e+00,0.00000e+00,0.00000e+00,1.16405e-62,2.80251e-61,4.83499e-64,1.31025e-62,9.91442e-63,3.38973e-59,7.96557e-58,1.44171e-60,3.81407e-59,2.88881e-59,6.36755e-57,1.49245e-55,2.71492e-58,7.16152e-57,5.43022e-57
0.00000e+00,0.00000e+00,0.00000e+00,0.00000e+00,0.00000e+00,9.91442e-63,2.38724e-61,4.11758e-64,1.16405e-62,7.96104e-63,2.88881e-59,6.78958e-58,1.22848e-60,3.38973e-59,2.32199e-59,5.43022e-57,1.27301e-55,2.31485e-58,6.36755e-57,4.37038e-57
0.00000e+00,0.00000e+00,0.00000e+00,0.00000e+00,0.00000e+00,7.96104e-63,1.91713e-61,3.30598e-64,9.91442e-63,5.82345e-63,2.32199e-59,5.45827e-58,9.87292e-61,2.88881e-59,1.70174e-59,4.37038e-57,1.02476e-55,1.86272e-58,5.43022e-57,3.21360e-57
0.00000e+00,0.00000e+00,0.00000e+00,0.00000e+00,0.00000e+00,5.82345e-63,1.40250e-61,2.41810e-64,7.96104e-63,3.54991e-63,1.70174e-59,4.00087e-58,7.23465e-61,2.32199e-59,1.04206e-59,3.21360e-57,7.53653e-56,1.36946e-58,4.37038e-57,1.99125e-57
0.00000e+00,0.00000e+00,0.00000e+00,0.00000e+00,0.00000e+00,3.54991e-63,8.55006e-62,1.47397e-64,5.82345e-63,1.19274e-63,1.04206e-59,2.45034e-58,4.42948e-61,1.70174e-59,3.58863e-60,1.99125e-57,4.67067e-56,8.48435e-59,3.21360e-57,7.50193e-58
0.00000e+00,0.00000e+00,0.00000e+00,0.00000e+00,0.00000e+00,1.46603e-64,3.53268e-63,6.08373e-66,4.92293e-65,2.40664e-64,4.42682e-61,1.04149e-59,1.88073e-62,1.52371e-61,7.23062e-61,8.48103e-59,1.99054e-57,3.61144e-60,3.19414e-59,1.36897e-58
0.00000e+00,0.00000e+00,0.00000e+00,0.00000e+00,0.00000e+00,2.40664e-64,5.79855e-63,9.98823e-66,1.46603e-64,3.29244e-64,7.23062e-61,1.70087e-59,3.07237e-62,4.42682e-61,9.86795e-61,1.36897e-58,3.21253e-57,5.83024e-60,8.48103e-59,1.86210e-58
0.00000e+00,0.00000e+00,0.00000e+00,0.00000e+00,0.00000e+00,3.29244e-64,7.93163e-63,1.36665e-65,2.40664e-64,4.10331e-64,9.86795e-61,2.32091e-59,4.19354e-62,7.23062e-61,1.22794e-60,1.86210e-58,4.36905e-57,7.93164e-60,1.36897e-58,2.31417e-58
0.00000e+00,0.00000e+00,0.00000e+00,0.00000e+00,0.00000e+00,4.10331e-64,9.88343e-63,1.70350e-65,3.29244e-64,4.82119e-64,1.22794e-60,2.88764e-59,5.21902e-62,9.86795e-61,1.44117e-60,2.31417e-58,5.42876e-57,9.85882e-60,1.86210e-58,2.71424e-58
0.00000e+00,0.00000e+00,0.00000e+00,0.00000e+00,0.00000e+00,4.82119e-64,1.16106e-62,2.00185e-65,4.10331e-64,5.43048e-64,1.44117e-60,3.38856e-59,6.12618e-62,1.22794e-60,1.62193e-60,2.71424e-58,6.36610e-57,1.15651e-59,2.31417e-58,3.05336e-58
0.00000e+00,0.00000e+00,0.00000e+00,0.00000e+00,0.00000e+00,5.43048e-64,1.30757e-62,2.25519e-65,4.82119e-64,5.91827e-64,1.62193e-60,3.81301e-59,6.89546e-62,1.44117e-60,1.76644e-60,3.05336e-58,7.16019e-57,1.30121e-59,2.71424e-58,3.32436e-58
0.00000e+00,0.00000e+00,0.00000e+00,0.00000e+00,0.00000e+00,5.91827e-64,1.42481e-62,2.45811e-65,5.43048e-64,6.27446e-64,1.76644e-60,4.15219e-59,7.51071e-62,1.62193e-60,1.87177e-60,3.32436e-58,7.79446e-57,1.41690e-59,3.05336e-58,3.52178e-58
0.00000e+00,0.00000e+00,0.00000e+00,0.00000e+00,0.00000e+00,6.27446e-64,1.51039e-62,2.60635e-65,5.91827e-64,6.49183e-64,1.87177e-60,4.39932e-59,7.95929e-62,1.76644e-60,1.93583e-60,3.52178e-58,8.25633e-57,1.50121e-59,3.32436e-58,3.64179e-58
0.00000e+00,0.00000e+00,0.00000e+00,0.00000e+00,0.00000e+00,6.49183e-64,1.56257e-62,2.69688e-65,6.27446e-64,6.56600e-64,1.93583e-60,4.54958e-59,8.23219e-62,1.87177e-60,1.95737e-60,3.64179e-58,8.53699e-57,1.55248e-59,3.52178e-58,3.68211e-58
0.00000e+00,0.00000e+00,0.00000e+00,0.00000e+00,0.00000e+00,6.56600e-64,1.58035e-62,2.72782e-65,6.49183e-64,6.49544e-64,1.95737e-60,4.60010e-59,8.32399e-62,1.93583e-60,1.93598e-60,3.68211e-58,8.63126e-57,1.56971e-59,3.64179e-58,3.64198e-58
0.00000e+00,0.00000e+00,0.00000e+00,0.00000e+00,0.00000e+00,6.49544e-64,1.56336e-62,2.69854e-65,6.56600e-64,6.28147e-64,1.93598e-60,4.54990e-59,8.23288e-62,1.95737e-60,1.87205e-60,3.64198e-58,8.53740e-57,1.55257e-59,3.68211e-58,3.52215e-58
0.00000e+00,0.00000e+00,0.00000e+00,0.00000e+00,0.00000e+00,6.28147e-64,1.51191e-62,2.60959e-65,6.49544e-64,5.92824e-64,1.87205e-60,4.39994e-59,7.96062e-62,1.93598e-60,1.76684e-60,3.52215e-58,8.25711e-57,1.50138e-59,3.64198e-58,3.32487e-58
0.00000e+00,0.00000e+00,0.00000e+00,0.00000e+00,0.00000e+00,5.92824e-64,1.42698e-62,2.46272e-65,6.28147e-64,5.44279e-64,1.76684e-60,4.15306e-59,7.51258e-62,1.87205e-60,1.62242e-60,3.32487e-58,7.79556e-57,1.41714e-59,3.52215e-58,3.05398e-58
0.00000e+00,0.00000e+00,0.00000e+00,0.00000e+00,0.00000e+00,5.44279e-64,1.31025e-62,2.26088e-65,5.92824e-64,4.83499e-64,1.62242e-60,3.81407e-59,6.89774e-62,1.76684e-60,1.44171e-60,3.05398e-58,7.16152e-57,1.30150e-59,3.32487e-58,2.71492e-58
0.00000e+00,0.00000e+00,0.00000e+00,0.00000e+00,0.00000e+00,4.83499e-64,1.16405e-62,2.00822e-65,5.44279e-64,4.11758e-64,1.44171e-60,3.38973e-59,6.12868e-62,1.62242e-60,1.22848e-60,2.71492e-58,6.36755e-57,1.15683e-59,3.05398e-58,2.31485e-58
0.00000e+00,0.00000e+00,0.00000e+00,0.00000e+00,0.00000e+00,4.11758e-64,9.91442e-63,1.71009e-65,4.83499e-64,3.30598e-64,1.22848e-60,2.88881e-59,5.22153e-62,1.44171e-60,9.87292e-61,2.31485e-58,5.43022e-57,9.86197e-60,2.71492e-58,1.86272e-58
0.00000e+00,0.00000e+00,0.00000e+00,0.00000e+00,0.00000e+00,3.30598e-64,7.96104e-63,1.37290e-65,4.11758e-64,2.41810e-64,9.87292e-61,2.32199e-59,4.19584e-62,1.22848e-60,7.23465e-61,1.86272e-58,4.37038e-57,7.93451e-60,2.31485e-58,1.36946e-58
0.00000e+00,0.00000e+00,0.00000e+00,0.00000e+00,0.00000e+00,2.41810e-64,5.82345e-63,1.00411e-65,3.30598e-64,1.47397e-64,7.23465e-61,1.70174e-59,3.07423e-62,9.87292e-61,4.42948e-61,1.36946e-58,3.21360e-57,5.83256e-60,1.86272e-58,8.48435e-59
0.00000e+00,0.00000e+00,0.00000e+00,0.00000e+00,0.00000e+00,1.47397e-64,3.54991e-63,6.12034e-66,2.41810e-64,4.95228e-65,4.42948e-61,1.04206e-59,1.88196e-62,7.23465e-61,1.52472e-61,8.48435e-59,1.99125e-57,3.61297e-60,1.36946e-58,3.19548e-59
0.00000e+00,0.00000e+00,0.00000e+00,0.00000e+00,0.00000e+00,6.08373e-66,1.46603e-64,2.52451e-67,2.04275e-66,9.98823e-66,1.88073e-62,4.42682e-61,7.98664e-64,6.47060e-63,3.07237e-62,3.61144e-60,8.48103e-59,1.53700e-61,1.35976e-60,5.83024e-60
0.00000e+00,0.00000e+00,0.00000e+00,0.00000e+00,0.00000e+00,9.98823e-66,2.40664e-64,4.14521e-67,6.08373e-66,1.36665e-65,3.07237e-62,7.23062e-61,1.30488e-63,1.88073e-62,4.19354e-62,5.83024e-60,1.36897e-58,2.48164e-61,3.61144e-60,7.93164e-60
0.00000e+00,0.00000e+00,0.00000e+00,0.00000e+00,0.00000e+00,1.36665e-65,3.29244e-64,5.67251e-67,9.98823e-66,1.70350e-65,4.19354e-62,9.86795e-61,1.78127e-63,3.07237e-62,5.21902e-62,7.93164e-60,1.86210e-58,3.37656e-61,5.83024e-60,9.85882e-60
0.00000e+00,0.00000e+00,0.00000e+00,0.00000e+00,0.00000e+00,1.70350e-65,4.10331e-64,7.07173e-67,1.36665e-65,2.00185e-65,5.21902e-62,1.22794e-60,2.21713e-63,4.19354e-62,6.12618e-62,9.85882e-60,2.31417e-58,4.19758e-61,7.93164e-60,1.15651e-59
0.00000e+00,0.00000e+00,0.00000e+00,0.00000e+00,0.00000e+00,2.00185e-65,4.82119e-64,8.31156e-67,1.70350e-65,2.25519e-65,6.12618e-62,1.44117e-60,2.60283e-63,5.21902e-62,6.89546e-62,1.15651e-59,2.71424e-58,4.92481e-61,9.85882e-60,1.30121e-59
0.00000e+00,0.00000e+00,0.00000e+00,0.00000e+00,0.00000e+00,2.25519e-65,5.43048e-64,9.36481e-67,2.00185e-65,2.45811e-65,6.89546e-62,1.62193e-60,2.93003e-63,6.12618e-62,7.51071e-62,1.30121e-59,3.05336e-58,5.54179e-61,1.15651e-59,1.41690e-59
0.00000e+00,0.00000e+00,0.00000e+00,0.00000e+00,0.00000e+00,2.45811e-65,5.91827e-64,1.02088e-66,2.25519e-65,2.60635e-65,7.51071e-62,1.76644e-60,3.19180e-63,6.89546e-62,7.95929e-62,1.41690e-59,3.32436e-58,6.03527e-61,1.30121e-59,1.50121e-59
0.00000e+00,0.00000e+00,0.00000e+00,0.00000e+00,0.00000e+00,2.60635e-65,6.27446e-64,1.08257e-66,2.45811e-65,2.69688e-65,7.95929e-62,1.87177e-60,3.38271e-63,7.51071e-62,8.23219e-62,1.50121e-59,3.52178e-58,6.39503e-61,1.41690e-59,1.55248e-59
0.00000e+00,0.00000e+00,0.00000e+00,0.00000e+00,0.00000e+00,2.69688e-65,6.49183e-64,1.12026e-66,2.60635e-65,2.72782e-65,8.23219e-62,1.93583e-60,3.49888e-63,7.95929e-62,8.32399e-62,1.55248e-59,3.64179e-58,6.61384e-61,1.50121e-59,1.56971e-59
0.00000e+00,0.00000e+00,0.00000e+00,0.00000e+00,0.00000e+00,2.72782e-65,6.56600e-64,1.13318e-66,2.69688e-65,2.69854e-65,8.32399e-62,1.95737e-60,3.53797e-63,8.23219e-62,8.23288e-62,1.56971e-59,3.68211e-58,6.68740e-61,1.55248e-59,1.55257e-59
0.00000e+00,0.00000e+00,0.00000e+00,0.00000e+00,0.00000e+00,2.69854e-65,6.49544e-64,1.12104e-66,2.72782e-65,2.60959e-65,8.23288e-62,1.93598e-60,3.49920e-63,8.32399e-62,7.96062e-62,1.55257e-59,3.64198e-58,6.61425e-61,1.56971e-59,1.50138e-59
0.00000e+00,0.00000e+00,0.00000e+00,0.00000e+00,0.00000e+00,2.60959e-65,6.28147e-64,1.08407e-66,2.69854e-65,2.46272e-65,7.96062e-62,1.87205e-60,3.38333e-63,8.23288e-62,7.51258e-62,1.50138e-59,3.52215e-58,6.39582e-61,1.55257e-59,1.41714e-59
0.00000e+00,0.00000e+00,0.00000e+00,0.00000e+00,0.00000e+00,2.46272e-65,5.92824e-64,1.02301e-66,2.60959e-65,2.26088e-65,7.51258e-62,1.76684e-60,3.19266e-63,7.96062e-62,6.89774e-62,1.41714e-59,3.32487e-58,6.03637e-61,1.50138e-59,1.30150e-59
0.00000e+00,0.00000e+00,0.00000e+00,0.00000e+00,0.00000e+00,2.26088e-65,5.44279e-64,9.39111e-67,2.46272e-65,2.00822e-65,6.89774e-62,1.62242e-60,2.93108e-63,7.51258e-62,6.12868e-62,1.30150e-59,3.05398e-58,5.54313e-61,1.41714e-59,1.15683e-59
0.00000e+00,0.00000e+00,0.00000e+00,0.00000e+00,0.00000e+00,2.00822e-65,4.83499e-64,8.34104e-67,2.26088e-65,1.71009e-65,6.12868e-62,1.44171e-60,2.60399e-63,6.89774e-62,5.22153e-62,1.15683e-59,2.71492e-58,4.92627e-61,1.30150e-59,9.86197e-60
0.00000e+00,0.00000e+00,0.00000e+00,0.00000e+00,0.00000e+00,1.71009e-65,4.11758e-64,7.10219e-67,2.00822e-65,1.37290e-65,5.22153e-62,1.22848e-60,2.21829e-63,6.12868e-62,4.19584e-62,9.86197e-60,2.31485e-58,4.19905e-61,1.15683e-59,7.93451e-60
0.00000e+00,0.00000e+00,0.00000e+00,0.00000e+00,0.00000e+00,1.37290e-65,3.30598e-64,5.70140e-67,1.71009e-65,1.00411e-65,4.19584e-62,9.87292e-61,1.78233e-63,5.22153e-62,3.07423e-62,7.93451e-60,1.86272e-58,3.37789e-61,9.86197e-60,5.83256e-60
0.00000e+00,0.00000e+00,0.00000e+00,0.00000e+00,0.00000e+00,1.00411e-65,2.41810e-64,4.16965e-67,1.37290e-65,6.12034e-66,3.07423e-62,7.23465e-61,1.30574e-63,4.19584e-62,1.88196e-62,5.83256e-60,1.36946e-58,2.48272e-61,7.93451e-60,3.61297e-60
0.00000e+00,0.00000e+00,0.00000e+00,0.00000e+00,0.00000e+00,6.12034e-66,1.47397e-64,2.54142e-67,1.00411e-65,2.05629e-66,1.88196e-62,4.42948e-61,7.99232e-64,3.07423e-62,6.47523e-63,3.61297e-60,8.48435e-59,1.53772e-61,5.83256e-60,1.36038e-60
0.00000e+00,0.00000e+00,0.00000e+00,0.00000e+00,0.00000e+00,2.52451e-67,6.08373e-66,1.04588e-68,8.47591e-68,4.14521e-67,7.98664e-64,1.88073e-62,3.38464e-65,2.74660e-64,1.30488e-63,1.53700e-61,3.61144e-60,6.52793e-63,5.78546e-62,2.48164e-61
0.00000e+00,0.00000e+00,0.00000e+00,0.00000e+00,0.00000e+00,4.14521e-67,9.98823e-66,1.71752e-68,2.52451e-67,5.67251e-67,1.30488e-63,3.07237e-62,5.53057e-65,7.98664e-64,1.78127e-63,2.48164e-61,5.83024e-60,1.05411e-62,1.53700e-61,3.37656e-61
0.00000e+00,0.00000e+00,0.00000e+00,0.00000e+00,0.00000e+00,5.67251e-67,1.36665e-65,2.35065e-68,4.14521e-67,7.07173e-67,1.78127e-63,4.19354e-62,7.55051e-65,1.30488e-63,2.21713e-63,3.37656e-61,7.93164e-60,1.43441e-62,2.48164e-61,4.19758e-61
0.00000e+00,0.00000e+00,0.00000e+00,0.00000e+00,0.00000e+00,7.07173e-67,1.70350e-65,2.93090e-68,5.67251e-67,8.31156e-67,2.21713e-63,5.21902e-62,9.39908e-65,1.78127e-63,2.60283e-63,4.19758e-61,9.85882e-60,1.78342e-62,3.37656e-61,4.92481e-61
0.00000e+00,0.00000e+00,0.00000e+00,0.00000e+00,0.00000e+00,8.31156e-67,2.00185e-65,3.44526e-68,7.07173e-67,9.36481e-67,2.60283e-63,6.12618e-62,1.10354e-64,2.21713e-63,2.93003e-63,4.92481e-61,1.15651e-59,2.09268e-62,4.19758e-61,5.54179e-61
0.00000e+00,0.00000e+00,0.00000e+00,0.00000e+00,0.00000e+00,9.36481e-67,2.25519e-65,3.88240e-68,8.31156e-67,1.02088e-66,2.93003e-63,6.89546e-62,1.24240e-64,2.60283e-63,3.19180e-63,5.54179e-61,1.30121e-59,2.35515e-62,4.92481e-61,6.03527e-61
0.00000e+00,0.00000e+00,0.00000e+00,0.00000e+00,0.00000e+00,1.02088e-66,2.45811e-65,4.23285e-68,9.36481e-67,1.08257e-66,3.19180e-63,7.51071e-62,1.35352e-64,2.93003e-63,3.38271e-63,6.03527e-61,1.41690e-59,2.56516e-62,5.54179e-61,6.39503e-61
0.00000e+00,0.00000e+00,0.00000e+00,0.00000e+00,0.00000e+00,1.08257e-66,2.60635e-65,4.48913e-68,1.02088e-66,1.12026e-66,3.38271e-63,7.95929e-62,1.43459e-64,3.19180e-63,3.49888e-63,6.39503e-61,1.50121e-59,2.71831e-62,6.03527e-61,6.61384e-61
0.00000e+00,0.00000e+00,0.00000e+00,0.00000e+00,0.00000e+00,1.12026e-66,2.69688e-65,4.64582e-68,1.08257e-66,1.13318e-66,3.49888e-63,8.23219e-62,1.48393e-64,3.38271e-63,3.53797e-63,6.61384e-61,1.55248e-59,2.81149e-62,6.39503e-61,6.68740e-61
0.00000e+00,0.00000e+00,0.00000e+00,0.00000e+00,0.00000e+00,1.13318e-66,2.72782e-65,4.69964e-68,1.12026e-66,1.12104e-66,3.53797e-63,8.32399e-62,1.50054e-64,3.49888e-63,3.49920e-63,6.68740e-61,1.56971e-59,2.84282e-62,6.61384e-61,6.61425e-61
0.00000e+00,0.00000e+00,0.00000e+00,0.00000e+00,0.00000e+00,1.12104e-66,2.69854e-65,4.64940e-68,1.13318e-66,1.08407e-66,3.49920e-63,8.23288e-62,1.48407e-64,3.53797e-63,3.38333e-63,6.61425e-61,1.55257e-59,2.81168e-62,6.68740e-61,6.39582e-61
0.00000e+00,0.00000e+00,0.00000e+00,0.00000e+00,0.00000e+00,1.08407e-66,2.60959e-65,4.49607e-68,1.12104e-66,1.02301e-66,3.38333e-63,7.96062e-62,1.43487e-64,3.49920e-63,3.19266e-63,6.39582e-61,1.50138e-59,2.71868e-62,6.61425e-61,6.03637e-61
0.00000e+00,0.00000e+00,0.00000e+00,0.00000e+00,0.00000e+00,1.02301e-66,2.46272e-65,4.24272e-68,1.08407e-66,9.39111e-67,3.19266e-63,7.51258e-62,1.35392e-64,3.38333e-63,2.93108e-63,6.03637e-61,1.41714e-59,2.56567e-62,6.39582e-61,5.54313e-61
0.00000e+00,0.00000e+00,0.00000e+00,0.00000e+00,0.00000e+00,9.39111e-67,2.26088e-65,3.89457e-68,1.02301e-66,8.34104e-67,2.93108e-63,6.89774e-62,1.24288e-64,3.19266e-63,2.60399e-63,5.54313e-61,1.30150e-59,2.35577e-62,6.03637e-61,4.92627e-61
0.00000e+00,0.00000e+00,0.00000e+00,0.00000e+00,0.00000e+00,8.34104e-67,2.00822e-65,3.45889e-68,9.39111e-67,7.10219e-67,2.60399e-63,6.12868e-62,1.10407e-64,2.93108e-63,2.21829e-63,4.92627e-61,1.15683e-59,2.09336e-62,5.54313e-61,4.19905e-61
0.00000e+00,0.00000e+00,0.00000e+00,0.00000e+00,0.00000e+00,7.10219e-67,1.71009e-65,2.94497e-68,8.34104e-67,5.70140e-67,2.21829e-63,5.22153e-62,9.40443e-65,2.60399e-63,1.78233e-63,4.19905e-61,9.86197e-60,1.78410e-62,4.92627e-61,3.37789e-61
0.00000e+00,0.00000e+00,0.00000e+00,0.00000e+00,0.00000e+00,5.70140e-67,1.37290e-65,2.36399e-68,7.10219e-67,4.16965e-67,1.78233e-63,4.19584e-62,7.55540e-65,2.21829e-63,1.30574e-63,3.37789e-61,7.93451e-60,1.43503e-62,4.19905e-61,2.48272e-61
0.00000e+00,0.00000e+00,0.00000e+00,0.00000e+00,0.00000e+00,4.16965e-67,1.00411e-65,1.72879e-68,5.70140e-67,2.54142e-67,1.30574e-63,3.07423e-62,5.53454e-65,1.78233e-63,7.99232e-64,2.48272e-61,5.83256e-60,1.05461e-62,3.37789e-61,1.53772e-61
0.00000e+00,0.00000e+00,0.00000e+00,0.00000e+00,0.00000e+00,2.54142e-67,6.12034e-66,1.05368e-68,4.16965e-67,8.53841e-68,7.99232e-64,1.88196e-62,3.38726e-65,1.30574e-63,2.74874e-64,1.53772e-61,3.61297e-60,6.53122e-63,2.48272e-61,5.78833e-62
0.00000e+00,0.00000e+00,0.00000e+00,0.00000e+00,0.00000e+00,1.04588e-68,2.52451e-67,7.97011e-70,3.51129e-69,1.71752e-68,3.38464e-65,7.98664e-64,2.63397e-66,1.16353e-65,5.53057e-65,6.52793e-63,1.53700e-61,5.09749e-64,2.45618e-63,1.05411e-62
0.00000e+00,0.00000e+00,0.00000e+00,0.00000e+00,0.00000e+00,1.71752e-68,4.14521e-67,1.30876e-69,1.04588e-68,2.35065e-68,5.53057e-65,1.30488e-63,4.30296e-66,3.38464e-65,7.55051e-65,1.05411e-62,2.48164e-61,8.22757e-64,6.52793e-63,1.43441e-62
0.00000e+00,0.00000e+00,0.00000e+00,0.00000e+00,0.00000e+00,2.35065e-68,5.67251e-67,1.79138e-69,1.71752e-68,2.93090e-68,7.55051e-65,1.78127e-63,5.87444e-66,5.53057e-65,9.39908e-65,1.43441e-62,3.37656e-61,1.11953e-63,1.05411e-62,1.78342e-62
0.00000e+00,0.00000e+00,0.00000e+00,0.00000e+00,0.00000e+00,2.93090e-68,7.07173e-67,2.23385e-69,2.35065e-68,3.44526e-68,9.39908e-65,2.21713e-63,7.31298e-66,7.55051e-65,1.10354e-64,1.78342e-62,4.19758e-61,1.39202e-63,1.43441e-62,2.09268e-62
0.00000e+00,0.00000e+00,0.00000e+00,0.00000e+00,0.00000e+00,3.44526e-68,8.31156e-67,2.62623e-69,2.93090e-68,3.88240e-68,1.10354e-64,2.60283e-63,8.58670e-66,9.39908e-65,1.24240e-64,2.09268e-62,4.92481e-61,1.63356e-63,1.78342e-62,2.35515e-62
0.00000e+00,0.00000e+00,0.00000e+00,0.00000e+00,0.00000e+00,3.88240e-68,9.36481e-67,2.95982e-69,3.44526e-68,4.23285e-68,1.24240e-64,2.93003e-63,9.66784e-66,1.10354e-64,1.35352e-64,2.35515e-62,5.54179e-61,1.83863e-63,2.09268e-62,2.56516e-62
0.00000e+00,0.00000e+00,0.00000e+00,0.00000e+00,0.00000e+00,4.23285e-68,1.02088e-66,3.22736e-69,3.88240e-68,4.48913e-68,1.35352e-64,3.19180e-63,1.05333e-65,1.24240e-64,1.43459e-64,2.56516e-62,6.03527e-61,2.00276e-63,2.35515e-62,2.71831e-62
0.00000e+00,0.00000e+00,0.00000e+00,0.00000e+00,0.00000e+00,4.48913e-68,1.08257e-66,3.42310e-69,4.23285e-68,4.64582e-68,1.43459e-64,3.38271e-63,1.11648e-65,1.35352e-64,1.48393e-64,2.71831e-62,6.39503e-61,2.12249e-63,2.56516e-62,2.81149e-62
0.00000e+00,0.00000e+00,0.00000e+00,0.00000e+00,0.00000e+00,4.64582e-68,1.12026e-66,3.54286e-69,4.48913e-68,4.69964e-68,1.48393e-64,3.49888e-63,1.15492e-65,1.43459e-64,1.50054e-64,2.81149e-62,6.61384e-61,2.19535e-63,2.71831e-62,2.84282e-62
0.00000e+00,0.00000e+00,0.00000e+00,0.00000e+00,0.00000e+00,4.69964e-68,1.13318e-66,3.58409e-69,4.64582e-68,4.64940e-68,1.50054e-64,3.53797e-63,1.16786e-65,1.48393e-64,1.48407e-64,2.84282e-62,6.68740e-61,2.21985e-63,2.81149e-62,2.81168e-62
0.00000e+00,0.00000e+00,0.00000e+00,0.00000e+00,0.00000e+00,4.64940e-68,1.12104e-66,3.54588e-69,4.69964e-68,4.49607e-68,1.48407e-64,3.49920e-63,1.15504e-65,1.50054e-64,1.43487e-64,2.81168e-62,6.61425e-61,2.19551e-63,2.84282e-62,2.71868e-62
0.00000e+00,0.00000e+00,0.00000e+00,0.00000e+00,0.00000e+00,4.49607e-68,1.08407e-66,3.42895e-69,4.64940e-68,4.24272e-68,1.43487e-64,3.38333e-63,1.11671e-65,1.48407e-64,1.35392e-64,2.71868e-62,6.39582e-61,2.12280e-63,2.81168e-62,2.56567e-62
0.00000e+00,0.00000e+00,0.00000e+00,0.00000e+00,0.00000e+00,4.24272e-68,1.02301e-66,3.23569e-69,4.49607e-68,3.89457e-68,1.35392e-64,3.19266e-63,1.05366e-65,1.43487e-64,1.24288e-64,2.56567e-62,6.03637e-61,2.00319e-63,2.71868e-62,2.35577e-62
0.00000e+00,0.00000e+00,0.00000e+00,0.00000e+00,0.00000e+00,3.89457e-68,9.39111e-67,2.97007e-69,4.24272e-68,3.45889e-68,1.24288e-64,2.93108e-63,9.67193e-66,1.35392e-64,1.10407e-64,2.35577e-62,5.54313e-61,1.83915e-63,2.56567e-62,2.09336e-62
0.00000e+00,0.00000e+00,0.00000e+00,0.00000e+00,0.00000e+00,3.45889e-68,8.34104e-67,2.63770e-69,3.89457e-68,2.94497e-68,1.10407e-64,2.60399e-63,8.59118e-66,1.24288e-64,9.40443e-65,2.09336e-62,4.92627e-61,1.63413e-63,2.35577e-62,1.78410e-62
0.00000e+00,0.00000e+00,0.00000e+00,0.00000e+00,0.00000e+00,2.94497e-68,7.10219e-67,2.24570e-69,3.45889e-68,2.36399e-68,9.40443e-65,2.21829e-63,7.31749e-66,1.10407e-64,7.55540e-65,1.78410e-62,4.19905e-61,1.39259e-63,2.09336e-62,1.43503e-62
0.00000e+00,0.00000e+00,0.00000e+00,0.00000e+00,0.00000e+00,2.36399e-68,5.70140e-67,1.80260e-69,2.94497e-68,1.72879e-68,7.55540e-65,1.78233e-63,5.87856e-66,9.40443e-65,5.53454e-65,1.43503e-62,3.37789e-61,1.12005e-63,1.78410e-62,1.05461e-62
0.00000e+00,0.00000e+00,0.00000e+00,0.00000e+00,0.00000e+00,1.72879e-68,4.16965e-67,1.31824e-69,2.36399e-68,1.05368e-68,5.53454e-65,1.30574e-63,4.30630e-66,7.55540e-65,3.38726e-65,1.05461e-62,2.48272e-61,8.23176e-64,1.43503e-62,6.53122e-63
0.00000e+00,0.00000e+00,0.00000e+00,0.00000e+00,0.00000e+00,1.05368e-68,2.54142e-67,8.03558e-70,1.72879e-68,3.54009e-69,3.38726e-65,7.99232e-64,2.63618e-66,5.53454e-65,1.16451e-65,6.53122e-63,1.53772e-61,5.10027e-64,1.05461e-62,2.45751e-63
5.74435e-03,2.53204e-02,2.67055e-03,3.79842e-03,6.45342e-03,1.27924e-02,4.83574e-02,6.75679e-03,3.87285e-02,1.75332e-02,1.53564e-01,2.36220e-01,6.11735e-02,-3.13623e-01,6.78359e-02,-2.71750e+00,-4.30399e+00,-5.05450e-01,7.93311e+00,7.50052e-02
6.45342e-03,2.81554e-02,2.97870e-03,5.74435e-03,6.71062e-03,1.75332e-02,5.88694e-02,9.30474e-03,1.27924e-02,2.06529e-02,6.78359e-02,1.36847e-01,3.09168e-02,1.53564e-01,4.13503e-02,7.50052e-02,7.85348e-02,8.84532e-02,-2.71750e+00,2.18174e-01
6.71062e-03,2.91430e-02,3.08785e-03,6.45342e-03,6.80361e-03,2.06529e-02,6.41698e-02,1.10109e-02,1.75332e-02,2.21908e-02,4.13503e-02,1.06674e-01,2.18298e-02,6.78359e-02,3.94780e-02,2.18174e-01,3.05681e-01,1.15862e-01,7.50052e-02,1.34799e-01
6.80361e-03,2.94871e-02,3.12654e-03,6.71062e-03,6.83714e-03,2.21908e-02,6.64893e-02,1.18833e-02,2.06529e-02,2.28654e-02,3.94780e-02,1.04328e-01,2.22503e-02,4.13503e-02,4.20503e-02,1.34799e-01,2.21461e-01,7.25930e-02,2.18174e-01,8.53380e-02
6.83714e-03,2.96071e-02,3.14027e-03,6.80361e-03,6.84920e-03,2.28654e-02,6.74335e-02,1.22816e-02,2.21908e-02,2.31432e-02,4.20503e-02,1.06673e-01,2.42383e-02,3.94780e-02,4.41602e-02,8.53380e-02,1.68521e-01,4.88589e-02,1.34799e-01,7.14216e-02
6.84920e-03,2.96489e-02,3.14514e-03,6.83714e-03,6.85353e-03,2.31432e-02,6.78014e-02,1.24523e-02,2.28654e-02,2.32532e-02,4.41602e-02,1.08540e-01,2.57236e-02,4.20503e-02,4.53208e-02,7.14216e-02,1.52503e-01,4.31161e-02,8.53380e-02,7.11430e-02
6.85353e-03,2.96635e-02,3.14687e-03,6.84920e-03,6.85507e-03,2.32532e-02,6.79406e-02,1.25224e-02,2.31432e-02,2.32953e-02,4.53208e-02,1.09511e-01,2.65539e-02,4.41602e-02,4.58643e-02,7.11430e-02,1.50944e-01,4.40600e-02,7.14216e-02,7.33849e-02
6.85507e-03,2.96686e-02,3.14748e-03,6.85353e-03,6.85560e-03,2.32953e-02,6.79920e-02,1.25503e-02,2.32532e-02,2.33105e-02,4.58643e-02,1.09940e-01,2.69573e-02,4.53208e-02,4.60877e-02,7.33849e-02,1.52237e-01,4.60454e-02,7.11430e-02,7.50077e-02
6.85560e-03,2.96703e-02,3.14769e-03,6.85507e-03,6.85573e-03,2.33105e-02,6.80100e-02,1.25607e-02,2.32953e-02,2.33143e-02,4.60877e-02,1.10107e-01,2.71296e-02,4.58643e-02,4.61469e-02,7.50077e-02,1.53273e-01,4.73863e-02,7.33849e-02,7.55442e-02
6.85573e-03,2.96707e-02,3.14774e-03,6.85560e-03,6.85560e-03,2.33143e-02,6.80144e-02,1.25633e-02,2.33105e-02,2.33105e-02,4.61469e-02,1.10149e-01,2.71764e-02,4.60877e-02,4.60877e-02,7.55442e-02,1.53615e-01,4.78289e-02,7.50077e-02,7.50108e-02
6.85560e-03,2.96703e-02,3.14769e-03,6.85573e-03,6.85507e-03,2.33105e-02,6.80100e-02,1.25607e-02,2.33143e-02,2.32953e-02,4.60877e-02,1.10107e-01,2.71296e-02,4.61469e-02,4.58644e-02,7.50108e-02,1.53277e-01,4.73877e-02,7.55442e-02,7.33966e-02
6.85507e-03,2.96686e-02,3.14748e-03,6.85560e-03,6.85353e-03,2.32953e-02,6.79920e-02,1.25503e-02,2.33105e-02,2.32532e-02,4.58644e-02,1.09940e-01,2.69574e-02,4.60877e-02,4.53213e-02,7.33966e-02,1.52252e-01,4.60504e-02,7.50108e-02,7.11833e-02
6.85353e-03,2.96635e-02,3.14687e-03,6.85507e-03,6.84920e-03,2.32532e-02,6.79406e-02,1.25224e-02,2.32953e-02,2.31432e-02,4.53213e-02,1.09512e-01,2.65541e-02,4.58644e-02,4.41623e-02,7.11833e-02,1.50997e-01,4.40755e-02,7.33966e-02,7.15553e-02
6.84920e-03,2.96489e-02,3.14514e-03,6.85353e-03,6.83714e-03,2.31432e-02,6.78014e-02,1.24523e-02,2.32532e-02,2.28654e-02,4.41623e-02,1.08543e-01,2.57243e-02,4.53213e-02,4.20588e-02,7.15553e-02,1.52687e-01,4.31626e-02,7.11833e-02,8.57565e-02
6.83714e-03,2.96071e-02,3.14027e-03,6.84920e-03,6.80361e-03,2.28654e-02,6.74335e-02,1.22816e-02,2.31432e-02,2.21908e-02,4.20588e-02,1.06687e-01,2.42407e-02,4.41623e-02,3.95115e-02,8.57565e-02,1.69116e-01,4.89927e-02,7.15553e-02,1.35901e-01
6.80361e-03,2.94871e-02,3.12654e-03,6.83714e-03,6.71062e-03,2.21908e-02,6.64893e-02,1.18833e-02,2.28654e-02,2.06529e-02,3.95115e-02,1.04386e-01,2.22585e-02,4.20588e-02,4.14821e-02,1.35901e-01,2.23050e-01,7.29368e-02,8.57565e-02,2.20559e-01
6.71062e-03,2.91430e-02,3.08785e-03,6.80361e-03,6.45342e-03,2.06529e-02,6.41698e-02,1.10109e-02,2.21908e-02,1.75332e-02,4.14821e-02,1.06910e-01,2.18586e-02,3.95115e-02,6.83219e-02,2.20559e-01,3.09109e-01,1.16616e-01,1.35901e-01,8.03857e-02
6.45342e-03,2.81554e-02,2.97870e-03,6.71062e-03,5.74435e-03,1.75332e-02,5.88694e-02,9.30474e-03,2.06529e-02,1.27924e-02,6.83219e-02,1.37736e-01,3.10162e-02,4.14821e-02,1.55224e-01,8.03857e-02,8.65266e-02,8.99643e-02,2.20559e-01,-2.71508e+00
5.74435e-03,2.53204e-02,2.67055e-03,6.45342e-03,3.79842e-03,1.27924e-02,4.83574e-02,6.75679e-03,1.75332e-02,3.87285e-02,1.55224e-01,2.39346e-01,6.14973e-02,6.83219e-02,-3.10665e-01,-2.71508e+00,-4.30170e+00,-5.04017e-01,8.03857e-02,7.91778e+00
2.67055e-03,5.74435e-03,9.48423e-05,1.80025e-03,2.97870e-03,6.75679e-03,1.27924e-02,1.51232e-03,1.35626e-02,9.30474e-03,6.11735e-02,1.53564e-01,6.12978e-03,-1.58202e-02,3.09168e-02,-5.05450e-01,-2.71750e+00,3.09124e-02,4.60686e-01,8.84532e-02
2.97870e-03,6.45342e-03,1.17676e-04,2.67055e-03,3.08785e-03,9.30474e-03,1.75332e-02,1.82007e-03,6.75679e-03,1.10109e-02,3.09168e-02,6.78359e-02,5.82003e-03,6.11735e-02,2.18298e-02,8.84532e-02,7.50052e-02,2.55368e-02,-5.05450e-01,1.15862e-01
3.08785e-03,6.71062e-03,1.27559e-04,2.97870e-03,3.12654e-03,1.10109e-02,2.06529e-02,2.01560e-03,9.30474e-03,1.18833e-02,2.18298e-02,4.13503e-02,6.15952e-03,3.09168e-02,2.22503e-02,1.15862e-01,2.18174e-01,1.99553e-02,8.84532e-02,7.25930e-02
3.12654e-03,6.80361e-03,1.31650e-04,3.08785e-03,3.14027e-03,1.18833e-02,2.21908e-02,2.12398e-03,1.10109e-02,1.22816e-02,2.22503e-02,3.94780e-02,6.69180e-03,2.18298e-02,2.42383e-02,7.25930e-02,1.34799e-01,1.67526e-02,1.15862e-01,4.88589e-02
3.14027e-03,6.83714e-03,1.33293e-04,3.12654e-03,3.14514e-03,1.22816e-02,2.28654e-02,2.17870e-03,1.18833e-02,1.24523e-02,2.42383e-02,4.20503e-02,7.12300e-03,2.22503e-02,2.57236e-02,4.88589e-02,8.53380e-02,1.61239e-02,7.25930e-02,4.31161e-02
3.14514e-03,6.84920e-03,1.33939e-04,3.14027e-03,3.14687e-03,1.24523e-02,2.31432e-02,2.20457e-03,1.22816e-02,1.25224e-02,2.57236e-02,4.41602e-02,7.39828e-03,2.42383e-02,2.65539e-02,4.31161e-02,7.14216e-02,1.66797e-02,4.88589e-02,4.40600e-02
3.14687e-03,6.85353e-03,1.34188e-04,3.14514e-03,3.14748e-03,1.25224e-02,2.32532e-02,2.21621e-03,1.24523e-02,1.25503e-02,2.65539e-02,4.53208e-02,7.55155e-03,2.57236e-02,2.69573e-02,4.40600e-02,7.11430e-02,1.74513e-02,4.31161e-02,4.60454e-02
3.14748e-03,6.85507e-03,1.34283e-04,3.14687e-03,3.14769e-03,1.25503e-02,2.32953e-02,2.22123e-03,1.25224e-02,1.25607e-02,2.69573e-02,4.58643e-02,7.62878e-03,2.65539e-02,2.71296e-02,4.60454e-02,7.33849e-02,1.80456e-02,4.40600e-02,4.73863e-02
3.14769e-03,6.85560e-03,1.34317e-04,3.14748e-03,3.14774e-03,1.25607e-02,2.33105e-02,2.22323e-03,1.25503e-02,1.25633e-02,2.71296e-02,4.60877e-02,7.66322e-03,2.69573e-02,2.71764e-02,4.73863e-02,7.50077e-02,1.83850e-02,4.60454e-02,4.78289e-02
3.14774e-03,6.85573e-03,1.34326e-04,3.14769e-03,3.14769e-03,1.25633e-02,2.33143e-02,2.22376e-03,1.25607e-02,1.25607e-02,2.71764e-02,4.61469e-02,7.67285e-03,2.71296e-02,2.71296e-02,4.78289e-02,7.55442e-02,1.84925e-02,4.73863e-02,4.73877e-02
3.14769e-03,6.85560e-03,1.34317e-04,3.14774e-03,3.14748e-03,1.25607e-02,2.33105e-02,2.22323e-03,1.25633e-02,1.25503e-02,2.71296e-02,4.60877e-02,7.66322e-03,2.71764e-02,2.69574e-02,4.73877e-02,7.50108e-02,1.83852e-02,4.78289e-02,4.60504e-02
3.14748e-03,6.85507e-03,1.34283e-04,3.14769e-03,3.14687e-03,1.25503e-02,2.32953e-02,2.22123e-03,1.25607e-02,1.25224e-02,2.69574e-02,4.58644e-02,7.62879e-03,2.71296e-02,2.65541e-02,4.60504e-02,7.33966e-02,1.80463e-02,4.73877e-02,4.40755e-02
3.14687e-03,6.85353e-03,1.34188e-04,3.14748e-03,3.14514e-03,1.25224e-02,2.32532e-02,2.21621e-03,1.25503e-02,1.24523e-02,2.65541e-02,4.53213e-02,7.55158e-03,2.69574e-02,2.57243e-02,4.40755e-02,7.11833e-02,1.74534e-02,4.60504e-02,4.31626e-02
3.14514e-03,6.84920e-03,1.33939e-04,3.14687e-03,3.14027e-03,1.24523e-02,2.31432e-02,2.20457e-03,1.25224e-02,1.22816e-02,2.57243e-02,4.41623e-02,7.39835e-03,2.65541e-02,2.42407e-02,4.31626e-02,7.15553e-02,1.66856e-02,4.40755e-02,4.89927e-02
3.14027e-03,6.83714e-03,1.33293e-04,3.14514e-03,3.12654e-03,1.22816e-02,2.28654e-02,2.17870e-03,1.24523e-02,1.18833e-02,2.42407e-02,4.20588e-02,7.12323e-03,2.57243e-02,2.22585e-02,4.89927e-02,8.57565e-02,1.61399e-02,4.31626e-02,7.29368e-02
3.12654e-03,6.80361e-03,1.31650e-04,3.14027e-03,3.08785e-03,1.18833e-02,2.21908e-02,2.12398e-03,1.22816e-02,1.10109e-02,2.22585e-02,3.95115e-02,6.69250e-03,2.42407e-02,2.18586e-02,7.29368e-02,1.35901e-01,1.67940e-02,4.89927e-02,1.16616e-01
3.08785e-03,6.71062e-03,1.27559e-04,3.12654e-03,2.97870e-03,1.10109e-02,2.06529e-02,2.01560e-03,1.18833e-02,9.30474e-03,2.18586e-02,4.14821e-02,6.16164e-03,2.22585e-02,3.10162e-02,1.16616e-01,2.20559e-01,2.00536e-02,7.29368e-02,8.99643e-02
2.97870e-03,6.45342e-03,1.17676e-04,3.08785e-03,2.67055e-03,9.30474e-03,1.75332e-02,1.82007e-03,1.10109e-02,6.75679e-03,3.10162e-02,6.83219e-02,5.82623e-03,2.18586e-02,6.14973e-02,8.99643e-02,8.03857e-02,2.57380e-02,1.16616e-01,-5.04017e-01
2.67055e-03,5.74435e-03,9.48423e-05,2.97870e-03,1.80025e-03,6.75679e-03,1.27924e-02,1.51232e-03,9.30474e-03,1.35626e-02,6.14973e-02,1.55224e-01,6.14609e-03,3.10162e-02,-1.52207e-02,-5.04017e-01,-2.71508e+00,3.12814e-02,8.99643e-02,4.59659e-01
9.48423e-05,2.67055e-03,3.39355e-06,4.58032e-05,1.17676e-04,1.51232e-03,6.75679e-03,3.24060e-04,1.40574e-03,1.82007e-03,6.12978e-03,6.11735e-02,1.23916e-03,6.47985e-03,5.82003e-03,3.09124e-02,-5.05450e-01,1.52333e-02,-1.97209e-02,2.55368e-02
1.17676e-04,2.97870e-03,4.54687e-06,9.48423e-05,1.27559e-04,1.82007e-03,9.30474e-03,4.01003e-04,1.51232e-03,2.01560e-03,5.82003e-03,3.09168e-02,1.53465e-03,6.12978e-03,6.15952e-03,2.55368e-02,8.84532e-02,9.01757e-03,3.09124e-02,1.99553e-02
1.27559e-04,3.08785e-03,5.14000e-06,1.17676e-04,1.31650e-04,2.01560e-03,1.10109e-02,4.38527e-04,1.82007e-03,2.12398e-03,6.15952e-03,2.18298e-02,1.89977e-03,5.82003e-03,6.69180e-03,1.99553e-02,1.15862e-01,5.99644e-03,2.55368e-02,1.67526e-02
1.31650e-04,3.12654e-03,5.42278e-06,1.27559e-04,1.33293e-04,2.12398e-03,1.18833e-02,4.56381e-04,2.01560e-03,2.17870e-03,6.69180e-03,2.22503e-02,2.14766e-03,6.15952e-03,7.12300e-03,1.67526e-02,7.25930e-02,5.62554e-03,1.99553e-02,1.61239e-02
1.33293e-04,3.14027e-03,5.55074e-06,1.31650e-04,1.33939e-04,2.17870e-03,1.22816e-02,4.64700e-04,2.12398e-03,2.20457e-03,7.12300e-03,2.42383e-02,2.28735e-03,6.69180e-03,7.39828e-03,1.61239e-02,4.88589e-02,6.13887e-03,1.67526e-02,1.66797e-02
1.33939e-04,3.14514e-03,5.60647e-06,1.33293e-04,1.34188e-04,2.20457e-03,1.24523e-02,4.68497e-04,2.17870e-03,2.21621e-03,7.39828e-03,2.57236e-02,2.35925e-03,7.12300e-03,7.55155e-03,1.66797e-02,4.31161e-02,6.69568e-03,1.61239e-02,1.74513e-02
1.34188e-04,3.14687e-03,5.63002e-06,1.33939e-04,1.34283e-04,2.21621e-03,1.25224e-02,4.70193e-04,2.20457e-03,2.22123e-03,7.55155e-03,2.65539e-02,2.39422e-03,7.39828e-03,7.62878e-03,1.74513e-02,4.40600e-02,7.07996e-03,1.66797e-02,1.80456e-02
1.34283e-04,3.14748e-03,5.63969e-06,1.34188e-04,1.34317e-04,2.22123e-03,1.25503e-02,4.70930e-04,2.21621e-03,2.22323e-03,7.62878e-03,2.69573e-02,2.41042e-03,7.55155e-03,7.66322e-03,1.80456e-02,4.60454e-02,7.29986e-03,1.74513e-02,1.83850e-02
1.34317e-04,3.14769e-03,5.64340e-06,1.34283e-04,1.34326e-04,2.22323e-03,1.25607e-02,4.71229e-04,2.22123e-03,2.22376e-03,7.66322e-03,2.71296e-02,2.41730e-03,7.62878e-03,7.67285e-03,1.83850e-02,4.73863e-02,7.40656e-03,1.80456e-02,1.84925e-02
1.34326e-04,3.14774e-03,5.64436e-06,1.34317e-04,1.34317e-04,2.22376e-03,1.25633e-02,4.71309e-04,2.22323e-03,2.22323e-03,7.67285e-03,2.71764e-02,2.41919e-03,7.66322e-03,7.66322e-03,1.84925e-02,4.78289e-02,7.43784e-03,1.83850e-02,1.83852e-02
1.34317e-04,3.14769e-03,5.64340e-06,1.34326e-04,1.34283e-04,2.22323e-03,1.25607e-02,4.71229e-04,2.22376e-03,2.22123e-03,7.66322e-03,2.71296e-02,2.41730e-03,7.67285e-03,7.62879e-03,1.83852e-02,4.73877e-02,7.40658e-03,1.84925e-02,1.80463e-02
1.34283e-04,3.14748e-03,5.63969e-06,1.34317e-04,1.34188e-04,2.22123e-03,1.25503e-02,4.70930e-04,2.22323e-03,2.21621e-03,7.62879e-03,2.69574e-02,2.41042e-03,7.66322e-03,7.55158e-03,1.80463e-02,4.60504e-02,7.29993e-03,1.83852e-02,1.74534e-02
1.34188e-04,3.14687e-03,5.63002e-06,1.34283e-04,1.33939e-04,2.21621e-03,1.25224e-02,4.70193e-04,2.22123e-03,2.20457e-03,7.55158e-03,2.65541e-02,2.39422e-03,7.62879e-03,7.39835e-03,1.74534e-02,4.40755e-02,7.08016e-03,1.80463e-02,1.66856e-02
1.33939e-04,3.14514e-03,5.60647e-06,1.34188e-04,1.33293e-04,2.20457e-03,1.24523e-02,4.68497e-04,2.21621e-03,2.17870e-03,7.39835e-03,2.57243e-02,2.35926e-03,7.55158e-03,7.12323e-03,1.66856e-02,4.31626e-02,6.69625e-03,1.74534e-02,1.61399e-02
1.33293e-04,3.14027e-03,5.55074e-06,1.33939e-04,1.31650e-04,2.17870e-03,1.22816e-02,4.64700e-04,2.20457e-03,2.12398e-03,7.12323e-03,2.42407e-02,2.28736e-03,7.39835e-03,6.69250e-03,1.61399e-02,4.89927e-02,6.14041e-03,1.66856e-02,1.67940e-02
1.31650e-04,3.12654e-03,5.42278e-06,1.33293e-04,1.27559e-04,2.12398e-03,1.18833e-02,4.56381e-04,2.17870e-03,2.01560e-03,6.69250e-03,2.22585e-02,2.14769e-03,7.12323e-03,6.16164e-03,1.67940e-02,7.29368e-02,5.62957e-03,1.61399e-02,2.00536e-02
1.27559e-04,3.08785e-03,5.14000e-06,1.31650e-04,1.17676e-04,2.01560e-03,1.10109e-02,4.38527e-04,2.12398e-03,1.82007e-03,6.16164e-03,2.18586e-02,1.89986e-03,6.69250e-03,5.82623e-03,2.00536e-02,1.16616e-01,6.00653e-03,1.67940e-02,2.57380e-02
1.17676e-04,2.97870e-03,4.54687e-06,1.27559e-04,9.48423e-05,1.82007e-03,9.30474e-03,4.01003e-04,2.01560e-03,1.51232e-03,5.82623e-03,3.10162e-02,1.53488e-03,6.16164e-03,6.14609e-03,2.57380e-02,8.99643e-02,9.04072e-03,2.00536e-02,3.12814e-02
9.48423e-05,2.67055e-03,3.39355e-06,1.17676e-04,4.58032e-05,1.51232e-03,6.75679e-03,3.24060e-04,1.82007e-03,1.40574e-03,6.14609e-03,6.14973e-02,1.23961e-03,5.82623e-03,6.52547e-03,3.12814e-02,-5.04017e-01,1.52767e-02,2.57380e-02,-1.96407e-02
3.39355e-06,9.48423e-05,1.24711e-07,1.38615e-06,4.54687e-06,3.24060e-04,1.51232e-03,2.14534e-05,1.78728e-04,4.01003e-04,1.23916e-03,6.12978e-03,2.50716e-04,2.14470e-03,1.53465e-03,1.52333e-02,3.09124e-02,1.62089e-03,-5.06713e-03,9.01757e-03
4.54687e-06,1.17676e-04,1.76546e-07,3.39355e-06,5.14000e-06,4.01003e-04,1.82007e-03,2.85950e-05,3.24060e-04,4.38527e-04,1.53465e-03,5.82003e-03,3.05988e-04,1.23916e-03,1.89977e-03,9.01757e-03,2.55368e-02,1.50677e-03,1.52333e-02,5.99644e-03
5.14000e-06,1.27559e-04,2.06886e-07,4.54687e-06,5.42278e-06,4.38527e-04,2.01560e-03,3.24396e-05,4.01003e-04,4.56381e-04,1.89977e-03,6.15952e-03,3.54279e-04,1.53465e-03,2.14766e-03,5.99644e-03,1.99553e-02,1.51814e-03,9.01757e-03,5.62554e-03
5.42278e-06,1.31650e-04,2.23128e-07,5.14000e-06,5.55074e-06,4.56381e-04,2.12398e-03,3.43859e-05,4.38527e-04,4.64700e-04,2.14766e-03,6.69180e-03,3.86769e-04,1.89977e-03,2.28735e-03,5.62554e-03,1.67526e-02,1.63556e-03,5.99644e-03,6.13887e-03
5.55074e-06,1.33293e-04,2.31279e-07,5.42278e-06,5.60647e-06,4.64700e-04,2.17870e-03,3.53312e-05,4.56381e-04,4.68497e-04,2.28735e-03,7.12300e-03,4.05723e-04,2.14766e-03,2.35925e-03,6.13887e-03,1.61239e-02,1.77096e-03,5.62554e-03,6.69568e-03
5.60647e-06,1.33939e-04,2.35174e-07,5.55074e-06,5.63002e-06,4.68497e-04,2.20457e-03,3.57763e-05,4.64700e-04,4.70193e-04,2.35925e-03,7.39828e-03,4.15836e-04,2.28735e-03,2.39422e-03,6.69568e-03,1.66797e-02,1.87695e-03,6.13887e-03,7.07996e-03
5.63002e-06,1.34188e-04,2.36962e-07,5.60647e-06,5.63969e-06,4.70193e-04,2.21621e-03,3.59806e-05,4.68497e-04,4.70930e-04,2.39422e-03,7.55155e-03,4.20904e-04,2.35925e-03,2.41042e-03,7.07996e-03,1.74513e-02,1.94531e-03,6.69568e-03,7.29986e-03
5.63969e-06,1.34283e-04,2.37752e-07,5.63002e-06,5.64340e-06,4.70930e-04,2.22123e-03,3.60715e-05,4.70193e-04,4.71229e-04,2.41042e-03,7.62878e-03,4.23307e-04,2.39422e-03,2.41730e-03,7.29986e-03,1.80456e-02,1.98396e-03,7.07996e-03,7.40656e-03
5.64340e-06,1.34317e-04,2.38075e-07,5.63969e-06,5.64436e-06,4.71229e-04,2.22323e-03,3.61092e-05,4.70930e-04,4.71309e-04,2.41730e-03,7.66322e-03,4.24345e-04,2.41042e-03,2.41919e-03,7.40656e-03,1.83850e-02,2.00275e-03,7.29986e-03,7.43784e-03
5.64436e-06,1.34326e-04,2.38161e-07,5.64340e-06,5.64340e-06,4.71309e-04,2.22376e-03,3.61193e-05,4.71229e-04,4.71229e-04,2.41919e-03,7.67285e-03,4.24632e-04,2.41730e-03,2.41730e-03,7.43784e-03,1.84925e-02,2.00827e-03,7.40656e-03,7.40658e-03
5.64340e-06,1.34317e-04,2.38075e-07,5.64436e-06,5.63969e-06,4.71229e-04,2.22323e-03,3.61092e-05,4.71309e-04,4.70930e-04,2.41730e-03,7.66322e-03,4.24345e-04,2.41919e-03,2.41042e-03,7.40658e-03,1.83852e-02,2.00275e-03,7.43784e-03,7.29993e-03
5.63969e-06,1.34283e-04,2.37752e-07,5.64340e-06,5.63002e-06,4.70930e-04,2.22123e-03,3.60715e-05,4.71229e-04,4.70193e-04,2.41042e-03,7.62879e-03,4.23307e-04,2.41730e-03,2.39422e-03,7.29993e-03,1.80463e-02,1.98396e-03,7.40658e-03,7.08016e-03
5.63002e-06,1.34188e-04,2.36962e-07,5.63969e-06,5.60647e-06,4.70193e-04,2.21621e-03,3.59806e-05,4.70930e-04,4.68497e-04,2.39422e-03,7.55158e-03,4.20904e-04,2.41042e-03,2.35926e-03,7.08016e-03,1.74534e-02,1.94533e-03,7.29993e-03,6.69625e-03
5.60647e-06,1.33939e-04,2.35174e-07,5.63002e-06,5.55074e-06,4.68497e-04,2.20457e-03,3.57763e-05,4.70193e-04,4.64700e-04,2.35926e-03,7.39835e-03,4.15837e-04,2.39422e-03,2.28736e-03,6.69625e-03,1.66856e-02,1.87700e-03,7.08016e-03,6.14041e-03
5.55074e-06,1.33293e-04,2.31279e-07,5.60647e-06,5.42278e-06,4.64700e-04,2.17870e-03,3.53312e-05,4.68497e-04,4.56381e-04,2.28736e-03,7.12323e-03,4.05724e-04,2.35926e-03,2.14769e-03,6.14041e-03,1.61399e-02,1.77108e-03,6.69625e-03,5.62957e-03
5.42278e-06,1.31650e-04,2.23128e-07,5.55074e-06,5.14000e-06,4.56381e-04,2.12398e-03,3.43859e-05,4.64700e-04,4.38527e-04,2.14769e-03,6.69250e-03,3.86770e-04,2.28736e-03,1.89986e-03,5.62957e-03,1.67940e-02,1.63587e-03,6.14041e-03,6.00653e-03
5.14000e-06,1.27559e-04,2.06886e-07,5.42278e-06,4.54687e-06,4.38527e-04,2.01560e-03,3.24396e-05,4.56381e-04,4.01003e-04,1.89986e-03,6.16164e-03,3.54282e-04,2.14769e-03,1.53488e-03,6.00653e-03,2.00536e-02,1.51887e-03,5.62957e-03,9.04072e-03
4.54687e-06,1.17676e-04,1.76546e-07,5.14000e-06,3.39355e-06,4.01003e-04,1.82007e-03,2.85950e-05,4.38527e-04,3.24060e-04,1.53488e-03,5.82623e-03,3.05994e-04,1.89986e-03,1.23961e-03,9.04072e-03,2.57380e-02,1.50837e-03,6.00653e-03,1.52767e-02
3.39355e-06,9.48423e-05,1.24711e-07,4.54687e-06,1.38615e-06,3.24060e-04,1.51232e-03,2.14534e-05,4.01003e-04,1.78728e-04,1.23961e-03,6.14609e-03,2.50726e-04,1.53488e-03,2.14536e-03,1.52767e-02,3.12814e-02,1.62385e-03,9.04072e-03,-5.01562e-03
1.24711e-07,3.39355e-06,4.69473e-09,4.69545e-08,1.76546e-07,2.14534e-05,3.24060e-04,1.15081e-06,9.75816e-06,2.85950e-05,2.50716e-04,1.23916e-03,4.16281e-05,2.33897e-04,3.05988e-04,1.62089e-03,1.52333e-02,2.54149e-04,1.30356e-03,1.50677e-03
1.76546e-07,4.54687e-06,6.89524e-09,1.24711e-07,2.06886e-07,2.85950e-05,4.01003e-04,1.61558e-06,2.14534e-05,3.24396e-05,3.05988e-04,1.53465e-03,5.37335e-05,2.50716e-04,3.54279e-04,1.50677e-03,9.01757e-03,2.95929e-04,1.62089e-03,1.51814e-03
2.06886e-07,5.14000e-06,8.31566e-09,1.76546e-07,2.23128e-07,3.24396e-05,4.38527e-04,1.89465e-06,2.85950e-05,3.43859e-05,3.54279e-04,1.89977e-03,6.11414e-05,3.05988e-04,3.86769e-04,1.51814e-03,5.99644e-03,3.58498e-04,1.50677e-03,1.63556e-03
2.23128e-07,5.42278e-06,9.15048e-09,2.06886e-07,2.31279e-07,3.43859e-05,4.56381e-04,2.04912e-06,3.24396e-05,3.53312e-05,3.86769e-04,2.14766e-03,6.54047e-05,3.54279e-04,4.05723e-04,1.63556e-03,5.62554e-03,4.10413e-04,1.51814e-03,1.77096e-03
2.31279e-07,5.55074e-06,9.60752e-09,2.23128e-07,2.35174e-07,3.53312e-05,4.64700e-04,2.12984e-06,3.43859e-05,3.57763e-05,4.05723e-04,2.28735e-03,6.77330e-05,3.86769e-04,4.15836e-04,1.77096e-03,6.13887e-03,4.45602e-04,1.63556e-03,1.87695e-03
2.35174e-07,5.60647e-06,9.84420e-09,2.31279e-07,2.36962e-07,3.57763e-05,4.68497e-04,2.17024e-06,3.53312e-05,3.59806e-05,4.15836e-04,2.35925e-03,6.89482e-05,4.05723e-04,4.20904e-04,1.87695e-03,6.69568e-03,4.66952e-04,1.77096e-03,1.94531e-03
2.36962e-07,5.63002e-06,9.96121e-09,2.35174e-07,2.37752e-07,3.59806e-05,4.70193e-04,2.18974e-06,3.57763e-05,3.60715e-05,4.20904e-04,2.39422e-03,6.95571e-05,4.15836e-04,4.23307e-04,1.94531e-03,7.07996e-03,4.78949e-04,1.87695e-03,1.98396e-03
2.37752e-07,5.63969e-06,1.00164e-08,2.36962e-07,2.38075e-07,3.60715e-05,4.70930e-04,2.19881e-06,3.59806e-05,3.61092e-05,4.23307e-04,2.41042e-03,6.98488e-05,4.20904e-04,4.24345e-04,1.98396e-03,7.29986e-03,4.85234e-04,1.94531e-03,2.00275e-03
2.38075e-07,5.64340e-06,1.00402e-08,2.37752e-07,2.38161e-07,3.61092e-05,4.71229e-04,2.20269e-06,3.60715e-05,3.61193e-05,4.24345e-04,2.41730e-03,6.99765e-05,4.23307e-04,4.24632e-04,2.00275e-03,7.40656e-03,4.88171e-04,1.98396e-03,2.00827e-03
2.38161e-07,5.64436e-06,1.00467e-08,2.38075e-07,2.38075e-07,3.61193e-05,4.71309e-04,2.20376e-06,3.61092e-05,3.61092e-05,4.24632e-04,2.41919e-03,7.00121e-05,4.24345e-04,4.24345e-04,2.00827e-03,7.43784e-03,4.89020e-04,2.00275e-03,2.00275e-03
2.38075e-07,5.64340e-06,1.00402e-08,2.38161e-07,2.37752e-07,3.61092e-05,4.71229e-04,2.20269e-06,3.61193e-05,3.60715e-05,4.24345e-04,2.41730e-03,6.99765e-05,4.24632e-04,4.23307e-04,2.00275e-03,7.40658e-03,4.88171e-04,2.00827e-03,1.98396e-03
2.37752e-07,5.63969e-06,1.00164e-08,2.38075e-07,2.36962e-07,3.60715e-05,4.70930e-04,2.19881e-06,3.61092e-05,3.59806e-05,4.23307e-04,2.41042e-03,6.98488e-05,4.24345e-04,4.20904e-04,1.98396e-03,7.29993e-03,4.85234e-04,2.00275e-03,1.94533e-03
2.36962e-07,5.63002e-06,9.96121e-09,2.37752e-07,2.35174e-07,3.59806e-05,4.70193e-04,2.18974e-06,3.60715e-05,3.57763e-05,4.20904e-04,2.39422e-03,6.95571e-05,4.23307e-04,4.15837e-04,1.94533e-03,7.08016e-03,4.78950e-04,1.98396e-03,1.87700e-03
2.35174e-07,5.60647e-06,9.84421e-09,2.36962e-07,2.31279e-07,3.57763e-05,4.68497e-04,2.17024e-06,3.59806e-05,3.53312e-05,4.15837e-04,2.35926e-03,6.89482e-05,4.20904e-04,4.05724e-04,1.87700e-03,6.69625e-03,4.66955e-04,1.94533e-03,1.77108e-03
2.31279e-07,5.55074e-06,9.60753e-09,2.35174e-07,2.23128e-07,3.53312e-05,4.64700e-04,2.12984e-06,3.57763e-05,3.43859e-05,4.05724e-04,2.28736e-03,6.77331e-05,4.15837e-04,3.86770e-04,1.77108e-03,6.14041e-03,4.45609e-04,1.87700e-03,1.63587e-03
2.23128e-07,5.42278e-06,9.15049e-09,2.31279e-07,2.06886e-07,3.43859e-05,4.56381e-04,2.04912e-06,3.53312e-05,3.24396e-05,3.86770e-04,2.14769e-03,6.54048e-05,4.05724e-04,3.54282e-04,1.63587e-03,5.62957e-03,4.10430e-04,1.77108e-03,1.51887e-03
2.06886e-07,5.14000e-06,8.31568e-09,2.23128e-07,1.76546e-07,3.24396e-05,4.38527e-04,1.89465e-06,3.43859e-05,2.85950e-05,3.54282e-04,1.89986e-03,6.11415e-05,3.86770e-04,3.05994e-04,1.51887e-03,6.00653e-03,3.58534e-04,1.63587e-03,1.50837e-03
1.76546e-07,4.54687e-06,6.89526e-09,2.06886e-07,1.24711e-07,2.85950e-05,4.01003e-04,1.61558e-06,3.24396e-05,2.14534e-05,3.05994e-04,1.53488e-03,5.37336e-05,3.54282e-04,2.50726e-04,1.50837e-03,9.04072e-03,2.95998e-04,1.51887e-03,1.62385e-03
1.24711e-07,3.39355e-06,4.69475e-09,1.76546e-07,4.69545e-08,2.14534e-05,3.24060e-04,1.15081e-06,2.85950e-05,9.75816e-06,2.50726e-04,1.23961e-03,4.16283e-05,3.05994e-04,2.33906e-04,1.62385e-03,1.52767e-02,2.54259e-04,1.50837e-03,1.30779e-03
4.69473e-09,1.24711e-07,1.80107e-10,1.69751e-09,6.89524e-09,1.15081e-06,2.14534e-05,5.69675e-08,4.76269e-07,1.61558e-06,4.16281e-05,2.50716e-04,3.38529e-06,2.41131e-05,5.37335e-05,2.54149e-04,1.62089e-03,4.39873e-05,3.82955e-04,2.95929e-04
6.89524e-09,1.76546e-07,2.71203e-10,4.69473e-09,8.31566e-09,1.61558e-06,2.85950e-05,8.28888e-08,1.15081e-06,1.89465e-06,5.37335e-05,3.05988e-04,4.61675e-06,4.16281e-05,6.11414e-05,2.95929e-04,1.50677e-03,5.43267e-05,2.54149e-04,3.58498e-04
8.31566e-09,2.06886e-07,3.34482e-10,6.89524e-09,9.15048e-09,1.89465e-06,3.24396e-05,9.98906e-08,1.61558e-06,2.04912e-06,6.11414e-05,3.54279e-04,5.38027e-06,5.37335e-05,6.54047e-05,3.58498e-04,1.51814e-03,6.41778e-05,2.95929e-04,4.10413e-04
9.15048e-09,2.23128e-07,3.74553e-10,8.31566e-09,9.60752e-09,2.04912e-06,3.43859e-05,1.10097e-07,1.89465e-06,2.12984e-06,6.54047e-05,3.86769e-04,5.82035e-06,6.11414e-05,6.77330e-05,4.10413e-04,1.63556e-03,7.16285e-05,3.58498e-04,4.45602e-04
9.60752e-09,2.31279e-07,3.98141e-10,9.15048e-09,9.84420e-09,2.12984e-06,3.53312e-05,1.15831e-07,2.04912e-06,2.17024e-06,6.77330e-05,4.05723e-04,6.06106e-06,6.54047e-05,6.89482e-05,4.45602e-04,1.77096e-03,7.65108e-05,4.10413e-04,4.66952e-04
9.84420e-09,2.35174e-07,4.11228e-10,9.60752e-09,9.96121e-09,2.17024e-06,3.57763e-05,1.18891e-07,2.12984e-06,2.18974e-06,6.89482e-05,4.15836e-04,6.18739e-06,6.77330e-05,6.95571e-05,4.66952e-04,1.87695e-03,7.94176e-05,4.45602e-04,4.78949e-04
9.96121e-09,2.36962e-07,4.18130e-10,9.84420e-09,1.00164e-08,2.18974e-06,3.59806e-05,1.20455e-07,2.17024e-06,2.19881e-06,6.95571e-05,4.20904e-04,6.25133e-06,6.89482e-05,6.98488e-05,4.78949e-04,1.94531e-03,8.10300e-05,4.66952e-04,4.85234e-04
1.00164e-08,2.37752e-07,4.21580e-10,9.96121e-09,1.00402e-08,2.19881e-06,3.60715e-05,1.21219e-07,2.18974e-06,2.20269e-06,6.98488e-05,4.23307e-04,6.28237e-06,6.95571e-05,6.99765e-05,4.85234e-04,1.98396e-03,8.18676e-05,4.78949e-04,4.88171e-04
1.00402e-08,2.38075e-07,4.23140e-10,1.00164e-08,1.00467e-08,2.20269e-06,3.61092e-05,1.21558e-07,2.19881e-06,2.20376e-06,6.99765e-05,4.24345e-04,6.29614e-06,6.98488e-05,7.00121e-05,4.88171e-04,2.00275e-03,8.22570e-05,4.85234e-04,4.89020e-04
1.00467e-08,2.38161e-07,4.23583e-10,1.00402e-08,1.00402e-08,2.20376e-06,3.61193e-05,1.21654e-07,2.20269e-06,2.20269e-06,7.00121e-05,4.24632e-04,6.30001e-06,6.99765e-05,6.99765e-05,4.89020e-04,2.00827e-03,8.23693e-05,4.88171e-04,4.88171e-04
1.00402e-08,2.38075e-07,4.23140e-10,1.00467e-08,1.00164e-08,2.20269e-06,3.61092e-05,1.21558e-07,2.20376e-06,2.19881e-06,6.99765e-05,4.24345e-04,6.29614e-06,7.00121e-05,6.98488e-05,4.88171e-04,2.00275e-03,8.22570e-05,4.89020e-04,4.85234e-04
1.00164e-08,2.37752e-07,4.21581e-10,1.00402e-08,9.96121e-09,2.19881e-06,3.60715e-05,1.21219e-07,2.20269e-06,2.18974e-06,6.98488e-05,4.23307e-04,6.28237e-06,6.99765e-05,6.95571e-05,4.85234e-04,1.98396e-03,8.18676e-05,4.88171e-04,4.78950e-04
9.96121e-09,2.36962e-07,4.18131e-10,1.00164e-08,9.84421e-09,2.18974e-06,3.59806e-05,1.20455e-07,2.19881e-06,2.17024e-06,6.95571e-05,4.20904e-04,6.25133e-06,6.98488e-05,6.89482e-05,4.78950e-04,1.94533e-03,8.10301e-05,4.85234e-04,4.66955e-04
9.84421e-09,2.35174e-07,4.11230e-10,9.96121e-09,9.60753e-09,2.17024e-06,3.57763e-05,1.18891e-07,2.18974e-06,2.12984e-06,6.89482e-05,4.15837e-04,6.18739e-06,6.95571e-05,6.77331e-05,4.66955e-04,1.87700e-03,7.94178e-05,4.78950e-04,4.45609e-04
9.60753e-09,2.31279e-07,3.98142e-10,9.84421e-09,9.15049e-09,2.12984e-06,3.53312e-05,1.15831e-07,2.17024e-06,2.04912e-06,6.77331e-05,4.05724e-04,6.06106e-06,6.89482e-05,6.54048e-05,4.45609e-04,1.77108e-03,7.65111e-05,4.66955e-04,4.10430e-04
9.15049e-09,2.23128e-07,3.74555e-10,9.60753e-09,8.31568e-09,2.04912e-06,3.43859e-05,1.10097e-07,2.12984e-06,1.89465e-06,6.54048e-05,3.86770e-04,5.82035e-06,6.77331e-05,6.11415e-05,4.10430e-04,1.63587e-03,7.16292e-05,4.45609e-04,3.58534e-04
8.31568e-09,2.06886e-07,3.34484e-10,9.15049e-09,6.89526e-09,1.89465e-06,3.24396e-05,9.98906e-08,2.04912e-06,1.61558e-06,6.11415e-05,3.54282e-04,5.38027e-06,6.54048e-05,5.37336e-05,3.58534e-04,1.51887e-03,6.41793e-05,4.10430e-04,2.95998e-04
6.89526e-09,1.76546e-07,2.71205e-10,8.31568e-09,4.69475e-09,1.61558e-06,2.85950e-05,8.28888e-08,1.89465e-06,1.15081e-06,5.37336e-05,3.05994e-04,4.61675e-06,6.11415e-05,4.16283e-05,2.95998e-04,1.50837e-03,5.43291e-05,3.58534e-04,2.54259e-04
4.69475e-09,1.24711e-07,1.80109e-10,6.89526e-09,1.69751e-09,1.15081e-06,2.14534e-05,5.69675e-08,1.61558e-06,4.76269e-07,4.16283e-05,2.50726e-04,3.38530e-06,5.37336e-05,2.41132e-05,2.54259e-04,1.62385e-03,4.39906e-05,2.95998e-04,3.83056e-04
1.80107e-10,4.69473e-09,7.00974e-12,6.37304e-11,2.71203e-10,5.69675e-08,1.15081e-06,2.70877e-09,2.24255e-08,8.28888e-08,3.38529e-06,4.16281e-05,2.13829e-07,1.65151e-06,4.61675e-06,4.39873e-05,2.54149e-04,6.12005e-06,4.37728e-05,5.43267e-05
2.71203e-10,6.89524e-09,1.07403e-11,1.80107e-10,3.34482e-10,8.28888e-08,1.61558e-06,4.03958e-09,5.69675e-08,9.98906e-08,4.61675e-06,5.37335e-05,3.03245e-07,3.38529e-06,5.38027e-06,5.43267e-05,2.95929e-04,8.06278e-06,4.39873e-05,6.41778e-05
3.34482e-10,8.31566e-09,1.34793e-11,2.71203e-10,3.74553e-10,9.98906e-08,1.89465e-06,4.97414e-09,8.28888e-08,1.10097e-07,5.38027e-06,6.11414e-05,3.62180e-07,4.61675e-06,5.82035e-06,6.41778e-05,3.58498e-04,9.45344e-06,5.43267e-05,7.16285e-05
3.74553e-10,9.15048e-09,1.53204e-11,3.34482e-10,3.98141e-10,1.10097e-07,2.04912e-06,5.57463e-09,9.98906e-08,1.15831e-07,5.82035e-06,6.54047e-05,3.97862e-07,5.38027e-06,6.06106e-06,7.16285e-05,4.10413e-04,1.03743e-05,6.41778e-05,7.65108e-05
3.98141e-10,9.60752e-09,1.64715e-11,3.74553e-10,4.11228e-10,1.15831e-07,2.12984e-06,5.93452e-09,1.10097e-07,1.18891e-07,6.06106e-06,6.77330e-05,4.18177e-07,5.82035e-06,6.18739e-06,7.65108e-05,4.45602e-04,1.09425e-05,7.16285e-05,7.94176e-05
4.11228e-10,9.84420e-09,1.71489e-11,3.98141e-10,4.18130e-10,1.18891e-07,2.17024e-06,6.13844e-09,1.15831e-07,1.20455e-07,6.18739e-06,6.89482e-05,4.29206e-07,6.06106e-06,6.25133e-06,7.94176e-05,4.66952e-04,1.12726e-05,7.65108e-05,8.10300e-05
4.18130e-10,9.96121e-09,1.75268e-11,4.11228e-10,4.21580e-10,1.20455e-07,2.18974e-06,6.24850e-09,1.18891e-07,1.21219e-07,6.25133e-06,6.95571e-05,4.34955e-07,6.18739e-06,6.28237e-06,8.10300e-05,4.78949e-04,1.14543e-05,7.94176e-05,8.18676e-05
4.21580e-10,1.00164e-08,1.77255e-11,4.18130e-10,4.23140e-10,1.21219e-07,2.19881e-06,6.30486e-09,1.20455e-07,1.21558e-07,6.28237e-06,6.98488e-05,4.37819e-07,6.25133e-06,6.29614e-06,8.18676e-05,4.85234e-04,1.15488e-05,8.10300e-05,8.22570e-05
4.23140e-10,1.00402e-08,1.78192e-11,4.21580e-10,4.23583e-10,1.21558e-07,2.20269e-06,6.33089e-09,1.21219e-07,1.21654e-07,6.29614e-06,6.99765e-05,4.39116e-07,6.28237e-06,6.30001e-06,8.22570e-05,4.88171e-04,1.15929e-05,8.18676e-05,8.23693e-05
4.23583e-10,1.00467e-08,1.78464e-11,4.23140e-10,4.23140e-10,1.21654e-07,2.20376e-06,6.33838e-09,1.21558e-07,1.21558e-07,6.30001e-06,7.00121e-05,4.39485e-07,6.29614e-06,6.29614e-06,8.23693e-05,4.89020e-04,1.16057e-05,8.22570e-05,8.22570e-05
4.23140e-10,1.00402e-08,1.78192e-11,4.23583e-10,4.21581e-10,1.21558e-07,2.20269e-06,6.33089e-09,1.21654e-07,1.21219e-07,6.29614e-06,6.99765e-05,4.39116e-07,6.30001e-06,6.28237e-06,8.22570e-05,4.88171e-04,1.15929e-05,8.23693e-05,8.18676e-05
4.21581e-10,1.00164e-08,1.77256e-11,4.23140e-10,4.18131e-10,1.21219e-07,2.19881e-06,6.30486e-09,1.21558e-07,1.20455e-07,6.28237e-06,6.98488e-05,4.37819e-07,6.29614e-06,6.25133e-06,8.18676e-05,4.85234e-04,1.15488e-05,8.22570e-05,8.10301e-05
4.18131e-10,9.96121e-09,1.75268e-11,4.21581e-10,4.11230e-10,1.20455e-07,2.18974e-06,6.24851e-09,1.21219e-07,1.18891e-07,6.25133e-06,6.95571e-05,4.34955e-07,6.28237e-06,6.18739e-06,8.10301e-05,4.78950e-04,1.14543e-05,8.18676e-05,7.94178e-05
4.11230e-10,9.84421e-09,1.71490e-11,4.18131e-10,3.98142e-10,1.18891e-07,2.17024e-06,6.13844e-09,1.20455e-07,1.15831e-07,6.18739e-06,6.89482e-05,4.29206e-07,6.25133e-06,6.06106e-06,7.94178e-05,4.66955e-04,1.12726e-05,8.10301e-05,7.65111e-05
3.98142e-10,9.60753e-09,1.64716e-11,4.11230e-10,3.74555e-10,1.15831e-07,2.12984e-06,5.93452e-09,1.18891e-07,1.10097e-07,6.06106e-06,6.77331e-05,4.18177e-07,6.18739e-06,5.82035e-06,7.65111e-05,4.45609e-04,1.09426e-05,7.94178e-05,7.16292e-05
3.74555e-10,9.15049e-09,1.53206e-11,3.98142e-10,3.34484e-10,1.10097e-07,2.04912e-06,5.57463e-09,1.15831e-07,9.98906e-08,5.82035e-06,6.54048e-05,3.97862e-07,6.06106e-06,5.38027e-06,7.16292e-05,4.10430e-04,1.03743e-05,7.65111e-05,6.41793e-05
3.34484e-10,8.31568e-09,1.34796e-11,3.74555e-10,2.71205e-10,9.98906e-08,1.89465e-06,4.97415e-09,1.10097e-07,8.28888e-08,5.38027e-06,6.11415e-05,3.62180e-07,5.82035e-06,4.61675e-06,6.41793e-05,3.58534e-04,9.45349e-06,7.16292e-05,5.43291e-05
2.71205e-10,6.89526e-09,1.07406e-11,3.34484e-10,1.80109e-10,8.28888e-08,1.61558e-06,4.03958e-09,9.98906e-08,5.69675e-08,4.61675e-06,5.37336e-05,3.03245e-07,5.38027e-06,3.38530e-06,5.43291e-05,2.95998e-04,8.06286e-06,6.41793e-05,4.39906e-05
1.80109e-10,4.69475e-09,7.00991e-12,2.71205e-10,6.37313e-11,5.69675e-08,1.15081e-06,2.70877e-09,8.28888e-08,2.24255e-08,3.38530e-06,4.16283e-05,2.13829e-07,4.61675e-06,1.65151e-06,4.39906e-05,2.54259e-04,6.12015e-06,5.43291e-05,4.37750e-05
7.00974e-12,1.80107e-10,2.75829e-13,2.44905e-12,1.07403e-11,2.70877e-09,5.69675e-08,1.25778e-10,1.03568e-09,4.03958e-09,2.13829e-07,3.38529e-06,1.19411e-08,9.58811e-08,3.03245e-07,6.12005e-06,4.39873e-05,5.49025e-07,4.09770e-06,8.06278e-06
1.07403e-11,2.71203e-10,4.27973e-13,7.00974e-12,1.34793e-11,4.03958e-09,8.28888e-08,1.90865e-10,2.70877e-09,4.97414e-09,3.03245e-07,4.61675e-06,1.74096e-08,2.13829e-07,3.62180e-07,8.06278e-06,5.43267e-05,7.57733e-07,6.12005e-06,9.45344e-06
1.34793e-11,3.34482e-10,5.44515e-13,1.07403e-11,1.53204e-11,4.97414e-09,9.98906e-08,2.39030e-10,4.03958e-09,5.57463e-09,3.62180e-07,5.38027e-06,2.12351e-08,3.03245e-07,3.97862e-07,9.45344e-06,6.41778e-05,9.02524e-07,8.06278e-06,1.03743e-05
1.53204e-11,3.74553e-10,6.26698e-13,1.34793e-11,1.64715e-11,5.57463e-09,1.10097e-07,2.71750e-10,4.97414e-09,5.93452e-09,3.97862e-07,5.82035e-06,2.36835e-08,3.62180e-07,4.18177e-07,1.03743e-05,7.16285e-05,9.95797e-07,9.45344e-06,1.09425e-05
1.64715e-11,3.98141e-10,6.80725e-13,1.53204e-11,1.71489e-11,5.93452e-09,1.15831e-07,2.92478e-10,5.57463e-09,6.13844e-09,4.18177e-07,6.06106e-06,2.51487e-08,3.97862e-07,4.29206e-07,1.09425e-05,7.65108e-05,1.05240e-06,1.03743e-05,1.12726e-05
1.71489e-11,4.11228e-10,7.14158e-13,1.64715e-11,1.75268e-11,6.13844e-09,1.18891e-07,3.04866e-10,5.93452e-09,6.24850e-09,4.29206e-07,6.18739e-06,2.59801e-08,4.18177e-07,4.34955e-07,1.12726e-05,7.94176e-05,1.08507e-06,1.09425e-05,1.14543e-05
1.75268e-11,4.18130e-10,7.33732e-13,1.71489e-11,1.77255e-11,6.24850e-09,1.20455e-07,3.11894e-10,6.13844e-09,6.30486e-09,4.34955e-07,6.25133e-06,2.64308e-08,4.29206e-07,4.37819e-07,1.14543e-05,8.10300e-05,1.10308e-06,1.12726e-05,1.15488e-05
1.77255e-11,4.21580e-10,7.44494e-13,1.75268e-11,1.78192e-11,6.30486e-09,1.21219e-07,3.15656e-10,6.24850e-09,6.33089e-09,4.37819e-07,6.28237e-06,2.66629e-08,4.34955e-07,4.39116e-07,1.15488e-05,8.18676e-05,1.11250e-06,1.14543e-05,1.15929e-05
1.78192e-11,4.23140e-10,7.49749e-13,1.77255e-11,1.78464e-11,6.33089e-09,1.21558e-07,3.17456e-10,6.30486e-09,6.33838e-09,4.39116e-07,6.29614e-06,2.67709e-08,4.37819e-07,4.39485e-07,1.15929e-05,8.22570e-05,1.11693e-06,1.15488e-05,1.16057e-05
1.78464e-11,4.23583e-10,7.51310e-13,1.78192e-11,1.78192e-11,6.33838e-09,1.21654e-07,3.17985e-10,6.33089e-09,6.33089e-09,4.39485e-07,6.30001e-06,2.68021e-08,4.39116e-07,4.39116e-07,1.16057e-05,8.23693e-05,1.11822e-06,1.15929e-05,1.15929e-05
1.78192e-11,4.23140e-10,7.49750e-13,1.78464e-11,1.77256e-11,6.33089e-09,1.21558e-07,3.17456e-10,6.33838e-09,6.30486e-09,4.39116e-07,6.29614e-06,2.67709e-08,4.39485e-07,4.37819e-07,1.15929e-05,8.22570e-05,1.11693e-06,1.16057e-05,1.15488e-05
1.77256e-11,4.21581e-10,7.44497e-13,1.78192e-11,1.75268e-11,6.30486e-09,1.21219e-07,3.15656e-10,6.33089e-09,6.24851e-09,4.37819e-07,6.28237e-06,2.66629e-08,4.39116e-07,4.34955e-07,1.15488e-05,8.18676e-05,1.11250e-06,1.15929e-05,1.14543e-05
1.75268e-11,4.18131e-10,7.33737e-13,1.77256e-11,1.71490e-11,6.24851e-09,1.20455e-07,3.11894e-10,6.30486e-09,6.13844e-09,4.34955e-07,6.25133e-06,2.64308e-08,4.37819e-07,4.29206e-07,1.14543e-05,8.10301e-05,1.10308e-06,1.15488e-05,1.12726e-05
1.71490e-11,4.11230e-10,7.14165e-13,1.75268e-11,1.64716e-11,6.13844e-09,1.18891e-07,3.04866e-10,6.24851e-09,5.93452e-09,4.29206e-07,6.18739e-06,2.59801e-08,4.34955e-07,4.18177e-07,1.12726e-05,7.94178e-05,1.08507e-06,1.14543e-05,1.09426e-05
1.64716e-11,3.98142e-10,6.80735e-13,1.71490e-11,1.53206e-11,5.93452e-09,1.15831e-07,2.92478e-10,6.13844e-09,5.57463e-09,4.18177e-07,6.06106e-06,2.51487e-08,4.29206e-07,3.97862e-07,1.09426e-05,7.65111e-05,1.05240e-06,1.12726e-05,1.03743e-05
1.53206e-11,3.74555e-10,6.26711e-13,1.64716e-11,1.34796e-11,5.57463e-09,1.10097e-07,2.71750e-10,5.93452e-09,4.97415e-09,3.97862e-07,5.82035e-06,2.36835e-08,4.18177e-07,3.62180e-07,1.03743e-05,7.16292e-05,9.95798e-07,1.09426e-05,9.45349e-06
1.34796e-11,3.34484e-10,5.44529e-13,1.53206e-11,1.07406e-11,4.97415e-09,9.98906e-08,2.39030e-10,5.57463e-09,4.03958e-09,3.62180e-07,5.38027e-06,2.12351e-08,3.97862e-07,3.03245e-07,9.45349e-06,6.41793e-05,9.02526e-07,1.03743e-05,8.06286e-06
1.07406e-11,2.71205e-10,4.27987e-13,1.34796e-11,7.00991e-12,4.03958e-09,8.28888e-08,1.90866e-10,4.97415e-09,2.70877e-09,3.03245e-07,4.61675e-06,1.74096e-08,3.62180e-07,2.13829e-07,8.06286e-06,5.43291e-05,7.57735e-07,9.45349e-06,6.12015e-06
7.00991e-12,1.80109e-10,2.75840e-13,1.07406e-11,2.44912e-12,2.70877e-09,5.69675e-08,1.25778e-10,4.03958e-09,1.03568e-09,2.13829e-07,3.38530e-06,1.19411e-08,3.03245e-07,9.58812e-08,6.12015e-06,4.39906e-05,5.49028e-07,8.06286e-06,4.09775e-06
2.75829e-13,7.00974e-12,1.09465e-14,9.55813e-14,4.27973e-13,1.25778e-10,2.70877e-09,5.74957e-12,4.71959e-11,1.90865e-10,1.19411e-08,2.13829e-07,6.21181e-10,5.10689e-09,1.74096e-08,5.49025e-07,6.12005e-06,3.88779e-08,3.03991e-07,7.57733e-07
4.27973e-13,1.07403e-11,1.71450e-14,2.75829e-13,5.44515e-13,1.90865e-10,4.03958e-09,8.83663e-12,1.25778e-10,2.39030e-10,1.74096e-08,3.03245e-07,9.23802e-10,1.19411e-08,2.12351e-08,7.57733e-07,8.06278e-06,5.54297e-08,5.49025e-07,9.02524e-07
5.44515e-13,1.34793e-11,2.20524e-14,4.27973e-13,6.26698e-13,2.39030e-10,4.97414e-09,1.12154e-11,1.90865e-10,2.71750e-10,2.12351e-08,3.62180e-07,1.14637e-09,1.74096e-08,2.36835e-08,9.02524e-07,9.45344e-06,6.72223e-08,7.57733e-07,9.95797e-07
6.26698e-13,1.53204e-11,2.56503e-14,5.44515e-13,6.80725e-13,2.71750e-10,5.57463e-09,1.29064e-11,2.39030e-10,2.92478e-10,2.36835e-08,3.97862e-07,1.29626e-09,2.12351e-08,2.51487e-08,9.95797e-07,1.03743e-05,7.49763e-08,9.02524e-07,1.05240e-06
6.80725e-13,1.64715e-11,2.81166e-14,6.26698e-13,7.14158e-13,2.92478e-10,5.93452e-09,1.40292e-11,2.71750e-10,3.04866e-10,2.51487e-08,4.18177e-07,1.39044e-09,2.36835e-08,2.59801e-08,1.05240e-06,1.09425e-05,7.97642e-08,9.95797e-07,1.08507e-06
7.14158e-13,1.71489e-11,2.97096e-14,6.80725e-13,7.33732e-13,3.04866e-10,6.13844e-09,1.47322e-11,2.92478e-10,3.11894e-10,2.59801e-08,4.29206e-07,1.44638e-09,2.51487e-08,2.64308e-08,1.08507e-06,1.12726e-05,8.25726e-08,1.05240e-06,1.10308e-06
7.33732e-13,1.75268e-11,3.06821e-14,7.14158e-13,7.44494e-13,3.11894e-10,6.24850e-09,1.51492e-11,3.04866e-10,3.15656e-10,2.64308e-08,4.34955e-07,1.47797e-09,2.59801e-08,2.66629e-08,1.10308e-06,1.14543e-05,8.41455e-08,1.08507e-06,1.11250e-06
7.44494e-13,1.77255e-11,3.12377e-14,7.33732e-13,7.49749e-13,3.15656e-10,6.30486e-09,1.53815e-11,3.11894e-10,3.17456e-10,2.66629e-08,4.37819e-07,1.49485e-09,2.64308e-08,2.67709e-08,1.11250e-06,1.15488e-05,8.49807e-08,1.10308e-06,1.11693e-06
7.49749e-13,1.78192e-11,3.15174e-14,7.44494e-13,7.51310e-13,3.17456e-10,6.33089e-09,1.54962e-11,3.15656e-10,3.17985e-10,2.67709e-08,4.39116e-07,1.50292e-09,2.66629e-08,2.68021e-08,1.11693e-06,1.15929e-05,8.53784e-08,1.11250e-06,1.11822e-06
7.51310e-13,1.78464e-11,3.16020e-14,7.49749e-13,7.49750e-13,3.17985e-10,6.33838e-09,1.55305e-11,3.17456e-10,3.17456e-10,2.68021e-08,4.39485e-07,1.50529e-09,2.67709e-08,2.67709e-08,1.11822e-06,1.16057e-05,8.54950e-08,1.11693e-06,1.11693e-06
7.49750e-13,1.78192e-11,3.15175e-14,7.51310e-13,7.44497e-13,3.17456e-10,6.33089e-09,1.54962e-11,3.17985e-10,3.15656e-10,2.67709e-08,4.39116e-07,1.50292e-09,2.68021e-08,2.66629e-08,1.11693e-06,1.15929e-05,8.53784e-08,1.11822e-06,1.11250e-06
7.44497e-13,1.77256e-11,3.12378e-14,7.49750e-13,7.33737e-13,3.15656e-10,6.30486e-09,1.53815e-11,3.17456e-10,3.11894e-10,2.66629e-08,4.37819e-07,1.49485e-09,2.67709e-08,2.64308e-08,1.11250e-06,1.15488e-05,8.49807e-08,1.11693e-06,1.10308e-06
7.33737e-13,1.75268e-11,3.06824e-14,7.44497e-13,7.14165e-13,3.11894e-10,6.24851e-09,1.51492e-11,3.15656e-10,3.04866e-10,2.64308e-08,4.34955e-07,1.47798e-09,2.66629e-08,2.59801e-08,1.10308e-06,1.14543e-05,8.41455e-08,1.11250e-06,1.08507e-06
7.14165e-13,1.71490e-11,2.97100e-14,7.33737e-13,6.80735e-13,3.04866e-10,6.13844e-09,1.47323e-11,3.11894e-10,2.92478e-10,2.59801e-08,4.29206e-07,1.44638e-09,2.64308e-08,2.51487e-08,1.08507e-06,1.12726e-05,8.25726e-08,1.10308e-06,1.05240e-06
6.80735e-13,1.64716e-11,2.81172e-14,7.14165e-13,6.26711e-13,2.92478e-10,5.93452e-09,1.40293e-11,3.04866e-10,2.71750e-10,2.51487e-08,4.18177e-07,1.39044e-09,2.59801e-08,2.36835e-08,1.05240e-06,1.09426e-05,7.97643e-08,1.08507e-06,9.95798e-07
6.26711e-13,1.53206e-11,2.56510e-14,6.80735e-13,5.44529e-13,2.71750e-10,5.57463e-09,1.29065e-11,2.92478e-10,2.39030e-10,2.36835e-08,3.97862e-07,1.29626e-09,2.51487e-08,2.12351e-08,9.95798e-07,1.03743e-05,7.49763e-08,1.05240e-06,9.02526e-07
5.44529e-13,1.34796e-11,2.20532e-14,6.26711e-13,4.27987e-13,2.39030e-10,4.97415e-09,1.12154e-11,2.71750e-10,1.90866e-10,2.12351e-08,3.62180e-07,1.14637e-09,2.36835e-08,1.74096e-08,9.02526e-07,9.45349e-06,6.72224e-08,9.95798e-07,7.57735e-07
4.27987e-13,1.07406e-11,1.71457e-14,5.44529e-13,2.75840e-13,1.90866e-10,4.03958e-09,8.83667e-12,2.39030e-10,1.25778e-10,1.74096e-08,3.03245e-07,9.23802e-10,2.12351e-08,1.19411e-08,7.57735e-07,8.06286e-06,5.54298e-08,9.02526e-07,5.49028e-07
2.75840e-13,7.00991e-12,1.09471e-14,4.27987e-13,9.55859e-14,1.25778e-10,2.70877e-09,5.74960e-12,1.90866e-10,4.71961e-11,1.19411e-08,2.13829e-07,6.21181e-10,1.74096e-08,5.10690e-09,5.49028e-07,6.12015e-06,3.88780e-08,7.57735e-07,3.03992e-07
1.09465e-14,2.75829e-13,4.37354e-16,3.77162e-15,1.71450e-14,5.74957e-12,1.25778e-10,2.59915e-13,2.12923e-12,8.83663e-12,6.21181e-10,1.19411e-08,3.08848e-11,2.58003e-10,9.23802e-10,3.88779e-08,5.49025e-07,2.39870e-09,1.94265e-08,5.54297e-08
1.71450e-14,4.27973e-13,6.90000e-16,1.09465e-14,2.20524e-14,8.83663e-12,1.90865e-10,4.03333e-13,5.74957e-12,1.12154e-11,9.23802e-10,1.74096e-08,4.66062e-11,6.21181e-10,1.14637e-09,5.54297e-08,7.57733e-07,3.50044e-09,3.88779e-08,6.72223e-08
2.20524e-14,5.44515e-13,8.95334e-16,1.71450e-14,2.56503e-14,1.12154e-11,2.39030e-10,5.17407e-13,8.83663e-12,1.29064e-11,1.14637e-09,2.12351e-08,5.86468e-11,9.23802e-10,1.29626e-09,6.72223e-08,9.02524e-07,4.31452e-09,5.54297e-08,7.49763e-08
2.56503e-14,6.26698e-13,1.05074e-15,2.20524e-14,2.81166e-14,1.29064e-11,2.71750e-10,6.01566e-13,1.12154e-11,1.40292e-11,1.29626e-09,2.36835e-08,6.71208e-11,1.14637e-09,1.39044e-09,7.49763e-08,9.95797e-07,4.86848e-09,6.72223e-08,7.97642e-08
2.81166e-14,6.80725e-13,1.16107e-15,2.56503e-14,2.97096e-14,1.40292e-11,2.92478e-10,6.59710e-13,1.29064e-11,1.47322e-11,1.39044e-09,2.51487e-08,7.26868e-11,1.29626e-09,1.44638e-09,7.97642e-08,1.05240e-06,5.22142e-09,7.49763e-08,8.25726e-08
2.97096e-14,7.14158e-13,1.23499e-15,2.81166e-14,3.06821e-14,1.47322e-11,3.04866e-10,6.97611e-13,1.40292e-11,1.51492e-11,1.44638e-09,2.59801e-08,7.61367e-11,1.39044e-09,1.47797e-09,8.25726e-08,1.08507e-06,5.43439e-09,7.97642e-08,8.41455e-08
3.06821e-14,7.33732e-13,1.28178e-15,2.97096e-14,3.12377e-14,1.51492e-11,3.11894e-10,7.20982e-13,1.47322e-11,1.53815e-11,1.47797e-09,2.64308e-08,7.81652e-11,1.44638e-09,1.49485e-09,8.41455e-08,1.10308e-06,5.55677e-09,8.25726e-08,8.49807e-08
3.12377e-14,7.44494e-13,1.30941e-15,3.06821e-14,3.15174e-14,1.53815e-11,3.15656e-10,7.34470e-13,1.51492e-11,1.54962e-11,1.49485e-09,2.66629e-08,7.92876e-11,1.47797e-09,1.50292e-09,8.49807e-08,1.11250e-06,5.62323e-09,8.41455e-08,8.53784e-08
3.15174e-14,7.49749e-13,1.32369e-15,3.12377e-14,3.16020e-14,1.54962e-11,3.17456e-10,7.41320e-13,1.53815e-11,1.55305e-11,1.50292e-09,2.67709e-08,7.98393e-11,1.49485e-09,1.50529e-09,8.53784e-08,1.11693e-06,5.65545e-09,8.49807e-08,8.54950e-08
3.16020e-14,7.51310e-13,1.32807e-15,3.15174e-14,3.15175e-14,1.55305e-11,3.17985e-10,7.43402e-13,1.54962e-11,1.54962e-11,1.50529e-09,2.68021e-08,8.00039e-11,1.50292e-09,1.50292e-09,8.54950e-08,1.11822e-06,5.66499e-09,8.53784e-08,8.53784e-08
3.15175e-14,7.49750e-13,1.32369e-15,3.16020e-14,3.12378e-14,1.54962e-11,3.17456e-10,7.41320e-13,1.55305e-11,1.53815e-11,1.50292e-09,2.67709e-08,7.98393e-11,1.50529e-09,1.49485e-09,8.53784e-08,1.11693e-06,5.65545e-09,8.54950e-08,8.49807e-08
3.12378e-14,7.44497e-13,1.30942e-15,3.15175e-14,3.06824e-14,1.53815e-11,3.15656e-10,7.34471e-13,1.54962e-11,1.51492e-11,1.49485e-09,2.66629e-08,7.92876e-11,1.50292e-09,1.47798e-09,8.49807e-08,1.11250e-06,5.62323e-09,8.53784e-08,8.41455e-08
3.06824e-14,7.33737e-13,1.28179e-15,3.12378e-14,2.97100e-14,1.51492e-11,3.11894e-10,7.20983e-13,1.53815e-11,1.47323e-11,1.47798e-09,2.64308e-08,7.81652e-11,1.49485e-09,1.44638e-09,8.41455e-08,1.10308e-06,5.55677e-09,8.49807e-08,8.25726e-08
2.97100e-14,7.14165e-13,1.23502e-15,3.06824e-14,2.81172e-14,1.47323e-11,3.04866e-10,6.97613e-13,1.51492e-11,1.40293e-11,1.44638e-09,2.59801e-08,7.61368e-11,1.47798e-09,1.39044e-09,8.25726e-08,1.08507e-06,5.43439e-09,8.41455e-08,7.97643e-08
2.81172e-14,6.80735e-13,1.16110e-15,2.97100e-14,2.56510e-14,1.40293e-11,2.92478e-10,6.59713e-13,1.47323e-11,1.29065e-11,1.39044e-09,2.51487e-08,7.26869e-11,1.44638e-09,1.29626e-09,7.97643e-08,1.05240e-06,5.22142e-09,8.25726e-08,7.49763e-08
2.56510e-14,6.26711e-13,1.05077e-15,2.81172e-14,2.20532e-14,1.29065e-11,2.71750e-10,6.01569e-13,1.40293e-11,1.12154e-11,1.29626e-09,2.36835e-08,6.71209e-11,1.39044e-09,1.14637e-09,7.49763e-08,9.95798e-07,4.86848e-09,7.97643e-08,6.72224e-08
2.20532e-14,5.44529e-13,8.95375e-16,2.56510e-14,1.71457e-14,1.12154e-11,2.39030e-10,5.17410e-13,1.29065e-11,8.83667e-12,1.14637e-09,2.12351e-08,5.86469e-11,1.29626e-09,9.23802e-10,6.72224e-08,9.02526e-07,4.31452e-09,7.49763e-08,5.54298e-08
1.71457e-14,4.27987e-13,6.90039e-16,2.20532e-14,1.09471e-14,8.83667e-12,1.90866e-10,4.03336e-13,1.12154e-11,5.74960e-12,9.23802e-10,1.74096e-08,4.66062e-11,1.14637e-09,6.21181e-10,5.54298e-08,7.57735e-07,3.50044e-09,6.72224e-08,3.88780e-08
1.09471e-14,2.75840e-13,4.37384e-16,1.71457e-14,3.77186e-15,5.74960e-12,1.25778e-10,2.59917e-13,8.83667e-12,2.12925e-12,6.21181e-10,1.19411e-08,3.08849e-11,9.23802e-10,2.58003e-10,3.88780e-08,5.49028e-07,2.39870e-09,5.54298e-08,1.94265e-08
4.37354e-16,1.09465e-14,1.75692e-17,1.50058e-16,6.90000e-16,2.59915e-13,5.74957e-12,1.16519e-14,9.53120e-14,4.03333e-13,3.08848e-11,6.21181e-10,1.48882e-12,1.25795e-11,4.66062e-11,2.39870e-09,3.88779e-08,1.35540e-10,1.12669e-09,3.50044e-09
6.90000e-16,1.71450e-14,2.78783e-17,4.37354e-16,8.95334e-16,4.03333e-13,8.83663e-12,1.82175e-14,2.59915e-13,5.17407e-13,4.66062e-11,9.23802e-10,2.27163e-12,3.08848e-11,5.86468e-11,3.50044e-09,5.54297e-08,2.01209e-10,2.39870e-09,4.31452e-09
8.95334e-16,2.20524e-14,3.64359e-17,6.90000e-16,1.05074e-15,5.17407e-13,1.12154e-11,2.35734e-14,4.03333e-13,6.01566e-13,5.86468e-11,1.14637e-09,2.89105e-12,4.66062e-11,6.71208e-11,4.31452e-09,6.72223e-08,2.51434e-10,3.50044e-09,4.86848e-09
1.05074e-15,2.56503e-14,4.30852e-17,8.95334e-16,1.16107e-15,6.01566e-13,1.29064e-11,2.76473e-14,5.17407e-13,6.59710e-13,6.71208e-11,1.29626e-09,3.34354e-12,5.86468e-11,7.26868e-11,4.86848e-09,7.49763e-08,2.86855e-10,4.31452e-09,5.22142e-09
1.16107e-15,2.81166e-14,4.79481e-17,1.05074e-15,1.23499e-15,6.59710e-13,1.40292e-11,3.05581e-14,6.01566e-13,6.97611e-13,7.26868e-11,1.39044e-09,3.65256e-12,6.71208e-11,7.61367e-11,5.22142e-09,7.97642e-08,3.10220e-10,4.86848e-09,5.43439e-09
1.23499e-15,2.97096e-14,5.13094e-17,1.16107e-15,1.28178e-15,6.97611e-13,1.47322e-11,3.25224e-14,6.59710e-13,7.20982e-13,7.61367e-11,1.44638e-09,3.85166e-12,7.26868e-11,7.81652e-11,5.43439e-09,8.25726e-08,3.24788e-10,5.22142e-09,5.55677e-09
1.28178e-15,3.06821e-14,5.35040e-17,1.23499e-15,1.30941e-15,7.20982e-13,1.51492e-11,3.37756e-14,6.97611e-13,7.34470e-13,7.81652e-11,1.47797e-09,3.97312e-12,7.61367e-11,7.92876e-11,5.55677e-09,8.41455e-08,3.33415e-10,5.43439e-09,5.62323e-09
1.30941e-15,3.12377e-14,5.48375e-17,1.28178e-15,1.32369e-15,7.34470e-13,1.53815e-11,3.45215e-14,7.20982e-13,7.41320e-13,7.92876e-11,1.49485e-09,4.04259e-12,7.81652e-11,7.98393e-11,5.62323e-09,8.49807e-08,3.38224e-10,5.55677e-09,5.65545e-09
1.32369e-15,3.15174e-14,5.55428e-17,1.30941e-15,1.32807e-15,7.41320e-13,1.54962e-11,3.49097e-14,7.34470e-13,7.43402e-13,7.98393e-11,1.50292e-09,4.07763e-12,7.92876e-11,8.00039e-11,5.65545e-09,8.53784e-08,3.40603e-10,5.62323e-09,5.66499e-09
1.32807e-15,3.16020e-14,5.57621e-17,1.32369e-15,1.32369e-15,7.43402e-13,1.55305e-11,3.50293e-14,7.41320e-13,7.41320e-13,8.00039e-11,1.50529e-09,4.08824e-12,7.98393e-11,7.98393e-11,5.66499e-09,8.54950e-08,3.41316e-10,5.65545e-09,5.65545e-09
1.32369e-15,3.15175e-14,5.55430e-17,1.32807e-15,1.30942e-15,7.41320e-13,1.54962e-11,3.49097e-14,7.43402e-13,7.34471e-13,7.98393e-11,1.50292e-09,4.07763e-12,8.00039e-11,7.92876e-11,5.65545e-09,8.53784e-08,3.40603e-10,5.66499e-09,5.62323e-09
1.30942e-15,3.12378e-14,5.48381e-17,1.32369e-15,1.28179e-15,7.34471e-13,1.53815e-11,3.45216e-14,7.41320e-13,7.20983e-13,7.92876e-11,1.49485e-09,4.04259e-12,7.98393e-11,7.81652e-11,5.62323e-09,8.49807e-08,3.38224e-10,5.65545e-09,5.55677e-09
1.28179e-15,3.06824e-14,5.35049e-17,1.30942e-15,1.23502e-15,7.20983e-13,1.51492e-11,3.37757e-14,7.34471e-13,6.97613e-13,7.81652e-11,1.47798e-09,3.97313e-12,7.92876e-11,7.61368e-11,5.55677e-09,8.41455e-08,3.33415e-10,5.62323e-09,5.43439e-09
1.23502e-15,2.97100e-14,5.13106e-17,1.28179e-15,1.16110e-15,6.97613e-13,1.47323e-11,3.25225e-14,7.20983e-13,6.59713e-13,7.61368e-11,1.44638e-09,3.85166e-12,7.81652e-11,7.26869e-11,5.43439e-09,8.25726e-08,3.24788e-10,5.55677e-09,5.22142e-09
1.16110e-15,2.81172e-14,4.79496e-17,1.23502e-15,1.05077e-15,6.59713e-13,1.40293e-11,3.05582e-14,6.97613e-13,6.01569e-13,7.26869e-11,1.39044e-09,3.65256e-12,7.61368e-11,6.71209e-11,5.22142e-09,7.97643e-08,3.10220e-10,5.43439e-09,4.86848e-09
1.05077e-15,2.56510e-14,4.30870e-17,1.16110e-15,8.95375e-16,6.01569e-13,1.29065e-11,2.76475e-14,6.59713e-13,5.17410e-13,6.71209e-11,1.29626e-09,3.34355e-12,7.26869e-11,5.86469e-11,4.86848e-09,7.49763e-08,2.86855e-10,5.22142e-09,4.31452e-09
8.95375e-16,2.20532e-14,3.64379e-17,1.05077e-15,6.90039e-16,5.17410e-13,1.12154e-11,2.35736e-14,6.01569e-13,4.03336e-13,5.86469e-11,1.14637e-09,2.89106e-12,6.71209e-11,4.66062e-11,4.31452e-09,6.72224e-08,2.51434e-10,4.86848e-09,3.50044e-09
6.90039e-16,1.71457e-14,2.78803e-17,8.95375e-16,4.37384e-16,4.03336e-13,8.83667e-12,1.82177e-14,5.17410e-13,2.59917e-13,4.66062e-11,9.23802e-10,2.27163e-12,5.86469e-11,3.08849e-11,3.50044e-09,5.54298e-08,2.01209e-10,4.31452e-09,2.39870e-09
4.37384e-16,1.09471e-14,1.75707e-17,6.90039e-16,1.50070e-16,2.59917e-13,5.74960e-12,1.16520e-14,4.03336e-13,9.53131e-14,3.08849e-11,6.21181e-10,1.48883e-12,4.66062e-11,1.25795e-11,2.39870e-09,3.88780e-08,1.35540e-10,3.50044e-09,1.12670e-09
1.75692e-17,4.37354e-16,7.08941e-19,6.00857e-18,2.78783e-17,1.16519e-14,2.59915e-13,5.18955e-16,4.24004e-15,1.82175e-14,1.48882e-12,3.08848e-11,7.01934e-14,5.98053e-13,2.27163e-12,1.35540e-10,2.39870e-09,7.21296e-12,6.11418e-11,2.01209e-10
2.78783e-17,6.90000e-16,1.13018e-18,1.75692e-17,3.64359e-17,1.82175e-14,4.03333e-13,8.16262e-16,1.16519e-14,2.35734e-14,2.27163e-12,4.66062e-11,1.08023e-13,1.48882e-12,2.89105e-12,2.01209e-10,3.50044e-09,1.08472e-11,1.35540e-10,2.51434e-10
3.64359e-17,8.95334e-16,1.48597e-18,2.78783e-17,4.30852e-17,2.35734e-14,5.17407e-13,1.06380e-15,1.82175e-14,2.76473e-14,2.89105e-12,5.86468e-11,1.38760e-13,2.27163e-12,3.34354e-12,2.51434e-10,4.31452e-09,1.37110e-11,2.01209e-10,2.86855e-10
4.30852e-17,1.05074e-15,1.76855e-18,3.64359e-17,4.79481e-17,2.76473e-14,6.01566e-13,1.25693e-15,2.35734e-14,3.05581e-14,3.34354e-12,6.71208e-11,1.61928e-13,2.89105e-12,3.65256e-12,2.86855e-10,4.86848e-09,1.57986e-11,2.51434e-10,3.10220e-10
4.79481e-17,1.16107e-15,1.98047e-18,4.30852e-17,5.13094e-17,3.05581e-14,6.59710e-13,1.39890e-15,2.76473e-14,3.25224e-14,3.65256e-12,7.26868e-11,1.78294e-13,3.34354e-12,3.85166e-12,3.10220e-10,5.22142e-09,1.72230e-11,2.86855e-10,3.24788e-10
5.13094e-17,1.23499e-15,2.13094e-18,4.79481e-17,5.35040e-17,3.25224e-14,6.97611e-13,1.49761e-15,3.05581e-14,3.37756e-14,3.85166e-12,7.61367e-11,1.89208e-13,3.65256e-12,3.97312e-12,3.24788e-10,5.43439e-09,1.81407e-11,3.10220e-10,3.33415e-10
5.35040e-17,1.28178e-15,2.23184e-18,5.13094e-17,5.48375e-17,3.37756e-14,7.20982e-13,1.56248e-15,3.25224e-14,3.45215e-14,3.97312e-12,7.81652e-11,1.96091e-13,3.85166e-12,4.04259e-12,3.33415e-10,5.55677e-09,1.87012e-11,3.24788e-10,3.38224e-10
5.48375e-17,1.30941e-15,2.29468e-18,5.35040e-17,5.55428e-17,3.45215e-14,7.34470e-13,1.60214e-15,3.37756e-14,3.49097e-14,4.04259e-12,7.92876e-11,2.00147e-13,3.97312e-12,4.07763e-12,3.38224e-10,5.62323e-09,1.90222e-11,3.33415e-10,3.40603e-10
5.55428e-17,1.32369e-15,2.32856e-18,5.48375e-17,5.57621e-17,3.49097e-14,7.41320e-13,1.62323e-15,3.45215e-14,3.50293e-14,4.07763e-12,7.98393e-11,2.02243e-13,4.04259e-12,4.08824e-12,3.40603e-10,5.65545e-09,1.91844e-11,3.38224e-10,3.41316e-10
5.57621e-17,1.32807e-15,2.33922e-18,5.55428e-17,5.55430e-17,3.50293e-14,7.43402e-13,1.62980e-15,3.49097e-14,3.49097e-14,4.08824e-12,8.00039e-11,2.02885e-13,4.07763e-12,4.07763e-12,3.41316e-10,5.66499e-09,1.92336e-11,3.40603e-10,3.40603e-10
5.55430e-17,1.32369e-15,2.32858e-18,5.57621e-17,5.48381e-17,3.49097e-14,7.41320e-13,1.62323e-15,3.50293e-14,3.45216e-14,4.07763e-12,7.98393e-11,2.02243e-13,4.08824e-12,4.04259e-12,3.40603e-10,5.65545e-09,1.91844e-11,3.41316e-10,3.38224e-10
5.48381e-17,1.30942e-15,2.29471e-18,5.55430e-17,5.35049e-17,3.45216e-14,7.34471e-13,1.60215e-15,3.49097e-14,3.37757e-14,4.04259e-12,7.92876e-11,2.00148e-13,4.07763e-12,3.97313e-12,3.38224e-10,5.62323e-09,1.90222e-11,3.40603e-10,3.33415e-10
5.35049e-17,1.28179e-15,2.23188e-18,5.48381e-17,5.13106e-17,3.37757e-14,7.20983e-13,1.56249e-15,3.45216e-14,3.25225e-14,3.97313e-12,7.81652e-11,1.96091e-13,4.04259e-12,3.85166e-12,3.33415e-10,5.55677e-09,1.87012e-11,3.38224e-10,3.24788e-10
5.13106e-17,1.23502e-15,2.13100e-18,5.35049e-17,4.79496e-17,3.25225e-14,6.97613e-13,1.49762e-15,3.37757e-14,3.05582e-14,3.85166e-12,7.61368e-11,1.89208e-13,3.97313e-12,3.65256e-12,3.24788e-10,5.43439e-09,1.81407e-11,3.33415e-10,3.10220e-10
4.79496e-17,1.16110e-15,1.98055e-18,5.13106e-17,4.30870e-17,3.05582e-14,6.59713e-13,1.39891e-15,3.25225e-14,2.76475e-14,3.65256e-12,7.26869e-11,1.78294e-13,3.85166e-12,3.34355e-12,3.10220e-10,5.22142e-09,1.72230e-11,3.24788e-10,2.86855e-10
4.30870e-17,1.05077e-15,1.76864e-18,4.79496e-17,3.64379e-17,2.76475e-14,6.01569e-13,1.25694e-15,3.05582e-14,2.35736e-14,3.34355e-12,6.71209e-11,1.61928e-13,3.65256e-12,2.89106e-12,2.86855e-10,4.86848e-09,1.57986e-11,3.10220e-10,2.51434e-10
3.64379e-17,8.95375e-16,1.48606e-18,4.30870e-17,2.78803e-17,2.35736e-14,5.17410e-13,1.06381e-15,2.76475e-14,1.82177e-14,2.89106e-12,5.86469e-11,1.38761e-13,3.34355e-12,2.27163e-12,2.51434e-10,4.31452e-09,1.37110e-11,2.86855e-10,2.01209e-10
2.78803e-17,6.90039e-16,1.13028e-18,3.64379e-17,1.75707e-17,1.82177e-14,4.03336e-13,8.16274e-16,2.35736e-14,1.16520e-14,2.27163e-12,4.66062e-11,1.08024e-13,2.89106e-12,1.48883e-12,2.01209e-10,3.50044e-09,1.08472e-11,2.51434e-10,1.35540e-10
1.75707e-17,4.37384e-16,7.09011e-19,2.78803e-17,6.00915e-18,1.16520e-14,2.59917e-13,5.18964e-16,1.82177e-14,4.24010e-15,1.48883e-12,3.08849e-11,7.01937e-14,2.27163e-12,5.98056e-13,1.35540e-10,2.39870e-09,7.21297e-12,2.01209e-10,6.11418e-11
7.08941e-19,1.75692e-17,2.87133e-20,2.41831e-19,1.13018e-18,5.18955e-16,1.16519e-14,2.29926e-17,1.87670e-16,8.16262e-16,7.01934e-14,1.48882e-12,3.25507e-15,2.79074e-14,1.08023e-13,7.21296e-12,1.35540e-10,3.67722e-13,3.16363e-12,1.08472e-11
1.13018e-18,2.78783e-17,4.59507e-20,7.08941e-19,1.48597e-18,8.16262e-16,1.82175e-14,3.63427e-17,5.18955e-16,1.06380e-15,1.08023e-13,2.27163e-12,5.04369e-15,7.01934e-14,1.38760e-13,1.08472e-11,2.01209e-10,5.58579e-13,7.21296e-12,1.37110e-11
1.48597e-18,3.64359e-17,6.07206e-20,1.13018e-18,1.76855e-18,1.06380e-15,2.35734e-14,4.76464e-17,8.16262e-16,1.25693e-15,1.38760e-13,2.89105e-12,6.52872e-15,1.08023e-13,1.61928e-13,1.37110e-11,2.51434e-10,7.12827e-13,1.08472e-11,1.57986e-11
1.76855e-18,4.30852e-17,7.26708e-20,1.48597e-18,1.98047e-18,1.25693e-15,2.76473e-14,5.66550e-17,1.06380e-15,1.39890e-15,1.61928e-13,3.34354e-12,7.67801e-15,1.38760e-13,1.78294e-13,1.57986e-11,2.86855e-10,8.28609e-13,1.37110e-11,1.72230e-11
1.98047e-18,4.79481e-17,8.18270e-20,1.76855e-18,2.13094e-18,1.39890e-15,3.05581e-14,6.34397e-17,1.25693e-15,1.49761e-15,1.78294e-13,3.65256e-12,8.51392e-15,1.61928e-13,1.89208e-13,1.72230e-11,3.10220e-10,9.10092e-13,1.57986e-11,1.81407e-11
2.13094e-18,5.13094e-17,8.84793e-20,1.98047e-18,2.23184e-18,1.49761e-15,3.25224e-14,6.82804e-17,1.39890e-15,1.56248e-15,1.89208e-13,3.85166e-12,9.08847e-15,1.78294e-13,1.96091e-13,1.81407e-11,3.24788e-10,9.64248e-13,1.72230e-11,1.87012e-11
2.23184e-18,5.35040e-17,9.30449e-20,2.13094e-18,2.29468e-18,1.56248e-15,3.37756e-14,7.15437e-17,1.49761e-15,1.60214e-15,1.96091e-13,3.97312e-12,9.46173e-15,1.89208e-13,2.00147e-13,1.87012e-11,3.33415e-10,9.98313e-13,1.81407e-11,1.90222e-11
2.29468e-18,5.48375e-17,9.59489e-20,2.23184e-18,2.32856e-18,1.60214e-15,3.45215e-14,7.35863e-17,1.56248e-15,1.62323e-15,2.00147e-13,4.04259e-12,9.68767e-15,1.96091e-13,2.02243e-13,1.90222e-11,3.38224e-10,1.01835e-12,1.87012e-11,1.91844e-11
2.32856e-18,5.55428e-17,9.75410e-20,2.29468e-18,2.33922e-18,1.62323e-15,3.49097e-14,7.46923e-17,1.60214e-15,1.62980e-15,2.02243e-13,4.07763e-12,9.80685e-15,2.00147e-13,2.02885e-13,1.91844e-11,3.40603e-10,1.02868e-12,1.90222e-11,1.92336e-11
2.33922e-18,5.57621e-17,9.80462e-20,2.32856e-18,2.32858e-18,1.62980e-15,3.50293e-14,7.50407e-17,1.62323e-15,1.62323e-15,2.02885e-13,4.08824e-12,9.84385e-15,2.02243e-13,2.02243e-13,1.92336e-11,3.41316e-10,1.03185e-12,1.91844e-11,1.91844e-11
2.32858e-18,5.55430e-17,9.75418e-20,2.33922e-18,2.29471e-18,1.62323e-15,3.49097e-14,7.46924e-17,1.62980e-15,1.60215e-15,2.02243e-13,4.07763e-12,9.80686e-15,2.02885e-13,2.00148e-13,1.91844e-11,3.40603e-10,1.02868e-12,1.92336e-11,1.90222e-11
2.29471e-18,5.48381e-17,9.59504e-20,2.32858e-18,2.23188e-18,1.60215e-15,3.45216e-14,7.35865e-17,1.62323e-15,1.56249e-15,2.00148e-13,4.04259e-12,9.68769e-15,2.02243e-13,1.96091e-13,1.90222e-11,3.38224e-10,1.01835e-12,1.91844e-11,1.87012e-11
2.23188e-18,5.35049e-17,9.30472e-20,2.29471e-18,2.13100e-18,1.56249e-15,3.37757e-14,7.15441e-17,1.60215e-15,1.49762e-15,1.96091e-13,3.97313e-12,9.46175e-15,2.00148e-13,1.89208e-13,1.87012e-11,3.33415e-10,9.98313e-13,1.90222e-11,1.81407e-11
2.13100e-18,5.13106e-17,8.84824e-20,2.23188e-18,1.98055e-18,1.49762e-15,3.25225e-14,6.82809e-17,1.56249e-15,1.39891e-15,1.89208e-13,3.85166e-12,9.08849e-15,1.96091e-13,1.78294e-13,1.81407e-11,3.24788e-10,9.64249e-13,1.87012e-11,1.72230e-11
1.98055e-18,4.79496e-17,8.18309e-20,2.13100e-18,1.76864e-18,1.39891e-15,3.05582e-14,6.34403e-17,1.49762e-15,1.25694e-15,1.78294e-13,3.65256e-12,8.51395e-15,1.89208e-13,1.61928e-13,1.72230e-11,3.10220e-10,9.10093e-13,1.81407e-11,1.57986e-11
1.76864e-18,4.30870e-17,7.26752e-20,1.98055e-18,1.48606e-18,1.25694e-15,2.76475e-14,5.66557e-17,1.39891e-15,1.06381e-15,1.61928e-13,3.34355e-12,7.67805e-15,1.78294e-13,1.38761e-13,1.57986e-11,2.86855e-10,8.28610e-13,1.72230e-11,1.37110e-11
1.48606e-18,3.64379e-17,6.07254e-20,1.76864e-18,1.13028e-18,1.06381e-15,2.35736e-14,4.76471e-17,1.25694e-15,8.16274e-16,1.38761e-13,2.89106e-12,6.52876e-15,1.61928e-13,1.08024e-13,1.37110e-11,2.51434e-10,7.12828e-13,1.57986e-11,1.08472e-11
1.13028e-18,2.78803e-17,4.59552e-20,1.48606e-18,7.09011e-19,8.16274e-16,1.82177e-14,3.63433e-17,1.06381e-15,5.18964e-16,1.08024e-13,2.27163e-12,5.04373e-15,1.38761e-13,7.01937e-14,1.08472e-11,2.01209e-10,5.58580e-13,1.37110e-11,7.21297e-12
7.09011e-19,1.75707e-17,2.87167e-20,1.13028e-18,2.41858e-19,5.18964e-16,1.16520e-14,2.29930e-17,8.16274e-16,1.87674e-16,7.01937e-14,1.48883e-12,3.25510e-15,1.08024e-13,2.79076e-14,7.21297e-12,1.35540e-10,3.67723e-13,1.08472e-11,3.16364e-12
2.87133e-20,7.08941e-19,1.16659e-21,9.77406e-21,4.59507e-20,2.29926e-17,5.18955e-16,1.01431e-18,8.27189e-18,3.63427e-17,3.25507e-15,7.01934e-14,1.49042e-16,1.28392e-15,5.04369e-15,3.67722e-13,7.21296e-12,1.81592e-14,1.58022e-13,5.58579e-13
4.59507e-20,1.13018e-18,1.87296e-21,2.87133e-20,6.07206e-20,3.63427e-17,8.16262e-16,1.60981e-18,2.29926e-17,4.76464e-17,5.04369e-15,1.08023e-13,2.32223e-16,3.25507e-15,6.52872e-15,5.58579e-13,1.08472e-11,2.78050e-14,3.67722e-13,7.12827e-13
6.07206e-20,1.48597e-18,2.48558e-21,4.59507e-20,7.26708e-20,4.76464e-17,1.06380e-15,2.12112e-18,3.63427e-17,5.66550e-17,6.52872e-15,1.38760e-13,3.02533e-16,5.04369e-15,7.67801e-15,7.12827e-13,1.37110e-11,3.57681e-14,5.58579e-13,8.28609e-13
7.26708e-20,1.76855e-18,2.98911e-21,6.07206e-20,8.18270e-20,5.66550e-17,1.25693e-15,2.53600e-18,4.76464e-17,6.34397e-17,7.67801e-15,1.61928e-13,3.58176e-16,6.52872e-15,8.51392e-15,8.28609e-13,1.57986e-11,4.18996e-14,7.12827e-13,9.10092e-13
8.18270e-20,1.98047e-18,3.38206e-21,7.26708e-20,8.84793e-20,6.34397e-17,1.39890e-15,2.85501e-18,5.66550e-17,6.82804e-17,8.51392e-15,1.78294e-13,3.99678e-16,7.67801e-15,9.08847e-15,9.10092e-13,1.72230e-11,4.63362e-14,8.28609e-13,9.64248e-13
8.84793e-20,2.13094e-18,3.67328e-21,8.18270e-20,9.30449e-20,6.82804e-17,1.49761e-15,3.08772e-18,6.34397e-17,7.15437e-17,9.08847e-15,1.89208e-13,4.28968e-16,8.51392e-15,9.46173e-15,9.64248e-13,1.81407e-11,4.93698e-14,9.10092e-13,9.98313e-13
9.30449e-20,2.23184e-18,3.87717e-21,8.84793e-20,9.59489e-20,7.15437e-17,1.56248e-15,3.24813e-18,6.82804e-17,7.35863e-17,9.46173e-15,1.96091e-13,4.48501e-16,9.08847e-15,9.68767e-15,9.98313e-13,1.87012e-11,5.13312e-14,9.64248e-13,1.01835e-12
9.59489e-20,2.29468e-18,4.00925e-21,9.30449e-20,9.75410e-20,7.35863e-17,1.60214e-15,3.35058e-18,7.15437e-17,7.46923e-17,9.68767e-15,2.00147e-13,4.60608e-16,9.46173e-15,9.80685e-15,1.01835e-12,1.90222e-11,5.25136e-14,9.98313e-13,1.02868e-12
9.75410e-20,2.32856e-18,4.08270e-21,9.59489e-20,9.80462e-20,7.46923e-17,1.62323e-15,3.40694e-18,7.35863e-17,7.50407e-17,9.80685e-15,2.02243e-13,4.67113e-16,9.68767e-15,9.84385e-15,1.02868e-12,1.91844e-11,5.31354e-14,1.01835e-12,1.03185e-12
9.80462e-20,2.33922e-18,4.10619e-21,9.75410e-20,9.75418e-20,7.50407e-17,1.62980e-15,3.42485e-18,7.46923e-17,7.46924e-17,9.84385e-15,2.02885e-13,4.69154e-16,9.80685e-15,9.80686e-15,1.03185e-12,1.92336e-11,5.33281e-14,1.02868e-12,1.02868e-12
9.75418e-20,2.32858e-18,4.08274e-21,9.80462e-20,9.59504e-20,7.46924e-17,1.62323e-15,3.40694e-18,7.50407e-17,7.35865e-17,9.80686e-15,2.02243e-13,4.67114e-16,9.84385e-15,9.68769e-15,1.02868e-12,1.91844e-11,5.31354e-14,1.03185e-12,1.01835e-12
9.59504e-20,2.29471e-18,4.00933e-21,9.75418e-20,9.30472e-20,7.35865e-17,1.60215e-15,3.35059e-18,7.46924e-17,7.15441e-17,9.68769e-15,2.00148e-13,4.60608e-16,9.80686e-15,9.46175e-15,1.01835e-12,1.90222e-11,5.25136e-14,1.02868e-12,9.98313e-13
9.30472e-20,2.23188e-18,3.87730e-21,9.59504e-20,8.84824e-20,7.15441e-17,1.56249e-15,3.24815e-18,7.35865e-17,6.82809e-17,9.46175e-15,1.96091e-13,4.48502e-16,9.68769e-15,9.08849e-15,9.98313e-13,1.87012e-11,5.13313e-14,1.01835e-12,9.64249e-13
8.84824e-20,2.13100e-18,3.67344e-21,9.30472e-20,8.18309e-20,6.82809e-17,1.49762e-15,3.08775e-18,7.15441e-17,6.34403e-17,9.08849e-15,1.89208e-13,4.28970e-16,9.46175e-15,8.51395e-15,9.64249e-13,1.81407e-11,4.93699e-14,9.98313e-13,9.10093e-13
8.18309e-20,1.98055e-18,3.38226e-21,8.84824e-20,7.26752e-20,6.34403e-17,1.39891e-15,2.85504e-18,6.82809e-17,5.66557e-17,8.51395e-15,1.78294e-13,3.99680e-16,9.08849e-15,7.67805e-15,9.10093e-13,1.72230e-11,4.63362e-14,9.64249e-13,8.28610e-13
7.26752e-20,1.76864e-18,2.98933e-21,8.18309e-20,6.07254e-20,5.66557e-17,1.25694e-15,2.53604e-18,6.34403e-17,4.76471e-17,7.67805e-15,1.61928e-13,3.58179e-16,8.51395e-15,6.52876e-15,8.28610e-13,1.57986e-11,4.18997e-14,9.10093e-13,7.12828e-13
6.07254e-20,1.48606e-18,2.48582e-21,7.26752e-20,4.59552e-20,4.76471e-17,1.06381e-15,2.12116e-18,5.66557e-17,3.63433e-17,6.52876e-15,1.38761e-13,3.02536e-16,7.67805e-15,5.04373e-15,7.12828e-13,1.37110e-11,3.57681e-14,8.28610e-13,5.58580e-13
4.59552e-20,1.13028e-18,1.87318e-21,6.07254e-20,2.87167e-20,3.63433e-17,8.16274e-16,1.60984e-18,4.76471e-17,2.29930e-17,5.04373e-15,1.08024e-13,2.32226e-16,6.52876e-15,3.25510e-15,5.58580e-13,1.08472e-11,2.78051e-14,7.12828e-13,3.67723e-13
2.87167e-20,7.09011e-19,1.16676e-21,4.59552e-20,9.77538e-21,2.29930e-17,5.18964e-16,1.01434e-18,3.63433e-17,8.27208e-18,3.25510e-15,7.01937e-14,1.49043e-16,5.04373e-15,1.28394e-15,3.67723e-13,7.21297e-12,1.81592e-14,5.58580e-13,1.58022e-13
1.16659e-21,2.87133e-20,4.75248e-23,3.96421e-22,1.87296e-21,1.01431e-18,2.29926e-17,4.45848e-20,3.63317e-19,1.60981e-18,1.49042e-16,3.25507e-15,6.75644e-18,5.84199e-17,2.32223e-16,1.81592e-14,3.67722e-13,8.75236e-16,7.68429e-15,2.78050e-14
1.87296e-21,4.59507e-20,7.65094e-23,1.16659e-21,2.48558e-21,1.60981e-18,3.63427e-17,7.10040e-20,1.01431e-18,2.12112e-18,2.32223e-16,5.04369e-15,1.05757e-17,1.49042e-16,3.02533e-16,2.78050e-14,5.58579e-13,1.34882e-15,1.81592e-14,3.57681e-14
2.48558e-21,6.07206e-20,1.01908e-22,1.87296e-21,2.98911e-21,2.12112e-18,4.76464e-17,9.39576e-20,1.60981e-18,2.53600e-18,3.02533e-16,6.52872e-15,1.38526e-17,2.32223e-16,3.58176e-16,3.57681e-14,7.12827e-13,1.74686e-15,2.78050e-14,4.18996e-14
2.98911e-21,7.26708e-20,1.23066e-22,2.48558e-21,3.38206e-21,2.53600e-18,5.66550e-17,1.12869e-19,2.12112e-18,2.85501e-18,3.58176e-16,7.67801e-15,1.64957e-17,3.02533e-16,3.99678e-16,4.18996e-14,8.28609e-13,2.06017e-15,3.57681e-14,4.63362e-14
3.38206e-21,8.18270e-20,1.39841e-22,2.98911e-21,3.67328e-21,2.85501e-18,6.34397e-17,1.27672e-19,2.53600e-18,3.08772e-18,3.99678e-16,8.51392e-15,1.85103e-17,3.58176e-16,4.28968e-16,4.63362e-14,9.10092e-13,2.29251e-15,4.18996e-14,4.93698e-14
3.67328e-21,8.84793e-20,1.52488e-22,3.38206e-21,3.87717e-21,3.08772e-18,6.82804e-17,1.38679e-19,2.85501e-18,3.24813e-18,4.28968e-16,9.08847e-15,1.99653e-17,3.99678e-16,4.48501e-16,4.93698e-14,9.64248e-13,2.45549e-15,4.63362e-14,5.13312e-14
3.87717e-21,9.30449e-20,1.61497e-22,3.67328e-21,4.00925e-21,3.24813e-18,7.15437e-17,1.46414e-19,3.08772e-18,3.35058e-18,4.48501e-16,9.46173e-15,2.09582e-17,4.28968e-16,4.60608e-16,5.13312e-14,9.98313e-13,2.56354e-15,4.93698e-14,5.25136e-14
4.00925e-21,9.59489e-20,1.67425e-22,3.87717e-21,4.08270e-21,3.35058e-18,7.35863e-17,1.51442e-19,3.24813e-18,3.40694e-18,4.60608e-16,9.68767e-15,2.15865e-17,4.48501e-16,4.67113e-16,5.25136e-14,1.01835e-12,2.63015e-15,5.13312e-14,5.31354e-14
4.08270e-21,9.75410e-20,1.70763e-22,4.00925e-21,4.10619e-21,3.40694e-18,7.46923e-17,1.54245e-19,3.35058e-18,3.42485e-18,4.67113e-16,9.80685e-15,2.19297e-17,4.60608e-16,4.69154e-16,5.31354e-14,1.02868e-12,2.66581e-15,5.25136e-14,5.33281e-14
4.10619e-21,9.80462e-20,1.71837e-22,4.08270e-21,4.08274e-21,3.42485e-18,7.50407e-17,1.55142e-19,3.40694e-18,3.40694e-18,4.69154e-16,9.84385e-15,2.20383e-17,4.67113e-16,4.67114e-16,5.33281e-14,1.03185e-12,2.67697e-15,5.31354e-14,5.31354e-14
4.08274e-21,9.75418e-20,1.70765e-22,4.10619e-21,4.00933e-21,3.40694e-18,7.46924e-17,1.54245e-19,3.42485e-18,3.35059e-18,4.67114e-16,9.80686e-15,2.19297e-17,4.69154e-16,4.60608e-16,5.31354e-14,1.02868e-12,2.66581e-15,5.33281e-14,5.25136e-14
4.00933e-21,9.59504e-20,1.67430e-22,4.08274e-21,3.87730e-21,3.35059e-18,7.35865e-17,1.51442e-19,3.40694e-18,3.24815e-18,4.60608e-16,9.68769e-15,2.15866e-17,4.67114e-16,4.48502e-16,5.25136e-14,1.01835e-12,2.63016e-15,5.31354e-14,5.13313e-14
3.87730e-21,9.30472e-20,1.61504e-22,4.00933e-21,3.67344e-21,3.24815e-18,7.15441e-17,1.46415e-19,3.35059e-18,3.08775e-18,4.48502e-16,9.46175e-15,2.09582e-17,4.60608e-16,4.28970e-16,5.13313e-14,9.98313e-13,2.56354e-15,5.25136e-14,4.93699e-14
3.67344e-21,8.84824e-20,1.52497e-22,3.87730e-21,3.38226e-21,3.08775e-18,6.82809e-17,1.38681e-19,3.24815e-18,2.85504e-18,4.28970e-16,9.08849e-15,1.99654e-17,4.48502e-16,3.99680e-16,4.93699e-14,9.64249e-13,2.45550e-15,5.13313e-14,4.63362e-14
3.38226e-21,8.18309e-20,1.39851e-22,3.67344e-21,2.98933e-21,2.85504e-18,6.34403e-17,1.27674e-19,3.08775e-18,2.53604e-18,3.99680e-16,8.51395e-15,1.85104e-17,4.28970e-16,3.58179e-16,4.63362e-14,9.10093e-13,2.29252e-15,4.93699e-14,4.18997e-14
2.98933e-21,7.26752e-20,1.23078e-22,3.38226e-21,2.48582e-21,2.53604e-18,5.66557e-17,1.12871e-19,2.85504e-18,2.12116e-18,3.58179e-16,7.67805e-15,1.64958e-17,3.99680e-16,3.02536e-16,4.18997e-14,8.28610e-13,2.06018e-15,4.63362e-14,3.57681e-14
2.48582e-21,6.07254e-20,1.01920e-22,2.98933e-21,1.87318e-21,2.12116e-18,4.76471e-17,9.39597e-20,2.53604e-18,1.60984e-18,3.02536e-16,6.52876e-15,1.38527e-17,3.58179e-16,2.32226e-16,3.57681e-14,7.12828e-13,1.74686e-15,4.18997e-14,2.78051e-14
1.87318e-21,4.59552e-20,7.65205e-23,2.48582e-21,1.16676e-21,1.60984e-18,3.63433e-17,7.10058e-20,2.12116e-18,1.01434e-18,2.32226e-16,5.04373e-15,1.05758e-17,3.02536e-16,1.49043e-16,2.78051e-14,5.58580e-13,1.34883e-15,3.57681e-14,1.81592e-14
1.16676e-21,2.87167e-20,4.75330e-23,1.87318e-21,3.96486e-22,1.01434e-18,2.29930e-17,4.45861e-20,1.60984e-18,3.63327e-19,1.49043e-16,3.25510e-15,6.75653e-18,2.32226e-16,5.84206e-17,1.81592e-14,3.67723e-13,8.75240e-16,2.78051e-14,7.68433e-15
4.75248e-23,1.16659e-21,1.94054e-24,1.61258e-23,7.65094e-23,4.45848e-20,1.01431e-18,1.95372e-21,1.59097e-20,7.10040e-20,6.75644e-18,1.49042e-16,3.03843e-19,2.63490e-18,1.05757e-17,8.75236e-16,1.81592e-14,4.13934e-17,3.65973e-16,1.34882e-15
7.65094e-23,1.87296e-21,3.13137e-24,4.75248e-23,1.01908e-22,7.10040e-20,1.60981e-18,3.12057e-21,4.45848e-20,9.39576e-20,1.05757e-17,2.32223e-16,4.77429e-19,6.75644e-18,1.38526e-17,1.34882e-15,2.78050e-14,6.41312e-17,8.75236e-16,1.74686e-15
1.01908e-22,2.48558e-21,4.18410e-24,7.65094e-23,1.23066e-22,9.39576e-20,2.12112e-18,4.14459e-21,7.10040e-20,1.12869e-19,1.38526e-17,3.02533e-16,6.28264e-19,1.05757e-17,1.64957e-17,1.74686e-15,3.57681e-14,8.35338e-17,1.34882e-15,2.06017e-15
1.23066e-22,2.98911e-21,5.07131e-24,1.01908e-22,1.39841e-22,1.12869e-19,2.53600e-18,4.99940e-21,9.39576e-20,1.27672e-19,1.64957e-17,3.58176e-16,7.51916e-19,1.38526e-17,1.85103e-17,2.06017e-15,4.18996e-14,9.91007e-17,1.74686e-15,2.29251e-15
1.39841e-22,3.38206e-21,5.78441e-24,1.23066e-22,1.52488e-22,1.27672e-19,2.85501e-18,5.67885e-21,1.12869e-19,1.38679e-19,1.85103e-17,3.99678e-16,8.47953e-19,1.64957e-17,1.99653e-17,2.29251e-15,4.63362e-14,1.10896e-16,2.06017e-15,2.45549e-15
1.52488e-22,3.67328e-21,6.33010e-24,1.39841e-22,1.61497e-22,1.38679e-19,3.08772e-18,6.19258e-21,1.27672e-19,1.46414e-19,1.99653e-17,4.28968e-16,9.18726e-19,1.85103e-17,2.09582e-17,2.45549e-15,4.93698e-14,1.19361e-16,2.29251e-15,2.56354e-15
1.61497e-22,3.87717e-21,6.72466e-24,1.52488e-22,1.67425e-22,1.46414e-19,3.24813e-18,6.55963e-21,1.38679e-19,1.51442e-19,2.09582e-17,4.48501e-16,9.67996e-19,1.99653e-17,2.15865e-17,2.56354e-15,5.13312e-14,1.25100e-16,2.45549e-15,2.63015e-15
1.67425e-22,4.00925e-21,6.98783e-24,1.61497e-22,1.70763e-22,1.51442e-19,3.35058e-18,6.80184e-21,1.46414e-19,1.54245e-19,2.15865e-17,4.60608e-16,9.99750e-19,2.09582e-17,2.19297e-17,2.63015e-15,5.25136e-14,1.28711e-16,2.56354e-15,2.66581e-15
1.70763e-22,4.08270e-21,7.13754e-24,1.67425e-22,1.71837e-22,1.54245e-19,3.40694e-18,6.93848e-21,1.51442e-19,1.55142e-19,2.19297e-17,4.67113e-16,1.01734e-18,2.15865e-17,2.20383e-17,2.66581e-15,5.31354e-14,1.30675e-16,2.63015e-15,2.67697e-15
1.71837e-22,4.10619e-21,7.18604e-24,1.70763e-22,1.70765e-22,1.55142e-19,3.42485e-18,6.98251e-21,1.54245e-19,1.54245e-19,2.20383e-17,4.69154e-16,1.02295e-18,2.19297e-17,2.19297e-17,2.67697e-15,5.33281e-14,1.31295e-16,2.66581e-15,2.66581e-15
1.70765e-22,4.08274e-21,7.13766e-24,1.71837e-22,1.67430e-22,1.54245e-19,3.40694e-18,6.93850e-21,1.55142e-19,1.51442e-19,2.19297e-17,4.67114e-16,1.01734e-18,2.20383e-17,2.15866e-17,2.66581e-15,5.31354e-14,1.30675e-16,2.67697e-15,2.63016e-15
1.67430e-22,4.00933e-21,6.98808e-24,1.70765e-22,1.61504e-22,1.51442e-19,3.35059e-18,6.80188e-21,1.54245e-19,1.46415e-19,2.15866e-17,4.60608e-16,9.99754e-19,2.19297e-17,2.09582e-17,2.63016e-15,5.25136e-14,1.28711e-16,2.66581e-15,2.56354e-15
1.61504e-22,3.87730e-21,6.72502e-24,1.67430e-22,1.52497e-22,1.46415e-19,3.24815e-18,6.55969e-21,1.51442e-19,1.38681e-19,2.09582e-17,4.48502e-16,9.68000e-19,2.15866e-17,1.99654e-17,2.56354e-15,5.13313e-14,1.25100e-16,2.63016e-15,2.45550e-15
1.52497e-22,3.67344e-21,6.33057e-24,1.61504e-22,1.39851e-22,1.38681e-19,3.08775e-18,6.19267e-21,1.46415e-19,1.27674e-19,1.99654e-17,4.28970e-16,9.18732e-19,2.09582e-17,1.85104e-17,2.45550e-15,4.93699e-14,1.19361e-16,2.56354e-15,2.29252e-15
1.39851e-22,3.38226e-21,5.78497e-24,1.52497e-22,1.23078e-22,1.27674e-19,2.85504e-18,5.67895e-21,1.38681e-19,1.12871e-19,1.85104e-17,3.99680e-16,8.47961e-19,1.99654e-17,1.64958e-17,2.29252e-15,4.63362e-14,1.10897e-16,2.45550e-15,2.06018e-15
1.23078e-22,2.98933e-21,5.07192e-24,1.39851e-22,1.01920e-22,1.12871e-19,2.53604e-18,4.99951e-21,1.27674e-19,9.39597e-20,1.64958e-17,3.58179e-16,7.51924e-19,1.85104e-17,1.38527e-17,2.06018e-15,4.18997e-14,9.91012e-17,2.29252e-15,1.74686e-15
1.01920e-22,2.48582e-21,4.18472e-24,1.23078e-22,7.65205e-23,9.39597e-20,2.12116e-18,4.14469e-21,1.12871e-19,7.10058e-20,1.38527e-17,3.02536e-16,6.28273e-19,1.64958e-17,1.05758e-17,1.74686e-15,3.57681e-14,8.35342e-17,2.06018e-15,1.34883e-15
7.65205e-23,1.87318e-21,3.13192e-24,1.01920e-22,4.75330e-23,7.10058e-20,1.60984e-18,3.12067e-21,9.39597e-20,4.45861e-20,1.05758e-17,2.32226e-16,4.77436e-19,1.38527e-17,6.75653e-18,1.34883e-15,2.78051e-14,6.41316e-17,1.74686e-15,8.75240e-16
4.75330e-23,1.16676e-21,1.94095e-24,7.65205e-23,1.61290e-23,4.45861e-20,1.01434e-18,1.95378e-21,7.10058e-20,1.59102e-20,6.75653e-18,1.49043e-16,3.03848e-19,1.05758e-17,2.63494e-18,8.75240e-16,1.81592e-14,4.13937e-17,1.34883e-15,3.65975e-16
1.94054e-24,4.75248e-23,7.93952e-26,6.57633e-25,3.13137e-24,1.95372e-21,4.45848e-20,8.53844e-23,6.94878e-22,3.12057e-21,3.03843e-19,6.75644e-18,1.35750e-20,1.17998e-19,4.77429e-19,4.13934e-17,8.75236e-16,1.92845e-18,1.71453e-17,6.41312e-17
3.13137e-24,7.65094e-23,1.28376e-25,1.94054e-24,4.18410e-24,3.12057e-21,7.10040e-20,1.36726e-22,1.95372e-21,4.14459e-21,4.77429e-19,1.05757e-17,2.14002e-20,3.03843e-19,6.28264e-19,6.41312e-17,1.34882e-15,3.00106e-18,4.13934e-17,8.35338e-17
4.18410e-24,1.01908e-22,1.72008e-25,3.13137e-24,5.07131e-24,4.14459e-21,9.39576e-20,1.82173e-22,3.12057e-21,4.99940e-21,6.28264e-19,1.38526e-17,2.82735e-20,4.77429e-19,7.51916e-19,8.35338e-17,1.74686e-15,3.92827e-18,6.41312e-17,9.91007e-17
5.07131e-24,1.23066e-22,2.09151e-25,4.18410e-24,5.78441e-24,4.99940e-21,1.12869e-19,2.20541e-22,4.14459e-21,5.67885e-21,7.51916e-19,1.64957e-17,3.39874e-20,6.28264e-19,8.47953e-19,9.91007e-17,2.06017e-15,4.68457e-18,8.35338e-17,1.10896e-16
5.78441e-24,1.39841e-22,2.39362e-25,5.07131e-24,6.33010e-24,5.67885e-21,1.27672e-19,2.51447e-22,4.99940e-21,6.19258e-21,8.47953e-19,1.85103e-17,3.84981e-20,7.51916e-19,9.18726e-19,1.10896e-16,2.29251e-15,5.26859e-18,9.91007e-17,1.19361e-16
6.33010e-24,1.52488e-22,2.62780e-25,5.78441e-24,6.72466e-24,6.19258e-21,1.38679e-19,2.75154e-22,5.67885e-21,6.55963e-21,9.18726e-19,1.99653e-17,4.18811e-20,8.47953e-19,9.67996e-19,1.19361e-16,2.45549e-15,5.69624e-18,1.10896e-16,1.25100e-16
6.72466e-24,1.61497e-22,2.79933e-25,6.33010e-24,6.98783e-24,6.55963e-21,1.46414e-19,2.92339e-22,6.19258e-21,6.80184e-21,9.67996e-19,2.09582e-17,4.42778e-20,9.18726e-19,9.99750e-19,1.25100e-16,2.56354e-15,5.99204e-18,1.19361e-16,1.28711e-16
6.98783e-24,1.67425e-22,2.91509e-25,6.72466e-24,7.13754e-24,6.80184e-21,1.51442e-19,3.03828e-22,6.55963e-21,6.93848e-21,9.99750e-19,2.15865e-17,4.58473e-20,9.67996e-19,1.01734e-18,1.28711e-16,2.63015e-15,6.18156e-18,1.25100e-16,1.30675e-16
7.13754e-24,1.70763e-22,2.98153e-25,6.98783e-24,7.18604e-24,6.93848e-21,1.54245e-19,3.10375e-22,6.80184e-21,6.98251e-21,1.01734e-18,2.19297e-17,4.67274e-20,9.99750e-19,1.02295e-18,1.30675e-16,2.66581e-15,6.28608e-18,1.28711e-16,1.31295e-16
7.18604e-24,1.71837e-22,3.00317e-25,7.13754e-24,7.13766e-24,6.98251e-21,1.55142e-19,3.12497e-22,6.93848e-21,6.93850e-21,1.02295e-18,2.20383e-17,4.70102e-20,1.01734e-18,1.01734e-18,1.31295e-16,2.67697e-15,6.31934e-18,1.30675e-16,1.30675e-16
7.13766e-24,1.70765e-22,2.98160e-25,7.18604e-24,6.98808e-24,6.93850e-21,1.54245e-19,3.10376e-22,6.98251e-21,6.80188e-21,1.01734e-18,2.19297e-17,4.67275e-20,1.02295e-18,9.99754e-19,1.30675e-16,2.66581e-15,6.28608e-18,1.31295e-16,1.28711e-16
6.98808e-24,1.67430e-22,2.91522e-25,7.13766e-24,6.72502e-24,6.80188e-21,1.51442e-19,3.03831e-22,6.93850e-21,6.55969e-21,9.99754e-19,2.15866e-17,4.58475e-20,1.01734e-18,9.68000e-19,1.28711e-16,2.63016e-15,6.18158e-18,1.30675e-16,1.25100e-16
6.72502e-24,1.61504e-22,2.79952e-25,6.98808e-24,6.33057e-24,6.55969e-21,1.46415e-19,2.92343e-22,6.80188e-21,6.19267e-21,9.68000e-19,2.09582e-17,4.42781e-20,9.99754e-19,9.18732e-19,1.25100e-16,2.56354e-15,5.99205e-18,1.28711e-16,1.19361e-16
6.33057e-24,1.52497e-22,2.62804e-25,6.72502e-24,5.78497e-24,6.19267e-21,1.38681e-19,2.75159e-22,6.55969e-21,5.67895e-21,9.18732e-19,1.99654e-17,4.18814e-20,9.68000e-19,8.47961e-19,1.19361e-16,2.45550e-15,5.69626e-18,1.25100e-16,1.10897e-16
5.78497e-24,1.39851e-22,2.39390e-25,6.33057e-24,5.07192e-24,5.67895e-21,1.27674e-19,2.51452e-22,6.19267e-21,4.99951e-21,8.47961e-19,1.85104e-17,3.84985e-20,9.18732e-19,7.51924e-19,1.10897e-16,2.29252e-15,5.26862e-18,1.19361e-16,9.91012e-17
5.07192e-24,1.23078e-22,2.09182e-25,5.78497e-24,4.18472e-24,4.99951e-21,1.12871e-19,2.20547e-22,5.67895e-21,4.14469e-21,7.51924e-19,1.64958e-17,3.39878e-20,8.47961e-19,6.28273e-19,9.91012e-17,2.06018e-15,4.68460e-18,1.10897e-16,8.35342e-17
4.18472e-24,1.01920e-22,1.72039e-25,5.07192e-24,3.13192e-24,4.14469e-21,9.39597e-20,1.82178e-22,4.99951e-21,3.12067e-21,6.28273e-19,1.38527e-17,2.82739e-20,7.51924e-19,4.77436e-19,8.35342e-17,1.74686e-15,3.92830e-18,9.91012e-17,6.41316e-17
3.13192e-24,7.65205e-23,1.28404e-25,4.18472e-24,1.94095e-24,3.12067e-21,7.10058e-20,1.36731e-22,4.14469e-21,1.95378e-21,4.77436e-19,1.05758e-17,2.14006e-20,6.28273e-19,3.03848e-19,6.41316e-17,1.34883e-15,3.00108e-18,8.35342e-17,4.13937e-17
1.94095e-24,4.75330e-23,7.94157e-26,3.13192e-24,6.57792e-25,1.95378e-21,4.45861e-20,8.53877e-23,3.12067e-21,6.94905e-22,3.03848e-19,6.75653e-18,1.35753e-20,4.77436e-19,1.18001e-19,4.13937e-17,8.75240e-16,1.92847e-18,6.41316e-17,1.71455e-17
7.93952e-26,1.94054e-24,3.25406e-27,2.68776e-26,1.28376e-25,8.53844e-23,1.95372e-21,3.72290e-24,3.02809e-23,1.36726e-22,1.35750e-20,3.03843e-19,6.03220e-22,5.25343e-21,2.14002e-20,1.92845e-18,4.13934e-17,8.87610e-20,7.92695e-19,3.00106e-18
1.28376e-25,3.13137e-24,5.27083e-27,7.93952e-26,1.72008e-25,1.36726e-22,3.12057e-21,5.97465e-24,8.53844e-23,1.82173e-22,2.14002e-20,4.77429e-19,9.53604e-22,1.35750e-20,2.82735e-20,3.00106e-18,6.41312e-17,1.38649e-19,1.92845e-18,3.92827e-18
1.72008e-25,4.18410e-24,7.07929e-27,1.28376e-25,2.09151e-25,1.82173e-22,4.14459e-21,7.98272e-24,1.36726e-22,2.20541e-22,2.82735e-20,6.28264e-19,1.26424e-21,2.14002e-20,3.39874e-20,3.92827e-18,8.35338e-17,1.82258e-19,3.00106e-18,4.68457e-18
2.09151e-25,5.07131e-24,8.63232e-27,1.72008e-25,2.39362e-25,2.20541e-22,4.99940e-21,9.69473e-24,1.82173e-22,2.51447e-22,3.39874e-20,7.51916e-19,1.52561e-21,2.82735e-20,3.84981e-20,4.68457e-18,9.91007e-17,2.18342e-19,3.92827e-18,5.26859e-18
2.39362e-25,5.78441e-24,9.90860e-27,2.09151e-25,2.62780e-25,2.51447e-22,5.67885e-21,1.10898e-23,2.20541e-22,2.75154e-22,3.84981e-20,8.47953e-19,1.73489e-21,3.39874e-20,4.18811e-20,5.26859e-18,1.10896e-16,2.46672e-19,4.68457e-18,5.69624e-18
2.62780e-25,6.33010e-24,1.09091e-26,2.39362e-25,2.79933e-25,2.75154e-22,6.19258e-21,1.21734e-23,2.51447e-22,2.92339e-22,4.18811e-20,9.18726e-19,1.89426e-21,3.84981e-20,4.42778e-20,5.69624e-18,1.19361e-16,2.67790e-19,5.26859e-18,5.99204e-18
2.79933e-25,6.72466e-24,1.16503e-26,2.62780e-25,2.91509e-25,2.92339e-22,6.55963e-21,1.29689e-23,2.75154e-22,3.03828e-22,4.42778e-20,9.67996e-19,2.00892e-21,4.18811e-20,4.58473e-20,5.99204e-18,1.25100e-16,2.82658e-19,5.69624e-18,6.18156e-18
2.91509e-25,6.98783e-24,1.21555e-26,2.79933e-25,2.98153e-25,3.03828e-22,6.80184e-21,1.35067e-23,2.92339e-22,3.10375e-22,4.58473e-20,9.99750e-19,2.08504e-21,4.42778e-20,4.67274e-20,6.18156e-18,1.28711e-16,2.92339e-19,5.99204e-18,6.28608e-18
2.98153e-25,7.13754e-24,1.24477e-26,2.91509e-25,3.00317e-25,3.10375e-22,6.93848e-21,1.38158e-23,3.03828e-22,3.12497e-22,4.67274e-20,1.01734e-18,2.12819e-21,4.58473e-20,4.70102e-20,6.28608e-18,1.30675e-16,2.97744e-19,6.18156e-18,6.31934e-18
3.00317e-25,7.18604e-24,1.25433e-26,2.98153e-25,2.98160e-25,3.12497e-22,6.98251e-21,1.39165e-23,3.10375e-22,3.10376e-22,4.70102e-20,1.02295e-18,2.14213e-21,4.67274e-20,4.67275e-20,6.31934e-18,1.31295e-16,2.99475e-19,6.28608e-18,6.28608e-18
2.98160e-25,7.13766e-24,1.24481e-26,3.00317e-25,2.91522e-25,3.10376e-22,6.93850e-21,1.38159e-23,3.12497e-22,3.03831e-22,4.67275e-20,1.01734e-18,2.12820e-21,4.70102e-20,4.58475e-20,6.28608e-18,1.30675e-16,2.97744e-19,6.31934e-18,6.18158e-18
2.91522e-25,6.98808e-24,1.21561e-26,2.98160e-25,2.79952e-25,3.03831e-22,6.80188e-21,1.35068e-23,3.10376e-22,2.92343e-22,4.58475e-20,9.99754e-19,2.08505e-21,4.67275e-20,4.42781e-20,6.18158e-18,1.28711e-16,2.92340e-19,6.28608e-18,5.99205e-18
2.79952e-25,6.72502e-24,1.16512e-26,2.91522e-25,2.62804e-25,2.92343e-22,6.55969e-21,1.29691e-23,3.03831e-22,2.75159e-22,4.42781e-20,9.68000e-19,2.00893e-21,4.58475e-20,4.18814e-20,5.99205e-18,1.25100e-16,2.82659e-19,6.18158e-18,5.69626e-18
2.62804e-25,6.33057e-24,1.09104e-26,2.79952e-25,2.39390e-25,2.75159e-22,6.19267e-21,1.21737e-23,2.92343e-22,2.51452e-22,4.18814e-20,9.18732e-19,1.89428e-21,4.42781e-20,3.84985e-20,5.69626e-18,1.19361e-16,2.67791e-19,5.99205e-18,5.26862e-18
2.39390e-25,5.78497e-24,9.91004e-27,2.62804e-25,2.09182e-25,2.51452e-22,5.67895e-21,1.10901e-23,2.75159e-22,2.20547e-22,3.84985e-20,8.47961e-19,1.73491e-21,4.18814e-20,3.39878e-20,5.26862e-18,1.10897e-16,2.46674e-19,5.69626e-18,4.68460e-18
2.09182e-25,5.07192e-24,8.63387e-27,2.39390e-25,1.72039e-25,2.20547e-22,4.99951e-21,9.69502e-24,2.51452e-22,1.82178e-22,3.39878e-20,7.51924e-19,1.52563e-21,3.84985e-20,2.82739e-20,4.68460e-18,9.91012e-17,2.18343e-19,5.26862e-18,3.92830e-18
1.72039e-25,4.18472e-24,7.08085e-27,2.09182e-25,1.28404e-25,1.82178e-22,4.14469e-21,7.98301e-24,2.20547e-22,1.36731e-22,2.82739e-20,6.28273e-19,1.26426e-21,3.39878e-20,2.14006e-20,3.92830e-18,8.35342e-17,1.82259e-19,4.68460e-18,3.00108e-18
1.28404e-25,3.13192e-24,5.27221e-27,1.72039e-25,7.94157e-26,1.36731e-22,3.12067e-21,5.97490e-24,1.82178e-22,8.53877e-23,2.14006e-20,4.77436e-19,9.53625e-22,2.82739e-20,1.35753e-20,3.00108e-18,6.41316e-17,1.38650e-19,3.92830e-18,1.92847e-18
7.94157e-26,1.94095e-24,3.25506e-27,1.28404e-25,2.68854e-26,8.53877e-23,1.95378e-21,3.72307e-24,1.36731e-22,3.02822e-23,1.35753e-20,3.03848e-19,6.03234e-22,2.14006e-20,5.25355e-21,1.92847e-18,4.13937e-17,8.87620e-20,3.00108e-18,7.92703e-19
3.25406e-27,7.93952e-26,1.33575e-28,1.10057e-27,5.27083e-27,3.72290e-24,8.53844e-23,1.61989e-25,1.31690e-24,5.97465e-24,6.03220e-22,1.35750e-20,2.66827e-23,2.32747e-22,9.53604e-22,8.87610e-20,1.92845e-18,4.04514e-21,3.62576e-20,1.38649e-19
5.27083e-27,1.28376e-25,2.16693e-28,3.25406e-27,7.07929e-27,5.97465e-24,1.36726e-22,2.60469e-25,3.72290e-24,7.98272e-24,9.53604e-22,2.14002e-20,4.22838e-23,6.03220e-22,1.26424e-21,1.38649e-19,3.00106e-18,6.33897e-21,8.87610e-20,1.82258e-19
7.07929e-27,1.72008e-25,2.91658e-28,5.27083e-27,8.63232e-27,7.98272e-24,1.82173e-22,3.48861e-25,5.97465e-24,9.69473e-24,1.26424e-21,2.82735e-20,5.62262e-23,9.53604e-22,1.52561e-21,1.82258e-19,3.92827e-18,8.36350e-21,1.38649e-19,2.18342e-19
8.63232e-27,2.09151e-25,3.56528e-28,7.07929e-27,9.90860e-27,9.69473e-24,2.20541e-22,4.24866e-25,7.98272e-24,1.10898e-23,1.52561e-21,3.39874e-20,6.80814e-23,1.26424e-21,1.73489e-21,2.18342e-19,4.68457e-18,1.00597e-20,1.82258e-19,2.46672e-19
9.90860e-27,2.39362e-25,4.10322e-28,8.63232e-27,1.09091e-26,1.10898e-23,2.51447e-22,4.87427e-25,9.69473e-24,1.21734e-23,1.73489e-21,3.84981e-20,7.76918e-23,1.52561e-21,1.89426e-21,2.46672e-19,5.26859e-18,1.14110e-20,2.18342e-19,2.67790e-19
1.09091e-26,2.62780e-25,4.52909e-28,9.90860e-27,1.16503e-26,1.21734e-23,2.75154e-22,5.36559e-25,1.10898e-23,1.29689e-23,1.89426e-21,4.18811e-20,8.51089e-23,1.73489e-21,2.00892e-21,2.67790e-19,5.69624e-18,1.24342e-20,2.46672e-19,2.82658e-19
1.16503e-26,2.79933e-25,4.84764e-28,1.09091e-26,1.21555e-26,1.29689e-23,2.92339e-22,5.73017e-25,1.21734e-23,1.35067e-23,2.00892e-21,4.42778e-20,9.05167e-23,1.89426e-21,2.08504e-21,2.82658e-19,5.99204e-18,1.31660e-20,2.67790e-19,2.92339e-19
1.21555e-26,2.91509e-25,5.06669e-28,1.16503e-26,1.24477e-26,1.35067e-23,3.03828e-22,5.97911e-25,1.29689e-23,1.38158e-23,2.08504e-21,4.58473e-20,9.41506e-23,2.00892e-21,2.12819e-21,2.92339e-19,6.18156e-18,1.36492e-20,2.82658e-19,2.97744e-19
1.24477e-26,2.98153e-25,5.19426e-28,1.21555e-26,1.25433e-26,1.38158e-23,3.10375e-22,6.12327e-25,1.35067e-23,1.39165e-23,2.12819e-21,4.67274e-20,9.62295e-23,2.08504e-21,2.14213e-21,2.97744e-19,6.28608e-18,1.39220e-20,2.92339e-19,2.99475e-19
1.25433e-26,3.00317e-25,5.23613e-28,1.24477e-26,1.24481e-26,1.39165e-23,3.12497e-22,6.17041e-25,1.38158e-23,1.38159e-23,2.14213e-21,4.70102e-20,9.69046e-23,2.12819e-21,2.12820e-21,2.99475e-19,6.31934e-18,1.40099e-20,2.97744e-19,2.97744e-19
1.24481e-26,2.98160e-25,5.19442e-28,1.25433e-26,1.21561e-26,1.38159e-23,3.10376e-22,6.12331e-25,1.39165e-23,1.35068e-23,2.12820e-21,4.67275e-20,9.62298e-23,2.14213e-21,2.08505e-21,2.97744e-19,6.28608e-18,1.39220e-20,2.99475e-19,2.92340e-19
1.21561e-26,2.91522e-25,5.06701e-28,1.24481e-26,1.16512e-26,1.35068e-23,3.03831e-22,5.97918e-25,1.38159e-23,1.29691e-23,2.08505e-21,4.58475e-20,9.41512e-23,2.12820e-21,2.00893e-21,2.92340e-19,6.18158e-18,1.36493e-20,2.97744e-19,2.82659e-19
1.16512e-26,2.79952e-25,4.84810e-28,1.21561e-26,1.09104e-26,1.29691e-23,2.92343e-22,5.73027e-25,1.35068e-23,1.21737e-23,2.00893e-21,4.42781e-20,9.05175e-23,2.08505e-21,1.89428e-21,2.82659e-19,5.99205e-18,1.31661e-20,2.92340e-19,2.67791e-19
1.09104e-26,2.62804e-25,4.52969e-28,1.16512e-26,9.91004e-27,1.21737e-23,2.75159e-22,5.36571e-25,1.29691e-23,1.10901e-23,1.89428e-21,4.18814e-20,8.51100e-23,2.00893e-21,1.73491e-21,2.67791e-19,5.69626e-18,1.24343e-20,2.82659e-19,2.46674e-19
9.91004e-27,2.39390e-25,4.10393e-28,1.09104e-26,8.63387e-27,1.10901e-23,2.51452e-22,4.87442e-25,1.21737e-23,9.69502e-24,1.73491e-21,3.84985e-20,7.76929e-23,1.89428e-21,1.52563e-21,2.46674e-19,5.26862e-18,1.14111e-20,2.67791e-19,2.18343e-19
8.63387e-27,2.09182e-25,3.56604e-28,9.91004e-27,7.08085e-27,9.69502e-24,2.20547e-22,4.24881e-25,1.10901e-23,7.98301e-24,1.52563e-21,3.39878e-20,6.80827e-23,1.73491e-21,1.26426e-21,2.18343e-19,4.68460e-18,1.00598e-20,2.46674e-19,1.82259e-19
7.08085e-27,1.72039e-25,2.91733e-28,8.63387e-27,5.27221e-27,7.98301e-24,1.82178e-22,3.48875e-25,9.69502e-24,5.97490e-24,1.26426e-21,2.82739e-20,5.62274e-23,1.52563e-21,9.53625e-22,1.82259e-19,3.92830e-18,8.36359e-21,2.18343e-19,1.38650e-19
5.27221e-27,1.28404e-25,2.16759e-28,7.08085e-27,3.25506e-27,5.97490e-24,1.36731e-22,2.60481e-25,7.98301e-24,3.72307e-24,9.53625e-22,2.14006e-20,4.22849e-23,1.26426e-21,6.03234e-22,1.38650e-19,3.00108e-18,6.33905e-21,1.82259e-19,8.87620e-20
3.25506e-27,7.94157e-26,1.33623e-28,5.27221e-27,1.10095e-27,3.72307e-24,8.53877e-23,1.61998e-25,5.97490e-24,1.31697e-24,6.03234e-22,1.35753e-20,2.66835e-23,9.53625e-22,2.32753e-22,8.87620e-20,1.92847e-18,4.04519e-21,1.38650e-19,3.62580e-20
1.33575e-28,3.25406e-27,5.49049e-30,4.51404e-29,2.16693e-28,1.61989e-25,3.72290e-24,7.03536e-27,5.71686e-26,2.60469e-25,2.66827e-23,6.03220e-22,1.17570e-24,1.02690e-23,4.22838e-23,4.04514e-21,8.87610e-20,1.82845e-22,1.64379e-21,6.33897e-21
2.16693e-28,5.27083e-27,8.91902e-30,1.33575e-28,2.91658e-28,2.60469e-25,5.97465e-24,1.13317e-26,1.61989e-25,3.48861e-25,4.22838e-23,9.53604e-22,1.86705e-24,2.66827e-23,5.62262e-23,6.33897e-21,1.38649e-19,2.87322e-22,4.04514e-21,8.36350e-21
2.91658e-28,7.07929e-27,1.20270e-29,2.16693e-28,3.56528e-28,3.48861e-25,7.98272e-24,1.52098e-26,2.60469e-25,4.24866e-25,5.62262e-23,1.26424e-21,2.48923e-24,4.22838e-23,6.80814e-23,8.36350e-21,1.82258e-19,3.80307e-22,6.33897e-21,1.00597e-20
3.56528e-28,8.63232e-27,1.47344e-29,2.91658e-28,4.10322e-28,4.24866e-25,9.69473e-24,1.85694e-26,3.48861e-25,4.87427e-25,6.80814e-23,1.52561e-21,3.02313e-24,5.62262e-23,7.76918e-23,1.00597e-20,2.18342e-19,4.59069e-22,8.36350e-21,1.14110e-20
4.10322e-28,9.90860e-27,1.69974e-29,3.56528e-28,4.52909e-28,4.87427e-25,1.10898e-23,2.13591e-26,4.24866e-25,5.36559e-25,7.76918e-23,1.73489e-21,3.46063e-24,6.80814e-23,8.51089e-23,1.14110e-20,2.46672e-19,5.22623e-22,1.00597e-20,1.24342e-20
4.52909e-28,1.09091e-26,1.88043e-29,4.10322e-28,4.84764e-28,5.36559e-25,1.21734e-23,2.35711e-26,4.87427e-25,5.73017e-25,8.51089e-23,1.89426e-21,3.80225e-24,7.76918e-23,9.05167e-23,1.24342e-20,2.67790e-19,5.71415e-22,1.14110e-20,1.31660e-20
4.84764e-28,1.16503e-26,2.01674e-29,4.52909e-28,5.06669e-28,5.73017e-25,1.29689e-23,2.52281e-26,5.36559e-25,5.97911e-25,9.05167e-23,2.00892e-21,4.05424e-24,8.51089e-23,9.41506e-23,1.31660e-20,2.82658e-19,6.06794e-22,1.24342e-20,1.36492e-20
5.06669e-28,1.21555e-26,2.11119e-29,4.84764e-28,5.19426e-28,5.97911e-25,1.35067e-23,2.63691e-26,5.73017e-25,6.12327e-25,9.41506e-23,2.08504e-21,4.22536e-24,9.05167e-23,9.62295e-23,1.36492e-20,2.92339e-19,6.30448e-22,1.31660e-20,1.39220e-20
5.19426e-28,1.24477e-26,2.16651e-29,5.06669e-28,5.23613e-28,6.12327e-25,1.38158e-23,2.70342e-26,5.97911e-25,6.17041e-25,9.62295e-23,2.12819e-21,4.32404e-24,9.41506e-23,9.69046e-23,1.39220e-20,2.97744e-19,6.43927e-22,1.36492e-20,1.40099e-20
5.23613e-28,1.25433e-26,2.18473e-29,5.19426e-28,5.19442e-28,6.17041e-25,1.39165e-23,2.72524e-26,6.12327e-25,6.12331e-25,9.69046e-23,2.14213e-21,4.35623e-24,9.62295e-23,9.62298e-23,1.40099e-20,2.99475e-19,6.48295e-22,1.39220e-20,1.39220e-20
5.19442e-28,1.24481e-26,2.16659e-29,5.23613e-28,5.06701e-28,6.12331e-25,1.38159e-23,2.70344e-26,6.17041e-25,5.97918e-25,9.62298e-23,2.12820e-21,4.32406e-24,9.69046e-23,9.41512e-23,1.39220e-20,2.97744e-19,6.43928e-22,1.40099e-20,1.36493e-20
5.06701e-28,1.21561e-26,2.11135e-29,5.19442e-28,4.84810e-28,5.97918e-25,1.35068e-23,2.63695e-26,6.12331e-25,5.73027e-25,9.41512e-23,2.08505e-21,4.22539e-24,9.62298e-23,9.05175e-23,1.36493e-20,2.92340e-19,6.30450e-22,1.39220e-20,1.31661e-20
4.84810e-28,1.16512e-26,2.01697e-29,5.06701e-28,4.52969e-28,5.73027e-25,1.29691e-23,2.52286e-26,5.97918e-25,5.36571e-25,9.05175e-23,2.00893e-21,4.05429e-24,9.41512e-23,8.51100e-23,1.31661e-20,2.82659e-19,6.06797e-22,1.36493e-20,1.24343e-20
4.52969e-28,1.09104e-26,1.88072e-29,4.84810e-28,4.10393e-28,5.36571e-25,1.21737e-23,2.35717e-26,5.73027e-25,4.87442e-25,8.51100e-23,1.89428e-21,3.80231e-24,9.05175e-23,7.76929e-23,1.24343e-20,2.67791e-19,5.71420e-22,1.31661e-20,1.14111e-20
4.10393e-28,9.91004e-27,1.70008e-29,4.52969e-28,3.56604e-28,4.87442e-25,1.10901e-23,2.13599e-26,5.36571e-25,4.24881e-25,7.76929e-23,1.73491e-21,3.46069e-24,8.51100e-23,6.80827e-23,1.14111e-20,2.46674e-19,5.22628e-22,1.24343e-20,1.00598e-20
3.56604e-28,8.63387e-27,1.47380e-29,4.10393e-28,2.91733e-28,4.24881e-25,9.69502e-24,1.85701e-26,4.87442e-25,3.48875e-25,6.80827e-23,1.52563e-21,3.02320e-24,7.76929e-23,5.62274e-23,1.00598e-20,2.18343e-19,4.59075e-22,1.14111e-20,8.36359e-21
2.91733e-28,7.08085e-27,1.20305e-29,3.56604e-28,2.16759e-28,3.48875e-25,7.98301e-24,1.52105e-26,4.24881e-25,2.60481e-25,5.62274e-23,1.26426e-21,2.48929e-24,6.80827e-23,4.22849e-23,8.36359e-21,1.82259e-19,3.80312e-22,1.00598e-20,6.33905e-21
2.16759e-28,5.27221e-27,8.92216e-30,2.91733e-28,1.33623e-28,2.60481e-25,5.97490e-24,1.13323e-26,3.48875e-25,1.61998e-25,4.22849e-23,9.53625e-22,1.86711e-24,5.62274e-23,2.66835e-23,6.33905e-21,1.38650e-19,2.87326e-22,8.36359e-21,4.04519e-21
1.33623e-28,3.25506e-27,5.49273e-30,2.16759e-28,4.51586e-29,1.61998e-25,3.72307e-24,7.03579e-27,2.60481e-25,5.71721e-26,2.66835e-23,6.03234e-22,1.17574e-24,4.22849e-23,1.02693e-23,4.04519e-21,8.87620e-20,1.82848e-22,6.33905e-21,1.64382e-21
5.49049e-30,1.33575e-28,2.25953e-31,1.85415e-30,8.91902e-30,7.03536e-27,1.61989e-25,3.05044e-28,2.47774e-27,1.13317e-26,1.17570e-24,2.66827e-23,5.16309e-26,4.51472e-25,1.86705e-24,1.82845e-22,4.04514e-21,8.20836e-24,7.39767e-23,2.87322e-22
8.91902e-30,2.16693e-28,3.67486e-31,5.49049e-30,1.20270e-29,1.13317e-26,2.60469e-25,4.92067e-28,7.03536e-27,1.52098e-26,1.86705e-24,4.22838e-23,8.21431e-26,1.17570e-24,2.48923e-24,2.87322e-22,6.33897e-21,1.29295e-23,1.82845e-22,3.80307e-22
1.20270e-29,2.91658e-28,4.96356e-31,8.91902e-30,1.47344e-29,1.52098e-26,3.48861e-25,6.61720e-28,1.13317e-26,1.85694e-26,2.48923e-24,5.62262e-23,1.09770e-25,1.86705e-24,3.02313e-24,3.80307e-22,8.36350e-21,1.71622e-23,2.87322e-22,4.59069e-22
1.47344e-29,3.56528e-28,6.09282e-31,1.20270e-29,1.69974e-29,1.85694e-26,4.24866e-25,8.09655e-28,1.52098e-26,2.13591e-26,3.02313e-24,6.80814e-23,1.33669e-25,2.48923e-24,3.46063e-24,4.59069e-22,1.00597e-20,2.07819e-23,3.80307e-22,5.22623e-22
1.69974e-29,4.10322e-28,7.04327e-31,1.47344e-29,1.88043e-29,2.13591e-26,4.87427e-25,9.33451e-28,1.85694e-26,2.35711e-26,3.46063e-24,7.76918e-23,1.53438e-25,3.02313e-24,3.80225e-24,5.22623e-22,1.14110e-20,2.37358e-23,4.59069e-22,5.71415e-22
1.88043e-29,4.52909e-28,7.80788e-31,1.69974e-29,2.01674e-29,2.35711e-26,5.36559e-25,1.03243e-27,2.13591e-26,2.52281e-26,3.80225e-24,8.51089e-23,1.69033e-25,3.46063e-24,4.05424e-24,5.71415e-22,1.24342e-20,2.60312e-23,5.22623e-22,6.06794e-22
2.01674e-29,4.84764e-28,8.38896e-31,1.88043e-29,2.11119e-29,2.52281e-26,5.73017e-25,1.10719e-27,2.35711e-26,2.63691e-26,4.05424e-24,9.05167e-23,1.80654e-25,3.80225e-24,4.22536e-24,6.06794e-22,1.31660e-20,2.77160e-23,5.71415e-22,6.30448e-22
2.11119e-29,5.06669e-28,8.79427e-31,2.01674e-29,2.16651e-29,2.63691e-26,5.97911e-25,1.15905e-27,2.52281e-26,2.70342e-26,4.22536e-24,9.41506e-23,1.88618e-25,4.05424e-24,4.32404e-24,6.30448e-22,1.36492e-20,2.88547e-23,6.06794e-22,6.43927e-22
2.16651e-29,5.19426e-28,9.03284e-31,2.11119e-29,2.18473e-29,2.70342e-26,6.12327e-25,1.18945e-27,2.63691e-26,2.72524e-26,4.32404e-24,9.62295e-23,1.93243e-25,4.22536e-24,4.35623e-24,6.43927e-22,1.39220e-20,2.95090e-23,6.30448e-22,6.48295e-22
2.18473e-29,5.23613e-28,9.11162e-31,2.16651e-29,2.16659e-29,2.72524e-26,6.17041e-25,1.19945e-27,2.70342e-26,2.70344e-26,4.35623e-24,9.69046e-23,1.94757e-25,4.32404e-24,4.32406e-24,6.48295e-22,1.40099e-20,2.97220e-23,6.43927e-22,6.43928e-22
2.16659e-29,5.19442e-28,9.03320e-31,2.18473e-29,2.11135e-29,2.70344e-26,6.12331e-25,1.18946e-27,2.72524e-26,2.63695e-26,4.32406e-24,9.62298e-23,1.93244e-25,4.35623e-24,4.22539e-24,6.43928e-22,1.39220e-20,2.95091e-23,6.48295e-22,6.30450e-22
2.11135e-29,5.06701e-28,8.79498e-31,2.16659e-29,2.01697e-29,2.63695e-26,5.97918e-25,1.15907e-27,2.70344e-26,2.52286e-26,4.22539e-24,9.41512e-23,1.88620e-25,4.32406e-24,4.05429e-24,6.30450e-22,1.36493e-20,2.88548e-23,6.43928e-22,6.06797e-22
2.01697e-29,4.84810e-28,8.39001e-31,2.11135e-29,1.88072e-29,2.52286e-26,5.73027e-25,1.10721e-27,2.63695e-26,2.35717e-26,4.05429e-24,9.05175e-23,1.80657e-25,4.22539e-24,3.80231e-24,6.06797e-22,1.31661e-20,2.77161e-23,6.30450e-22,5.71420e-22
1.88072e-29,4.52969e-28,7.80921e-31,2.01697e-29,1.70008e-29,2.35717e-26,5.36571e-25,1.03246e-27,2.52286e-26,2.13599e-26,3.80231e-24,8.51100e-23,1.69036e-25,4.05429e-24,3.46069e-24,5.71420e-22,1.24343e-20,2.60315e-23,6.06797e-22,5.22628e-22
1.70008e-29,4.10393e-28,7.04483e-31,1.88072e-29,1.47380e-29,2.13599e-26,4.87442e-25,9.33489e-28,2.35717e-26,1.85701e-26,3.46069e-24,7.76929e-23,1.53441e-25,3.80231e-24,3.02320e-24,5.22628e-22,1.14111e-20,2.37360e-23,5.71420e-22,4.59075e-22
1.47380e-29,3.56604e-28,6.09450e-31,1.70008e-29,1.20305e-29,1.85701e-26,4.24881e-25,8.09695e-28,2.13599e-26,1.52105e-26,3.02320e-24,6.80827e-23,1.33672e-25,3.46069e-24,2.48929e-24,4.59075e-22,1.00598e-20,2.07822e-23,5.22628e-22,3.80312e-22
1.20305e-29,2.91733e-28,4.96521e-31,1.47380e-29,8.92216e-30,1.52105e-26,3.48875e-25,6.61758e-28,1.85701e-26,1.13323e-26,2.48929e-24,5.62274e-23,1.09774e-25,3.02320e-24,1.86711e-24,3.80312e-22,8.36359e-21,1.71624e-23,4.59075e-22,2.87326e-22
8.92216e-30,2.16759e-28,3.67630e-31,1.20305e-29,5.49273e-30,1.13323e-26,2.60481e-25,4.92099e-28,1.52105e-26,7.03579e-27,1.86711e-24,4.22849e-23,8.21460e-26,2.48929e-24,1.17574e-24,2.87326e-22,6.33905e-21,1.29297e-23,3.80312e-22,1.82848e-22
5.49273e-30,1.33623e-28,2.26056e-31,8.92216e-30,1.85500e-30,7.03579e-27,1.61998e-25,3.05065e-28,1.13323e-26,2.47792e-27,1.17574e-24,2.66835e-23,5.16328e-26,1.86711e-24,4.51488e-25,1.82848e-22,4.04519e-21,8.20852e-24,2.87326e-22,7.39781e-23
2.25953e-31,5.49049e-30,9.30867e-33,7.62574e-32,3.67486e-31,3.05044e-28,7.03536e-27,1.32062e-29,1.07229e-28,4.92067e-28,5.16309e-26,1.17570e-24,2.26076e-27,1.97878e-26,8.21431e-26,8.20836e-24,1.82845e-22,3.66362e-25,3.30863e-24,1.29295e-23
3.67486e-31,8.91902e-30,1.51553e-32,2.25953e-31,4.96356e-31,4.92067e-28,1.13317e-26,2.13315e-29,3.05044e-28,6.61720e-28,8.21431e-26,1.86705e-24,3.60266e-27,5.16309e-26,1.09770e-25,1.29295e-23,2.87322e-22,5.78286e-25,8.20836e-24,1.71622e-23
4.96356e-31,1.20270e-29,2.04998e-32,3.67486e-31,6.09282e-31,6.61720e-28,1.52098e-26,2.87342e-29,4.92067e-28,8.09655e-28,1.09770e-25,2.48923e-24,4.82419e-27,8.21431e-26,1.33669e-25,1.71622e-23,3.80307e-22,7.69510e-25,1.29295e-23,2.07819e-23
6.09282e-31,1.47344e-29,2.52074e-32,4.96356e-31,7.04327e-31,8.09655e-28,1.85694e-26,3.52265e-29,6.61720e-28,9.33451e-28,1.33669e-25,3.02313e-24,5.88832e-27,1.09770e-25,1.53438e-25,2.07819e-23,4.59069e-22,9.34424e-25,1.71622e-23,2.37358e-23
7.04327e-31,1.69974e-29,2.91938e-32,6.09282e-31,7.80788e-31,9.33451e-28,2.13591e-26,4.06964e-29,8.09655e-28,1.03243e-27,1.53438e-25,3.46063e-24,6.77589e-27,1.33669e-25,1.69033e-25,2.37358e-23,5.22623e-22,1.07034e-24,2.07819e-23,2.60312e-23
7.80788e-31,1.88043e-29,3.24218e-32,7.04327e-31,8.38896e-31,1.03243e-27,2.35711e-26,4.51016e-29,9.33451e-28,1.10719e-27,1.69033e-25,3.80225e-24,7.48240e-27,1.53438e-25,1.80654e-25,2.60312e-23,5.71415e-22,1.17709e-24,2.37358e-23,2.77160e-23
8.38896e-31,2.01674e-29,3.48909e-32,7.80788e-31,8.79427e-31,1.10719e-27,2.52281e-26,4.84531e-29,1.03243e-27,1.15905e-27,1.80654e-25,4.05424e-24,8.01357e-27,1.69033e-25,1.88618e-25,2.77160e-23,6.06794e-22,1.25629e-24,2.60312e-23,2.88547e-23
8.79427e-31,2.11119e-29,3.66230e-32,8.38896e-31,9.03284e-31,1.15905e-27,2.63691e-26,5.07930e-29,1.10719e-27,1.18945e-27,1.88618e-25,4.22536e-24,8.38046e-27,1.80654e-25,1.93243e-25,2.88547e-23,6.30448e-22,1.31033e-24,2.77160e-23,2.95090e-23
9.03284e-31,2.16651e-29,3.76470e-32,8.79427e-31,9.11162e-31,1.18945e-27,2.70342e-26,5.21711e-29,1.15905e-27,1.19945e-27,1.93243e-25,4.32404e-24,8.59480e-27,1.88618e-25,1.94757e-25,2.95090e-23,6.43927e-22,1.34160e-24,2.88547e-23,2.97220e-23
9.11162e-31,2.18473e-29,3.79859e-32,9.03284e-31,9.03320e-31,1.19945e-27,2.72524e-26,5.26259e-29,1.18945e-27,1.18946e-27,1.94757e-25,4.35623e-24,8.66520e-27,1.93243e-25,1.93244e-25,2.97220e-23,6.48295e-22,1.35183e-24,2.95090e-23,2.95091e-23
9.03320e-31,2.16659e-29,3.76486e-32,9.11162e-31,8.79498e-31,1.18946e-27,2.70344e-26,5.21716e-29,1.19945e-27,1.15907e-27,1.93244e-25,4.32406e-24,8.59484e-27,1.94757e-25,1.88620e-25,2.95091e-23,6.43928e-22,1.34161e-24,2.97220e-23,2.88548e-23
8.79498e-31,2.11135e-29,3.66263e-32,9.03320e-31,8.39001e-31,1.15907e-27,2.63695e-26,5.07940e-29,1.18946e-27,1.10721e-27,1.88620e-25,4.22539e-24,8.38055e-27,1.93244e-25,1.80657e-25,2.88548e-23,6.30450e-22,1.31033e-24,2.95091e-23,2.77161e-23
8.39001e-31,2.01697e-29,3.48957e-32,8.79498e-31,7.80921e-31,1.10721e-27,2.52286e-26,4.84545e-29,1.15907e-27,1.03246e-27,1.80657e-25,4.05429e-24,8.01370e-27,1.88620e-25,1.69036e-25,2.77161e-23,6.06797e-22,1.25630e-24,2.88548e-23,2.60315e-23
7.80921e-31,1.88072e-29,3.24279e-32,8.39001e-31,7.04483e-31,1.03246e-27,2.35717e-26,4.51032e-29,1.10721e-27,9.33489e-28,1.69036e-25,3.80231e-24,7.48256e-27,1.80657e-25,1.53441e-25,2.60315e-23,5.71420e-22,1.17711e-24,2.77161e-23,2.37360e-23
7.04483e-31,1.70008e-29,2.92009e-32,7.80921e-31,6.09450e-31,9.33489e-28,2.13599e-26,4.06983e-29,1.03246e-27,8.09695e-28,1.53441e-25,3.46069e-24,6.77607e-27,1.69036e-25,1.33672e-25,2.37360e-23,5.22628e-22,1.07035e-24,2.60315e-23,2.07822e-23
6.09450e-31,1.47380e-29,2.52150e-32,7.04483e-31,4.96521e-31,8.09695e-28,1.85701e-26,3.52285e-29,9.33489e-28,6.61758e-28,1.33672e-25,3.02320e-24,5.88850e-27,1.53441e-25,1.09774e-25,2.07822e-23,4.59075e-22,9.34439e-25,2.37360e-23,1.71624e-23
4.96521e-31,1.20305e-29,2.05073e-32,6.09450e-31,3.67630e-31,6.61758e-28,1.52105e-26,2.87361e-29,8.09695e-28,4.92099e-28,1.09774e-25,2.48929e-24,4.82437e-27,1.33672e-25,8.21460e-26,1.71624e-23,3.80312e-22,7.69524e-25,2.07822e-23,1.29297e-23
3.67630e-31,8.92216e-30,1.51618e-32,4.96521e-31,2.26056e-31,4.92099e-28,1.13323e-26,2.13331e-29,6.61758e-28,3.05065e-28,8.21460e-26,1.86711e-24,3.60280e-27,1.09774e-25,5.16328e-26,1.29297e-23,2.87326e-22,5.78299e-25,1.71624e-23,8.20852e-24
2.26056e-31,5.49273e-30,9.31328e-33,3.67630e-31,7.62959e-32,3.05065e-28,7.03579e-27,1.32073e-29,4.92099e-28,1.07238e-28,5.16328e-26,1.17574e-24,2.26086e-27,8.21460e-26,1.97887e-26,8.20852e-24,1.82848e-22,3.66371e-25,1.29297e-23,3.30871e-24
9.30867e-33,2.25953e-31,3.83853e-34,3.13987e-33,1.51553e-32,1.32062e-29,3.05044e-28,5.70937e-31,4.63430e-30,2.13315e-29,2.26076e-27,5.16309e-26,9.87377e-29,8.64963e-28,3.60266e-27,3.66362e-25,8.20836e-24,1.62710e-26,1.47202e-25,5.78286e-25
1.51553e-32,3.67486e-31,6.25528e-34,9.30867e-33,2.04998e-32,2.13315e-29,4.92067e-28,9.23315e-31,1.32062e-29,2.87342e-29,3.60266e-27,8.21431e-26,1.57571e-28,2.26076e-27,4.82419e-27,5.78286e-25,1.29295e-23,2.57303e-26,3.66362e-25,7.69510e-25
2.04998e-32,4.96356e-31,8.47213e-34,1.51553e-32,2.52074e-32,2.87342e-29,6.61720e-28,1.24559e-30,2.13315e-29,3.52265e-29,4.82419e-27,1.09770e-25,2.11381e-28,3.60266e-27,5.88832e-27,7.69510e-25,1.71622e-23,3.43139e-26,5.78286e-25,9.34424e-25
2.52074e-32,6.09282e-31,1.04337e-33,2.04998e-32,2.91938e-32,3.52265e-29,8.09655e-28,1.52966e-30,2.87342e-29,4.06964e-29,5.88832e-27,1.33669e-25,2.58547e-28,4.82419e-27,6.77589e-27,9.34424e-25,2.07819e-23,4.17716e-26,7.69510e-25,1.07034e-24
2.91938e-32,7.04327e-31,1.21037e-33,2.52074e-32,3.24218e-32,4.06964e-29,9.33451e-28,1.77043e-30,3.52265e-29,4.51016e-29,6.77589e-27,1.53438e-25,2.98176e-28,5.88832e-27,7.48240e-27,1.07034e-24,2.37358e-23,4.79717e-26,9.34424e-25,1.17709e-24
3.24218e-32,7.80788e-31,1.34638e-33,2.91938e-32,3.48909e-32,4.51016e-29,1.03243e-27,1.96558e-30,4.06964e-29,4.84531e-29,7.48240e-27,1.69033e-25,3.29969e-28,6.77589e-27,8.01357e-27,1.17709e-24,2.60312e-23,5.28879e-26,1.07034e-24,1.25629e-24
3.48909e-32,8.38896e-31,1.45101e-33,3.24218e-32,3.66230e-32,4.84531e-29,1.10719e-27,2.11499e-30,4.51016e-29,5.07930e-29,8.01357e-27,1.80654e-25,3.54059e-28,7.48240e-27,8.38046e-27,1.25629e-24,2.77160e-23,5.65689e-26,1.17709e-24,1.31033e-24
3.66230e-32,8.79427e-31,1.52477e-33,3.48909e-32,3.76470e-32,5.07930e-29,1.15905e-27,2.21988e-30,4.84531e-29,5.21711e-29,8.38046e-27,1.88618e-25,3.70813e-28,8.01357e-27,8.59480e-27,1.31033e-24,2.88547e-23,5.91019e-26,1.25629e-24,1.34160e-24
3.76470e-32,9.03284e-31,1.56854e-33,3.66230e-32,3.79859e-32,5.21711e-29,1.18945e-27,2.28191e-30,5.07930e-29,5.26259e-29,8.59480e-27,1.93243e-25,3.80652e-28,8.38046e-27,8.66520e-27,1.34160e-24,2.95090e-23,6.05773e-26,1.31033e-24,1.35183e-24
3.79859e-32,9.11162e-31,1.58306e-33,3.76470e-32,3.76486e-32,5.26259e-29,1.19945e-27,2.30243e-30,5.21711e-29,5.21716e-29,8.66520e-27,1.94757e-25,3.83893e-28,8.59480e-27,8.59484e-27,1.35183e-24,2.97220e-23,6.10611e-26,1.34160e-24,1.34161e-24
3.76486e-32,9.03320e-31,1.56861e-33,3.79859e-32,3.66263e-32,5.21716e-29,1.18946e-27,2.28194e-30,5.26259e-29,5.07940e-29,8.59484e-27,1.93244e-25,3.80654e-28,8.66520e-27,8.38055e-27,1.34161e-24,2.95091e-23,6.05775e-26,1.35183e-24,1.31033e-24
3.66263e-32,8.79498e-31,1.52492e-33,3.76486e-32,3.48957e-32,5.07940e-29,1.15907e-27,2.21993e-30,5.21716e-29,4.84545e-29,8.38055e-27,1.88620e-25,3.70817e-28,8.59484e-27,8.01370e-27,1.31033e-24,2.88548e-23,5.91022e-26,1.34161e-24,1.25630e-24
3.48957e-32,8.39001e-31,1.45123e-33,3.66263e-32,3.24279e-32,4.84545e-29,1.10721e-27,2.11505e-30,5.07940e-29,4.51032e-29,8.01370e-27,1.80657e-25,3.54065e-28,8.38055e-27,7.48256e-27,1.25630e-24,2.77161e-23,5.65694e-26,1.31033e-24,1.17711e-24
3.24279e-32,7.80921e-31,1.34666e-33,3.48957e-32,2.92009e-32,4.51032e-29,1.03246e-27,1.96566e-30,4.84545e-29,4.06983e-29,7.48256e-27,1.69036e-25,3.29977e-28,8.01370e-27,6.77607e-27,1.17711e-24,2.60315e-23,5.28886e-26,1.25630e-24,1.07035e-24
2.92009e-32,7.04483e-31,1.21069e-33,3.24279e-32,2.52150e-32,4.06983e-29,9.33489e-28,1.77052e-30,4.51032e-29,3.52285e-29,6.77607e-27,1.53441e-25,2.98185e-28,7.48256e-27,5.88850e-27,1.07035e-24,2.37360e-23,4.79725e-26,1.17711e-24,9.34439e-25
2.52150e-32,6.09450e-31,1.04371e-33,2.92009e-32,2.05073e-32,3.52285e-29,8.09695e-28,1.52976e-30,4.06983e-29,2.87361e-29,5.88850e-27,1.33672e-25,2.58556e-28,6.77607e-27,4.82437e-27,9.34439e-25,2.07822e-23,4.17724e-26,1.07035e-24,7.69524e-25
2.05073e-32,4.96521e-31,8.47546e-34,2.52150e-32,1.51618e-32,2.87361e-29,6.61758e-28,1.24568e-30,3.52285e-29,2.13331e-29,4.82437e-27,1.09774e-25,2.11390e-28,5.88850e-27,3.60280e-27,7.69524e-25,1.71624e-23,3.43147e-26,9.34439e-25,5.78299e-25
1.51618e-32,3.67630e-31,6.25818e-34,2.05073e-32,9.31328e-33,2.13331e-29,4.92099e-28,9.23392e-31,2.87361e-29,1.32073e-29,3.60280e-27,8.21460e-26,1.57579e-28,4.82437e-27,2.26086e-27,5.78299e-25,1.29297e-23,2.57309e-26,7.69524e-25,3.66371e-25
9.31328e-33,2.26056e-31,3.84059e-34,1.51618e-32,3.14160e-33,1.32073e-29,3.05065e-28,5.70990e-31,2.13331e-29,4.63472e-30,2.26086e-27,5.16328e-26,9.87428e-29,3.60280e-27,8.65006e-28,3.66371e-25,8.20852e-24,1.62715e-26,5.78299e-25,1.47206e-25
3.83853e-34,9.30867e-33,1.58418e-35,1.29413e-34,6.25528e-34,5.70937e-31,1.32062e-29,2.46514e-32,2.00038e-31,9.23315e-31,9.87377e-29,2.26076e-27,4.30250e-30,3.77194e-29,1.57571e-28,1.62710e-26,3.66362e-25,7.19560e-28,6.51951e-27,2.57303e-26
6.25528e-34,1.51553e-32,2.58372e-35,3.83853e-34,8.47213e-34,9.23315e-31,2.13315e-29,3.99085e-32,5.70937e-31,1.24559e-30,1.57571e-28,3.60266e-27,6.87496e-30,9.87377e-29,2.11381e-28,2.57303e-26,5.78286e-25,1.13972e-27,1.62710e-26,3.43139e-26
8.47213e-34,2.04998e-32,3.50340e-35,6.25528e-34,1.04337e-33,1.24559e-30,2.87342e-29,5.39096e-32,9.23315e-31,1.52966e-30,2.11381e-28,4.82419e-27,9.23754e-30,1.57571e-28,2.58547e-28,3.43139e-26,7.69510e-25,1.52290e-27,2.57303e-26,4.17716e-26
1.04337e-33,2.52074e-32,4.32047e-35,8.47213e-34,1.21037e-33,1.52966e-30,3.52265e-29,6.63063e-32,1.24559e-30,1.77043e-30,2.58547e-28,5.88832e-27,1.13198e-29,2.11381e-28,2.98176e-28,4.17716e-26,9.34424e-25,1.85800e-27,3.43139e-26,4.79717e-26
1.21037e-33,2.91938e-32,5.01939e-35,1.04337e-33,1.34638e-33,1.77043e-30,4.06964e-29,7.68682e-32,1.52966e-30,1.96558e-30,2.98176e-28,6.77589e-27,1.30805e-29,2.58547e-28,3.29969e-28,4.79717e-26,1.07034e-24,2.13874e-27,4.17716e-26,5.28879e-26
1.34638e-33,3.24218e-32,5.59149e-35,1.21037e-33,1.45101e-33,1.96558e-30,4.51016e-29,8.54773e-32,1.77043e-30,2.11499e-30,3.29969e-28,7.48240e-27,1.45029e-29,2.98176e-28,3.54059e-28,5.28879e-26,1.17709e-24,2.36320e-27,4.79717e-26,5.65689e-26
1.45101e-33,3.48909e-32,6.03376e-35,1.34638e-33,1.52477e-33,2.11499e-30,4.84531e-29,9.21051e-32,1.96558e-30,2.21988e-30,3.54059e-28,8.01357e-27,1.55880e-29,3.29969e-28,3.70813e-28,5.65689e-26,1.25629e-24,2.53265e-27,5.28879e-26,5.91019e-26
1.52477e-33,3.66230e-32,6.34692e-35,1.45101e-33,1.56854e-33,2.21988e-30,5.07930e-29,9.67807e-32,2.11499e-30,2.28191e-30,3.70813e-28,8.38046e-27,1.63472e-29,3.54059e-28,3.80652e-28,5.91019e-26,1.31033e-24,2.65011e-27,5.65689e-26,6.05773e-26
1.56854e-33,3.76470e-32,6.53335e-35,1.52477e-33,1.58306e-33,2.28191e-30,5.21711e-29,9.95560e-32,2.21988e-30,2.30243e-30,3.80652e-28,8.59480e-27,1.67951e-29,3.70813e-28,3.83893e-28,6.05773e-26,1.34160e-24,2.71891e-27,5.91019e-26,6.10611e-26
1.58306e-33,3.79859e-32,6.59531e-35,1.56854e-33,1.56861e-33,2.30243e-30,5.26259e-29,1.00476e-31,2.28191e-30,2.28194e-30,3.83893e-28,8.66520e-27,1.69430e-29,3.80652e-28,3.80654e-28,6.10611e-26,1.35183e-24,2.74154e-27,6.05773e-26,6.05775e-26
1.56861e-33,3.76486e-32,6.53368e-35,1.58306e-33,1.52492e-33,2.28194e-30,5.21716e-29,9.95571e-32,2.30243e-30,2.21993e-30,3.80654e-28,8.59484e-27,1.67952e-29,3.83893e-28,3.70817e-28,6.05775e-26,1.34161e-24,2.71892e-27,6.10611e-26,5.91022e-26
1.52492e-33,3.66263e-32,6.34758e-35,1.56861e-33,1.45123e-33,2.21993e-30,5.07940e-29,9.67829e-32,2.28194e-30,2.11505e-30,3.70817e-28,8.38055e-27,1.63475e-29,3.80654e-28,3.54065e-28,5.91022e-26,1.31033e-24,2.65013e-27,6.05775e-26,5.65694e-26
1.45123e-33,3.48957e-32,6.03473e-35,1.52492e-33,1.34666e-33,2.11505e-30,4.84545e-29,9.21083e-32,2.21993e-30,1.96566e-30,3.54065e-28,8.01370e-27,1.55883e-29,3.70817e-28,3.29977e-28,5.65694e-26,1.25630e-24,2.53268e-27,5.91022e-26,5.28886e-26
1.34666e-33,3.24279e-32,5.59271e-35,1.45123e-33,1.21069e-33,1.96566e-30,4.51032e-29,8.54814e-32,2.11505e-30,1.77052e-30,3.29977e-28,7.48256e-27,1.45033e-29,3.54065e-28,2.98185e-28,5.28886e-26,1.17711e-24,2.36324e-27,5.65694e-26,4.79725e-26
1.21069e-33,2.92009e-32,5.02080e-35,1.34666e-33,1.04371e-33,1.77052e-30,4.06983e-29,7.68728e-32,1.96566e-30,1.52976e-30,2.98185e-28,6.77607e-27,1.30810e-29,3.29977e-28,2.58556e-28,4.79725e-26,1.07035e-24,2.13878e-27,5.28886e-26,4.17724e-26
1.04371e-33,2.52150e-32,4.32198e-35,1.21069e-33,8.47546e-34,1.52976e-30,3.52285e-29,6.63111e-32,1.77052e-30,1.24568e-30,2.58556e-28,5.88850e-27,1.13203e-29,2.98185e-28,2.11390e-28,4.17724e-26,9.34439e-25,1.85804e-27,4.79725e-26,3.43147e-26
8.47546e-34,2.05073e-32,3.50488e-35,1.04371e-33,6.25818e-34,1.24568e-30,2.87361e-29,5.39141e-32,1.52976e-30,9.23392e-31,2.11390e-28,4.82437e-27,9.23799e-30,2.58556e-28,1.57579e-28,3.43147e-26,7.69524e-25,1.52294e-27,4.17724e-26,2.57309e-26
6.25818e-34,1.51618e-32,2.58501e-35,8.47546e-34,3.84059e-34,9.23392e-31,2.13331e-29,3.99122e-32,1.24568e-30,5.70990e-31,1.57579e-28,3.60280e-27,6.87533e-30,2.11390e-28,9.87428e-29,2.57309e-26,5.78299e-25,1.13976e-27,3.43147e-26,1.62715e-26
3.84059e-34,9.31328e-33,1.58509e-35,6.25818e-34,1.29490e-34,5.70990e-31,1.32073e-29,2.46539e-32,9.23392e-31,2.00058e-31,9.87428e-29,2.26086e-27,4.30275e-30,1.57579e-28,3.77215e-29,1.62715e-26,3.66371e-25,7.19583e-28,2.57309e-26,6.51971e-27
1.58418e-35,3.83853e-34,6.54286e-37,5.33865e-36,2.58372e-35,2.46514e-32,5.70937e-31,1.06310e-33,8.62453e-33,3.99085e-32,4.30250e-30,9.87377e-29,1.87099e-31,1.64138e-30,6.87496e-30,7.19560e-28,1.62710e-26,3.17036e-29,2.87618e-28,1.13972e-27
2.58372e-35,6.25528e-34,1.06789e-36,1.58418e-35,3.50340e-35,3.99085e-32,9.23315e-31,1.72272e-33,2.46514e-32,5.39096e-32,6.87496e-30,1.57571e-28,2.99305e-31,4.30250e-30,9.23754e-30,1.13972e-27,2.57303e-26,5.02878e-29,7.19560e-28,1.52290e-27
3.50340e-35,8.47213e-34,1.44949e-36,2.58372e-35,4.32047e-35,5.39096e-32,1.24559e-30,2.32985e-33,3.99085e-32,6.63063e-32,9.23754e-30,2.11381e-28,4.02737e-31,6.87496e-30,1.13198e-29,1.52290e-27,3.43139e-26,6.73110e-29,1.13972e-27,1.85800e-27
4.32047e-35,1.04337e-33,1.78972e-36,3.50340e-35,5.01939e-35,6.63063e-32,1.52966e-30,2.86954e-33,5.39096e-32,7.68682e-32,1.13198e-29,2.58547e-28,4.94336e-31,9.23754e-30,1.30805e-29,1.85800e-27,4.17716e-26,8.22847e-29,1.52290e-27,2.13874e-27
5.01939e-35,1.21037e-33,2.08197e-36,4.32047e-35,5.59149e-35,7.68682e-32,1.77043e-30,3.33148e-33,6.63063e-32,8.54773e-32,1.30805e-29,2.98176e-28,5.72231e-31,1.13198e-29,1.45029e-29,2.13874e-27,4.79717e-26,9.49150e-29,1.85800e-27,2.36320e-27
5.59149e-35,1.34638e-33,2.32226e-36,5.01939e-35,6.03376e-35,8.54773e-32,1.96558e-30,3.70987e-33,7.68682e-32,9.21051e-32,1.45029e-29,3.29969e-28,6.35541e-31,1.30805e-29,1.55880e-29,2.36320e-27,5.28879e-26,1.05088e-28,2.13874e-27,2.53265e-27
6.03376e-35,1.45101e-33,2.50883e-36,5.59149e-35,6.34692e-35,9.21051e-32,2.11499e-30,4.00259e-33,8.54773e-32,9.67807e-32,1.55880e-29,3.54059e-28,6.84126e-31,1.45029e-29,1.63472e-29,2.53265e-27,5.65689e-26,1.12823e-28,2.36320e-27,2.65011e-27
6.34692e-35,1.52477e-33,2.64143e-36,6.03376e-35,6.53335e-35,9.67807e-32,2.21988e-30,4.20996e-33,9.21051e-32,9.95560e-32,1.63472e-29,3.70813e-28,7.18300e-31,1.55880e-29,1.67951e-29,2.65011e-27,5.91019e-26,1.18219e-28,2.53265e-27,2.71891e-27
6.53335e-35,1.56854e-33,2.72060e-36,6.34692e-35,6.59531e-35,9.95560e-32,2.28191e-30,4.33344e-33,9.67807e-32,1.00476e-31,1.67951e-29,3.80652e-28,7.38540e-31,1.63472e-29,1.69430e-29,2.71891e-27,6.05773e-26,1.21395e-28,2.65011e-27,2.74154e-27
6.59531e-35,1.58306e-33,2.74695e-36,6.53335e-35,6.53368e-35,1.00476e-31,2.30243e-30,4.37443e-33,9.95560e-32,9.95571e-32,1.69430e-29,3.83893e-28,7.45238e-31,1.67951e-29,1.67952e-29,2.74154e-27,6.10611e-26,1.22442e-28,2.71891e-27,2.71892e-27
6.53368e-35,1.56861e-33,2.72075e-36,6.59531e-35,6.34758e-35,9.95571e-32,2.28194e-30,4.33350e-33,1.00476e-31,9.67829e-32,1.67952e-29,3.80654e-28,7.38545e-31,1.69430e-29,1.63475e-29,2.71892e-27,6.05775e-26,1.21395e-28,2.74154e-27,2.65013e-27
6.34758e-35,1.52492e-33,2.64173e-36,6.53368e-35,6.03473e-35,9.67829e-32,2.21993e-30,4.21007e-33,9.95571e-32,9.21083e-32,1.63475e-29,3.70817e-28,7.18312e-31,1.67952e-29,1.55883e-29,2.65013e-27,5.91022e-26,1.18220e-28,2.71892e-27,2.53268e-27
6.03473e-35,1.45123e-33,2.50926e-36,6.34758e-35,5.59271e-35,9.21083e-32,2.11505e-30,4.00274e-33,9.67829e-32,8.54814e-32,1.55883e-29,3.54065e-28,6.84142e-31,1.63475e-29,1.45033e-29,2.53268e-27,5.65694e-26,1.12824e-28,2.65013e-27,2.36324e-27
5.59271e-35,1.34666e-33,2.32281e-36,6.03473e-35,5.02080e-35,8.54814e-32,1.96566e-30,3.71006e-33,9.21083e-32,7.68728e-32,1.45033e-29,3.29977e-28,6.35561e-31,1.55883e-29,1.30810e-29,2.36324e-27,5.28886e-26,1.05089e-28,2.53268e-27,2.13878e-27
5.02080e-35,1.21069e-33,2.08260e-36,5.59271e-35,4.32198e-35,7.68728e-32,1.77052e-30,3.33169e-33,8.54814e-32,6.63111e-32,1.30810e-29,2.98185e-28,5.72254e-31,1.45033e-29,1.13203e-29,2.13878e-27,4.79725e-26,9.49172e-29,2.36324e-27,1.85804e-27
4.32198e-35,1.04371e-33,1.79039e-36,5.02080e-35,3.50488e-35,6.63111e-32,1.52976e-30,2.86976e-33,7.68728e-32,5.39141e-32,1.13203e-29,2.58556e-28,4.94360e-31,1.30810e-29,9.23799e-30,1.85804e-27,4.17724e-26,8.22870e-29,2.13878e-27,1.52294e-27
3.50488e-35,8.47546e-34,1.45014e-36,4.32198e-35,2.58501e-35,5.39141e-32,1.24568e-30,2.33007e-33,6.63111e-32,3.99122e-32,9.23799e-30,2.11390e-28,4.02759e-31,1.13203e-29,6.87533e-30,1.52294e-27,3.43147e-26,6.73131e-29,1.85804e-27,1.13976e-27
2.58501e-35,6.25818e-34,1.06846e-36,3.50488e-35,1.58509e-35,3.99122e-32,9.23392e-31,1.72289e-33,5.39141e-32,2.46539e-32,6.87533e-30,1.57579e-28,2.99324e-31,9.23799e-30,4.30275e-30,1.13976e-27,2.57309e-26,5.02896e-29,1.52294e-27,7.19583e-28
1.58509e-35,3.84059e-34,6.54687e-37,2.58501e-35,5.34204e-36,2.46539e-32,5.70990e-31,1.06322e-33,3.99122e-32,8.62550e-33,4.30275e-30,9.87428e-29,1.87111e-31,6.87533e-30,1.64149e-30,7.19583e-28,1.62715e-26,3.17048e-29,1.13976e-27,2.87629e-28
6.54286e-37,1.58418e-35,2.70404e-38,2.20407e-37,1.06789e-36,1.06310e-33,2.46514e-32,4.57958e-35,3.71441e-34,1.72272e-33,1.87099e-31,4.30250e-30,8.12119e-33,7.12897e-32,2.99305e-31,3.17036e-29,7.19560e-28,1.39232e-30,1.26455e-29,5.02878e-29
1.06789e-36,2.58372e-35,4.41628e-38,6.54286e-37,1.44949e-36,1.72272e-33,3.99085e-32,7.42741e-35,1.06310e-33,2.32985e-33,2.99305e-31,6.87496e-30,1.30048e-32,1.87099e-31,4.02737e-31,5.02878e-29,1.13972e-27,2.21129e-30,3.17036e-29,6.73110e-29
1.44949e-36,3.50340e-35,5.99985e-38,1.06789e-36,1.78972e-36,2.32985e-33,5.39096e-32,1.00556e-34,1.72272e-33,2.86954e-33,4.02737e-31,9.23754e-30,1.75212e-32,2.99305e-31,4.94336e-31,6.73110e-29,1.52290e-27,2.96441e-30,5.02878e-29,8.22847e-29
1.78972e-36,4.32047e-35,7.41623e-38,1.44949e-36,2.08197e-36,2.86954e-33,6.63063e-32,1.24000e-34,2.32985e-33,3.33148e-33,4.94336e-31,1.13198e-29,2.15380e-32,4.02737e-31,5.72231e-31,8.22847e-29,1.85800e-27,3.63025e-30,6.73110e-29,9.49150e-29
2.08197e-36,5.01939e-35,8.63735e-38,1.78972e-36,2.32226e-36,3.33148e-33,7.68682e-32,1.44149e-34,2.86954e-33,3.70987e-33,5.72231e-31,1.30805e-29,2.49710e-32,4.94336e-31,6.35541e-31,9.49150e-29,2.13874e-27,4.19528e-30,8.22847e-29,1.05088e-28
2.32226e-36,5.59149e-35,9.64531e-38,2.08197e-36,2.50883e-36,3.70987e-33,8.54773e-32,1.60726e-34,3.33148e-33,4.00259e-33,6.35541e-31,1.45029e-29,2.77761e-32,5.72231e-31,6.84126e-31,1.05088e-28,2.36320e-27,4.65330e-30,9.49150e-29,1.12823e-28
2.50883e-36,6.03376e-35,1.04309e-37,2.32226e-36,2.64143e-36,4.00259e-33,9.21051e-32,1.73603e-34,3.70987e-33,4.20996e-33,6.84126e-31,1.55880e-29,2.99400e-32,6.35541e-31,7.18300e-31,1.12823e-28,2.53265e-27,5.00379e-30,1.05088e-28,1.18219e-28
2.64143e-36,6.34692e-35,1.09911e-37,2.50883e-36,2.72060e-36,4.20996e-33,9.67807e-32,1.82760e-34,4.00259e-33,4.33344e-33,7.18300e-31,1.63472e-29,3.14691e-32,6.84126e-31,7.38540e-31,1.18219e-28,2.65011e-27,5.24967e-30,1.12823e-28,1.21395e-28
2.72060e-36,6.53335e-35,1.13264e-37,2.64143e-36,2.74695e-36,4.33344e-33,9.95560e-32,1.88228e-34,4.20996e-33,4.37443e-33,7.38540e-31,1.67951e-29,3.23779e-32,7.18300e-31,7.45238e-31,1.21395e-28,2.71891e-27,5.39499e-30,1.18219e-28,1.22442e-28
2.74695e-36,6.59531e-35,1.14382e-37,2.72060e-36,2.72075e-36,4.37443e-33,1.00476e-31,1.90046e-34,4.33344e-33,4.33350e-33,7.45238e-31,1.69430e-29,3.26792e-32,7.38540e-31,7.38545e-31,1.22442e-28,2.74154e-27,5.44303e-30,1.21395e-28,1.21395e-28
2.72075e-36,6.53368e-35,1.13271e-37,2.74695e-36,2.64173e-36,4.33350e-33,9.95571e-32,1.88230e-34,4.37443e-33,4.21007e-33,7.38545e-31,1.67952e-29,3.23781e-32,7.45238e-31,7.18312e-31,1.21395e-28,2.71892e-27,5.39502e-30,1.22442e-28,1.18220e-28
2.64173e-36,6.34758e-35,1.09925e-37,2.72075e-36,2.50926e-36,4.21007e-33,9.67829e-32,1.82765e-34,4.33350e-33,4.00274e-33,7.18312e-31,1.63475e-29,3.14697e-32,7.38545e-31,6.84142e-31,1.18220e-28,2.65013e-27,5.24973e-30,1.21395e-28,1.12824e-28
2.50926e-36,6.03473e-35,1.04328e-37,2.64173e-36,2.32281e-36,4.00274e-33,9.21083e-32,1.73611e-34,4.21007e-33,3.71006e-33,6.84142e-31,1.55883e-29,2.99409e-32,7.18312e-31,6.35561e-31,1.12824e-28,2.53268e-27,5.00387e-30,1.18220e-28,1.05089e-28
2.32281e-36,5.59271e-35,9.64776e-38,2.50926e-36,2.08260e-36,3.71006e-33,8.54814e-32,1.60735e-34,4.00274e-33,3.33169e-33,6.35561e-31,1.45033e-29,2.77771e-32,6.84142e-31,5.72254e-31,1.05089e-28,2.36324e-27,4.65340e-30,1.12824e-28,9.49172e-29
2.08260e-36,5.02080e-35,8.64016e-38,2.32281e-36,1.79039e-36,3.33169e-33,7.68728e-32,1.44159e-34,3.71006e-33,2.86976e-33,5.72254e-31,1.30810e-29,2.49721e-32,6.35561e-31,4.94360e-31,9.49172e-29,2.13878e-27,4.19539e-30,1.05089e-28,8.22870e-29
1.79039e-36,4.32198e-35,7.41922e-38,2.08260e-36,1.45014e-36,2.86976e-33,6.63111e-32,1.24011e-34,3.33169e-33,2.33007e-33,4.94360e-31,1.13203e-29,2.15392e-32,5.72254e-31,4.02759e-31,8.22870e-29,1.85804e-27,3.63037e-30,9.49172e-29,6.73131e-29
1.45014e-36,3.50488e-35,6.00276e-38,1.79039e-36,1.06846e-36,2.33007e-33,5.39141e-32,1.00566e-34,2.86976e-33,1.72289e-33,4.02759e-31,9.23799e-30,1.75223e-32,4.94360e-31,2.99324e-31,6.73131e-29,1.52294e-27,2.96451e-30,8.22870e-29,5.02896e-29
1.06846e-36,2.58501e-35,4.41881e-38,1.45014e-36,6.54687e-37,1.72289e-33,3.99122e-32,7.42824e-35,2.33007e-33,1.06322e-33,2.99324e-31,6.87533e-30,1.30057e-32,4.02759e-31,1.87111e-31,5.02896e-29,1.13976e-27,2.21138e-30,6.73131e-29,3.17048e-29
6.54687e-37,1.58509e-35,2.70583e-38,1.06846e-36,2.20557e-37,1.06322e-33,2.46539e-32,4.58014e-35,1.72289e-33,3.71486e-34,1.87111e-31,4.30275e-30,8.12180e-33,2.99324e-31,7.12949e-32,3.17048e-29,7.19583e-28,1.39238e-30,5.02896e-29,1.26460e-29
2.70404e-38,6.54286e-37,1.11818e-39,9.10588e-39,4.41628e-38,4.57958e-35,1.06310e-33,1.97071e-36,1.59809e-35,7.42741e-35,8.12119e-33,1.87099e-31,3.51916e-34,3.09096e-33,1.30048e-32,1.39232e-30,3.17036e-29,6.09708e-32,5.54305e-31,2.21129e-30
4.41628e-38,1.06789e-36,1.82729e-39,2.70404e-38,5.99985e-38,7.42741e-35,1.72272e-33,3.19867e-36,4.57958e-35,1.00556e-34,1.30048e-32,2.99305e-31,5.64050e-34,8.12119e-33,1.75212e-32,2.21129e-30,5.02878e-29,9.69439e-32,1.39232e-30,2.96441e-30
5.99985e-38,1.44949e-36,2.48453e-39,4.41628e-38,7.41623e-38,1.00556e-34,2.32985e-33,4.33462e-36,7.42741e-35,1.24000e-34,1.75212e-32,4.02737e-31,7.60802e-34,1.30048e-32,2.15380e-32,2.96441e-30,6.73110e-29,1.30139e-31,2.21129e-30,3.63025e-30
7.41623e-38,1.78972e-36,3.07404e-39,5.99985e-38,8.63735e-38,1.24000e-34,2.86954e-33,5.35103e-36,1.00556e-34,1.44149e-34,2.15380e-32,4.94336e-31,9.36452e-34,1.75212e-32,2.49710e-32,3.63025e-30,8.22847e-29,1.59622e-31,2.96441e-30,4.19528e-30
8.63735e-38,2.08197e-36,3.58393e-39,7.41623e-38,9.64531e-38,1.44149e-34,3.33148e-33,6.22772e-36,1.24000e-34,1.60726e-34,2.49710e-32,5.72231e-31,1.08723e-33,2.15380e-32,2.77761e-32,4.19528e-30,9.49150e-29,1.84774e-31,3.63025e-30,4.65330e-30
9.64531e-38,2.32226e-36,4.00628e-39,8.63735e-38,1.04309e-37,1.60726e-34,3.70987e-33,6.95175e-36,1.44149e-34,1.73603e-34,2.77761e-32,6.35541e-31,1.21102e-33,2.49710e-32,2.99400e-32,4.65330e-30,1.05088e-28,2.05278e-31,4.19528e-30,5.00379e-30
1.04309e-37,2.50883e-36,4.33655e-39,9.64531e-38,1.09911e-37,1.73603e-34,4.00259e-33,7.51632e-36,1.60726e-34,1.82760e-34,2.99400e-32,6.84126e-31,1.30695e-33,2.77761e-32,3.14691e-32,5.00379e-30,1.12823e-28,2.21057e-31,4.65330e-30,5.24967e-30
1.09911e-37,2.64143e-36,4.57277e-39,1.04309e-37,1.13264e-37,1.82760e-34,4.20996e-33,7.91906e-36,1.73603e-34,1.88228e-34,3.14691e-32,7.18300e-31,1.37501e-33,2.99400e-32,3.23779e-32,5.24967e-30,1.18219e-28,2.32180e-31,5.00379e-30,5.39499e-30
1.13264e-37,2.72060e-36,4.71445e-39,1.09911e-37,1.14382e-37,1.88228e-34,4.33344e-33,8.16012e-36,1.82760e-34,1.90046e-34,3.23779e-32,7.38540e-31,1.41558e-33,3.14691e-32,3.26792e-32,5.39499e-30,1.21395e-28,2.38779e-31,5.24967e-30,5.44303e-30
1.14382e-37,2.74695e-36,4.76174e-39,1.13264e-37,1.13271e-37,1.90046e-34,4.37443e-33,8.24037e-36,1.88228e-34,1.88230e-34,3.26792e-32,7.45238e-31,1.42905e-33,3.23779e-32,3.23781e-32,5.44303e-30,1.22442e-28,2.40964e-31,5.39499e-30,5.39502e-30
1.13271e-37,2.72075e-36,4.71476e-39,1.14382e-37,1.09925e-37,1.88230e-34,4.33350e-33,8.16025e-36,1.90046e-34,1.82765e-34,3.23781e-32,7.38545e-31,1.41559e-33,3.26792e-32,3.14697e-32,5.39502e-30,1.21395e-28,2.38780e-31,5.44303e-30,5.24973e-30
1.09925e-37,2.64173e-36,4.57338e-39,1.13271e-37,1.04328e-37,1.82765e-34,4.21007e-33,7.91931e-36,1.88230e-34,1.73611e-34,3.14697e-32,7.18312e-31,1.37504e-33,3.23781e-32,2.99409e-32,5.24973e-30,1.18220e-28,2.32183e-31,5.39502e-30,5.00387e-30
1.04328e-37,2.50926e-36,4.33743e-39,1.09925e-37,9.64776e-38,1.73611e-34,4.00274e-33,7.51667e-36,1.82765e-34,1.60735e-34,2.99409e-32,6.84142e-31,1.30699e-33,3.14697e-32,2.77771e-32,5.00387e-30,1.12824e-28,2.21061e-31,5.24973e-30,4.65340e-30
9.64776e-38,2.32281e-36,4.00739e-39,1.04328e-37,8.64016e-38,1.60735e-34,3.71006e-33,6.95219e-36,1.73611e-34,1.44159e-34,2.77771e-32,6.35561e-31,1.21107e-33,2.99409e-32,2.49721e-32,4.65340e-30,1.05089e-28,2.05283e-31,5.00387e-30,4.19539e-30
8.64016e-38,2.08260e-36,3.58520e-39,9.64776e-38,7.41922e-38,1.44159e-34,3.33169e-33,6.22821e-36,1.60735e-34,1.24011e-34,2.49721e-32,5.72254e-31,1.08729e-33,2.77771e-32,2.15392e-32,4.19539e-30,9.49172e-29,1.84779e-31,4.65340e-30,3.63037e-30
7.41922e-38,1.79039e-36,3.07539e-39,8.64016e-38,6.00276e-38,1.24011e-34,2.86976e-33,5.35153e-36,1.44159e-34,1.00566e-34,2.15392e-32,4.94360e-31,9.36509e-34,2.49721e-32,1.75223e-32,3.63037e-30,8.22870e-29,1.59628e-31,4.19539e-30,2.96451e-30
6.00276e-38,1.45014e-36,2.48584e-39,7.41922e-38,4.41881e-38,1.00566e-34,2.33007e-33,4.33508e-36,1.24011e-34,7.42824e-35,1.75223e-32,4.02759e-31,7.60855e-34,2.15392e-32,1.30057e-32,2.96451e-30,6.73131e-29,1.30145e-31,3.63037e-30,2.21138e-30
4.41881e-38,1.06846e-36,1.82843e-39,6.00276e-38,2.70583e-38,7.42824e-35,1.72289e-33,3.19906e-36,1.00566e-34,4.58014e-35,1.30057e-32,2.99324e-31,5.64094e-34,1.75223e-32,8.12180e-33,2.21138e-30,5.02896e-29,9.69484e-32,2.96451e-30,1.39238e-30
2.70583e-38,6.54687e-37,1.11898e-39,4.41881e-38,9.11258e-39,4.58014e-35,1.06322e-33,1.97097e-36,7.42824e-35,1.59830e-35,8.12180e-33,1.87111e-31,3.51946e-34,1.30057e-32,3.09121e-33,1.39238e-30,3.17048e-29,6.09739e-32,2.21138e-30,5.54331e-31
1.11818e-39,2.70404e-38,4.62624e-41,3.76430e-40,1.82729e-39,1.97071e-36,4.57958e-35,8.47213e-38,6.86907e-37,3.19867e-36,3.51916e-34,8.12119e-33,1.52262e-35,1.33806e-34,5.64050e-34,6.09708e-32,1.39232e-30,2.66315e-33,2.42329e-32,9.69439e-32
1.82729e-39,4.41628e-38,7.56404e-41,1.11818e-39,2.48453e-39,3.19867e-36,7.42741e-35,1.37607e-37,1.97071e-36,4.33462e-36,5.64050e-34,1.30048e-32,2.44244e-35,3.51916e-34,7.60802e-34,9.69439e-32,2.21129e-30,4.23870e-33,6.09708e-32,1.30139e-31
2.48453e-39,5.99985e-38,1.02921e-40,1.82729e-39,3.07404e-39,4.33462e-36,1.00556e-34,1.86633e-37,3.19867e-36,5.35103e-36,7.60802e-34,1.75212e-32,3.29775e-35,5.64050e-34,9.36452e-34,1.30139e-31,2.96441e-30,5.69709e-33,9.69439e-32,1.59622e-31
3.07404e-39,7.41623e-38,1.27452e-40,2.48453e-39,3.58393e-39,5.35103e-36,1.24000e-34,2.30620e-37,4.33462e-36,6.22772e-36,9.36452e-34,2.15380e-32,4.06389e-35,7.60802e-34,1.08723e-33,1.59622e-31,3.63025e-30,6.99759e-33,1.30139e-31,1.84774e-31
3.58393e-39,8.63735e-38,1.48731e-40,3.07404e-39,4.00628e-39,6.22772e-36,1.44149e-34,2.68681e-37,5.35103e-36,6.95175e-36,1.08723e-33,2.49710e-32,4.72413e-35,9.36452e-34,1.21102e-33,1.84774e-31,4.19528e-30,8.11228e-33,1.59622e-31,2.05278e-31
4.00628e-39,9.64531e-38,1.66411e-40,3.58393e-39,4.33655e-39,6.95175e-36,1.60726e-34,3.00221e-37,6.22772e-36,7.51632e-36,1.21102e-33,2.77761e-32,5.26841e-35,1.08723e-33,1.30695e-33,2.05278e-31,4.65330e-30,9.02559e-33,1.84774e-31,2.21057e-31
4.33655e-39,1.04309e-37,1.80277e-40,4.00628e-39,4.57277e-39,7.51632e-36,1.73603e-34,3.24895e-37,6.95175e-36,7.91906e-36,1.30695e-33,2.99400e-32,5.69192e-35,1.21102e-33,1.37501e-33,2.21057e-31,5.00379e-30,9.73186e-33,2.05278e-31,2.32180e-31
4.57277e-39,1.09911e-37,1.90220e-40,4.33655e-39,4.71445e-39,7.91906e-36,1.82760e-34,3.42547e-37,7.51632e-36,8.16012e-36,1.37501e-33,3.14691e-32,5.99345e-35,1.30695e-33,1.41558e-33,2.32180e-31,5.24967e-30,1.02319e-32,2.21057e-31,2.38779e-31
4.71445e-39,1.13264e-37,1.96195e-40,4.57277e-39,4.76174e-39,8.16012e-36,1.88228e-34,3.53134e-37,7.91906e-36,8.24037e-36,1.41558e-33,3.23779e-32,6.17364e-35,1.37501e-33,1.42905e-33,2.38779e-31,5.39499e-30,1.05295e-32,2.32180e-31,2.40964e-31
4.76174e-39,1.14382e-37,1.98192e-40,4.71445e-39,4.71476e-39,8.24037e-36,1.90046e-34,3.56663e-37,8.16012e-36,8.16025e-36,1.42905e-33,3.26792e-32,6.23358e-35,1.41558e-33,1.41559e-33,2.40964e-31,5.44303e-30,1.06282e-32,2.38779e-31,2.38780e-31
4.71476e-39,1.13271e-37,1.96209e-40,4.76174e-39,4.57338e-39,8.16025e-36,1.88230e-34,3.53140e-37,8.24037e-36,7.91931e-36,1.41559e-33,3.23781e-32,6.17371e-35,1.42905e-33,1.37504e-33,2.38780e-31,5.39502e-30,1.05296e-32,2.40964e-31,2.32183e-31
4.57338e-39,1.09925e-37,1.90248e-40,4.71476e-39,4.33743e-39,7.91931e-36,1.82765e-34,3.42558e-37,8.16025e-36,7.51667e-36,1.37504e-33,3.14697e-32,5.99358e-35,1.41559e-33,1.30699e-33,2.32183e-31,5.24973e-30,1.02321e-32,2.38780e-31,2.21061e-31
4.33743e-39,1.04328e-37,1.80318e-40,4.57338e-39,4.00739e-39,7.51667e-36,1.73611e-34,3.24912e-37,7.91931e-36,6.95219e-36,1.30699e-33,2.99409e-32,5.69211e-35,1.37504e-33,1.21107e-33,2.21061e-31,5.00387e-30,9.73207e-33,2.32183e-31,2.05283e-31
4.00739e-39,9.64776e-38,1.66462e-40,4.33743e-39,3.58520e-39,6.95219e-36,1.60735e-34,3.00242e-37,7.51667e-36,6.22821e-36,1.21107e-33,2.77771e-32,5.26865e-35,1.30699e-33,1.08729e-33,2.05283e-31,4.65340e-30,9.02585e-33,2.21061e-31,1.84779e-31
3.58520e-39,8.64016e-38,1.48790e-40,4.00739e-39,3.07539e-39,6.22821e-36,1.44159e-34,2.68704e-37,6.95219e-36,5.35153e-36,1.08729e-33,2.49721e-32,4.72440e-35,1.21107e-33,9.36509e-34,1.84779e-31,4.19539e-30,8.11256e-33,2.05283e-31,1.59628e-31
3.07539e-39,7.41922e-38,1.27514e-40,3.58520e-39,2.48584e-39,5.35153e-36,1.24011e-34,2.30643e-37,6.22821e-36,4.33508e-36,9.36509e-34,2.15392e-32,4.06417e-35,1.08729e-33,7.60855e-34,1.59628e-31,3.63037e-30,6.99788e-33,1.84779e-31,1.30145e-31
2.48584e-39,6.00276e-38,1.02982e-40,3.07539e-39,1.82843e-39,4.33508e-36,1.00566e-34,1.86655e-37,5.35153e-36,3.19906e-36,7.60855e-34,1.75223e-32,3.29801e-35,9.36509e-34,5.64094e-34,1.30145e-31,2.96451e-30,5.69736e-33,1.59628e-31,9.69484e-32
1.82843e-39,4.41881e-38,7.56926e-41,2.48584e-39,1.11898e-39,3.19906e-36,7.42824e-35,1.37625e-37,4.33508e-36,1.97097e-36,5.64094e-34,1.30057e-32,2.44265e-35,7.60855e-34,3.51946e-34,9.69484e-32,2.21138e-30,4.23892e-33,1.30145e-31,6.09739e-32
1.11898e-39,2.70583e-38,4.62993e-41,1.82843e-39,3.76733e-40,1.97097e-36,4.58014e-35,8.47333e-38,3.19906e-36,6.87006e-37,3.51946e-34,8.12180e-33,1.52276e-35,5.64094e-34,1.33818e-34,6.09739e-32,1.39238e-30,2.66330e-33,9.69484e-32,2.42342e-32
4.62624e-41,1.11818e-39,1.91488e-42,1.55697e-41,7.56404e-41,8.47213e-38,1.97071e-36,3.63880e-39,2.94986e-38,1.37607e-37,1.52262e-35,3.51916e-34,6.57855e-37,5.78399e-36,2.44244e-35,2.66315e-33,6.09708e-32,1.16057e-34,1.05688e-33,4.23870e-33
7.56404e-41,1.82729e-39,3.13236e-42,4.62624e-41,1.02921e-40,1.37607e-37,3.19867e-36,5.91398e-39,8.47213e-38,1.86633e-37,2.44244e-35,5.64050e-34,1.05604e-36,1.52262e-35,3.29775e-35,4.23870e-33,9.69439e-32,1.84886e-34,2.66315e-33,5.69709e-33
1.02921e-40,2.48453e-39,4.26486e-42,7.56404e-41,1.27452e-40,1.86633e-37,4.33462e-36,8.02702e-39,1.37607e-37,2.30620e-37,3.29775e-35,7.60802e-34,1.42714e-36,2.44244e-35,4.06389e-35,5.69709e-33,1.30139e-31,2.48770e-34,4.23870e-33,6.99759e-33
1.27452e-40,3.07404e-39,5.28546e-42,1.02921e-40,1.48731e-40,2.30620e-37,5.35103e-36,9.92749e-39,1.86633e-37,2.68681e-37,4.06389e-35,9.36452e-34,1.76055e-36,3.29775e-35,4.72413e-35,6.99759e-33,1.59622e-31,3.05943e-34,5.69709e-33,8.11228e-33
1.48731e-40,3.58393e-39,6.17305e-42,1.27452e-40,1.66411e-40,2.68681e-37,6.22772e-36,1.15766e-38,2.30620e-37,3.00221e-37,4.72413e-35,1.08723e-33,2.04886e-36,4.06389e-35,5.26841e-35,8.11228e-33,1.84774e-31,3.55152e-34,6.99759e-33,9.02559e-33
1.66411e-40,4.00628e-39,6.91249e-42,1.48731e-40,1.80277e-40,3.00221e-37,6.95175e-36,1.29472e-38,2.68681e-37,3.24895e-37,5.26841e-35,1.21102e-33,2.28740e-36,4.72413e-35,5.69192e-35,9.02559e-33,2.05278e-31,3.95650e-34,8.11228e-33,9.73186e-33
1.80277e-40,4.33655e-39,7.49395e-42,1.66411e-40,1.90220e-40,3.24895e-37,7.51632e-36,1.40225e-38,3.00221e-37,3.42547e-37,5.69192e-35,1.30695e-33,2.47367e-36,5.26841e-35,5.99345e-35,9.73186e-33,2.21057e-31,4.27103e-34,9.02559e-33,1.02319e-32
1.90220e-40,4.57277e-39,7.91183e-42,1.80277e-40,1.96195e-40,3.42547e-37,7.91906e-36,1.47937e-38,3.24895e-37,3.53134e-37,5.99345e-35,1.37501e-33,2.60670e-36,5.69192e-35,6.17364e-35,1.02319e-32,2.32180e-31,4.49456e-34,9.73186e-33,1.05295e-32
1.96195e-40,4.71445e-39,8.16339e-42,1.90220e-40,1.98192e-40,3.53134e-37,8.16012e-36,1.52571e-38,3.42547e-37,3.56663e-37,6.17364e-35,1.41558e-33,2.68639e-36,5.99345e-35,6.23358e-35,1.05295e-32,2.38779e-31,4.62796e-34,1.02319e-32,1.06282e-32
1.98192e-40,4.76174e-39,8.24756e-42,1.96195e-40,1.96209e-40,3.56663e-37,8.24037e-36,1.54117e-38,3.53134e-37,3.53140e-37,6.23358e-35,1.42905e-33,2.71292e-36,6.17364e-35,6.17371e-35,1.06282e-32,2.40964e-31,4.67229e-34,1.05295e-32,1.05296e-32
1.96209e-40,4.71476e-39,8.16408e-42,1.98192e-40,1.90248e-40,3.53140e-37,8.16025e-36,1.52574e-38,3.56663e-37,3.42558e-37,6.17371e-35,1.41559e-33,2.68642e-36,6.23358e-35,5.99358e-35,1.05296e-32,2.38780e-31,4.62800e-34,1.06282e-32,1.02321e-32
1.90248e-40,4.57338e-39,7.91317e-42,1.96209e-40,1.80318e-40,3.42558e-37,7.91931e-36,1.47943e-38,3.53140e-37,3.24912e-37,5.99358e-35,1.37504e-33,2.60677e-36,6.17371e-35,5.69211e-35,1.02321e-32,2.32183e-31,4.49464e-34,1.05296e-32,9.73207e-33
1.80318e-40,4.33743e-39,7.49587e-42,1.90248e-40,1.66462e-40,3.24912e-37,7.51667e-36,1.40233e-38,3.42558e-37,3.00242e-37,5.69211e-35,1.30699e-33,2.47377e-36,5.99358e-35,5.26865e-35,9.73207e-33,2.21061e-31,4.27113e-34,1.02321e-32,9.02585e-33
1.66462e-40,4.00739e-39,6.91489e-42,1.80318e-40,1.48790e-40,3.00242e-37,6.95219e-36,1.29482e-38,3.24912e-37,2.68704e-37,5.26865e-35,1.21107e-33,2.28751e-36,5.69211e-35,4.72440e-35,9.02585e-33,2.05283e-31,3.95663e-34,9.73207e-33,8.11256e-33
1.48790e-40,3.58520e-39,6.17579e-42,1.66462e-40,1.27514e-40,2.68704e-37,6.22821e-36,1.15777e-38,3.00242e-37,2.30643e-37,4.72440e-35,1.08729e-33,2.04898e-36,5.26865e-35,4.06417e-35,8.11256e-33,1.84779e-31,3.55166e-34,9.02585e-33,6.99788e-33
1.27514e-40,3.07539e-39,5.28834e-42,1.48790e-40,1.02982e-40,2.30643e-37,5.35153e-36,9.92857e-39,2.68704e-37,1.86655e-37,4.06417e-35,9.36509e-34,1.76068e-36,4.72440e-35,3.29801e-35,6.99788e-33,1.59628e-31,3.05958e-34,8.11256e-33,5.69736e-33
1.02982e-40,2.48584e-39,4.26766e-42,1.27514e-40,7.56926e-41,1.86655e-37,4.33508e-36,8.02802e-39,2.30643e-37,1.37625e-37,3.29801e-35,7.60855e-34,1.42726e-36,4.06417e-35,2.44265e-35,5.69736e-33,1.30145e-31,2.48784e-34,6.99788e-33,4.23892e-33
7.56926e-41,1.82843e-39,3.13477e-42,1.02982e-40,4.62993e-41,1.37625e-37,3.19906e-36,5.91480e-39,1.86655e-37,8.47333e-38,2.44265e-35,5.64094e-34,1.05614e-36,3.29801e-35,1.52276e-35,4.23892e-33,9.69484e-32,1.84896e-34,5.69736e-33,2.66330e-33
4.62993e-41,1.11898e-39,1.91659e-42,7.56926e-41,1.55836e-41,8.47333e-38,1.97097e-36,3.63935e-39,1.37625e-37,2.95031e-38,1.52276e-35,3.51946e-34,6.57921e-37,2.44265e-35,5.78456e-36,2.66330e-33,6.09739e-32,1.16065e-34,4.23892e-33,1.05695e-33
1.91488e-42,4.62624e-41,7.92913e-44,6.44296e-43,3.13236e-42,3.63880e-39,8.47213e-38,1.56150e-40,1.26570e-39,5.91398e-39,6.57855e-37,1.52262e-35,2.83857e-38,2.49689e-37,1.05604e-36,1.16057e-34,2.66315e-33,5.04723e-36,4.59958e-35,1.84886e-34
3.13236e-42,7.56404e-41,1.29759e-43,1.91488e-42,4.26486e-42,5.91398e-39,1.37607e-37,2.53927e-40,3.63880e-39,8.02702e-39,1.05604e-36,2.44244e-35,4.55968e-38,6.57855e-37,1.42714e-36,1.84886e-34,4.23870e-33,8.04701e-36,1.16057e-34,2.48770e-34
4.26486e-42,1.02921e-40,1.76777e-43,3.13236e-42,5.28546e-42,8.02702e-39,1.86633e-37,3.44887e-40,5.91398e-39,9.92749e-39,1.42714e-36,3.29775e-35,6.16702e-38,1.05604e-36,1.76055e-36,2.48770e-34,5.69709e-33,1.08382e-35,1.84886e-34,3.05943e-34
5.28546e-42,1.27452e-40,2.19232e-43,4.26486e-42,6.17305e-42,9.92749e-39,2.30620e-37,4.26873e-40,8.02702e-39,1.15766e-38,1.76055e-36,4.06389e-35,7.61486e-38,1.42714e-36,2.04886e-36,3.05943e-34,6.99759e-33,1.33440e-35,2.48770e-34,3.55152e-34
6.17305e-42,1.48731e-40,2.56239e-43,5.28546e-42,6.91249e-42,1.15766e-38,2.68681e-37,4.98193e-40,9.92749e-39,1.29472e-38,2.04886e-36,4.72413e-35,8.87071e-38,1.76055e-36,2.28740e-36,3.55152e-34,8.11228e-33,1.55088e-35,3.05943e-34,3.95650e-34
6.91249e-42,1.66411e-40,2.87142e-43,6.17305e-42,7.49395e-42,1.29472e-38,3.00221e-37,5.57625e-40,1.15766e-38,1.40225e-38,2.28740e-36,5.26841e-35,9.91314e-38,2.04886e-36,2.47367e-36,3.95650e-34,9.02559e-33,1.72973e-35,3.55152e-34,4.27103e-34
7.49395e-42,1.80277e-40,3.11499e-43,6.91249e-42,7.91183e-42,1.40225e-38,3.24895e-37,6.04370e-40,1.29472e-38,1.47937e-38,2.47367e-36,5.69192e-35,1.07297e-37,2.28740e-36,2.60670e-36,4.27103e-34,9.73186e-33,1.86917e-35,3.95650e-34,4.49456e-34
7.91183e-42,1.90220e-40,3.29039e-43,7.49395e-42,8.16339e-42,1.47937e-38,3.42547e-37,6.37969e-40,1.40225e-38,1.52571e-38,2.60670e-36,5.99345e-35,1.13144e-37,2.47367e-36,2.68639e-36,4.49456e-34,1.02319e-32,1.96860e-35,4.27103e-34,4.62796e-34
8.16339e-42,1.96195e-40,3.39614e-43,7.91183e-42,8.24756e-42,1.52571e-38,3.53134e-37,6.58190e-40,1.47937e-38,1.54117e-38,2.68639e-36,6.17364e-35,1.16654e-37,2.60670e-36,2.71292e-36,4.62796e-34,1.05295e-32,2.02808e-35,4.49456e-34,4.67229e-34
8.24756e-42,1.98192e-40,3.43157e-43,8.16339e-42,8.16408e-42,1.54117e-38,3.56663e-37,6.64943e-40,1.52571e-38,1.52574e-38,2.71292e-36,6.23358e-35,1.17824e-37,2.68639e-36,2.68642e-36,4.67229e-34,1.06282e-32,2.04788e-35,4.62796e-34,4.62800e-34
8.16408e-42,1.96209e-40,3.39647e-43,8.24756e-42,7.91317e-42,1.52574e-38,3.53140e-37,6.58203e-40,1.54117e-38,1.47943e-38,2.68642e-36,6.17371e-35,1.16655e-37,2.71292e-36,2.60677e-36,4.62800e-34,1.05296e-32,2.02810e-35,4.67229e-34,4.49464e-34
7.91317e-42,1.90248e-40,3.29103e-43,8.16408e-42,7.49587e-42,1.47943e-38,3.42558e-37,6.37994e-40,1.52574e-38,1.40233e-38,2.60677e-36,5.99358e-35,1.13147e-37,2.68642e-36,2.47377e-36,4.49464e-34,1.02321e-32,1.96864e-35,4.62800e-34,4.27113e-34
7.49587e-42,1.80318e-40,3.11591e-43,7.91317e-42,6.91489e-42,1.40233e-38,3.24912e-37,6.04406e-40,1.47943e-38,1.29482e-38,2.47377e-36,5.69211e-35,1.07301e-37,2.60677e-36,2.28751e-36,4.27113e-34,9.73207e-33,1.86923e-35,4.49464e-34,3.95663e-34
6.91489e-42,1.66462e-40,2.87256e-43,7.49587e-42,6.17579e-42,1.29482e-38,3.00242e-37,5.57669e-40,1.40233e-38,1.15777e-38,2.28751e-36,5.26865e-35,9.91368e-38,2.47377e-36,2.04898e-36,3.95663e-34,9.02585e-33,1.72980e-35,4.27113e-34,3.55166e-34
6.17579e-42,1.48790e-40,2.56368e-43,6.91489e-42,5.28834e-42,1.15777e-38,2.68704e-37,4.98242e-40,1.29482e-38,9.92857e-39,2.04898e-36,4.72440e-35,8.87131e-38,2.28751e-36,1.76068e-36,3.55166e-34,8.11256e-33,1.55095e-35,3.95663e-34,3.05958e-34
5.28834e-42,1.27514e-40,2.19368e-43,6.17579e-42,4.26766e-42,9.92857e-39,2.30643e-37,4.26923e-40,1.15777e-38,8.02802e-39,1.76068e-36,4.06417e-35,7.61547e-38,2.04898e-36,1.42726e-36,3.05958e-34,6.99788e-33,1.33447e-35,3.55166e-34,2.48784e-34
4.26766e-42,1.02982e-40,1.76909e-43,5.28834e-42,3.13477e-42,8.02802e-39,1.86655e-37,3.44933e-40,9.92857e-39,5.91480e-39,1.42726e-36,3.29801e-35,6.16758e-38,1.76068e-36,1.05614e-36,2.48784e-34,5.69736e-33,1.08388e-35,3.05958e-34,1.84896e-34
3.13477e-42,7.56926e-41,1.29873e-43,4.26766e-42,1.91659e-42,5.91480e-39,1.37625e-37,2.53965e-40,8.02802e-39,3.63935e-39,1.05614e-36,2.44265e-35,4.56015e-38,1.42726e-36,6.57921e-37,1.84896e-34,4.23892e-33,8.04753e-36,2.48784e-34,1.16065e-34
1.91659e-42,4.62993e-41,7.93714e-44,3.13477e-42,6.44939e-43,3.63935e-39,8.47333e-38,1.56175e-40,5.91480e-39,1.26591e-39,6.57921e-37,1.52276e-35,2.83888e-38,1.05614e-36,2.49716e-37,1.16065e-34,2.66330e-33,5.04759e-36,1.84896e-34,4.59990e-35
7.92913e-44,1.91488e-42,3.28444e-45,2.66730e-44,1.29759e-43,1.56150e-40,3.63880e-39,6.69514e-42,5.42628e-41,2.53927e-40,2.83857e-38,6.57855e-37,1.22332e-39,1.07655e-38,4.55968e-38,5.04723e-36,1.16057e-34,2.19088e-37,1.99788e-36,8.04701e-36
1.29759e-43,3.13236e-42,5.37699e-45,7.92913e-44,1.76777e-43,2.53927e-40,5.91398e-39,1.08931e-41,1.56150e-40,3.44887e-40,4.55968e-38,1.05604e-36,1.96622e-39,2.83857e-38,6.16702e-38,8.04701e-36,1.84886e-34,3.49554e-37,5.04723e-36,1.08382e-35
1.76777e-43,4.26486e-42,7.32913e-45,1.29759e-43,2.19232e-43,3.44887e-40,8.02702e-39,1.48041e-41,2.53927e-40,4.26873e-40,6.16702e-38,1.42714e-36,2.66127e-39,4.55968e-38,7.61486e-38,1.08382e-35,2.48770e-34,4.71211e-37,8.04701e-36,1.33440e-35
2.19232e-43,5.28546e-42,9.09495e-45,1.76777e-43,2.56239e-43,4.26873e-40,9.92749e-39,1.83360e-41,3.44887e-40,4.98193e-40,7.61486e-38,1.76055e-36,3.28881e-39,6.16702e-38,8.87071e-38,1.33440e-35,3.05943e-34,5.80742e-37,1.08382e-35,1.55088e-35
2.56239e-43,6.17305e-42,1.06373e-44,2.19232e-43,2.87142e-43,4.98193e-40,1.15766e-38,2.14152e-41,4.26873e-40,5.57625e-40,8.87071e-38,2.04886e-36,3.83461e-39,7.61486e-38,9.91314e-38,1.55088e-35,3.55152e-34,6.75675e-37,1.33440e-35,1.72973e-35
2.87142e-43,6.91249e-42,1.19280e-44,2.56239e-43,3.11499e-43,5.57625e-40,1.29472e-38,2.39871e-41,4.98193e-40,6.04370e-40,9.91314e-38,2.28740e-36,4.28896e-39,8.87071e-38,1.07297e-37,1.72973e-35,3.95650e-34,7.54383e-37,1.55088e-35,1.86917e-35
3.11499e-43,7.49395e-42,1.29473e-44,2.87142e-43,3.29039e-43,6.04370e-40,1.40225e-38,2.60146e-41,5.57625e-40,6.37969e-40,1.07297e-37,2.47367e-36,4.64583e-39,9.91314e-38,1.13144e-37,1.86917e-35,4.27103e-34,8.15951e-37,1.72973e-35,1.96860e-35
3.29039e-43,7.91183e-42,1.36827e-44,3.11499e-43,3.39614e-43,6.37969e-40,1.47937e-38,2.74746e-41,6.04370e-40,6.58190e-40,1.13144e-37,2.60670e-36,4.90200e-39,1.07297e-37,1.16654e-37,1.96860e-35,4.49456e-34,8.59980e-37,1.86917e-35,2.02808e-35
3.39614e-43,8.16339e-42,1.41267e-44,3.29039e-43,3.43157e-43,6.58190e-40,1.52571e-38,2.83545e-41,6.37969e-40,6.64943e-40,1.16654e-37,2.68639e-36,5.05602e-39,1.13144e-37,1.17824e-37,2.02808e-35,4.62796e-34,8.86377e-37,1.96860e-35,2.04788e-35
3.43157e-43,8.24756e-42,1.42756e-44,3.39614e-43,3.39647e-43,6.64943e-40,1.54117e-38,2.86486e-41,6.58190e-40,6.58203e-40,1.17824e-37,2.71292e-36,5.10741e-39,1.16654e-37,1.16655e-37,2.04788e-35,4.67229e-34,8.95171e-37,2.02808e-35,2.02810e-35
3.39647e-43,8.16408e-42,1.41282e-44,3.43157e-43,3.29103e-43,6.58203e-40,1.52574e-38,2.83551e-41,6.64943e-40,6.37994e-40,1.16655e-37,2.68642e-36,5.05609e-39,1.17824e-37,1.13147e-37,2.02810e-35,4.62800e-34,8.86386e-37,2.04788e-35,1.96864e-35
3.29103e-43,7.91317e-42,1.36858e-44,3.39647e-43,3.11591e-43,6.37994e-40,1.47943e-38,2.74757e-41,6.58203e-40,6.04406e-40,1.13147e-37,2.60677e-36,4.90215e-39,1.16655e-37,1.07301e-37,1.96864e-35,4.49464e-34,8.59997e-37,2.02810e-35,1.86923e-35
3.11591e-43,7.49587e-42,1.29517e-44,3.29103e-43,2.87256e-43,6.04406e-40,1.40233e-38,2.60162e-41,6.37994e-40,5.57669e-40,1.07301e-37,2.47377e-36,4.64604e-39,1.13147e-37,9.91368e-38,1.86923e-35,4.27113e-34,8.15975e-37,1.96864e-35,1.72980e-35
2.87256e-43,6.91489e-42,1.19334e-44,3.11591e-43,2.56368e-43,5.57669e-40,1.29482e-38,2.39891e-41,6.04406e-40,4.98242e-40,9.91368e-38,2.28751e-36,4.28921e-39,1.07301e-37,8.87131e-38,1.72980e-35,3.95663e-34,7.54413e-37,1.86923e-35,1.55095e-35
2.56368e-43,6.17579e-42,1.06435e-44,2.87256e-43,2.19368e-43,4.98242e-40,1.15777e-38,2.14175e-41,5.57669e-40,4.26923e-40,8.87131e-38,2.04898e-36,3.83490e-39,9.91368e-38,7.61547e-38,1.55095e-35,3.55166e-34,6.75709e-37,1.72980e-35,1.33447e-35
2.19368e-43,5.28834e-42,9.10144e-45,2.56368e-43,1.76909e-43,4.26923e-40,9.92857e-39,1.83383e-41,4.98242e-40,3.44933e-40,7.61547e-38,1.76068e-36,3.28910e-39,8.87131e-38,6.16758e-38,1.33447e-35,3.05958e-34,5.80776e-37,1.55095e-35,1.08388e-35
1.76909e-43,4.26766e-42,7.33537e-45,2.19368e-43,1.29873e-43,3.44933e-40,8.02802e-39,1.48062e-41,4.26923e-40,2.53965e-40,6.16758e-38,1.42726e-36,2.66153e-39,7.61547e-38,4.56015e-38,1.08388e-35,2.48784e-34,4.71242e-37,1.33447e-35,8.04753e-36
1.29873e-43,3.13477e-42,5.38236e-45,1.76909e-43,7.93714e-44,2.53965e-40,5.91480e-39,1.08948e-41,3.44933e-40,1.56175e-40,4.56015e-38,1.05614e-36,1.96644e-39,6.16758e-38,2.83888e-38,8.04753e-36,1.84896e-34,3.49579e-37,1.08388e-35,5.04759e-36
7.93714e-44,1.91659e-42,3.28822e-45,1.29873e-43,2.67031e-44,1.56175e-40,3.63935e-39,6.69631e-42,2.53965e-40,5.42724e-41,2.83888e-38,6.57921e-37,1.22347e-39,4.56015e-38,1.07667e-38,5.04759e-36,1.16065e-34,2.19105e-37,8.04753e-36,1.99803e-36
3.28444e-45,7.92913e-44,1.36091e-46,1.10464e-45,5.37699e-45,6.69514e-42,1.56150e-40,2.86834e-43,2.32453e-42,1.08931e-41,1.22332e-39,2.83857e-38,5.26609e-41,4.63621e-40,1.96622e-39,2.19088e-37,5.04723e-36,9.49375e-39,8.66268e-38,3.49554e-37
5.37699e-45,1.29759e-43,2.22872e-46,3.28444e-45,7.32913e-45,1.08931e-41,2.53927e-40,4.66901e-43,6.69514e-42,1.48041e-41,1.96622e-39,4.55968e-38,8.46859e-41,1.22332e-39,2.66127e-39,3.49554e-37,8.04701e-36,1.51571e-38,2.19088e-37,4.71211e-37
7.32913e-45,1.76777e-43,3.03929e-46,5.37699e-45,9.09495e-45,1.48041e-41,3.44887e-40,6.34879e-43,1.08931e-41,1.83360e-41,2.66127e-39,6.16702e-38,1.14696e-40,1.96622e-39,3.28881e-39,4.71211e-37,1.08382e-35,2.04484e-38,3.49554e-37,5.80742e-37
9.09495e-45,2.19232e-43,3.77365e-46,7.32913e-45,1.06373e-44,1.83360e-41,4.26873e-40,7.86834e-43,1.48041e-41,2.14152e-41,3.28881e-39,7.61486e-38,1.41849e-40,2.66127e-39,3.83461e-39,5.80742e-37,1.33440e-35,2.52242e-38,4.71211e-37,6.75675e-37
1.06373e-44,2.56239e-43,4.41621e-46,9.09495e-45,1.19280e-44,2.14152e-41,4.98193e-40,9.19571e-43,1.83360e-41,2.39871e-41,3.83461e-39,8.87071e-38,1.65521e-40,3.28881e-39,4.28896e-39,6.75675e-37,1.55088e-35,2.93756e-38,5.80742e-37,7.54383e-37
1.19280e-44,2.87142e-43,4.95496e-46,1.06373e-44,1.29473e-44,2.39871e-41,5.57625e-40,1.03067e-42,2.14152e-41,2.60146e-41,4.28896e-39,9.91314e-38,1.85276e-40,3.83461e-39,4.64583e-39,7.54383e-37,1.72973e-35,3.28281e-38,6.75675e-37,8.15951e-37
1.29473e-44,3.11499e-43,5.38123e-46,1.19280e-44,1.36827e-44,2.60146e-41,6.04370e-40,1.11842e-42,2.39871e-41,2.74746e-41,4.64583e-39,1.07297e-37,2.00831e-40,4.28896e-39,4.90200e-39,8.15951e-37,1.86917e-35,3.55367e-38,7.54383e-37,8.59980e-37
1.36827e-44,3.29039e-43,5.68921e-46,1.29473e-44,1.41267e-44,2.74746e-41,6.37969e-40,1.18172e-42,2.60146e-41,2.83545e-41,4.90200e-39,1.13144e-37,2.12020e-40,4.64583e-39,5.05602e-39,8.59980e-37,1.96860e-35,3.74786e-38,8.15951e-37,8.86377e-37
1.41267e-44,3.39614e-43,5.87539e-46,1.36827e-44,1.42756e-44,2.83545e-41,6.58190e-40,1.21992e-42,2.74746e-41,2.86486e-41,5.05602e-39,1.16654e-37,2.18757e-40,4.90200e-39,5.10741e-39,8.86377e-37,2.02808e-35,3.86451e-38,8.59980e-37,8.95171e-37
1.42756e-44,3.43157e-43,5.93789e-46,1.41267e-44,1.41282e-44,2.86486e-41,6.64943e-40,1.23269e-42,2.83545e-41,2.83551e-41,5.10741e-39,1.17824e-37,2.21008e-40,5.05602e-39,5.05609e-39,8.95171e-37,2.04788e-35,3.90341e-38,8.86377e-37,8.86386e-37
1.41282e-44,3.39647e-43,5.87615e-46,1.42756e-44,1.36858e-44,2.83551e-41,6.58203e-40,1.21994e-42,2.86486e-41,2.74757e-41,5.05609e-39,1.16655e-37,2.18761e-40,5.10741e-39,4.90215e-39,8.86386e-37,2.02810e-35,3.86456e-38,8.95171e-37,8.59997e-37
1.36858e-44,3.29103e-43,5.69070e-46,1.41282e-44,1.29517e-44,2.74757e-41,6.37994e-40,1.18177e-42,2.83551e-41,2.60162e-41,4.90215e-39,1.13147e-37,2.12027e-40,5.05609e-39,4.64604e-39,8.59997e-37,1.96864e-35,3.74795e-38,8.86386e-37,8.15975e-37
1.29517e-44,3.11591e-43,5.38334e-46,1.36858e-44,1.19334e-44,2.60162e-41,6.04406e-40,1.11850e-42,2.74757e-41,2.39891e-41,4.64604e-39,1.07301e-37,2.00841e-40,4.90215e-39,4.28921e-39,8.15975e-37,1.86923e-35,3.55378e-38,8.59997e-37,7.54413e-37
1.19334e-44,2.87256e-43,4.95759e-46,1.29517e-44,1.06435e-44,2.39891e-41,5.57669e-40,1.03076e-42,2.60162e-41,2.14175e-41,4.28921e-39,9.91368e-38,1.85288e-40,4.64604e-39,3.83490e-39,7.54413e-37,1.72980e-35,3.28295e-38,8.15975e-37,6.75709e-37
1.06435e-44,2.56368e-43,4.41918e-46,1.19334e-44,9.10144e-45,2.14175e-41,4.98242e-40,9.19676e-43,2.39891e-41,1.83383e-41,3.83490e-39,8.87131e-38,1.65534e-40,4.28921e-39,3.28910e-39,6.75709e-37,1.55095e-35,2.93772e-38,7.54413e-37,5.80776e-37
9.10144e-45,2.19368e-43,3.77674e-46,1.06435e-44,7.33537e-45,1.83383e-41,4.26923e-40,7.86941e-43,2.14175e-41,1.48062e-41,3.28910e-39,7.61547e-38,1.41862e-40,3.83490e-39,2.66153e-39,5.80776e-37,1.33447e-35,2.52259e-38,6.75709e-37,4.71242e-37
7.33537e-45,1.76909e-43,3.04226e-46,9.10144e-45,5.38236e-45,1.48062e-41,3.44933e-40,6.34978e-43,1.83383e-41,1.08948e-41,2.66153e-39,6.16758e-38,1.14709e-40,3.28910e-39,1.96644e-39,4.71242e-37,1.08388e-35,2.04499e-38,5.80776e-37,3.49579e-37
5.38236e-45,1.29873e-43,2.23127e-46,7.33537e-45,3.28822e-45,1.08948e-41,2.53965e-40,4.66982e-43,1.48062e-41,6.69631e-42,1.96644e-39,4.56015e-38,8.46960e-41,2.66153e-39,1.22347e-39,3.49579e-37,8.04753e-36,1.51584e-38,4.71242e-37,2.19105e-37
3.28822e-45,7.93714e-44,1.36270e-46,5.38236e-45,1.10606e-45,6.69631e-42,1.56175e-40,2.86888e-43,1.08948e-41,2.32497e-42,1.22347e-39,2.83888e-38,5.26676e-41,1.96644e-39,4.63680e-40,2.19105e-37,5.04759e-36,9.49456e-39,3.49579e-37,8.66341e-38
1.36091e-46,3.28444e-45,5.64049e-48,4.57625e-47,2.22872e-46,2.86834e-43,6.69514e-42,1.22792e-44,9.95044e-44,4.66901e-43,5.26609e-41,1.22332e-39,2.26450e-42,1.99445e-41,8.46859e-41,9.49375e-39,2.19088e-37,4.10747e-40,3.75002e-39,1.51571e-38
2.22872e-46,5.37699e-45,9.24006e-48,1.36091e-46,3.03929e-46,4.66901e-43,1.08931e-41,1.99962e-44,2.86834e-43,6.34879e-43,8.46859e-41,1.96622e-39,3.64338e-42,5.26609e-41,1.14696e-40,1.51571e-38,3.49554e-37,6.56159e-40,9.49375e-39,2.04484e-38
3.03929e-46,7.32913e-45,1.26059e-47,2.22872e-46,3.77365e-46,6.34879e-43,1.48041e-41,2.72036e-44,4.66901e-43,7.86834e-43,1.14696e-40,2.66127e-39,4.93737e-42,8.46859e-41,1.41849e-40,2.04484e-38,4.71211e-37,8.85842e-40,1.51571e-38,2.52242e-38
3.77365e-46,9.09495e-45,1.56595e-47,3.03929e-46,4.41621e-46,7.86834e-43,1.83360e-41,3.37333e-44,6.34879e-43,9.19571e-43,1.41849e-40,3.28881e-39,6.11030e-42,1.14696e-40,1.65521e-40,2.52242e-38,5.80742e-37,1.09361e-39,2.04484e-38,2.93756e-38
4.41621e-46,1.06373e-44,1.83357e-47,3.77365e-46,4.95496e-46,9.19571e-43,2.14152e-41,3.94471e-44,7.86834e-43,1.03067e-42,1.65521e-40,3.83461e-39,7.13506e-42,1.41849e-40,1.85276e-40,2.93756e-38,6.75675e-37,1.27469e-39,2.52242e-38,3.28281e-38
4.95496e-46,1.19280e-44,2.05833e-47,4.41621e-46,5.38123e-46,1.03067e-42,2.39871e-41,4.42381e-44,9.19571e-43,1.11842e-42,1.85276e-40,4.28896e-39,7.99218e-42,1.65521e-40,2.00831e-40,3.28281e-38,7.54383e-37,1.42568e-39,2.93756e-38,3.55367e-38
5.38123e-46,1.29473e-44,2.23646e-47,4.95496e-46,5.68921e-46,1.11842e-42,2.60146e-41,4.80289e-44,1.03067e-42,1.18172e-42,2.00831e-40,4.64583e-39,8.66850e-42,1.85276e-40,2.12020e-40,3.55367e-38,8.15951e-37,1.54446e-39,3.28281e-38,3.74786e-38
5.68921e-46,1.36827e-44,2.36533e-47,5.38123e-46,5.87539e-46,1.18172e-42,2.74746e-41,5.07674e-44,1.11842e-42,1.21992e-42,2.12020e-40,4.90200e-39,9.15588e-42,2.00831e-40,2.18757e-40,3.74786e-38,8.59980e-37,1.62980e-39,3.55367e-38,3.86451e-38
5.87539e-46,1.41267e-44,2.44332e-47,5.68921e-46,5.93789e-46,1.21992e-42,2.83545e-41,5.24219e-44,1.18172e-42,1.23269e-42,2.18757e-40,5.05602e-39,9.44976e-42,2.12020e-40,2.21008e-40,3.86451e-38,8.86377e-37,1.68116e-39,3.74786e-38,3.90341e-38
5.93789e-46,1.42756e-44,2.46954e-47,5.87539e-46,5.87615e-46,1.23269e-42,2.86486e-41,5.29755e-44,1.21992e-42,1.21994e-42,2.21008e-40,5.10741e-39,9.54799e-42,2.18757e-40,2.18761e-40,3.90341e-38,8.95171e-37,1.69830e-39,3.86451e-38,3.86456e-38
5.87615e-46,1.41282e-44,2.44369e-47,5.93789e-46,5.69070e-46,1.21994e-42,2.83551e-41,5.24232e-44,1.23269e-42,1.18177e-42,2.18761e-40,5.05609e-39,9.44993e-42,2.21008e-40,2.12027e-40,3.86456e-38,8.86386e-37,1.68118e-39,3.90341e-38,3.74795e-38
5.69070e-46,1.36858e-44,2.36605e-47,5.87615e-46,5.38334e-46,1.18177e-42,2.74757e-41,5.07700e-44,1.21994e-42,1.11850e-42,2.12027e-40,4.90215e-39,9.15620e-42,2.18761e-40,2.00841e-40,3.74795e-38,8.59997e-37,1.62984e-39,3.86456e-38,3.55378e-38
5.38334e-46,1.29517e-44,2.23747e-47,5.69070e-46,4.95759e-46,1.11850e-42,2.60162e-41,4.80325e-44,1.18177e-42,1.03076e-42,2.00841e-40,4.64604e-39,8.66895e-42,2.12027e-40,1.85288e-40,3.55378e-38,8.15975e-37,1.54451e-39,3.74795e-38,3.28295e-38
4.95759e-46,1.19334e-44,2.05959e-47,5.38334e-46,4.41918e-46,1.03076e-42,2.39891e-41,4.42425e-44,1.11850e-42,9.19676e-43,1.85288e-40,4.28921e-39,7.99273e-42,2.00841e-40,1.65534e-40,3.28295e-38,7.54413e-37,1.42575e-39,3.55378e-38,2.93772e-38
4.41918e-46,1.06435e-44,1.83499e-47,4.95759e-46,3.77674e-46,9.19676e-43,2.14175e-41,3.94520e-44,1.03076e-42,7.86941e-43,1.65534e-40,3.83490e-39,7.13568e-42,1.85288e-40,1.41862e-40,2.93772e-38,6.75709e-37,1.27476e-39,3.28295e-38,2.52259e-38
3.77674e-46,9.10144e-45,1.56743e-47,4.41918e-46,3.04226e-46,7.86941e-43,1.83383e-41,3.37383e-44,9.19676e-43,6.34978e-43,1.41862e-40,3.28910e-39,6.11092e-42,1.65534e-40,1.14709e-40,2.52259e-38,5.80776e-37,1.09369e-39,2.93772e-38,2.04499e-38
3.04226e-46,7.33537e-45,1.26200e-47,3.77674e-46,2.23127e-46,6.34978e-43,1.48062e-41,2.72082e-44,7.86941e-43,4.66982e-43,1.14709e-40,2.66153e-39,4.93794e-42,1.41862e-40,8.46960e-41,2.04499e-38,4.71242e-37,8.85912e-40,2.52259e-38,1.51584e-38
2.23127e-46,5.38236e-45,9.25215e-48,3.04226e-46,1.36270e-46,4.66982e-43,1.08948e-41,2.00000e-44,6.34978e-43,2.86888e-43,8.46960e-41,1.96644e-39,3.64384e-42,1.14709e-40,5.26676e-41,1.51584e-38,3.49579e-37,6.56216e-40,2.04499e-38,9.49456e-39
1.36270e-46,3.28822e-45,5.64894e-48,2.23127e-46,4.58294e-47,2.86888e-43,6.69631e-42,1.22817e-44,4.66982e-43,9.95250e-44,5.26676e-41,1.22347e-39,2.26481e-42,8.46960e-41,1.99472e-41,9.49456e-39,2.19105e-37,4.10785e-40,1.51584e-38,3.75037e-39
5.64049e-48,1.36091e-46,2.33834e-49,1.89638e-48,9.24006e-48,1.22792e-44,2.86834e-43,5.25280e-46,4.25635e-45,1.99962e-44,2.26450e-42,5.26609e-41,9.72794e-44,8.57118e-43,3.64338e-42,4.10747e-40,9.49375e-39,1.77452e-41,1.62095e-40,6.56159e-40
9.24006e-48,2.22872e-46,3.83163e-49,5.64049e-48,1.26059e-47,1.99962e-44,4.66901e-43,8.55731e-46,1.22792e-44,2.72036e-44,3.64338e-42,8.46859e-41,1.56582e-43,2.26450e-42,4.93737e-42,6.56159e-40,1.51571e-38,2.83625e-41,4.10747e-40,8.85842e-40
1.26059e-47,3.03929e-46,5.22932e-49,9.24006e-48,1.56595e-47,2.72036e-44,6.34879e-43,1.16468e-45,1.99962e-44,3.37333e-44,4.93737e-42,1.14696e-40,2.12305e-43,3.64338e-42,6.11030e-42,8.85842e-40,2.04484e-38,3.83147e-41,6.56159e-40,1.09361e-39
1.56595e-47,3.77365e-46,6.49896e-49,1.26059e-47,1.83357e-47,3.37333e-44,7.86834e-43,1.44495e-45,2.72036e-44,3.94471e-44,6.11030e-42,1.41849e-40,2.62898e-43,4.93737e-42,7.13506e-42,1.09361e-39,2.52242e-38,4.73354e-41,8.85842e-40,1.27469e-39
1.83357e-47,4.41621e-46,7.61327e-49,1.56595e-47,2.05833e-47,3.94471e-44,9.19571e-43,1.69058e-45,3.37333e-44,4.42381e-44,7.13506e-42,1.65521e-40,3.07183e-43,6.11030e-42,7.99218e-42,1.27469e-39,2.93756e-38,5.52150e-41,1.09361e-39,1.42568e-39
2.05833e-47,4.95496e-46,8.55052e-49,1.83357e-47,2.23646e-47,4.42381e-44,1.03067e-42,1.89688e-45,3.94471e-44,4.80289e-44,7.99218e-42,1.85276e-40,3.44297e-43,7.13506e-42,8.66850e-42,1.42568e-39,3.28281e-38,6.18015e-41,1.27469e-39,1.54446e-39
2.23646e-47,5.38123e-46,9.29434e-49,2.05833e-47,2.36533e-47,4.80289e-44,1.11842e-42,2.06035e-45,4.42381e-44,5.07674e-44,8.66850e-42,2.00831e-40,3.73637e-43,7.99218e-42,9.15588e-42,1.54446e-39,3.55367e-38,6.69944e-41,1.42568e-39,1.62980e-39
2.36533e-47,5.68921e-46,9.83320e-49,2.23646e-47,2.44332e-47,5.07674e-44,1.18172e-42,2.17861e-45,4.80289e-44,5.24219e-44,9.15588e-42,2.12020e-40,3.94815e-43,8.66850e-42,9.44976e-42,1.62980e-39,3.74786e-38,7.07334e-41,1.54446e-39,1.68116e-39
2.44332e-47,5.87539e-46,1.01596e-48,2.36533e-47,2.46954e-47,5.24219e-44,1.21992e-42,2.25012e-45,5.07674e-44,5.29755e-44,9.44976e-42,2.18757e-40,4.07601e-43,9.15588e-42,9.54799e-42,1.68116e-39,3.86451e-38,7.29864e-41,1.62980e-39,1.69830e-39
2.46954e-47,5.93789e-46,1.02695e-48,2.44332e-47,2.44369e-47,5.29755e-44,1.23269e-42,2.27406e-45,5.24219e-44,5.24232e-44,9.54799e-42,2.21008e-40,4.11877e-43,9.44976e-42,9.44993e-42,1.69830e-39,3.90341e-38,7.37390e-41,1.68116e-39,1.68118e-39
2.44369e-47,5.87615e-46,1.01614e-48,2.46954e-47,2.36605e-47,5.24232e-44,1.21994e-42,2.25018e-45,5.29755e-44,5.07700e-44,9.44993e-42,2.18761e-40,4.07608e-43,9.54799e-42,9.15620e-42,1.68118e-39,3.86456e-38,7.29874e-41,1.69830e-39,1.62984e-39
2.36605e-47,5.69070e-46,9.83660e-49,2.44369e-47,2.23747e-47,5.07700e-44,1.18177e-42,2.17873e-45,5.24232e-44,4.80325e-44,9.15620e-42,2.12027e-40,3.94830e-43,9.44993e-42,8.66895e-42,1.62984e-39,3.74795e-38,7.07353e-41,1.68118e-39,1.54451e-39
2.23747e-47,5.38334e-46,9.29920e-49,2.36605e-47,2.05959e-47,4.80325e-44,1.11850e-42,2.06052e-45,5.07700e-44,4.42425e-44,8.66895e-42,2.00841e-40,3.73658e-43,9.15620e-42,7.99273e-42,1.54451e-39,3.55378e-38,6.69971e-41,1.62984e-39,1.42575e-39
2.05959e-47,4.95759e-46,8.55653e-49,2.23747e-47,1.83499e-47,4.42425e-44,1.03076e-42,1.89708e-45,4.80325e-44,3.94520e-44,7.99273e-42,1.85288e-40,3.44323e-43,8.66895e-42,7.13568e-42,1.42575e-39,3.28295e-38,6.18047e-41,1.54451e-39,1.27476e-39
1.83499e-47,4.41918e-46,7.62003e-49,2.05959e-47,1.56743e-47,3.94520e-44,9.19676e-43,1.69081e-45,4.42425e-44,3.37383e-44,7.13568e-42,1.65534e-40,3.07212e-43,7.99273e-42,6.11092e-42,1.27476e-39,2.93772e-38,5.52185e-41,1.42575e-39,1.09369e-39
1.56743e-47,3.77674e-46,6.50598e-49,1.83499e-47,1.26200e-47,3.37383e-44,7.86941e-43,1.44518e-45,3.94520e-44,2.72082e-44,6.11092e-42,1.41862e-40,2.62926e-43,7.13568e-42,4.93794e-42,1.09369e-39,2.52259e-38,4.73390e-41,1.27476e-39,8.85912e-40
1.26200e-47,3.04226e-46,5.23602e-49,1.56743e-47,9.25215e-48,2.72082e-44,6.34978e-43,1.16489e-45,3.37383e-44,2.00000e-44,4.93794e-42,1.14709e-40,2.12331e-43,6.11092e-42,3.64384e-42,8.85912e-40,2.04499e-38,3.83180e-41,1.09369e-39,6.56216e-40
9.25215e-48,2.23127e-46,3.83735e-49,1.26200e-47,5.64894e-48,2.00000e-44,4.66982e-43,8.55908e-46,2.72082e-44,1.22817e-44,3.64384e-42,8.46960e-41,1.56604e-43,4.93794e-42,2.26481e-42,6.56216e-40,1.51584e-38,2.83652e-41,8.85912e-40,4.10785e-40
5.64894e-48,1.36270e-46,2.34232e-49,9.25215e-48,1.89953e-48,1.22817e-44,2.86888e-43,5.25398e-46,2.00000e-44,4.25731e-45,2.26481e-42,5.26676e-41,9.72938e-44,3.64384e-42,8.57243e-43,4.10785e-40,9.49456e-39,1.77470e-41,6.56216e-40,1.62111e-40
2.33834e-49,5.64049e-48,9.69591e-51,7.86050e-50,3.83163e-49,5.25280e-46,1.22792e-44,2.24547e-47,1.81942e-46,8.55731e-46,9.72794e-44,2.26450e-42,4.17502e-45,3.67994e-44,1.56582e-43,1.77452e-41,4.10747e-40,7.65602e-43,6.99692e-42,2.83625e-41
3.83163e-49,9.24006e-48,1.58918e-50,2.33834e-49,5.22932e-49,8.55731e-46,1.99962e-44,3.65938e-47,5.25280e-46,1.16468e-45,1.56582e-43,3.64338e-42,6.72280e-45,9.72794e-44,2.12305e-43,2.83625e-41,6.56159e-40,1.22426e-42,1.77452e-41,3.83147e-41
5.22932e-49,1.26059e-47,2.16960e-50,3.83163e-49,6.49896e-49,1.16468e-45,2.72036e-44,4.98249e-47,8.55731e-46,1.44495e-45,2.12305e-43,4.93737e-42,9.11952e-45,1.56582e-43,2.62898e-43,3.83147e-41,8.85842e-40,1.65478e-42,2.83625e-41,4.73354e-41
6.49896e-49,1.56595e-47,2.69744e-50,5.22932e-49,7.61327e-49,1.44495e-45,3.37333e-44,6.18424e-47,1.16468e-45,1.69058e-45,2.62898e-43,6.11030e-42,1.12988e-44,2.12305e-43,3.07183e-43,4.73354e-41,1.09361e-39,2.04569e-42,3.83147e-41,5.52150e-41
7.61327e-49,1.83357e-47,3.16129e-50,6.49896e-49,8.55052e-49,1.69058e-45,3.94471e-44,7.23890e-47,1.44495e-45,1.89688e-45,3.07183e-43,7.13506e-42,1.32095e-44,2.62898e-43,3.44297e-43,5.52150e-41,1.27469e-39,2.38785e-42,4.73354e-41,6.18015e-41
8.55052e-49,2.05833e-47,3.55196e-50,7.61327e-49,9.29434e-49,1.89688e-45,4.42381e-44,8.12592e-47,1.69058e-45,2.06035e-45,3.44297e-43,7.99218e-42,1.48137e-44,3.07183e-43,3.73637e-43,6.18015e-41,1.42568e-39,2.67447e-42,5.52150e-41,6.69944e-41
9.29434e-49,2.23646e-47,3.86239e-50,8.55052e-49,9.83320e-49,2.06035e-45,4.80289e-44,8.82978e-47,1.89688e-45,2.17861e-45,3.73637e-43,8.66850e-42,1.60839e-44,3.44297e-43,3.94815e-43,6.69944e-41,1.54446e-39,2.90091e-42,6.18015e-41,7.07334e-41
9.83320e-49,2.36533e-47,4.08754e-50,9.29434e-49,1.01596e-48,2.17861e-45,5.07674e-44,9.33953e-47,2.06035e-45,2.25012e-45,3.94815e-43,9.15588e-42,1.70021e-44,3.73637e-43,4.07601e-43,7.07334e-41,1.62980e-39,3.06423e-42,6.69944e-41,7.29864e-41
1.01596e-48,2.44332e-47,4.22405e-50,9.83320e-49,1.02695e-48,2.25012e-45,5.24219e-44,9.64806e-47,2.17861e-45,2.27406e-45,4.07601e-43,9.44976e-42,1.75571e-44,3.94815e-43,4.11877e-43,7.29864e-41,1.68116e-39,3.16277e-42,7.07334e-41,7.37390e-41
1.02695e-48,2.46954e-47,4.27004e-50,1.01596e-48,1.01614e-48,2.27406e-45,5.29755e-44,9.75142e-47,2.25012e-45,2.25018e-45,4.11877e-43,9.54799e-42,1.77428e-44,4.07601e-43,4.07608e-43,7.37390e-41,1.69830e-39,3.19571e-42,7.29864e-41,7.29874e-41
1.01614e-48,2.44369e-47,4.22489e-50,1.02695e-48,9.83660e-49,2.25018e-45,5.24232e-44,9.64835e-47,2.27406e-45,2.17873e-45,4.07608e-43,9.44993e-42,1.75574e-44,4.11877e-43,3.94830e-43,7.29874e-41,1.68118e-39,3.16282e-42,7.37390e-41,7.07353e-41
9.83660e-49,2.36605e-47,4.08916e-50,1.01614e-48,9.29920e-49,2.17873e-45,5.07700e-44,9.34010e-47,2.25018e-45,2.06052e-45,3.94830e-43,9.15620e-42,1.70028e-44,4.07608e-43,3.73658e-43,7.07353e-41,1.62984e-39,3.06432e-42,7.29874e-41,6.69971e-41
9.29920e-49,2.23747e-47,3.86470e-50,9.83660e-49,8.55653e-49,2.06052e-45,4.80325e-44,8.83058e-47,2.17873e-45,1.89708e-45,3.73658e-43,8.66895e-42,1.60849e-44,3.94830e-43,3.44323e-43,6.69971e-41,1.54451e-39,2.90103e-42,7.07353e-41,6.18047e-41
8.55653e-49,2.05959e-47,3.55480e-50,9.29920e-49,7.62003e-49,1.89708e-45,4.42425e-44,8.12690e-47,2.06052e-45,1.69081e-45,3.44323e-43,7.99273e-42,1.48149e-44,3.73658e-43,3.07212e-43,6.18047e-41,1.42575e-39,2.67462e-42,6.69971e-41,5.52185e-41
7.62003e-49,1.83499e-47,3.16449e-50,8.55653e-49,6.50598e-49,1.69081e-45,3.94520e-44,7.23998e-47,1.89708e-45,1.44518e-45,3.07212e-43,7.13568e-42,1.32109e-44,3.44323e-43,2.62926e-43,5.52185e-41,1.27476e-39,2.38802e-42,6.18047e-41,4.73390e-41
6.50598e-49,1.56743e-47,2.70075e-50,7.62003e-49,5.23602e-49,1.44518e-45,3.37383e-44,6.18534e-47,1.69081e-45,1.16489e-45,2.62926e-43,6.11092e-42,1.13001e-44,3.07212e-43,2.12331e-43,4.73390e-41,1.09369e-39,2.04586e-42,5.52185e-41,3.83180e-41
5.23602e-49,1.26200e-47,2.17276e-50,6.50598e-49,3.83735e-49,1.16489e-45,2.72082e-44,4.98350e-47,1.44518e-45,8.55908e-46,2.12331e-43,4.93794e-42,9.12075e-45,2.62926e-43,1.56604e-43,3.83180e-41,8.85912e-40,1.65493e-42,4.73390e-41,2.83652e-41
3.83735e-49,9.25215e-48,1.59186e-50,5.23602e-49,2.34232e-49,8.55908e-46,2.00000e-44,3.66020e-47,1.16489e-45,5.25398e-46,1.56604e-43,3.64384e-42,6.72380e-45,2.12331e-43,9.72938e-44,2.83652e-41,6.56216e-40,1.22439e-42,3.83180e-41,1.77470e-41
2.34232e-49,5.64894e-48,9.71454e-51,3.83735e-49,7.87530e-50,5.25398e-46,1.22817e-44,2.24602e-47,8.55908e-46,1.81987e-46,9.72938e-44,2.26481e-42,4.17568e-45,1.56604e-43,3.68052e-44,1.77470e-41,4.10785e-40,7.65685e-43,2.83652e-41,6.99767e-42
9.69591e-51,2.33834e-49,4.02114e-52,3.25892e-51,1.58918e-50,2.24547e-47,5.25280e-46,9.59252e-49,7.77216e-48,3.65938e-47,4.17502e-45,9.72794e-44,1.79022e-46,1.57851e-45,6.72280e-45,7.65602e-43,1.77452e-41,3.29900e-44,3.01640e-43,1.22426e-42
1.58918e-50,3.83163e-49,6.59219e-52,9.69591e-51,2.16960e-50,3.65938e-47,8.55731e-46,1.56377e-48,2.24547e-47,4.98249e-47,6.72280e-45,1.56582e-43,2.88372e-46,4.17502e-45,9.11952e-45,1.22426e-42,2.83625e-41,5.27764e-44,7.65602e-43,1.65478e-42
2.16960e-50,5.22932e-49,9.00261e-52,1.58918e-50,2.69744e-50,4.98249e-47,1.16468e-45,2.12992e-48,3.65938e-47,6.18424e-47,9.11952e-45,2.12305e-43,3.91343e-46,6.72280e-45,1.12988e-44,1.65478e-42,3.83147e-41,7.13716e-44,1.22426e-42,2.04569e-42
2.69744e-50,6.49896e-49,1.11968e-51,2.16960e-50,3.16129e-50,6.18424e-47,1.44495e-45,2.64470e-48,4.98249e-47,7.23890e-47,1.12988e-44,2.62898e-43,4.85093e-46,9.11952e-45,1.32095e-44,2.04569e-42,4.73354e-41,8.82830e-44,1.65478e-42,2.38785e-42
3.16129e-50,7.61327e-49,1.31273e-51,2.69744e-50,3.55196e-50,7.23890e-47,1.69058e-45,3.09702e-48,6.18424e-47,8.12592e-47,1.32095e-44,3.07183e-43,5.67415e-46,1.12988e-44,1.48137e-44,2.38785e-42,5.52150e-41,1.03112e-43,2.04569e-42,2.67447e-42
3.55196e-50,8.55052e-49,1.47551e-51,3.16129e-50,3.86239e-50,8.12592e-47,1.89688e-45,3.47792e-48,7.23890e-47,8.82978e-47,1.48137e-44,3.44297e-43,6.36634e-46,1.32095e-44,1.60839e-44,2.67447e-42,6.18015e-41,1.15557e-43,2.38785e-42,2.90091e-42
3.86239e-50,9.29434e-49,1.60500e-51,3.55196e-50,4.08754e-50,8.82978e-47,2.06035e-45,3.78054e-48,8.12592e-47,9.33953e-47,1.60839e-44,3.73637e-43,6.91528e-46,1.48137e-44,1.70021e-44,2.90091e-42,6.69944e-41,1.25407e-43,2.67447e-42,3.06423e-42
4.08754e-50,9.83320e-49,1.69901e-51,3.86239e-50,4.22405e-50,9.33953e-47,2.17861e-45,3.99993e-48,8.82978e-47,9.64806e-47,1.70021e-44,3.94815e-43,7.31257e-46,1.60839e-44,1.75571e-44,3.06423e-42,7.07334e-41,1.32522e-43,2.90091e-42,3.16277e-42
4.22405e-50,1.01596e-48,1.75607e-51,4.08754e-50,4.27004e-50,9.64806e-47,2.25012e-45,4.13281e-48,9.33953e-47,9.75142e-47,1.75571e-44,4.07601e-43,7.55290e-46,1.70021e-44,1.77428e-44,3.16277e-42,7.29864e-41,1.36820e-43,3.06423e-42,3.19571e-42
4.27004e-50,1.02695e-48,1.77531e-51,4.22405e-50,4.22489e-50,9.75142e-47,2.27406e-45,4.17735e-48,9.64806e-47,9.64835e-47,1.77428e-44,4.11877e-43,7.63337e-46,1.75571e-44,1.75574e-44,3.19571e-42,7.37390e-41,1.38258e-43,3.16277e-42,3.16282e-42
4.22489e-50,1.01614e-48,1.75646e-51,4.27004e-50,4.08916e-50,9.64835e-47,2.25018e-45,4.13295e-48,9.75142e-47,9.34010e-47,1.75574e-44,4.07608e-43,7.55307e-46,1.77428e-44,1.70028e-44,3.16282e-42,7.29874e-41,1.36823e-43,3.19571e-42,3.06432e-42
4.08916e-50,9.83660e-49,1.69978e-51,4.22489e-50,3.86470e-50,9.34010e-47,2.17873e-45,4.00020e-48,9.64835e-47,8.83058e-47,1.70028e-44,3.94830e-43,7.31290e-46,1.75574e-44,1.60849e-44,3.06432e-42,7.07353e-41,1.32527e-43,3.16282e-42,2.90103e-42
3.86470e-50,9.29920e-49,1.60608e-51,4.08916e-50,3.55480e-50,8.83058e-47,2.06052e-45,3.78092e-48,9.34010e-47,8.12690e-47,1.60849e-44,3.73658e-43,6.91574e-46,1.70028e-44,1.48149e-44,2.90103e-42,6.69971e-41,1.25413e-43,3.06432e-42,2.67462e-42
3.55480e-50,8.55653e-49,1.47684e-51,3.86470e-50,3.16449e-50,8.12690e-47,1.89708e-45,3.47839e-48,8.83058e-47,7.23998e-47,1.48149e-44,3.44323e-43,6.36690e-46,1.60849e-44,1.32109e-44,2.67462e-42,6.18047e-41,1.15564e-43,2.90103e-42,2.38802e-42
3.16449e-50,7.62003e-49,1.31423e-51,3.55480e-50,2.70075e-50,7.23998e-47,1.69081e-45,3.09753e-48,8.12690e-47,6.18534e-47,1.32109e-44,3.07212e-43,5.67477e-46,1.48149e-44,1.13001e-44,2.38802e-42,5.52185e-41,1.03119e-43,2.67462e-42,2.04586e-42
2.70075e-50,6.50598e-49,1.12124e-51,3.16449e-50,2.17276e-50,6.18534e-47,1.44518e-45,2.64522e-48,7.23998e-47,4.98350e-47,1.13001e-44,2.62926e-43,4.85156e-46,1.32109e-44,9.12075e-45,2.04586e-42,4.73390e-41,8.82907e-44,2.38802e-42,1.65493e-42
2.17276e-50,5.23602e-49,9.01736e-52,2.70075e-50,1.59186e-50,4.98350e-47,1.16489e-45,2.13040e-48,6.18534e-47,3.66020e-47,9.12075e-45,2.12331e-43,3.91401e-46,1.13001e-44,6.72380e-45,1.65493e-42,3.83180e-41,7.13787e-44,2.04586e-42,1.22439e-42
1.59186e-50,3.83735e-49,6.60470e-52,2.17276e-50,9.71454e-51,3.66020e-47,8.55908e-46,1.56415e-48,4.98350e-47,2.24602e-47,6.72380e-45,1.56604e-43,2.88419e-46,9.12075e-45,4.17568e-45,1.22439e-42,2.83652e-41,5.27822e-44,1.65493e-42,7.65685e-43
9.71454e-51,2.34232e-49,4.02982e-52,1.59186e-50,3.26583e-51,2.24602e-47,5.25398e-46,9.59509e-49,3.66020e-47,7.77425e-48,4.17568e-45,9.72938e-44,1.79053e-46,6.72380e-45,1.57878e-45,7.65685e-43,1.77470e-41,3.29939e-44,1.22439e-42,3.01675e-43
4.02114e-52,9.69591e-51,1.66794e-53,1.35139e-52,6.59219e-52,9.59252e-49,2.24547e-47,4.09521e-50,3.31797e-49,1.56377e-48,1.79022e-46,4.17502e-45,7.66983e-48,6.76516e-47,2.88372e-46,3.29900e-44,7.65602e-43,1.41989e-45,1.29884e-44,5.27764e-44
6.59219e-52,1.58918e-50,2.73493e-53,4.02114e-52,9.00261e-52,1.56377e-48,3.65938e-47,6.67795e-50,9.59252e-49,2.12992e-48,2.88372e-46,6.72280e-45,1.23587e-47,1.79022e-46,3.91343e-46,5.27764e-44,1.22426e-42,2.27238e-45,3.29900e-44,7.13716e-44
9.00261e-52,2.16960e-50,3.73597e-53,6.59219e-52,1.11968e-51,2.12992e-48,4.98249e-47,9.09860e-50,1.56377e-48,2.64470e-48,3.91343e-46,9.11952e-45,1.67781e-47,2.88372e-46,4.85093e-46,7.13716e-44,1.65478e-42,3.07442e-45,5.27764e-44,8.82830e-44
1.11968e-51,2.69744e-50,4.64804e-53,9.00261e-52,1.31273e-51,2.64470e-48,6.18424e-47,1.13016e-49,2.12992e-48,3.09702e-48,4.85093e-46,1.12988e-44,2.08063e-47,3.91343e-46,5.67415e-46,8.82830e-44,2.04569e-42,3.80486e-45,7.13716e-44,1.03112e-43
1.31273e-51,3.16129e-50,5.45128e-53,1.11968e-51,1.47551e-51,3.09702e-48,7.23890e-47,1.32395e-49,2.64470e-48,3.47792e-48,5.67415e-46,1.32095e-44,2.43482e-47,4.85093e-46,6.36634e-46,1.03112e-43,2.38785e-42,4.44638e-45,8.82830e-44,1.15557e-43
1.47551e-51,3.55196e-50,6.12930e-53,1.31273e-51,1.60500e-51,3.47792e-48,8.12592e-47,1.48732e-49,3.09702e-48,3.78054e-48,6.36634e-46,1.48137e-44,2.73304e-47,5.67415e-46,6.91528e-46,1.15557e-43,2.67447e-42,4.98569e-45,1.03112e-43,1.25407e-43
1.60500e-51,3.86239e-50,6.66924e-53,1.47551e-51,1.69901e-51,3.78054e-48,8.82978e-47,1.61725e-49,3.47792e-48,3.99993e-48,6.91528e-46,1.60839e-44,2.96986e-47,6.36634e-46,7.31257e-46,1.25407e-43,2.90091e-42,5.41321e-45,1.15557e-43,1.32522e-43
1.69901e-51,4.08754e-50,7.06158e-53,1.60500e-51,1.75607e-51,3.99993e-48,9.33953e-47,1.71153e-49,3.78054e-48,4.13281e-48,7.31257e-46,1.70021e-44,3.14145e-47,6.91528e-46,7.55290e-46,1.32522e-43,3.06423e-42,5.72247e-45,1.25407e-43,1.36820e-43
1.75607e-51,4.22405e-50,7.29985e-53,1.69901e-51,1.77531e-51,4.13281e-48,9.64806e-47,1.76868e-49,3.99993e-48,4.17735e-48,7.55290e-46,1.75571e-44,3.24533e-47,7.31257e-46,7.63337e-46,1.36820e-43,3.16277e-42,5.90946e-45,1.32522e-43,1.38258e-43
1.77531e-51,4.27004e-50,7.38030e-53,1.75607e-51,1.75646e-51,4.17735e-48,9.75142e-47,1.78784e-49,4.13281e-48,4.13295e-48,7.63337e-46,1.77428e-44,3.28013e-47,7.55290e-46,7.55307e-46,1.38258e-43,3.19571e-42,5.97205e-45,1.36820e-43,1.36823e-43
1.75646e-51,4.22489e-50,7.30168e-53,1.77531e-51,1.69978e-51,4.13295e-48,9.64835e-47,1.76874e-49,4.17735e-48,4.00020e-48,7.55307e-46,1.75574e-44,3.24541e-47,7.63337e-46,7.31290e-46,1.36823e-43,3.16282e-42,5.90956e-45,1.38258e-43,1.32527e-43
1.69978e-51,4.08916e-50,7.06513e-53,1.75646e-51,1.60608e-51,4.00020e-48,9.34010e-47,1.71166e-49,4.13295e-48,3.78092e-48,7.31290e-46,1.70028e-44,3.14160e-47,7.55307e-46,6.91574e-46,1.32527e-43,3.06432e-42,5.72266e-45,1.36823e-43,1.25413e-43
1.60608e-51,3.86470e-50,6.67428e-53,1.69978e-51,1.47684e-51,3.78092e-48,8.83058e-47,1.61743e-49,4.00020e-48,3.47839e-48,6.91574e-46,1.60849e-44,2.97008e-47,7.31290e-46,6.36690e-46,1.25413e-43,2.90103e-42,5.41348e-45,1.32527e-43,1.15564e-43
1.47684e-51,3.55480e-50,6.13552e-53,1.60608e-51,1.31423e-51,3.47839e-48,8.12690e-47,1.48754e-49,3.78092e-48,3.09753e-48,6.36690e-46,1.48149e-44,2.73331e-47,6.91574e-46,5.67477e-46,1.15564e-43,2.67462e-42,4.98602e-45,1.25413e-43,1.03119e-43
1.31423e-51,3.16449e-50,5.45826e-53,1.47684e-51,1.12124e-51,3.09753e-48,7.23998e-47,1.32419e-49,3.47839e-48,2.64522e-48,5.67477e-46,1.32109e-44,2.43511e-47,6.36690e-46,4.85156e-46,1.03119e-43,2.38802e-42,4.44674e-45,1.15564e-43,8.82907e-44
1.12124e-51,2.70075e-50,4.65526e-53,1.31423e-51,9.01736e-52,2.64522e-48,6.18534e-47,1.13041e-49,3.09753e-48,2.13040e-48,4.85156e-46,1.13001e-44,2.08092e-47,5.67477e-46,3.91401e-46,8.82907e-44,2.04586e-42,3.80523e-45,1.03119e-43,7.13787e-44
9.01736e-52,2.17276e-50,3.74282e-53,1.12124e-51,6.60470e-52,2.13040e-48,4.98350e-47,9.10083e-50,2.64522e-48,1.56415e-48,3.91401e-46,9.12075e-45,1.67807e-47,4.85156e-46,2.88419e-46,7.13787e-44,1.65493e-42,3.07475e-45,8.82907e-44,5.27822e-44
6.60470e-52,1.59186e-50,2.74073e-53,9.01736e-52,4.02982e-52,1.56415e-48,3.66020e-47,6.67978e-50,2.13040e-48,9.59509e-49,2.88419e-46,6.72380e-45,1.23609e-47,3.91401e-46,1.79053e-46,5.27822e-44,1.22439e-42,2.27265e-45,7.13787e-44,3.29939e-44
4.02982e-52,9.71454e-51,1.67195e-53,6.60470e-52,1.35460e-52,9.59509e-49,2.24602e-47,4.09642e-50,1.56415e-48,3.31895e-49,1.79053e-46,4.17568e-45,7.67128e-48,2.88419e-46,6.76641e-47,3.29939e-44,7.65685e-43,1.42007e-45,5.27822e-44,1.29900e-44
1.66794e-53,4.02114e-52,6.91941e-55,5.60485e-54,2.73493e-53,4.09521e-50,9.59252e-49,1.74723e-51,1.41559e-50,6.67795e-50,7.66983e-48,1.79022e-46,3.28333e-49,2.89703e-48,1.23587e-47,1.41989e-45,3.29900e-44,6.10451e-47,5.58644e-46,2.27238e-45
2.73493e-53,6.59219e-52,1.13479e-54,1.66794e-53,3.73597e-53,6.67795e-50,1.56377e-48,2.84993e-51,4.09521e-50,9.09860e-50,1.23587e-47,2.88372e-46,5.29211e-49,7.66983e-48,1.67781e-47,2.27238e-45,5.27764e-44,9.77305e-47,1.41989e-45,3.07442e-45
3.73597e-53,9.00261e-52,1.55052e-54,2.73493e-53,4.64804e-53,9.09860e-50,2.12992e-48,3.88410e-51,6.67795e-50,1.13016e-49,1.67781e-47,3.91343e-46,7.18696e-49,1.23587e-47,2.08063e-47,3.07442e-45,7.13716e-44,1.32279e-46,2.27238e-45,3.80486e-45
4.64804e-53,1.11968e-51,1.92961e-54,3.73597e-53,5.45128e-53,1.13016e-49,2.64470e-48,4.82609e-51,9.09860e-50,1.32395e-49,2.08063e-47,4.85093e-46,8.91590e-49,1.67781e-47,2.43482e-47,3.80486e-45,8.82830e-44,1.63782e-46,3.07442e-45,4.44638e-45
5.45128e-53,1.31273e-51,2.26377e-54,4.64804e-53,6.12930e-53,1.32395e-49,3.09702e-48,5.65548e-51,1.13016e-49,1.48732e-49,2.43482e-47,5.67415e-46,1.04379e-48,2.08063e-47,2.73304e-47,4.44638e-45,1.03112e-43,1.91490e-46,3.80486e-45,4.98569e-45
6.12930e-53,1.47551e-51,2.54610e-54,5.45128e-53,6.66924e-53,1.48732e-49,3.47792e-48,6.35540e-51,1.32395e-49,1.61725e-49,2.73304e-47,6.36634e-46,1.17209e-48,2.43482e-47,2.96986e-47,4.98569e-45,1.15557e-43,2.14817e-46,4.44638e-45,5.41321e-45
6.66924e-53,1.60500e-51,2.77114e-54,6.12930e-53,7.06158e-53,1.61725e-49,3.78054e-48,6.91259e-51,1.48732e-49,1.71153e-49,2.96986e-47,6.91528e-46,1.27410e-48,2.73304e-47,3.14145e-47,5.41321e-45,1.25407e-43,2.33336e-46,4.98569e-45,5.72247e-45
7.06158e-53,1.69901e-51,2.93480e-54,6.66924e-53,7.29985e-53,1.71153e-49,3.99993e-48,7.31723e-51,1.61725e-49,1.76868e-49,3.14145e-47,7.31257e-46,1.34808e-48,2.96986e-47,3.24533e-47,5.72247e-45,1.32522e-43,2.46748e-46,5.41321e-45,5.90946e-45
7.29985e-53,1.75607e-51,3.03426e-54,7.06158e-53,7.38030e-53,1.76868e-49,4.13281e-48,7.56263e-51,1.71153e-49,1.78784e-49,3.24533e-47,7.55290e-46,1.39290e-48,3.14145e-47,3.28013e-47,5.90946e-45,1.36820e-43,2.54865e-46,5.72247e-45,5.97205e-45
7.38030e-53,1.77531e-51,3.06788e-54,7.29985e-53,7.30168e-53,1.78784e-49,4.17735e-48,7.64496e-51,1.76868e-49,1.76874e-49,3.28013e-47,7.63337e-46,1.40792e-48,3.24533e-47,3.24541e-47,5.97205e-45,1.38258e-43,2.57583e-46,5.90946e-45,5.90956e-45
7.30168e-53,1.75646e-51,3.03510e-54,7.38030e-53,7.06513e-53,1.76874e-49,4.13295e-48,7.56294e-51,1.78784e-49,1.71166e-49,3.24541e-47,7.55307e-46,1.39294e-48,3.28013e-47,3.14160e-47,5.90956e-45,1.36823e-43,2.54870e-46,5.97205e-45,5.72266e-45
7.06513e-53,1.69978e-51,2.93644e-54,7.30168e-53,6.67428e-53,1.71166e-49,4.00020e-48,7.31782e-51,1.76874e-49,1.61743e-49,3.14160e-47,7.31290e-46,1.34815e-48,3.24541e-47,2.97008e-47,5.72266e-45,1.32527e-43,2.46757e-46,5.90956e-45,5.41348e-45
6.67428e-53,1.60608e-51,2.77348e-54,7.06513e-53,6.13552e-53,1.61743e-49,3.78092e-48,6.91343e-51,1.71166e-49,1.48754e-49,2.97008e-47,6.91574e-46,1.27420e-48,3.14160e-47,2.73331e-47,5.41348e-45,1.25413e-43,2.33349e-46,5.72266e-45,4.98602e-45
6.13552e-53,1.47684e-51,2.54898e-54,6.67428e-53,5.45826e-53,1.48754e-49,3.47839e-48,6.35643e-51,1.61743e-49,1.32419e-49,2.73331e-47,6.36690e-46,1.17222e-48,2.97008e-47,2.43511e-47,4.98602e-45,1.15564e-43,2.14833e-46,5.41348e-45,4.44674e-45
5.45826e-53,1.31423e-51,2.26700e-54,6.13552e-53,4.65526e-53,1.32419e-49,3.09753e-48,5.65661e-51,1.48754e-49,1.13041e-49,2.43511e-47,5.67477e-46,1.04393e-48,2.73331e-47,2.08092e-47,4.44674e-45,1.03119e-43,1.91507e-46,4.98602e-45,3.80523e-45
4.65526e-53,1.12124e-51,1.93295e-54,5.45826e-53,3.74282e-53,1.13041e-49,2.64522e-48,4.82723e-51,1.32419e-49,9.10083e-50,2.08092e-47,4.85156e-46,8.91727e-49,2.43511e-47,1.67807e-47,3.80523e-45,8.82907e-44,1.63799e-46,4.44674e-45,3.07475e-45
3.74282e-53,9.01736e-52,1.55369e-54,4.65526e-53,2.74073e-53,9.10083e-50,2.13040e-48,3.88515e-51,1.13041e-49,6.67978e-50,1.67807e-47,3.91401e-46,7.18821e-49,2.08092e-47,1.23609e-47,3.07475e-45,7.13787e-44,1.32294e-46,3.80523e-45,2.27265e-45
2.74073e-53,6.60470e-52,1.13746e-54,3.74282e-53,1.67195e-53,6.67978e-50,1.56415e-48,2.85079e-51,9.10083e-50,4.09642e-50,1.23609e-47,2.88419e-46,5.29313e-49,1.67807e-47,7.67128e-48,2.27265e-45,5.27822e-44,9.77430e-47,3.07475e-45,1.42007e-45
1.67195e-53,4.02982e-52,6.93790e-55,2.74073e-53,5.61969e-54,4.09642e-50,9.59509e-49,1.74780e-51,6.67978e-50,1.41605e-50,7.67128e-48,1.79053e-46,3.28400e-49,1.23609e-47,2.89762e-48,1.42007e-45,3.29939e-44,6.10535e-47,2.27265e-45,5.58720e-46
6.91941e-55,1.66794e-53,2.87083e-56,2.32493e-55,1.13479e-54,1.74723e-51,4.09521e-50,7.45015e-53,6.03593e-52,2.84993e-51,3.28333e-49,7.66983e-48,1.40446e-50,1.23963e-49,5.29211e-49,6.10451e-47,1.41989e-45,2.62181e-48,2.40028e-47,9.77305e-47
1.13479e-54,2.73493e-53,4.70896e-56,6.91941e-55,1.55052e-54,2.84993e-51,6.67795e-50,1.21550e-52,1.74723e-51,3.88410e-51,5.29211e-49,1.23587e-47,2.26433e-50,3.28333e-49,7.18696e-49,9.77305e-47,2.27238e-45,4.19874e-48,6.10451e-47,1.32279e-46
1.55052e-54,3.73597e-53,6.43554e-56,1.13479e-54,1.92961e-54,3.88410e-51,9.09860e-50,1.65701e-52,2.84993e-51,4.82609e-51,7.18696e-49,1.67781e-47,3.07601e-50,5.29211e-49,8.91590e-49,1.32279e-46,3.07442e-45,5.68509e-48,9.77305e-47,1.63782e-46
1.92961e-54,4.64804e-53,8.01106e-56,1.55052e-54,2.26377e-54,4.82609e-51,1.13016e-49,2.05946e-52,3.88410e-51,5.65548e-51,8.91590e-49,2.08063e-47,3.81731e-50,7.18696e-49,1.04379e-48,1.63782e-46,3.80486e-45,7.04196e-48,1.32279e-46,1.91490e-46
2.26377e-54,5.45128e-53,9.40098e-56,1.92961e-54,2.54610e-54,5.65548e-51,1.32395e-49,2.41411e-52,4.82609e-51,6.35540e-51,1.04379e-48,2.43482e-47,4.47056e-50,8.91590e-49,1.17209e-48,1.91490e-46,4.44638e-45,8.23686e-48,1.63782e-46,2.14817e-46
2.54610e-54,6.12930e-53,1.05763e-55,2.26377e-54,2.77114e-54,6.35540e-51,1.48732e-49,2.71366e-52,5.65548e-51,6.91259e-51,1.17209e-48,2.73304e-47,5.02185e-50,1.04379e-48,1.27410e-48,2.14817e-46,4.98569e-45,9.24421e-48,1.91490e-46,2.33336e-46
2.77114e-54,6.66924e-53,1.15139e-55,2.54610e-54,2.93480e-54,6.91259e-51,1.61725e-49,2.95233e-52,6.35540e-51,7.31723e-51,1.27410e-48,2.96986e-47,5.46059e-50,1.17209e-48,1.34808e-48,2.33336e-46,5.41321e-45,1.00449e-47,2.14817e-46,2.46748e-46
2.93480e-54,7.06158e-53,1.21963e-55,2.77114e-54,3.03426e-54,7.31723e-51,1.71153e-49,3.12577e-52,6.91259e-51,7.56263e-51,1.34808e-48,3.14145e-47,5.77907e-50,1.27410e-48,1.39290e-48,2.46748e-46,5.72247e-45,1.06254e-47,2.33336e-46,2.54865e-46
3.03426e-54,7.29985e-53,1.26113e-55,2.93480e-54,3.06788e-54,7.56263e-51,1.76868e-49,3.23103e-52,7.31723e-51,7.64496e-51,1.39290e-48,3.24533e-47,5.97215e-50,1.34808e-48,1.40792e-48,2.54865e-46,5.90946e-45,1.09770e-47,2.46748e-46,2.57583e-46
3.06788e-54,7.38030e-53,1.27517e-55,3.03426e-54,3.03510e-54,7.64496e-51,1.78784e-49,3.26635e-52,7.56263e-51,7.56294e-51,1.40792e-48,3.28013e-47,6.03689e-50,1.39290e-48,1.39294e-48,2.57583e-46,5.97205e-45,1.10948e-47,2.54865e-46,2.54870e-46
3.03510e-54,7.30168e-53,1.26151e-55,3.06788e-54,2.93644e-54,7.56294e-51,1.76874e-49,3.23117e-52,7.64496e-51,7.31782e-51,1.39294e-48,3.24541e-47,5.97233e-50,1.40792e-48,1.34815e-48,2.54870e-46,5.90956e-45,1.09772e-47,2.57583e-46,2.46757e-46
2.93644e-54,7.06513e-53,1.22038e-55,3.03510e-54,2.77348e-54,7.31782e-51,1.71166e-49,3.12606e-52,7.56294e-51,6.91343e-51,1.34815e-48,3.14160e-47,5.77941e-50,1.39294e-48,1.27420e-48,2.46757e-46,5.72266e-45,1.06258e-47,2.54870e-46,2.33349e-46
2.77348e-54,6.67428e-53,1.15247e-55,2.93644e-54,2.54898e-54,6.91343e-51,1.61743e-49,2.95272e-52,7.31782e-51,6.35643e-51,1.27420e-48,2.97008e-47,5.46107e-50,1.34815e-48,1.17222e-48,2.33349e-46,5.41348e-45,1.00455e-47,2.46757e-46,2.14833e-46
2.54898e-54,6.13552e-53,1.05896e-55,2.77348e-54,2.26700e-54,6.35643e-51,1.48754e-49,2.71414e-52,6.91343e-51,5.65661e-51,1.17222e-48,2.73331e-47,5.02244e-50,1.27420e-48,1.04393e-48,2.14833e-46,4.98602e-45,9.24493e-48,2.33349e-46,1.91507e-46
2.26700e-54,5.45826e-53,9.41584e-56,2.54898e-54,1.93295e-54,5.65661e-51,1.32419e-49,2.41464e-52,6.35643e-51,4.82723e-51,1.04393e-48,2.43511e-47,4.47120e-50,1.17222e-48,8.91727e-49,1.91507e-46,4.44674e-45,8.23765e-48,2.14833e-46,1.63799e-46
1.93295e-54,4.65526e-53,8.02641e-56,2.26700e-54,1.55369e-54,4.82723e-51,1.13041e-49,2.06000e-52,5.65661e-51,3.88515e-51,8.91727e-49,2.08092e-47,3.81796e-50,1.04393e-48,7.18821e-49,1.63799e-46,3.80523e-45,7.04275e-48,1.91507e-46,1.32294e-46
1.55369e-54,3.74282e-53,6.45008e-56,1.93295e-54,1.13746e-54,3.88515e-51,9.10083e-50,1.65750e-52,4.82723e-51,2.85079e-51,7.18821e-49,1.67807e-47,3.07660e-50,8.91727e-49,5.29313e-49,1.32294e-46,3.07475e-45,5.68581e-48,1.63799e-46,9.77430e-47
1.13746e-54,2.74073e-53,4.72126e-56,1.55369e-54,6.93790e-55,2.85079e-51,6.67978e-50,1.21590e-52,3.88515e-51,1.74780e-51,5.29313e-49,1.23609e-47,2.26480e-50,7.18821e-49,3.28400e-49,9.77430e-47,2.27265e-45,4.19932e-48,1.32294e-46,6.10535e-47
6.93790e-55,1.67195e-53,2.87932e-56,1.13746e-54,2.33176e-55,1.74780e-51,4.09642e-50,7.45280e-53,2.85079e-51,6.03809e-52,3.28400e-49,7.67128e-48,1.40477e-50,5.29313e-49,1.23990e-49,6.10535e-47,1.42007e-45,2.62220e-48,9.77430e-47,2.40063e-47
2.87083e-56,6.91941e-55,1.19120e-57,9.64510e-57,4.70896e-56,7.45015e-53,1.74723e-51,3.17489e-54,2.57219e-53,1.21550e-52,1.40446e-50,3.28333e-49,6.00321e-52,5.30036e-51,2.26433e-50,2.62181e-48,6.10451e-47,1.12495e-49,1.03029e-48,4.19874e-48
4.70896e-56,1.13479e-54,1.95420e-57,2.87083e-56,6.43554e-56,1.21550e-52,2.84993e-51,5.18107e-54,7.45015e-53,1.65701e-52,2.26433e-50,5.29211e-49,9.68100e-52,1.40446e-50,3.07601e-50,4.19874e-48,9.77305e-47,1.80208e-49,2.62181e-48,5.68509e-48
6.43554e-56,1.55052e-54,2.67127e-57,4.70896e-56,8.01106e-56,1.65701e-52,3.88410e-51,7.06462e-54,1.21550e-52,2.05946e-52,3.07601e-50,7.18696e-49,1.31549e-51,2.26433e-50,3.81731e-50,5.68509e-48,1.32279e-46,2.44082e-49,4.19874e-48,7.04196e-48
8.01106e-56,1.92961e-54,3.32603e-57,6.43554e-56,9.40098e-56,2.05946e-52,4.82609e-51,8.78273e-54,1.65701e-52,2.41411e-52,3.81731e-50,8.91590e-49,1.63302e-51,3.07601e-50,4.47056e-50,7.04196e-48,1.63782e-46,3.02449e-49,5.68509e-48,8.23686e-48
9.40098e-56,2.26377e-54,3.90407e-57,8.01106e-56,1.05763e-55,2.41411e-52,5.65548e-51,1.02979e-53,2.05946e-52,2.71366e-52,4.47056e-50,1.04379e-48,1.91310e-51,3.81731e-50,5.02185e-50,8.23686e-48,1.91490e-46,3.53907e-49,7.04196e-48,9.24421e-48
1.05763e-55,2.54610e-54,4.39326e-57,9.40098e-56,1.15139e-55,2.71366e-52,6.35540e-51,1.15787e-53,2.41411e-52,2.95233e-52,5.02185e-50,1.17209e-48,2.14968e-51,4.47056e-50,5.46059e-50,9.24421e-48,2.14817e-46,3.97340e-49,8.23686e-48,1.00449e-47
1.15139e-55,2.77114e-54,4.78378e-57,1.05763e-55,1.21963e-55,2.95233e-52,6.91259e-51,1.25999e-53,2.71366e-52,3.12577e-52,5.46059e-50,1.27410e-48,2.33814e-51,5.02185e-50,5.77907e-50,1.00449e-47,2.33336e-46,4.31899e-49,9.24421e-48,1.06254e-47
1.21963e-55,2.93480e-54,5.06818e-57,1.15139e-55,1.26113e-55,3.12577e-52,7.31723e-51,1.33425e-53,2.95233e-52,3.23103e-52,5.77907e-50,1.34808e-48,2.47505e-51,5.46059e-50,5.97215e-50,1.06254e-47,2.46748e-46,4.56980e-49,1.00449e-47,1.09770e-47
1.26113e-55,3.03426e-54,5.24123e-57,1.21963e-55,1.27517e-55,3.23103e-52,7.56263e-51,1.37934e-53,3.12577e-52,3.26635e-52,5.97215e-50,1.39290e-48,2.55810e-51,5.77907e-50,6.03689e-50,1.09770e-47,2.54865e-46,4.72181e-49,1.06254e-47,1.10948e-47
1.27517e-55,3.06788e-54,5.29986e-57,1.26113e-55,1.26151e-55,3.26635e-52,7.64496e-51,1.39448e-53,3.23103e-52,3.23117e-52,6.03689e-50,1.40792e-48,2.58595e-51,5.97215e-50,5.97233e-50,1.10948e-47,2.57583e-46,4.77276e-49,1.09770e-47,1.09772e-47
1.26151e-55,3.03510e-54,5.24302e-57,1.27517e-55,1.22038e-55,3.23117e-52,7.56294e-51,1.37941e-53,3.26635e-52,3.12606e-52,5.97233e-50,1.39294e-48,2.55818e-51,6.03689e-50,5.77941e-50,1.09772e-47,2.54870e-46,4.72191e-49,1.10948e-47,1.06258e-47
1.22038e-55,2.93644e-54,5.07163e-57,1.26151e-55,1.15247e-55,3.12606e-52,7.31782e-51,1.33438e-53,3.23117e-52,2.95272e-52,5.77941e-50,1.34815e-48,2.47521e-51,5.97233e-50,5.46107e-50,1.06258e-47,2.46757e-46,4.57000e-49,1.09772e-47,1.00455e-47
1.15247e-55,2.77348e-54,4.78870e-57,1.22038e-55,1.05896e-55,2.95272e-52,6.91343e-51,1.26018e-53,3.12606e-52,2.71414e-52,5.46107e-50,1.27420e-48,2.33837e-51,5.77941e-50,5.02244e-50,1.00455e-47,2.33349e-46,4.31927e-49,1.06258e-47,9.24493e-48
1.05896e-55,2.54898e-54,4.39933e-57,1.15247e-55,9.41584e-56,2.71414e-52,6.35643e-51,1.15809e-53,2.95272e-52,2.41464e-52,5.02244e-50,1.17222e-48,2.14996e-51,5.46107e-50,4.47120e-50,9.24493e-48,2.14833e-46,3.97374e-49,1.00455e-47,8.23765e-48
9.41584e-56,2.26700e-54,3.91088e-57,1.05896e-55,8.02641e-56,2.41464e-52,5.65661e-51,1.03004e-53,2.71414e-52,2.06000e-52,4.47120e-50,1.04393e-48,1.91340e-51,5.02244e-50,3.81796e-50,8.23765e-48,1.91507e-46,3.53944e-49,9.24493e-48,7.04275e-48
8.02641e-56,1.93295e-54,3.33306e-57,9.41584e-56,6.45008e-56,2.06000e-52,4.82723e-51,8.78524e-54,2.41464e-52,1.65750e-52,3.81796e-50,8.91727e-49,1.63333e-51,4.47120e-50,3.07660e-50,7.04275e-48,1.63799e-46,3.02486e-49,8.23765e-48,5.68581e-48
6.45008e-56,1.55369e-54,2.67793e-57,8.02641e-56,4.72126e-56,1.65750e-52,3.88515e-51,7.06693e-54,2.06000e-52,1.21590e-52,3.07660e-50,7.18821e-49,1.31577e-51,3.81796e-50,2.26480e-50,5.68581e-48,1.32294e-46,2.44116e-49,7.04275e-48,4.19932e-48
4.72126e-56,1.13746e-54,1.95984e-57,6.45008e-56,2.87932e-56,1.21590e-52,2.85079e-51,5.18294e-54,1.65750e-52,7.45280e-53,2.26480e-50,5.29313e-49,9.68324e-52,3.07660e-50,1.40477e-50,4.19932e-48,9.77430e-47,1.80235e-49,5.68581e-48,2.62220e-48
2.87932e-56,6.93790e-55,1.19509e-57,4.72126e-56,9.67644e-57,7.45280e-53,1.74780e-51,3.17613e-54,1.21590e-52,2.57320e-53,1.40477e-50,3.28400e-49,6.00470e-52,2.26480e-50,5.30165e-51,2.62220e-48,6.10535e-47,1.12513e-49,4.19932e-48,1.03045e-48
1.19120e-57,2.87083e-56,4.94303e-59,4.00171e-58,1.95420e-57,3.17489e-54,7.45015e-53,1.35223e-55,1.09553e-54,5.18107e-54,6.00321e-52,1.40446e-50,2.56422e-53,2.26471e-52,9.68100e-52,1.12495e-49,2.62181e-48,4.82241e-51,4.41828e-50,1.80208e-49
1.95420e-57,4.70896e-56,8.11034e-59,1.19120e-57,2.67127e-57,5.18107e-54,1.21550e-52,2.20716e-55,3.17489e-54,7.06462e-54,9.68100e-52,2.26433e-50,4.13607e-53,6.00321e-52,1.31549e-51,1.80208e-49,4.19874e-48,7.72717e-51,1.12495e-49,2.44082e-49
2.67127e-57,6.43554e-56,1.10884e-58,1.95420e-57,3.32603e-57,7.06462e-54,1.65701e-52,3.01020e-55,5.18107e-54,8.78273e-54,1.31549e-51,3.07601e-50,5.62166e-53,9.68100e-52,1.63302e-51,2.44082e-49,5.68509e-48,1.04691e-50,1.80208e-49,3.02449e-49
3.32603e-57,8.01106e-56,1.38093e-58,2.67127e-57,3.90407e-57,8.78273e-54,2.05946e-52,3.74313e-55,7.06462e-54,1.02979e-53,1.63302e-51,3.81731e-50,6.98052e-53,1.31549e-51,1.91310e-51,3.02449e-49,7.04196e-48,1.29769e-50,2.44082e-49,3.53907e-49
3.90407e-57,9.40098e-56,1.62130e-58,3.32603e-57,4.39326e-57,1.02979e-53,2.41411e-52,4.38993e-55,8.78273e-54,1.15787e-53,1.91310e-51,4.47056e-50,8.18008e-53,1.63302e-51,2.14968e-51,3.53907e-49,8.23686e-48,1.51901e-50,3.02449e-49,3.97340e-49
4.39326e-57,1.05763e-55,1.82486e-58,3.90407e-57,4.78378e-57,1.15787e-53,2.71366e-52,4.93706e-55,1.02979e-53,1.25999e-53,2.14968e-51,5.02185e-50,9.19426e-53,1.91310e-51,2.33814e-51,3.97340e-49,9.24421e-48,1.70600e-50,3.53907e-49,4.31899e-49
4.78378e-57,1.15139e-55,1.98747e-58,4.39326e-57,5.06818e-57,1.25999e-53,2.95233e-52,5.37359e-55,1.15787e-53,1.33425e-53,2.33814e-51,5.46059e-50,1.00028e-52,2.14968e-51,2.47505e-51,4.31899e-49,1.00449e-47,1.85494e-50,3.97340e-49,4.56980e-49
5.06818e-57,1.21963e-55,2.10596e-58,4.78378e-57,5.24123e-57,1.33425e-53,3.12577e-52,5.69122e-55,1.25999e-53,1.37934e-53,2.47505e-51,5.77907e-50,1.05905e-52,2.33814e-51,2.55810e-51,4.56980e-49,1.06254e-47,1.96312e-50,4.31899e-49,4.72181e-49
5.24123e-57,1.26113e-55,2.17811e-58,5.06818e-57,5.29986e-57,1.37934e-53,3.23103e-52,5.88414e-55,1.33425e-53,1.39448e-53,2.55810e-51,5.97215e-50,1.09473e-52,2.47505e-51,2.58595e-51,4.72181e-49,1.09770e-47,2.02872e-50,4.56980e-49,4.77276e-49
5.29986e-57,1.27517e-55,2.20258e-58,5.24123e-57,5.24302e-57,1.39448e-53,3.26635e-52,5.94893e-55,1.37934e-53,1.37941e-53,2.58595e-51,6.03689e-50,1.10670e-52,2.55810e-51,2.55818e-51,4.77276e-49,1.10948e-47,2.05072e-50,4.72181e-49,4.72191e-49
5.24302e-57,1.26151e-55,2.17892e-58,5.29986e-57,5.07163e-57,1.37941e-53,3.23117e-52,5.88446e-55,1.39448e-53,1.33438e-53,2.55818e-51,5.97233e-50,1.09476e-52,2.58595e-51,2.47521e-51,4.72191e-49,1.09772e-47,2.02877e-50,4.77276e-49,4.57000e-49
5.07163e-57,1.22038e-55,2.10754e-58,5.24302e-57,4.78870e-57,1.33438e-53,3.12606e-52,5.69184e-55,1.37941e-53,1.26018e-53,2.47521e-51,5.77941e-50,1.05913e-52,2.55818e-51,2.33837e-51,4.57000e-49,1.06258e-47,1.96321e-50,4.72191e-49,4.31927e-49
4.78870e-57,1.15247e-55,1.98972e-58,5.07163e-57,4.39933e-57,1.26018e-53,2.95272e-52,5.37446e-55,1.33438e-53,1.15809e-53,2.33837e-51,5.46107e-50,1.00038e-52,2.47521e-51,2.14996e-51,4.31927e-49,1.00455e-47,1.85507e-50,4.57000e-49,3.97374e-49
4.39933e-57,1.05896e-55,1.82763e-58,4.78870e-57,3.91088e-57,1.15809e-53,2.71414e-52,4.93811e-55,1.26018e-53,1.03004e-53,2.14996e-51,5.02244e-50,9.19555e-53,2.33837e-51,1.91340e-51,3.97374e-49,9.24493e-48,1.70616e-50,4.31927e-49,3.53944e-49
3.91088e-57,9.41584e-56,1.62441e-58,4.39933e-57,3.33306e-57,1.03004e-53,2.41464e-52,4.39109e-55,1.15809e-53,8.78524e-54,1.91340e-51,4.47120e-50,8.18150e-53,2.14996e-51,1.63333e-51,3.53944e-49,8.23765e-48,1.51918e-50,3.97374e-49,3.02486e-49
3.33306e-57,8.02641e-56,1.38414e-58,3.91088e-57,2.67793e-57,8.78524e-54,2.06000e-52,3.74430e-55,1.03004e-53,7.06693e-54,1.63333e-51,3.81796e-50,6.98194e-53,1.91340e-51,1.31577e-51,3.02486e-49,7.04275e-48,1.29787e-50,3.53944e-49,2.44116e-49
2.67793e-57,6.45008e-56,1.11189e-58,3.33306e-57,1.95984e-57,7.06693e-54,1.65750e-52,3.01127e-55,8.78524e-54,5.18294e-54,1.31577e-51,3.07660e-50,5.62296e-53,1.63333e-51,9.68324e-52,2.44116e-49,5.68581e-48,1.04707e-50,3.02486e-49,1.80235e-49
1.95984e-57,4.72126e-56,8.13613e-59,2.67793e-57,1.19509e-57,5.18294e-54,1.21590e-52,2.20803e-55,7.06693e-54,3.17613e-54,9.68324e-52,2.26480e-50,4.13712e-53,1.31577e-51,6.00470e-52,1.80235e-49,4.19932e-48,7.72845e-51,2.44116e-49,1.12513e-49
1.19509e-57,2.87932e-56,4.96085e-59,1.95984e-57,4.01607e-58,3.17613e-54,7.45280e-53,1.35281e-55,5.18294e-54,1.09600e-54,6.00470e-52,1.40477e-50,2.56492e-53,9.68324e-52,2.26531e-52,1.12513e-49,2.62220e-48,4.82326e-51,1.80235e-49,4.41906e-50
4.94303e-59,1.19120e-57,2.05126e-60,1.66041e-59,8.11034e-59,1.35223e-55,3.17489e-54,5.75627e-57,4.66350e-56,2.20716e-55,2.56422e-53,6.00321e-52,1.09455e-54,9.66992e-54,4.13607e-53,4.82241e-51,1.12495e-49,2.06548e-52,1.89307e-51,7.72717e-51
8.11034e-59,1.95420e-57,3.36609e-60,4.94303e-59,1.10884e-58,2.20716e-55,5.18107e-54,9.39738e-57,1.35223e-55,3.01020e-55,4.13607e-53,9.68100e-52,1.76586e-54,2.56422e-53,5.62166e-53,7.72717e-51,1.80208e-49,3.31040e-52,4.82241e-51,1.04691e-50
1.10884e-58,2.67127e-57,4.60290e-60,8.11034e-59,1.38093e-58,3.01020e-55,7.06462e-54,1.28189e-56,2.20716e-55,3.74313e-55,5.62166e-53,1.31549e-51,2.40066e-54,4.13607e-53,6.98052e-53,1.04691e-50,2.44082e-49,4.48628e-52,7.72717e-51,1.29769e-50
1.38093e-58,3.32603e-57,5.73350e-60,1.10884e-58,1.62130e-58,3.74313e-55,8.78273e-54,1.59434e-56,3.01020e-55,4.38993e-55,6.98052e-53,1.63302e-51,2.98168e-54,5.62166e-53,8.18008e-53,1.29769e-50,3.02449e-49,5.56258e-52,1.04691e-50,1.51901e-50
1.62130e-58,3.90407e-57,6.73292e-60,1.38093e-58,1.82486e-58,4.38993e-55,1.02979e-53,1.87024e-56,3.74313e-55,4.93706e-55,8.18008e-53,1.91310e-51,3.49496e-54,6.98052e-53,9.19426e-53,1.51901e-50,3.53907e-49,6.51329e-52,1.29769e-50,1.70600e-50
1.82486e-58,4.39326e-57,7.57980e-60,1.62130e-58,1.98747e-58,4.93706e-55,1.15787e-53,2.10377e-56,4.38993e-55,5.37359e-55,9.19426e-53,2.14968e-51,3.92926e-54,8.18008e-53,1.00028e-52,1.70600e-50,3.97340e-49,7.31729e-52,1.51901e-50,1.85494e-50
1.98747e-58,4.78378e-57,8.25674e-60,1.82486e-58,2.10596e-58,5.37359e-55,1.25999e-53,2.29020e-56,4.93706e-55,5.69122e-55,1.00028e-52,2.33814e-51,4.27572e-54,9.19426e-53,1.05905e-52,1.85494e-50,4.31899e-49,7.95823e-52,1.70600e-50,1.96312e-50
2.10596e-58,5.06818e-57,8.75030e-60,1.98747e-58,2.17811e-58,5.69122e-55,1.33425e-53,2.42592e-56,5.37359e-55,5.88414e-55,1.05905e-52,2.47505e-51,4.52775e-54,1.00028e-52,1.09473e-52,1.96312e-50,4.56980e-49,8.42412e-52,1.85494e-50,2.02872e-50
2.17811e-58,5.24123e-57,9.05098e-60,2.10596e-58,2.20258e-58,5.88414e-55,1.37934e-53,2.50838e-56,5.69122e-55,5.94893e-55,1.09473e-52,2.55810e-51,4.68078e-54,1.05905e-52,1.10670e-52,2.02872e-50,4.72181e-49,8.70682e-52,1.96312e-50,2.05072e-50
2.20258e-58,5.29986e-57,9.15310e-60,2.17811e-58,2.17892e-58,5.94893e-55,1.39448e-53,2.53609e-56,5.88414e-55,5.88446e-55,1.10670e-52,2.58595e-51,4.73215e-54,1.09473e-52,1.09476e-52,2.05072e-50,4.77276e-49,8.80164e-52,2.02872e-50,2.02877e-50
2.17892e-58,5.24302e-57,9.05470e-60,2.20258e-58,2.10754e-58,5.88446e-55,1.37941e-53,2.50853e-56,5.94893e-55,5.69184e-55,1.09476e-52,2.55818e-51,4.68097e-54,1.10670e-52,1.05913e-52,2.02877e-50,4.72191e-49,8.70705e-52,2.05072e-50,1.96321e-50
2.10754e-58,5.07163e-57,8.75753e-60,2.17892e-58,1.98972e-58,5.69184e-55,1.33438e-53,2.42621e-56,5.88446e-55,5.37446e-55,1.05913e-52,2.47521e-51,4.52811e-54,1.09476e-52,1.00038e-52,1.96321e-50,4.57000e-49,8.42456e-52,2.02877e-50,1.85507e-50
1.98972e-58,4.78870e-57,8.26703e-60,2.10754e-58,1.82763e-58,5.37446e-55,1.26018e-53,2.29060e-56,5.69184e-55,4.93811e-55,1.00038e-52,2.33837e-51,4.27622e-54,1.05913e-52,9.19555e-53,1.85507e-50,4.31927e-49,7.95885e-52,1.96321e-50,1.70616e-50
1.82763e-58,4.39933e-57,7.59250e-60,1.98972e-58,1.62441e-58,4.93811e-55,1.15809e-53,2.10426e-56,5.37446e-55,4.39109e-55,9.19555e-53,2.14996e-51,3.92986e-54,1.00038e-52,8.18150e-53,1.70616e-50,3.97374e-49,7.31803e-52,1.85507e-50,1.51918e-50
1.62441e-58,3.91088e-57,6.74716e-60,1.82763e-58,1.38414e-58,4.39109e-55,1.03004e-53,1.87078e-56,4.93811e-55,3.74430e-55,8.18150e-53,1.91340e-51,3.49563e-54,9.19555e-53,6.98194e-53,1.51918e-50,3.53944e-49,6.51410e-52,1.70616e-50,1.29787e-50
1.38414e-58,3.33306e-57,5.74823e-60,1.62441e-58,1.11189e-58,3.74430e-55,8.78524e-54,1.59489e-56,4.39109e-55,3.01127e-55,6.98194e-53,1.63333e-51,2.98234e-54,8.18150e-53,5.62296e-53,1.29787e-50,3.02486e-49,5.56340e-52,1.51918e-50,1.04707e-50
1.11189e-58,2.67793e-57,4.61686e-60,1.38414e-58,8.13613e-59,3.01127e-55,7.06693e-54,1.28239e-56,3.74430e-55,2.20803e-55,5.62296e-53,1.31577e-51,2.40126e-54,6.98194e-53,4.13712e-53,1.04707e-50,2.44116e-49,4.48702e-52,1.29787e-50,7.72845e-51
8.13613e-59,1.95984e-57,3.37791e-60,1.11189e-58,4.96085e-59,2.20803e-55,5.18294e-54,9.40144e-57,3.01127e-55,1.35281e-55,4.13712e-53,9.68324e-52,1.76635e-54,5.62296e-53,2.56492e-53,7.72845e-51,1.80235e-49,3.31100e-52,1.04707e-50,4.82326e-51
4.96085e-59,1.19509e-57,2.05943e-60,8.13613e-59,1.66699e-59,1.35281e-55,3.17613e-54,5.75895e-57,2.20803e-55,4.66568e-56,2.56492e-53,6.00470e-52,1.09488e-54,4.13712e-53,9.67274e-54,4.82326e-51,1.12513e-49,2.06588e-52,7.72845e-51,1.89343e-51
2.05126e-60,4.94303e-59,8.51259e-62,6.88982e-61,3.36609e-60,5.75627e-57,1.35223e-55,2.44910e-58,1.98416e-57,9.39738e-57,1.09455e-54,2.56422e-53,4.66914e-56,4.12621e-55,1.76586e-54,2.06548e-52,4.82241e-51,8.83938e-54,8.10430e-53,3.31040e-52
3.36609e-60,8.11034e-59,1.39708e-61,2.05126e-60,4.60290e-60,9.39738e-57,2.20716e-55,3.99899e-58,5.75627e-57,1.28189e-56,1.76586e-54,4.13607e-53,7.53423e-56,1.09455e-54,2.40066e-54,3.31040e-52,7.72717e-51,1.41702e-53,2.06548e-52,4.48628e-52
4.60290e-60,1.10884e-58,1.91073e-61,3.36609e-60,5.73350e-60,1.28189e-56,3.01020e-55,5.45595e-58,9.39738e-57,1.59434e-56,2.40066e-54,5.62166e-53,1.02447e-55,1.76586e-54,2.98168e-54,4.48628e-52,1.04691e-50,1.92081e-53,3.31040e-52,5.56258e-52
5.73350e-60,1.38093e-58,2.38050e-61,4.60290e-60,6.73292e-60,1.59434e-56,3.74313e-55,6.78705e-58,1.28189e-56,1.87024e-56,2.98168e-54,6.98052e-53,1.27270e-55,2.40066e-54,3.49496e-54,5.56258e-52,1.29769e-50,2.38227e-53,4.48628e-52,6.51329e-52
6.73292e-60,1.62130e-58,2.79599e-61,5.73350e-60,7.57980e-60,1.87024e-56,4.38993e-55,7.96305e-58,1.59434e-56,2.10377e-56,3.49496e-54,8.18008e-53,1.49214e-55,2.98168e-54,3.92926e-54,6.51329e-52,1.51901e-50,2.79020e-53,5.56258e-52,7.31729e-52
7.57980e-60,1.82486e-58,3.14827e-61,6.73292e-60,8.25674e-60,2.10377e-56,4.93706e-55,8.95900e-58,1.87024e-56,2.29020e-56,3.92926e-54,9.19426e-53,1.67793e-55,3.49496e-54,4.27572e-54,7.31729e-52,1.70600e-50,3.13547e-53,6.51329e-52,7.95823e-52
8.25674e-60,1.98747e-58,3.43001e-61,7.57980e-60,8.75030e-60,2.29020e-56,5.37359e-55,9.75452e-58,2.10377e-56,2.42592e-56,4.27572e-54,1.00028e-52,1.82624e-55,3.92926e-54,4.52775e-54,7.95823e-52,1.85494e-50,3.41093e-53,7.31729e-52,8.42412e-52
8.75030e-60,2.10596e-58,3.63554e-61,8.25674e-60,9.05098e-60,2.42592e-56,5.69122e-55,1.03339e-57,2.29020e-56,2.50838e-56,4.52775e-54,1.05905e-52,1.93419e-55,4.27572e-54,4.68078e-54,8.42412e-52,1.96312e-50,3.61129e-53,7.95823e-52,8.70682e-52
9.05098e-60,2.17811e-58,3.76082e-61,8.75030e-60,9.15310e-60,2.50838e-56,5.88414e-55,1.06861e-57,2.42592e-56,2.53609e-56,4.68078e-54,1.09473e-52,1.99976e-55,4.52775e-54,4.73215e-54,8.70682e-52,2.02872e-50,3.73292e-53,8.42412e-52,8.80164e-52
9.15310e-60,2.20258e-58,3.80343e-61,9.05098e-60,9.05470e-60,2.53609e-56,5.94893e-55,1.08044e-57,2.50838e-56,2.50853e-56,4.73215e-54,1.10670e-52,2.02178e-55,4.68078e-54,4.68097e-54,8.80164e-52,2.05072e-50,3.77373e-53,8.70682e-52,8.70705e-52
9.05470e-60,2.17892e-58,3.76253e-61,9.15310e-60,8.75753e-60,2.50853e-56,5.88446e-55,1.06868e-57,2.53609e-56,2.42621e-56,4.68097e-54,1.09476e-52,1.99985e-55,4.73215e-54,4.52811e-54,8.70705e-52,2.02877e-50,3.73303e-53,8.80164e-52,8.42456e-52
8.75753e-60,2.10754e-58,3.63885e-61,9.05470e-60,8.26703e-60,2.42621e-56,5.69184e-55,1.03353e-57,2.50853e-56,2.29060e-56,4.52811e-54,1.05913e-52,1.93436e-55,4.68097e-54,4.27622e-54,8.42456e-52,1.96321e-50,3.61149e-53,8.70705e-52,7.95885e-52
8.26703e-60,1.98972e-58,3.43473e-61,8.75753e-60,7.59250e-60,2.29060e-56,5.37446e-55,9.75641e-58,2.42621e-56,2.10426e-56,4.27622e-54,1.00038e-52,1.82648e-55,4.52811e-54,3.92986e-54,7.95885e-52,1.85507e-50,3.41122e-53,8.42456e-52,7.31803e-52
7.59250e-60,1.82763e-58,3.15408e-61,8.26703e-60,6.74716e-60,2.10426e-56,4.93811e-55,8.96129e-58,2.29060e-56,1.87078e-56,3.92986e-54,9.19555e-53,1.67822e-55,4.27622e-54,3.49563e-54,7.31803e-52,1.70616e-50,3.13582e-53,7.95885e-52,6.51410e-52
6.74716e-60,1.62441e-58,2.80251e-61,7.59250e-60,5.74823e-60,1.87078e-56,4.39109e-55,7.96557e-58,2.10426e-56,1.59489e-56,3.49563e-54,8.18150e-53,1.49245e-55,3.92986e-54,2.98234e-54,6.51410e-52,1.51918e-50,2.79058e-53,7.31803e-52,5.56340e-52
5.74823e-60,1.38414e-58,2.38724e-61,6.74716e-60,4.61686e-60,1.59489e-56,3.74430e-55,6.78958e-58,1.87078e-56,1.28239e-56,2.98234e-54,6.98194e-53,1.27301e-55,3.49563e-54,2.40126e-54,5.56340e-52,1.29787e-50,2.38265e-53,6.51410e-52,4.48702e-52
4.61686e-60,1.11189e-58,1.91713e-61,5.74823e-60,3.37791e-60,1.28239e-56,3.01127e-55,5.45827e-58,1.59489e-56,9.40144e-57,2.40126e-54,5.62296e-53,1.02476e-55,2.98234e-54,1.76635e-54,4.48702e-52,1.04707e-50,1.92116e-53,5.56340e-52,3.31100e-52
3.37791e-60,8.13613e-59,1.40250e-61,4.61686e-60,2.05943e-60,9.40144e-57,2.20803e-55,4.00087e-58,1.28239e-56,5.75895e-57,1.76635e-54,4.13712e-53,7.53653e-56,2.40126e-54,1.09488e-54,3.31100e-52,7.72845e-51,1.41730e-53,4.48702e-52,2.06588e-52
2.05943e-60,4.96085e-59,8.55006e-62,3.37791e-60,6.92000e-61,5.75895e-57,1.35281e-55,2.45034e-58,9.40144e-57,1.98518e-57,1.09488e-54,2.56492e-53,4.67067e-56,1.76635e-54,4.12753e-55,2.06588e-52,4.82326e-51,8.84125e-54,3.31100e-52,8.10599e-53
8.51259e-62,2.05126e-60,3.53268e-63,2.85899e-62,1.39708e-61,2.44910e-58,5.75627e-57,1.04149e-59,8.43774e-59,3.99899e-58,4.66914e-56,1.09455e-54,1.99054e-57,1.75958e-56,7.53423e-56,8.83938e-54,2.06548e-52,3.77993e-55,3.46674e-54,1.41702e-53
1.39708e-61,3.36609e-60,5.79855e-63,8.51259e-62,1.91073e-61,3.99899e-58,9.39738e-57,1.70087e-59,2.44910e-58,5.45595e-58,7.53423e-56,1.76586e-54,3.21253e-57,4.66914e-56,1.02447e-55,1.41702e-53,3.31040e-52,6.06071e-55,8.83938e-54,1.92081e-53
1.91073e-61,4.60290e-60,7.93163e-63,1.39708e-61,2.38050e-61,5.45595e-58,1.28189e-56,2.32091e-59,3.99899e-58,6.78705e-58,1.02447e-55,2.40066e-54,4.36905e-57,7.53423e-56,1.27270e-55,1.92081e-53,4.48628e-52,8.21725e-55,1.41702e-53,2.38227e-53
2.38050e-61,5.73350e-60,9.88343e-63,1.91073e-61,2.79599e-61,6.78705e-58,1.59434e-56,2.88764e-59,5.45595e-58,7.96305e-58,1.27270e-55,2.98168e-54,5.42876e-57,1.02447e-55,1.49214e-55,2.38227e-53,5.56258e-52,1.01938e-54,1.92081e-53,2.79020e-53
2.79599e-61,6.73292e-60,1.16106e-62,2.38050e-61,3.14827e-61,7.96305e-58,1.87024e-56,3.38856e-59,6.78705e-58,8.95900e-58,1.49214e-55,3.49496e-54,6.36610e-57,1.27270e-55,1.67793e-55,2.79020e-53,6.51329e-52,1.19423e-54,2.38227e-53,3.13547e-53
3.14827e-61,7.57980e-60,1.30757e-62,2.79599e-61,3.43001e-61,8.95900e-58,2.10377e-56,3.81301e-59,7.96305e-58,9.75452e-58,1.67793e-55,3.92926e-54,7.16019e-57,1.49214e-55,1.82624e-55,3.13547e-53,7.31729e-52,1.34233e-54,2.79020e-53,3.41093e-53
3.43001e-61,8.25674e-60,1.42481e-62,3.14827e-61,3.63554e-61,9.75452e-58,2.29020e-56,4.15219e-59,8.95900e-58,1.03339e-57,1.82624e-55,4.27572e-54,7.79446e-57,1.67793e-55,1.93419e-55,3.41093e-53,7.95823e-52,1.46057e-54,3.13547e-53,3.61129e-53
3.63554e-61,8.75030e-60,1.51039e-62,3.43001e-61,3.76082e-61,1.03339e-57,2.42592e-56,4.39932e-59,9.75452e-58,1.06861e-57,1.93419e-55,4.52775e-54,8.25633e-57,1.82624e-55,1.99976e-55,3.61129e-53,8.42412e-52,1.54663e-54,3.41093e-53,3.73292e-53
3.76082e-61,9.05098e-60,1.56257e-62,3.63554e-61,3.80343e-61,1.06861e-57,2.50838e-56,4.54958e-59,1.03339e-57,1.08044e-57,1.99976e-55,4.68078e-54,8.53699e-57,1.93419e-55,2.02178e-55,3.73292e-53,8.70682e-52,1.59889e-54,3.61129e-53,3.77373e-53
3.80343e-61,9.15310e-60,1.58035e-62,3.76082e-61,3.76253e-61,1.08044e-57,2.53609e-56,4.60010e-59,1.06861e-57,1.06868e-57,2.02178e-55,4.73215e-54,8.63126e-57,1.99976e-55,1.99985e-55,3.77373e-53,8.80164e-52,1.61643e-54,3.73292e-53,3.73303e-53
3.76253e-61,9.05470e-60,1.56336e-62,3.80343e-61,3.63885e-61,1.06868e-57,2.50853e-56,4.54990e-59,1.08044e-57,1.03353e-57,1.99985e-55,4.68097e-54,8.53740e-57,2.02178e-55,1.93436e-55,3.73303e-53,8.70705e-52,1.59894e-54,3.77373e-53,3.61149e-53
3.63885e-61,8.75753e-60,1.51191e-62,3.76253e-61,3.43473e-61,1.03353e-57,2.42621e-56,4.39994e-59,1.06868e-57,9.75641e-58,1.93436e-55,4.52811e-54,8.25711e-57,1.99985e-55,1.82648e-55,3.61149e-53,8.42456e-52,1.54672e-54,3.73303e-53,3.41122e-53
3.43473e-61,8.26703e-60,1.42698e-62,3.63885e-61,3.15408e-61,9.75641e-58,2.29060e-56,4.15306e-59,1.03353e-57,8.96129e-58,1.82648e-55,4.27622e-54,7.79556e-57,1.93436e-55,1.67822e-55,3.41122e-53,7.95885e-52,1.46071e-54,3.61149e-53,3.13582e-53
3.15408e-61,7.59250e-60,1.31025e-62,3.43473e-61,2.80251e-61,8.96129e-58,2.10426e-56,3.81407e-59,9.75641e-58,7.96557e-58,1.67822e-55,3.92986e-54,7.16152e-57,1.82648e-55,1.49245e-55,3.13582e-53,7.31803e-52,1.34250e-54,3.41122e-53,2.79058e-53
2.80251e-61,6.74716e-60,1.16405e-62,3.15408e-61,2.38724e-61,7.96557e-58,1.87078e-56,3.38973e-59,8.96129e-58,6.78958e-58,1.49245e-55,3.49563e-54,6.36755e-57,1.67822e-55,1.27301e-55,2.79058e-53,6.51410e-52,1.19441e-54,3.13582e-53,2.38265e-53
2.38724e-61,5.74823e-60,9.91442e-63,2.80251e-61,1.91713e-61,6.78958e-58,1.59489e-56,2.88881e-59,7.96557e-58,5.45827e-58,1.27301e-55,2.98234e-54,5.43022e-57,1.49245e-55,1.02476e-55,2.38265e-53,5.56340e-52,1.01956e-54,2.79058e-53,1.92116e-53
1.91713e-61,4.61686e-60,7.96104e-63,2.38724e-61,1.40250e-61,5.45827e-58,1.28239e-56,2.32199e-59,6.78958e-58,4.00087e-58,1.02476e-55,2.40126e-54,4.37038e-57,1.27301e-55,7.53653e-56,1.92116e-53,4.48702e-52,8.21887e-55,2.38265e-53,1.41730e-53
1.40250e-61,3.37791e-60,5.82345e-63,1.91713e-61,8.55006e-62,4.00087e-58,9.40144e-57,1.70174e-59,5.45827e-58,2.45034e-58,7.53653e-56,1.76635e-54,3.21360e-57,1.02476e-55,4.67067e-56,1.41730e-53,3.31100e-52,6.06203e-55,1.92116e-53,8.84125e-54
8.55006e-62,2.05943e-60,3.54991e-63,1.40250e-61,2.87284e-62,2.45034e-58,5.75895e-57,1.04206e-59,4.00087e-58,8.44244e-59,4.67067e-56,1.09488e-54,1.99125e-57,7.53653e-56,1.76020e-56,8.84125e-54,2.06588e-52,3.78081e-55,1.41730e-53,3.46753e-54
3.53268e-63,8.51259e-62,1.46603e-64,1.18637e-63,5.79855e-63,1.04149e-59,2.44910e-58,4.42682e-61,3.58646e-60,1.70087e-59,1.99054e-57,4.66914e-56,8.48103e-59,7.49906e-58,3.21253e-57,3.77993e-55,8.83938e-54,1.61519e-56,1.48184e-55,6.06071e-55
5.79855e-63,1.39708e-61,2.40664e-64,3.53268e-63,7.93163e-63,1.70087e-59,3.99899e-58,7.23062e-61,1.04149e-59,2.32091e-59,3.21253e-57,7.53423e-56,1.36897e-58,1.99054e-57,4.36905e-57,6.06071e-55,1.41702e-53,2.59025e-56,3.77993e-55,8.21725e-55
7.93163e-63,1.91073e-61,3.29244e-64,5.79855e-63,9.88343e-63,2.32091e-59,5.45595e-58,9.86795e-61,1.70087e-59,2.88764e-59,4.36905e-57,1.02447e-55,1.86210e-58,3.21253e-57,5.42876e-57,8.21725e-55,1.92081e-53,3.51260e-56,6.06071e-55,1.01938e-54
9.88343e-63,2.38050e-61,4.10331e-64,7.93163e-63,1.16106e-62,2.88764e-59,6.78705e-58,1.22794e-60,2.32091e-59,3.38856e-59,5.42876e-57,1.27270e-55,2.31417e-58,4.36905e-57,6.36610e-57,1.01938e-54,2.38227e-53,4.35845e-56,8.21725e-55,1.19423e-54
1.16106e-62,2.79599e-61,4.82119e-64,9.88343e-63,1.30757e-62,3.38856e-59,7.96305e-58,1.44117e-60,2.88764e-59,3.81301e-59,6.36610e-57,1.49214e-55,2.71424e-58,5.42876e-57,7.16019e-57,1.19423e-54,2.79020e-53,5.10718e-56,1.01938e-54,1.34233e-54
1.30757e-62,3.14827e-61,5.43048e-64,1.16106e-62,1.42481e-62,3.81301e-59,8.95900e-58,1.62193e-60,3.38856e-59,4.15219e-59,7.16019e-57,1.67793e-55,3.05336e-58,6.36610e-57,7.79446e-57,1.34233e-54,3.13547e-53,5.74178e-56,1.19423e-54,1.46057e-54
1.42481e-62,3.43001e-61,5.91827e-64,1.30757e-62,1.51039e-62,4.15219e-59,9.75452e-58,1.76644e-60,3.81301e-59,4.39932e-59,7.79446e-57,1.82624e-55,3.32436e-58,7.16019e-57,8.25633e-57,1.46057e-54,3.41093e-53,6.24874e-56,1.34233e-54,1.54663e-54
1.51039e-62,3.63554e-61,6.27446e-64,1.42481e-62,1.56257e-62,4.39932e-59,1.03339e-57,1.87177e-60,4.15219e-59,4.54958e-59,8.25633e-57,1.93419e-55,3.52178e-58,7.79446e-57,8.53699e-57,1.54663e-54,3.61129e-53,6.61789e-56,1.46057e-54,1.59889e-54
1.56257e-62,3.76082e-61,6.49183e-64,1.51039e-62,1.58035e-62,4.54958e-59,1.06861e-57,1.93583e-60,4.39932e-59,4.60010e-59,8.53699e-57,1.99976e-55,3.64179e-58,8.25633e-57,8.63126e-57,1.59889e-54,3.73292e-53,6.84218e-56,1.54663e-54,1.61643e-54
1.58035e-62,3.80343e-61,6.56600e-64,1.56257e-62,1.56336e-62,4.60010e-59,1.08044e-57,1.95737e-60,4.54958e-59,4.54990e-59,8.63126e-57,2.02178e-55,3.68211e-58,8.53699e-57,8.53740e-57,1.61643e-54,3.77373e-53,6.91748e-56,1.59889e-54,1.59894e-54
1.56336e-62,3.76253e-61,6.49544e-64,1.58035e-62,1.51191e-62,4.54990e-59,1.06868e-57,1.93598e-60,4.60010e-59,4.39994e-59,8.53740e-57,1.99985e-55,3.64198e-58,8.63126e-57,8.25711e-57,1.59894e-54,3.73303e-53,6.84242e-56,1.61643e-54,1.54672e-54
1.51191e-62,3.63885e-61,6.28147e-64,1.56336e-62,1.42698e-62,4.39994e-59,1.03353e-57,1.87205e-60,4.54990e-59,4.15306e-59,8.25711e-57,1.93436e-55,3.52215e-58,8.53740e-57,7.79556e-57,1.54672e-54,3.61149e-53,6.61834e-56,1.59894e-54,1.46071e-54
1.42698e-62,3.43473e-61,5.92824e-64,1.51191e-62,1.31025e-62,4.15306e-59,9.75641e-58,1.76684e-60,4.39994e-59,3.81407e-59,7.79556e-57,1.82648e-55,3.32487e-58,8.25711e-57,7.16152e-57,1.46071e-54,3.41122e-53,6.24938e-56,1.54672e-54,1.34250e-54
1.31025e-62,3.15408e-61,5.44279e-64,1.42698e-62,1.16405e-62,3.81407e-59,8.96129e-58,1.62242e-60,4.15306e-59,3.38973e-59,7.16152e-57,1.67822e-55,3.05398e-58,7.79556e-57,6.36755e-57,1.34250e-54,3.13582e-53,5.74256e-56,1.46071e-54,1.19441e-54
1.16405e-62,2.80251e-61,4.83499e-64,1.31025e-62,9.91442e-63,3.38973e-59,7.96557e-58,1.44171e-60,3.81407e-59,2.88881e-59,6.36755e-57,1.49245e-55,2.71492e-58,7.16152e-57,5.43022e-57,1.19441e-54,2.79058e-53,5.10803e-56,1.34250e-54,1.01956e-54
9.91442e-63,2.38724e-61,4.11758e-64,1.16405e-62,7.96104e-63,2.88881e-59,6.78958e-58,1.22848e-60,3.38973e-59,2.32199e-59,5.43022e-57,1.27301e-55,2.31485e-58,6.36755e-57,4.37038e-57,1.01956e-54,2.38265e-53,4.35929e-56,1.19441e-54,8.21887e-55
7.96104e-63,1.91713e-61,3.30598e-64,9.91442e-63,5.82345e-63,2.32199e-59,5.45827e-58,9.87292e-61,2.88881e-59,1.70174e-59,4.37038e-57,1.02476e-55,1.86272e-58,5.43022e-57,3.21360e-57,8.21887e-55,1.92116e-53,3.51336e-56,1.01956e-54,6.06203e-55
5.82345e-63,1.40250e-61,2.41810e-64,7.96104e-63,3.54991e-63,1.70174e-59,4.00087e-58,7.23465e-61,2.32199e-59,1.04206e-59,3.21360e-57,7.53653e-56,1.36946e-58,4.37038e-57,1.99125e-57,6.06203e-55,1.41730e-53,2.59086e-56,8.21887e-55,3.78081e-55
3.54991e-63,8.55006e-62,1.47397e-64,5.82345e-63,1.19274e-63,1.04206e-59,2.45034e-58,4.42948e-61,1.70174e-59,3.58863e-60,1.99125e-57,4.67067e-56,8.48435e-59,3.21360e-57,7.50193e-58,3.78081e-55,8.84125e-54,1.61560e-56,6.06203e-55,1.48221e-55
1.46603e-64,3.53268e-63,6.08373e-66,4.92293e-65,2.40664e-64,4.42682e-61,1.04149e-59,1.88073e-62,1.52371e-61,7.23062e-61,8.48103e-59,1.99054e-57,3.61144e-60,3.19414e-59,1.36897e-58,1.61519e-56,3.77993e-55,6.89693e-58,6.32946e-57,2.59025e-56
2.40664e-64,5.79855e-63,9.98823e-66,1.46603e-64,3.29244e-64,7.23062e-61,1.70087e-59,3.07237e-62,4.42682e-61,9.86795e-61,1.36897e-58,3.21253e-57,5.83024e-60,8.48103e-59,1.86210e-58,2.59025e-56,6.06071e-55,1.10623e-57,1.61519e-56,3.51260e-56
3.29244e-64,7.93163e-63,1.36665e-65,2.40664e-64,4.10331e-64,9.86795e-61,2.32091e-59,4.19354e-62,7.23062e-61,1.22794e-60,1.86210e-58,4.36905e-57,7.93164e-60,1.36897e-58,2.31417e-58,3.51260e-56,8.21725e-55,1.50041e-57,2.59025e-56,4.35845e-56
4.10331e-64,9.88343e-63,1.70350e-65,3.29244e-64,4.82119e-64,1.22794e-60,2.88764e-59,5.21902e-62,9.86795e-61,1.44117e-60,2.31417e-58,5.42876e-57,9.85882e-60,1.86210e-58,2.71424e-58,4.35845e-56,1.01938e-54,1.86207e-57,3.51260e-56,5.10718e-56
4.82119e-64,1.16106e-62,2.00185e-65,4.10331e-64,5.43048e-64,1.44117e-60,3.38856e-59,6.12618e-62,1.22794e-60,1.62193e-60,2.71424e-58,6.36610e-57,1.15651e-59,2.31417e-58,3.05336e-58,5.10718e-56,1.19423e-54,2.18239e-57,4.35845e-56,5.74178e-56
5.43048e-64,1.30757e-62,2.25519e-65,4.82119e-64,5.91827e-64,1.62193e-60,3.81301e-59,6.89546e-62,1.44117e-60,1.76644e-60,3.05336e-58,7.16019e-57,1.30121e-59,2.71424e-58,3.32436e-58,5.74178e-56,1.34233e-54,2.45404e-57,5.10718e-56,6.24874e-56
5.91827e-64,1.42481e-62,2.45811e-65,5.43048e-64,6.27446e-64,1.76644e-60,4.15219e-59,7.51071e-62,1.62193e-60,1.87177e-60,3.32436e-58,7.79446e-57,1.41690e-59,3.05336e-58,3.52178e-58,6.24874e-56,1.46057e-54,2.67116e-57,5.74178e-56,6.61789e-56
6.27446e-64,1.51039e-62,2.60635e-65,5.91827e-64,6.49183e-64,1.87177e-60,4.39932e-59,7.95929e-62,1.76644e-60,1.93583e-60,3.52178e-58,8.25633e-57,1.50121e-59,3.32436e-58,3.64179e-58,6.61789e-56,1.54663e-54,2.82934e-57,6.24874e-56,6.84218e-56
6.49183e-64,1.56257e-62,2.69688e-65,6.27446e-64,6.56600e-64,1.93583e-60,4.54958e-59,8.23219e-62,1.87177e-60,1.95737e-60,3.64179e-58,8.53699e-57,1.55248e-59,3.52178e-58,3.68211e-58,6.84218e-56,1.59889e-54,2.92549e-57,6.61789e-56,6.91748e-56
6.56600e-64,1.58035e-62,2.72782e-65,6.49183e-64,6.49544e-64,1.95737e-60,4.60010e-59,8.32399e-62,1.93583e-60,1.93598e-60,3.68211e-58,8.63126e-57,1.56971e-59,3.64179e-58,3.64198e-58,6.91748e-56,1.61643e-54,2.95777e-57,6.84218e-56,6.84242e-56
6.49544e-64,1.56336e-62,2.69854e-65,6.56600e-64,6.28147e-64,1.93598e-60,4.54990e-59,8.23288e-62,1.95737e-60,1.87205e-60,3.64198e-58,8.53740e-57,1.55257e-59,3.68211e-58,3.52215e-58,6.84242e-56,1.59894e-54,2.92560e-57,6.91748e-56,6.61834e-56
6.28147e-64,1.51191e-62,2.60959e-65,6.49544e-64,5.92824e-64,1.87205e-60,4.39994e-59,7.96062e-62,1.93598e-60,1.76684e-60,3.52215e-58,8.25711e-57,1.50138e-59,3.64198e-58,3.32487e-58,6.61834e-56,1.54672e-54,2.82956e-57,6.84242e-56,6.24938e-56
5.92824e-64,1.42698e-62,2.46272e-65,6.28147e-64,5.44279e-64,1.76684e-60,4.15306e-59,7.51258e-62,1.87205e-60,1.62242e-60,3.32487e-58,7.79556e-57,1.41714e-59,3.52215e-58,3.05398e-58,6.24938e-56,1.46071e-54,2.67146e-57,6.61834e-56,5.74256e-56
5.44279e-64,1.31025e-62,2.26088e-65,5.92824e-64,4.83499e-64,1.62242e-60,3.81407e-59,6.89774e-62,1.76684e-60,1.44171e-60,3.05398e-58,7.16152e-57,1.30150e-59,3.32487e-58,2.71492e-58,5.74256e-56,1.34250e-54,2.45440e-57,6.24938e-56,5.10803e-56
4.83499e-64,1.16405e-62,2.00822e-65,5.44279e-64,4.11758e-64,1.44171e-60,3.38973e-59,6.12868e-62,1.62242e-60,1.22848e-60,2.71492e-58,6.36755e-57,1.15683e-59,3.05398e-58,2.31485e-58,5.10803e-56,1.19441e-54,2.18278e-57,5.74256e-56,4.35929e-56
4.11758e-64,9.91442e-63,1.71009e-65,4.83499e-64,3.30598e-64,1.22848e-60,2.88881e-59,5.22153e-62,1.44171e-60,9.87292e-61,2.31485e-58,5.43022e-57,9.86197e-60,2.71492e-58,1.86272e-58,4.35929e-56,1.01956e-54,1.86246e-57,5.10803e-56,3.51336e-56
3.30598e-64,7.96104e-63,1.37290e-65,4.11758e-64,2.41810e-64,9.87292e-61,2.32199e-59,4.19584e-62,1.22848e-60,7.23465e-61,1.86272e-58,4.37038e-57,7.93451e-60,2.31485e-58,1.36946e-58,3.51336e-56,8.21887e-55,1.50076e-57,4.35929e-56,2.59086e-56
2.41810e-64,5.82345e-63,1.00411e-65,3.30598e-64,1.47397e-64,7.23465e-61,1.70174e-59,3.07423e-62,9.87292e-61,4.42948e-61,1.36946e-58,3.21360e-57,5.83256e-60,1.86272e-58,8.48435e-59,2.59086e-56,6.06203e-55,1.10652e-57,3.51336e-56,1.61560e-56
1.47397e-64,3.54991e-63,6.12034e-66,2.41810e-64,4.95228e-65,4.42948e-61,1.04206e-59,1.88196e-62,7.23465e-61,1.52472e-61,8.48435e-59,1.99125e-57,3.61297e-60,1.36946e-58,3.19548e-59,1.61560e-56,3.78081e-55,6.89885e-58,2.59086e-56,6.33119e-57
6.08373e-66,1.46603e-64,2.52451e-67,2.04275e-66,9.98823e-66,1.88073e-62,4.42682e-61,7.98664e-64,6.47060e-63,3.07237e-62,3.61144e-60,8.48103e-59,1.53700e-61,1.35976e-60,5.83024e-60,6.89693e-58,1.61519e-56,2.94304e-59,2.70169e-58,1.10623e-57
9.98823e-66,2.40664e-64,4.14521e-67,6.08373e-66,1.36665e-65,3.07237e-62,7.23062e-61,1.30488e-63,1.88073e-62,4.19354e-62,5.83024e-60,1.36897e-58,2.48164e-61,3.61144e-60,7.93164e-60,1.10623e-57,2.59025e-56,4.72119e-59,6.89693e-58,1.50041e-57
1.36665e-65,3.29244e-64,5.67251e-67,9.98823e-66,1.70350e-65,4.19354e-62,9.86795e-61,1.78127e-63,3.07237e-62,5.21902e-62,7.93164e-60,1.86210e-58,3.37656e-61,5.83024e-60,9.85882e-60,1.50041e-57,3.51260e-56,6.40447e-59,1.10623e-57,1.86207e-57
1.70350e-65,4.10331e-64,7.07173e-67,1.36665e-65,2.00185e-65,5.21902e-62,1.22794e-60,2.21713e-63,4.19354e-62,6.12618e-62,9.85882e-60,2.31417e-58,4.19758e-61,7.93164e-60,1.15651e-59,1.86207e-57,4.35845e-56,7.94959e-59,1.50041e-57,2.18239e-57
2.00185e-65,4.82119e-64,8.31156e-67,1.70350e-65,2.25519e-65,6.12618e-62,1.44117e-60,2.60283e-63,5.21902e-62,6.89546e-62,1.15651e-59,2.71424e-58,4.92481e-61,9.85882e-60,1.30121e-59,2.18239e-57,5.10718e-56,9.31879e-59,1.86207e-57,2.45404e-57
2.25519e-65,5.43048e-64,9.36481e-67,2.00185e-65,2.45811e-65,6.89546e-62,1.62193e-60,2.93003e-63,6.12618e-62,7.51071e-62,1.30121e-59,3.05336e-58,5.54179e-61,1.15651e-59,1.41690e-59,2.45404e-57,5.74178e-56,1.04805e-58,2.18239e-57,2.67116e-57
2.45811e-65,5.91827e-64,1.02088e-66,2.25519e-65,2.60635e-65,7.51071e-62,1.76644e-60,3.19180e-63,6.89546e-62,7.95929e-62,1.41690e-59,3.32436e-58,6.03527e-61,1.30121e-59,1.50121e-59,2.67116e-57,6.24874e-56,1.14096e-58,2.45404e-57,2.82934e-57
2.60635e-65,6.27446e-64,1.08257e-66,2.45811e-65,2.69688e-65,7.95929e-62,1.87177e-60,3.38271e-63,7.51071e-62,8.23219e-62,1.50121e-59,3.52178e-58,6.39503e-61,1.41690e-59,1.55248e-59,2.82934e-57,6.61789e-56,1.20866e-58,2.67116e-57,2.92549e-57
2.69688e-65,6.49183e-64,1.12026e-66,2.60635e-65,2.72782e-65,8.23219e-62,1.93583e-60,3.49888e-63,7.95929e-62,8.32399e-62,1.55248e-59,3.64179e-58,6.61384e-61,1.50121e-59,1.56971e-59,2.92549e-57,6.84218e-56,1.24983e-58,2.82934e-57,2.95777e-57
2.72782e-65,6.56600e-64,1.13318e-66,2.69688e-65,2.69854e-65,8.32399e-62,1.95737e-60,3.53797e-63,8.23219e-62,8.23288e-62,1.56971e-59,3.68211e-58,6.68740e-61,1.55248e-59,1.55257e-59,2.95777e-57,6.91748e-56,1.26366e-58,2.92549e-57,2.92560e-57
2.69854e-65,6.49544e-64,1.12104e-66,2.72782e-65,2.60959e-65,8.23288e-62,1.93598e-60,3.49920e-63,8.32399e-62,7.96062e-62,1.55257e-59,3.64198e-58,6.61425e-61,1.56971e-59,1.50138e-59,2.92560e-57,6.84242e-56,1.24988e-58,2.95777e-57,2.82956e-57
2.60959e-65,6.28147e-64,1.08407e-66,2.69854e-65,2.46272e-65,7.96062e-62,1.87205e-60,3.38333e-63,8.23288e-62,7.51258e-62,1.50138e-59,3.52215e-58,6.39582e-61,1.55257e-59,1.41714e-59,2.82956e-57,6.61834e-56,1.20876e-58,2.92560e-57,2.67146e-57
2.46272e-65,5.92824e-64,1.02301e-66,2.60959e-65,2.26088e-65,7.51258e-62,1.76684e-60,3.19266e-63,7.96062e-62,6.89774e-62,1.41714e-59,3.32487e-58,6.03637e-61,1.50138e-59,1.30150e-59,2.67146e-57,6.24938e-56,1.14110e-58,2.82956e-57,2.45440e-57
2.26088e-65,5.44279e-64,9.39111e-67,2.46272e-65,2.00822e-65,6.89774e-62,1.62242e-60,2.93108e-63,7.51258e-62,6.12868e-62,1.30150e-59,3.05398e-58,5.54313e-61,1.41714e-59,1.15683e-59,2.45440e-57,5.74256e-56,1.04822e-58,2.67146e-57,2.18278e-57
2.00822e-65,4.83499e-64,8.34104e-67,2.26088e-65,1.71009e-65,6.12868e-62,1.44171e-60,2.60399e-63,6.89774e-62,5.22153e-62,1.15683e-59,2.71492e-58,4.92627e-61,1.30150e-59,9.86197e-60,2.18278e-57,5.10803e-56,9.32063e-59,2.45440e-57,1.86246e-57
1.71009e-65,4.11758e-64,7.10219e-67,2.00822e-65,1.37290e-65,5.22153e-62,1.22848e-60,2.21829e-63,6.12868e-62,4.19584e-62,9.86197e-60,2.31485e-58,4.19905e-61,1.15683e-59,7.93451e-60,1.86246e-57,4.35929e-56,7.95143e-59,2.18278e-57,1.50076e-57
1.37290e-65,3.30598e-64,5.70140e-67,1.71009e-65,1.00411e-65,4.19584e-62,9.87292e-61,1.78233e-63,5.22153e-62,3.07423e-62,7.93451e-60,1.86272e-58,3.37789e-61,9.86197e-60,5.83256e-60,1.50076e-57,3.51336e-56,6.40614e-59,1.86246e-57,1.10652e-57
1.00411e-65,2.41810e-64,4.16965e-67,1.37290e-65,6.12034e-66,3.07423e-62,7.23465e-61,1.30574e-63,4.19584e-62,1.88196e-62,5.83256e-60,1.36946e-58,2.48272e-61,7.93451e-60,3.61297e-60,1.10652e-57,2.59086e-56,4.72253e-59,1.50076e-57,6.89885e-58
6.12034e-66,1.47397e-64,2.54142e-67,1.00411e-65,2.05629e-66,1.88196e-62,4.42948e-61,7.99232e-64,3.07423e-62,6.47523e-63,3.61297e-60,8.48435e-59,1.53772e-61,5.83256e-60,1.36038e-60,6.89885e-58,1.61560e-56,2.94393e-59,1.10652e-57,2.70250e-58
2.52451e-67,6.08373e-66,1.04588e-68,8.47591e-68,4.14521e-67,7.98664e-64,1.88073e-62,3.38464e-65,2.74660e-64,1.30488e-63,1.53700e-61,3.61144e-60,6.52793e-63,5.78546e-62,2.48164e-61,2.94304e-59,6.89693e-58,1.25312e-60,1.15245e-59,4.72119e-59
4.14521e-67,9.98823e-66,1.71752e-68,2.52451e-67,5.67251e-67,1.30488e-63,3.07237e-62,5.53057e-65,7.98664e-64,1.78127e-63,2.48164e-61,5.83024e-60,1.05411e-62,1.53700e-61,3.37656e-61,4.72119e-59,1.10623e-57,2.01050e-60,2.94304e-59,6.40447e-59
5.67251e-67,1.36665e-65,2.35065e-68,4.14521e-67,7.07173e-67,1.78127e-63,4.19354e-62,7.55051e-65,1.30488e-63,2.21713e-63,3.37656e-61,7.93164e-60,1.43441e-62,2.48164e-61,4.19758e-61,6.40447e-59,1.50041e-57,2.72770e-60,4.72119e-59,7.94959e-59
7.07173e-67,1.70350e-65,2.93090e-68,5.67251e-67,8.31156e-67,2.21713e-63,5.21902e-62,9.39908e-65,1.78127e-63,2.60283e-63,4.19758e-61,9.85882e-60,1.78342e-62,3.37656e-61,4.92481e-61,7.94959e-59,1.86207e-57,3.38630e-60,6.40447e-59,9.31879e-59
8.31156e-67,2.00185e-65,3.44526e-68,7.07173e-67,9.36481e-67,2.60283e-63,6.12618e-62,1.10354e-64,2.21713e-63,2.93003e-63,4.92481e-61,1.15651e-59,2.09268e-62,4.19758e-61,5.54179e-61,9.31879e-59,2.18239e-57,3.97017e-60,7.94959e-59,1.04805e-58
9.36481e-67,2.25519e-65,3.88240e-68,8.31156e-67,1.02088e-66,2.93003e-63,6.89546e-62,1.24240e-64,2.60283e-63,3.19180e-63,5.54179e-61,1.30121e-59,2.35515e-62,4.92481e-61,6.03527e-61,1.04805e-58,2.45404e-57,4.46580e-60,9.31879e-59,1.14096e-58
1.02088e-66,2.45811e-65,4.23285e-68,9.36481e-67,1.08257e-66,3.19180e-63,7.51071e-62,1.35352e-64,2.93003e-63,3.38271e-63,6.03527e-61,1.41690e-59,2.56516e-62,5.54179e-61,6.39503e-61,1.14096e-58,2.67116e-57,4.86233e-60,1.04805e-58,1.20866e-58
1.08257e-66,2.60635e-65,4.48913e-68,1.02088e-66,1.12026e-66,3.38271e-63,7.95929e-62,1.43459e-64,3.19180e-63,3.49888e-63,6.39503e-61,1.50121e-59,2.71831e-62,6.03527e-61,6.61384e-61,1.20866e-58,2.82934e-57,5.15143e-60,1.14096e-58,1.24983e-58
1.12026e-66,2.69688e-65,4.64582e-68,1.08257e-66,1.13318e-66,3.49888e-63,8.23219e-62,1.48393e-64,3.38271e-63,3.53797e-63,6.61384e-61,1.55248e-59,2.81149e-62,6.39503e-61,6.68740e-61,1.24983e-58,2.92549e-57,5.32725e-60,1.20866e-58,1.26366e-58
1.13318e-66,2.72782e-65,4.69964e-68,1.12026e-66,1.12104e-66,3.53797e-63,8.32399e-62,1.50054e-64,3.49888e-63,3.49920e-63,6.68740e-61,1.56971e-59,2.84282e-62,6.61384e-61,6.61425e-61,1.26366e-58,2.95777e-57,5.38632e-60,1.24983e-58,1.24988e-58
1.12104e-66,2.69854e-65,4.64940e-68,1.13318e-66,1.08407e-66,3.49920e-63,8.23288e-62,1.48407e-64,3.53797e-63,3.38333e-63,6.61425e-61,1.55257e-59,2.81168e-62,6.68740e-61,6.39582e-61,1.24988e-58,2.92560e-57,5.32749e-60,1.26366e-58,1.20876e-58
1.08407e-66,2.60959e-65,4.49607e-68,1.12104e-66,1.02301e-66,3.38333e-63,7.96062e-62,1.43487e-64,3.49920e-63,3.19266e-63,6.39582e-61,1.50138e-59,2.71868e-62,6.61425e-61,6.03637e-61,1.20876e-58,2.82956e-57,5.15189e-60,1.24988e-58,1.14110e-58
1.02301e-66,2.46272e-65,4.24272e-68,1.08407e-66,9.39111e-67,3.19266e-63,7.51258e-62,1.35392e-64,3.38333e-63,2.93108e-63,6.03637e-61,1.41714e-59,2.56567e-62,6.39582e-61,5.54313e-61,1.14110e-58,2.67146e-57,4.86298e-60,1.20876e-58,1.04822e-58
9.39111e-67,2.26088e-65,3.89457e-68,1.02301e-66,8.34104e-67,2.93108e-63,6.89774e-62,1.24288e-64,3.19266e-63,2.60399e-63,5.54313e-61,1.30150e-59,2.35577e-62,6.03637e-61,4.92627e-61,1.04822e-58,2.45440e-57,4.46659e-60,1.14110e-58,9.32063e-59
8.34104e-67,2.00822e-65,3.45889e-68,9.39111e-67,7.10219e-67,2.60399e-63,6.12868e-62,1.10407e-64,2.93108e-63,2.21829e-63,4.92627e-61,1.15683e-59,2.09336e-62,5.54313e-61,4.19905e-61,9.32063e-59,2.18278e-57,3.97102e-60,1.04822e-58,7.95143e-59
7.10219e-67,1.71009e-65,2.94497e-68,8.34104e-67,5.70140e-67,2.21829e-63,5.22153e-62,9.40443e-65,2.60399e-63,1.78233e-63,4.19905e-61,9.86197e-60,1.78410e-62,4.92627e-61,3.37789e-61,7.95143e-59,1.86246e-57,3.38715e-60,9.32063e-59,6.40614e-59
5.70140e-67,1.37290e-65,2.36399e-68,7.10219e-67,4.16965e-67,1.78233e-63,4.19584e-62,7.55540e-65,2.21829e-63,1.30574e-63,3.37789e-61,7.93451e-60,1.43503e-62,4.19905e-61,2.48272e-61,6.40614e-59,1.50076e-57,2.72848e-60,7.95143e-59,4.72253e-59
4.16965e-67,1.00411e-65,1.72879e-68,5.70140e-67,2.54142e-67,1.30574e-63,3.07423e-62,5.53454e-65,1.78233e-63,7.99232e-64,2.48272e-61,5.83256e-60,1.05461e-62,3.37789e-61,1.53772e-61,4.72253e-59,1.10652e-57,2.01113e-60,6.40614e-59,2.94393e-59
2.54142e-67,6.12034e-66,1.05368e-68,4.16965e-67,8.53841e-68,7.99232e-64,1.88196e-62,3.38726e-65,1.30574e-63,2.74874e-64,1.53772e-61,3.61297e-60,6.53122e-63,2.48272e-61,5.78833e-62,2.94393e-59,6.89885e-58,1.25354e-60,4.72253e-59,1.15282e-59
1.04588e-68,2.52451e-67,7.97011e-70,3.51129e-69,1.71752e-68,3.38464e-65,7.98664e-64,2.63397e-66,1.16353e-65,5.53057e-65,6.52793e-63,1.53700e-61,5.09749e-64,2.45618e-63,1.05411e-62,1.25312e-60,2.94304e-59,9.81203e-62,4.90436e-61,2.01050e-60
1.71752e-68,4.14521e-67,1.30876e-69,1.04588e-68,2.35065e-68,5.53057e-65,1.30488e-63,4.30296e-66,3.38464e-65,7.55051e-65,1.05411e-62,2.48164e-61,8.22757e-64,6.52793e-63,1.43441e-62,2.01050e-60,4.72119e-59,1.57360e-61,1.25312e-60,2.72770e-60
2.35065e-68,5.67251e-67,1.79138e-69,1.71752e-68,2.93090e-68,7.55051e-65,1.78127e-63,5.87444e-66,5.53057e-65,9.39908e-65,1.43441e-62,3.37656e-61,1.11953e-63,1.05411e-62,1.78342e-62,2.72770e-60,6.40447e-59,2.13489e-61,2.01050e-60,3.38630e-60
2.93090e-68,7.07173e-67,2.23385e-69,2.35065e-68,3.44526e-68,9.39908e-65,2.21713e-63,7.31298e-66,7.55051e-65,1.10354e-64,1.78342e-62,4.19758e-61,1.39202e-63,1.43441e-62,2.09268e-62,3.38630e-60,7.94959e-59,2.65056e-61,2.72770e-60,3.97017e-60
3.44526e-68,8.31156e-67,2.62623e-69,2.93090e-68,3.88240e-68,1.10354e-64,2.60283e-63,8.58670e-66,9.39908e-65,1.24240e-64,2.09268e-62,4.92481e-61,1.63356e-63,1.78342e-62,2.35515e-62,3.97017e-60,9.31879e-59,3.10794e-61,3.38630e-60,4.46580e-60
3.88240e-68,9.36481e-67,2.95982e-69,3.44526e-68,4.23285e-68,1.24240e-64,2.93003e-63,9.66784e-66,1.10354e-64,1.35352e-64,2.35515e-62,5.54179e-61,1.83863e-63,2.09268e-62,2.56516e-62,4.46580e-60,1.04805e-58,3.49636e-61,3.97017e-60,4.86233e-60
4.23285e-68,1.02088e-66,3.22736e-69,3.88240e-68,4.48913e-68,1.35352e-64,3.19180e-63,1.05333e-65,1.24240e-64,1.43459e-64,2.56516e-62,6.03527e-61,2.00276e-63,2.35515e-62,2.71831e-62,4.86233e-60,1.14096e-58,3.80722e-61,4.46580e-60,5.15143e-60
4.48913e-68,1.08257e-66,3.42310e-69,4.23285e-68,4.64582e-68,1.43459e-64,3.38271e-63,1.11648e-65,1.35352e-64,1.48393e-64,2.71831e-62,6.39503e-61,2.12249e-63,2.56516e-62,2.81149e-62,5.15143e-60,1.20866e-58,4.03394e-61,4.86233e-60,5.32725e-60
4.64582e-68,1.12026e-66,3.54286e-69,4.48913e-68,4.69964e-68,1.48393e-64,3.49888e-63,1.15492e-65,1.43459e-64,1.50054e-64,2.81149e-62,6.61384e-61,2.19535e-63,2.71831e-62,2.84282e-62,5.32725e-60,1.24983e-58,4.17186e-61,5.15143e-60,5.38632e-60
4.69964e-68,1.13318e-66,3.58409e-69,4.64582e-68,4.64940e-68,1.50054e-64,3.53797e-63,1.16786e-65,1.48393e-64,1.48407e-64,2.84282e-62,6.68740e-61,2.21985e-63,2.81149e-62,2.81168e-62,5.38632e-60,1.26366e-58,4.21821e-61,5.32725e-60,5.32749e-60
4.64940e-68,1.12104e-66,3.54588e-69,4.69964e-68,4.49607e-68,1.48407e-64,3.49920e-63,1.15504e-65,1.50054e-64,1.43487e-64,2.81168e-62,6.61425e-61,2.19551e-63,2.84282e-62,2.71868e-62,5.32749e-60,1.24988e-58,4.17207e-61,5.38632e-60,5.15189e-60
4.49607e-68,1.08407e-66,3.42895e-69,4.64940e-68,4.24272e-68,1.43487e-64,3.38333e-63,1.11671e-65,1.48407e-64,1.35392e-64,2.71868e-62,6.39582e-61,2.12280e-63,2.81168e-62,2.56567e-62,5.15189e-60,1.20876e-58,4.03434e-61,5.32749e-60,4.86298e-60
4.24272e-68,1.02301e-66,3.23569e-69,4.49607e-68,3.89457e-68,1.35392e-64,3.19266e-63,1.05366e-65,1.43487e-64,1.24288e-64,2.56567e-62,6.03637e-61,2.00319e-63,2.71868e-62,2.35577e-62,4.86298e-60,1.14110e-58,3.80778e-61,5.15189e-60,4.46659e-60
3.89457e-68,9.39111e-67,2.97007e-69,4.24272e-68,3.45889e-68,1.24288e-64,2.93108e-63,9.67193e-66,1.35392e-64,1.10407e-64,2.35577e-62,5.54313e-61,1.83915e-63,2.56567e-62,2.09336e-62,4.46659e-60,1.04822e-58,3.49702e-61,4.86298e-60,3.97102e-60
3.45889e-68,8.34104e-67,2.63770e-69,3.89457e-68,2.94497e-68,1.10407e-64,2.60399e-63,8.59118e-66,1.24288e-64,9.40443e-65,2.09336e-62,4.92627e-61,1.63413e-63,2.35577e-62,1.78410e-62,3.97102e-60,9.32063e-59,3.10867e-61,4.46659e-60,3.38715e-60
2.94497e-68,7.10219e-67,2.24570e-69,3.45889e-68,2.36399e-68,9.40443e-65,2.21829e-63,7.31749e-66,1.10407e-64,7.55540e-65,1.78410e-62,4.19905e-61,1.39259e-63,2.09336e-62,1.43503e-62,3.38715e-60,7.95143e-59,2.65129e-61,3.97102e-60,2.72848e-60
2.36399e-68,5.70140e-67,1.80260e-69,2.94497e-68,1.72879e-68,7.55540e-65,1.78233e-63,5.87856e-66,9.40443e-65,5.53454e-65,1.43503e-62,3.37789e-61,1.12005e-63,1.78410e-62,1.05461e-62,2.72848e-60,6.40614e-59,2.13555e-61,3.38715e-60,2.01113e-60
1.72879e-68,4.16965e-67,1.31824e-69,2.36399e-68,1.05368e-68,5.53454e-65,1.30574e-63,4.30630e-66,7.55540e-65,3.38726e-65,1.05461e-62,2.48272e-61,8.23176e-64,1.43503e-62,6.53122e-63,2.01113e-60,4.72253e-59,1.57413e-61,2.72848e-60,1.25354e-60
1.05368e-68,2.54142e-67,8.03558e-70,1.72879e-68,3.54009e-69,3.38726e-65,7.99232e-64,2.63618e-66,5.53454e-65,1.16451e-65,6.53122e-63,1.53772e-61,5.10027e-64,1.05461e-62,2.45751e-63,1.25354e-60,2.94393e-59,9.81555e-62,2.01113e-60,4.90611e-61
1.27924e-02,4.83574e-02,6.75679e-03,3.87285e-02,1.75332e-02,1.53564e-01,2.36220e-01,6.11735e-02,-3.13623e-01,6.78359e-02,-2.71750e+00,-4.30399e+00,-5.05450e-01,7.93311e+00,7.50052e-02,6.20860e+01,1.09223e+02,7.07499e+00,-1.92271e+02,-7.18939e+00
1.75332e-02,5.88694e-02,9.30474e-03,1.27924e-02,2.06529e-02,6.78359e-02,1.36847e-01,3.09168e-02,1.53564e-01,4.13503e-02,7.50052e-02,7.85348e-02,8.84532e-02,-2.71750e+00,2.18174e-01,-7.18939e+00,-1.09412e+01,-1.73614e+00,6.20860e+01,-1.31066e+00
2.06529e-02,6.41698e-02,1.10109e-02,1.75332e-02,2.21908e-02,4.13503e-02,1.06674e-01,2.18298e-02,6.78359e-02,3.94780e-02,2.18174e-01,3.05681e-01,1.15862e-01,7.50052e-02,1.34799e-01,-1.31066e+00,-1.58044e+00,-4.73977e-01,-7.18939e+00,2.21315e-01
2.21908e-02,6.64893e-02,1.18833e-02,2.06529e-02,2.28654e-02,3.94780e-02,1.04328e-01,2.22503e-02,4.13503e-02,4.20503e-02,1.34799e-01,2.21461e-01,7.25930e-02,2.18174e-01,8.53380e-02,2.21315e-01,2.94913e-01,1.40996e-01,-1.31066e+00,3.81682e-01
2.28654e-02,6.74335e-02,1.22816e-02,2.21908e-02,2.31432e-02,4.20503e-02,1.06673e-01,2.42383e-02,3.94780e-02,4.41602e-02,8.53380e-02,1.68521e-01,4.88589e-02,1.34799e-01,7.14216e-02,3.81682e-01,4.58984e-01,2.21176e-01,2.21315e-01,2.63393e-01
2.31432e-02,6.78014e-02,1.24523e-02,2.28654e-02,2.32532e-02,4.41602e-02,1.08540e-01,2.57236e-02,4.20503e-02,4.53208e-02,7.14216e-02,1.52503e-01,4.31161e-02,8.53380e-02,7.11430e-02,2.63393e-01,3.40667e-01,1.58340e-01,3.81682e-01,1.62376e-01
2.32532e-02,6.79406e-02,1.25224e-02,2.31432e-02,2.32953e-02,4.53208e-02,1.09511e-01,2.65539e-02,4.41602e-02,4.58643e-02,7.11430e-02,1.50944e-01,4.40600e-02,7.14216e-02,7.33849e-02,1.62376e-01,2.44216e-01,1.01991e-01,2.63393e-01,1.18100e-01
2.32953e-02,6.79920e-02,1.25503e-02,2.32532e-02,2.33105e-02,4.58643e-02,1.09940e-01,2.69573e-02,4.53208e-02,4.60877e-02,7.33849e-02,1.52237e-01,4.60454e-02,7.11430e-02,7.50077e-02,1.18100e-01,2.03834e-01,7.62922e-02,1.62376e-01,1.05825e-01
2.33105e-02,6.80100e-02,1.25607e-02,2.32953e-02,2.33143e-02,4.60877e-02,1.10107e-01,2.71296e-02,4.58643e-02,4.61469e-02,7.50077e-02,1.53273e-01,4.73863e-02,7.33849e-02,7.55442e-02,1.05825e-01,1.93220e-01,6.89861e-02,1.18100e-01,1.03941e-01
2.33143e-02,6.80144e-02,1.25633e-02,2.33105e-02,2.33105e-02,4.61469e-02,1.10149e-01,2.71764e-02,4.60877e-02,4.60877e-02,7.55442e-02,1.53615e-01,4.78289e-02,7.50077e-02,7.50108e-02,1.03941e-01,1.91703e-01,6.78633e-02,1.05825e-01,1.05987e-01
2.33105e-02,6.80100e-02,1.25607e-02,2.33143e-02,2.32953e-02,4.60877e-02,1.10107e-01,2.71296e-02,4.61469e-02,4.58644e-02,7.50108e-02,1.53277e-01,4.73877e-02,7.55442e-02,7.33966e-02,1.05987e-01,1.93401e-01,6.90640e-02,1.03941e-01,1.18666e-01
2.32953e-02,6.79920e-02,1.25503e-02,2.33105e-02,2.32532e-02,4.58644e-02,1.09940e-01,2.69574e-02,4.60877e-02,4.53213e-02,7.33966e-02,1.52252e-01,4.60504e-02,7.50108e-02,7.11833e-02,1.18666e-01,2.04495e-01,7.65436e-02,1.05987e-01,1.63871e-01
2.32532e-02,6.79406e-02,1.25224e-02,2.32953e-02,2.31432e-02,4.53213e-02,1.09512e-01,2.65541e-02,4.58644e-02,4.41623e-02,7.11833e-02,1.50997e-01,4.40755e-02,7.33966e-02,7.15553e-02,1.63871e-01,2.45863e-01,1.02695e-01,1.18666e-01,2.65943e-01
2.31432e-02,6.78014e-02,1.24523e-02,2.32532e-02,2.28654e-02,4.41623e-02,1.08543e-01,2.57243e-02,4.53213e-02,4.20588e-02,7.15553e-02,1.52687e-01,4.31626e-02,7.11833e-02,8.57565e-02,2.65943e-01,3.42480e-01,1.59997e-01,1.63871e-01,3.84019e-01
2.28654e-02,6.74335e-02,1.22816e-02,2.31432e-02,2.21908e-02,4.20588e-02,1.06687e-01,2.42407e-02,4.41623e-02,3.95115e-02,8.57565e-02,1.69116e-01,4.89927e-02,7.15553e-02,1.35901e-01,3.84019e-01,4.56010e-01,2.24718e-01,2.65943e-01,2.09999e-01
2.21908e-02,6.64893e-02,1.18833e-02,2.28654e-02,2.06529e-02,3.95115e-02,1.04386e-01,2.22585e-02,4.20588e-02,4.14821e-02,1.35901e-01,2.23050e-01,7.29368e-02,8.57565e-02,2.20559e-01,2.09999e-01,2.49838e-01,1.50289e-01,3.84019e-01,-1.35528e+00
2.06529e-02,6.41698e-02,1.10109e-02,2.21908e-02,1.75332e-02,4.14821e-02,1.06910e-01,2.18586e-02,3.95115e-02,6.83219e-02,2.20559e-01,3.09109e-01,1.16616e-01,1.35901e-01,8.03857e-02,-1.35528e+00,-1.76665e+00,-4.35661e-01,2.09999e-01,-7.40035e+00
1.75332e-02,5.88694e-02,9.30474e-03,2.06529e-02,1.27924e-02,6.83219e-02,1.37736e-01,3.10162e-02,4.14821e-02,1.55224e-01,8.03857e-02,8.65266e-02,8.99643e-02,2.20559e-01,-2.71508e+00,-7.40035e+00,-1.20261e+01,-1.45974e+00,-1.35528e+00,6.26645e+01
1.27924e-02,4.83574e-02,6.75679e-03,1.75332e-02,3.87285e-02,1.55224e-01,2.39346e-01,6.14973e-02,6.83219e-02,-3.10665e-01,-2.71508e+00,-4.30170e+00,-5.04017e-01,8.03857e-02,7.91778e+00,6.26645e+01,1.09371e+02,7.27473e+00,-7.40035e+00,-1.90910e+02
6.75679e-03,1.27924e-02,1.51232e-03,1.35626e-02,9.30474e-03,6.11735e-02,1.53564e-01,6.12978e-03,-1.58202e-02,3.09168e-02,-5.05450e-01,-2.71750e+00,3.09124e-02,4.60686e-01,8.84532e-02,7.07499e+00,6.20860e+01,-3.92792e-01,-6.04551e+00,-1.73614e+00
9.30474e-03,1.75332e-02,1.82007e-03,6.75679e-03,1.10109e-02,3.09168e-02,6.78359e-02,5.82003e-03,6.11735e-02,2.18298e-02,8.84532e-02,7.50052e-02,2.55368e-02,-5.05450e-01,1.15862e-01,-1.73614e+00,-7.18939e+00,1.08908e-02,7.07499e+00,-4.73977e-01
1.10109e-02,2.06529e-02,2.01560e-03,9.30474e-03,1.18833e-02,2.18298e-02,4.13503e-02,6.15952e-03,3.09168e-02,2.22503e-02,1.15862e-01,2.18174e-01,1.99553e-02,8.84532e-02,7.25930e-02,-4.73977e-01,-1.31066e+00,6.96194e-02,-1.73614e+00,1.40996e-01
1.18833e-02,2.21908e-02,2.12398e-03,1.10109e-02,1.22816e-02,2.22503e-02,3.94780e-02,6.69180e-03,2.18298e-02,2.42383e-02,7.25930e-02,1.34799e-01,1.67526e-02,1.15862e-01,4.88589e-02,1.40996e-01,2.21315e-01,6.82862e-02,-4.73977e-01,2.21176e-01
1.22816e-02,2.28654e-02,2.17870e-03,1.18833e-02,1.24523e-02,2.42383e-02,4.20503e-02,7.12300e-03,2.22503e-02,2.57236e-02,4.88589e-02,8.53380e-02,1.61239e-02,7.25930e-02,4.31161e-02,2.21176e-01,3.81682e-01,5.33309e-02,1.40996e-01,1.58340e-01
1.24523e-02,2.31432e-02,2.20457e-03,1.22816e-02,1.25224e-02,2.57236e-02,4.41602e-02,7.39828e-03,2.42383e-02,2.65539e-02,4.31161e-02,7.14216e-02,1.66797e-02,4.88589e-02,4.40600e-02,1.58340e-01,2.63393e-01,4.08968e-02,2.21176e-01,1.01991e-01
1.25224e-02,2.32532e-02,2.21621e-03,1.24523e-02,1.25503e-02,2.65539e-02,4.53208e-02,7.55155e-03,2.57236e-02,2.69573e-02,4.40600e-02,7.11430e-02,1.74513e-02,4.31161e-02,4.60454e-02,1.01991e-01,1.62376e-01,3.49144e-02,1.58340e-01,7.62922e-02
1.25503e-02,2.32953e-02,2.22123e-03,1.25224e-02,1.25607e-02,2.69573e-02,4.58643e-02,7.62878e-03,2.65539e-02,2.71296e-02,4.60454e-02,7.33849e-02,1.80456e-02,4.40600e-02,4.73863e-02,7.62922e-02,1.18100e-01,3.33135e-02,1.01991e-01,6.89861e-02
1.25607e-02,2.33105e-02,2.22323e-03,1.25503e-02,1.25633e-02,2.71296e-02,4.60877e-02,7.66322e-03,2.69573e-02,2.71764e-02,4.73863e-02,7.50077e-02,1.83850e-02,4.60454e-02,4.78289e-02,6.89861e-02,1.05825e-01,3.33890e-02,7.62922e-02,6.78633e-02
1.25633e-02,2.33143e-02,2.22376e-03,1.25607e-02,1.25607e-02,2.71764e-02,4.61469e-02,7.67285e-03,2.71296e-02,2.71296e-02,4.78289e-02,7.55442e-02,1.84925e-02,4.73863e-02,4.73877e-02,6.78633e-02,1.03941e-01,3.35746e-02,6.89861e-02,6.90640e-02
1.25607e-02,2.33105e-02,2.22323e-03,1.25633e-02,1.25503e-02,2.71296e-02,4.60877e-02,7.66322e-03,2.71764e-02,2.69574e-02,4.73877e-02,7.50108e-02,1.83852e-02,4.78289e-02,4.60504e-02,6.90640e-02,1.05987e-01,3.34044e-02,6.78633e-02,7.65436e-02
1.25503e-02,2.32953e-02,2.22123e-03,1.25607e-02,1.25224e-02,2.69574e-02,4.58644e-02,7.62879e-03,2.71296e-02,2.65541e-02,4.60504e-02,7.33966e-02,1.80463e-02,4.73877e-02,4.40755e-02,7.65436e-02,1.18666e-01,3.33623e-02,6.90640e-02,1.02695e-01
1.25224e-02,2.32532e-02,2.21621e-03,1.25503e-02,1.24523e-02,2.65541e-02,4.53213e-02,7.55158e-03,2.69574e-02,2.57243e-02,4.40755e-02,7.11833e-02,1.74534e-02,4.60504e-02,4.31626e-02,1.02695e-01,1.63871e-01,3.50528e-02,7.65436e-02,1.59997e-01
1.24523e-02,2.31432e-02,2.20457e-03,1.25224e-02,1.22816e-02,2.57243e-02,4.41623e-02,7.39835e-03,2.65541e-02,2.42407e-02,4.31626e-02,7.15553e-02,1.66856e-02,4.40755e-02,4.89927e-02,1.59997e-01,2.65943e-01,4.12763e-02,1.02695e-01,2.24718e-01
1.22816e-02,2.28654e-02,2.17870e-03,1.24523e-02,1.18833e-02,2.42407e-02,4.20588e-02,7.12323e-03,2.57243e-02,2.22585e-02,4.89927e-02,8.57565e-02,1.61399e-02,4.31626e-02,7.29368e-02,2.24718e-01,3.84019e-01,5.43057e-02,1.59997e-01,1.50289e-01
1.18833e-02,2.21908e-02,2.12398e-03,1.22816e-02,1.10109e-02,2.22585e-02,3.95115e-02,6.69250e-03,2.42407e-02,2.18586e-02,7.29368e-02,1.35901e-01,1.67940e-02,4.89927e-02,1.16616e-01,1.50289e-01,2.09999e-01,7.05706e-02,2.24718e-01,-4.35661e-01
1.10109e-02,2.06529e-02,2.01560e-03,1.18833e-02,9.30474e-03,2.18586e-02,4.14821e-02,6.16164e-03,2.22585e-02,3.10162e-02,1.16616e-01,2.20559e-01,2.00536e-02,7.29368e-02,8.99643e-02,-4.35661e-01,-1.35528e+00,7.44175e-02,1.50289e-01,-1.45974e+00
9.30474e-03,1.75332e-02,1.82007e-03,1.10109e-02,6.75679e-03,3.10162e-02,6.83219e-02,5.82623e-03,2.18586e-02,6.14973e-02,8.99643e-02,8.03857e-02,2.57380e-02,1.16616e-01,-5.04017e-01,-1.45974e+00,-7.40035e+00,2.45405e-02,-4.35661e-01,7.27473e+00
6.75679e-03,1.27924e-02,1.51232e-03,9.30474e-03,1.35626e-02,6.14973e-02,1.55224e-01,6.14609e-03,3.10162e-02,-1.52207e-02,-5.04017e-01,-2.71508e+00,3.12814e-02,8.99643e-02,4.59659e-01,7.27473e+00,6.26645e+01,-3.40008e-01,-1.45974e+00,-6.14255e+00
1.51232e-03,6.75679e-03,3.24060e-04,1.40574e-03,1.82007e-03,6.12978e-03,6.11735e-02,1.23916e-03,6.47985e-03,5.82003e-03,3.09124e-02,-5.05450e-01,1.52333e-02,-1.97209e-02,2.55368e-02,-3.92792e-01,7.07499e+00,-1.53959e-01,6.54314e-01,1.08908e-02
1.82007e-03,9.30474e-03,4.01003e-04,1.51232e-03,2.01560e-03,5.82003e-03,3.09168e-02,1.53465e-03,6.12978e-03,6.15952e-03,2.55368e-02,8.84532e-02,9.01757e-03,3.09124e-02,1.99553e-02,1.08908e-02,-1.73614e+00,9.06333e-03,-3.92792e-01,6.96194e-02
2.01560e-03,1.10109e-02,4.38527e-04,1.82007e-03,2.12398e-03,6.15952e-03,2.18298e-02,1.89977e-03,5.82003e-03,6.69180e-03,1.99553e-02,1.15862e-01,5.99644e-03,2.55368e-02,1.67526e-02,6.96194e-02,-4.73977e-01,3.80262e-02,1.08908e-02,6.82862e-02
2.12398e-03,1.18833e-02,4.56381e-04,2.01560e-03,2.17870e-03,6.69180e-03,2.22503e-02,2.14766e-03,6.15952e-03,7.12300e-03,1.67526e-02,7.25930e-02,5.62554e-03,1.99553e-02,1.61239e-02,6.82862e-02,1.40996e-01,2.88300e-02,6.96194e-02,5.33309e-02
2.17870e-03,1.22816e-02,4.64700e-04,2.12398e-03,2.20457e-03,7.12300e-03,2.42383e-02,2.28735e-03,6.69180e-03,7.39828e-03,1.61239e-02,4.88589e-02,6.13887e-03,1.67526e-02,1.66797e-02,5.33309e-02,2.21176e-01,1.90053e-02,6.82862e-02,4.08968e-02
2.20457e-03,1.24523e-02,4.68497e-04,2.17870e-03,2.21621e-03,7.39828e-03,2.57236e-02,2.35925e-03,7.12300e-03,7.55155e-03,1.66797e-02,4.31161e-02,6.69568e-03,1.61239e-02,1.74513e-02,4.08968e-02,1.58340e-01,1.51366e-02,5.33309e-02,3.49144e-02
2.21621e-03,1.25224e-02,4.70193e-04,2.20457e-03,2.22123e-03,7.55155e-03,2.65539e-02,2.39422e-03,7.39828e-03,7.62878e-03,1.74513e-02,4.40600e-02,7.07996e-03,1.66797e-02,1.80456e-02,3.49144e-02,1.01991e-01,1.47234e-02,4.08968e-02,3.33135e-02
2.22123e-03,1.25503e-02,4.70930e-04,2.21621e-03,2.22323e-03,7.62878e-03,2.69573e-02,2.41042e-03,7.55155e-03,7.66322e-03,1.80456e-02,4.60454e-02,7.29986e-03,1.74513e-02,1.83850e-02,3.33135e-02,7.62922e-02,1.53714e-02,3.49144e-02,3.33890e-02
2.22323e-03,1.25607e-02,4.71229e-04,2.22123e-03,2.22376e-03,7.66322e-03,2.71296e-02,2.41730e-03,7.62878e-03,7.67285e-03,1.83850e-02,4.73863e-02,7.40656e-03,1.80456e-02,1.84925e-02,3.33890e-02,6.89861e-02,1.59823e-02,3.33135e-02,3.35746e-02
2.22376e-03,1.25633e-02,4.71309e-04,2.22323e-03,2.22323e-03,7.67285e-03,2.71764e-02,2.41919e-03,7.66322e-03,7.66322e-03,1.84925e-02,4.78289e-02,7.43784e-03,1.83850e-02,1.83852e-02,3.35746e-02,6.78633e-02,1.62085e-02,3.33890e-02,3.34044e-02
2.22323e-03,1.25607e-02,4.71229e-04,2.22376e-03,2.22123e-03,7.66322e-03,2.71296e-02,2.41730e-03,7.67285e-03,7.62879e-03,1.83852e-02,4.73877e-02,7.40658e-03,1.84925e-02,1.80463e-02,3.34044e-02,6.90640e-02,1.59842e-02,3.35746e-02,3.33623e-02
2.22123e-03,1.25503e-02,4.70930e-04,2.22323e-03,2.21621e-03,7.62879e-03,2.69574e-02,2.41042e-03,7.66322e-03,7.55158e-03,1.80463e-02,4.60504e-02,7.29993e-03,1.83852e-02,1.74534e-02,3.33623e-02,7.65436e-02,1.53771e-02,3.34044e-02,3.50528e-02
2.21621e-03,1.25224e-02,4.70193e-04,2.22123e-03,2.20457e-03,7.55158e-03,2.65541e-02,2.39422e-03,7.62879e-03,7.39835e-03,1.74534e-02,4.40755e-02,7.08016e-03,1.80463e-02,1.66856e-02,3.50528e-02,1.02695e-01,1.47391e-02,3.33623e-02,4.12763e-02
2.20457e-03,1.24523e-02,4.68497e-04,2.21621e-03,2.17870e-03,7.39835e-03,2.57243e-02,2.35926e-03,7.55158e-03,7.12323e-03,1.66856e-02,4.31626e-02,6.69625e-03,1.74534e-02,1.61399e-02,4.12763e-02,1.59997e-01,1.51775e-02,3.50528e-02,5.43057e-02
2.17870e-03,1.22816e-02,4.64700e-04,2.20457e-03,2.12398e-03,7.12323e-03,2.42407e-02,2.28736e-03,7.39835e-03,6.69250e-03,1.61399e-02,4.89927e-02,6.14041e-03,1.66856e-02,1.67940e-02,5.43057e-02,2.24718e-01,1.91056e-02,4.12763e-02,7.05706e-02
2.12398e-03,1.18833e-02,4.56381e-04,2.17870e-03,2.01560e-03,6.69250e-03,2.22585e-02,2.14769e-03,7.12323e-03,6.16164e-03,1.67940e-02,7.29368e-02,5.62957e-03,1.61399e-02,2.00536e-02,7.05706e-02,1.50289e-01,2.90515e-02,5.43057e-02,7.44175e-02
2.01560e-03,1.10109e-02,4.38527e-04,2.12398e-03,1.82007e-03,6.16164e-03,2.18586e-02,1.89986e-03,6.69250e-03,5.82623e-03,2.00536e-02,1.16616e-01,6.00653e-03,1.67940e-02,2.57380e-02,7.44175e-02,-4.35661e-01,3.84517e-02,7.05706e-02,2.45405e-02
1.82007e-03,9.30474e-03,4.01003e-04,2.01560e-03,1.51232e-03,5.82623e-03,3.10162e-02,1.53488e-03,6.16164e-03,6.14609e-03,2.57380e-02,8.99643e-02,9.04072e-03,2.00536e-02,3.12814e-02,2.45405e-02,-1.45974e+00,9.86929e-03,7.44175e-02,-3.40008e-01
1.51232e-03,6.75679e-03,3.24060e-04,1.82007e-03,1.40574e-03,6.14609e-03,6.14973e-02,1.23961e-03,5.82623e-03,6.52547e-03,3.12814e-02,-5.04017e-01,1.52767e-02,2.57380e-02,-1.96407e-02,-3.40008e-01,7.27473e+00,-1.52680e-01,2.45405e-02,6.92815e-01
3.24060e-04,1.51232e-03,2.14534e-05,1.78728e-04,4.01003e-04,1.23916e-03,6.12978e-03,2.50716e-04,2.14470e-03,1.53465e-03,1.52333e-02,3.09124e-02,1.62089e-03,-5.06713e-03,9.01757e-03,-1.53959e-01,-3.92792e-01,4.97541e-03,1.56236e-01,9.06333e-03
4.01003e-04,1.82007e-03,2.85950e-05,3.24060e-04,4.38527e-04,1.53465e-03,5.82003e-03,3.05988e-04,1.23916e-03,1.89977e-03,9.01757e-03,2.55368e-02,1.50677e-03,1.52333e-02,5.99644e-03,9.06333e-03,1.08908e-02,6.66153e-03,-1.53959e-01,3.80262e-02
4.38527e-04,2.01560e-03,3.24396e-05,4.01003e-04,4.56381e-04,1.89977e-03,6.15952e-03,3.54279e-04,1.53465e-03,2.14766e-03,5.99644e-03,1.99553e-02,1.51814e-03,9.01757e-03,5.62554e-03,3.80262e-02,6.96194e-02,6.49797e-03,9.06333e-03,2.88300e-02
4.56381e-04,2.12398e-03,3.43859e-05,4.38527e-04,4.64700e-04,2.14766e-03,6.69180e-03,3.86769e-04,1.89977e-03,2.28735e-03,5.62554e-03,1.67526e-02,1.63556e-03,5.99644e-03,6.13887e-03,2.88300e-02,6.82862e-02,5.67301e-03,3.80262e-02,1.90053e-02
4.64700e-04,2.17870e-03,3.53312e-05,4.56381e-04,4.68497e-04,2.28735e-03,7.12300e-03,4.05723e-04,2.14766e-03,2.35925e-03,6.13887e-03,1.61239e-02,1.77096e-03,5.62554e-03,6.69568e-03,1.90053e-02,5.33309e-02,5.21603e-03,2.88300e-02,1.51366e-02
4.68497e-04,2.20457e-03,3.57763e-05,4.64700e-04,4.70193e-04,2.35925e-03,7.39828e-03,4.15836e-04,2.28735e-03,2.39422e-03,6.69568e-03,1.66797e-02,1.87695e-03,6.13887e-03,7.07996e-03,1.51366e-02,4.08968e-02,5.22540e-03,1.90053e-02,1.47234e-02
4.70193e-04,2.21621e-03,3.59806e-05,4.68497e-04,4.70930e-04,2.39422e-03,7.55155e-03,4.20904e-04,2.35925e-03,2.41042e-03,7.07996e-03,1.74513e-02,1.94531e-03,6.69568e-03,7.29986e-03,1.47234e-02,3.49144e-02,5.45004e-03,1.51366e-02,1.53714e-02
4.70930e-04,2.22123e-03,3.60715e-05,4.70193e-04,4.71229e-04,2.41042e-03,7.62878e-03,4.23307e-04,2.39422e-03,2.41730e-03,7.29986e-03,1.80456e-02,1.98396e-03,7.07996e-03,7.40656e-03,1.53714e-02,3.33135e-02,5.68626e-03,1.47234e-02,1.59823e-02
4.71229e-04,2.22323e-03,3.61092e-05,4.70930e-04,4.71309e-04,2.41730e-03,7.66322e-03,4.24345e-04,2.41042e-03,2.41919e-03,7.40656e-03,1.83850e-02,2.00275e-03,7.29986e-03,7.43784e-03,1.59823e-02,3.33890e-02,5.84315e-03,1.53714e-02,1.62085e-02
4.71309e-04,2.22376e-03,3.61193e-05,4.71229e-04,4.71229e-04,2.41919e-03,7.67285e-03,4.24632e-04,2.41730e-03,2.41730e-03,7.43784e-03,1.84925e-02,2.00827e-03,7.40656e-03,7.40658e-03,1.62085e-02,3.35746e-02,5.89643e-03,1.59823e-02,1.59842e-02
4.71229e-04,2.22323e-03,3.61092e-05,4.71309e-04,4.70930e-04,2.41730e-03,7.66322e-03,4.24345e-04,2.41919e-03,2.41042e-03,7.40658e-03,1.83852e-02,2.00275e-03,7.43784e-03,7.29993e-03,1.59842e-02,3.34044e-02,5.84333e-03,1.62085e-02,1.53771e-02
4.70930e-04,2.22123e-03,3.60715e-05,4.71229e-04,4.70193e-04,2.41042e-03,7.62879e-03,4.23307e-04,2.41730e-03,2.39422e-03,7.29993e-03,1.80463e-02,1.98396e-03,7.40658e-03,7.08016e-03,1.53771e-02,3.33623e-02,5.68677e-03,1.59842e-02,1.47391e-02
4.70193e-04,2.21621e-03,3.59806e-05,4.70930e-04,4.68497e-04,2.39422e-03,7.55158e-03,4.20904e-04,2.41042e-03,2.35926e-03,7.08016e-03,1.74534e-02,1.94533e-03,7.29993e-03,6.69625e-03,1.47391e-02,3.50528e-02,5.45133e-03,1.53771e-02,1.51775e-02
4.68497e-04,2.20457e-03,3.57763e-05,4.70193e-04,4.64700e-04,2.35926e-03,7.39835e-03,4.15837e-04,2.39422e-03,2.28736e-03,6.69625e-03,1.66856e-02,1.87700e-03,7.08016e-03,6.14041e-03,1.51775e-02,4.12763e-02,5.22846e-03,1.47391e-02,1.91056e-02
4.64700e-04,2.17870e-03,3.53312e-05,4.68497e-04,4.56381e-04,2.28736e-03,7.12323e-03,4.05724e-04,2.35926e-03,2.14769e-03,6.14041e-03,1.61399e-02,1.77108e-03,6.69625e-03,5.62957e-03,1.91056e-02,5.43057e-02,5.22284e-03,1.51775e-02,2.90515e-02
4.56381e-04,2.12398e-03,3.43859e-05,4.64700e-04,4.38527e-04,2.14769e-03,6.69250e-03,3.86770e-04,2.28736e-03,1.89986e-03,5.62957e-03,1.67940e-02,1.63587e-03,6.14041e-03,6.00653e-03,2.90515e-02,7.05706e-02,5.68683e-03,1.91056e-02,3.84517e-02
4.38527e-04,2.01560e-03,3.24396e-05,4.56381e-04,4.01003e-04,1.89986e-03,6.16164e-03,3.54282e-04,2.14769e-03,1.53488e-03,6.00653e-03,2.00536e-02,1.51887e-03,5.62957e-03,9.04072e-03,3.84517e-02,7.44175e-02,6.52277e-03,2.90515e-02,9.86929e-03
4.01003e-04,1.82007e-03,2.85950e-05,4.38527e-04,3.24060e-04,1.53488e-03,5.82623e-03,3.05994e-04,1.89986e-03,1.23961e-03,9.04072e-03,2.57380e-02,1.50837e-03,6.00653e-03,1.52767e-02,9.86929e-03,2.45405e-02,6.70274e-03,3.84517e-02,-1.52680e-01
3.24060e-04,1.51232e-03,2.14534e-05,4.01003e-04,1.78728e-04,1.23961e-03,6.14609e-03,2.50726e-04,1.53488e-03,2.14536e-03,1.52767e-02,3.12814e-02,1.62385e-03,9.04072e-03,-5.01562e-03,-1.52680e-01,-3.40008e-01,5.04505e-03,9.86929e-03,1.58379e-01
2.14534e-05,3.24060e-04,1.15081e-06,9.75816e-06,2.85950e-05,2.50716e-04,1.23916e-03,4.16281e-05,2.33897e-04,3.05988e-04,1.62089e-03,1.52333e-02,2.54149e-04,1.30356e-03,1.50677e-03,4.97541e-03,-1.53959e-01,2.95501e-03,5.29782e-04,6.66153e-03
2.85950e-05,4.01003e-04,1.61558e-06,2.14534e-05,3.24396e-05,3.05988e-04,1.53465e-03,5.37335e-05,2.50716e-04,3.54279e-04,1.50677e-03,9.01757e-03,2.95929e-04,1.62089e-03,1.51814e-03,6.66153e-03,9.06333e-03,2.13855e-03,4.97541e-03,6.49797e-03
3.24396e-05,4.38527e-04,1.89465e-06,2.85950e-05,3.43859e-05,3.54279e-04,1.89977e-03,6.11414e-05,3.05988e-04,3.86769e-04,1.51814e-03,5.99644e-03,3.58498e-04,1.50677e-03,1.63556e-03,6.49797e-03,3.80262e-02,1.59149e-03,6.66153e-03,5.67301e-03
3.43859e-05,4.56381e-04,2.04912e-06,3.24396e-05,3.53312e-05,3.86769e-04,2.14766e-03,6.54047e-05,3.54279e-04,4.05723e-04,1.63556e-03,5.62554e-03,4.10413e-04,1.51814e-03,1.77096e-03,5.67301e-03,2.88300e-02,1.45988e-03,6.49797e-03,5.21603e-03
3.53312e-05,4.64700e-04,2.12984e-06,3.43859e-05,3.57763e-05,4.05723e-04,2.28735e-03,6.77330e-05,3.86769e-04,4.15836e-04,1.77096e-03,6.13887e-03,4.45602e-04,1.63556e-03,1.87695e-03,5.21603e-03,1.90053e-02,1.53841e-03,5.67301e-03,5.22540e-03
3.57763e-05,4.68497e-04,2.17024e-06,3.53312e-05,3.59806e-05,4.15836e-04,2.35925e-03,6.89482e-05,4.05723e-04,4.20904e-04,1.87695e-03,6.69568e-03,4.66952e-04,1.77096e-03,1.94531e-03,5.22540e-03,1.51366e-02,1.66638e-03,5.21603e-03,5.45004e-03
3.59806e-05,4.70193e-04,2.18974e-06,3.57763e-05,3.60715e-05,4.20904e-04,2.39422e-03,6.95571e-05,4.15836e-04,4.23307e-04,1.94531e-03,7.07996e-03,4.78949e-04,1.87695e-03,1.98396e-03,5.45004e-03,1.47234e-02,1.77477e-03,5.22540e-03,5.68626e-03
3.60715e-05,4.70930e-04,2.19881e-06,3.59806e-05,3.61092e-05,4.23307e-04,2.41042e-03,6.98488e-05,4.20904e-04,4.24345e-04,1.98396e-03,7.29986e-03,4.85234e-04,1.94531e-03,2.00275e-03,5.68626e-03,1.53714e-02,1.84705e-03,5.45004e-03,5.84315e-03
3.61092e-05,4.71229e-04,2.20269e-06,3.60715e-05,3.61193e-05,4.24345e-04,2.41730e-03,6.99765e-05,4.23307e-04,4.24632e-04,2.00275e-03,7.40656e-03,4.88171e-04,1.98396e-03,2.00827e-03,5.84315e-03,1.59823e-02,1.88629e-03,5.68626e-03,5.89643e-03
3.61193e-05,4.71309e-04,2.20376e-06,3.61092e-05,3.61092e-05,4.24632e-04,2.41919e-03,7.00121e-05,4.24345e-04,4.24345e-04,2.00827e-03,7.43784e-03,4.89020e-04,2.00275e-03,2.00275e-03,5.89643e-03,1.62085e-02,1.89852e-03,5.84315e-03,5.84333e-03
3.61092e-05,4.71229e-04,2.20269e-06,3.61193e-05,3.60715e-05,4.24345e-04,2.41730e-03,6.99765e-05,4.24632e-04,4.23307e-04,2.00275e-03,7.40658e-03,4.88171e-04,2.00827e-03,1.98396e-03,5.84333e-03,1.59842e-02,1.88630e-03,5.89643e-03,5.68677e-03
3.60715e-05,4.70930e-04,2.19881e-06,3.61092e-05,3.59806e-05,4.23307e-04,2.41042e-03,6.98488e-05,4.24345e-04,4.20904e-04,1.98396e-03,7.29993e-03,4.85234e-04,2.00275e-03,1.94533e-03,5.68677e-03,1.53771e-02,1.84709e-03,5.84333e-03,5.45133e-03
3.59806e-05,4.70193e-04,2.18974e-06,3.60715e-05,3.57763e-05,4.20904e-04,2.39422e-03,6.95571e-05,4.23307e-04,4.15837e-04,1.94533e-03,7.08016e-03,4.78950e-04,1.98396e-03,1.87700e-03,5.45133e-03,1.47391e-02,1.77487e-03,5.68677e-03,5.22846e-03
3.57763e-05,4.68497e-04,2.17024e-06,3.59806e-05,3.53312e-05,4.15837e-04,2.35926e-03,6.89482e-05,4.20904e-04,4.05724e-04,1.87700e-03,6.69625e-03,4.66955e-04,1.94533e-03,1.77108e-03,5.22846e-03,1.51775e-02,1.66660e-03,5.45133e-03,5.22284e-03
3.53312e-05,4.64700e-04,2.12984e-06,3.57763e-05,3.43859e-05,4.05724e-04,2.28736e-03,6.77331e-05,4.15837e-04,3.86770e-04,1.77108e-03,6.14041e-03,4.45609e-04,1.87700e-03,1.63587e-03,5.22284e-03,1.91056e-02,1.53890e-03,5.22846e-03,5.68683e-03
3.43859e-05,4.56381e-04,2.04912e-06,3.53312e-05,3.24396e-05,3.86770e-04,2.14769e-03,6.54048e-05,4.05724e-04,3.54282e-04,1.63587e-03,5.62957e-03,4.10430e-04,1.77108e-03,1.51887e-03,5.68683e-03,2.90515e-02,1.46091e-03,5.22284e-03,6.52277e-03
3.24396e-05,4.38527e-04,1.89465e-06,3.43859e-05,2.85950e-05,3.54282e-04,1.89986e-03,6.11415e-05,3.86770e-04,3.05994e-04,1.51887e-03,6.00653e-03,3.58534e-04,1.63587e-03,1.50837e-03,6.52277e-03,3.84517e-02,1.59346e-03,5.68683e-03,6.70274e-03
2.85950e-05,4.01003e-04,1.61558e-06,3.24396e-05,2.14534e-05,3.05994e-04,1.53488e-03,5.37336e-05,3.54282e-04,2.50726e-04,1.50837e-03,9.04072e-03,2.95998e-04,1.51887e-03,1.62385e-03,6.70274e-03,9.86929e-03,2.14206e-03,6.52277e-03,5.04505e-03
2.14534e-05,3.24060e-04,1.15081e-06,2.85950e-05,9.75816e-06,2.50726e-04,1.23961e-03,4.16283e-05,3.05994e-04,2.33906e-04,1.62385e-03,1.52767e-02,2.54259e-04,1.50837e-03,1.30779e-03,5.04505e-03,-1.52680e-01,2.96062e-03,6.70274e-03,5.71174e-04
1.15081e-06,2.14534e-05,5.69675e-08,4.76269e-07,1.61558e-06,4.16281e-05,2.50716e-04,3.38529e-06,2.41131e-05,5.37335e-05,2.54149e-04,1.62089e-03,4.39873e-05,3.82955e-04,2.95929e-04,2.95501e-03,4.97541e-03,3.73498e-04,-5.25564e-04,2.13855e-03
1.61558e-06,2.85950e-05,8.28888e-08,1.15081e-06,1.89465e-06,5.37335e-05,3.05988e-04,4.61675e-06,4.16281e-05,6.11414e-05,2.95929e-04,1.50677e-03,5.43267e-05,2.54149e-04,3.58498e-04,2.13855e-03,6.66153e-03,3.47384e-04,2.95501e-03,1.59149e-03
1.89465e-06,3.24396e-05,9.98906e-08,1.61558e-06,2.04912e-06,6.11414e-05,3.54279e-04,5.38027e-06,5.37335e-05,6.54047e-05,3.58498e-04,1.51814e-03,6.41778e-05,2.95929e-04,4.10413e-04,1.59149e-03,6.49797e-03,3.44503e-04,2.13855e-03,1.45988e-03
2.04912e-06,3.43859e-05,1.10097e-07,1.89465e-06,2.12984e-06,6.54047e-05,3.86769e-04,5.82035e-06,6.11414e-05,6.77330e-05,4.10413e-04,1.63556e-03,7.16285e-05,3.58498e-04,4.45602e-04,1.45988e-03,5.67301e-03,3.65604e-04,1.59149e-03,1.53841e-03
2.12984e-06,3.53312e-05,1.15831e-07,2.04912e-06,2.17024e-06,6.77330e-05,4.05723e-04,6.06106e-06,6.54047e-05,6.89482e-05,4.45602e-04,1.77096e-03,7.65108e-05,4.10413e-04,4.66952e-04,1.53841e-03,5.21603e-03,3.96060e-04,1.45988e-03,1.66638e-03
2.17024e-06,3.57763e-05,1.18891e-07,2.12984e-06,2.18974e-06,6.89482e-05,4.15836e-04,6.18739e-06,6.77330e-05,6.95571e-05,4.66952e-04,1.87695e-03,7.94176e-05,4.45602e-04,4.78949e-04,1.66638e-03,5.22540e-03,4.23685e-04,1.53841e-03,1.77477e-03
2.18974e-06,3.59806e-05,1.20455e-07,2.17024e-06,2.19881e-06,6.95571e-05,4.20904e-04,6.25133e-06,6.89482e-05,6.98488e-05,4.78949e-04,1.94531e-03,8.10300e-05,4.66952e-04,4.85234e-04,1.77477e-03,5.45004e-03,4.43759e-04,1.66638e-03,1.84705e-03
2.19881e-06,3.60715e-05,1.21219e-07,2.18974e-06,2.20269e-06,6.98488e-05,4.23307e-04,6.28237e-06,6.95571e-05,6.99765e-05,4.85234e-04,1.98396e-03,8.18676e-05,4.78949e-04,4.88171e-04,1.84705e-03,5.68626e-03,4.56291e-04,1.77477e-03,1.88629e-03
2.20269e-06,3.61092e-05,1.21558e-07,2.19881e-06,2.20376e-06,6.99765e-05,4.24345e-04,6.29614e-06,6.98488e-05,7.00121e-05,4.88171e-04,2.00275e-03,8.22570e-05,4.85234e-04,4.89020e-04,1.88629e-03,5.84315e-03,4.62869e-04,1.84705e-03,1.89852e-03
2.20376e-06,3.61193e-05,1.21654e-07,2.20269e-06,2.20269e-06,7.00121e-05,4.24632e-04,6.30001e-06,6.99765e-05,6.99765e-05,4.89020e-04,2.00827e-03,8.23693e-05,4.88171e-04,4.88171e-04,1.89852e-03,5.89643e-03,4.64889e-04,1.88629e-03,1.88630e-03
2.20269e-06,3.61092e-05,1.21558e-07,2.20376e-06,2.19881e-06,6.99765e-05,4.24345e-04,6.29614e-06,7.00121e-05,6.98488e-05,4.88171e-04,2.00275e-03,8.22570e-05,4.89020e-04,4.85234e-04,1.88630e-03,5.84333e-03,4.62870e-04,1.89852e-03,1.84709e-03
2.19881e-06,3.60715e-05,1.21219e-07,2.20269e-06,2.18974e-06,6.98488e-05,4.23307e-04,6.28237e-06,6.99765e-05,6.95571e-05,4.85234e-04,1.98396e-03,8.18676e-05,4.88171e-04,4.78950e-04,1.84709e-03,5.68677e-03,4.56295e-04,1.88630e-03,1.77487e-03
2.18974e-06,3.59806e-05,1.20455e-07,2.19881e-06,2.17024e-06,6.95571e-05,4.20904e-04,6.25133e-06,6.98488e-05,6.89482e-05,4.78950e-04,1.94533e-03,8.10301e-05,4.85234e-04,4.66955e-04,1.77487e-03,5.45133e-03,4.43767e-04,1.84709e-03,1.66660e-03
2.17024e-06,3.57763e-05,1.18891e-07,2.18974e-06,2.12984e-06,6.89482e-05,4.15837e-04,6.18739e-06,6.95571e-05,6.77331e-05,4.66955e-04,1.87700e-03,7.94178e-05,4.78950e-04,4.45609e-04,1.66660e-03,5.22846e-03,4.23703e-04,1.77487e-03,1.53890e-03
2.12984e-06,3.53312e-05,1.15831e-07,2.17024e-06,2.04912e-06,6.77331e-05,4.05724e-04,6.06106e-06,6.89482e-05,6.54048e-05,4.45609e-04,1.77108e-03,7.65111e-05,4.66955e-04,4.10430e-04,1.53890e-03,5.22284e-03,3.96099e-04,1.66660e-03,1.46091e-03
2.04912e-06,3.43859e-05,1.10097e-07,2.12984e-06,1.89465e-06,6.54048e-05,3.86770e-04,5.82035e-06,6.77331e-05,6.11415e-05,4.10430e-04,1.63587e-03,7.16292e-05,4.45609e-04,3.58534e-04,1.46091e-03,5.68683e-03,3.65686e-04,1.53890e-03,1.59346e-03
1.89465e-06,3.24396e-05,9.98906e-08,2.04912e-06,1.61558e-06,6.11415e-05,3.54282e-04,5.38027e-06,6.54048e-05,5.37336e-05,3.58534e-04,1.51887e-03,6.41793e-05,4.10430e-04,2.95998e-04,1.59346e-03,6.52277e-03,3.44663e-04,1.46091e-03,2.14206e-03
1.61558e-06,2.85950e-05,8.28888e-08,1.89465e-06,1.15081e-06,5.37336e-05,3.05994e-04,4.61675e-06,6.11415e-05,4.16283e-05,2.95998e-04,1.50837e-03,5.43291e-05,3.58534e-04,2.54259e-04,2.14206e-03,6.70274e-03,3.47664e-04,1.59346e-03,2.96062e-03
1.15081e-06,2.14534e-05,5.69675e-08,1.61558e-06,4.76269e-07,4.16283e-05,2.50726e-04,3.38530e-06,5.37336e-05,2.41132e-05,2.54259e-04,1.62385e-03,4.39906e-05,2.95998e-04,3.83056e-04,2.96062e-03,5.04505e-03,3.73903e-04,2.14206e-03,-5.20665e-04
5.69675e-08,1.15081e-06,2.70877e-09,2.24255e-08,8.28888e-08,3.38529e-06,4.16281e-05,2.13829e-07,1.65151e-06,4.61675e-06,4.39873e-05,2.54149e-04,6.12005e-06,4.37728e-05,5.43267e-05,3.73498e-04,2.95501e-03,5.32484e-05,2.38390e-04,3.47384e-04
8.28888e-08,1.61558e-06,4.03958e-09,5.69675e-08,9.98906e-08,4.61675e-06,5.37335e-05,3.03245e-07,3.38529e-06,5.38027e-06,5.43267e-05,2.95929e-04,8.06278e-06,4.39873e-05,6.41778e-05,3.47384e-04,2.13855e-03,5.87737e-05,3.73498e-04,3.44503e-04
9.98906e-08,1.89465e-06,4.97414e-09,8.28888e-08,1.10097e-07,5.38027e-06,6.11414e-05,3.62180e-07,4.61675e-06,5.82035e-06,6.41778e-05,3.58498e-04,9.45344e-06,5.43267e-05,7.16285e-05,3.44503e-04,1.59149e-03,6.84148e-05,3.47384e-04,3.65604e-04
1.10097e-07,2.04912e-06,5.57463e-09,9.98906e-08,1.15831e-07,5.82035e-06,6.54047e-05,3.97862e-07,5.38027e-06,6.06106e-06,7.16285e-05,4.10413e-04,1.03743e-05,6.41778e-05,7.65108e-05,3.65604e-04,1.45988e-03,7.77676e-05,3.44503e-04,3.96060e-04
1.15831e-07,2.12984e-06,5.93452e-09,1.10097e-07,1.18891e-07,6.06106e-06,6.77330e-05,4.18177e-07,5.82035e-06,6.18739e-06,7.65108e-05,4.45602e-04,1.09425e-05,7.16285e-05,7.94176e-05,3.96060e-04,1.53841e-03,8.51424e-05,3.65604e-04,4.23685e-04
1.18891e-07,2.17024e-06,6.13844e-09,1.15831e-07,1.20455e-07,6.18739e-06,6.89482e-05,4.29206e-07,6.06106e-06,6.25133e-06,7.94176e-05,4.66952e-04,1.12726e-05,7.65108e-05,8.10300e-05,4.23685e-04,1.66638e-03,9.02697e-05,3.96060e-04,4.43759e-04
1.20455e-07,2.18974e-06,6.24850e-09,1.18891e-07,1.21219e-07,6.25133e-06,6.95571e-05,4.34955e-07,6.18739e-06,6.28237e-06,8.10300e-05,4.78949e-04,1.14543e-05,7.94176e-05,8.18676e-05,4.43759e-04,1.77477e-03,9.35141e-05,4.23685e-04,4.56291e-04
1.21219e-07,2.19881e-06,6.30486e-09,1.20455e-07,1.21558e-07,6.28237e-06,6.98488e-05,4.37819e-07,6.25133e-06,6.29614e-06,8.18676e-05,4.85234e-04,1.15488e-05,8.10300e-05,8.22570e-05,4.56291e-04,1.84705e-03,9.53923e-05,4.43759e-04,4.62869e-04
1.21558e-07,2.20269e-06,6.33089e-09,1.21219e-07,1.21654e-07,6.29614e-06,6.99765e-05,4.39116e-07,6.28237e-06,6.30001e-06,8.22570e-05,4.88171e-04,1.15929e-05,8.18676e-05,8.23693e-05,4.62869e-04,1.88629e-03,9.63391e-05,4.56291e-04,4.64889e-04
1.21654e-07,2.20376e-06,6.33838e-09,1.21558e-07,1.21558e-07,6.30001e-06,7.00121e-05,4.39485e-07,6.29614e-06,6.29614e-06,8.23693e-05,4.89020e-04,1.16057e-05,8.22570e-05,8.22570e-05,4.64889e-04,1.89852e-03,9.66248e-05,4.62869e-04,4.62870e-04
1.21558e-07,2.20269e-06,6.33089e-09,1.21654e-07,1.21219e-07,6.29614e-06,6.99765e-05,4.39116e-07,6.30001e-06,6.28237e-06,8.22570e-05,4.88171e-04,1.15929e-05,8.23693e-05,8.18676e-05,4.62870e-04,1.88630e-03,9.63392e-05,4.64889e-04,4.56295e-04
1.21219e-07,2.19881e-06,6.30486e-09,1.21558e-07,1.20455e-07,6.28237e-06,6.98488e-05,4.37819e-07,6.29614e-06,6.25133e-06,8.18676e-05,4.85234e-04,1.15488e-05,8.22570e-05,8.10301e-05,4.56295e-04,1.84709e-03,9.53925e-05,4.62870e-04,4.43767e-04
1.20455e-07,2.18974e-06,6.24851e-09,1.21219e-07,1.18891e-07,6.25133e-06,6.95571e-05,4.34955e-07,6.28237e-06,6.18739e-06,8.10301e-05,4.78950e-04,1.14543e-05,8.18676e-05,7.94178e-05,4.43767e-04,1.77487e-03,9.35146e-05,4.56295e-04,4.23703e-04
1.18891e-07,2.17024e-06,6.13844e-09,1.20455e-07,1.15831e-07,6.18739e-06,6.89482e-05,4.29206e-07,6.25133e-06,6.06106e-06,7.94178e-05,4.66955e-04,1.12726e-05,8.10301e-05,7.65111e-05,4.23703e-04,1.66660e-03,9.02709e-05,4.43767e-04,3.96099e-04
1.15831e-07,2.12984e-06,5.93452e-09,1.18891e-07,1.10097e-07,6.06106e-06,6.77331e-05,4.18177e-07,6.18739e-06,5.82035e-06,7.65111e-05,4.45609e-04,1.09426e-05,7.94178e-05,7.16292e-05,3.96099e-04,1.53890e-03,8.51450e-05,4.23703e-04,3.65686e-04
1.10097e-07,2.04912e-06,5.57463e-09,1.15831e-07,9.98906e-08,5.82035e-06,6.54048e-05,3.97862e-07,6.06106e-06,5.38027e-06,7.16292e-05,4.10430e-04,1.03743e-05,7.65111e-05,6.41793e-05,3.65686e-04,1.46091e-03,7.77727e-05,3.96099e-04,3.44663e-04
9.98906e-08,1.89465e-06,4.97415e-09,1.10097e-07,8.28888e-08,5.38027e-06,6.11415e-05,3.62180e-07,5.82035e-06,4.61675e-06,6.41793e-05,3.58534e-04,9.45349e-06,7.16292e-05,5.43291e-05,3.44663e-04,1.59346e-03,6.84241e-05,3.65686e-04,3.47664e-04
8.28888e-08,1.61558e-06,4.03958e-09,9.98906e-08,5.69675e-08,4.61675e-06,5.37336e-05,3.03245e-07,5.38027e-06,3.38530e-06,5.43291e-05,2.95998e-04,8.06286e-06,6.41793e-05,4.39906e-05,3.47664e-04,2.14206e-03,5.87886e-05,3.44663e-04,3.73903e-04
5.69675e-08,1.15081e-06,2.70877e-09,8.28888e-08,2.24255e-08,3.38530e-06,4.16283e-05,2.13829e-07,4.61675e-06,1.65151e-06,4.39906e-05,2.54259e-04,6.12015e-06,5.43291e-05,4.37750e-05,3.73903e-04,2.96062e-03,5.32672e-05,3.47664e-04,2.38759e-04
2.70877e-09,5.69675e-08,1.25778e-10,1.03568e-09,4.03958e-09,2.13829e-07,3.38529e-06,1.19411e-08,9.58811e-08,3.03245e-07,6.12005e-06,4.39873e-05,5.49025e-07,4.09770e-06,8.06278e-06,5.32484e-05,3.73498e-04,7.84688e-06,6.03921e-05,5.87737e-05
4.03958e-09,8.28888e-08,1.90865e-10,2.70877e-09,4.97414e-09,3.03245e-07,4.61675e-06,1.74096e-08,2.13829e-07,3.62180e-07,8.06278e-06,5.43267e-05,7.57733e-07,6.12005e-06,9.45344e-06,5.87737e-05,3.47384e-04,9.57481e-06,5.32484e-05,6.84148e-05
4.97414e-09,9.98906e-08,2.39030e-10,4.03958e-09,5.57463e-09,3.62180e-07,5.38027e-06,2.12351e-08,3.03245e-07,3.97862e-07,9.45344e-06,6.41778e-05,9.02524e-07,8.06278e-06,1.03743e-05,6.84148e-05,3.44503e-04,1.13384e-05,5.87737e-05,7.77676e-05
5.57463e-09,1.10097e-07,2.71750e-10,4.97414e-09,5.93452e-09,3.97862e-07,5.82035e-06,2.36835e-08,3.62180e-07,4.18177e-07,1.03743e-05,7.16285e-05,9.95797e-07,9.45344e-06,1.09425e-05,7.77676e-05,3.65604e-04,1.28002e-05,6.84148e-05,8.51424e-05
5.93452e-09,1.15831e-07,2.92478e-10,5.57463e-09,6.13844e-09,4.18177e-07,6.06106e-06,2.51487e-08,3.97862e-07,4.29206e-07,1.09425e-05,7.65108e-05,1.05240e-06,1.03743e-05,1.12726e-05,8.51424e-05,3.96060e-04,1.38582e-05,7.77676e-05,9.02697e-05
6.13844e-09,1.18891e-07,3.04866e-10,5.93452e-09,6.24850e-09,4.29206e-07,6.18739e-06,2.59801e-08,4.18177e-07,4.34955e-07,1.12726e-05,7.94176e-05,1.08507e-06,1.09425e-05,1.14543e-05,9.02697e-05,4.23685e-04,1.45532e-05,8.51424e-05,9.35141e-05
6.24850e-09,1.20455e-07,3.11894e-10,6.13844e-09,6.30486e-09,4.34955e-07,6.25133e-06,2.64308e-08,4.29206e-07,4.37819e-07,1.14543e-05,8.10300e-05,1.10308e-06,1.12726e-05,1.15488e-05,9.35141e-05,4.43759e-04,1.49759e-05,9.02697e-05,9.53923e-05
6.30486e-09,1.21219e-07,3.15656e-10,6.24850e-09,6.33089e-09,4.37819e-07,6.28237e-06,2.66629e-08,4.34955e-07,4.39116e-07,1.15488e-05,8.18676e-05,1.11250e-06,1.14543e-05,1.15929e-05,9.53923e-05,4.56291e-04,1.52142e-05,9.35141e-05,9.63391e-05
6.33089e-09,1.21558e-07,3.17456e-10,6.30486e-09,6.33838e-09,4.39116e-07,6.29614e-06,2.67709e-08,4.37819e-07,4.39485e-07,1.15929e-05,8.22570e-05,1.11693e-06,1.15488e-05,1.16057e-05,9.63391e-05,4.62869e-04,1.53324e-05,9.53923e-05,9.66248e-05
6.33838e-09,1.21654e-07,3.17985e-10,6.33089e-09,6.33089e-09,4.39485e-07,6.30001e-06,2.68021e-08,4.39116e-07,4.39116e-07,1.16057e-05,8.23693e-05,1.11822e-06,1.15929e-05,1.15929e-05,9.66248e-05,4.64889e-04,1.53677e-05,9.63391e-05,9.63392e-05
6.33089e-09,1.21558e-07,3.17456e-10,6.33838e-09,6.30486e-09,4.39116e-07,6.29614e-06,2.67709e-08,4.39485e-07,4.37819e-07,1.15929e-05,8.22570e-05,1.11693e-06,1.16057e-05,1.15488e-05,9.63392e-05,4.62870e-04,1.53324e-05,9.66248e-05,9.53925e-05
6.30486e-09,1.21219e-07,3.15656e-10,6.33089e-09,6.24851e-09,4.37819e-07,6.28237e-06,2.66629e-08,4.39116e-07,4.34955e-07,1.15488e-05,8.18676e-05,1.11250e-06,1.15929e-05,1.14543e-05,9.53925e-05,4.56295e-04,1.52142e-05,9.63392e-05,9.35146e-05
6.24851e-09,1.20455e-07,3.11894e-10,6.30486e-09,6.13844e-09,4.34955e-07,6.25133e-06,2.64308e-08,4.37819e-07,4.29206e-07,1.14543e-05,8.10301e-05,1.10308e-06,1.15488e-05,1.12726e-05,9.35146e-05,4.43767e-04,1.49759e-05,9.53925e-05,9.02709e-05
6.13844e-09,1.18891e-07,3.04866e-10,6.24851e-09,5.93452e-09,4.29206e-07,6.18739e-06,2.59801e-08,4.34955e-07,4.18177e-07,1.12726e-05,7.94178e-05,1.08507e-06,1.14543e-05,1.09426e-05,9.02709e-05,4.23703e-04,1.45532e-05,9.35146e-05,8.51450e-05
5.93452e-09,1.15831e-07,2.92478e-10,6.13844e-09,5.57463e-09,4.18177e-07,6.06106e-06,2.51487e-08,4.29206e-07,3.97862e-07,1.09426e-05,7.65111e-05,1.05240e-06,1.12726e-05,1.03743e-05,8.51450e-05,3.96099e-04,1.38584e-05,9.02709e-05,7.77727e-05
5.57463e-09,1.10097e-07,2.71750e-10,5.93452e-09,4.97415e-09,3.97862e-07,5.82035e-06,2.36835e-08,4.18177e-07,3.62180e-07,1.03743e-05,7.16292e-05,9.95798e-07,1.09426e-05,9.45349e-06,7.77727e-05,3.65686e-04,1.28004e-05,8.51450e-05,6.84241e-05
4.97415e-09,9.98906e-08,2.39030e-10,5.57463e-09,4.03958e-09,3.62180e-07,5.38027e-06,2.12351e-08,3.97862e-07,3.03245e-07,9.45349e-06,6.41793e-05,9.02526e-07,1.03743e-05,8.06286e-06,6.84241e-05,3.44663e-04,1.13389e-05,7.77727e-05,5.87886e-05
4.03958e-09,8.28888e-08,1.90866e-10,4.97415e-09,2.70877e-09,3.03245e-07,4.61675e-06,1.74096e-08,3.62180e-07,2.13829e-07,8.06286e-06,5.43291e-05,7.57735e-07,9.45349e-06,6.12015e-06,5.87886e-05,3.47664e-04,9.57545e-06,6.84241e-05,5.32672e-05
2.70877e-09,5.69675e-08,1.25778e-10,4.03958e-09,1.03568e-09,2.13829e-07,3.38530e-06,1.19411e-08,3.03245e-07,9.58812e-08,6.12015e-06,4.39906e-05,5.49028e-07,8.06286e-06,4.09775e-06,5.32672e-05,3.73903e-04,7.84760e-06,5.87886e-05,6.04050e-05
1.25778e-10,2.70877e-09,5.74957e-12,4.71959e-11,1.90865e-10,1.19411e-08,2.13829e-07,6.21181e-10,5.10689e-09,1.74096e-08,5.49025e-07,6.12005e-06,3.88779e-08,3.03991e-07,7.57733e-07,7.84688e-06,5.32484e-05,9.78218e-07,7.30242e-06,9.57481e-06
1.90865e-10,4.03958e-09,8.83663e-12,1.25778e-10,2.39030e-10,1.74096e-08,3.03245e-07,9.23802e-10,1.19411e-08,2.12351e-08,7.57733e-07,8.06278e-06,5.54297e-08,5.49025e-07,9.02524e-07,9.57481e-06,5.87737e-05,1.28589e-06,7.84688e-06,1.13384e-05
2.39030e-10,4.97414e-09,1.12154e-11,1.90865e-10,2.71750e-10,2.12351e-08,3.62180e-07,1.14637e-09,1.74096e-08,2.36835e-08,9.02524e-07,9.45344e-06,6.72223e-08,7.57733e-07,9.95797e-07,1.13384e-05,6.84148e-05,1.53243e-06,9.57481e-06,1.28002e-05
2.71750e-10,5.57463e-09,1.29064e-11,2.39030e-10,2.92478e-10,2.36835e-08,3.97862e-07,1.29626e-09,2.12351e-08,2.51487e-08,9.95797e-07,1.03743e-05,7.49763e-08,9.02524e-07,1.05240e-06,1.28002e-05,7.77676e-05,1.71353e-06,1.13384e-05,1.38582e-05
2.92478e-10,5.93452e-09,1.40292e-11,2.71750e-10,3.04866e-10,2.51487e-08,4.18177e-07,1.39044e-09,2.36835e-08,2.59801e-08,1.05240e-06,1.09425e-05,7.97642e-08,9.95797e-07,1.08507e-06,1.38582e-05,8.51424e-05,1.83662e-06,1.28002e-05,1.45532e-05
3.04866e-10,6.13844e-09,1.47322e-11,2.92478e-10,3.11894e-10,2.59801e-08,4.29206e-07,1.44638e-09,2.51487e-08,2.64308e-08,1.08507e-06,1.12726e-05,8.25726e-08,1.05240e-06,1.10308e-06,1.45532e-05,9.02697e-05,1.91479e-06,1.38582e-05,1.49759e-05
3.11894e-10,6.24850e-09,1.51492e-11,3.04866e-10,3.15656e-10,2.64308e-08,4.34955e-07,1.47797e-09,2.59801e-08,2.66629e-08,1.10308e-06,1.14543e-05,8.41455e-08,1.08507e-06,1.11250e-06,1.49759e-05,9.35141e-05,1.96149e-06,1.45532e-05,1.52142e-05
3.15656e-10,6.30486e-09,1.53815e-11,3.11894e-10,3.17456e-10,2.66629e-08,4.37819e-07,1.49485e-09,2.64308e-08,2.67709e-08,1.11250e-06,1.15488e-05,8.49807e-08,1.10308e-06,1.11693e-06,1.52142e-05,9.53923e-05,1.98757e-06,1.49759e-05,1.53324e-05
3.17456e-10,6.33089e-09,1.54962e-11,3.15656e-10,3.17985e-10,2.67709e-08,4.39116e-07,1.50292e-09,2.66629e-08,2.68021e-08,1.11693e-06,1.15929e-05,8.53784e-08,1.11250e-06,1.11822e-06,1.53324e-05,9.63391e-05,2.00045e-06,1.52142e-05,1.53677e-05
3.17985e-10,6.33838e-09,1.55305e-11,3.17456e-10,3.17456e-10,2.68021e-08,4.39485e-07,1.50529e-09,2.67709e-08,2.67709e-08,1.11822e-06,1.16057e-05,8.54950e-08,1.11693e-06,1.11693e-06,1.53677e-05,9.66248e-05,2.00430e-06,1.53324e-05,1.53324e-05
3.17456e-10,6.33089e-09,1.54962e-11,3.17985e-10,3.15656e-10,2.67709e-08,4.39116e-07,1.50292e-09,2.68021e-08,2.66629e-08,1.11693e-06,1.15929e-05,8.53784e-08,1.11822e-06,1.11250e-06,1.53324e-05,9.63392e-05,2.00045e-06,1.53677e-05,1.52142e-05
3.15656e-10,6.30486e-09,1.53815e-11,3.17456e-10,3.11894e-10,2.66629e-08,4.37819e-07,1.49485e-09,2.67709e-08,2.64308e-08,1.11250e-06,1.15488e-05,8.49807e-08,1.11693e-06,1.10308e-06,1.52142e-05,9.53925e-05,1.98757e-06,1.53324e-05,1.49759e-05
3.11894e-10,6.24851e-09,1.51492e-11,3.15656e-10,3.04866e-10,2.64308e-08,4.34955e-07,1.47798e-09,2.66629e-08,2.59801e-08,1.10308e-06,1.14543e-05,8.41455e-08,1.11250e-06,1.08507e-06,1.49759e-05,9.35146e-05,1.96149e-06,1.52142e-05,1.45532e-05
3.04866e-10,6.13844e-09,1.47323e-11,3.11894e-10,2.92478e-10,2.59801e-08,4.29206e-07,1.44638e-09,2.64308e-08,2.51487e-08,1.08507e-06,1.12726e-05,8.25726e-08,1.10308e-06,1.05240e-06,1.45532e-05,9.02709e-05,1.91479e-06,1.49759e-05,1.38584e-05
2.92478e-10,5.93452e-09,1.40293e-11,3.04866e-10,2.71750e-10,2.51487e-08,4.18177e-07,1.39044e-09,2.59801e-08,2.36835e-08,1.05240e-06,1.09426e-05,7.97643e-08,1.08507e-06,9.95798e-07,1.38584e-05,8.51450e-05,1.83663e-06,1.45532e-05,1.28004e-05
2.71750e-10,5.57463e-09,1.29065e-11,2.92478e-10,2.39030e-10,2.36835e-08,3.97862e-07,1.29626e-09,2.51487e-08,2.12351e-08,9.95798e-07,1.03743e-05,7.49763e-08,1.05240e-06,9.02526e-07,1.28004e-05,7.77727e-05,1.71355e-06,1.38584e-05,1.13389e-05
2.39030e-10,4.97415e-09,1.12154e-11,2.71750e-10,1.90866e-10,2.12351e-08,3.62180e-07,1.14637e-09,2.36835e-08,1.74096e-08,9.02526e-07,9.45349e-06,6.72224e-08,9.95798e-07,7.57735e-07,1.13389e-05,6.84241e-05,1.53245e-06,1.28004e-05,9.57545e-06
1.90866e-10,4.03958e-09,8.83667e-12,2.39030e-10,1.25778e-10,1.74096e-08,3.03245e-07,9.23802e-10,2.12351e-08,1.19411e-08,7.57735e-07,8.06286e-06,5.54298e-08,9.02526e-07,5.49028e-07,9.57545e-06,5.87886e-05,1.28591e-06,1.13389e-05,7.84760e-06
1.25778e-10,2.70877e-09,5.74960e-12,1.90866e-10,4.71961e-11,1.19411e-08,2.13829e-07,6.21181e-10,1.74096e-08,5.10690e-09,5.49028e-07,6.12015e-06,3.88780e-08,7.57735e-07,3.03992e-07,7.84760e-06,5.32672e-05,9.78242e-07,9.57545e-06,7.30282e-06
5.74957e-12,1.25778e-10,2.59915e-13,2.12923e-12,8.83663e-12,6.21181e-10,1.19411e-08,3.08848e-11,2.58003e-10,9.23802e-10,3.88779e-08,5.49025e-07,2.39870e-09,1.94265e-08,5.54297e-08,9.78218e-07,7.84688e-06,9.16097e-08,6.91430e-07,1.28589e-06
8.83663e-12,1.90865e-10,4.03333e-13,5.74957e-12,1.12154e-11,9.23802e-10,1.74096e-08,4.66062e-11,6.21181e-10,1.14637e-09,5.54297e-08,7.57733e-07,3.50044e-09,3.88779e-08,6.72223e-08,1.28589e-06,9.57481e-06,1.26249e-07,9.78218e-07,1.53243e-06
1.12154e-11,2.39030e-10,5.17407e-13,8.83663e-12,1.29064e-11,1.14637e-09,2.12351e-08,5.86468e-11,9.23802e-10,1.29626e-09,6.72223e-08,9.02524e-07,4.31452e-09,5.54297e-08,7.49763e-08,1.53243e-06,1.13384e-05,1.52519e-07,1.28589e-06,1.71353e-06
1.29064e-11,2.71750e-10,6.01566e-13,1.12154e-11,1.40292e-11,1.29626e-09,2.36835e-08,6.71208e-11,1.14637e-09,1.39044e-09,7.49763e-08,9.95797e-07,4.86848e-09,6.72223e-08,7.97642e-08,1.71353e-06,1.28002e-05,1.71025e-07,1.53243e-06,1.83662e-06
1.40292e-11,2.92478e-10,6.59710e-13,1.29064e-11,1.47322e-11,1.39044e-09,2.51487e-08,7.26868e-11,1.29626e-09,1.44638e-09,7.97642e-08,1.05240e-06,5.22142e-09,7.49763e-08,8.25726e-08,1.83662e-06,1.38582e-05,1.83267e-07,1.71353e-06,1.91479e-06
1.47322e-11,3.04866e-10,6.97611e-13,1.40292e-11,1.51492e-11,1.44638e-09,2.59801e-08,7.61367e-11,1.39044e-09,1.47797e-09,8.25726e-08,1.08507e-06,5.43439e-09,7.97642e-08,8.41455e-08,1.91479e-06,1.45532e-05,1.90925e-07,1.83662e-06,1.96149e-06
1.51492e-11,3.11894e-10,7.20982e-13,1.47322e-11,1.53815e-11,1.47797e-09,2.64308e-08,7.81652e-11,1.44638e-09,1.49485e-09,8.41455e-08,1.10308e-06,5.55677e-09,8.25726e-08,8.49807e-08,1.96149e-06,1.49759e-05,1.95471e-07,1.91479e-06,1.98757e-06
1.53815e-11,3.15656e-10,7.34470e-13,1.51492e-11,1.54962e-11,1.49485e-09,2.66629e-08,7.92876e-11,1.47797e-09,1.50292e-09,8.49807e-08,1.11250e-06,5.62323e-09,8.41455e-08,8.53784e-08,1.98757e-06,1.52142e-05,1.98007e-07,1.96149e-06,2.00045e-06
1.54962e-11,3.17456e-10,7.41320e-13,1.53815e-11,1.55305e-11,1.50292e-09,2.67709e-08,7.98393e-11,1.49485e-09,1.50529e-09,8.53784e-08,1.11693e-06,5.65545e-09,8.49807e-08,8.54950e-08,2.00045e-06,1.53324e-05,1.99262e-07,1.98757e-06,2.00430e-06
1.55305e-11,3.17985e-10,7.43402e-13,1.54962e-11,1.54962e-11,1.50529e-09,2.68021e-08,8.00039e-11,1.50292e-09,1.50292e-09,8.54950e-08,1.11822e-06,5.66499e-09,8.53784e-08,8.53784e-08,2.00430e-06,1.53677e-05,1.99638e-07,2.00045e-06,2.00045e-06
1.54962e-11,3.17456e-10,7.41320e-13,1.55305e-11,1.53815e-11,1.50292e-09,2.67709e-08,7.98393e-11,1.50529e-09,1.49485e-09,8.53784e-08,1.11693e-06,5.65545e-09,8.54950e-08,8.49807e-08,2.00045e-06,1.53324e-05,1.99262e-07,2.00430e-06,1.98757e-06
1.53815e-11,3.15656e-10,7.34471e-13,1.54962e-11,1.51492e-11,1.49485e-09,2.66629e-08,7.92876e-11,1.50292e-09,1.47798e-09,8.49807e-08,1.11250e-06,5.62323e-09,8.53784e-08,8.41455e-08,1.98757e-06,1.52142e-05,1.98007e-07,2.00045e-06,1.96149e-06
1.51492e-11,3.11894e-10,7.20983e-13,1.53815e-11,1.47323e-11,1.47798e-09,2.64308e-08,7.81652e-11,1.49485e-09,1.44638e-09,8.41455e-08,1.10308e-06,5.55677e-09,8.49807e-08,8.25726e-08,1.96149e-06,1.49759e-05,1.95471e-07,1.98757e-06,1.91479e-06
1.47323e-11,3.04866e-10,6.97613e-13,1.51492e-11,1.40293e-11,1.44638e-09,2.59801e-08,7.61368e-11,1.47798e-09,1.39044e-09,8.25726e-08,1.08507e-06,5.43439e-09,8.41455e-08,7.97643e-08,1.91479e-06,1.45532e-05,1.90925e-07,1.96149e-06,1.83663e-06
1.40293e-11,2.92478e-10,6.59713e-13,1.47323e-11,1.29065e-11,1.39044e-09,2.51487e-08,7.26869e-11,1.44638e-09,1.29626e-09,7.97643e-08,1.05240e-06,5.22142e-09,8.25726e-08,7.49763e-08,1.83663e-06,1.38584e-05,1.83267e-07,1.91479e-06,1.71355e-06
1.29065e-11,2.71750e-10,6.01569e-13,1.40293e-11,1.12154e-11,1.29626e-09,2.36835e-08,6.71209e-11,1.39044e-09,1.14637e-09,7.49763e-08,9.95798e-07,4.86848e-09,7.97643e-08,6.72224e-08,1.71355e-06,1.28004e-05,1.71026e-07,1.83663e-06,1.53245e-06
1.12154e-11,2.39030e-10,5.17410e-13,1.29065e-11,8.83667e-12,1.14637e-09,2.12351e-08,5.86469e-11,1.29626e-09,9.23802e-10,6.72224e-08,9.02526e-07,4.31452e-09,7.49763e-08,5.54298e-08,1.53245e-06,1.13389e-05,1.52520e-07,1.71355e-06,1.28591e-06
8.83667e-12,1.90866e-10,4.03336e-13,1.12154e-11,5.74960e-12,9.23802e-10,1.74096e-08,4.66062e-11,1.14637e-09,6.21181e-10,5.54298e-08,7.57735e-07,3.50044e-09,6.72224e-08,3.88780e-08,1.28591e-06,9.57545e-06,1.26250e-07,1.53245e-06,9.78242e-07
5.74960e-12,1.25778e-10,2.59917e-13,8.83667e-12,2.12925e-12,6.21181e-10,1.19411e-08,3.08849e-11,9.23802e-10,2.58003e-10,3.88780e-08,5.49028e-07,2.39870e-09,5.54298e-08,1.94265e-08,9.78242e-07,7.84760e-06,9.16105e-08,1.28591e-06,6.91442e-07
2.59915e-13,5.74957e-12,1.16519e-14,9.53120e-14,4.03333e-13,3.08848e-11,6.21181e-10,1.48882e-12,1.25795e-11,4.66062e-11,2.39870e-09,3.88779e-08,1.35540e-10,1.12669e-09,3.50044e-09,9.16097e-08,9.78218e-07,7.00451e-09,5.43282e-08,1.26249e-07
4.03333e-13,8.83663e-12,1.82175e-14,2.59915e-13,5.17407e-13,4.66062e-11,9.23802e-10,2.27163e-12,3.08848e-11,5.86468e-11,3.50044e-09,5.54297e-08,2.01209e-10,2.39870e-09,4.31452e-09,1.26249e-07,1.28589e-06,9.96317e-09,9.16097e-08,1.52519e-07
5.17407e-13,1.12154e-11,2.35734e-14,4.03333e-13,6.01566e-13,5.86468e-11,1.14637e-09,2.89105e-12,4.66062e-11,6.71208e-11,4.31452e-09,6.72223e-08,2.51434e-10,3.50044e-09,4.86848e-09,1.52519e-07,1.53243e-06,1.22128e-08,1.26249e-07,1.71025e-07
6.01566e-13,1.29064e-11,2.76473e-14,5.17407e-13,6.59710e-13,6.71208e-11,1.29626e-09,3.34354e-12,5.86468e-11,7.26868e-11,4.86848e-09,7.49763e-08,2.86855e-10,4.31452e-09,5.22142e-09,1.71025e-07,1.71353e-06,1.37996e-08,1.52519e-07,1.83267e-07
6.59710e-13,1.40292e-11,3.05581e-14,6.01566e-13,6.97611e-13,7.26868e-11,1.39044e-09,3.65256e-12,6.71208e-11,7.61367e-11,5.22142e-09,7.97642e-08,3.10220e-10,4.86848e-09,5.43439e-09,1.83267e-07,1.83662e-06,1.48515e-08,1.71025e-07,1.90925e-07
6.97611e-13,1.47322e-11,3.25224e-14,6.59710e-13,7.20982e-13,7.61367e-11,1.44638e-09,3.85166e-12,7.26868e-11,7.81652e-11,5.43439e-09,8.25726e-08,3.24788e-10,5.22142e-09,5.55677e-09,1.90925e-07,1.91479e-06,1.55123e-08,1.83267e-07,1.95471e-07
7.20982e-13,1.51492e-11,3.37756e-14,6.97611e-13,7.34470e-13,7.81652e-11,1.47797e-09,3.97312e-12,7.61367e-11,7.92876e-11,5.55677e-09,8.41455e-08,3.33415e-10,5.43439e-09,5.62323e-09,1.95471e-07,1.96149e-06,1.59069e-08,1.90925e-07,1.98007e-07
7.34470e-13,1.53815e-11,3.45215e-14,7.20982e-13,7.41320e-13,7.92876e-11,1.49485e-09,4.04259e-12,7.81652e-11,7.98393e-11,5.62323e-09,8.49807e-08,3.38224e-10,5.55677e-09,5.65545e-09,1.98007e-07,1.98757e-06,1.61287e-08,1.95471e-07,1.99262e-07
7.41320e-13,1.54962e-11,3.49097e-14,7.34470e-13,7.43402e-13,7.98393e-11,1.50292e-09,4.07763e-12,7.92876e-11,8.00039e-11,5.65545e-09,8.53784e-08,3.40603e-10,5.62323e-09,5.66499e-09,1.99262e-07,2.00045e-06,1.62392e-08,1.98007e-07,1.99638e-07
7.43402e-13,1.55305e-11,3.50293e-14,7.41320e-13,7.41320e-13,8.00039e-11,1.50529e-09,4.08824e-12,7.98393e-11,7.98393e-11,5.66499e-09,8.54950e-08,3.41316e-10,5.65545e-09,5.65545e-09,1.99638e-07,2.00430e-06,1.62724e-08,1.99262e-07,1.99262e-07
7.41320e-13,1.54962e-11,3.49097e-14,7.43402e-13,7.34471e-13,7.98393e-11,1.50292e-09,4.07763e-12,8.00039e-11,7.92876e-11,5.65545e-09,8.53784e-08,3.40603e-10,5.66499e-09,5.62323e-09,1.99262e-07,2.00045e-06,1.62392e-08,1.99638e-07,1.98007e-07
7.34471e-13,1.53815e-11,3.45216e-14,7.41320e-13,7.20983e-13,7.92876e-11,1.49485e-09,4.04259e-12,7.98393e-11,7.81652e-11,5.62323e-09,8.49807e-08,3.38224e-10,5.65545e-09,5.55677e-09,1.98007e-07,1.98757e-06,1.61287e-08,1.99262e-07,1.95471e-07
7.20983e-13,1.51492e-11,3.37757e-14,7.34471e-13,6.97613e-13,7.81652e-11,1.47798e-09,3.97313e-12,7.92876e-11,7.61368e-11,5.55677e-09,8.41455e-08,3.33415e-10,5.62323e-09,5.43439e-09,1.95471e-07,1.96149e-06,1.59069e-08,1.98007e-07,1.90925e-07
6.97613e-13,1.47323e-11,3.25225e-14,7.20983e-13,6.59713e-13,7.61368e-11,1.44638e-09,3.85166e-12,7.81652e-11,7.26869e-11,5.43439e-09,8.25726e-08,3.24788e-10,5.55677e-09,5.22142e-09,1.90925e-07,1.91479e-06,1.55123e-08,1.95471e-07,1.83267e-07
6.59713e-13,1.40293e-11,3.05582e-14,6.97613e-13,6.01569e-13,7.26869e-11,1.39044e-09,3.65256e-12,7.61368e-11,6.71209e-11,5.22142e-09,7.97643e-08,3.10220e-10,5.43439e-09,4.86848e-09,1.83267e-07,1.83663e-06,1.48515e-08,1.90925e-07,1.71026e-07
6.01569e-13,1.29065e-11,2.76475e-14,6.59713e-13,5.17410e-13,6.71209e-11,1.29626e-09,3.34355e-12,7.26869e-11,5.86469e-11,4.86848e-09,7.49763e-08,2.86855e-10,5.22142e-09,4.31452e-09,1.71026e-07,1.71355e-06,1.37996e-08,1.83267e-07,1.52520e-07
5.17410e-13,1.12154e-11,2.35736e-14,6.01569e-13,4.03336e-13,5.86469e-11,1.14637e-09,2.89106e-12,6.71209e-11,4.66062e-11,4.31452e-09,6.72224e-08,2.51434e-10,4.86848e-09,3.50044e-09,1.52520e-07,1.53245e-06,1.22128e-08,1.71026e-07,1.26250e-07
4.03336e-13,8.83667e-12,1.82177e-14,5.17410e-13,2.59917e-13,4.66062e-11,9.23802e-10,2.27163e-12,5.86469e-11,3.08849e-11,3.50044e-09,5.54298e-08,2.01209e-10,4.31452e-09,2.39870e-09,1.26250e-07,1.28591e-06,9.96320e-09,1.52520e-07,9.16105e-08
2.59917e-13,5.74960e-12,1.16520e-14,4.03336e-13,9.53131e-14,3.08849e-11,6.21181e-10,1.48883e-12,4.66062e-11,1.25795e-11,2.39870e-09,3.88780e-08,1.35540e-10,3.50044e-09,1.12670e-09,9.16105e-08,9.78242e-07,7.00454e-09,1.26250e-07,5.43285e-08
1.16519e-14,2.59915e-13,5.18955e-16,4.24004e-15,1.82175e-14,1.48882e-12,3.08848e-11,7.01934e-14,5.98053e-13,2.27163e-12,1.35540e-10,2.39870e-09,7.21296e-12,6.11418e-11,2.01209e-10,7.00451e-09,9.16097e-08,4.67298e-10,3.72660e-09,9.96317e-09
1.82175e-14,4.03333e-13,8.16262e-16,1.16519e-14,2.35734e-14,2.27163e-12,4.66062e-11,1.08023e-13,1.48882e-12,2.89105e-12,2.01209e-10,3.50044e-09,1.08472e-11,1.35540e-10,2.51434e-10,9.96317e-09,1.26249e-07,6.79712e-10,7.00451e-09,1.22128e-08
2.35734e-14,5.17407e-13,1.06380e-15,1.82175e-14,2.76473e-14,2.89105e-12,5.86468e-11,1.38760e-13,2.27163e-12,3.34354e-12,2.51434e-10,4.31452e-09,1.37110e-11,2.01209e-10,2.86855e-10,1.22128e-08,1.52519e-07,8.44280e-10,9.96317e-09,1.37996e-08
2.76473e-14,6.01566e-13,1.25693e-15,2.35734e-14,3.05581e-14,3.34354e-12,6.71208e-11,1.61928e-13,2.89105e-12,3.65256e-12,2.86855e-10,4.86848e-09,1.57986e-11,2.51434e-10,3.10220e-10,1.37996e-08,1.71025e-07,9.62496e-10,1.22128e-08,1.48515e-08
3.05581e-14,6.59710e-13,1.39890e-15,2.76473e-14,3.25224e-14,3.65256e-12,7.26868e-11,1.78294e-13,3.34354e-12,3.85166e-12,3.10220e-10,5.22142e-09,1.72230e-11,2.86855e-10,3.24788e-10,1.48515e-08,1.83267e-07,1.04222e-09,1.37996e-08,1.55123e-08
3.25224e-14,6.97611e-13,1.49761e-15,3.05581e-14,3.37756e-14,3.85166e-12,7.61367e-11,1.89208e-13,3.65256e-12,3.97312e-12,3.24788e-10,5.43439e-09,1.81407e-11,3.10220e-10,3.33415e-10,1.55123e-08,1.90925e-07,1.09313e-09,1.48515e-08,1.59069e-08
3.37756e-14,7.20982e-13,1.56248e-15,3.25224e-14,3.45215e-14,3.97312e-12,7.81652e-11,1.96091e-13,3.85166e-12,4.04259e-12,3.33415e-10,5.55677e-09,1.87012e-11,3.24788e-10,3.38224e-10,1.59069e-08,1.95471e-07,1.12401e-09,1.55123e-08,1.61287e-08
3.45215e-14,7.34470e-13,1.60214e-15,3.37756e-14,3.49097e-14,4.04259e-12,7.92876e-11,2.00147e-13,3.97312e-12,4.07763e-12,3.38224e-10,5.62323e-09,1.90222e-11,3.33415e-10,3.40603e-10,1.61287e-08,1.98007e-07,1.14161e-09,1.59069e-08,1.62392e-08
3.49097e-14,7.41320e-13,1.62323e-15,3.45215e-14,3.50293e-14,4.07763e-12,7.98393e-11,2.02243e-13,4.04259e-12,4.08824e-12,3.40603e-10,5.65545e-09,1.91844e-11,3.38224e-10,3.41316e-10,1.62392e-08,1.99262e-07,1.15047e-09,1.61287e-08,1.62724e-08
3.50293e-14,7.43402e-13,1.62980e-15,3.49097e-14,3.49097e-14,4.08824e-12,8.00039e-11,2.02885e-13,4.07763e-12,4.07763e-12,3.41316e-10,5.66499e-09,1.92336e-11,3.40603e-10,3.40603e-10,1.62724e-08,1.99638e-07,1.15315e-09,1.62392e-08,1.62392e-08
3.49097e-14,7.41320e-13,1.62323e-15,3.50293e-14,3.45216e-14,4.07763e-12,7.98393e-11,2.02243e-13,4.08824e-12,4.04259e-12,3.40603e-10,5.65545e-09,1.91844e-11,3.41316e-10,3.38224e-10,1.62392e-08,1.99262e-07,1.15047e-09,1.62724e-08,1.61287e-08
3.45216e-14,7.34471e-13,1.60215e-15,3.49097e-14,3.37757e-14,4.04259e-12,7.92876e-11,2.00148e-13,4.07763e-12,3.97313e-12,3.38224e-10,5.62323e-09,1.90222e-11,3.40603e-10,3.33415e-10,1.61287e-08,1.98007e-07,1.14161e-09,1.62392e-08,1.59069e-08
3.37757e-14,7.20983e-13,1.56249e-15,3.45216e-14,3.25225e-14,3.97313e-12,7.81652e-11,1.96091e-13,4.04259e-12,3.85166e-12,3.33415e-10,5.55677e-09,1.87012e-11,3.38224e-10,3.24788e-10,1.59069e-08,1.95471e-07,1.12401e-09,1.61287e-08,1.55123e-08
3.25225e-14,6.97613e-13,1.49762e-15,3.37757e-14,3.05582e-14,3.85166e-12,7.61368e-11,1.89208e-13,3.97313e-12,3.65256e-12,3.24788e-10,5.43439e-09,1.81407e-11,3.33415e-10,3.10220e-10,1.55123e-08,1.90925e-07,1.09313e-09,1.59069e-08,1.48515e-08
3.05582e-14,6.59713e-13,1.39891e-15,3.25225e-14,2.76475e-14,3.65256e-12,7.26869e-11,1.78294e-13,3.85166e-12,3.34355e-12,3.10220e-10,5.22142e-09,1.72230e-11,3.24788e-10,2.86855e-10,1.48515e-08,1.83267e-07,1.04222e-09,1.55123e-08,1.37996e-08
2.76475e-14,6.01569e-13,1.25694e-15,3.05582e-14,2.35736e-14,3.34355e-12,6.71209e-11,1.61928e-13,3.65256e-12,2.89106e-12,2.86855e-10,4.86848e-09,1.57986e-11,3.10220e-10,2.51434e-10,1.37996e-08,1.71026e-07,9.62497e-10,1.48515e-08,1.22128e-08
2.35736e-14,5.17410e-13,1.06381e-15,2.76475e-14,1.82177e-14,2.89106e-12,5.86469e-11,1.38761e-13,3.34355e-12,2.27163e-12,2.51434e-10,4.31452e-09,1.37110e-11,2.86855e-10,2.01209e-10,1.22128e-08,1.52520e-07,8.44281e-10,1.37996e-08,9.96320e-09
1.82177e-14,4.03336e-13,8.16274e-16,2.35736e-14,1.16520e-14,2.27163e-12,4.66062e-11,1.08024e-13,2.89106e-12,1.48883e-12,2.01209e-10,3.50044e-09,1.08472e-11,2.51434e-10,1.35540e-10,9.96320e-09,1.26250e-07,6.79713e-10,1.22128e-08,7.00454e-09
1.16520e-14,2.59917e-13,5.18964e-16,1.82177e-14,4.24010e-15,1.48883e-12,3.08849e-11,7.01937e-14,2.27163e-12,5.98056e-13,1.35540e-10,2.39870e-09,7.21297e-12,2.01209e-10,6.11418e-11,7.00454e-09,9.16105e-08,4.67299e-10,9.96320e-09,3.72661e-09
5.18955e-16,1.16519e-14,2.29926e-17,1.87670e-16,8.16262e-16,7.01934e-14,1.48882e-12,3.25507e-15,2.79074e-14,1.08023e-13,7.21296e-12,1.35540e-10,3.67722e-13,3.16363e-12,1.08472e-11,4.67298e-10,7.00451e-09,2.83552e-11,2.31666e-10,6.79712e-10
8.16262e-16,1.82175e-14,3.63427e-17,5.18955e-16,1.06380e-15,1.08023e-13,2.27163e-12,5.04369e-15,7.01934e-14,1.38760e-13,1.08472e-11,2.01209e-10,5.58579e-13,7.21296e-12,1.37110e-11,6.79712e-10,9.96317e-09,4.19304e-11,4.67298e-10,8.44280e-10
1.06380e-15,2.35734e-14,4.76464e-17,8.16262e-16,1.25693e-15,1.38760e-13,2.89105e-12,6.52872e-15,1.08023e-13,1.61928e-13,1.37110e-11,2.51434e-10,7.12827e-13,1.08472e-11,1.57986e-11,8.44280e-10,1.22128e-08,5.26809e-11,6.79712e-10,9.62496e-10
1.25693e-15,2.76473e-14,5.66550e-17,1.06380e-15,1.39890e-15,1.61928e-13,3.34354e-12,7.67801e-15,1.38760e-13,1.78294e-13,1.57986e-11,2.86855e-10,8.28609e-13,1.37110e-11,1.72230e-11,9.62496e-10,1.37996e-08,6.05863e-11,8.44280e-10,1.04222e-09
1.39890e-15,3.05581e-14,6.34397e-17,1.25693e-15,1.49761e-15,1.78294e-13,3.65256e-12,8.51392e-15,1.61928e-13,1.89208e-13,1.72230e-11,3.10220e-10,9.10092e-13,1.57986e-11,1.81407e-11,1.04222e-09,1.48515e-08,6.60429e-11,9.62496e-10,1.09313e-09
1.49761e-15,3.25224e-14,6.82804e-17,1.39890e-15,1.56248e-15,1.89208e-13,3.85166e-12,9.08847e-15,1.78294e-13,1.96091e-13,1.81407e-11,3.24788e-10,9.64248e-13,1.72230e-11,1.87012e-11,1.09313e-09,1.55123e-08,6.96058e-11,1.04222e-09,1.12401e-09
1.56248e-15,3.37756e-14,7.15437e-17,1.49761e-15,1.60214e-15,1.96091e-13,3.97312e-12,9.46173e-15,1.89208e-13,2.00147e-13,1.87012e-11,3.33415e-10,9.98313e-13,1.81407e-11,1.90222e-11,1.12401e-09,1.59069e-08,7.18122e-11,1.09313e-09,1.14161e-09
1.60214e-15,3.45215e-14,7.35863e-17,1.56248e-15,1.62323e-15,2.00147e-13,4.04259e-12,9.68767e-15,1.96091e-13,2.02243e-13,1.90222e-11,3.38224e-10,1.01835e-12,1.87012e-11,1.91844e-11,1.14161e-09,1.61287e-08,7.30930e-11,1.12401e-09,1.15047e-09
1.62323e-15,3.49097e-14,7.46923e-17,1.60214e-15,1.62980e-15,2.02243e-13,4.07763e-12,9.80685e-15,2.00147e-13,2.02885e-13,1.91844e-11,3.40603e-10,1.02868e-12,1.90222e-11,1.92336e-11,1.15047e-09,1.62392e-08,7.37473e-11,1.14161e-09,1.15315e-09
1.62980e-15,3.50293e-14,7.50407e-17,1.62323e-15,1.62323e-15,2.02885e-13,4.08824e-12,9.84385e-15,2.02243e-13,2.02243e-13,1.92336e-11,3.41316e-10,1.03185e-12,1.91844e-11,1.91844e-11,1.15315e-09,1.62724e-08,7.39469e-11,1.15047e-09,1.15047e-09
1.62323e-15,3.49097e-14,7.46924e-17,1.62980e-15,1.60215e-15,2.02243e-13,4.07763e-12,9.80686e-15,2.02885e-13,2.00148e-13,1.91844e-11,3.40603e-10,1.02868e-12,1.92336e-11,1.90222e-11,1.15047e-09,1.62392e-08,7.37473e-11,1.15315e-09,1.14161e-09
1.60215e-15,3.45216e-14,7.35865e-17,1.62323e-15,1.56249e-15,2.00148e-13,4.04259e-12,9.68769e-15,2.02243e-13,1.96091e-13,1.90222e-11,3.38224e-10,1.01835e-12,1.91844e-11,1.87012e-11,1.14161e-09,1.61287e-08,7.30930e-11,1.15047e-09,1.12401e-09
1.56249e-15,3.37757e-14,7.15441e-17,1.60215e-15,1.49762e-15,1.96091e-13,3.97313e-12,9.46175e-15,2.00148e-13,1.89208e-13,1.87012e-11,3.33415e-10,9.98313e-13,1.90222e-11,1.81407e-11,1.12401e-09,1.59069e-08,7.18122e-11,1.14161e-09,1.09313e-09
1.49762e-15,3.25225e-14,6.82809e-17,1.56249e-15,1.39891e-15,1.89208e-13,3.85166e-12,9.08849e-15,1.96091e-13,1.78294e-13,1.81407e-11,3.24788e-10,9.64249e-13,1.87012e-11,1.72230e-11,1.09313e-09,1.55123e-08,6.96059e-11,1.12401e-09,1.04222e-09
1.39891e-15,3.05582e-14,6.34403e-17,1.49762e-15,1.25694e-15,1.78294e-13,3.65256e-12,8.51395e-15,1.89208e-13,1.61928e-13,1.72230e-11,3.10220e-10,9.10093e-13,1.81407e-11,1.57986e-11,1.04222e-09,1.48515e-08,6.60429e-11,1.09313e-09,9.62497e-10
1.25694e-15,2.76475e-14,5.66557e-17,1.39891e-15,1.06381e-15,1.61928e-13,3.34355e-12,7.67805e-15,1.78294e-13,1.38761e-13,1.57986e-11,2.86855e-10,8.28610e-13,1.72230e-11,1.37110e-11,9.62497e-10,1.37996e-08,6.05864e-11,1.04222e-09,8.44281e-10
1.06381e-15,2.35736e-14,4.76471e-17,1.25694e-15,8.16274e-16,1.38761e-13,2.89106e-12,6.52876e-15,1.61928e-13,1.08024e-13,1.37110e-11,2.51434e-10,7.12828e-13,1.57986e-11,1.08472e-11,8.44281e-10,1.22128e-08,5.26809e-11,9.62497e-10,6.79713e-10
8.16274e-16,1.82177e-14,3.63433e-17,1.06381e-15,5.18964e-16,1.08024e-13,2.27163e-12,5.04373e-15,1.38761e-13,7.01937e-14,1.08472e-11,2.01209e-10,5.58580e-13,1.37110e-11,7.21297e-12,6.79713e-10,9.96320e-09,4.19304e-11,8.44281e-10,4.67299e-10
5.18964e-16,1.16520e-14,2.29930e-17,8.16274e-16,1.87674e-16,7.01937e-14,1.48883e-12,3.25510e-15,1.08024e-13,2.79076e-14,7.21297e-12,1.35540e-10,3.67723e-13,1.08472e-11,3.16364e-12,4.67299e-10,7.00454e-09,2.83552e-11,6.79713e-10,2.31667e-10
2.29926e-17,5.18955e-16,1.01431e-18,8.27189e-18,3.63427e-17,3.25507e-15,7.01934e-14,1.49042e-16,1.28392e-15,5.04369e-15,3.67722e-13,7.21296e-12,1.81592e-14,1.58022e-13,5.58579e-13,2.83552e-11,4.67298e-10,1.60661e-12,1.33926e-11,4.19304e-11
3.63427e-17,8.16262e-16,1.60981e-18,2.29926e-17,4.76464e-17,5.04369e-15,1.08023e-13,2.32223e-16,3.25507e-15,6.52872e-15,5.58579e-13,1.08472e-11,2.78050e-14,3.67722e-13,7.12827e-13,4.19304e-11,6.79712e-10,2.40588e-12,2.83552e-11,5.26809e-11
4.76464e-17,1.06380e-15,2.12112e-18,3.63427e-17,5.66550e-17,6.52872e-15,1.38760e-13,3.02533e-16,5.04369e-15,7.67801e-15,7.12827e-13,1.37110e-11,3.57681e-14,5.58579e-13,8.28609e-13,5.26809e-11,8.44280e-10,3.05226e-12,4.19304e-11,6.05863e-11
5.66550e-17,1.25693e-15,2.53600e-18,4.76464e-17,6.34397e-17,7.67801e-15,1.61928e-13,3.58176e-16,6.52872e-15,8.51392e-15,8.28609e-13,1.57986e-11,4.18996e-14,7.12827e-13,9.10092e-13,6.05863e-11,9.62496e-10,3.53900e-12,5.26809e-11,6.60429e-11
6.34397e-17,1.39890e-15,2.85501e-18,5.66550e-17,6.82804e-17,8.51392e-15,1.78294e-13,3.99678e-16,7.67801e-15,9.08847e-15,9.10092e-13,1.72230e-11,4.63362e-14,8.28609e-13,9.64248e-13,6.60429e-11,1.04222e-09,3.88334e-12,6.05863e-11,6.96058e-11
6.82804e-17,1.49761e-15,3.08772e-18,6.34397e-17,7.15437e-17,9.08847e-15,1.89208e-13,4.28968e-16,8.51392e-15,9.46173e-15,9.64248e-13,1.81407e-11,4.93698e-14,9.10092e-13,9.98313e-13,6.96058e-11,1.09313e-09,4.11370e-12,6.60429e-11,7.18122e-11
7.15437e-17,1.56248e-15,3.24813e-18,6.82804e-17,7.35863e-17,9.46173e-15,1.96091e-13,4.48501e-16,9.08847e-15,9.68767e-15,9.98313e-13,1.87012e-11,5.13312e-14,9.64248e-13,1.01835e-12,7.18122e-11,1.12401e-09,4.25966e-12,6.96058e-11,7.30930e-11
7.35863e-17,1.60214e-15,3.35058e-18,7.15437e-17,7.46923e-17,9.68767e-15,2.00147e-13,4.60608e-16,9.46173e-15,9.80685e-15,1.01835e-12,1.90222e-11,5.25136e-14,9.98313e-13,1.02868e-12,7.30930e-11,1.14161e-09,4.34611e-12,7.18122e-11,7.37473e-11
7.46923e-17,1.62323e-15,3.40694e-18,7.35863e-17,7.50407e-17,9.80685e-15,2.02243e-13,4.67113e-16,9.68767e-15,9.84385e-15,1.02868e-12,1.91844e-11,5.31354e-14,1.01835e-12,1.03185e-12,7.37473e-11,1.15047e-09,4.39098e-12,7.30930e-11,7.39469e-11
7.50407e-17,1.62980e-15,3.42485e-18,7.46923e-17,7.46924e-17,9.84385e-15,2.02885e-13,4.69154e-16,9.80685e-15,9.80686e-15,1.03185e-12,1.92336e-11,5.33281e-14,1.02868e-12,1.02868e-12,7.39469e-11,1.15315e-09,4.40478e-12,7.37473e-11,7.37473e-11
7.46924e-17,1.62323e-15,3.40694e-18,7.50407e-17,7.35865e-17,9.80686e-15,2.02243e-13,4.67114e-16,9.84385e-15,9.68769e-15,1.02868e-12,1.91844e-11,5.31354e-14,1.03185e-12,1.01835e-12,7.37473e-11,1.15047e-09,4.39098e-12,7.39469e-11,7.30930e-11
7.35865e-17,1.60215e-15,3.35059e-18,7.46924e-17,7.15441e-17,9.68769e-15,2.00148e-13,4.60608e-16,9.80686e-15,9.46175e-15,1.01835e-12,1.90222e-11,5.25136e-14,1.02868e-12,9.98313e-13,7.30930e-11,1.14161e-09,4.34611e-12,7.37473e-11,7.18122e-11
7.15441e-17,1.56249e-15,3.24815e-18,7.35865e-17,6.82809e-17,9.46175e-15,1.96091e-13,4.48502e-16,9.68769e-15,9.08849e-15,9.98313e-13,1.87012e-11,5.13313e-14,1.01835e-12,9.64249e-13,7.18122e-11,1.12401e-09,4.25966e-12,7.30930e-11,6.96059e-11
6.82809e-17,1.49762e-15,3.08775e-18,7.15441e-17,6.34403e-17,9.08849e-15,1.89208e-13,4.28970e-16,9.46175e-15,8.51395e-15,9.64249e-13,1.81407e-11,4.93699e-14,9.98313e-13,9.10093e-13,6.96059e-11,1.09313e-09,4.11370e-12,7.18122e-11,6.60429e-11
6.34403e-17,1.39891e-15,2.85504e-18,6.82809e-17,5.66557e-17,8.51395e-15,1.78294e-13,3.99680e-16,9.08849e-15,7.67805e-15,9.10093e-13,1.72230e-11,4.63362e-14,9.64249e-13,8.28610e-13,6.60429e-11,1.04222e-09,3.88334e-12,6.96059e-11,6.05864e-11
5.66557e-17,1.25694e-15,2.53604e-18,6.34403e-17,4.76471e-17,7.67805e-15,1.61928e-13,3.58179e-16,8.51395e-15,6.52876e-15,8.28610e-13,1.57986e-11,4.18997e-14,9.10093e-13,7.12828e-13,6.05864e-11,9.62497e-10,3.53900e-12,6.60429e-11,5.26809e-11
4.76471e-17,1.06381e-15,2.12116e-18,5.66557e-17,3.63433e-17,6.52876e-15,1.38761e-13,3.02536e-16,7.67805e-15,5.04373e-15,7.12828e-13,1.37110e-11,3.57681e-14,8.28610e-13,5.58580e-13,5.26809e-11,8.44281e-10,3.05226e-12,6.05864e-11,4.19304e-11
3.63433e-17,8.16274e-16,1.60984e-18,4.76471e-17,2.29930e-17,5.04373e-15,1.08024e-13,2.32226e-16,6.52876e-15,3.25510e-15,5.58580e-13,1.08472e-11,2.78051e-14,7.12828e-13,3.67723e-13,4.19304e-11,6.79713e-10,2.40588e-12,5.26809e-11,2.83552e-11
2.29930e-17,5.18964e-16,1.01434e-18,3.63433e-17,8.27208e-18,3.25510e-15,7.01937e-14,1.49043e-16,5.04373e-15,1.28394e-15,3.67723e-13,7.21297e-12,1.81592e-14,5.58580e-13,1.58022e-13,2.83552e-11,4.67299e-10,1.60661e-12,4.19304e-11,1.33927e-11
1.01431e-18,2.29926e-17,4.45848e-20,3.63317e-19,1.60981e-18,1.49042e-16,3.25507e-15,6.75644e-18,5.84199e-17,2.32223e-16,1.81592e-14,3.67722e-13,8.75236e-16,7.68429e-15,2.78050e-14,1.60661e-12,2.83552e-11,8.64905e-14,7.32917e-13,2.40588e-12
1.60981e-18,3.63427e-17,7.10040e-20,1.01431e-18,2.12112e-18,2.32223e-16,5.04369e-15,1.05757e-17,1.49042e-16,3.02533e-16,2.78050e-14,5.58579e-13,1.34882e-15,1.81592e-14,3.57681e-14,2.40588e-12,4.19304e-11,1.30803e-13,1.60661e-12,3.05226e-12
2.12112e-18,4.76464e-17,9.39576e-20,1.60981e-18,2.53600e-18,3.02533e-16,6.52872e-15,1.38526e-17,2.32223e-16,3.58176e-16,3.57681e-14,7.12827e-13,1.74686e-15,2.78050e-14,4.18996e-14,3.05226e-12,5.26809e-11,1.67320e-13,2.40588e-12,3.53900e-12
2.53600e-18,5.66550e-17,1.12869e-19,2.12112e-18,2.85501e-18,3.58176e-16,7.67801e-15,1.64957e-17,3.02533e-16,3.99678e-16,4.18996e-14,8.28609e-13,2.06017e-15,3.57681e-14,4.63362e-14,3.53900e-12,6.05863e-11,1.95438e-13,3.05226e-12,3.88334e-12
2.85501e-18,6.34397e-17,1.27672e-19,2.53600e-18,3.08772e-18,3.99678e-16,8.51392e-15,1.85103e-17,3.58176e-16,4.28968e-16,4.63362e-14,9.10092e-13,2.29251e-15,4.18996e-14,4.93698e-14,3.88334e-12,6.60429e-11,2.15810e-13,3.53900e-12,4.11370e-12
3.08772e-18,6.82804e-17,1.38679e-19,2.85501e-18,3.24813e-18,4.28968e-16,9.08847e-15,1.99653e-17,3.99678e-16,4.48501e-16,4.93698e-14,9.64248e-13,2.45549e-15,4.63362e-14,5.13312e-14,4.11370e-12,6.96058e-11,2.29770e-13,3.88334e-12,4.25966e-12
3.24813e-18,7.15437e-17,1.46414e-19,3.08772e-18,3.35058e-18,4.48501e-16,9.46173e-15,2.09582e-17,4.28968e-16,4.60608e-16,5.13312e-14,9.98313e-13,2.56354e-15,4.93698e-14,5.25136e-14,4.25966e-12,7.18122e-11,2.38822e-13,4.11370e-12,4.34611e-12
3.35058e-18,7.35863e-17,1.51442e-19,3.24813e-18,3.40694e-18,4.60608e-16,9.68767e-15,2.15865e-17,4.48501e-16,4.67113e-16,5.25136e-14,1.01835e-12,2.63015e-15,5.13312e-14,5.31354e-14,4.34611e-12,7.30930e-11,2.44295e-13,4.25966e-12,4.39098e-12
3.40694e-18,7.46923e-17,1.54245e-19,3.35058e-18,3.42485e-18,4.67113e-16,9.80685e-15,2.19297e-17,4.60608e-16,4.69154e-16,5.31354e-14,1.02868e-12,2.66581e-15,5.25136e-14,5.33281e-14,4.39098e-12,7.37473e-11,2.47181e-13,4.34611e-12,4.40478e-12
3.42485e-18,7.50407e-17,1.55142e-19,3.40694e-18,3.40694e-18,4.69154e-16,9.84385e-15,2.20383e-17,4.67113e-16,4.67114e-16,5.33281e-14,1.03185e-12,2.67697e-15,5.31354e-14,5.31354e-14,4.40478e-12,7.39469e-11,2.48076e-13,4.39098e-12,4.39098e-12
3.40694e-18,7.46924e-17,1.54245e-19,3.42485e-18,3.35059e-18,4.67114e-16,9.80686e-15,2.19297e-17,4.69154e-16,4.60608e-16,5.31354e-14,1.02868e-12,2.66581e-15,5.33281e-14,5.25136e-14,4.39098e-12,7.37473e-11,2.47181e-13,4.40478e-12,4.34611e-12
3.35059e-18,7.35865e-17,1.51442e-19,3.40694e-18,3.24815e-18,4.60608e-16,9.68769e-15,2.15866e-17,4.67114e-16,4.48502e-16,5.25136e-14,1.01835e-12,2.63016e-15,5.31354e-14,5.13313e-14,4.34611e-12,7.30930e-11,2.44295e-13,4.39098e-12,4.25966e-12
3.24815e-18,7.15441e-17,1.46415e-19,3.35059e-18,3.08775e-18,4.48502e-16,9.46175e-15,2.09582e-17,4.60608e-16,4.28970e-16,5.13313e-14,9.98313e-13,2.56354e-15,5.25136e-14,4.93699e-14,4.25966e-12,7.18122e-11,2.38822e-13,4.34611e-12,4.11370e-12
3.08775e-18,6.82809e-17,1.38681e-19,3.24815e-18,2.85504e-18,4.28970e-16,9.08849e-15,1.99654e-17,4.48502e-16,3.99680e-16,4.93699e-14,9.64249e-13,2.45550e-15,5.13313e-14,4.63362e-14,4.11370e-12,6.96059e-11,2.29771e-13,4.25966e-12,3.88334e-12
2.85504e-18,6.34403e-17,1.27674e-19,3.08775e-18,2.53604e-18,3.99680e-16,8.51395e-15,1.85104e-17,4.28970e-16,3.58179e-16,4.63362e-14,9.10093e-13,2.29252e-15,4.93699e-14,4.18997e-14,3.88334e-12,6.60429e-11,2.15810e-13,4.11370e-12,3.53900e-12
2.53604e-18,5.66557e-17,1.12871e-19,2.85504e-18,2.12116e-18,3.58179e-16,7.67805e-15,1.64958e-17,3.99680e-16,3.02536e-16,4.18997e-14,8.28610e-13,2.06018e-15,4.63362e-14,3.57681e-14,3.53900e-12,6.05864e-11,1.95438e-13,3.88334e-12,3.05226e-12
2.12116e-18,4.76471e-17,9.39597e-20,2.53604e-18,1.60984e-18,3.02536e-16,6.52876e-15,1.38527e-17,3.58179e-16,2.32226e-16,3.57681e-14,7.12828e-13,1.74686e-15,4.18997e-14,2.78051e-14,3.05226e-12,5.26809e-11,1.67321e-13,3.53900e-12,2.40588e-12
1.60984e-18,3.63433e-17,7.10058e-20,2.12116e-18,1.01434e-18,2.32226e-16,5.04373e-15,1.05758e-17,3.02536e-16,1.49043e-16,2.78051e-14,5.58580e-13,1.34883e-15,3.57681e-14,1.81592e-14,2.40588e-12,4.19304e-11,1.30803e-13,3.05226e-12,1.60661e-12
1.01434e-18,2.29930e-17,4.45861e-20,1.60984e-18,3.63327e-19,1.49043e-16,3.25510e-15,6.75653e-18,2.32226e-16,5.84206e-17,1.81592e-14,3.67723e-13,8.75240e-16,2.78051e-14,7.68433e-15,1.60661e-12,2.83552e-11,8.64907e-14,2.40588e-12,7.32918e-13
4.45848e-20,1.01431e-18,1.95372e-21,1.59097e-20,7.10040e-20,6.75644e-18,1.49042e-16,3.03843e-19,2.63490e-18,1.05757e-17,8.75236e-16,1.81592e-14,4.13934e-17,3.65973e-16,1.34882e-15,8.64905e-14,1.60661e-12,4.47705e-15,3.84494e-14,1.30803e-13
7.10040e-20,1.60981e-18,3.12057e-21,4.45848e-20,9.39576e-20,1.05757e-17,2.32223e-16,4.77429e-19,6.75644e-18,1.38526e-17,1.34882e-15,2.78050e-14,6.41312e-17,8.75236e-16,1.74686e-15,1.30803e-13,2.40588e-12,6.82457e-15,8.64905e-14,1.67320e-13
9.39576e-20,2.12112e-18,4.14459e-21,7.10040e-20,1.12869e-19,1.38526e-17,3.02533e-16,6.28264e-19,1.05757e-17,1.64957e-17,1.74686e-15,3.57681e-14,8.35338e-17,1.34882e-15,2.06017e-15,1.67320e-13,3.05226e-12,8.79147e-15,1.30803e-13,1.95438e-13
1.12869e-19,2.53600e-18,4.99940e-21,9.39576e-20,1.27672e-19,1.64957e-17,3.58176e-16,7.51916e-19,1.38526e-17,1.85103e-17,2.06017e-15,4.18996e-14,9.91007e-17,1.74686e-15,2.29251e-15,1.95438e-13,3.53900e-12,1.03367e-14,1.67320e-13,2.15810e-13
1.27672e-19,2.85501e-18,5.67885e-21,1.12869e-19,1.38679e-19,1.85103e-17,3.99678e-16,8.47953e-19,1.64957e-17,1.99653e-17,2.29251e-15,4.63362e-14,1.10896e-16,2.06017e-15,2.45549e-15,2.15810e-13,3.88334e-12,1.14814e-14,1.95438e-13,2.29770e-13
1.38679e-19,3.08772e-18,6.19258e-21,1.27672e-19,1.46414e-19,1.99653e-17,4.28968e-16,9.18726e-19,1.85103e-17,2.09582e-17,2.45549e-15,4.93698e-14,1.19361e-16,2.29251e-15,2.56354e-15,2.29770e-13,4.11370e-12,1.22839e-14,2.15810e-13,2.38822e-13
1.46414e-19,3.24813e-18,6.55963e-21,1.38679e-19,1.51442e-19,2.09582e-17,4.48501e-16,9.67996e-19,1.99653e-17,2.15865e-17,2.56354e-15,5.13312e-14,1.25100e-16,2.45549e-15,2.63015e-15,2.38822e-13,4.25966e-12,1.28159e-14,2.29770e-13,2.44295e-13
1.51442e-19,3.35058e-18,6.80184e-21,1.46414e-19,1.54245e-19,2.15865e-17,4.60608e-16,9.99750e-19,2.09582e-17,2.19297e-17,2.63015e-15,5.25136e-14,1.28711e-16,2.56354e-15,2.66581e-15,2.44295e-13,4.34611e-12,1.31440e-14,2.38822e-13,2.47181e-13
1.54245e-19,3.40694e-18,6.93848e-21,1.51442e-19,1.55142e-19,2.19297e-17,4.67113e-16,1.01734e-18,2.15865e-17,2.20383e-17,2.66581e-15,5.31354e-14,1.30675e-16,2.63015e-15,2.67697e-15,2.47181e-13,4.39098e-12,1.33196e-14,2.44295e-13,2.48076e-13
1.55142e-19,3.42485e-18,6.98251e-21,1.54245e-19,1.54245e-19,2.20383e-17,4.69154e-16,1.02295e-18,2.19297e-17,2.19297e-17,2.67697e-15,5.33281e-14,1.31295e-16,2.66581e-15,2.66581e-15,2.48076e-13,4.40478e-12,1.33746e-14,2.47181e-13,2.47181e-13
1.54245e-19,3.40694e-18,6.93850e-21,1.55142e-19,1.51442e-19,2.19297e-17,4.67114e-16,1.01734e-18,2.20383e-17,2.15866e-17,2.66581e-15,5.31354e-14,1.30675e-16,2.67697e-15,2.63016e-15,2.47181e-13,4.39098e-12,1.33196e-14,2.48076e-13,2.44295e-13
1.51442e-19,3.35059e-18,6.80188e-21,1.54245e-19,1.46415e-19,2.15866e-17,4.60608e-16,9.99754e-19,2.19297e-17,2.09582e-17,2.63016e-15,5.25136e-14,1.28711e-16,2.66581e-15,2.56354e-15,2.44295e-13,4.34611e-12,1.31440e-14,2.47181e-13,2.38822e-13
1.46415e-19,3.24815e-18,6.55969e-21,1.51442e-19,1.38681e-19,2.09582e-17,4.48502e-16,9.68000e-19,2.15866e-17,1.99654e-17,2.56354e-15,5.13313e-14,1.25100e-16,2.63016e-15,2.45550e-15,2.38822e-13,4.25966e-12,1.28159e-14,2.44295e-13,2.29771e-13
1.38681e-19,3.08775e-18,6.19267e-21,1.46415e-19,1.27674e-19,1.99654e-17,4.28970e-16,9.18732e-19,2.09582e-17,1.85104e-17,2.45550e-15,4.93699e-14,1.19361e-16,2.56354e-15,2.29252e-15,2.29771e-13,4.11370e-12,1.22839e-14,2.38822e-13,2.15810e-13
1.27674e-19,2.85504e-18,5.67895e-21,1.38681e-19,1.12871e-19,1.85104e-17,3.99680e-16,8.47961e-19,1.99654e-17,1.64958e-17,2.29252e-15,4.63362e-14,1.10897e-16,2.45550e-15,2.06018e-15,2.15810e-13,3.88334e-12,1.14814e-14,2.29771e-13,1.95438e-13
1.12871e-19,2.53604e-18,4.99951e-21,1.27674e-19,9.39597e-20,1.64958e-17,3.58179e-16,7.51924e-19,1.85104e-17,1.38527e-17,2.06018e-15,4.18997e-14,9.91012e-17,2.29252e-15,1.74686e-15,1.95438e-13,3.53900e-12,1.03368e-14,2.15810e-13,1.67321e-13
9.39597e-20,2.12116e-18,4.14469e-21,1.12871e-19,7.10058e-20,1.38527e-17,3.02536e-16,6.28273e-19,1.64958e-17,1.05758e-17,1.74686e-15,3.57681e-14,8.35342e-17,2.06018e-15,1.34883e-15,1.67321e-13,3.05226e-12,8.79149e-15,1.95438e-13,1.30803e-13
7.10058e-20,1.60984e-18,3.12067e-21,9.39597e-20,4.45861e-20,1.05758e-17,2.32226e-16,4.77436e-19,1.38527e-17,6.75653e-18,1.34883e-15,2.78051e-14,6.41316e-17,1.74686e-15,8.75240e-16,1.30803e-13,2.40588e-12,6.82459e-15,1.67321e-13,8.64907e-14
4.45861e-20,1.01434e-18,1.95378e-21,7.10058e-20,1.59102e-20,6.75653e-18,1.49043e-16,3.03848e-19,1.05758e-17,2.63494e-18,8.75240e-16,1.81592e-14,4.13937e-17,1.34883e-15,3.65975e-16,8.64907e-14,1.60661e-12,4.47706e-15,1.30803e-13,3.84495e-14
1.95372e-21,4.45848e-20,8.53844e-23,6.94878e-22,3.12057e-21,3.03843e-19,6.75644e-18,1.35750e-20,1.17998e-19,4.77429e-19,4.13934e-17,8.75236e-16,1.92845e-18,1.71453e-17,6.41312e-17,4.47705e-15,8.64905e-14,2.24740e-16,1.95130e-15,6.82457e-15
3.12057e-21,7.10040e-20,1.36726e-22,1.95372e-21,4.14459e-21,4.77429e-19,1.05757e-17,2.14002e-20,3.03843e-19,6.28264e-19,6.41312e-17,1.34882e-15,3.00106e-18,4.13934e-17,8.35338e-17,6.82457e-15,1.30803e-13,3.44801e-16,4.47705e-15,8.79147e-15
4.14459e-21,9.39576e-20,1.82173e-22,3.12057e-21,4.99940e-21,6.28264e-19,1.38526e-17,2.82735e-20,4.77429e-19,7.51916e-19,8.35338e-17,1.74686e-15,3.92827e-18,6.41312e-17,9.91007e-17,8.79147e-15,1.67320e-13,4.46859e-16,6.82457e-15,1.03367e-14
4.99940e-21,1.12869e-19,2.20541e-22,4.14459e-21,5.67885e-21,7.51916e-19,1.64957e-17,3.39874e-20,6.28264e-19,8.47953e-19,9.91007e-17,2.06017e-15,4.68457e-18,8.35338e-17,1.10896e-16,1.03367e-14,1.95438e-13,5.28492e-16,8.79147e-15,1.14814e-14
5.67885e-21,1.27672e-19,2.51447e-22,4.99940e-21,6.19258e-21,8.47953e-19,1.85103e-17,3.84981e-20,7.51916e-19,9.18726e-19,1.10896e-16,2.29251e-15,5.26859e-18,9.91007e-17,1.19361e-16,1.14814e-14,2.15810e-13,5.90191e-16,1.03367e-14,1.22839e-14
6.19258e-21,1.38679e-19,2.75154e-22,5.67885e-21,6.55963e-21,9.18726e-19,1.99653e-17,4.18811e-20,8.47953e-19,9.67996e-19,1.19361e-16,2.45549e-15,5.69624e-18,1.10896e-16,1.25100e-16,1.22839e-14,2.29770e-13,6.34370e-16,1.14814e-14,1.28159e-14
6.55963e-21,1.46414e-19,2.92339e-22,6.19258e-21,6.80184e-21,9.67996e-19,2.09582e-17,4.42778e-20,9.18726e-19,9.99750e-19,1.25100e-16,2.56354e-15,5.99204e-18,1.19361e-16,1.28711e-16,1.28159e-14,2.38822e-13,6.64265e-16,1.22839e-14,1.31440e-14
6.80184e-21,1.51442e-19,3.03828e-22,6.55963e-21,6.93848e-21,9.99750e-19,2.15865e-17,4.58473e-20,9.67996e-19,1.01734e-18,1.28711e-16,2.63015e-15,6.18156e-18,1.25100e-16,1.30675e-16,1.31440e-14,2.44295e-13,6.83047e-16,1.28159e-14,1.33196e-14
6.93848e-21,1.54245e-19,3.10375e-22,6.80184e-21,6.98251e-21,1.01734e-18,2.19297e-17,4.67274e-20,9.99750e-19,1.02295e-18,1.30675e-16,2.66581e-15,6.28608e-18,1.28711e-16,1.31295e-16,1.33196e-14,2.47181e-13,6.93249e-16,1.31440e-14,1.33746e-14
6.98251e-21,1.55142e-19,3.12497e-22,6.93848e-21,6.93850e-21,1.02295e-18,2.20383e-17,4.70102e-20,1.01734e-18,1.01734e-18,1.31295e-16,2.67697e-15,6.31934e-18,1.30675e-16,1.30675e-16,1.33746e-14,2.48076e-13,6.96468e-16,1.33196e-14,1.33196e-14
6.93850e-21,1.54245e-19,3.10376e-22,6.98251e-21,6.80188e-21,1.01734e-18,2.19297e-17,4.67275e-20,1.02295e-18,9.99754e-19,1.30675e-16,2.66581e-15,6.28608e-18,1.31295e-16,1.28711e-16,1.33196e-14,2.47181e-13,6.93249e-16,1.33746e-14,1.31440e-14
6.80188e-21,1.51442e-19,3.03831e-22,6.93850e-21,6.55969e-21,9.99754e-19,2.15866e-17,4.58475e-20,1.01734e-18,9.68000e-19,1.28711e-16,2.63016e-15,6.18158e-18,1.30675e-16,1.25100e-16,1.31440e-14,2.44295e-13,6.83048e-16,1.33196e-14,1.28159e-14
6.55969e-21,1.46415e-19,2.92343e-22,6.80188e-21,6.19267e-21,9.68000e-19,2.09582e-17,4.42781e-20,9.99754e-19,9.18732e-19,1.25100e-16,2.56354e-15,5.99205e-18,1.28711e-16,1.19361e-16,1.28159e-14,2.38822e-13,6.64266e-16,1.31440e-14,1.22839e-14
6.19267e-21,1.38681e-19,2.75159e-22,6.55969e-21,5.67895e-21,9.18732e-19,1.99654e-17,4.18814e-20,9.68000e-19,8.47961e-19,1.19361e-16,2.45550e-15,5.69626e-18,1.25100e-16,1.10897e-16,1.22839e-14,2.29771e-13,6.34370e-16,1.28159e-14,1.14814e-14
5.67895e-21,1.27674e-19,2.51452e-22,6.19267e-21,4.99951e-21,8.47961e-19,1.85104e-17,3.84985e-20,9.18732e-19,7.51924e-19,1.10897e-16,2.29252e-15,5.26862e-18,1.19361e-16,9.91012e-17,1.14814e-14,2.15810e-13,5.90192e-16,1.22839e-14,1.03368e-14
4.99951e-21,1.12871e-19,2.20547e-22,5.67895e-21,4.14469e-21,7.51924e-19,1.64958e-17,3.39878e-20,8.47961e-19,6.28273e-19,9.91012e-17,2.06018e-15,4.68460e-18,1.10897e-16,8.35342e-17,1.03368e-14,1.95438e-13,5.28493e-16,1.14814e-14,8.79149e-15
4.14469e-21,9.39597e-20,1.82178e-22,4.99951e-21,3.12067e-21,6.28273e-19,1.38527e-17,2.82739e-20,7.51924e-19,4.77436e-19,8.35342e-17,1.74686e-15,3.92830e-18,9.91012e-17,6.41316e-17,8.79149e-15,1.67321e-13,4.46860e-16,1.03368e-14,6.82459e-15
3.12067e-21,7.10058e-20,1.36731e-22,4.14469e-21,1.95378e-21,4.77436e-19,1.05758e-17,2.14006e-20,6.28273e-19,3.03848e-19,6.41316e-17,1.34883e-15,3.00108e-18,8.35342e-17,4.13937e-17,6.82459e-15,1.30803e-13,3.44803e-16,8.79149e-15,4.47706e-15
1.95378e-21,4.45861e-20,8.53877e-23,3.12067e-21,6.94905e-22,3.03848e-19,6.75653e-18,1.35753e-20,4.77436e-19,1.18001e-19,4.13937e-17,8.75240e-16,1.92847e-18,6.41316e-17,1.71455e-17,4.47706e-15,8.64907e-14,2.24741e-16,6.82459e-15,1.95130e-15
8.53844e-23,1.95372e-21,3.72290e-24,3.02809e-23,1.36726e-22,1.35750e-20,3.03843e-19,6.03220e-22,5.25343e-21,2.14002e-20,1.92845e-18,4.13934e-17,8.87610e-20,7.92695e-19,3.00106e-18,2.24740e-16,4.47705e-15,1.10090e-17,9.64455e-17,3.44801e-16
1.36726e-22,3.12057e-21,5.97465e-24,8.53844e-23,1.82173e-22,2.14002e-20,4.77429e-19,9.53604e-22,1.35750e-20,2.82735e-20,3.00106e-18,6.41312e-17,1.38649e-19,1.92845e-18,3.92827e-18,3.44801e-16,6.82457e-15,1.69810e-17,2.24740e-16,4.46859e-16
1.82173e-22,4.14459e-21,7.98272e-24,1.36726e-22,2.20541e-22,2.82735e-20,6.28264e-19,1.26424e-21,2.14002e-20,3.39874e-20,3.92827e-18,8.35338e-17,1.82258e-19,3.00106e-18,4.68457e-18,4.46859e-16,8.79147e-15,2.21216e-17,3.44801e-16,5.28492e-16
2.20541e-22,4.99940e-21,9.69473e-24,1.82173e-22,2.51447e-22,3.39874e-20,7.51916e-19,1.52561e-21,2.82735e-20,3.84981e-20,4.68457e-18,9.91007e-17,2.18342e-19,3.92827e-18,5.26859e-18,5.28492e-16,1.03367e-14,2.62994e-17,4.46859e-16,5.90191e-16
2.51447e-22,5.67885e-21,1.10898e-23,2.20541e-22,2.75154e-22,3.84981e-20,8.47953e-19,1.73489e-21,3.39874e-20,4.18811e-20,5.26859e-18,1.10896e-16,2.46672e-19,4.68457e-18,5.69624e-18,5.90191e-16,1.14814e-14,2.95147e-17,5.28492e-16,6.34370e-16
2.75154e-22,6.19258e-21,1.21734e-23,2.51447e-22,2.92339e-22,4.18811e-20,9.18726e-19,1.89426e-21,3.84981e-20,4.42778e-20,5.69624e-18,1.19361e-16,2.67790e-19,5.26859e-18,5.99204e-18,6.34370e-16,1.22839e-14,3.18615e-17,5.90191e-16,6.64265e-16
2.92339e-22,6.55963e-21,1.29689e-23,2.75154e-22,3.03828e-22,4.42778e-20,9.67996e-19,2.00892e-21,4.18811e-20,4.58473e-20,5.99204e-18,1.25100e-16,2.82658e-19,5.69624e-18,6.18156e-18,6.64265e-16,1.28159e-14,3.34798e-17,6.34370e-16,6.83047e-16
3.03828e-22,6.80184e-21,1.35067e-23,2.92339e-22,3.10375e-22,4.58473e-20,9.99750e-19,2.08504e-21,4.42778e-20,4.67274e-20,6.18156e-18,1.28711e-16,2.92339e-19,5.99204e-18,6.28608e-18,6.83047e-16,1.31440e-14,3.45140e-17,6.64265e-16,6.93249e-16
3.10375e-22,6.93848e-21,1.38158e-23,3.03828e-22,3.12497e-22,4.67274e-20,1.01734e-18,2.12819e-21,4.58473e-20,4.70102e-20,6.28608e-18,1.30675e-16,2.97744e-19,6.18156e-18,6.31934e-18,6.93249e-16,1.33196e-14,3.50831e-17,6.83047e-16,6.96468e-16
3.12497e-22,6.98251e-21,1.39165e-23,3.10375e-22,3.10376e-22,4.70102e-20,1.02295e-18,2.14213e-21,4.67274e-20,4.67275e-20,6.31934e-18,1.31295e-16,2.99475e-19,6.28608e-18,6.28608e-18,6.96468e-16,1.33746e-14,3.52641e-17,6.93249e-16,6.93249e-16
3.10376e-22,6.93850e-21,1.38159e-23,3.12497e-22,3.03831e-22,4.67275e-20,1.01734e-18,2.12820e-21,4.70102e-20,4.58475e-20,6.28608e-18,1.30675e-16,2.97744e-19,6.31934e-18,6.18158e-18,6.93249e-16,1.33196e-14,3.50832e-17,6.96468e-16,6.83048e-16
3.03831e-22,6.80188e-21,1.35068e-23,3.10376e-22,2.92343e-22,4.58475e-20,9.99754e-19,2.08505e-21,4.67275e-20,4.42781e-20,6.18158e-18,1.28711e-16,2.92340e-19,6.28608e-18,5.99205e-18,6.83048e-16,1.31440e-14,3.45140e-17,6.93249e-16,6.64266e-16
2.92343e-22,6.55969e-21,1.29691e-23,3.03831e-22,2.75159e-22,4.42781e-20,9.68000e-19,2.00893e-21,4.58475e-20,4.18814e-20,5.99205e-18,1.25100e-16,2.82659e-19,6.18158e-18,5.69626e-18,6.64266e-16,1.28159e-14,3.34799e-17,6.83048e-16,6.34370e-16
2.75159e-22,6.19267e-21,1.21737e-23,2.92343e-22,2.51452e-22,4.18814e-20,9.18732e-19,1.89428e-21,4.42781e-20,3.84985e-20,5.69626e-18,1.19361e-16,2.67791e-19,5.99205e-18,5.26862e-18,6.34370e-16,1.22839e-14,3.18615e-17,6.64266e-16,5.90192e-16
2.51452e-22,5.67895e-21,1.10901e-23,2.75159e-22,2.20547e-22,3.84985e-20,8.47961e-19,1.73491e-21,4.18814e-20,3.39878e-20,5.26862e-18,1.10897e-16,2.46674e-19,5.69626e-18,4.68460e-18,5.90192e-16,1.14814e-14,2.95148e-17,6.34370e-16,5.28493e-16
2.20547e-22,4.99951e-21,9.69502e-24,2.51452e-22,1.82178e-22,3.39878e-20,7.51924e-19,1.52563e-21,3.84985e-20,2.82739e-20,4.68460e-18,9.91012e-17,2.18343e-19,5.26862e-18,3.92830e-18,5.28493e-16,1.03368e-14,2.62995e-17,5.90192e-16,4.46860e-16
1.82178e-22,4.14469e-21,7.98301e-24,2.20547e-22,1.36731e-22,2.82739e-20,6.28273e-19,1.26426e-21,3.39878e-20,2.14006e-20,3.92830e-18,8.35342e-17,1.82259e-19,4.68460e-18,3.00108e-18,4.46860e-16,8.79149e-15,2.21217e-17,5.28493e-16,3.44803e-16
1.36731e-22,3.12067e-21,5.97490e-24,1.82178e-22,8.53877e-23,2.14006e-20,4.77436e-19,9.53625e-22,2.82739e-20,1.35753e-20,3.00108e-18,6.41316e-17,1.38650e-19,3.92830e-18,1.92847e-18,3.44803e-16,6.82459e-15,1.69811e-17,4.46860e-16,2.24741e-16
8.53877e-23,1.95378e-21,3.72307e-24,1.36731e-22,3.02822e-23,1.35753e-20,3.03848e-19,6.03234e-22,2.14006e-20,5.25355e-21,1.92847e-18,4.13937e-17,8.87620e-20,3.00108e-18,7.92703e-19,2.24741e-16,4.47706e-15,1.10090e-17,3.44803e-16,9.64460e-17
3.72290e-24,8.53844e-23,1.61989e-25,1.31690e-24,5.97465e-24,6.03220e-22,1.35750e-20,2.66827e-23,2.32747e-22,9.53604e-22,8.87610e-20,1.92845e-18,4.04514e-21,3.62576e-20,1.38649e-19,1.10090e-17,2.24740e-16,5.28731e-19,4.66634e-18,1.69810e-17
5.97465e-24,1.36726e-22,2.60469e-25,3.72290e-24,7.98272e-24,9.53604e-22,2.14002e-20,4.22838e-23,6.03220e-22,1.26424e-21,1.38649e-19,3.00106e-18,6.33897e-21,8.87610e-20,1.82258e-19,1.69810e-17,3.44801e-16,8.19230e-19,1.10090e-17,2.21216e-17
7.98272e-24,1.82173e-22,3.48861e-25,5.97465e-24,9.69473e-24,1.26424e-21,2.82735e-20,5.62262e-23,9.53604e-22,1.52561e-21,1.82258e-19,3.92827e-18,8.36350e-21,1.38649e-19,2.18342e-19,2.21216e-17,4.46859e-16,1.07204e-18,1.69810e-17,2.62994e-17
9.69473e-24,2.20541e-22,4.24866e-25,7.98272e-24,1.10898e-23,1.52561e-21,3.39874e-20,6.80814e-23,1.26424e-21,1.73489e-21,2.18342e-19,4.68457e-18,1.00597e-20,1.82258e-19,2.46672e-19,2.62994e-17,5.28492e-16,1.28041e-18,2.21216e-17,2.95147e-17
1.10898e-23,2.51447e-22,4.87427e-25,9.69473e-24,1.21734e-23,1.73489e-21,3.84981e-20,7.76918e-23,1.52561e-21,1.89426e-21,2.46672e-19,5.26859e-18,1.14110e-20,2.18342e-19,2.67790e-19,2.95147e-17,5.90191e-16,1.44339e-18,2.62994e-17,3.18615e-17
1.21734e-23,2.75154e-22,5.36559e-25,1.10898e-23,1.29689e-23,1.89426e-21,4.18811e-20,8.51089e-23,1.73489e-21,2.00892e-21,2.67790e-19,5.69624e-18,1.24342e-20,2.46672e-19,2.82658e-19,3.18615e-17,6.34370e-16,1.56441e-18,2.95147e-17,3.34798e-17
1.29689e-23,2.92339e-22,5.73017e-25,1.21734e-23,1.35067e-23,2.00892e-21,4.42778e-20,9.05167e-23,1.89426e-21,2.08504e-21,2.82658e-19,5.99204e-18,1.31660e-20,2.67790e-19,2.92339e-19,3.34798e-17,6.64265e-16,1.64930e-18,3.18615e-17,3.45140e-17
1.35067e-23,3.03828e-22,5.97911e-25,1.29689e-23,1.38158e-23,2.08504e-21,4.58473e-20,9.41506e-23,2.00892e-21,2.12819e-21,2.92339e-19,6.18156e-18,1.36492e-20,2.82658e-19,2.97744e-19,3.45140e-17,6.83047e-16,1.70440e-18,3.34798e-17,3.50831e-17
1.38158e-23,3.10375e-22,6.12327e-25,1.35067e-23,1.39165e-23,2.12819e-21,4.67274e-20,9.62295e-23,2.08504e-21,2.14213e-21,2.97744e-19,6.28608e-18,1.39220e-20,2.92339e-19,2.99475e-19,3.50831e-17,6.93249e-16,1.73508e-18,3.45140e-17,3.52641e-17
1.39165e-23,3.12497e-22,6.17041e-25,1.38158e-23,1.38159e-23,2.14213e-21,4.70102e-20,9.69046e-23,2.12819e-21,2.12820e-21,2.99475e-19,6.31934e-18,1.40099e-20,2.97744e-19,2.97744e-19,3.52641e-17,6.96468e-16,1.74490e-18,3.50831e-17,3.50832e-17
1.38159e-23,3.10376e-22,6.12331e-25,1.39165e-23,1.35068e-23,2.12820e-21,4.67275e-20,9.62298e-23,2.14213e-21,2.08505e-21,2.97744e-19,6.28608e-18,1.39220e-20,2.99475e-19,2.92340e-19,3.50832e-17,6.93249e-16,1.73508e-18,3.52641e-17,3.45140e-17
1.35068e-23,3.03831e-22,5.97918e-25,1.38159e-23,1.29691e-23,2.08505e-21,4.58475e-20,9.41512e-23,2.12820e-21,2.00893e-21,2.92340e-19,6.18158e-18,1.36493e-20,2.97744e-19,2.82659e-19,3.45140e-17,6.83048e-16,1.70440e-18,3.50832e-17,3.34799e-17
1.29691e-23,2.92343e-22,5.73027e-25,1.35068e-23,1.21737e-23,2.00893e-21,4.42781e-20,9.05175e-23,2.08505e-21,1.89428e-21,2.82659e-19,5.99205e-18,1.31661e-20,2.92340e-19,2.67791e-19,3.34799e-17,6.64266e-16,1.64931e-18,3.45140e-17,3.18615e-17
1.21737e-23,2.75159e-22,5.36571e-25,1.29691e-23,1.10901e-23,1.89428e-21,4.18814e-20,8.51100e-23,2.00893e-21,1.73491e-21,2.67791e-19,5.69626e-18,1.24343e-20,2.82659e-19,2.46674e-19,3.18615e-17,6.34370e-16,1.56441e-18,3.34799e-17,2.95148e-17
1.10901e-23,2.51452e-22,4.87442e-25,1.21737e-23,9.69502e-24,1.73491e-21,3.84985e-20,7.76929e-23,1.89428e-21,1.52563e-21,2.46674e-19,5.26862e-18,1.14111e-20,2.67791e-19,2.18343e-19,2.95148e-17,5.90192e-16,1.44339e-18,3.18615e-17,2.62995e-17
9.69502e-24,2.20547e-22,4.24881e-25,1.10901e-23,7.98301e-24,1.52563e-21,3.39878e-20,6.80827e-23,1.73491e-21,1.26426e-21,2.18343e-19,4.68460e-18,1.00598e-20,2.46674e-19,1.82259e-19,2.62995e-17,5.28493e-16,1.28042e-18,2.95148e-17,2.21217e-17
7.98301e-24,1.82178e-22,3.48875e-25,9.69502e-24,5.97490e-24,1.26426e-21,2.82739e-20,5.62274e-23,1.52563e-21,9.53625e-22,1.82259e-19,3.92830e-18,8.36359e-21,2.18343e-19,1.38650e-19,2.21217e-17,4.46860e-16,1.07205e-18,2.62995e-17,1.69811e-17
5.97490e-24,1.36731e-22,2.60481e-25,7.98301e-24,3.72307e-24,9.53625e-22,2.14006e-20,4.22849e-23,1.26426e-21,6.03234e-22,1.38650e-19,3.00108e-18,6.33905e-21,1.82259e-19,8.87620e-20,1.69811e-17,3.44803e-16,8.19235e-19,2.21217e-17,1.10090e-17
3.72307e-24,8.53877e-23,1.61998e-25,5.97490e-24,1.31697e-24,6.03234e-22,1.35753e-20,2.66835e-23,9.53625e-22,2.32753e-22,8.87620e-20,1.92847e-18,4.04519e-21,1.38650e-19,3.62580e-20,1.10090e-17,2.24741e-16,5.28735e-19,1.69811e-17,4.66637e-18
1.61989e-25,3.72290e-24,7.03536e-27,5.71686e-26,2.60469e-25,2.66827e-23,6.03220e-22,1.17570e-24,1.02690e-23,4.22838e-23,4.04514e-21,8.87610e-20,1.82845e-22,1.64379e-21,6.33897e-21,5.28731e-19,1.10090e-17,2.49866e-20,2.21873e-19,8.19230e-19
2.60469e-25,5.97465e-24,1.13317e-26,1.61989e-25,3.48861e-25,4.22838e-23,9.53604e-22,1.86705e-24,2.66827e-23,5.62262e-23,6.33897e-21,1.38649e-19,2.87322e-22,4.04514e-21,8.36350e-21,8.19230e-19,1.69810e-17,3.88632e-20,5.28731e-19,1.07204e-18
3.48861e-25,7.98272e-24,1.52098e-26,2.60469e-25,4.24866e-25,5.62262e-23,1.26424e-21,2.48923e-24,4.22838e-23,6.80814e-23,8.36350e-21,1.82258e-19,3.80307e-22,6.33897e-21,1.00597e-20,1.07204e-18,2.21216e-17,5.10560e-20,8.19230e-19,1.28041e-18
4.24866e-25,9.69473e-24,1.85694e-26,3.48861e-25,4.87427e-25,6.80814e-23,1.52561e-21,3.02313e-24,5.62262e-23,7.76918e-23,1.00597e-20,2.18342e-19,4.59069e-22,8.36350e-21,1.14110e-20,1.28041e-18,2.62994e-17,6.12306e-20,1.07204e-18,1.44339e-18
4.87427e-25,1.10898e-23,2.13591e-26,4.24866e-25,5.36559e-25,7.76918e-23,1.73489e-21,3.46063e-24,6.80814e-23,8.51089e-23,1.14110e-20,2.46672e-19,5.22623e-22,1.00597e-20,1.24342e-20,1.44339e-18,2.95147e-17,6.93040e-20,1.28041e-18,1.56441e-18
5.36559e-25,1.21734e-23,2.35711e-26,4.87427e-25,5.73017e-25,8.51089e-23,1.89426e-21,3.80225e-24,7.76918e-23,9.05167e-23,1.24342e-20,2.67790e-19,5.71415e-22,1.14110e-20,1.31660e-20,1.56441e-18,3.18615e-17,7.53925e-20,1.44339e-18,1.64930e-18
5.73017e-25,1.29689e-23,2.52281e-26,5.36559e-25,5.97911e-25,9.05167e-23,2.00892e-21,4.05424e-24,8.51089e-23,9.41506e-23,1.31660e-20,2.82658e-19,6.06794e-22,1.24342e-20,1.36492e-20,1.64930e-18,3.34798e-17,7.97296e-20,1.56441e-18,1.70440e-18
5.97911e-25,1.35067e-23,2.63691e-26,5.73017e-25,6.12327e-25,9.41506e-23,2.08504e-21,4.22536e-24,9.05167e-23,9.62295e-23,1.36492e-20,2.92339e-19,6.30448e-22,1.31660e-20,1.39220e-20,1.70440e-18,3.45140e-17,8.25835e-20,1.64930e-18,1.73508e-18
6.12327e-25,1.38158e-23,2.70342e-26,5.97911e-25,6.17041e-25,9.62295e-23,2.12819e-21,4.32404e-24,9.41506e-23,9.69046e-23,1.39220e-20,2.97744e-19,6.43927e-22,1.36492e-20,1.40099e-20,1.73508e-18,3.50831e-17,8.41899e-20,1.70440e-18,1.74490e-18
6.17041e-25,1.39165e-23,2.72524e-26,6.12327e-25,6.12331e-25,9.69046e-23,2.14213e-21,4.35623e-24,9.62295e-23,9.62298e-23,1.40099e-20,2.99475e-19,6.48295e-22,1.39220e-20,1.39220e-20,1.74490e-18,3.52641e-17,8.47069e-20,1.73508e-18,1.73508e-18
6.12331e-25,1.38159e-23,2.70344e-26,6.17041e-25,5.97918e-25,9.62298e-23,2.12820e-21,4.32406e-24,9.69046e-23,9.41512e-23,1.39220e-20,2.97744e-19,6.43928e-22,1.40099e-20,1.36493e-20,1.73508e-18,3.50832e-17,8.41900e-20,1.74490e-18,1.70440e-18
5.97918e-25,1.35068e-23,2.63695e-26,6.12331e-25,5.73027e-25,9.41512e-23,2.08505e-21,4.22539e-24,9.62298e-23,9.05175e-23,1.36493e-20,2.92340e-19,6.30450e-22,1.39220e-20,1.31661e-20,1.70440e-18,3.45140e-17,8.25836e-20,1.73508e-18,1.64931e-18
5.73027e-25,1.29691e-23,2.52286e-26,5.97918e-25,5.36571e-25,9.05175e-23,2.00893e-21,4.05429e-24,9.41512e-23,8.51100e-23,1.31661e-20,2.82659e-19,6.06797e-22,1.36493e-20,1.24343e-20,1.64931e-18,3.34799e-17,7.97298e-20,1.70440e-18,1.56441e-18
5.36571e-25,1.21737e-23,2.35717e-26,5.73027e-25,4.87442e-25,8.51100e-23,1.89428e-21,3.80231e-24,9.05175e-23,7.76929e-23,1.24343e-20,2.67791e-19,5.71420e-22,1.31661e-20,1.14111e-20,1.56441e-18,3.18615e-17,7.53928e-20,1.64931e-18,1.44339e-18
4.87442e-25,1.10901e-23,2.13599e-26,5.36571e-25,4.24881e-25,7.76929e-23,1.73491e-21,3.46069e-24,8.51100e-23,6.80827e-23,1.14111e-20,2.46674e-19,5.22628e-22,1.24343e-20,1.00598e-20,1.44339e-18,2.95148e-17,6.93043e-20,1.56441e-18,1.28042e-18
4.24881e-25,9.69502e-24,1.85701e-26,4.87442e-25,3.48875e-25,6.80827e-23,1.52563e-21,3.02320e-24,7.76929e-23,5.62274e-23,1.00598e-20,2.18343e-19,4.59075e-22,1.14111e-20,8.36359e-21,1.28042e-18,2.62995e-17,6.12309e-20,1.44339e-18,1.07205e-18
3.48875e-25,7.98301e-24,1.52105e-26,4.24881e-25,2.60481e-25,5.62274e-23,1.26426e-21,2.48929e-24,6.80827e-23,4.22849e-23,8.36359e-21,1.82259e-19,3.80312e-22,1.00598e-20,6.33905e-21,1.07205e-18,2.21217e-17,5.10563e-20,1.28042e-18,8.19235e-19
2.60481e-25,5.97490e-24,1.13323e-26,3.48875e-25,1.61998e-25,4.22849e-23,9.53625e-22,1.86711e-24,5.62274e-23,2.66835e-23,6.33905e-21,1.38650e-19,2.87326e-22,8.36359e-21,4.04519e-21,8.19235e-19,1.69811e-17,3.88634e-20,1.07205e-18,5.28735e-19
1.61998e-25,3.72307e-24,7.03579e-27,2.60481e-25,5.71721e-26,2.66835e-23,6.03234e-22,1.17574e-24,4.22849e-23,1.02693e-23,4.04519e-21,8.87620e-20,1.82848e-22,6.33905e-21,1.64382e-21,5.28735e-19,1.10090e-17,2.49868e-20,8.19235e-19,2.21875e-19
7.03536e-27,1.61989e-25,3.05044e-28,2.47774e-27,1.13317e-26,1.17570e-24,2.66827e-23,5.16309e-26,4.51472e-25,1.86705e-24,1.82845e-22,4.04514e-21,8.20836e-24,7.39767e-23,2.87322e-22,2.49866e-20,5.28731e-19,1.16515e-21,1.03990e-20,3.88632e-20
1.13317e-26,2.60469e-25,4.92067e-28,7.03536e-27,1.52098e-26,1.86705e-24,4.22838e-23,8.21431e-26,1.17570e-24,2.48923e-24,2.87322e-22,6.33897e-21,1.29295e-23,1.82845e-22,3.80307e-22,3.88632e-20,8.19230e-19,1.81817e-21,2.49866e-20,5.10560e-20
1.52098e-26,3.48861e-25,6.61720e-28,1.13317e-26,1.85694e-26,2.48923e-24,5.62262e-23,1.09770e-25,1.86705e-24,3.02313e-24,3.80307e-22,8.36350e-21,1.71622e-23,2.87322e-22,4.59069e-22,5.10560e-20,1.07204e-18,2.39682e-21,3.88632e-20,6.12306e-20
1.85694e-26,4.24866e-25,8.09655e-28,1.52098e-26,2.13591e-26,3.02313e-24,6.80814e-23,1.33669e-25,2.48923e-24,3.46063e-24,4.59069e-22,1.00597e-20,2.07819e-23,3.80307e-22,5.22623e-22,6.12306e-20,1.28041e-18,2.88499e-21,5.10560e-20,6.93040e-20
2.13591e-26,4.87427e-25,9.33451e-28,1.85694e-26,2.35711e-26,3.46063e-24,7.76918e-23,1.53438e-25,3.02313e-24,3.80225e-24,5.22623e-22,1.14110e-20,2.37358e-23,4.59069e-22,5.71415e-22,6.93040e-20,1.44339e-18,3.27734e-21,6.12306e-20,7.53925e-20
2.35711e-26,5.36559e-25,1.03243e-27,2.13591e-26,2.52281e-26,3.80225e-24,8.51089e-23,1.69033e-25,3.46063e-24,4.05424e-24,5.71415e-22,1.24342e-20,2.60312e-23,5.22623e-22,6.06794e-22,7.53925e-20,1.56441e-18,3.57734e-21,6.93040e-20,7.97296e-20
2.52281e-26,5.73017e-25,1.10719e-27,2.35711e-26,2.63691e-26,4.05424e-24,9.05167e-23,1.80654e-25,3.80225e-24,4.22536e-24,6.06794e-22,1.31660e-20,2.77160e-23,5.71415e-22,6.30448e-22,7.97296e-20,1.64930e-18,3.79398e-21,7.53925e-20,8.25835e-20
2.63691e-26,5.97911e-25,1.15905e-27,2.52281e-26,2.70342e-26,4.22536e-24,9.41506e-23,1.88618e-25,4.05424e-24,4.32404e-24,6.30448e-22,1.36492e-20,2.88547e-23,6.06794e-22,6.43927e-22,8.25835e-20,1.70440e-18,3.93831e-21,7.97296e-20,8.41899e-20
2.70342e-26,6.12327e-25,1.18945e-27,2.63691e-26,2.72524e-26,4.32404e-24,9.62295e-23,1.93243e-25,4.22536e-24,4.35623e-24,6.43927e-22,1.39220e-20,2.95090e-23,6.30448e-22,6.48295e-22,8.41899e-20,1.73508e-18,4.02032e-21,8.25835e-20,8.47069e-20
2.72524e-26,6.17041e-25,1.19945e-27,2.70342e-26,2.70344e-26,4.35623e-24,9.69046e-23,1.94757e-25,4.32404e-24,4.32406e-24,6.48295e-22,1.40099e-20,2.97220e-23,6.43927e-22,6.43928e-22,8.47069e-20,1.74490e-18,4.04686e-21,8.41899e-20,8.41900e-20
2.70344e-26,6.12331e-25,1.18946e-27,2.72524e-26,2.63695e-26,4.32406e-24,9.62298e-23,1.93244e-25,4.35623e-24,4.22539e-24,6.43928e-22,1.39220e-20,2.95091e-23,6.48295e-22,6.30450e-22,8.41900e-20,1.73508e-18,4.02033e-21,8.47069e-20,8.25836e-20
2.63695e-26,5.97918e-25,1.15907e-27,2.70344e-26,2.52286e-26,4.22539e-24,9.41512e-23,1.88620e-25,4.32406e-24,4.05429e-24,6.30450e-22,1.36493e-20,2.88548e-23,6.43928e-22,6.06797e-22,8.25836e-20,1.70440e-18,3.93832e-21,8.41900e-20,7.97298e-20
2.52286e-26,5.73027e-25,1.10721e-27,2.63695e-26,2.35717e-26,4.05429e-24,9.05175e-23,1.80657e-25,4.22539e-24,3.80231e-24,6.06797e-22,1.31661e-20,2.77161e-23,6.30450e-22,5.71420e-22,7.97298e-20,1.64931e-18,3.79399e-21,8.25836e-20,7.53928e-20
2.35717e-26,5.36571e-25,1.03246e-27,2.52286e-26,2.13599e-26,3.80231e-24,8.51100e-23,1.69036e-25,4.05429e-24,3.46069e-24,5.71420e-22,1.24343e-20,2.60315e-23,6.06797e-22,5.22628e-22,7.53928e-20,1.56441e-18,3.57735e-21,7.97298e-20,6.93043e-20
2.13599e-26,4.87442e-25,9.33489e-28,2.35717e-26,1.85701e-26,3.46069e-24,7.76929e-23,1.53441e-25,3.80231e-24,3.02320e-24,5.22628e-22,1.14111e-20,2.37360e-23,5.71420e-22,4.59075e-22,6.93043e-20,1.44339e-18,3.27736e-21,7.53928e-20,6.12309e-20
1.85701e-26,4.24881e-25,8.09695e-28,2.13599e-26,1.52105e-26,3.02320e-24,6.80827e-23,1.33672e-25,3.46069e-24,2.48929e-24,4.59075e-22,1.00598e-20,2.07822e-23,5.22628e-22,3.80312e-22,6.12309e-20,1.28042e-18,2.88501e-21,6.93043e-20,5.10563e-20
1.52105e-26,3.48875e-25,6.61758e-28,1.85701e-26,1.13323e-26,2.48929e-24,5.62274e-23,1.09774e-25,3.02320e-24,1.86711e-24,3.80312e-22,8.36359e-21,1.71624e-23,4.59075e-22,2.87326e-22,5.10563e-20,1.07205e-18,2.39684e-21,6.12309e-20,3.88634e-20
1.13323e-26,2.60481e-25,4.92099e-28,1.52105e-26,7.03579e-27,1.86711e-24,4.22849e-23,8.21460e-26,2.48929e-24,1.17574e-24,2.87326e-22,6.33905e-21,1.29297e-23,3.80312e-22,1.82848e-22,3.88634e-20,8.19235e-19,1.81819e-21,5.10563e-20,2.49868e-20
7.03579e-27,1.61998e-25,3.05065e-28,1.13323e-26,2.47792e-27,1.17574e-24,2.66835e-23,5.16328e-26,1.86711e-24,4.51488e-25,1.82848e-22,4.04519e-21,8.20852e-24,2.87326e-22,7.39781e-23,2.49868e-20,5.28735e-19,1.16516e-21,3.88634e-20,1.03991e-20
3.05044e-28,7.03536e-27,1.32062e-29,1.07229e-28,4.92067e-28,5.16309e-26,1.17570e-24,2.26076e-27,1.97878e-26,8.21431e-26,8.20836e-24,1.82845e-22,3.66362e-25,3.30863e-24,1.29295e-23,1.16515e-21,2.49866e-20,5.37301e-23,4.81595e-22,1.81817e-21
4.92067e-28,1.13317e-26,2.13315e-29,3.05044e-28,6.61720e-28,8.21431e-26,1.86705e-24,3.60266e-27,5.16309e-26,1.09770e-25,1.29295e-23,2.87322e-22,5.78286e-25,8.20836e-24,1.71622e-23,1.81817e-21,3.88632e-20,8.40819e-23,1.16515e-21,2.39682e-21
6.61720e-28,1.52098e-26,2.87342e-29,4.92067e-28,8.09655e-28,1.09770e-25,2.48923e-24,4.82419e-27,8.21431e-26,1.33669e-25,1.71622e-23,3.80307e-22,7.69510e-25,1.29295e-23,2.07819e-23,2.39682e-21,5.10560e-20,1.11177e-22,1.81817e-21,2.88499e-21
8.09655e-28,1.85694e-26,3.52265e-29,6.61720e-28,9.33451e-28,1.33669e-25,3.02313e-24,5.88832e-27,1.09770e-25,1.53438e-25,2.07819e-23,4.59069e-22,9.34424e-25,1.71622e-23,2.37358e-23,2.88499e-21,6.12306e-20,1.34258e-22,2.39682e-21,3.27734e-21
9.33451e-28,2.13591e-26,4.06964e-29,8.09655e-28,1.03243e-27,1.53438e-25,3.46063e-24,6.77589e-27,1.33669e-25,1.69033e-25,2.37358e-23,5.22623e-22,1.07034e-24,2.07819e-23,2.60312e-23,3.27734e-21,6.93040e-20,1.53020e-22,2.88499e-21,3.57734e-21
1.03243e-27,2.35711e-26,4.51016e-29,9.33451e-28,1.10719e-27,1.69033e-25,3.80225e-24,7.48240e-27,1.53438e-25,1.80654e-25,2.60312e-23,5.71415e-22,1.17709e-24,2.37358e-23,2.77160e-23,3.57734e-21,7.53925e-20,1.67543e-22,3.27734e-21,3.79398e-21
1.10719e-27,2.52281e-26,4.84531e-29,1.03243e-27,1.15905e-27,1.80654e-25,4.05424e-24,8.01357e-27,1.69033e-25,1.88618e-25,2.77160e-23,6.06794e-22,1.25629e-24,2.60312e-23,2.88547e-23,3.79398e-21,7.97296e-20,1.78159e-22,3.57734e-21,3.93831e-21
1.15905e-27,2.63691e-26,5.07930e-29,1.10719e-27,1.18945e-27,1.88618e-25,4.22536e-24,8.38046e-27,1.80654e-25,1.93243e-25,2.88547e-23,6.30448e-22,1.31033e-24,2.77160e-23,2.95090e-23,3.93831e-21,8.25835e-20,1.85310e-22,3.79398e-21,4.02032e-21
1.18945e-27,2.70342e-26,5.21711e-29,1.15905e-27,1.19945e-27,1.93243e-25,4.32404e-24,8.59480e-27,1.88618e-25,1.94757e-25,2.95090e-23,6.43927e-22,1.34160e-24,2.88547e-23,2.97220e-23,4.02032e-21,8.41899e-20,1.89407e-22,3.93831e-21,4.04686e-21
1.19945e-27,2.72524e-26,5.26259e-29,1.18945e-27,1.18946e-27,1.94757e-25,4.35623e-24,8.66520e-27,1.93243e-25,1.93244e-25,2.97220e-23,6.48295e-22,1.35183e-24,2.95090e-23,2.95091e-23,4.04686e-21,8.47069e-20,1.90739e-22,4.02032e-21,4.02033e-21
1.18946e-27,2.70344e-26,5.21716e-29,1.19945e-27,1.15907e-27,1.93244e-25,4.32406e-24,8.59484e-27,1.94757e-25,1.88620e-25,2.95091e-23,6.43928e-22,1.34161e-24,2.97220e-23,2.88548e-23,4.02033e-21,8.41900e-20,1.89407e-22,4.04686e-21,3.93832e-21
1.15907e-27,2.63695e-26,5.07940e-29,1.18946e-27,1.10721e-27,1.88620e-25,4.22539e-24,8.38055e-27,1.93244e-25,1.80657e-25,2.88548e-23,6.30450e-22,1.31033e-24,2.95091e-23,2.77161e-23,3.93832e-21,8.25836e-20,1.85310e-22,4.02033e-21,3.79399e-21
1.10721e-27,2.52286e-26,4.84545e-29,1.15907e-27,1.03246e-27,1.80657e-25,4.05429e-24,8.01370e-27,1.88620e-25,1.69036e-25,2.77161e-23,6.06797e-22,1.25630e-24,2.88548e-23,2.60315e-23,3.79399e-21,7.97298e-20,1.78160e-22,3.93832e-21,3.57735e-21
1.03246e-27,2.35717e-26,4.51032e-29,1.10721e-27,9.33489e-28,1.69036e-25,3.80231e-24,7.48256e-27,1.80657e-25,1.53441e-25,2.60315e-23,5.71420e-22,1.17711e-24,2.77161e-23,2.37360e-23,3.57735e-21,7.53928e-20,1.67544e-22,3.79399e-21,3.27736e-21
9.33489e-28,2.13599e-26,4.06983e-29,1.03246e-27,8.09695e-28,1.53441e-25,3.46069e-24,6.77607e-27,1.69036e-25,1.33672e-25,2.37360e-23,5.22628e-22,1.07035e-24,2.60315e-23,2.07822e-23,3.27736e-21,6.93043e-20,1.53021e-22,3.57735e-21,2.88501e-21
8.09695e-28,1.85701e-26,3.52285e-29,9.33489e-28,6.61758e-28,1.33672e-25,3.02320e-24,5.88850e-27,1.53441e-25,1.09774e-25,2.07822e-23,4.59075e-22,9.34439e-25,2.37360e-23,1.71624e-23,2.88501e-21,6.12309e-20,1.34259e-22,3.27736e-21,2.39684e-21
6.61758e-28,1.52105e-26,2.87361e-29,8.09695e-28,4.92099e-28,1.09774e-25,2.48929e-24,4.82437e-27,1.33672e-25,8.21460e-26,1.71624e-23,3.80312e-22,7.69524e-25,2.07822e-23,1.29297e-23,2.39684e-21,5.10563e-20,1.11178e-22,2.88501e-21,1.81819e-21
4.92099e-28,1.13323e-26,2.13331e-29,6.61758e-28,3.05065e-28,8.21460e-26,1.86711e-24,3.60280e-27,1.09774e-25,5.16328e-26,1.29297e-23,2.87326e-22,5.78299e-25,1.71624e-23,8.20852e-24,1.81819e-21,3.88634e-20,8.40828e-23,2.39684e-21,1.16516e-21
3.05065e-28,7.03579e-27,1.32073e-29,4.92099e-28,1.07238e-28,5.16328e-26,1.17574e-24,2.26086e-27,8.21460e-26,1.97887e-26,8.20852e-24,1.82848e-22,3.66371e-25,1.29297e-23,3.30871e-24,1.16516e-21,2.49868e-20,5.37307e-23,1.81819e-21,4.81600e-22
1.32062e-29,3.05044e-28,5.70937e-31,4.63430e-30,2.13315e-29,2.26076e-27,5.16309e-26,9.87377e-29,8.64963e-28,3.60266e-27,3.66362e-25,8.20836e-24,1.62710e-26,1.47202e-25,5.78286e-25,5.37301e-23,1.16515e-21,2.45463e-24,2.20806e-23,8.40819e-23
2.13315e-29,4.92067e-28,9.23315e-31,1.32062e-29,2.87342e-29,3.60266e-27,8.21431e-26,1.57571e-28,2.26076e-27,4.82419e-27,5.78286e-25,1.29295e-23,2.57303e-26,3.66362e-25,7.69510e-25,8.40819e-23,1.81817e-21,3.85070e-24,5.37301e-23,1.11177e-22
2.87342e-29,6.61720e-28,1.24559e-30,2.13315e-29,3.52265e-29,4.82419e-27,1.09770e-25,2.11381e-28,3.60266e-27,5.88832e-27,7.69510e-25,1.71622e-23,3.43139e-26,5.78286e-25,9.34424e-25,1.11177e-22,2.39682e-21,5.10516e-24,8.40819e-23,1.34258e-22
3.52265e-29,8.09655e-28,1.52966e-30,2.87342e-29,4.06964e-29,5.88832e-27,1.33669e-25,2.58547e-28,4.82419e-27,6.77589e-27,9.34424e-25,2.07819e-23,4.17716e-26,7.69510e-25,1.07034e-24,1.34258e-22,2.88499e-21,6.18300e-24,1.11177e-22,1.53020e-22
4.06964e-29,9.33451e-28,1.77043e-30,3.52265e-29,4.51016e-29,6.77589e-27,1.53438e-25,2.98176e-28,5.88832e-27,7.48240e-27,1.07034e-24,2.37358e-23,4.79717e-26,9.34424e-25,1.17709e-24,1.53020e-22,3.27734e-21,7.06803e-24,1.34258e-22,1.67543e-22
4.51016e-29,1.03243e-27,1.96558e-30,4.06964e-29,4.84531e-29,7.48240e-27,1.69033e-25,3.29969e-28,6.77589e-27,8.01357e-27,1.17709e-24,2.60312e-23,5.28879e-26,1.07034e-24,1.25629e-24,1.67543e-22,3.57734e-21,7.76057e-24,1.53020e-22,1.78159e-22
4.84531e-29,1.10719e-27,2.11499e-30,4.51016e-29,5.07930e-29,8.01357e-27,1.80654e-25,3.54059e-28,7.48240e-27,8.38046e-27,1.25629e-24,2.77160e-23,5.65689e-26,1.17709e-24,1.31033e-24,1.78159e-22,3.79398e-21,8.27234e-24,1.67543e-22,1.85310e-22
5.07930e-29,1.15905e-27,2.21988e-30,4.84531e-29,5.21711e-29,8.38046e-27,1.88618e-25,3.70813e-28,8.01357e-27,8.59480e-27,1.31033e-24,2.88547e-23,5.91019e-26,1.25629e-24,1.34160e-24,1.85310e-22,3.93831e-21,8.62039e-24,1.78159e-22,1.89407e-22
5.21711e-29,1.18945e-27,2.28191e-30,5.07930e-29,5.26259e-29,8.59480e-27,1.93243e-25,3.80652e-28,8.38046e-27,8.66520e-27,1.34160e-24,2.95090e-23,6.05773e-26,1.31033e-24,1.35183e-24,1.89407e-22,4.02032e-21,8.82132e-24,1.85310e-22,1.90739e-22
5.26259e-29,1.19945e-27,2.30243e-30,5.21711e-29,5.21716e-29,8.66520e-27,1.94757e-25,3.83893e-28,8.59480e-27,8.59484e-27,1.35183e-24,2.97220e-23,6.10611e-26,1.34160e-24,1.34161e-24,1.90739e-22,4.04686e-21,8.88689e-24,1.89407e-22,1.89407e-22
5.21716e-29,1.18946e-27,2.28194e-30,5.26259e-29,5.07940e-29,8.59484e-27,1.93244e-25,3.80654e-28,8.66520e-27,8.38055e-27,1.34161e-24,2.95091e-23,6.05775e-26,1.35183e-24,1.31033e-24,1.89407e-22,4.02033e-21,8.82134e-24,1.90739e-22,1.85310e-22
5.07940e-29,1.15907e-27,2.21993e-30,5.21716e-29,4.84545e-29,8.38055e-27,1.88620e-25,3.70817e-28,8.59484e-27,8.01370e-27,1.31033e-24,2.88548e-23,5.91022e-26,1.34161e-24,1.25630e-24,1.85310e-22,3.93832e-21,8.62042e-24,1.89407e-22,1.78160e-22
4.84545e-29,1.10721e-27,2.11505e-30,5.07940e-29,4.51032e-29,8.01370e-27,1.80657e-25,3.54065e-28,8.38055e-27,7.48256e-27,1.25630e-24,2.77161e-23,5.65694e-26,1.31033e-24,1.17711e-24,1.78160e-22,3.79399e-21,8.27239e-24,1.85310e-22,1.67544e-22
4.51032e-29,1.03246e-27,1.96566e-30,4.84545e-29,4.06983e-29,7.48256e-27,1.69036e-25,3.29977e-28,8.01370e-27,6.77607e-27,1.17711e-24,2.60315e-23,5.28886e-26,1.25630e-24,1.07035e-24,1.67544e-22,3.57735e-21,7.76062e-24,1.78160e-22,1.53021e-22
4.06983e-29,9.33489e-28,1.77052e-30,4.51032e-29,3.52285e-29,6.77607e-27,1.53441e-25,2.98185e-28,7.48256e-27,5.88850e-27,1.07035e-24,2.37360e-23,4.79725e-26,1.17711e-24,9.34439e-25,1.53021e-22,3.27736e-21,7.06809e-24,1.67544e-22,1.34259e-22
3.52285e-29,8.09695e-28,1.52976e-30,4.06983e-29,2.87361e-29,5.88850e-27,1.33672e-25,2.58556e-28,6.77607e-27,4.82437e-27,9.34439e-25,2.07822e-23,4.17724e-26,1.07035e-24,7.69524e-25,1.34259e-22,2.88501e-21,6.18306e-24,1.53021e-22,1.11178e-22
2.87361e-29,6.61758e-28,1.24568e-30,3.52285e-29,2.13331e-29,4.82437e-27,1.09774e-25,2.11390e-28,5.88850e-27,3.60280e-27,7.69524e-25,1.71624e-23,3.43147e-26,9.34439e-25,5.78299e-25,1.11178e-22,2.39684e-21,5.10522e-24,1.34259e-22,8.40828e-23
2.13331e-29,4.92099e-28,9.23392e-31,2.87361e-29,1.32073e-29,3.60280e-27,8.21460e-26,1.57579e-28,4.82437e-27,2.26086e-27,5.78299e-25,1.29297e-23,2.57309e-26,7.69524e-25,3.66371e-25,8.40828e-23,1.81819e-21,3.85075e-24,1.11178e-22,5.37307e-23
1.32073e-29,3.05065e-28,5.70990e-31,2.13331e-29,4.63472e-30,2.26086e-27,5.16328e-26,9.87428e-29,3.60280e-27,8.65006e-28,3.66371e-25,8.20852e-24,1.62715e-26,5.78299e-25,1.47206e-25,5.37307e-23,1.16516e-21,2.45466e-24,8.40828e-23,2.20809e-23
5.70937e-31,1.32062e-29,2.46514e-32,2.00038e-31,9.23315e-31,9.87377e-29,2.26076e-27,4.30250e-30,3.77194e-29,1.57571e-28,1.62710e-26,3.66362e-25,7.19560e-28,6.51951e-27,2.57303e-26,2.45463e-24,5.37301e-23,1.11251e-25,1.00381e-24,3.85070e-24
9.23315e-31,2.13315e-29,3.99085e-32,5.70937e-31,1.24559e-30,1.57571e-28,3.60266e-27,6.87496e-30,9.87377e-29,2.11381e-28,2.57303e-26,5.78286e-25,1.13972e-27,1.62710e-26,3.43139e-26,3.85070e-24,8.40819e-23,1.74901e-25,2.45463e-24,5.10516e-24
1.24559e-30,2.87342e-29,5.39096e-32,9.23315e-31,1.52966e-30,2.11381e-28,4.82419e-27,9.23754e-30,1.57571e-28,2.58547e-28,3.43139e-26,7.69510e-25,1.52290e-27,2.57303e-26,4.17716e-26,5.10516e-24,1.11177e-22,2.32427e-25,3.85070e-24,6.18300e-24
1.52966e-30,3.52265e-29,6.63063e-32,1.24559e-30,1.77043e-30,2.58547e-28,5.88832e-27,1.13198e-29,2.11381e-28,2.98176e-28,4.17716e-26,9.34424e-25,1.85800e-27,3.43139e-26,4.79717e-26,6.18300e-24,1.34258e-22,2.82232e-25,5.10516e-24,7.06803e-24
1.77043e-30,4.06964e-29,7.68682e-32,1.52966e-30,1.96558e-30,2.98176e-28,6.77589e-27,1.30805e-29,2.58547e-28,3.29969e-28,4.79717e-26,1.07034e-24,2.13874e-27,4.17716e-26,5.28879e-26,7.06803e-24,1.53020e-22,3.23495e-25,6.18300e-24,7.76057e-24
1.96558e-30,4.51016e-29,8.54773e-32,1.77043e-30,2.11499e-30,3.29969e-28,7.48240e-27,1.45029e-29,2.98176e-28,3.54059e-28,5.28879e-26,1.17709e-24,2.36320e-27,4.79717e-26,5.65689e-26,7.76057e-24,1.67543e-22,3.56097e-25,7.06803e-24,8.27234e-24
2.11499e-30,4.84531e-29,9.21051e-32,1.96558e-30,2.21988e-30,3.54059e-28,8.01357e-27,1.55880e-29,3.29969e-28,3.70813e-28,5.65689e-26,1.25629e-24,2.53265e-27,5.28879e-26,5.91019e-26,8.27234e-24,1.78159e-22,3.80421e-25,7.76057e-24,8.62039e-24
2.21988e-30,5.07930e-29,9.67807e-32,2.11499e-30,2.28191e-30,3.70813e-28,8.38046e-27,1.63472e-29,3.54059e-28,3.80652e-28,5.91019e-26,1.31033e-24,2.65011e-27,5.65689e-26,6.05773e-26,8.62039e-24,1.85310e-22,3.97106e-25,8.27234e-24,8.82132e-24
2.28191e-30,5.21711e-29,9.95560e-32,2.21988e-30,2.30243e-30,3.80652e-28,8.59480e-27,1.67951e-29,3.70813e-28,3.83893e-28,6.05773e-26,1.34160e-24,2.71891e-27,5.91019e-26,6.10611e-26,8.82132e-24,1.89407e-22,4.06800e-25,8.62039e-24,8.88689e-24
2.30243e-30,5.26259e-29,1.00476e-31,2.28191e-30,2.28194e-30,3.83893e-28,8.66520e-27,1.69430e-29,3.80652e-28,3.80654e-28,6.10611e-26,1.35183e-24,2.74154e-27,6.05773e-26,6.05775e-26,8.88689e-24,1.90739e-22,4.09976e-25,8.82132e-24,8.82134e-24
2.28194e-30,5.21716e-29,9.95571e-32,2.30243e-30,2.21993e-30,3.80654e-28,8.59484e-27,1.67952e-29,3.83893e-28,3.70817e-28,6.05775e-26,1.34161e-24,2.71892e-27,6.10611e-26,5.91022e-26,8.82134e-24,1.89407e-22,4.06801e-25,8.88689e-24,8.62042e-24
2.21993e-30,5.07940e-29,9.67829e-32,2.28194e-30,2.11505e-30,3.70817e-28,8.38055e-27,1.63475e-29,3.80654e-28,3.54065e-28,5.91022e-26,1.31033e-24,2.65013e-27,6.05775e-26,5.65694e-26,8.62042e-24,1.85310e-22,3.97107e-25,8.82134e-24,8.27239e-24
2.11505e-30,4.84545e-29,9.21083e-32,2.21993e-30,1.96566e-30,3.54065e-28,8.01370e-27,1.55883e-29,3.70817e-28,3.29977e-28,5.65694e-26,1.25630e-24,2.53268e-27,5.91022e-26,5.28886e-26,8.27239e-24,1.78160e-22,3.80423e-25,8.62042e-24,7.76062e-24
1.96566e-30,4.51032e-29,8.54814e-32,2.11505e-30,1.77052e-30,3.29977e-28,7.48256e-27,1.45033e-29,3.54065e-28,2.98185e-28,5.28886e-26,1.17711e-24,2.36324e-27,5.65694e-26,4.79725e-26,7.76062e-24,1.67544e-22,3.56100e-25,8.27239e-24,7.06809e-24
1.77052e-30,4.06983e-29,7.68728e-32,1.96566e-30,1.52976e-30,2.98185e-28,6.77607e-27,1.30810e-29,3.29977e-28,2.58556e-28,4.79725e-26,1.07035e-24,2.13878e-27,5.28886e-26,4.17724e-26,7.06809e-24,1.53021e-22,3.23499e-25,7.76062e-24,6.18306e-24
1.52976e-30,3.52285e-29,6.63111e-32,1.77052e-30,1.24568e-30,2.58556e-28,5.88850e-27,1.13203e-29,2.98185e-28,2.11390e-28,4.17724e-26,9.34439e-25,1.85804e-27,4.79725e-26,3.43147e-26,6.18306e-24,1.34259e-22,2.82236e-25,7.06809e-24,5.10522e-24
1.24568e-30,2.87361e-29,5.39141e-32,1.52976e-30,9.23392e-31,2.11390e-28,4.82437e-27,9.23799e-30,2.58556e-28,1.57579e-28,3.43147e-26,7.69524e-25,1.52294e-27,4.17724e-26,2.57309e-26,5.10522e-24,1.11178e-22,2.32431e-25,6.18306e-24,3.85075e-24
9.23392e-31,2.13331e-29,3.99122e-32,1.24568e-30,5.70990e-31,1.57579e-28,3.60280e-27,6.87533e-30,2.11390e-28,9.87428e-29,2.57309e-26,5.78299e-25,1.13976e-27,3.43147e-26,1.62715e-26,3.85075e-24,8.40828e-23,1.74904e-25,5.10522e-24,2.45466e-24
5.70990e-31,1.32073e-29,2.46539e-32,9.23392e-31,2.00058e-31,9.87428e-29,2.26086e-27,4.30275e-30,1.57579e-28,3.77215e-29,1.62715e-26,3.66371e-25,7.19583e-28,2.57309e-26,6.51971e-27,2.45466e-24,5.37307e-23,1.11253e-25,3.85075e-24,1.00383e-24
2.46514e-32,5.70937e-31,1.06310e-33,8.62453e-33,3.99085e-32,4.30250e-30,9.87377e-29,1.87099e-31,1.64138e-30,6.87496e-30,7.19560e-28,1.62710e-26,3.17036e-29,2.87618e-28,1.13972e-27,1.11251e-25,2.45463e-24,5.00808e-27,4.53052e-26,1.74901e-25
3.99085e-32,9.23315e-31,1.72272e-33,2.46514e-32,5.39096e-32,6.87496e-30,1.57571e-28,2.99305e-31,4.30250e-30,9.23754e-30,1.13972e-27,2.57303e-26,5.02878e-29,7.19560e-28,1.52290e-27,1.74901e-25,3.85070e-24,7.88829e-27,1.11251e-25,2.32427e-25
5.39096e-32,1.24559e-30,2.32985e-33,3.99085e-32,6.63063e-32,9.23754e-30,2.11381e-28,4.02737e-31,6.87496e-30,1.13198e-29,1.52290e-27,3.43139e-26,6.73110e-29,1.13972e-27,1.85800e-27,2.32427e-25,5.10516e-24,1.05048e-26,1.74901e-25,2.82232e-25
6.63063e-32,1.52966e-30,2.86954e-33,5.39096e-32,7.68682e-32,1.13198e-29,2.58547e-28,4.94336e-31,9.23754e-30,1.30805e-29,1.85800e-27,4.17716e-26,8.22847e-29,1.52290e-27,2.13874e-27,2.82232e-25,6.18300e-24,1.27855e-26,2.32427e-25,3.23495e-25
7.68682e-32,1.77043e-30,3.33148e-33,6.63063e-32,8.54773e-32,1.30805e-29,2.98176e-28,5.72231e-31,1.13198e-29,1.45029e-29,2.13874e-27,4.79717e-26,9.49150e-29,1.85800e-27,2.36320e-27,3.23495e-25,7.06803e-24,1.46901e-26,2.82232e-25,3.56097e-25
8.54773e-32,1.96558e-30,3.70987e-33,7.68682e-32,9.21051e-32,1.45029e-29,3.29969e-28,6.35541e-31,1.30805e-29,1.55880e-29,2.36320e-27,5.28879e-26,1.05088e-28,2.13874e-27,2.53265e-27,3.56097e-25,7.76057e-24,1.62078e-26,3.23495e-25,3.80421e-25
9.21051e-32,2.11499e-30,4.00259e-33,8.54773e-32,9.67807e-32,1.55880e-29,3.54059e-28,6.84126e-31,1.45029e-29,1.63472e-29,2.53265e-27,5.65689e-26,1.12823e-28,2.36320e-27,2.65011e-27,3.80421e-25,8.27234e-24,1.73499e-26,3.56097e-25,3.97106e-25
9.67807e-32,2.21988e-30,4.20996e-33,9.21051e-32,9.95560e-32,1.63472e-29,3.70813e-28,7.18300e-31,1.55880e-29,1.67951e-29,2.65011e-27,5.91019e-26,1.18219e-28,2.53265e-27,2.71891e-27,3.97106e-25,8.62039e-24,1.81392e-26,3.80421e-25,4.06800e-25
9.95560e-32,2.28191e-30,4.33344e-33,9.67807e-32,1.00476e-31,1.67951e-29,3.80652e-28,7.38540e-31,1.63472e-29,1.69430e-29,2.71891e-27,6.05773e-26,1.21395e-28,2.65011e-27,2.74154e-27,4.06800e-25,8.82132e-24,1.86004e-26,3.97106e-25,4.09976e-25
1.00476e-31,2.30243e-30,4.37443e-33,9.95560e-32,9.95571e-32,1.69430e-29,3.83893e-28,7.45238e-31,1.67951e-29,1.67952e-29,2.74154e-27,6.10611e-26,1.22442e-28,2.71891e-27,2.71892e-27,4.09976e-25,8.88689e-24,1.87520e-26,4.06800e-25,4.06801e-25
9.95571e-32,2.28194e-30,4.33350e-33,1.00476e-31,9.67829e-32,1.67952e-29,3.80654e-28,7.38545e-31,1.69430e-29,1.63475e-29,2.71892e-27,6.05775e-26,1.21395e-28,2.74154e-27,2.65013e-27,4.06801e-25,8.82134e-24,1.86005e-26,4.09976e-25,3.97107e-25
9.67829e-32,2.21993e-30,4.21007e-33,9.95571e-32,9.21083e-32,1.63475e-29,3.70817e-28,7.18312e-31,1.67952e-29,1.55883e-29,2.65013e-27,5.91022e-26,1.18220e-28,2.71892e-27,2.53268e-27,3.97107e-25,8.62042e-24,1.81393e-26,4.06801e-25,3.80423e-25
9.21083e-32,2.11505e-30,4.00274e-33,9.67829e-32,8.54814e-32,1.55883e-29,3.54065e-28,6.84142e-31,1.63475e-29,1.45033e-29,2.53268e-27,5.65694e-26,1.12824e-28,2.65013e-27,2.36324e-27,3.80423e-25,8.27239e-24,1.73500e-26,3.97107e-25,3.56100e-25
8.54814e-32,1.96566e-30,3.71006e-33,9.21083e-32,7.68728e-32,1.45033e-29,3.29977e-28,6.35561e-31,1.55883e-29,1.30810e-29,2.36324e-27,5.28886e-26,1.05089e-28,2.53268e-27,2.13878e-27,3.56100e-25,7.76062e-24,1.62080e-26,3.80423e-25,3.23499e-25
7.68728e-32,1.77052e-30,3.33169e-33,8.54814e-32,6.63111e-32,1.30810e-29,2.98185e-28,5.72254e-31,1.45033e-29,1.13203e-29,2.13878e-27,4.79725e-26,9.49172e-29,2.36324e-27,1.85804e-27,3.23499e-25,7.06809e-24,1.46903e-26,3.56100e-25,2.82236e-25
6.63111e-32,1.52976e-30,2.86976e-33,7.68728e-32,5.39141e-32,1.13203e-29,2.58556e-28,4.94360e-31,1.30810e-29,9.23799e-30,1.85804e-27,4.17724e-26,8.22870e-29,2.13878e-27,1.52294e-27,2.82236e-25,6.18306e-24,1.27857e-26,3.23499e-25,2.32431e-25
5.39141e-32,1.24568e-30,2.33007e-33,6.63111e-32,3.99122e-32,9.23799e-30,2.11390e-28,4.02759e-31,1.13203e-29,6.87533e-30,1.52294e-27,3.43147e-26,6.73131e-29,1.85804e-27,1.13976e-27,2.32431e-25,5.10522e-24,1.05050e-26,2.82236e-25,1.74904e-25
3.99122e-32,9.23392e-31,1.72289e-33,5.39141e-32,2.46539e-32,6.87533e-30,1.57579e-28,2.99324e-31,9.23799e-30,4.30275e-30,1.13976e-27,2.57309e-26,5.02896e-29,1.52294e-27,7.19583e-28,1.74904e-25,3.85075e-24,7.88844e-27,2.32431e-25,1.11253e-25
2.46539e-32,5.70990e-31,1.06322e-33,3.99122e-32,8.62550e-33,4.30275e-30,9.87428e-29,1.87111e-31,6.87533e-30,1.64149e-30,7.19583e-28,1.62715e-26,3.17048e-29,1.13976e-27,2.87629e-28,1.11253e-25,2.45466e-24,5.00818e-27,1.74904e-25,4.53061e-26
1.06310e-33,2.46514e-32,4.57958e-35,3.71441e-34,1.72272e-33,1.87099e-31,4.30250e-30,8.12119e-33,7.12897e-32,2.99305e-31,3.17036e-29,7.19560e-28,1.39232e-30,1.26455e-29,5.02878e-29,5.00808e-27,1.11251e-25,2.24131e-28,2.03211e-27,7.88829e-27
1.72272e-33,3.99085e-32,7.42741e-35,1.06310e-33,2.32985e-33,2.99305e-31,6.87496e-30,1.30048e-32,1.87099e-31,4.02737e-31,5.02878e-29,1.13972e-27,2.21129e-30,3.17036e-29,6.73110e-29,7.88829e-27,1.74901e-25,3.53622e-28,5.00808e-27,1.05048e-26
2.32985e-33,5.39096e-32,1.00556e-34,1.72272e-33,2.86954e-33,4.02737e-31,9.23754e-30,1.75212e-32,2.99305e-31,4.94336e-31,6.73110e-29,1.52290e-27,2.96441e-30,5.02878e-29,8.22847e-29,1.05048e-26,2.32427e-25,4.71797e-28,7.88829e-27,1.27855e-26
2.86954e-33,6.63063e-32,1.24000e-34,2.32985e-33,3.33148e-33,4.94336e-31,1.13198e-29,2.15380e-32,4.02737e-31,5.72231e-31,8.22847e-29,1.85800e-27,3.63025e-30,6.73110e-29,9.49150e-29,1.27855e-26,2.82232e-25,5.75425e-28,1.05048e-26,1.46901e-26
3.33148e-33,7.68682e-32,1.44149e-34,2.86954e-33,3.70987e-33,5.72231e-31,1.30805e-29,2.49710e-32,4.94336e-31,6.35541e-31,9.49150e-29,2.13874e-27,4.19528e-30,8.22847e-29,1.05088e-28,1.46901e-26,3.23495e-25,6.62576e-28,1.27855e-26,1.62078e-26
3.70987e-33,8.54773e-32,1.60726e-34,3.33148e-33,4.00259e-33,6.35541e-31,1.45029e-29,2.77761e-32,5.72231e-31,6.84126e-31,1.05088e-28,2.36320e-27,4.65330e-30,9.49150e-29,1.12823e-28,1.62078e-26,3.56097e-25,7.32555e-28,1.46901e-26,1.73499e-26
4.00259e-33,9.21051e-32,1.73603e-34,3.70987e-33,4.20996e-33,6.84126e-31,1.55880e-29,2.99400e-32,6.35541e-31,7.18300e-31,1.12823e-28,2.53265e-27,5.00379e-30,1.05088e-28,1.18219e-28,1.73499e-26,3.80421e-25,7.85608e-28,1.62078e-26,1.81392e-26
4.20996e-33,9.67807e-32,1.82760e-34,4.00259e-33,4.33344e-33,7.18300e-31,1.63472e-29,3.14691e-32,6.84126e-31,7.38540e-31,1.18219e-28,2.65011e-27,5.24967e-30,1.12823e-28,1.21395e-28,1.81392e-26,3.97106e-25,8.22518e-28,1.73499e-26,1.86004e-26
4.33344e-33,9.95560e-32,1.88228e-34,4.20996e-33,4.37443e-33,7.38540e-31,1.67951e-29,3.23779e-32,7.18300e-31,7.45238e-31,1.21395e-28,2.71891e-27,5.39499e-30,1.18219e-28,1.22442e-28,1.86004e-26,4.06800e-25,8.44196e-28,1.81392e-26,1.87520e-26
4.37443e-33,1.00476e-31,1.90046e-34,4.33344e-33,4.33350e-33,7.45238e-31,1.69430e-29,3.26792e-32,7.38540e-31,7.38545e-31,1.22442e-28,2.74154e-27,5.44303e-30,1.21395e-28,1.21395e-28,1.87520e-26,4.09976e-25,8.51338e-28,1.86004e-26,1.86005e-26
4.33350e-33,9.95571e-32,1.88230e-34,4.37443e-33,4.21007e-33,7.38545e-31,1.67952e-29,3.23781e-32,7.45238e-31,7.18312e-31,1.21395e-28,2.71892e-27,5.39502e-30,1.22442e-28,1.18220e-28,1.86005e-26,4.06801e-25,8.44199e-28,1.87520e-26,1.81393e-26
4.21007e-33,9.67829e-32,1.82765e-34,4.33350e-33,4.00274e-33,7.18312e-31,1.63475e-29,3.14697e-32,7.38545e-31,6.84142e-31,1.18220e-28,2.65013e-27,5.24973e-30,1.21395e-28,1.12824e-28,1.81393e-26,3.97107e-25,8.22523e-28,1.86005e-26,1.73500e-26
4.00274e-33,9.21083e-32,1.73611e-34,4.21007e-33,3.71006e-33,6.84142e-31,1.55883e-29,2.99409e-32,7.18312e-31,6.35561e-31,1.12824e-28,2.53268e-27,5.00387e-30,1.18220e-28,1.05089e-28,1.73500e-26,3.80423e-25,7.85615e-28,1.81393e-26,1.62080e-26
3.71006e-33,8.54814e-32,1.60735e-34,4.00274e-33,3.33169e-33,6.35561e-31,1.45033e-29,2.77771e-32,6.84142e-31,5.72254e-31,1.05089e-28,2.36324e-27,4.65340e-30,1.12824e-28,9.49172e-29,1.62080e-26,3.56100e-25,7.32563e-28,1.73500e-26,1.46903e-26
3.33169e-33,7.68728e-32,1.44159e-34,3.71006e-33,2.86976e-33,5.72254e-31,1.30810e-29,2.49721e-32,6.35561e-31,4.94360e-31,9.49172e-29,2.13878e-27,4.19539e-30,1.05089e-28,8.22870e-29,1.46903e-26,3.23499e-25,6.62585e-28,1.62080e-26,1.27857e-26
2.86976e-33,6.63111e-32,1.24011e-34,3.33169e-33,2.33007e-33,4.94360e-31,1.13203e-29,2.15392e-32,5.72254e-31,4.02759e-31,8.22870e-29,1.85804e-27,3.63037e-30,9.49172e-29,6.73131e-29,1.27857e-26,2.82236e-25,5.75435e-28,1.46903e-26,1.05050e-26
2.33007e-33,5.39141e-32,1.00566e-34,2.86976e-33,1.72289e-33,4.02759e-31,9.23799e-30,1.75223e-32,4.94360e-31,2.99324e-31,6.73131e-29,1.52294e-27,2.96451e-30,8.22870e-29,5.02896e-29,1.05050e-26,2.32431e-25,4.71807e-28,1.27857e-26,7.88844e-27
1.72289e-33,3.99122e-32,7.42824e-35,2.33007e-33,1.06322e-33,2.99324e-31,6.87533e-30,1.30057e-32,4.02759e-31,1.87111e-31,5.02896e-29,1.13976e-27,2.21138e-30,6.73131e-29,3.17048e-29,7.88844e-27,1.74904e-25,3.53630e-28,1.05050e-26,5.00818e-27
1.06322e-33,2.46539e-32,4.58014e-35,1.72289e-33,3.71486e-34,1.87111e-31,4.30275e-30,8.12180e-33,2.99324e-31,7.12949e-32,3.17048e-29,7.19583e-28,1.39238e-30,5.02896e-29,1.26460e-29,5.00818e-27,1.11253e-25,2.24136e-28,7.88844e-27,2.03216e-27
4.57958e-35,1.06310e-33,1.97071e-36,1.59809e-35,7.42741e-35,8.12119e-33,1.87099e-31,3.51916e-34,3.09096e-33,1.30048e-32,1.39232e-30,3.17036e-29,6.09708e-32,5.54305e-31,2.21129e-30,2.24131e-28,5.00808e-27,9.98005e-30,9.06598e-29,3.53622e-28
7.42741e-35,1.72272e-33,3.19867e-36,4.57958e-35,1.00556e-34,1.30048e-32,2.99305e-31,5.64050e-34,8.12119e-33,1.75212e-32,2.21129e-30,5.02878e-29,9.69439e-32,1.39232e-30,2.96441e-30,3.53622e-28,7.88829e-27,1.57693e-29,2.24131e-28,4.71797e-28
1.00556e-34,2.32985e-33,4.33462e-36,7.42741e-35,1.24000e-34,1.75212e-32,4.02737e-31,7.60802e-34,1.30048e-32,2.15380e-32,2.96441e-30,6.73110e-29,1.30139e-31,2.21129e-30,3.63025e-30,4.71797e-28,1.05048e-26,2.10742e-29,3.53622e-28,5.75425e-28
1.24000e-34,2.86954e-33,5.35103e-36,1.00556e-34,1.44149e-34,2.15380e-32,4.94336e-31,9.36452e-34,1.75212e-32,2.49710e-32,3.63025e-30,8.22847e-29,1.59622e-31,2.96441e-30,4.19528e-30,5.75425e-28,1.27855e-26,2.57510e-29,4.71797e-28,6.62576e-28
1.44149e-34,3.33148e-33,6.22772e-36,1.24000e-34,1.60726e-34,2.49710e-32,5.72231e-31,1.08723e-33,2.15380e-32,2.77761e-32,4.19528e-30,9.49150e-29,1.84774e-31,3.63025e-30,4.65330e-30,6.62576e-28,1.46901e-26,2.97089e-29,5.75425e-28,7.32555e-28
1.60726e-34,3.70987e-33,6.95175e-36,1.44149e-34,1.73603e-34,2.77761e-32,6.35541e-31,1.21102e-33,2.49710e-32,2.99400e-32,4.65330e-30,1.05088e-28,2.05278e-31,4.19528e-30,5.00379e-30,7.32555e-28,1.62078e-26,3.29084e-29,6.62576e-28,7.85608e-28
1.73603e-34,4.00259e-33,7.51632e-36,1.60726e-34,1.82760e-34,2.99400e-32,6.84126e-31,1.30695e-33,2.77761e-32,3.14691e-32,5.00379e-30,1.12823e-28,2.21057e-31,4.65330e-30,5.24967e-30,7.85608e-28,1.73499e-26,3.53501e-29,7.32555e-28,8.22518e-28
1.82760e-34,4.20996e-33,7.91906e-36,1.73603e-34,1.88228e-34,3.14691e-32,7.18300e-31,1.37501e-33,2.99400e-32,3.23779e-32,5.24967e-30,1.18219e-28,2.32180e-31,5.00379e-30,5.39499e-30,8.22518e-28,1.81392e-26,3.70589e-29,7.85608e-28,8.44196e-28
1.88228e-34,4.33344e-33,8.16012e-36,1.82760e-34,1.90046e-34,3.23779e-32,7.38540e-31,1.41558e-33,3.14691e-32,3.26792e-32,5.39499e-30,1.21395e-28,2.38779e-31,5.24967e-30,5.44303e-30,8.44196e-28,1.86004e-26,3.80669e-29,8.22518e-28,8.51338e-28
1.90046e-34,4.37443e-33,8.24037e-36,1.88228e-34,1.88230e-34,3.26792e-32,7.45238e-31,1.42905e-33,3.23779e-32,3.23781e-32,5.44303e-30,1.22442e-28,2.40964e-31,5.39499e-30,5.39502e-30,8.51338e-28,1.87520e-26,3.83998e-29,8.44196e-28,8.44199e-28
1.88230e-34,4.33350e-33,8.16025e-36,1.90046e-34,1.82765e-34,3.23781e-32,7.38545e-31,1.41559e-33,3.26792e-32,3.14697e-32,5.39502e-30,1.21395e-28,2.38780e-31,5.44303e-30,5.24973e-30,8.44199e-28,1.86005e-26,3.80670e-29,8.51338e-28,8.22523e-28
1.82765e-34,4.21007e-33,7.91931e-36,1.88230e-34,1.73611e-34,3.14697e-32,7.18312e-31,1.37504e-33,3.23781e-32,2.99409e-32,5.24973e-30,1.18220e-28,2.32183e-31,5.39502e-30,5.00387e-30,8.22523e-28,1.81393e-26,3.70591e-29,8.44199e-28,7.85615e-28
1.73611e-34,4.00274e-33,7.51667e-36,1.82765e-34,1.60735e-34,2.99409e-32,6.84142e-31,1.30699e-33,3.14697e-32,2.77771e-32,5.00387e-30,1.12824e-28,2.21061e-31,5.24973e-30,4.65340e-30,7.85615e-28,1.73500e-26,3.53505e-29,8.22523e-28,7.32563e-28
1.60735e-34,3.71006e-33,6.95219e-36,1.73611e-34,1.44159e-34,2.77771e-32,6.35561e-31,1.21107e-33,2.99409e-32,2.49721e-32,4.65340e-30,1.05089e-28,2.05283e-31,5.00387e-30,4.19539e-30,7.32563e-28,1.62080e-26,3.29088e-29,7.85615e-28,6.62585e-28
1.44159e-34,3.33169e-33,6.22821e-36,1.60735e-34,1.24011e-34,2.49721e-32,5.72254e-31,1.08729e-33,2.77771e-32,2.15392e-32,4.19539e-30,9.49172e-29,1.84779e-31,4.65340e-30,3.63037e-30,6.62585e-28,1.46903e-26,2.97094e-29,7.32563e-28,5.75435e-28
1.24011e-34,2.86976e-33,5.35153e-36,1.44159e-34,1.00566e-34,2.15392e-32,4.94360e-31,9.36509e-34,2.49721e-32,1.75223e-32,3.63037e-30,8.22870e-29,1.59628e-31,4.19539e-30,2.96451e-30,5.75435e-28,1.27857e-26,2.57515e-29,6.62585e-28,4.71807e-28
1.00566e-34,2.33007e-33,4.33508e-36,1.24011e-34,7.42824e-35,1.75223e-32,4.02759e-31,7.60855e-34,2.15392e-32,1.30057e-32,2.96451e-30,6.73131e-29,1.30145e-31,3.63037e-30,2.21138e-30,4.71807e-28,1.05050e-26,2.10747e-29,5.75435e-28,3.53630e-28
7.42824e-35,1.72289e-33,3.19906e-36,1.00566e-34,4.58014e-35,1.30057e-32,2.99324e-31,5.64094e-34,1.75223e-32,8.12180e-33,2.21138e-30,5.02896e-29,9.69484e-32,2.96451e-30,1.39238e-30,3.53630e-28,7.88844e-27,1.57697e-29,4.71807e-28,2.24136e-28
4.58014e-35,1.06322e-33,1.97097e-36,7.42824e-35,1.59830e-35,8.12180e-33,1.87111e-31,3.51946e-34,1.30057e-32,3.09121e-33,1.39238e-30,3.17048e-29,6.09739e-32,2.21138e-30,5.54331e-31,2.24136e-28,5.00818e-27,9.98032e-30,3.53630e-28,9.06622e-29
1.97071e-36,4.57958e-35,8.47213e-38,6.86907e-37,3.19867e-36,3.51916e-34,8.12119e-33,1.52262e-35,1.33806e-34,5.64050e-34,6.09708e-32,1.39232e-30,2.66315e-33,2.42329e-32,9.69439e-32,9.98005e-30,2.24131e-28,4.42430e-31,4.02583e-30,1.57693e-29
3.19867e-36,7.42741e-35,1.37607e-37,1.97071e-36,4.33462e-36,5.64050e-34,1.30048e-32,2.44244e-35,3.51916e-34,7.60802e-34,9.69439e-32,2.21129e-30,4.23870e-33,6.09708e-32,1.30139e-31,1.57693e-29,3.53622e-28,6.99997e-31,9.98005e-30,2.10742e-29
4.33462e-36,1.00556e-34,1.86633e-37,3.19867e-36,5.35103e-36,7.60802e-34,1.75212e-32,3.29775e-35,5.64050e-34,9.36452e-34,1.30139e-31,2.96441e-30,5.69709e-33,9.69439e-32,1.59622e-31,2.10742e-29,4.71797e-28,9.36872e-31,1.57693e-29,2.57510e-29
5.35103e-36,1.24000e-34,2.30620e-37,4.33462e-36,6.22772e-36,9.36452e-34,2.15380e-32,4.06389e-35,7.60802e-34,1.08723e-33,1.59622e-31,3.63025e-30,6.99759e-33,1.30139e-31,1.84774e-31,2.57510e-29,5.75425e-28,1.14669e-30,2.10742e-29,2.97089e-29
6.22772e-36,1.44149e-34,2.68681e-37,5.35103e-36,6.95175e-36,1.08723e-33,2.49710e-32,4.72413e-35,9.36452e-34,1.21102e-33,1.84774e-31,4.19528e-30,8.11228e-33,1.59622e-31,2.05278e-31,2.97089e-29,6.62576e-28,1.32525e-30,2.57510e-29,3.29084e-29
6.95175e-36,1.60726e-34,3.00221e-37,6.22772e-36,7.51632e-36,1.21102e-33,2.77761e-32,5.26841e-35,1.08723e-33,1.30695e-33,2.05278e-31,4.65330e-30,9.02559e-33,1.84774e-31,2.21057e-31,3.29084e-29,7.32555e-28,1.47046e-30,2.97089e-29,3.53501e-29
7.51632e-36,1.73603e-34,3.24895e-37,6.95175e-36,7.91906e-36,1.30695e-33,2.99400e-32,5.69192e-35,1.21102e-33,1.37501e-33,2.21057e-31,5.00379e-30,9.73186e-33,2.05278e-31,2.32180e-31,3.53501e-29,7.85608e-28,1.58193e-30,3.29084e-29,3.70589e-29
7.91906e-36,1.82760e-34,3.42547e-37,7.51632e-36,8.16012e-36,1.37501e-33,3.14691e-32,5.99345e-35,1.30695e-33,1.41558e-33,2.32180e-31,5.24967e-30,1.02319e-32,2.21057e-31,2.38779e-31,3.70589e-29,8.22518e-28,1.66034e-30,3.53501e-29,3.80669e-29
8.16012e-36,1.88228e-34,3.53134e-37,7.91906e-36,8.24037e-36,1.41558e-33,3.23779e-32,6.17364e-35,1.37501e-33,1.42905e-33,2.38779e-31,5.39499e-30,1.05295e-32,2.32180e-31,2.40964e-31,3.80669e-29,8.44196e-28,1.70677e-30,3.70589e-29,3.83998e-29
8.24037e-36,1.90046e-34,3.56663e-37,8.16012e-36,8.16025e-36,1.42905e-33,3.26792e-32,6.23358e-35,1.41558e-33,1.41559e-33,2.40964e-31,5.44303e-30,1.06282e-32,2.38779e-31,2.38780e-31,3.83998e-29,8.51338e-28,1.72214e-30,3.80669e-29,3.80670e-29
8.16025e-36,1.88230e-34,3.53140e-37,8.24037e-36,7.91931e-36,1.41559e-33,3.23781e-32,6.17371e-35,1.42905e-33,1.37504e-33,2.38780e-31,5.39502e-30,1.05296e-32,2.40964e-31,2.32183e-31,3.80670e-29,8.44199e-28,1.70678e-30,3.83998e-29,3.70591e-29
7.91931e-36,1.82765e-34,3.42558e-37,8.16025e-36,7.51667e-36,1.37504e-33,3.14697e-32,5.99358e-35,1.41559e-33,1.30699e-33,2.32183e-31,5.24973e-30,1.02321e-32,2.38780e-31,2.21061e-31,3.70591e-29,8.22523e-28,1.66035e-30,3.80670e-29,3.53505e-29
7.51667e-36,1.73611e-34,3.24912e-37,7.91931e-36,6.95219e-36,1.30699e-33,2.99409e-32,5.69211e-35,1.37504e-33,1.21107e-33,2.21061e-31,5.00387e-30,9.73207e-33,2.32183e-31,2.05283e-31,3.53505e-29,7.85615e-28,1.58195e-30,3.70591e-29,3.29088e-29
6.95219e-36,1.60735e-34,3.00242e-37,7.51667e-36,6.22821e-36,1.21107e-33,2.77771e-32,5.26865e-35,1.30699e-33,1.08729e-33,2.05283e-31,4.65340e-30,9.02585e-33,2.21061e-31,1.84779e-31,3.29088e-29,7.32563e-28,1.47049e-30,3.53505e-29,2.97094e-29
6.22821e-36,1.44159e-34,2.68704e-37,6.95219e-36,5.35153e-36,1.08729e-33,2.49721e-32,4.72440e-35,1.21107e-33,9.36509e-34,1.84779e-31,4.19539e-30,8.11256e-33,2.05283e-31,1.59628e-31,2.97094e-29,6.62585e-28,1.32528e-30,3.29088e-29,2.57515e-29
5.35153e-36,1.24011e-34,2.30643e-37,6.22821e-36,4.33508e-36,9.36509e-34,2.15392e-32,4.06417e-35,1.08729e-33,7.60855e-34,1.59628e-31,3.63037e-30,6.99788e-33,1.84779e-31,1.30145e-31,2.57515e-29,5.75435e-28,1.14672e-30,2.97094e-29,2.10747e-29
4.33508e-36,1.00566e-34,1.86655e-37,5.35153e-36,3.19906e-36,7.60855e-34,1.75223e-32,3.29801e-35,9.36509e-34,5.64094e-34,1.30145e-31,2.96451e-30,5.69736e-33,1.59628e-31,9.69484e-32,2.10747e-29,4.71807e-28,9.36897e-31,2.57515e-29,1.57697e-29
3.19906e-36,7.42824e-35,1.37625e-37,4.33508e-36,1.97097e-36,5.64094e-34,1.30057e-32,2.44265e-35,7.60855e-34,3.51946e-34,9.69484e-32,2.21138e-30,4.23892e-33,1.30145e-31,6.09739e-32,1.57697e-29,3.53630e-28,7.00018e-31,2.10747e-29,9.98032e-30
1.97097e-36,4.58014e-35,8.47333e-38,3.19906e-36,6.87006e-37,3.51946e-34,8.12180e-33,1.52276e-35,5.64094e-34,1.33818e-34,6.09739e-32,1.39238e-30,2.66330e-33,9.69484e-32,2.42342e-32,9.98032e-30,2.24136e-28,4.42445e-31,1.57697e-29,4.02595e-30
8.47213e-38,1.97071e-36,3.63880e-39,2.94986e-38,1.37607e-37,1.52262e-35,3.51916e-34,6.57855e-37,5.78399e-36,2.44244e-35,2.66315e-33,6.09708e-32,1.16057e-34,1.05688e-33,4.23870e-33,4.42430e-31,9.98005e-30,1.95376e-32,1.78041e-31,6.99997e-31
1.37607e-37,3.19867e-36,5.91398e-39,8.47213e-38,1.86633e-37,2.44244e-35,5.64050e-34,1.05604e-36,1.52262e-35,3.29775e-35,4.23870e-33,9.69439e-32,1.84886e-34,2.66315e-33,5.69709e-33,6.99997e-31,1.57693e-29,3.09479e-32,4.42430e-31,9.36872e-31
1.86633e-37,4.33462e-36,8.02702e-39,1.37607e-37,2.30620e-37,3.29775e-35,7.60802e-34,1.42714e-36,2.44244e-35,4.06389e-35,5.69709e-33,1.30139e-31,2.48770e-34,4.23870e-33,6.99759e-33,9.36872e-31,2.10742e-29,4.14756e-32,6.99997e-31,1.14669e-30
2.30620e-37,5.35103e-36,9.92749e-39,1.86633e-37,2.68681e-37,4.06389e-35,9.36452e-34,1.76055e-36,3.29775e-35,4.72413e-35,6.99759e-33,1.59622e-31,3.05943e-34,5.69709e-33,8.11228e-33,1.14669e-30,2.57510e-29,5.08404e-32,9.36872e-31,1.32525e-30
2.68681e-37,6.22772e-36,1.15766e-38,2.30620e-37,3.00221e-37,4.72413e-35,1.08723e-33,2.04886e-36,4.06389e-35,5.26841e-35,8.11228e-33,1.84774e-31,3.55152e-34,6.99759e-33,9.02559e-33,1.32525e-30,2.97089e-29,5.88495e-32,1.14669e-30,1.47046e-30
3.00221e-37,6.95175e-36,1.29472e-38,2.68681e-37,3.24895e-37,5.26841e-35,1.21102e-33,2.28740e-36,4.72413e-35,5.69192e-35,9.02559e-33,2.05278e-31,3.95650e-34,8.11228e-33,9.73186e-33,1.47046e-30,3.29084e-29,6.53972e-32,1.32525e-30,1.58193e-30
3.24895e-37,7.51632e-36,1.40225e-38,3.00221e-37,3.42547e-37,5.69192e-35,1.30695e-33,2.47367e-36,5.26841e-35,5.99345e-35,9.73186e-33,2.21057e-31,4.27103e-34,9.02559e-33,1.02319e-32,1.58193e-30,3.53501e-29,7.04494e-32,1.47046e-30,1.66034e-30
3.42547e-37,7.91906e-36,1.47937e-38,3.24895e-37,3.53134e-37,5.99345e-35,1.37501e-33,2.60670e-36,5.69192e-35,6.17364e-35,1.02319e-32,2.32180e-31,4.49456e-34,9.73186e-33,1.05295e-32,1.66034e-30,3.70589e-29,7.40195e-32,1.58193e-30,1.70677e-30
3.53134e-37,8.16012e-36,1.52571e-38,3.42547e-37,3.56663e-37,6.17364e-35,1.41558e-33,2.68639e-36,5.99345e-35,6.23358e-35,1.05295e-32,2.38779e-31,4.62796e-34,1.02319e-32,1.06282e-32,1.70677e-30,3.80669e-29,7.61408e-32,1.66034e-30,1.72214e-30
3.56663e-37,8.24037e-36,1.54117e-38,3.53134e-37,3.53140e-37,6.23358e-35,1.42905e-33,2.71292e-36,6.17364e-35,6.17371e-35,1.06282e-32,2.40964e-31,4.67229e-34,1.05295e-32,1.05296e-32,1.72214e-30,3.83998e-29,7.68441e-32,1.70677e-30,1.70678e-30
3.53140e-37,8.16025e-36,1.52574e-38,3.56663e-37,3.42558e-37,6.17371e-35,1.41559e-33,2.68642e-36,6.23358e-35,5.99358e-35,1.05296e-32,2.38780e-31,4.62800e-34,1.06282e-32,1.02321e-32,1.70678e-30,3.80670e-29,7.61412e-32,1.72214e-30,1.66035e-30
3.42558e-37,7.91931e-36,1.47943e-38,3.53140e-37,3.24912e-37,5.99358e-35,1.37504e-33,2.60677e-36,6.17371e-35,5.69211e-35,1.02321e-32,2.32183e-31,4.49464e-34,1.05296e-32,9.73207e-33,1.66035e-30,3.70591e-29,7.40202e-32,1.70678e-30,1.58195e-30
3.24912e-37,7.51667e-36,1.40233e-38,3.42558e-37,3.00242e-37,5.69211e-35,1.30699e-33,2.47377e-36,5.99358e-35,5.26865e-35,9.73207e-33,2.21061e-31,4.27113e-34,1.02321e-32,9.02585e-33,1.58195e-30,3.53505e-29,7.04504e-32,1.66035e-30,1.47049e-30
3.00242e-37,6.95219e-36,1.29482e-38,3.24912e-37,2.68704e-37,5.26865e-35,1.21107e-33,2.28751e-36,5.69211e-35,4.72440e-35,9.02585e-33,2.05283e-31,3.95663e-34,9.73207e-33,8.11256e-33,1.47049e-30,3.29088e-29,6.53984e-32,1.58195e-30,1.32528e-30
2.68704e-37,6.22821e-36,1.15777e-38,3.00242e-37,2.30643e-37,4.72440e-35,1.08729e-33,2.04898e-36,5.26865e-35,4.06417e-35,8.11256e-33,1.84779e-31,3.55166e-34,9.02585e-33,6.99788e-33,1.32528e-30,2.97094e-29,5.88509e-32,1.47049e-30,1.14672e-30
2.30643e-37,5.35153e-36,9.92857e-39,2.68704e-37,1.86655e-37,4.06417e-35,9.36509e-34,1.76068e-36,4.72440e-35,3.29801e-35,6.99788e-33,1.59628e-31,3.05958e-34,8.11256e-33,5.69736e-33,1.14672e-30,2.57515e-29,5.08418e-32,1.32528e-30,9.36897e-31
1.86655e-37,4.33508e-36,8.02802e-39,2.30643e-37,1.37625e-37,3.29801e-35,7.60855e-34,1.42726e-36,4.06417e-35,2.44265e-35,5.69736e-33,1.30145e-31,2.48784e-34,6.99788e-33,4.23892e-33,9.36897e-31,2.10747e-29,4.14769e-32,1.14672e-30,7.00018e-31
1.37625e-37,3.19906e-36,5.91480e-39,1.86655e-37,8.47333e-38,2.44265e-35,5.64094e-34,1.05614e-36,3.29801e-35,1.52276e-35,4.23892e-33,9.69484e-32,1.84896e-34,5.69736e-33,2.66330e-33,7.00018e-31,1.57697e-29,3.09490e-32,9.36897e-31,4.42445e-31
8.47333e-38,1.97097e-36,3.63935e-39,1.37625e-37,2.95031e-38,1.52276e-35,3.51946e-34,6.57921e-37,2.44265e-35,5.78456e-36,2.66330e-33,6.09739e-32,1.16065e-34,4.23892e-33,1.05695e-33,4.42445e-31,9.98032e-30,1.95384e-32,7.00018e-31,1.78048e-31
3.63880e-39,8.47213e-38,1.56150e-40,1.26570e-39,5.91398e-39,6.57855e-37,1.52262e-35,2.83857e-38,2.49689e-37,1.05604e-36,1.16057e-34,2.66315e-33,5.04723e-36,4.59958e-35,1.84886e-34,1.95376e-32,4.42430e-31,8.59826e-34,7.84552e-33,3.09479e-32
5.91398e-39,1.37607e-37,2.53927e-40,3.63880e-39,8.02702e-39,1.05604e-36,2.44244e-35,4.55968e-38,6.57855e-37,1.42714e-36,1.84886e-34,4.23870e-33,8.04701e-36,1.16057e-34,2.48770e-34,3.09479e-32,6.99997e-31,1.36340e-33,1.95376e-32,4.14756e-32
8.02702e-39,1.86633e-37,3.44887e-40,5.91398e-39,9.92749e-39,1.42714e-36,3.29775e-35,6.16702e-38,1.05604e-36,1.76055e-36,2.48770e-34,5.69709e-33,1.08382e-35,1.84886e-34,3.05943e-34,4.14756e-32,9.36872e-31,1.82937e-33,3.09479e-32,5.08404e-32
9.92749e-39,2.30620e-37,4.26873e-40,8.02702e-39,1.15766e-38,1.76055e-36,4.06389e-35,7.61486e-38,1.42714e-36,2.04886e-36,3.05943e-34,6.99759e-33,1.33440e-35,2.48770e-34,3.55152e-34,5.08404e-32,1.14669e-30,2.24543e-33,4.14756e-32,5.88495e-32
1.15766e-38,2.68681e-37,4.98193e-40,9.92749e-39,1.29472e-38,2.04886e-36,4.72413e-35,8.87071e-38,1.76055e-36,2.28740e-36,3.55152e-34,8.11228e-33,1.55088e-35,3.05943e-34,3.95650e-34,5.88495e-32,1.32525e-30,2.60282e-33,5.08404e-32,6.53972e-32
1.29472e-38,3.00221e-37,5.57625e-40,1.15766e-38,1.40225e-38,2.28740e-36,5.26841e-35,9.91314e-38,2.04886e-36,2.47367e-36,3.95650e-34,9.02559e-33,1.72973e-35,3.55152e-34,4.27103e-34,6.53972e-32,1.47046e-30,2.89638e-33,5.88495e-32,7.04494e-32
1.40225e-38,3.24895e-37,6.04370e-40,1.29472e-38,1.47937e-38,2.47367e-36,5.69192e-35,1.07297e-37,2.28740e-36,2.60670e-36,4.27103e-34,9.73186e-33,1.86917e-35,3.95650e-34,4.49456e-34,7.04494e-32,1.58193e-30,3.12392e-33,6.53972e-32,7.40195e-32
1.47937e-38,3.42547e-37,6.37969e-40,1.40225e-38,1.52571e-38,2.60670e-36,5.99345e-35,1.13144e-37,2.47367e-36,2.68639e-36,4.49456e-34,1.02319e-32,1.96860e-35,4.27103e-34,4.62796e-34,7.40195e-32,1.66034e-30,3.28536e-33,7.04494e-32,7.61408e-32
1.52571e-38,3.53134e-37,6.58190e-40,1.47937e-38,1.54117e-38,2.68639e-36,6.17364e-35,1.16654e-37,2.60670e-36,2.71292e-36,4.62796e-34,1.05295e-32,2.02808e-35,4.49456e-34,4.67229e-34,7.61408e-32,1.70677e-30,3.38157e-33,7.40195e-32,7.68441e-32
1.54117e-38,3.56663e-37,6.64943e-40,1.52571e-38,1.52574e-38,2.71292e-36,6.23358e-35,1.17824e-37,2.68639e-36,2.68642e-36,4.67229e-34,1.06282e-32,2.04788e-35,4.62796e-34,4.62800e-34,7.68441e-32,1.72214e-30,3.41351e-33,7.61408e-32,7.61412e-32
1.52574e-38,3.53140e-37,6.58203e-40,1.54117e-38,1.47943e-38,2.68642e-36,6.17371e-35,1.16655e-37,2.71292e-36,2.60677e-36,4.62800e-34,1.05296e-32,2.02810e-35,4.67229e-34,4.49464e-34,7.61412e-32,1.70678e-30,3.38159e-33,7.68441e-32,7.40202e-32
1.47943e-38,3.42558e-37,6.37994e-40,1.52574e-38,1.40233e-38,2.60677e-36,5.99358e-35,1.13147e-37,2.68642e-36,2.47377e-36,4.49464e-34,1.02321e-32,1.96864e-35,4.62800e-34,4.27113e-34,7.40202e-32,1.66035e-30,3.28539e-33,7.61412e-32,7.04504e-32
1.40233e-38,3.24912e-37,6.04406e-40,1.47943e-38,1.29482e-38,2.47377e-36,5.69211e-35,1.07301e-37,2.60677e-36,2.28751e-36,4.27113e-34,9.73207e-33,1.86923e-35,4.49464e-34,3.95663e-34,7.04504e-32,1.58195e-30,3.12397e-33,7.40202e-32,6.53984e-32
1.29482e-38,3.00242e-37,5.57669e-40,1.40233e-38,1.15777e-38,2.28751e-36,5.26865e-35,9.91368e-38,2.47377e-36,2.04898e-36,3.95663e-34,9.02585e-33,1.72980e-35,4.27113e-34,3.55166e-34,6.53984e-32,1.47049e-30,2.89644e-33,7.04504e-32,5.88509e-32
1.15777e-38,2.68704e-37,4.98242e-40,1.29482e-38,9.92857e-39,2.04898e-36,4.72440e-35,8.87131e-38,2.28751e-36,1.76068e-36,3.55166e-34,8.11256e-33,1.55095e-35,3.95663e-34,3.05958e-34,5.88509e-32,1.32528e-30,2.60289e-33,6.53984e-32,5.08418e-32
9.92857e-39,2.30643e-37,4.26923e-40,1.15777e-38,8.02802e-39,1.76068e-36,4.06417e-35,7.61547e-38,2.04898e-36,1.42726e-36,3.05958e-34,6.99788e-33,1.33447e-35,3.55166e-34,2.48784e-34,5.08418e-32,1.14672e-30,2.24550e-33,5.88509e-32,4.14769e-32
8.02802e-39,1.86655e-37,3.44933e-40,9.92857e-39,5.91480e-39,1.42726e-36,3.29801e-35,6.16758e-38,1.76068e-36,1.05614e-36,2.48784e-34,5.69736e-33,1.08388e-35,3.05958e-34,1.84896e-34,4.14769e-32,9.36897e-31,1.82943e-33,5.08418e-32,3.09490e-32
5.91480e-39,1.37625e-37,2.53965e-40,8.02802e-39,3.63935e-39,1.05614e-36,2.44265e-35,4.56015e-38,1.42726e-36,6.57921e-37,1.84896e-34,4.23892e-33,8.04753e-36,2.48784e-34,1.16065e-34,3.09490e-32,7.00018e-31,1.36345e-33,4.14769e-32,1.95384e-32
3.63935e-39,8.47333e-38,1.56175e-40,5.91480e-39,1.26591e-39,6.57921e-37,1.52276e-35,2.83888e-38,1.05614e-36,2.49716e-37,1.16065e-34,2.66330e-33,5.04759e-36,1.84896e-34,4.59990e-35,1.95384e-32,4.42445e-31,8.59863e-34,3.09490e-32,7.84584e-33
1.56150e-40,3.63880e-39,6.69514e-42,5.42628e-41,2.53927e-40,2.83857e-38,6.57855e-37,1.22332e-39,1.07655e-38,4.55968e-38,5.04723e-36,1.16057e-34,2.19088e-37,1.99788e-36,8.04701e-36,8.59826e-34,1.95376e-32,3.77246e-35,3.44617e-34,1.36340e-33
2.53927e-40,5.91398e-39,1.08931e-41,1.56150e-40,3.44887e-40,4.55968e-38,1.05604e-36,1.96622e-39,2.83857e-38,6.16702e-38,8.04701e-36,1.84886e-34,3.49554e-37,5.04723e-36,1.08382e-35,1.36340e-33,3.09479e-32,5.98747e-35,8.59826e-34,1.82937e-33
3.44887e-40,8.02702e-39,1.48041e-41,2.53927e-40,4.26873e-40,6.16702e-38,1.42714e-36,2.66127e-39,4.55968e-38,7.61486e-38,1.08382e-35,2.48770e-34,4.71211e-37,8.04701e-36,1.33440e-35,1.82937e-33,4.14756e-32,8.04234e-35,1.36340e-33,2.24543e-33
4.26873e-40,9.92749e-39,1.83360e-41,3.44887e-40,4.98193e-40,7.61486e-38,1.76055e-36,3.28881e-39,6.16702e-38,8.87071e-38,1.33440e-35,3.05943e-34,5.80742e-37,1.08382e-35,1.55088e-35,2.24543e-33,5.08404e-32,9.88331e-35,1.82937e-33,2.60282e-33
4.98193e-40,1.15766e-38,2.14152e-41,4.26873e-40,5.57625e-40,8.87071e-38,2.04886e-36,3.83461e-39,7.61486e-38,9.91314e-38,1.55088e-35,3.55152e-34,6.75675e-37,1.33440e-35,1.72973e-35,2.60282e-33,5.88495e-32,1.14709e-34,2.24543e-33,2.89638e-33
5.57625e-40,1.29472e-38,2.39871e-41,4.98193e-40,6.04370e-40,9.91314e-38,2.28740e-36,4.28896e-39,8.87071e-38,1.07297e-37,1.72973e-35,3.95650e-34,7.54383e-37,1.55088e-35,1.86917e-35,2.89638e-33,6.53972e-32,1.27803e-34,2.60282e-33,3.12392e-33
6.04370e-40,1.40225e-38,2.60146e-41,5.57625e-40,6.37969e-40,1.07297e-37,2.47367e-36,4.64583e-39,9.91314e-38,1.13144e-37,1.86917e-35,4.27103e-34,8.15951e-37,1.72973e-35,1.96860e-35,3.12392e-33,7.04494e-32,1.37994e-34,2.89638e-33,3.28536e-33
6.37969e-40,1.47937e-38,2.74746e-41,6.04370e-40,6.58190e-40,1.13144e-37,2.60670e-36,4.90200e-39,1.07297e-37,1.16654e-37,1.96860e-35,4.49456e-34,8.59980e-37,1.86917e-35,2.02808e-35,3.28536e-33,7.40195e-32,1.45249e-34,3.12392e-33,3.38157e-33
6.58190e-40,1.52571e-38,2.83545e-41,6.37969e-40,6.64943e-40,1.16654e-37,2.68639e-36,5.05602e-39,1.13144e-37,1.17824e-37,2.02808e-35,4.62796e-34,8.86377e-37,1.96860e-35,2.04788e-35,3.38157e-33,7.61408e-32,1.49585e-34,3.28536e-33,3.41351e-33
6.64943e-40,1.54117e-38,2.86486e-41,6.58190e-40,6.58203e-40,1.17824e-37,2.71292e-36,5.10741e-39,1.16654e-37,1.16655e-37,2.04788e-35,4.67229e-34,8.95171e-37,2.02808e-35,2.02810e-35,3.41351e-33,7.68441e-32,1.51026e-34,3.38157e-33,3.38159e-33
6.58203e-40,1.52574e-38,2.83551e-41,6.64943e-40,6.37994e-40,1.16655e-37,2.68642e-36,5.05609e-39,1.17824e-37,1.13147e-37,2.02810e-35,4.62800e-34,8.86386e-37,2.04788e-35,1.96864e-35,3.38159e-33,7.61412e-32,1.49586e-34,3.41351e-33,3.28539e-33
6.37994e-40,1.47943e-38,2.74757e-41,6.58203e-40,6.04406e-40,1.13147e-37,2.60677e-36,4.90215e-39,1.16655e-37,1.07301e-37,1.96864e-35,4.49464e-34,8.59997e-37,2.02810e-35,1.86923e-35,3.28539e-33,7.40202e-32,1.45251e-34,3.38159e-33,3.12397e-33
6.04406e-40,1.40233e-38,2.60162e-41,6.37994e-40,5.57669e-40,1.07301e-37,2.47377e-36,4.64604e-39,1.13147e-37,9.91368e-38,1.86923e-35,4.27113e-34,8.15975e-37,1.96864e-35,1.72980e-35,3.12397e-33,7.04504e-32,1.37996e-34,3.28539e-33,2.89644e-33
5.57669e-40,1.29482e-38,2.39891e-41,6.04406e-40,4.98242e-40,9.91368e-38,2.28751e-36,4.28921e-39,1.07301e-37,8.87131e-38,1.72980e-35,3.95663e-34,7.54413e-37,1.86923e-35,1.55095e-35,2.89644e-33,6.53984e-32,1.27806e-34,3.12397e-33,2.60289e-33
4.98242e-40,1.15777e-38,2.14175e-41,5.57669e-40,4.26923e-40,8.87131e-38,2.04898e-36,3.83490e-39,9.91368e-38,7.61547e-38,1.55095e-35,3.55166e-34,6.75709e-37,1.72980e-35,1.33447e-35,2.60289e-33,5.88509e-32,1.14712e-34,2.89644e-33,2.24550e-33
4.26923e-40,9.92857e-39,1.83383e-41,4.98242e-40,3.44933e-40,7.61547e-38,1.76068e-36,3.28910e-39,8.87131e-38,6.16758e-38,1.33447e-35,3.05958e-34,5.80776e-37,1.55095e-35,1.08388e-35,2.24550e-33,5.08418e-32,9.88367e-35,2.60289e-33,1.82943e-33
3.44933e-40,8.02802e-39,1.48062e-41,4.26923e-40,2.53965e-40,6.16758e-38,1.42726e-36,2.66153e-39,7.61547e-38,4.56015e-38,1.08388e-35,2.48784e-34,4.71242e-37,1.33447e-35,8.04753e-36,1.82943e-33,4.14769e-32,8.04267e-35,2.24550e-33,1.36345e-33
2.53965e-40,5.91480e-39,1.08948e-41,3.44933e-40,1.56175e-40,4.56015e-38,1.05614e-36,1.96644e-39,6.16758e-38,2.83888e-38,8.04753e-36,1.84896e-34,3.49579e-37,1.08388e-35,5.04759e-36,1.36345e-33,3.09490e-32,5.98774e-35,1.82943e-33,8.59863e-34
1.56175e-40,3.63935e-39,6.69631e-42,2.53965e-40,5.42724e-41,2.83888e-38,6.57921e-37,1.22347e-39,4.56015e-38,1.07667e-38,5.04759e-36,1.16065e-34,2.19105e-37,8.04753e-36,1.99803e-36,8.59863e-34,1.95384e-32,3.77264e-35,1.36345e-33,3.44633e-34
6.69514e-42,1.56150e-40,2.86834e-43,2.32453e-42,1.08931e-41,1.22332e-39,2.83857e-38,5.26609e-41,4.63621e-40,1.96622e-39,2.19088e-37,5.04723e-36,9.49375e-39,8.66268e-38,3.49554e-37,3.77246e-35,8.59826e-34,1.65065e-36,1.50944e-35,5.98747e-35
1.08931e-41,2.53927e-40,4.66901e-43,6.69514e-42,1.48041e-41,1.96622e-39,4.55968e-38,8.46859e-41,1.22332e-39,2.66127e-39,3.49554e-37,8.04701e-36,1.51571e-38,2.19088e-37,4.71211e-37,5.98747e-35,1.36340e-33,2.62203e-36,3.77246e-35,8.04234e-35
1.48041e-41,3.44887e-40,6.34879e-43,1.08931e-41,1.83360e-41,2.66127e-39,6.16702e-38,1.14696e-40,1.96622e-39,3.28881e-39,4.71211e-37,1.08382e-35,2.04484e-38,3.49554e-37,5.80742e-37,8.04234e-35,1.82937e-33,3.52525e-36,5.98747e-35,9.88331e-35
1.83360e-41,4.26873e-40,7.86834e-43,1.48041e-41,2.14152e-41,3.28881e-39,7.61486e-38,1.41849e-40,2.66127e-39,3.83461e-39,5.80742e-37,1.33440e-35,2.52242e-38,4.71211e-37,6.75675e-37,9.88331e-35,2.24543e-33,4.33688e-36,8.04234e-35,1.14709e-34
2.14152e-41,4.98193e-40,9.19571e-43,1.83360e-41,2.39871e-41,3.83461e-39,8.87071e-38,1.65521e-40,3.28881e-39,4.28896e-39,6.75675e-37,1.55088e-35,2.93756e-38,5.80742e-37,7.54383e-37,1.14709e-34,2.60282e-33,5.03923e-36,9.88331e-35,1.27803e-34
2.39871e-41,5.57625e-40,1.03067e-42,2.14152e-41,2.60146e-41,4.28896e-39,9.91314e-38,1.85276e-40,3.83461e-39,4.64583e-39,7.54383e-37,1.72973e-35,3.28281e-38,6.75675e-37,8.15951e-37,1.27803e-34,2.89638e-33,5.62066e-36,1.14709e-34,1.37994e-34
2.60146e-41,6.04370e-40,1.11842e-42,2.39871e-41,2.74746e-41,4.64583e-39,1.07297e-37,2.00831e-40,4.28896e-39,4.90200e-39,8.15951e-37,1.86917e-35,3.55367e-38,7.54383e-37,8.59980e-37,1.37994e-34,3.12392e-33,6.07478e-36,1.27803e-34,1.45249e-34
2.74746e-41,6.37969e-40,1.18172e-42,2.60146e-41,2.83545e-41,4.90200e-39,1.13144e-37,2.12020e-40,4.64583e-39,5.05602e-39,8.59980e-37,1.96860e-35,3.74786e-38,8.15951e-37,8.86377e-37,1.45249e-34,3.28536e-33,6.39910e-36,1.37994e-34,1.49585e-34
2.83545e-41,6.58190e-40,1.21992e-42,2.74746e-41,2.86486e-41,5.05602e-39,1.16654e-37,2.18757e-40,4.90200e-39,5.10741e-39,8.86377e-37,2.02808e-35,3.86451e-38,8.59980e-37,8.95171e-37,1.49585e-34,3.38157e-33,6.59335e-36,1.45249e-34,1.51026e-34
2.86486e-41,6.64943e-40,1.23269e-42,2.83545e-41,2.83551e-41,5.10741e-39,1.17824e-37,2.21008e-40,5.05602e-39,5.05609e-39,8.95171e-37,2.04788e-35,3.90341e-38,8.86377e-37,8.86386e-37,1.51026e-34,3.41351e-33,6.65801e-36,1.49585e-34,1.49586e-34
2.83551e-41,6.58203e-40,1.21994e-42,2.86486e-41,2.74757e-41,5.05609e-39,1.16655e-37,2.18761e-40,5.10741e-39,4.90215e-39,8.86386e-37,2.02810e-35,3.86456e-38,8.95171e-37,8.59997e-37,1.49586e-34,3.38159e-33,6.59339e-36,1.51026e-34,1.45251e-34
2.74757e-41,6.37994e-40,1.18177e-42,2.83551e-41,2.60162e-41,4.90215e-39,1.13147e-37,2.12027e-40,5.05609e-39,4.64604e-39,8.59997e-37,1.96864e-35,3.74795e-38,8.86386e-37,8.15975e-37,1.45251e-34,3.28539e-33,6.39920e-36,1.49586e-34,1.37996e-34
2.60162e-41,6.04406e-40,1.11850e-42,2.74757e-41,2.39891e-41,4.64604e-39,1.07301e-37,2.00841e-40,4.90215e-39,4.28921e-39,8.15975e-37,1.86923e-35,3.55378e-38,8.59997e-37,7.54413e-37,1.37996e-34,3.12397e-33,6.07491e-36,1.45251e-34,1.27806e-34
2.39891e-41,5.57669e-40,1.03076e-42,2.60162e-41,2.14175e-41,4.28921e-39,9.91368e-38,1.85288e-40,4.64604e-39,3.83490e-39,7.54413e-37,1.72980e-35,3.28295e-38,8.15975e-37,6.75709e-37,1.27806e-34,2.89644e-33,5.62082e-36,1.37996e-34,1.14712e-34
2.14175e-41,4.98242e-40,9.19676e-43,2.39891e-41,1.83383e-41,3.83490e-39,8.87131e-38,1.65534e-40,4.28921e-39,3.28910e-39,6.75709e-37,1.55095e-35,2.93772e-38,7.54413e-37,5.80776e-37,1.14712e-34,2.60289e-33,5.03941e-36,1.27806e-34,9.88367e-35
1.83383e-41,4.26923e-40,7.86941e-43,2.14175e-41,1.48062e-41,3.28910e-39,7.61547e-38,1.41862e-40,3.83490e-39,2.66153e-39,5.80776e-37,1.33447e-35,2.52259e-38,6.75709e-37,4.71242e-37,9.88367e-35,2.24550e-33,4.33706e-36,1.14712e-34,8.04267e-35
1.48062e-41,3.44933e-40,6.34978e-43,1.83383e-41,1.08948e-41,2.66153e-39,6.16758e-38,1.14709e-40,3.28910e-39,1.96644e-39,4.71242e-37,1.08388e-35,2.04499e-38,5.80776e-37,3.49579e-37,8.04267e-35,1.82943e-33,3.52541e-36,9.88367e-35,5.98774e-35
1.08948e-41,2.53965e-40,4.66982e-43,1.48062e-41,6.69631e-42,1.96644e-39,4.56015e-38,8.46960e-41,2.66153e-39,1.22347e-39,3.49579e-37,8.04753e-36,1.51584e-38,4.71242e-37,2.19105e-37,5.98774e-35,1.36345e-33,2.62216e-36,8.04267e-35,3.77264e-35
6.69631e-42,1.56175e-40,2.86888e-43,1.08948e-41,2.32497e-42,1.22347e-39,2.83888e-38,5.26676e-41,1.96644e-39,4.63680e-40,2.19105e-37,5.04759e-36,9.49456e-39,3.49579e-37,8.66341e-38,3.77264e-35,8.59863e-34,1.65074e-36,5.98774e-35,1.50952e-35
2.86834e-43,6.69514e-42,1.22792e-44,9.95044e-44,4.66901e-43,5.26609e-41,1.22332e-39,2.26450e-42,1.99445e-41,8.46859e-41,9.49375e-39,2.19088e-37,4.10747e-40,3.75002e-39,1.51571e-38,1.65065e-36,3.77246e-35,7.20477e-38,6.59455e-37,2.62203e-36
4.66901e-43,1.08931e-41,1.99962e-44,2.86834e-43,6.34879e-43,8.46859e-41,1.96622e-39,3.64338e-42,5.26609e-41,1.14696e-40,1.51571e-38,3.49554e-37,6.56159e-40,9.49375e-39,2.04484e-38,2.62203e-36,5.98747e-35,1.14532e-37,1.65065e-36,3.52525e-36
6.34879e-43,1.48041e-41,2.72036e-44,4.66901e-43,7.86834e-43,1.14696e-40,2.66127e-39,4.93737e-42,8.46859e-41,1.41849e-40,2.04484e-38,4.71211e-37,8.85842e-40,1.51571e-38,2.52242e-38,3.52525e-36,8.04234e-35,1.54117e-37,2.62203e-36,4.33688e-36
7.86834e-43,1.83360e-41,3.37333e-44,6.34879e-43,9.19571e-43,1.41849e-40,3.28881e-39,6.11030e-42,1.14696e-40,1.65521e-40,2.52242e-38,5.80742e-37,1.09361e-39,2.04484e-38,2.93756e-38,4.33688e-36,9.88331e-35,1.89783e-37,3.52525e-36,5.03923e-36
9.19571e-43,2.14152e-41,3.94471e-44,7.86834e-43,1.03067e-42,1.65521e-40,3.83461e-39,7.13506e-42,1.41849e-40,1.85276e-40,2.93756e-38,6.75675e-37,1.27469e-39,2.52242e-38,3.28281e-38,5.03923e-36,1.14709e-34,2.20743e-37,4.33688e-36,5.62066e-36
1.03067e-42,2.39871e-41,4.42381e-44,9.19571e-43,1.11842e-42,1.85276e-40,4.28896e-39,7.99218e-42,1.65521e-40,2.00831e-40,3.28281e-38,7.54383e-37,1.42568e-39,2.93756e-38,3.55367e-38,5.62066e-36,1.27803e-34,2.46456e-37,5.03923e-36,6.07478e-36
1.11842e-42,2.60146e-41,4.80289e-44,1.03067e-42,1.18172e-42,2.00831e-40,4.64583e-39,8.66850e-42,1.85276e-40,2.12020e-40,3.55367e-38,8.15951e-37,1.54446e-39,3.28281e-38,3.74786e-38,6.07478e-36,1.37994e-34,2.66602e-37,5.62066e-36,6.39910e-36
1.18172e-42,2.74746e-41,5.07674e-44,1.11842e-42,1.21992e-42,2.12020e-40,4.90200e-39,9.15588e-42,2.00831e-40,2.18757e-40,3.74786e-38,8.59980e-37,1.62980e-39,3.55367e-38,3.86451e-38,6.39910e-36,1.45249e-34,2.81029e-37,6.07478e-36,6.59335e-36
1.21992e-42,2.83545e-41,5.24219e-44,1.18172e-42,1.23269e-42,2.18757e-40,5.05602e-39,9.44976e-42,2.12020e-40,2.21008e-40,3.86451e-38,8.86377e-37,1.68116e-39,3.74786e-38,3.90341e-38,6.59335e-36,1.49585e-34,2.89688e-37,6.39910e-36,6.65801e-36
1.23269e-42,2.86486e-41,5.29755e-44,1.21992e-42,1.21994e-42,2.21008e-40,5.10741e-39,9.54799e-42,2.18757e-40,2.18761e-40,3.90341e-38,8.95171e-37,1.69830e-39,3.86451e-38,3.86456e-38,6.65801e-36,1.51026e-34,2.92574e-37,6.59335e-36,6.59339e-36
1.21994e-42,2.83551e-41,5.24232e-44,1.23269e-42,1.18177e-42,2.18761e-40,5.05609e-39,9.44993e-42,2.21008e-40,2.12027e-40,3.86456e-38,8.86386e-37,1.68118e-39,3.90341e-38,3.74795e-38,6.59339e-36,1.49586e-34,2.89690e-37,6.65801e-36,6.39920e-36
1.18177e-42,2.74757e-41,5.07700e-44,1.21994e-42,1.11850e-42,2.12027e-40,4.90215e-39,9.15620e-42,2.18761e-40,2.00841e-40,3.74795e-38,8.59997e-37,1.62984e-39,3.86456e-38,3.55378e-38,6.39920e-36,1.45251e-34,2.81034e-37,6.59339e-36,6.07491e-36
1.11850e-42,2.60162e-41,4.80325e-44,1.18177e-42,1.03076e-42,2.00841e-40,4.64604e-39,8.66895e-42,2.12027e-40,1.85288e-40,3.55378e-38,8.15975e-37,1.54451e-39,3.74795e-38,3.28295e-38,6.07491e-36,1.37996e-34,2.66609e-37,6.39920e-36,5.62082e-36
1.03076e-42,2.39891e-41,4.42425e-44,1.11850e-42,9.19676e-43,1.85288e-40,4.28921e-39,7.99273e-42,2.00841e-40,1.65534e-40,3.28295e-38,7.54413e-37,1.42575e-39,3.55378e-38,2.93772e-38,5.62082e-36,1.27806e-34,2.46463e-37,6.07491e-36,5.03941e-36
9.19676e-43,2.14175e-41,3.94520e-44,1.03076e-42,7.86941e-43,1.65534e-40,3.83490e-39,7.13568e-42,1.85288e-40,1.41862e-40,2.93772e-38,6.75709e-37,1.27476e-39,3.28295e-38,2.52259e-38,5.03941e-36,1.14712e-34,2.20751e-37,5.62082e-36,4.33706e-36
7.86941e-43,1.83383e-41,3.37383e-44,9.19676e-43,6.34978e-43,1.41862e-40,3.28910e-39,6.11092e-42,1.65534e-40,1.14709e-40,2.52259e-38,5.80776e-37,1.09369e-39,2.93772e-38,2.04499e-38,4.33706e-36,9.88367e-35,1.89792e-37,5.03941e-36,3.52541e-36
6.34978e-43,1.48062e-41,2.72082e-44,7.86941e-43,4.66982e-43,1.14709e-40,2.66153e-39,4.93794e-42,1.41862e-40,8.46960e-41,2.04499e-38,4.71242e-37,8.85912e-40,2.52259e-38,1.51584e-38,3.52541e-36,8.04267e-35,1.54125e-37,4.33706e-36,2.62216e-36
4.66982e-43,1.08948e-41,2.00000e-44,6.34978e-43,2.86888e-43,8.46960e-41,1.96644e-39,3.64384e-42,1.14709e-40,5.26676e-41,1.51584e-38,3.49579e-37,6.56216e-40,2.04499e-38,9.49456e-39,2.62216e-36,5.98774e-35,1.14539e-37,3.52541e-36,1.65074e-36
2.86888e-43,6.69631e-42,1.22817e-44,4.66982e-43,9.95250e-44,5.26676e-41,1.22347e-39,2.26481e-42,8.46960e-41,1.99472e-41,9.49456e-39,2.19105e-37,4.10785e-40,1.51584e-38,3.75037e-39,1.65074e-36,3.77264e-35,7.20521e-38,2.62216e-36,6.59494e-37
1.22792e-44,2.86834e-43,5.25280e-46,4.25635e-45,1.99962e-44,2.26450e-42,5.26609e-41,9.72794e-44,8.57118e-43,3.64338e-42,4.10747e-40,9.49375e-39,1.77452e-41,1.62095e-40,6.56159e-40,7.20477e-38,1.65065e-36,3.13778e-39,2.87445e-38,1.14532e-37
1.99962e-44,4.66901e-43,8.55731e-46,1.22792e-44,2.72036e-44,3.64338e-42,8.46859e-41,1.56582e-43,2.26450e-42,4.93737e-42,6.56159e-40,1.51571e-38,2.83625e-41,4.10747e-40,8.85842e-40,1.14532e-37,2.62203e-36,4.99141e-39,7.20477e-38,1.54117e-37
2.72036e-44,6.34879e-43,1.16468e-45,1.99962e-44,3.37333e-44,4.93737e-42,1.14696e-40,2.12305e-43,3.64338e-42,6.11030e-42,8.85842e-40,2.04484e-38,3.83147e-41,6.56159e-40,1.09361e-39,1.54117e-37,3.52525e-36,6.72170e-39,1.14532e-37,1.89783e-37
3.37333e-44,7.86834e-43,1.44495e-45,2.72036e-44,3.94471e-44,6.11030e-42,1.41849e-40,2.62898e-43,4.93737e-42,7.13506e-42,1.09361e-39,2.52242e-38,4.73354e-41,8.85842e-40,1.27469e-39,1.89783e-37,4.33688e-36,8.28440e-39,1.54117e-37,2.20743e-37
3.94471e-44,9.19571e-43,1.69058e-45,3.37333e-44,4.42381e-44,7.13506e-42,1.65521e-40,3.07183e-43,6.11030e-42,7.99218e-42,1.27469e-39,2.93756e-38,5.52150e-41,1.09361e-39,1.42568e-39,2.20743e-37,5.03923e-36,9.64462e-39,1.89783e-37,2.46456e-37
4.42381e-44,1.03067e-42,1.89688e-45,3.94471e-44,4.80289e-44,7.99218e-42,1.85276e-40,3.44297e-43,7.13506e-42,8.66850e-42,1.42568e-39,3.28281e-38,6.18015e-41,1.27469e-39,1.54446e-39,2.46456e-37,5.62066e-36,1.07776e-38,2.20743e-37,2.66602e-37
4.80289e-44,1.11842e-42,2.06035e-45,4.42381e-44,5.07674e-44,8.66850e-42,2.00831e-40,3.73637e-43,7.99218e-42,9.15588e-42,1.54446e-39,3.55367e-38,6.69944e-41,1.42568e-39,1.62980e-39,2.66602e-37,6.07478e-36,1.16678e-38,2.46456e-37,2.81029e-37
5.07674e-44,1.18172e-42,2.17861e-45,4.80289e-44,5.24219e-44,9.15588e-42,2.12020e-40,3.94815e-43,8.66850e-42,9.44976e-42,1.62980e-39,3.74786e-38,7.07334e-41,1.54446e-39,1.68116e-39,2.81029e-37,6.39910e-36,1.23068e-38,2.66602e-37,2.89688e-37
5.24219e-44,1.21992e-42,2.25012e-45,5.07674e-44,5.29755e-44,9.44976e-42,2.18757e-40,4.07601e-43,9.15588e-42,9.54799e-42,1.68116e-39,3.86451e-38,7.29864e-41,1.62980e-39,1.69830e-39,2.89688e-37,6.59335e-36,1.26910e-38,2.81029e-37,2.92574e-37
5.29755e-44,1.23269e-42,2.27406e-45,5.24219e-44,5.24232e-44,9.54799e-42,2.21008e-40,4.11877e-43,9.44976e-42,9.44993e-42,1.69830e-39,3.90341e-38,7.37390e-41,1.68116e-39,1.68118e-39,2.92574e-37,6.65801e-36,1.28192e-38,2.89688e-37,2.89690e-37
5.24232e-44,1.21994e-42,2.25018e-45,5.29755e-44,5.07700e-44,9.44993e-42,2.18761e-40,4.07608e-43,9.54799e-42,9.15620e-42,1.68118e-39,3.86456e-38,7.29874e-41,1.69830e-39,1.62984e-39,2.89690e-37,6.59339e-36,1.26911e-38,2.92574e-37,2.81034e-37
5.07700e-44,1.18177e-42,2.17873e-45,5.24232e-44,4.80325e-44,9.15620e-42,2.12027e-40,3.94830e-43,9.44993e-42,8.66895e-42,1.62984e-39,3.74795e-38,7.07353e-41,1.68118e-39,1.54451e-39,2.81034e-37,6.39920e-36,1.23070e-38,2.89690e-37,2.66609e-37
4.80325e-44,1.11850e-42,2.06052e-45,5.07700e-44,4.42425e-44,8.66895e-42,2.00841e-40,3.73658e-43,9.15620e-42,7.99273e-42,1.54451e-39,3.55378e-38,6.69971e-41,1.62984e-39,1.42575e-39,2.66609e-37,6.07491e-36,1.16681e-38,2.81034e-37,2.46463e-37
4.42425e-44,1.03076e-42,1.89708e-45,4.80325e-44,3.94520e-44,7.99273e-42,1.85288e-40,3.44323e-43,8.66895e-42,7.13568e-42,1.42575e-39,3.28295e-38,6.18047e-41,1.54451e-39,1.27476e-39,2.46463e-37,5.62082e-36,1.07780e-38,2.66609e-37,2.20751e-37
3.94520e-44,9.19676e-43,1.69081e-45,4.42425e-44,3.37383e-44,7.13568e-42,1.65534e-40,3.07212e-43,7.99273e-42,6.11092e-42,1.27476e-39,2.93772e-38,5.52185e-41,1.42575e-39,1.09369e-39,2.20751e-37,5.03941e-36,9.64503e-39,2.46463e-37,1.89792e-37
3.37383e-44,7.86941e-43,1.44518e-45,3.94520e-44,2.72082e-44,6.11092e-42,1.41862e-40,2.62926e-43,7.13568e-42,4.93794e-42,1.09369e-39,2.52259e-38,4.73390e-41,1.27476e-39,8.85912e-40,1.89792e-37,4.33706e-36,8.28482e-39,2.20751e-37,1.54125e-37
2.72082e-44,6.34978e-43,1.16489e-45,3.37383e-44,2.00000e-44,4.93794e-42,1.14709e-40,2.12331e-43,6.11092e-42,3.64384e-42,8.85912e-40,2.04499e-38,3.83180e-41,1.09369e-39,6.56216e-40,1.54125e-37,3.52541e-36,6.72208e-39,1.89792e-37,1.14539e-37
2.00000e-44,4.66982e-43,8.55908e-46,2.72082e-44,1.22817e-44,3.64384e-42,8.46960e-41,1.56604e-43,4.93794e-42,2.26481e-42,6.56216e-40,1.51584e-38,2.83652e-41,8.85912e-40,4.10785e-40,1.14539e-37,2.62216e-36,4.99172e-39,1.54125e-37,7.20521e-38
1.22817e-44,2.86888e-43,5.25398e-46,2.00000e-44,4.25731e-45,2.26481e-42,5.26676e-41,9.72938e-44,3.64384e-42,8.57243e-43,4.10785e-40,9.49456e-39,1.77470e-41,6.56216e-40,1.62111e-40,7.20521e-38,1.65074e-36,3.13799e-39,1.14539e-37,2.87464e-38
5.25280e-46,1.22792e-44,2.24547e-47,1.81942e-46,8.55731e-46,9.72794e-44,2.26450e-42,4.17502e-45,3.67994e-44,1.56582e-43,1.77452e-41,4.10747e-40,7.65602e-43,6.99692e-42,2.83625e-41,3.13778e-39,7.20477e-38,1.36379e-40,1.25031e-39,4.99141e-39
8.55731e-46,1.99962e-44,3.65938e-47,5.25280e-46,1.16468e-45,1.56582e-43,3.64338e-42,6.72280e-45,9.72794e-44,2.12305e-43,2.83625e-41,6.56159e-40,1.22426e-42,1.77452e-41,3.83147e-41,4.99141e-39,1.14532e-37,2.17077e-40,3.13778e-39,6.72170e-39
1.16468e-45,2.72036e-44,4.98249e-47,8.55731e-46,1.44495e-45,2.12305e-43,4.93737e-42,9.11952e-45,1.56582e-43,2.62898e-43,3.83147e-41,8.85842e-40,1.65478e-42,2.83625e-41,4.73354e-41,6.72170e-39,1.54117e-37,2.92528e-40,4.99141e-39,8.28440e-39
1.44495e-45,3.37333e-44,6.18424e-47,1.16468e-45,1.69058e-45,2.62898e-43,6.11030e-42,1.12988e-44,2.12305e-43,3.07183e-43,4.73354e-41,1.09361e-39,2.04569e-42,3.83147e-41,5.52150e-41,8.28440e-39,1.89783e-37,3.60816e-40,6.72170e-39,9.64462e-39
1.69058e-45,3.94471e-44,7.23890e-47,1.44495e-45,1.89688e-45,3.07183e-43,7.13506e-42,1.32095e-44,2.62898e-43,3.44297e-43,5.52150e-41,1.27469e-39,2.38785e-42,4.73354e-41,6.18015e-41,9.64462e-39,2.20743e-37,4.20401e-40,8.28440e-39,1.07776e-38
1.89688e-45,4.42381e-44,8.12592e-47,1.69058e-45,2.06035e-45,3.44297e-43,7.99218e-42,1.48137e-44,3.07183e-43,3.73637e-43,6.18015e-41,1.42568e-39,2.67447e-42,5.52150e-41,6.69944e-41,1.07776e-38,2.46456e-37,4.70159e-40,9.64462e-39,1.16678e-38
2.06035e-45,4.80289e-44,8.82978e-47,1.89688e-45,2.17861e-45,3.73637e-43,8.66850e-42,1.60839e-44,3.44297e-43,3.94815e-43,6.69944e-41,1.54446e-39,2.90091e-42,6.18015e-41,7.07334e-41,1.16678e-38,2.66602e-37,5.09352e-40,1.07776e-38,1.23068e-38
2.17861e-45,5.07674e-44,9.33953e-47,2.06035e-45,2.25012e-45,3.94815e-43,9.15588e-42,1.70021e-44,3.73637e-43,4.07601e-43,7.07334e-41,1.62980e-39,3.06423e-42,6.69944e-41,7.29864e-41,1.23068e-38,2.81029e-37,5.37546e-40,1.16678e-38,1.26910e-38
2.25012e-45,5.24219e-44,9.64806e-47,2.17861e-45,2.27406e-45,4.07601e-43,9.44976e-42,1.75571e-44,3.94815e-43,4.11877e-43,7.29864e-41,1.68116e-39,3.16277e-42,7.07334e-41,7.37390e-41,1.26910e-38,2.89688e-37,5.54523e-40,1.23068e-38,1.28192e-38
2.27406e-45,5.29755e-44,9.75142e-47,2.25012e-45,2.25018e-45,4.11877e-43,9.54799e-42,1.77428e-44,4.07601e-43,4.07608e-43,7.37390e-41,1.69830e-39,3.19571e-42,7.29864e-41,7.29874e-41,1.28192e-38,2.92574e-37,5.60191e-40,1.26910e-38,1.26911e-38
2.25018e-45,5.24232e-44,9.64835e-47,2.27406e-45,2.17873e-45,4.07608e-43,9.44993e-42,1.75574e-44,4.11877e-43,3.94830e-43,7.29874e-41,1.68118e-39,3.16282e-42,7.37390e-41,7.07353e-41,1.26911e-38,2.89690e-37,5.54528e-40,1.28192e-38,1.23070e-38
2.17873e-45,5.07700e-44,9.34010e-47,2.25018e-45,2.06052e-45,3.94830e-43,9.15620e-42,1.70028e-44,4.07608e-43,3.73658e-43,7.07353e-41,1.62984e-39,3.06432e-42,7.29874e-41,6.69971e-41,1.23070e-38,2.81034e-37,5.37556e-40,1.26911e-38,1.16681e-38
2.06052e-45,4.80325e-44,8.83058e-47,2.17873e-45,1.89708e-45,3.73658e-43,8.66895e-42,1.60849e-44,3.94830e-43,3.44323e-43,6.69971e-41,1.54451e-39,2.90103e-42,7.07353e-41,6.18047e-41,1.16681e-38,2.66609e-37,5.09367e-40,1.23070e-38,1.07780e-38
1.89708e-45,4.42425e-44,8.12690e-47,2.06052e-45,1.69081e-45,3.44323e-43,7.99273e-42,1.48149e-44,3.73658e-43,3.07212e-43,6.18047e-41,1.42575e-39,2.67462e-42,6.69971e-41,5.52185e-41,1.07780e-38,2.46463e-37,4.70177e-40,1.16681e-38,9.64503e-39
1.69081e-45,3.94520e-44,7.23998e-47,1.89708e-45,1.44518e-45,3.07212e-43,7.13568e-42,1.32109e-44,3.44323e-43,2.62926e-43,5.52185e-41,1.27476e-39,2.38802e-42,6.18047e-41,4.73390e-41,9.64503e-39,2.20751e-37,4.20421e-40,1.07780e-38,8.28482e-39
1.44518e-45,3.37383e-44,6.18534e-47,1.69081e-45,1.16489e-45,2.62926e-43,6.11092e-42,1.13001e-44,3.07212e-43,2.12331e-43,4.73390e-41,1.09369e-39,2.04586e-42,5.52185e-41,3.83180e-41,8.28482e-39,1.89792e-37,3.60836e-40,9.64503e-39,6.72208e-39
1.16489e-45,2.72082e-44,4.98350e-47,1.44518e-45,8.55908e-46,2.12331e-43,4.93794e-42,9.12075e-45,2.62926e-43,1.56604e-43,3.83180e-41,8.85912e-40,1.65493e-42,4.73390e-41,2.83652e-41,6.72208e-39,1.54125e-37,2.92546e-40,8.28482e-39,4.99172e-39
8.55908e-46,2.00000e-44,3.66020e-47,1.16489e-45,5.25398e-46,1.56604e-43,3.64384e-42,6.72380e-45,2.12331e-43,9.72938e-44,2.83652e-41,6.56216e-40,1.22439e-42,3.83180e-41,1.77470e-41,4.99172e-39,1.14539e-37,2.17091e-40,6.72208e-39,3.13799e-39
5.25398e-46,1.22817e-44,2.24602e-47,8.55908e-46,1.81987e-46,9.72938e-44,2.26481e-42,4.17568e-45,1.56604e-43,3.68052e-44,1.77470e-41,4.10785e-40,7.65685e-43,2.83652e-41,6.99767e-42,3.13799e-39,7.20521e-38,1.36389e-40,4.99172e-39,1.25040e-39
2.24547e-47,5.25280e-46,9.59252e-49,7.77216e-48,3.65938e-47,4.17502e-45,9.72794e-44,1.79022e-46,1.57851e-45,6.72280e-45,7.65602e-43,1.77452e-41,3.29900e-44,3.01640e-43,1.22426e-42,1.36379e-40,3.13778e-39,5.91665e-42,5.42817e-41,2.17077e-40
3.65938e-47,8.55731e-46,1.56377e-48,2.24547e-47,4.98249e-47,6.72280e-45,1.56582e-43,2.88372e-46,4.17502e-45,9.11952e-45,1.22426e-42,2.83625e-41,5.27764e-44,7.65602e-43,1.65478e-42,2.17077e-40,4.99141e-39,9.42275e-42,1.36379e-40,2.92528e-40
4.98249e-47,1.16468e-45,2.12992e-48,3.65938e-47,6.18424e-47,9.11952e-45,2.12305e-43,3.91343e-46,6.72280e-45,1.12988e-44,1.65478e-42,3.83147e-41,7.13716e-44,1.22426e-42,2.04569e-42,2.92528e-40,6.72170e-39,1.27057e-41,2.17077e-40,3.60816e-40
6.18424e-47,1.44495e-45,2.64470e-48,4.98249e-47,7.23890e-47,1.12988e-44,2.62898e-43,4.85093e-46,9.11952e-45,1.32095e-44,2.04569e-42,4.73354e-41,8.82830e-44,1.65478e-42,2.38785e-42,3.60816e-40,8.28440e-39,1.56826e-41,2.92528e-40,4.20401e-40
7.23890e-47,1.69058e-45,3.09702e-48,6.18424e-47,8.12592e-47,1.32095e-44,3.07183e-43,5.67415e-46,1.12988e-44,1.48137e-44,2.38785e-42,5.52150e-41,1.03112e-43,2.04569e-42,2.67447e-42,4.20401e-40,9.64462e-39,1.82858e-41,3.60816e-40,4.70159e-40
8.12592e-47,1.89688e-45,3.47792e-48,7.23890e-47,8.82978e-47,1.48137e-44,3.44297e-43,6.36634e-46,1.32095e-44,1.60839e-44,2.67447e-42,6.18015e-41,1.15557e-43,2.38785e-42,2.90091e-42,4.70159e-40,1.07776e-38,2.04646e-41,4.20401e-40,5.09352e-40
8.82978e-47,2.06035e-45,3.78054e-48,8.12592e-47,9.33953e-47,1.60839e-44,3.73637e-43,6.91528e-46,1.48137e-44,1.70021e-44,2.90091e-42,6.69944e-41,1.25407e-43,2.67447e-42,3.06423e-42,5.09352e-40,1.16678e-38,2.21845e-41,4.70159e-40,5.37546e-40
9.33953e-47,2.17861e-45,3.99993e-48,8.82978e-47,9.64806e-47,1.70021e-44,3.94815e-43,7.31257e-46,1.60839e-44,1.75571e-44,3.06423e-42,7.07334e-41,1.32522e-43,2.90091e-42,3.16277e-42,5.37546e-40,1.23068e-38,2.34241e-41,5.09352e-40,5.54523e-40
9.64806e-47,2.25012e-45,4.13281e-48,9.33953e-47,9.75142e-47,1.75571e-44,4.07601e-43,7.55290e-46,1.70021e-44,1.77428e-44,3.16277e-42,7.29864e-41,1.36820e-43,3.06423e-42,3.19571e-42,5.54523e-40,1.26910e-38,2.41716e-41,5.37546e-40,5.60191e-40
9.75142e-47,2.27406e-45,4.17735e-48,9.64806e-47,9.64835e-47,1.77428e-44,4.11877e-43,7.63337e-46,1.75571e-44,1.75574e-44,3.19571e-42,7.37390e-41,1.38258e-43,3.16277e-42,3.16282e-42,5.60191e-40,1.28192e-38,2.44213e-41,5.54523e-40,5.54528e-40
9.64835e-47,2.25018e-45,4.13295e-48,9.75142e-47,9.34010e-47,1.75574e-44,4.07608e-43,7.55307e-46,1.77428e-44,1.70028e-44,3.16282e-42,7.29874e-41,1.36823e-43,3.19571e-42,3.06432e-42,5.54528e-40,1.26911e-38,2.41718e-41,5.60191e-40,5.37556e-40
9.34010e-47,2.17873e-45,4.00020e-48,9.64835e-47,8.83058e-47,1.70028e-44,3.94830e-43,7.31290e-46,1.75574e-44,1.60849e-44,3.06432e-42,7.07353e-41,1.32527e-43,3.16282e-42,2.90103e-42,5.37556e-40,1.23070e-38,2.34246e-41,5.54528e-40,5.09367e-40
8.83058e-47,2.06052e-45,3.78092e-48,9.34010e-47,8.12690e-47,1.60849e-44,3.73658e-43,6.91574e-46,1.70028e-44,1.48149e-44,2.90103e-42,6.69971e-41,1.25413e-43,3.06432e-42,2.67462e-42,5.09367e-40,1.16681e-38,2.21853e-41,5.37556e-40,4.70177e-40
8.12690e-47,1.89708e-45,3.47839e-48,8.83058e-47,7.23998e-47,1.48149e-44,3.44323e-43,6.36690e-46,1.60849e-44,1.32109e-44,2.67462e-42,6.18047e-41,1.15564e-43,2.90103e-42,2.38802e-42,4.70177e-40,1.07780e-38,2.04655e-41,5.09367e-40,4.20421e-40
7.23998e-47,1.69081e-45,3.09753e-48,8.12690e-47,6.18534e-47,1.32109e-44,3.07212e-43,5.67477e-46,1.48149e-44,1.13001e-44,2.38802e-42,5.52185e-41,1.03119e-43,2.67462e-42,2.04586e-42,4.20421e-40,9.64503e-39,1.82868e-41,4.70177e-40,3.60836e-40
6.18534e-47,1.44518e-45,2.64522e-48,7.23998e-47,4.98350e-47,1.13001e-44,2.62926e-43,4.85156e-46,1.32109e-44,9.12075e-45,2.04586e-42,4.73390e-41,8.82907e-44,2.38802e-42,1.65493e-42,3.60836e-40,8.28482e-39,1.56836e-41,4.20421e-40,2.92546e-40
4.98350e-47,1.16489e-45,2.13040e-48,6.18534e-47,3.66020e-47,9.12075e-45,2.12331e-43,3.91401e-46,1.13001e-44,6.72380e-45,1.65493e-42,3.83180e-41,7.13787e-44,2.04586e-42,1.22439e-42,2.92546e-40,6.72208e-39,1.27066e-41,3.60836e-40,2.17091e-40
3.66020e-47,8.55908e-46,1.56415e-48,4.98350e-47,2.24602e-47,6.72380e-45,1.56604e-43,2.88419e-46,9.12075e-45,4.17568e-45,1.22439e-42,2.83652e-41,5.27822e-44,1.65493e-42,7.65685e-43,2.17091e-40,4.99172e-39,9.42344e-42,2.92546e-40,1.36389e-40
2.24602e-47,5.25398e-46,9.59509e-49,3.66020e-47,7.77425e-48,4.17568e-45,9.72938e-44,1.79053e-46,6.72380e-45,1.57878e-45,7.65685e-43,1.77470e-41,3.29939e-44,1.22439e-42,3.01675e-43,1.36389e-40,3.13799e-39,5.91712e-42,2.17091e-40,5.42860e-41
9.59252e-49,2.24547e-47,4.09521e-50,3.31797e-49,1.56377e-48,1.79022e-46,4.17502e-45,7.66983e-48,6.76516e-47,2.88372e-46,3.29900e-44,7.65602e-43,1.41989e-45,1.29884e-44,5.27764e-44,5.91665e-42,1.36379e-40,2.56253e-43,2.35252e-42,9.42275e-42
1.56377e-48,3.65938e-47,6.67795e-50,9.59252e-49,2.12992e-48,2.88372e-46,6.72280e-45,1.23587e-47,1.79022e-46,3.91343e-46,5.27764e-44,1.22426e-42,2.27238e-45,3.29900e-44,7.13716e-44,9.42275e-42,2.17077e-40,4.08305e-43,5.91665e-42,1.27057e-41
2.12992e-48,4.98249e-47,9.09860e-50,1.56377e-48,2.64470e-48,3.91343e-46,9.11952e-45,1.67781e-47,2.88372e-46,4.85093e-46,7.13716e-44,1.65478e-42,3.07442e-45,5.27764e-44,8.82830e-44,1.27057e-41,2.92528e-40,5.50867e-43,9.42275e-42,1.56826e-41
2.64470e-48,6.18424e-47,1.13016e-49,2.12992e-48,3.09702e-48,4.85093e-46,1.12988e-44,2.08063e-47,3.91343e-46,5.67415e-46,8.82830e-44,2.04569e-42,3.80486e-45,7.13716e-44,1.03112e-43,1.56826e-41,3.60816e-40,6.80357e-43,1.27057e-41,1.82858e-41
3.09702e-48,7.23890e-47,1.32395e-49,2.64470e-48,3.47792e-48,5.67415e-46,1.32095e-44,2.43482e-47,4.85093e-46,6.36634e-46,1.03112e-43,2.38785e-42,4.44638e-45,8.82830e-44,1.15557e-43,1.82858e-41,4.20401e-40,7.93809e-43,1.56826e-41,2.04646e-41
3.47792e-48,8.12592e-47,1.48732e-49,3.09702e-48,3.78054e-48,6.36634e-46,1.48137e-44,2.73304e-47,5.67415e-46,6.91528e-46,1.15557e-43,2.67447e-42,4.98569e-45,1.03112e-43,1.25407e-43,2.04646e-41,4.70159e-40,8.88959e-43,1.82858e-41,2.21845e-41
3.78054e-48,8.82978e-47,1.61725e-49,3.47792e-48,3.99993e-48,6.91528e-46,1.60839e-44,2.96986e-47,6.36634e-46,7.31257e-46,1.25407e-43,2.90091e-42,5.41321e-45,1.15557e-43,1.32522e-43,2.21845e-41,5.09352e-40,9.64213e-43,2.04646e-41,2.34241e-41
3.99993e-48,9.33953e-47,1.71153e-49,3.78054e-48,4.13281e-48,7.31257e-46,1.70021e-44,3.14145e-47,6.91528e-46,7.55290e-46,1.32522e-43,3.06423e-42,5.72247e-45,1.25407e-43,1.36820e-43,2.34241e-41,5.37546e-40,1.01854e-42,2.21845e-41,2.41716e-41
4.13281e-48,9.64806e-47,1.76868e-49,3.99993e-48,4.17735e-48,7.55290e-46,1.75571e-44,3.24533e-47,7.31257e-46,7.63337e-46,1.36820e-43,3.16277e-42,5.90946e-45,1.32522e-43,1.38258e-43,2.41716e-41,5.54523e-40,1.05134e-42,2.34241e-41,2.44213e-41
4.17735e-48,9.75142e-47,1.78784e-49,4.13281e-48,4.13295e-48,7.63337e-46,1.77428e-44,3.28013e-47,7.55290e-46,7.55307e-46,1.38258e-43,3.19571e-42,5.97205e-45,1.36820e-43,1.36823e-43,2.44213e-41,5.60191e-40,1.06231e-42,2.41716e-41,2.41718e-41
4.13295e-48,9.64835e-47,1.76874e-49,4.17735e-48,4.00020e-48,7.55307e-46,1.75574e-44,3.24541e-47,7.63337e-46,7.31290e-46,1.36823e-43,3.16282e-42,5.90956e-45,1.38258e-43,1.32527e-43,2.41718e-41,5.54528e-40,1.05135e-42,2.44213e-41,2.34246e-41
4.00020e-48,9.34010e-47,1.71166e-49,4.13295e-48,3.78092e-48,7.31290e-46,1.70028e-44,3.14160e-47,7.55307e-46,6.91574e-46,1.32527e-43,3.06432e-42,5.72266e-45,1.36823e-43,1.25413e-43,2.34246e-41,5.37556e-40,1.01857e-42,2.41718e-41,2.21853e-41
3.78092e-48,8.83058e-47,1.61743e-49,4.00020e-48,3.47839e-48,6.91574e-46,1.60849e-44,2.97008e-47,7.31290e-46,6.36690e-46,1.25413e-43,2.90103e-42,5.41348e-45,1.32527e-43,1.15564e-43,2.21853e-41,5.09367e-40,9.64247e-43,2.34246e-41,2.04655e-41
3.47839e-48,8.12690e-47,1.48754e-49,3.78092e-48,3.09753e-48,6.36690e-46,1.48149e-44,2.73331e-47,6.91574e-46,5.67477e-46,1.15564e-43,2.67462e-42,4.98602e-45,1.25413e-43,1.03119e-43,2.04655e-41,4.70177e-40,8.89000e-43,2.21853e-41,1.82868e-41
3.09753e-48,7.23998e-47,1.32419e-49,3.47839e-48,2.64522e-48,5.67477e-46,1.32109e-44,2.43511e-47,6.36690e-46,4.85156e-46,1.03119e-43,2.38802e-42,4.44674e-45,1.15564e-43,8.82907e-44,1.82868e-41,4.20421e-40,7.93853e-43,2.04655e-41,1.56836e-41
2.64522e-48,6.18534e-47,1.13041e-49,3.09753e-48,2.13040e-48,4.85156e-46,1.13001e-44,2.08092e-47,5.67477e-46,3.91401e-46,8.82907e-44,2.04586e-42,3.80523e-45,1.03119e-43,7.13787e-44,1.56836e-41,3.60836e-40,6.80401e-43,1.82868e-41,1.27066e-41
2.13040e-48,4.98350e-47,9.10083e-50,2.64522e-48,1.56415e-48,3.91401e-46,9.12075e-45,1.67807e-47,4.85156e-46,2.88419e-46,7.13787e-44,1.65493e-42,3.07475e-45,8.82907e-44,5.27822e-44,1.27066e-41,2.92546e-40,5.50908e-43,1.56836e-41,9.42344e-42
1.56415e-48,3.66020e-47,6.67978e-50,2.13040e-48,9.59509e-49,2.88419e-46,6.72380e-45,1.23609e-47,3.91401e-46,1.79053e-46,5.27822e-44,1.22439e-42,2.27265e-45,7.13787e-44,3.29939e-44,9.42344e-42,2.17091e-40,4.08338e-43,1.27066e-41,5.91712e-42
9.59509e-49,2.24602e-47,4.09642e-50,1.56415e-48,3.31895e-49,1.79053e-46,4.17568e-45,7.67128e-48,2.88419e-46,6.76641e-47,3.29939e-44,7.65685e-43,1.42007e-45,5.27822e-44,1.29900e-44,5.91712e-42,1.36389e-40,2.56275e-43,9.42344e-42,2.35272e-42
4.09521e-50,9.59252e-49,1.74723e-51,1.41559e-50,6.67795e-50,7.66983e-48,1.79022e-46,3.28333e-49,2.89703e-48,1.23587e-47,1.41989e-45,3.29900e-44,6.10451e-47,5.58644e-46,2.27238e-45,2.56253e-43,5.91665e-42,1.10812e-44,1.01793e-43,4.08305e-43
6.67795e-50,1.56377e-48,2.84993e-51,4.09521e-50,9.09860e-50,1.23587e-47,2.88372e-46,5.29211e-49,7.66983e-48,1.67781e-47,2.27238e-45,5.27764e-44,9.77305e-47,1.41989e-45,3.07442e-45,4.08305e-43,9.42275e-42,1.76643e-44,2.56253e-43,5.50867e-43
9.09860e-50,2.12992e-48,3.88410e-51,6.67795e-50,1.13016e-49,1.67781e-47,3.91343e-46,7.18696e-49,1.23587e-47,2.08063e-47,3.07442e-45,7.13716e-44,1.32279e-46,2.27238e-45,3.80486e-45,5.50867e-43,1.27057e-41,2.38437e-44,4.08305e-43,6.80357e-43
1.13016e-49,2.64470e-48,4.82609e-51,9.09860e-50,1.32395e-49,2.08063e-47,4.85093e-46,8.91590e-49,1.67781e-47,2.43482e-47,3.80486e-45,8.82830e-44,1.63782e-46,3.07442e-45,4.44638e-45,6.80357e-43,1.56826e-41,2.94649e-44,5.50867e-43,7.93809e-43
1.32395e-49,3.09702e-48,5.65548e-51,1.13016e-49,1.48732e-49,2.43482e-47,5.67415e-46,1.04379e-48,2.08063e-47,2.73304e-47,4.44638e-45,1.03112e-43,1.91490e-46,3.80486e-45,4.98569e-45,7.93809e-43,1.82858e-41,3.43984e-44,6.80357e-43,8.88959e-43
1.48732e-49,3.47792e-48,6.35540e-51,1.32395e-49,1.61725e-49,2.73304e-47,6.36634e-46,1.17209e-48,2.43482e-47,2.96986e-47,4.98569e-45,1.15557e-43,2.14817e-46,4.44638e-45,5.41321e-45,8.88959e-43,2.04646e-41,3.85435e-44,7.93809e-43,9.64213e-43
1.61725e-49,3.78054e-48,6.91259e-51,1.48732e-49,1.71153e-49,2.96986e-47,6.91528e-46,1.27410e-48,2.73304e-47,3.14145e-47,5.41321e-45,1.25407e-43,2.33336e-46,4.98569e-45,5.72247e-45,9.64213e-43,2.21845e-41,4.18275e-44,8.88959e-43,1.01854e-42
1.71153e-49,3.99993e-48,7.31723e-51,1.61725e-49,1.76868e-49,3.14145e-47,7.31257e-46,1.34808e-48,2.96986e-47,3.24533e-47,5.72247e-45,1.32522e-43,2.46748e-46,5.41321e-45,5.90946e-45,1.01854e-42,2.34241e-41,4.42018e-44,9.64213e-43,1.05134e-42
1.76868e-49,4.13281e-48,7.56263e-51,1.71153e-49,1.78784e-49,3.24533e-47,7.55290e-46,1.39290e-48,3.14145e-47,3.28013e-47,5.90946e-45,1.36820e-43,2.54865e-46,5.72247e-45,5.97205e-45,1.05134e-42,2.41716e-41,4.56367e-44,1.01854e-42,1.06231e-42
1.78784e-49,4.17735e-48,7.64496e-51,1.76868e-49,1.76874e-49,3.28013e-47,7.63337e-46,1.40792e-48,3.24533e-47,3.24541e-47,5.97205e-45,1.38258e-43,2.57583e-46,5.90946e-45,5.90956e-45,1.06231e-42,2.44213e-41,4.61168e-44,1.05134e-42,1.05135e-42
1.76874e-49,4.13295e-48,7.56294e-51,1.78784e-49,1.71166e-49,3.24541e-47,7.55307e-46,1.39294e-48,3.28013e-47,3.14160e-47,5.90956e-45,1.36823e-43,2.54870e-46,5.97205e-45,5.72266e-45,1.05135e-42,2.41718e-41,4.56373e-44,1.06231e-42,1.01857e-42
1.71166e-49,4.00020e-48,7.31782e-51,1.76874e-49,1.61743e-49,3.14160e-47,7.31290e-46,1.34815e-48,3.24541e-47,2.97008e-47,5.72266e-45,1.32527e-43,2.46757e-46,5.90956e-45,5.41348e-45,1.01857e-42,2.34246e-41,4.42029e-44,1.05135e-42,9.64247e-43
1.61743e-49,3.78092e-48,6.91343e-51,1.71166e-49,1.48754e-49,2.97008e-47,6.91574e-46,1.27420e-48,3.14160e-47,2.73331e-47,5.41348e-45,1.25413e-43,2.33349e-46,5.72266e-45,4.98602e-45,9.64247e-43,2.21853e-41,4.18291e-44,1.01857e-42,8.89000e-43
1.48754e-49,3.47839e-48,6.35643e-51,1.61743e-49,1.32419e-49,2.73331e-47,6.36690e-46,1.17222e-48,2.97008e-47,2.43511e-47,4.98602e-45,1.15564e-43,2.14833e-46,5.41348e-45,4.44674e-45,8.89000e-43,2.04655e-41,3.85454e-44,9.64247e-43,7.93853e-43
1.32419e-49,3.09753e-48,5.65661e-51,1.48754e-49,1.13041e-49,2.43511e-47,5.67477e-46,1.04393e-48,2.73331e-47,2.08092e-47,4.44674e-45,1.03119e-43,1.91507e-46,4.98602e-45,3.80523e-45,7.93853e-43,1.82868e-41,3.44005e-44,8.89000e-43,6.80401e-43
1.13041e-49,2.64522e-48,4.82723e-51,1.32419e-49,9.10083e-50,2.08092e-47,4.85156e-46,8.91727e-49,2.43511e-47,1.67807e-47,3.80523e-45,8.82907e-44,1.63799e-46,4.44674e-45,3.07475e-45,6.80401e-43,1.56836e-41,2.94670e-44,7.93853e-43,5.50908e-43
9.10083e-50,2.13040e-48,3.88515e-51,1.13041e-49,6.67978e-50,1.67807e-47,3.91401e-46,7.18821e-49,2.08092e-47,1.23609e-47,3.07475e-45,7.13787e-44,1.32294e-46,3.80523e-45,2.27265e-45,5.50908e-43,1.27066e-41,2.38456e-44,6.80401e-43,4.08338e-43
6.67978e-50,1.56415e-48,2.85079e-51,9.10083e-50,4.09642e-50,1.23609e-47,2.88419e-46,5.29313e-49,1.67807e-47,7.67128e-48,2.27265e-45,5.27822e-44,9.77430e-47,3.07475e-45,1.42007e-45,4.08338e-43,9.42344e-42,1.76658e-44,5.50908e-43,2.56275e-43
4.09642e-50,9.59509e-49,1.74780e-51,6.67978e-50,1.41605e-50,7.67128e-48,1.79053e-46,3.28400e-49,1.23609e-47,2.89762e-48,1.42007e-45,3.29939e-44,6.10535e-47,2.27265e-45,5.58720e-46,2.56275e-43,5.91712e-42,1.10822e-44,4.08338e-43,1.01802e-43
1.74723e-51,4.09521e-50,7.45015e-53,6.03593e-52,2.84993e-51,3.28333e-49,7.66983e-48,1.40446e-50,1.23963e-49,5.29211e-49,6.10451e-47,1.41989e-45,2.62181e-48,2.40028e-47,9.77305e-47,1.10812e-44,2.56253e-43,4.78498e-46,4.39803e-45,1.76643e-44
2.84993e-51,6.67795e-50,1.21550e-52,1.74723e-51,3.88410e-51,5.29211e-49,1.23587e-47,2.26433e-50,3.28333e-49,7.18696e-49,9.77305e-47,2.27238e-45,4.19874e-48,6.10451e-47,1.32279e-46,1.76643e-44,4.08305e-43,7.63068e-46,1.10812e-44,2.38437e-44
3.88410e-51,9.09860e-50,1.65701e-52,2.84993e-51,4.82609e-51,7.18696e-49,1.67781e-47,3.07601e-50,5.29211e-49,8.91590e-49,1.32279e-46,3.07442e-45,5.68509e-48,9.77305e-47,1.63782e-46,2.38437e-44,5.50867e-43,1.03047e-45,1.76643e-44,2.94649e-44
4.82609e-51,1.13016e-49,2.05946e-52,3.88410e-51,5.65548e-51,8.91590e-49,2.08063e-47,3.81731e-50,7.18696e-49,1.04379e-48,1.63782e-46,3.80486e-45,7.04196e-48,1.32279e-46,1.91490e-46,2.94649e-44,6.80357e-43,1.27404e-45,2.38437e-44,3.43984e-44
5.65548e-51,1.32395e-49,2.41411e-52,4.82609e-51,6.35540e-51,1.04379e-48,2.43482e-47,4.47056e-50,8.91590e-49,1.17209e-48,1.91490e-46,4.44638e-45,8.23686e-48,1.63782e-46,2.14817e-46,3.43984e-44,7.93809e-43,1.48814e-45,2.94649e-44,3.85435e-44
6.35540e-51,1.48732e-49,2.71366e-52,5.65548e-51,6.91259e-51,1.17209e-48,2.73304e-47,5.02185e-50,1.04379e-48,1.27410e-48,2.14817e-46,4.98569e-45,9.24421e-48,1.91490e-46,2.33336e-46,3.85435e-44,8.88959e-43,1.66831e-45,3.43984e-44,4.18275e-44
6.91259e-51,1.61725e-49,2.95233e-52,6.35540e-51,7.31723e-51,1.27410e-48,2.96986e-47,5.46059e-50,1.17209e-48,1.34808e-48,2.33336e-46,5.41321e-45,1.00449e-47,2.14817e-46,2.46748e-46,4.18275e-44,9.64213e-43,1.81127e-45,3.85435e-44,4.42018e-44
7.31723e-51,1.71153e-49,3.12577e-52,6.91259e-51,7.56263e-51,1.34808e-48,3.14145e-47,5.77907e-50,1.27410e-48,1.39290e-48,2.46748e-46,5.72247e-45,1.06254e-47,2.33336e-46,2.54865e-46,4.42018e-44,1.01854e-42,1.91476e-45,4.18275e-44,4.56367e-44
7.56263e-51,1.76868e-49,3.23103e-52,7.31723e-51,7.64496e-51,1.39290e-48,3.24533e-47,5.97215e-50,1.34808e-48,1.40792e-48,2.54865e-46,5.90946e-45,1.09770e-47,2.46748e-46,2.57583e-46,4.56367e-44,1.05134e-42,1.97737e-45,4.42018e-44,4.61168e-44
7.64496e-51,1.78784e-49,3.26635e-52,7.56263e-51,7.56294e-51,1.40792e-48,3.28013e-47,6.03689e-50,1.39290e-48,1.39294e-48,2.57583e-46,5.97205e-45,1.10948e-47,2.54865e-46,2.54870e-46,4.61168e-44,1.06231e-42,1.99833e-45,4.56367e-44,4.56373e-44
7.56294e-51,1.76874e-49,3.23117e-52,7.64496e-51,7.31782e-51,1.39294e-48,3.24541e-47,5.97233e-50,1.40792e-48,1.34815e-48,2.54870e-46,5.90956e-45,1.09772e-47,2.57583e-46,2.46757e-46,4.56373e-44,1.05135e-42,1.97740e-45,4.61168e-44,4.42029e-44
7.31782e-51,1.71166e-49,3.12606e-52,7.56294e-51,6.91343e-51,1.34815e-48,3.14160e-47,5.77941e-50,1.39294e-48,1.27420e-48,2.46757e-46,5.72266e-45,1.06258e-47,2.54870e-46,2.33349e-46,4.42029e-44,1.01857e-42,1.91482e-45,4.56373e-44,4.18291e-44
6.91343e-51,1.61743e-49,2.95272e-52,7.31782e-51,6.35643e-51,1.27420e-48,2.97008e-47,5.46107e-50,1.34815e-48,1.17222e-48,2.33349e-46,5.41348e-45,1.00455e-47,2.46757e-46,2.14833e-46,4.18291e-44,9.64247e-43,1.81135e-45,4.42029e-44,3.85454e-44
6.35643e-51,1.48754e-49,2.71414e-52,6.91343e-51,5.65661e-51,1.17222e-48,2.73331e-47,5.02244e-50,1.27420e-48,1.04393e-48,2.14833e-46,4.98602e-45,9.24493e-48,2.33349e-46,1.91507e-46,3.85454e-44,8.89000e-43,1.66840e-45,4.18291e-44,3.44005e-44
5.65661e-51,1.32419e-49,2.41464e-52,6.35643e-51,4.82723e-51,1.04393e-48,2.43511e-47,4.47120e-50,1.17222e-48,8.91727e-49,1.91507e-46,4.44674e-45,8.23765e-48,2.14833e-46,1.63799e-46,3.44005e-44,7.93853e-43,1.48824e-45,3.85454e-44,2.94670e-44
4.82723e-51,1.13041e-49,2.06000e-52,5.65661e-51,3.88515e-51,8.91727e-49,2.08092e-47,3.81796e-50,1.04393e-48,7.18821e-49,1.63799e-46,3.80523e-45,7.04275e-48,1.91507e-46,1.32294e-46,2.94670e-44,6.80401e-43,1.27414e-45,3.44005e-44,2.38456e-44
3.88515e-51,9.10083e-50,1.65750e-52,4.82723e-51,2.85079e-51,7.18821e-49,1.67807e-47,3.07660e-50,8.91727e-49,5.29313e-49,1.32294e-46,3.07475e-45,5.68581e-48,1.63799e-46,9.77430e-47,2.38456e-44,5.50908e-43,1.03056e-45,2.94670e-44,1.76658e-44
2.85079e-51,6.67978e-50,1.21590e-52,3.88515e-51,1.74780e-51,5.29313e-49,1.23609e-47,2.26480e-50,7.18821e-49,3.28400e-49,9.77430e-47,2.27265e-45,4.19932e-48,1.32294e-46,6.10535e-47,1.76658e-44,4.08338e-43,7.63140e-46,2.38456e-44,1.10822e-44
1.74780e-51,4.09642e-50,7.45280e-53,2.85079e-51,6.03809e-52,3.28400e-49,7.67128e-48,1.40477e-50,5.29313e-49,1.23990e-49,6.10535e-47,1.42007e-45,2.62220e-48,9.77430e-47,2.40063e-47,1.10822e-44,2.56275e-43,4.78546e-46,1.76658e-44,4.39847e-45
7.45015e-53,1.74723e-51,3.17489e-54,2.57219e-53,1.21550e-52,1.40446e-50,3.28333e-49,6.00321e-52,5.30036e-51,2.26433e-50,2.62181e-48,6.10451e-47,1.12495e-49,1.03029e-48,4.19874e-48,4.78498e-46,1.10812e-44,2.06344e-47,1.89760e-46,7.63068e-46
1.21550e-52,2.84993e-51,5.18107e-54,7.45015e-53,1.65701e-52,2.26433e-50,5.29211e-49,9.68100e-52,1.40446e-50,3.07601e-50,4.19874e-48,9.77305e-47,1.80208e-49,2.62181e-48,5.68509e-48,7.63068e-46,1.76643e-44,3.29180e-47,4.78498e-46,1.03047e-45
1.65701e-52,3.88410e-51,7.06462e-54,1.21550e-52,2.05946e-52,3.07601e-50,7.18696e-49,1.31549e-51,2.26433e-50,3.81731e-50,5.68509e-48,1.32279e-46,2.44082e-49,4.19874e-48,7.04196e-48,1.03047e-45,2.38437e-44,4.44711e-47,7.63068e-46,1.27404e-45
2.05946e-52,4.82609e-51,8.78273e-54,1.65701e-52,2.41411e-52,3.81731e-50,8.91590e-49,1.63302e-51,3.07601e-50,4.47056e-50,7.04196e-48,1.63782e-46,3.02449e-49,5.68509e-48,8.23686e-48,1.27404e-45,2.94649e-44,5.50074e-47,1.03047e-45,1.48814e-45
2.41411e-52,5.65548e-51,1.02979e-53,2.05946e-52,2.71366e-52,4.47056e-50,1.04379e-48,1.91310e-51,3.81731e-50,5.02185e-50,8.23686e-48,1.91490e-46,3.53907e-49,7.04196e-48,9.24421e-48,1.48814e-45,3.43984e-44,6.42814e-47,1.27404e-45,1.66831e-45
2.71366e-52,6.35540e-51,1.15787e-53,2.41411e-52,2.95233e-52,5.02185e-50,1.17209e-48,2.14968e-51,4.47056e-50,5.46059e-50,9.24421e-48,2.14817e-46,3.97340e-49,8.23686e-48,1.00449e-47,1.66831e-45,3.85435e-44,7.20969e-47,1.48814e-45,1.81127e-45
2.95233e-52,6.91259e-51,1.25999e-53,2.71366e-52,3.12577e-52,5.46059e-50,1.27410e-48,2.33814e-51,5.02185e-50,5.77907e-50,1.00449e-47,2.33336e-46,4.31899e-49,9.24421e-48,1.06254e-47,1.81127e-45,4.18275e-44,7.83065e-47,1.66831e-45,1.91476e-45
3.12577e-52,7.31723e-51,1.33425e-53,2.95233e-52,3.23103e-52,5.77907e-50,1.34808e-48,2.47505e-51,5.46059e-50,5.97215e-50,1.06254e-47,2.46748e-46,4.56980e-49,1.00449e-47,1.09770e-47,1.91476e-45,4.42018e-44,8.28071e-47,1.81127e-45,1.97737e-45
3.23103e-52,7.56263e-51,1.37934e-53,3.12577e-52,3.26635e-52,5.97215e-50,1.39290e-48,2.55810e-51,5.77907e-50,6.03689e-50,1.09770e-47,2.54865e-46,4.72181e-49,1.06254e-47,1.10948e-47,1.97737e-45,4.56367e-44,8.55320e-47,1.91476e-45,1.99833e-45
3.26635e-52,7.64496e-51,1.39448e-53,3.23103e-52,3.23117e-52,6.03689e-50,1.40792e-48,2.58595e-51,5.97215e-50,5.97233e-50,1.10948e-47,2.57583e-46,4.77276e-49,1.09770e-47,1.09772e-47,1.99833e-45,4.61168e-44,8.64446e-47,1.97737e-45,1.97740e-45
3.23117e-52,7.56294e-51,1.37941e-53,3.26635e-52,3.12606e-52,5.97233e-50,1.39294e-48,2.55818e-51,6.03689e-50,5.77941e-50,1.09772e-47,2.54870e-46,4.72191e-49,1.10948e-47,1.06258e-47,1.97740e-45,4.56373e-44,8.55333e-47,1.99833e-45,1.91482e-45
3.12606e-52,7.31782e-51,1.33438e-53,3.23117e-52,2.95272e-52,5.77941e-50,1.34815e-48,2.47521e-51,5.97233e-50,5.46107e-50,1.06258e-47,2.46757e-46,4.57000e-49,1.09772e-47,1.00455e-47,1.91482e-45,4.42029e-44,8.28095e-47,1.97740e-45,1.81135e-45
2.95272e-52,6.91343e-51,1.26018e-53,3.12606e-52,2.71414e-52,5.46107e-50,1.27420e-48,2.33837e-51,5.77941e-50,5.02244e-50,1.00455e-47,2.33349e-46,4.31927e-49,1.06258e-47,9.24493e-48,1.81135e-45,4.18291e-44,7.83100e-47,1.91482e-45,1.66840e-45
2.71414e-52,6.35643e-51,1.15809e-53,2.95272e-52,2.41464e-52,5.02244e-50,1.17222e-48,2.14996e-51,5.46107e-50,4.47120e-50,9.24493e-48,2.14833e-46,3.97374e-49,1.00455e-47,8.23765e-48,1.66840e-45,3.85454e-44,7.21011e-47,1.81135e-45,1.48824e-45
2.41464e-52,5.65661e-51,1.03004e-53,2.71414e-52,2.06000e-52,4.47120e-50,1.04393e-48,1.91340e-51,5.02244e-50,3.81796e-50,8.23765e-48,1.91507e-46,3.53944e-49,9.24493e-48,7.04275e-48,1.48824e-45,3.44005e-44,6.42860e-47,1.66840e-45,1.27414e-45
2.06000e-52,4.82723e-51,8.78524e-54,2.41464e-52,1.65750e-52,3.81796e-50,8.91727e-49,1.63333e-51,4.47120e-50,3.07660e-50,7.04275e-48,1.63799e-46,3.02486e-49,8.23765e-48,5.68581e-48,1.27414e-45,2.94670e-44,5.50120e-47,1.48824e-45,1.03056e-45
1.65750e-52,3.88515e-51,7.06693e-54,2.06000e-52,1.21590e-52,3.07660e-50,7.18821e-49,1.31577e-51,3.81796e-50,2.26480e-50,5.68581e-48,1.32294e-46,2.44116e-49,7.04275e-48,4.19932e-48,1.03056e-45,2.38456e-44,4.44753e-47,1.27414e-45,7.63140e-46
1.21590e-52,2.85079e-51,5.18294e-54,1.65750e-52,7.45280e-53,2.26480e-50,5.29313e-49,9.68324e-52,3.07660e-50,1.40477e-50,4.19932e-48,9.77430e-47,1.80235e-49,5.68581e-48,2.62220e-48,7.63140e-46,1.76658e-44,3.29214e-47,1.03056e-45,4.78546e-46
7.45280e-53,1.74780e-51,3.17613e-54,1.21590e-52,2.57320e-53,1.40477e-50,3.28400e-49,6.00470e-52,2.26480e-50,5.30165e-51,2.62220e-48,6.10535e-47,1.12513e-49,4.19932e-48,1.03045e-48,4.78546e-46,1.10822e-44,2.06367e-47,7.63140e-46,1.89780e-46
3.17489e-54,7.45015e-53,1.35223e-55,1.09553e-54,5.18107e-54,6.00321e-52,1.40446e-50,2.56422e-53,2.26471e-52,9.68100e-52,1.12495e-49,2.62181e-48,4.82241e-51,4.41828e-50,1.80208e-49,2.06344e-47,4.78498e-46,8.88719e-49,8.17702e-48,3.29180e-47
5.18107e-54,1.21550e-52,2.20716e-55,3.17489e-54,7.06462e-54,9.68100e-52,2.26433e-50,4.13607e-53,6.00321e-52,1.31549e-51,1.80208e-49,4.19874e-48,7.72717e-51,1.12495e-49,2.44082e-49,3.29180e-47,7.63068e-46,1.41824e-48,2.06344e-47,4.44711e-47
7.06462e-54,1.65701e-52,3.01020e-55,5.18107e-54,8.78273e-54,1.31549e-51,3.07601e-50,5.62166e-53,9.68100e-52,1.63302e-51,2.44082e-49,5.68509e-48,1.04691e-50,1.80208e-49,3.02449e-49,4.44711e-47,1.03047e-45,1.91668e-48,3.29180e-47,5.50074e-47
8.78273e-54,2.05946e-52,3.74313e-55,7.06462e-54,1.02979e-53,1.63302e-51,3.81731e-50,6.98052e-53,1.31549e-51,1.91310e-51,3.02449e-49,7.04196e-48,1.29769e-50,2.44082e-49,3.53907e-49,5.50074e-47,1.27404e-45,2.37173e-48,4.44711e-47,6.42814e-47
1.02979e-53,2.41411e-52,4.38993e-55,8.78273e-54,1.15787e-53,1.91310e-51,4.47056e-50,8.18008e-53,1.63302e-51,2.14968e-51,3.53907e-49,8.23686e-48,1.51901e-50,3.02449e-49,3.97340e-49,6.42814e-47,1.48814e-45,2.77276e-48,5.50074e-47,7.20969e-47
1.15787e-53,2.71366e-52,4.93706e-55,1.02979e-53,1.25999e-53,2.14968e-51,5.02185e-50,9.19426e-53,1.91310e-51,2.33814e-51,3.97340e-49,9.24421e-48,1.70600e-50,3.53907e-49,4.31899e-49,7.20969e-47,1.66831e-45,3.11114e-48,6.42814e-47,7.83065e-47
1.25999e-53,2.95233e-52,5.37359e-55,1.15787e-53,1.33425e-53,2.33814e-51,5.46059e-50,1.00028e-52,2.14968e-51,2.47505e-51,4.31899e-49,1.00449e-47,1.85494e-50,3.97340e-49,4.56980e-49,7.83065e-47,1.81127e-45,3.38032e-48,7.20969e-47,8.28071e-47
1.33425e-53,3.12577e-52,5.69122e-55,1.25999e-53,1.37934e-53,2.47505e-51,5.77907e-50,1.05905e-52,2.33814e-51,2.55810e-51,4.56980e-49,1.06254e-47,1.96312e-50,4.31899e-49,4.72181e-49,8.28071e-47,1.91476e-45,3.57561e-48,7.83065e-47,8.55320e-47
1.37934e-53,3.23103e-52,5.88414e-55,1.33425e-53,1.39448e-53,2.55810e-51,5.97215e-50,1.09473e-52,2.47505e-51,2.58595e-51,4.72181e-49,1.09770e-47,2.02872e-50,4.56980e-49,4.77276e-49,8.55320e-47,1.97737e-45,3.69394e-48,8.28071e-47,8.64446e-47
1.39448e-53,3.26635e-52,5.94893e-55,1.37934e-53,1.37941e-53,2.58595e-51,6.03689e-50,1.10670e-52,2.55810e-51,2.55818e-51,4.77276e-49,1.10948e-47,2.05072e-50,4.72181e-49,4.72191e-49,8.64446e-47,1.99833e-45,3.73359e-48,8.55320e-47,8.55333e-47
1.37941e-53,3.23117e-52,5.88446e-55,1.39448e-53,1.33438e-53,2.55818e-51,5.97233e-50,1.09476e-52,2.58595e-51,2.47521e-51,4.72191e-49,1.09772e-47,2.02877e-50,4.77276e-49,4.57000e-49,8.55333e-47,1.97740e-45,3.69400e-48,8.64446e-47,8.28095e-47
1.33438e-53,3.12606e-52,5.69184e-55,1.37941e-53,1.26018e-53,2.47521e-51,5.77941e-50,1.05913e-52,2.55818e-51,2.33837e-51,4.57000e-49,1.06258e-47,1.96321e-50,4.72191e-49,4.31927e-49,8.28095e-47,1.91482e-45,3.57573e-48,8.55333e-47,7.83100e-47
1.26018e-53,2.95272e-52,5.37446e-55,1.33438e-53,1.15809e-53,2.33837e-51,5.46107e-50,1.00038e-52,2.47521e-51,2.14996e-51,4.31927e-49,1.00455e-47,1.85507e-50,4.57000e-49,3.97374e-49,7.83100e-47,1.81135e-45,3.38049e-48,8.28095e-47,7.21011e-47
1.15809e-53,2.71414e-52,4.93811e-55,1.26018e-53,1.03004e-53,2.14996e-51,5.02244e-50,9.19555e-53,2.33837e-51,1.91340e-51,3.97374e-49,9.24493e-48,1.70616e-50,4.31927e-49,3.53944e-49,7.21011e-47,1.66840e-45,3.11134e-48,7.83100e-47,6.42860e-47
1.03004e-53,2.41464e-52,4.39109e-55,1.15809e-53,8.78524e-54,1.91340e-51,4.47120e-50,8.18150e-53,2.14996e-51,1.63333e-51,3.53944e-49,8.23765e-48,1.51918e-50,3.97374e-49,3.02486e-49,6.42860e-47,1.48824e-45,2.77298e-48,7.21011e-47,5.50120e-47
8.78524e-54,2.06000e-52,3.74430e-55,1.03004e-53,7.06693e-54,1.63333e-51,3.81796e-50,6.98194e-53,1.91340e-51,1.31577e-51,3.02486e-49,7.04275e-48,1.29787e-50,3.53944e-49,2.44116e-49,5.50120e-47,1.27414e-45,2.37195e-48,6.42860e-47,4.44753e-47
7.06693e-54,1.65750e-52,3.01127e-55,8.78524e-54,5.18294e-54,1.31577e-51,3.07660e-50,5.62296e-53,1.63333e-51,9.68324e-52,2.44116e-49,5.68581e-48,1.04707e-50,3.02486e-49,1.80235e-49,4.44753e-47,1.03056e-45,1.91687e-48,5.50120e-47,3.29214e-47
5.18294e-54,1.21590e-52,2.20803e-55,7.06693e-54,3.17613e-54,9.68324e-52,2.26480e-50,4.13712e-53,1.31577e-51,6.00470e-52,1.80235e-49,4.19932e-48,7.72845e-51,2.44116e-49,1.12513e-49,3.29214e-47,7.63140e-46,1.41839e-48,4.44753e-47,2.06367e-47
3.17613e-54,7.45280e-53,1.35281e-55,5.18294e-54,1.09600e-54,6.00470e-52,1.40477e-50,2.56492e-53,9.68324e-52,2.26531e-52,1.12513e-49,2.62220e-48,4.82326e-51,1.80235e-49,4.41906e-50,2.06367e-47,4.78546e-46,8.88824e-49,3.29214e-47,8.17798e-48
1.35223e-55,3.17489e-54,5.75627e-57,4.66350e-56,2.20716e-55,2.56422e-53,6.00321e-52,1.09455e-54,9.66992e-54,4.13607e-53,4.82241e-51,1.12495e-49,2.06548e-52,1.89307e-51,7.72717e-51,8.88719e-49,2.06344e-47,3.82324e-50,3.51940e-49,1.41824e-48
2.20716e-55,5.18107e-54,9.39738e-57,1.35223e-55,3.01020e-55,4.13607e-53,9.68100e-52,1.76586e-54,2.56422e-53,5.62166e-53,7.72717e-51,1.80208e-49,3.31040e-52,4.82241e-51,1.04691e-50,1.41824e-48,3.29180e-47,6.10303e-50,8.88719e-49,1.91668e-48
3.01020e-55,7.06462e-54,1.28189e-56,2.20716e-55,3.74313e-55,5.62166e-53,1.31549e-51,2.40066e-54,4.13607e-53,6.98052e-53,1.04691e-50,2.44082e-49,4.48628e-52,7.72717e-51,1.29769e-50,1.91668e-48,4.44711e-47,8.25062e-50,1.41824e-48,2.37173e-48
3.74313e-55,8.78273e-54,1.59434e-56,3.01020e-55,4.38993e-55,6.98052e-53,1.63302e-51,2.98168e-54,5.62166e-53,8.18008e-53,1.29769e-50,3.02449e-49,5.56258e-52,1.04691e-50,1.51901e-50,2.37173e-48,5.50074e-47,1.02131e-49,1.91668e-48,2.77276e-48
4.38993e-55,1.02979e-53,1.87024e-56,3.74313e-55,4.93706e-55,8.18008e-53,1.91310e-51,3.49496e-54,6.98052e-53,9.19426e-53,1.51901e-50,3.53907e-49,6.51329e-52,1.29769e-50,1.70600e-50,2.77276e-48,6.42814e-47,1.19445e-49,2.37173e-48,3.11114e-48
4.93706e-55,1.15787e-53,2.10377e-56,4.38993e-55,5.37359e-55,9.19426e-53,2.14968e-51,3.92926e-54,8.18008e-53,1.00028e-52,1.70600e-50,3.97340e-49,7.31729e-52,1.51901e-50,1.85494e-50,3.11114e-48,7.20969e-47,1.34071e-49,2.77276e-48,3.38032e-48
5.37359e-55,1.25999e-53,2.29020e-56,4.93706e-55,5.69122e-55,1.00028e-52,2.33814e-51,4.27572e-54,9.19426e-53,1.05905e-52,1.85494e-50,4.31899e-49,7.95823e-52,1.70600e-50,1.96312e-50,3.38032e-48,7.83065e-47,1.45718e-49,3.11114e-48,3.57561e-48
5.69122e-55,1.33425e-53,2.42592e-56,5.37359e-55,5.88414e-55,1.05905e-52,2.47505e-51,4.52775e-54,1.00028e-52,1.09473e-52,1.96312e-50,4.56980e-49,8.42412e-52,1.85494e-50,2.02872e-50,3.57561e-48,8.28071e-47,1.54175e-49,3.38032e-48,3.69394e-48
5.88414e-55,1.37934e-53,2.50838e-56,5.69122e-55,5.94893e-55,1.09473e-52,2.55810e-51,4.68078e-54,1.05905e-52,1.10670e-52,2.02872e-50,4.72181e-49,8.70682e-52,1.96312e-50,2.05072e-50,3.69394e-48,8.55320e-47,1.59303e-49,3.57561e-48,3.73359e-48
5.94893e-55,1.39448e-53,2.53609e-56,5.88414e-55,5.88446e-55,1.10670e-52,2.58595e-51,4.73215e-54,1.09473e-52,1.09476e-52,2.05072e-50,4.77276e-49,8.80164e-52,2.02872e-50,2.02877e-50,3.73359e-48,8.64446e-47,1.61022e-49,3.69394e-48,3.69400e-48
5.88446e-55,1.37941e-53,2.50853e-56,5.94893e-55,5.69184e-55,1.09476e-52,2.55818e-51,4.68097e-54,1.10670e-52,1.05913e-52,2.02877e-50,4.72191e-49,8.70705e-52,2.05072e-50,1.96321e-50,3.69400e-48,8.55333e-47,1.59306e-49,3.73359e-48,3.57573e-48
5.69184e-55,1.33438e-53,2.42621e-56,5.88446e-55,5.37446e-55,1.05913e-52,2.47521e-51,4.52811e-54,1.09476e-52,1.00038e-52,1.96321e-50,4.57000e-49,8.42456e-52,2.02877e-50,1.85507e-50,3.57573e-48,8.28095e-47,1.54180e-49,3.69400e-48,3.38049e-48
5.37446e-55,1.26018e-53,2.29060e-56,5.69184e-55,4.93811e-55,1.00038e-52,2.33837e-51,4.27622e-54,1.05913e-52,9.19555e-53,1.85507e-50,4.31927e-49,7.95885e-52,1.96321e-50,1.70616e-50,3.38049e-48,7.83100e-47,1.45725e-49,3.57573e-48,3.11134e-48
4.93811e-55,1.15809e-53,2.10426e-56,5.37446e-55,4.39109e-55,9.19555e-53,2.14996e-51,3.92986e-54,1.00038e-52,8.18150e-53,1.70616e-50,3.97374e-49,7.31803e-52,1.85507e-50,1.51918e-50,3.11134e-48,7.21011e-47,1.34080e-49,3.38049e-48,2.77298e-48
4.39109e-55,1.03004e-53,1.87078e-56,4.93811e-55,3.74430e-55,8.18150e-53,1.91340e-51,3.49563e-54,9.19555e-53,6.98194e-53,1.51918e-50,3.53944e-49,6.51410e-52,1.70616e-50,1.29787e-50,2.77298e-48,6.42860e-47,1.19455e-49,3.11134e-48,2.37195e-48
3.74430e-55,8.78524e-54,1.59489e-56,4.39109e-55,3.01127e-55,6.98194e-53,1.63333e-51,2.98234e-54,8.18150e-53,5.62296e-53,1.29787e-50,3.02486e-49,5.56340e-52,1.51918e-50,1.04707e-50,2.37195e-48,5.50120e-47,1.02141e-49,2.77298e-48,1.91687e-48
3.01127e-55,7.06693e-54,1.28239e-56,3.74430e-55,2.20803e-55,5.62296e-53,1.31577e-51,2.40126e-54,6.98194e-53,4.13712e-53,1.04707e-50,2.44116e-49,4.48702e-52,1.29787e-50,7.72845e-51,1.91687e-48,4.44753e-47,8.25153e-50,2.37195e-48,1.41839e-48
2.20803e-55,5.18294e-54,9.40144e-57,3.01127e-55,1.35281e-55,4.13712e-53,9.68324e-52,1.76635e-54,5.62296e-53,2.56492e-53,7.72845e-51,1.80235e-49,3.31100e-52,1.04707e-50,4.82326e-51,1.41839e-48,3.29214e-47,6.10376e-50,1.91687e-48,8.88824e-49
1.35281e-55,3.17613e-54,5.75895e-57,2.20803e-55,4.66568e-56,2.56492e-53,6.00470e-52,1.09488e-54,4.13712e-53,9.67274e-54,4.82326e-51,1.12513e-49,2.06588e-52,7.72845e-51,1.89343e-51,8.88824e-49,2.06367e-47,3.82373e-50,1.41839e-48,3.51985e-49
5.75627e-57,1.35223e-55,2.44910e-58,1.98416e-57,9.39738e-57,1.09455e-54,2.56422e-53,4.66914e-56,4.12621e-55,1.76586e-54,2.06548e-52,4.82241e-51,8.83938e-54,8.10430e-53,3.31040e-52,3.82324e-50,8.88719e-49,1.64295e-51,1.51307e-50,6.10303e-50
9.39738e-57,2.20716e-55,3.99899e-58,5.75627e-57,1.28189e-56,1.76586e-54,4.13607e-53,7.53423e-56,1.09455e-54,2.40066e-54,3.31040e-52,7.72717e-51,1.41702e-53,2.06548e-52,4.48628e-52,6.10303e-50,1.41824e-48,2.62335e-51,3.82324e-50,8.25062e-50
1.28189e-56,3.01020e-55,5.45595e-58,9.39738e-57,1.59434e-56,2.40066e-54,5.62166e-53,1.02447e-55,1.76586e-54,2.98168e-54,4.48628e-52,1.04691e-50,1.92081e-53,3.31040e-52,5.56258e-52,8.25062e-50,1.91668e-48,3.54751e-51,6.10303e-50,1.02131e-49
1.59434e-56,3.74313e-55,6.78705e-58,1.28189e-56,1.87024e-56,2.98168e-54,6.98052e-53,1.27270e-55,2.40066e-54,3.49496e-54,5.56258e-52,1.29769e-50,2.38227e-53,4.48628e-52,6.51329e-52,1.02131e-49,2.37173e-48,4.39275e-51,8.25062e-50,1.19445e-49
1.87024e-56,4.38993e-55,7.96305e-58,1.59434e-56,2.10377e-56,3.49496e-54,8.18008e-53,1.49214e-55,2.98168e-54,3.92926e-54,6.51329e-52,1.51901e-50,2.79020e-53,5.56258e-52,7.31729e-52,1.19445e-49,2.77276e-48,5.13916e-51,1.02131e-49,1.34071e-49
2.10377e-56,4.93706e-55,8.95900e-58,1.87024e-56,2.29020e-56,3.92926e-54,9.19426e-53,1.67793e-55,3.49496e-54,4.27572e-54,7.31729e-52,1.70600e-50,3.13547e-53,6.51329e-52,7.95823e-52,1.34071e-49,3.11114e-48,5.77030e-51,1.19445e-49,1.45718e-49
2.29020e-56,5.37359e-55,9.75452e-58,2.10377e-56,2.42592e-56,4.27572e-54,1.00028e-52,1.82624e-55,3.92926e-54,4.52775e-54,7.95823e-52,1.85494e-50,3.41093e-53,7.31729e-52,8.42412e-52,1.45718e-49,3.38032e-48,6.27337e-51,1.34071e-49,1.54175e-49
2.42592e-56,5.69122e-55,1.03339e-57,2.29020e-56,2.50838e-56,4.52775e-54,1.05905e-52,1.93419e-55,4.27572e-54,4.68078e-54,8.42412e-52,1.96312e-50,3.61129e-53,7.95823e-52,8.70682e-52,1.54175e-49,3.57561e-48,6.63898e-51,1.45718e-49,1.59303e-49
2.50838e-56,5.88414e-55,1.06861e-57,2.42592e-56,2.53609e-56,4.68078e-54,1.09473e-52,1.99976e-55,4.52775e-54,4.73215e-54,8.70682e-52,2.02872e-50,3.73292e-53,8.42412e-52,8.80164e-52,1.59303e-49,3.69394e-48,6.86078e-51,1.54175e-49,1.61022e-49
2.53609e-56,5.94893e-55,1.08044e-57,2.50838e-56,2.50853e-56,4.73215e-54,1.10670e-52,2.02178e-55,4.68078e-54,4.68097e-54,8.80164e-52,2.05072e-50,3.77373e-53,8.70682e-52,8.70705e-52,1.61022e-49,3.73359e-48,6.93516e-51,1.59303e-49,1.59306e-49
2.50853e-56,5.88446e-55,1.06868e-57,2.53609e-56,2.42621e-56,4.68097e-54,1.09476e-52,1.99985e-55,4.73215e-54,4.52811e-54,8.70705e-52,2.02877e-50,3.73303e-53,8.80164e-52,8.42456e-52,1.59306e-49,3.69400e-48,6.86092e-51,1.61022e-49,1.54180e-49
2.42621e-56,5.69184e-55,1.03353e-57,2.50853e-56,2.29060e-56,4.52811e-54,1.05913e-52,1.93436e-55,4.68097e-54,4.27622e-54,8.42456e-52,1.96321e-50,3.61149e-53,8.70705e-52,7.95885e-52,1.54180e-49,3.57573e-48,6.63923e-51,1.59306e-49,1.45725e-49
2.29060e-56,5.37446e-55,9.75641e-58,2.42621e-56,2.10426e-56,4.27622e-54,1.00038e-52,1.82648e-55,4.52811e-54,3.92986e-54,7.95885e-52,1.85507e-50,3.41122e-53,8.42456e-52,7.31803e-52,1.45725e-49,3.38049e-48,6.27373e-51,1.54180e-49,1.34080e-49
2.10426e-56,4.93811e-55,8.96129e-58,2.29060e-56,1.87078e-56,3.92986e-54,9.19555e-53,1.67822e-55,4.27622e-54,3.49563e-54,7.31803e-52,1.70616e-50,3.13582e-53,7.95885e-52,6.51410e-52,1.34080e-49,3.11134e-48,5.77073e-51,1.45725e-49,1.19455e-49
1.87078e-56,4.39109e-55,7.96557e-58,2.10426e-56,1.59489e-56,3.49563e-54,8.18150e-53,1.49245e-55,3.92986e-54,2.98234e-54,6.51410e-52,1.51918e-50,2.79058e-53,7.31803e-52,5.56340e-52,1.19455e-49,2.77298e-48,5.13963e-51,1.34080e-49,1.02141e-49
1.59489e-56,3.74430e-55,6.78958e-58,1.87078e-56,1.28239e-56,2.98234e-54,6.98194e-53,1.27301e-55,3.49563e-54,2.40126e-54,5.56340e-52,1.29787e-50,2.38265e-53,6.51410e-52,4.48702e-52,1.02141e-49,2.37195e-48,4.39322e-51,1.19455e-49,8.25153e-50
1.28239e-56,3.01127e-55,5.45827e-58,1.59489e-56,9.40144e-57,2.40126e-54,5.62296e-53,1.02476e-55,2.98234e-54,1.76635e-54,4.48702e-52,1.04707e-50,1.92116e-53,5.56340e-52,3.31100e-52,8.25153e-50,1.91687e-48,3.54794e-51,1.02141e-49,6.10376e-50
9.40144e-57,2.20803e-55,4.00087e-58,1.28239e-56,5.75895e-57,1.76635e-54,4.13712e-53,7.53653e-56,2.40126e-54,1.09488e-54,3.31100e-52,7.72845e-51,1.41730e-53,4.48702e-52,2.06588e-52,6.10376e-50,1.41839e-48,2.62370e-51,8.25153e-50,3.82373e-50
5.75895e-57,1.35281e-55,2.45034e-58,9.40144e-57,1.98518e-57,1.09488e-54,2.56492e-53,4.67067e-56,1.76635e-54,4.12753e-55,2.06588e-52,4.82326e-51,8.84125e-54,3.31100e-52,8.10599e-53,3.82373e-50,8.88824e-49,1.64318e-51,6.10376e-50,1.51328e-50
2.44910e-58,5.75627e-57,1.04149e-59,8.43774e-59,3.99899e-58,4.66914e-56,1.09455e-54,1.99054e-57,1.75958e-56,7.53423e-56,8.83938e-54,2.06548e-52,3.77993e-55,3.46674e-54,1.41702e-53,1.64295e-51,3.82324e-50,7.05299e-53,6.49823e-52,2.62335e-51
3.99899e-58,9.39738e-57,1.70087e-59,2.44910e-58,5.45595e-58,7.53423e-56,1.76586e-54,3.21253e-57,4.66914e-56,1.02447e-55,1.41702e-53,3.31040e-52,6.06071e-55,8.83938e-54,1.92081e-53,2.62335e-51,6.10303e-50,1.12645e-52,1.64295e-51,3.54751e-51
5.45595e-58,1.28189e-56,2.32091e-59,3.99899e-58,6.78705e-58,1.02447e-55,2.40066e-54,4.36905e-57,7.53423e-56,1.27270e-55,1.92081e-53,4.48628e-52,8.21725e-55,1.41702e-53,2.38227e-53,3.54751e-51,8.25062e-50,1.52368e-52,2.62335e-51,4.39275e-51
6.78705e-58,1.59434e-56,2.88764e-59,5.45595e-58,7.96305e-58,1.27270e-55,2.98168e-54,5.42876e-57,1.02447e-55,1.49214e-55,2.38227e-53,5.56258e-52,1.01938e-54,1.92081e-53,2.79020e-53,4.39275e-51,1.02131e-49,1.88726e-52,3.54751e-51,5.13916e-51
7.96305e-58,1.87024e-56,3.38856e-59,6.78705e-58,8.95900e-58,1.49214e-55,3.49496e-54,6.36610e-57,1.27270e-55,1.67793e-55,2.79020e-53,6.51329e-52,1.19423e-54,2.38227e-53,3.13547e-53,5.13916e-51,1.19445e-49,2.20860e-52,4.39275e-51,5.77030e-51
8.95900e-58,2.10377e-56,3.81301e-59,7.96305e-58,9.75452e-58,1.67793e-55,3.92926e-54,7.16019e-57,1.49214e-55,1.82624e-55,3.13547e-53,7.31729e-52,1.34233e-54,2.79020e-53,3.41093e-53,5.77030e-51,1.34071e-49,2.48056e-52,5.13916e-51,6.27337e-51
9.75452e-58,2.29020e-56,4.15219e-59,8.95900e-58,1.03339e-57,1.82624e-55,4.27572e-54,7.79446e-57,1.67793e-55,1.93419e-55,3.41093e-53,7.95823e-52,1.46057e-54,3.13547e-53,3.61129e-53,6.27337e-51,1.45718e-49,2.69752e-52,5.77030e-51,6.63898e-51
1.03339e-57,2.42592e-56,4.39932e-59,9.75452e-58,1.06861e-57,1.93419e-55,4.52775e-54,8.25633e-57,1.82624e-55,1.99976e-55,3.61129e-53,8.42412e-52,1.54663e-54,3.41093e-53,3.73292e-53,6.63898e-51,1.54175e-49,2.85530e-52,6.27337e-51,6.86078e-51
1.06861e-57,2.50838e-56,4.54958e-59,1.03339e-57,1.08044e-57,1.99976e-55,4.68078e-54,8.53699e-57,1.93419e-55,2.02178e-55,3.73292e-53,8.70682e-52,1.59889e-54,3.61129e-53,3.77373e-53,6.86078e-51,1.59303e-49,2.95108e-52,6.63898e-51,6.93516e-51
1.08044e-57,2.53609e-56,4.60010e-59,1.06861e-57,1.06868e-57,2.02178e-55,4.73215e-54,8.63126e-57,1.99976e-55,1.99985e-55,3.77373e-53,8.80164e-52,1.61643e-54,3.73292e-53,3.73303e-53,6.93516e-51,1.61022e-49,2.98320e-52,6.86078e-51,6.86092e-51
1.06868e-57,2.50853e-56,4.54990e-59,1.08044e-57,1.03353e-57,1.99985e-55,4.68097e-54,8.53740e-57,2.02178e-55,1.93436e-55,3.73303e-53,8.70705e-52,1.59894e-54,3.77373e-53,3.61149e-53,6.86092e-51,1.59306e-49,2.95114e-52,6.93516e-51,6.63923e-51
1.03353e-57,2.42621e-56,4.39994e-59,1.06868e-57,9.75641e-58,1.93436e-55,4.52811e-54,8.25711e-57,1.99985e-55,1.82648e-55,3.61149e-53,8.42456e-52,1.54672e-54,3.73303e-53,3.41122e-53,6.63923e-51,1.54180e-49,2.85542e-52,6.86092e-51,6.27373e-51
9.75641e-58,2.29060e-56,4.15306e-59,1.03353e-57,8.96129e-58,1.82648e-55,4.27622e-54,7.79556e-57,1.93436e-55,1.67822e-55,3.41122e-53,7.95885e-52,1.46071e-54,3.61149e-53,3.13582e-53,6.27373e-51,1.45725e-49,2.69769e-52,6.63923e-51,5.77073e-51
8.96129e-58,2.10426e-56,3.81407e-59,9.75641e-58,7.96557e-58,1.67822e-55,3.92986e-54,7.16152e-57,1.82648e-55,1.49245e-55,3.13582e-53,7.31803e-52,1.34250e-54,3.41122e-53,2.79058e-53,5.77073e-51,1.34080e-49,2.48076e-52,6.27373e-51,5.13963e-51
7.96557e-58,1.87078e-56,3.38973e-59,8.96129e-58,6.78958e-58,1.49245e-55,3.49563e-54,6.36755e-57,1.67822e-55,1.27301e-55,2.79058e-53,6.51410e-52,1.19441e-54,3.13582e-53,2.38265e-53,5.13963e-51,1.19455e-49,2.20882e-52,5.77073e-51,4.39322e-51
6.78958e-58,1.59489e-56,2.88881e-59,7.96557e-58,5.45827e-58,1.27301e-55,2.98234e-54,5.43022e-57,1.49245e-55,1.02476e-55,2.38265e-53,5.56340e-52,1.01956e-54,2.79058e-53,1.92116e-53,4.39322e-51,1.02141e-49,1.88748e-52,5.13963e-51,3.54794e-51
5.45827e-58,1.28239e-56,2.32199e-59,6.78958e-58,4.00087e-58,1.02476e-55,2.40126e-54,4.37038e-57,1.27301e-55,7.53653e-56,1.92116e-53,4.48702e-52,8.21887e-55,2.38265e-53,1.41730e-53,3.54794e-51,8.25153e-50,1.52388e-52,4.39322e-51,2.62370e-51
4.00087e-58,9.40144e-57,1.70174e-59,5.45827e-58,2.45034e-58,7.53653e-56,1.76635e-54,3.21360e-57,1.02476e-55,4.67067e-56,1.41730e-53,3.31100e-52,6.06203e-55,1.92116e-53,8.84125e-54,2.62370e-51,6.10376e-50,1.12661e-52,3.54794e-51,1.64318e-51
2.45034e-58,5.75895e-57,1.04206e-59,4.00087e-58,8.44244e-59,4.67067e-56,1.09488e-54,1.99125e-57,7.53653e-56,1.76020e-56,8.84125e-54,2.06588e-52,3.78081e-55,1.41730e-53,3.46753e-54,1.64318e-51,3.82373e-50,7.05407e-53,2.62370e-51,6.49921e-52
1.04149e-59,2.44910e-58,4.42682e-61,3.58646e-60,1.70087e-59,1.99054e-57,4.66914e-56,8.48103e-59,7.49906e-58,3.21253e-57,3.77993e-55,8.83938e-54,1.61519e-56,1.48184e-55,6.06071e-55,7.05299e-53,1.64295e-51,3.02485e-54,2.78807e-53,1.12645e-52
1.70087e-59,3.99899e-58,7.23062e-61,1.04149e-59,2.32091e-59,3.21253e-57,7.53423e-56,1.36897e-58,1.99054e-57,4.36905e-57,6.06071e-55,1.41702e-53,2.59025e-56,3.77993e-55,8.21725e-55,1.12645e-52,2.62335e-51,4.83215e-54,7.05299e-53,1.52368e-52
2.32091e-59,5.45595e-58,9.86795e-61,1.70087e-59,2.88764e-59,4.36905e-57,1.02447e-55,1.86210e-58,3.21253e-57,5.42876e-57,8.21725e-55,1.92081e-53,3.51260e-56,6.06071e-55,1.01938e-54,1.52368e-52,3.54751e-51,6.53769e-54,1.12645e-52,1.88726e-52
2.88764e-59,6.78705e-58,1.22794e-60,2.32091e-59,3.38856e-59,5.42876e-57,1.27270e-55,2.31417e-58,4.36905e-57,6.36610e-57,1.01938e-54,2.38227e-53,4.35845e-56,8.21725e-55,1.19423e-54,1.88726e-52,4.39275e-51,8.09979e-54,1.52368e-52,2.20860e-52
3.38856e-59,7.96305e-58,1.44117e-60,2.88764e-59,3.81301e-59,6.36610e-57,1.49214e-55,2.71424e-58,5.42876e-57,7.16019e-57,1.19423e-54,2.79020e-53,5.10718e-56,1.01938e-54,1.34233e-54,2.20860e-52,5.13916e-51,9.48149e-54,1.88726e-52,2.48056e-52
3.81301e-59,8.95900e-58,1.62193e-60,3.38856e-59,4.15219e-59,7.16019e-57,1.67793e-55,3.05336e-58,6.36610e-57,7.79446e-57,1.34233e-54,3.13547e-53,5.74178e-56,1.19423e-54,1.46057e-54,2.48056e-52,5.77030e-51,1.06518e-53,2.20860e-52,2.69752e-52
4.15219e-59,9.75452e-58,1.76644e-60,3.81301e-59,4.39932e-59,7.79446e-57,1.82624e-55,3.32436e-58,7.16019e-57,8.25633e-57,1.46057e-54,3.41093e-53,6.24874e-56,1.34233e-54,1.54663e-54,2.69752e-52,6.27337e-51,1.15861e-53,2.48056e-52,2.85530e-52
4.39932e-59,1.03339e-57,1.87177e-60,4.15219e-59,4.54958e-59,8.25633e-57,1.93419e-55,3.52178e-58,7.79446e-57,8.53699e-57,1.54663e-54,3.61129e-53,6.61789e-56,1.46057e-54,1.59889e-54,2.85530e-52,6.63898e-51,1.22660e-53,2.69752e-52,2.95108e-52
4.54958e-59,1.06861e-57,1.93583e-60,4.39932e-59,4.60010e-59,8.53699e-57,1.99976e-55,3.64179e-58,8.25633e-57,8.63126e-57,1.59889e-54,3.73292e-53,6.84218e-56,1.54663e-54,1.61643e-54,2.95108e-52,6.86078e-51,1.26789e-53,2.85530e-52,2.98320e-52
4.60010e-59,1.08044e-57,1.95737e-60,4.54958e-59,4.54990e-59,8.63126e-57,2.02178e-55,3.68211e-58,8.53699e-57,8.53740e-57,1.61643e-54,3.77373e-53,6.91748e-56,1.59889e-54,1.59894e-54,2.98320e-52,6.93516e-51,1.28174e-53,2.95108e-52,2.95114e-52
4.54990e-59,1.06868e-57,1.93598e-60,4.60010e-59,4.39994e-59,8.53740e-57,1.99985e-55,3.64198e-58,8.63126e-57,8.25711e-57,1.59894e-54,3.73303e-53,6.84242e-56,1.61643e-54,1.54672e-54,2.95114e-52,6.86092e-51,1.26792e-53,2.98320e-52,2.85542e-52
4.39994e-59,1.03353e-57,1.87205e-60,4.54990e-59,4.15306e-59,8.25711e-57,1.93436e-55,3.52215e-58,8.53740e-57,7.79556e-57,1.54672e-54,3.61149e-53,6.61834e-56,1.59894e-54,1.46071e-54,2.85542e-52,6.63923e-51,1.22665e-53,2.95114e-52,2.69769e-52
4.15306e-59,9.75641e-58,1.76684e-60,4.39994e-59,3.81407e-59,7.79556e-57,1.82648e-55,3.32487e-58,8.25711e-57,7.16152e-57,1.46071e-54,3.41122e-53,6.24938e-56,1.54672e-54,1.34250e-54,2.69769e-52,6.27373e-51,1.15869e-53,2.85542e-52,2.48076e-52
3.81407e-59,8.96129e-58,1.62242e-60,4.15306e-59,3.38973e-59,7.16152e-57,1.67822e-55,3.05398e-58,7.79556e-57,6.36755e-57,1.34250e-54,3.13582e-53,5.74256e-56,1.46071e-54,1.19441e-54,2.48076e-52,5.77073e-51,1.06527e-53,2.69769e-52,2.20882e-52
3.38973e-59,7.96557e-58,1.44171e-60,3.81407e-59,2.88881e-59,6.36755e-57,1.49245e-55,2.71492e-58,7.16152e-57,5.43022e-57,1.19441e-54,2.79058e-53,5.10803e-56,1.34250e-54,1.01956e-54,2.20882e-52,5.13963e-51,9.48252e-54,2.48076e-52,1.88748e-52
2.88881e-59,6.78958e-58,1.22848e-60,3.38973e-59,2.32199e-59,5.43022e-57,1.27301e-55,2.31485e-58,6.36755e-57,4.37038e-57,1.01956e-54,2.38265e-53,4.35929e-56,1.19441e-54,8.21887e-55,1.88748e-52,4.39322e-51,8.10083e-54,2.20882e-52,1.52388e-52
2.32199e-59,5.45827e-58,9.87292e-61,2.88881e-59,1.70174e-59,4.37038e-57,1.02476e-55,1.86272e-58,5.43022e-57,3.21360e-57,8.21887e-55,1.92116e-53,3.51336e-56,1.01956e-54,6.06203e-55,1.52388e-52,3.54794e-51,6.53862e-54,1.88748e-52,1.12661e-52
1.70174e-59,4.00087e-58,7.23465e-61,2.32199e-59,1.04206e-59,3.21360e-57,7.53653e-56,1.36946e-58,4.37038e-57,1.99125e-57,6.06203e-55,1.41730e-53,2.59086e-56,8.21887e-55,3.78081e-55,1.12661e-52,2.62370e-51,4.83291e-54,1.52388e-52,7.05407e-53
1.04206e-59,2.45034e-58,4.42948e-61,1.70174e-59,3.58863e-60,1.99125e-57,4.67067e-56,8.48435e-59,3.21360e-57,7.50193e-58,3.78081e-55,8.84125e-54,1.61560e-56,6.06203e-55,1.48221e-55,7.05407e-53,1.64318e-51,3.02535e-54,1.12661e-52,2.78853e-53
4.42682e-61,1.04149e-59,1.88073e-62,1.52371e-61,7.23062e-61,8.48103e-59,1.99054e-57,3.61144e-60,3.19414e-59,1.36897e-58,1.61519e-56,3.77993e-55,6.89693e-58,6.32946e-57,2.59025e-56,3.02485e-54,7.05299e-53,1.29610e-55,1.19511e-54,4.83215e-54
7.23062e-61,1.70087e-59,3.07237e-62,4.42682e-61,9.86795e-61,1.36897e-58,3.21253e-57,5.83024e-60,8.48103e-59,1.86210e-58,2.59025e-56,6.06071e-55,1.10623e-57,1.61519e-56,3.51260e-56,4.83215e-54,1.12645e-52,2.07093e-55,3.02485e-54,6.53769e-54
9.86795e-61,2.32091e-59,4.19354e-62,7.23062e-61,1.22794e-60,1.86210e-58,4.36905e-57,7.93164e-60,1.36897e-58,2.31417e-58,3.51260e-56,8.21725e-55,1.50041e-57,2.59025e-56,4.35845e-56,6.53769e-54,1.52368e-52,2.80247e-55,4.83215e-54,8.09979e-54
1.22794e-60,2.88764e-59,5.21902e-62,9.86795e-61,1.44117e-60,2.31417e-58,5.42876e-57,9.85882e-60,1.86210e-58,2.71424e-58,4.35845e-56,1.01938e-54,1.86207e-57,3.51260e-56,5.10718e-56,8.09979e-54,1.88726e-52,3.47289e-55,6.53769e-54,9.48149e-54
1.44117e-60,3.38856e-59,6.12618e-62,1.22794e-60,1.62193e-60,2.71424e-58,6.36610e-57,1.15651e-59,2.31417e-58,3.05336e-58,5.10718e-56,1.19423e-54,2.18239e-57,4.35845e-56,5.74178e-56,9.48149e-54,2.20860e-52,4.06629e-55,8.09979e-54,1.06518e-53
1.62193e-60,3.81301e-59,6.89546e-62,1.44117e-60,1.76644e-60,3.05336e-58,7.16019e-57,1.30121e-59,2.71424e-58,3.32436e-58,5.74178e-56,1.34233e-54,2.45404e-57,5.10718e-56,6.24874e-56,1.06518e-53,2.48056e-52,4.56925e-55,9.48149e-54,1.15861e-53
1.76644e-60,4.15219e-59,7.51071e-62,1.62193e-60,1.87177e-60,3.32436e-58,7.79446e-57,1.41690e-59,3.05336e-58,3.52178e-58,6.24874e-56,1.46057e-54,2.67116e-57,5.74178e-56,6.61789e-56,1.15861e-53,2.69752e-52,4.97105e-55,1.06518e-53,1.22660e-53
1.87177e-60,4.39932e-59,7.95929e-62,1.76644e-60,1.93583e-60,3.52178e-58,8.25633e-57,1.50121e-59,3.32436e-58,3.64179e-58,6.61789e-56,1.54663e-54,2.82934e-57,6.24874e-56,6.84218e-56,1.22660e-53,2.85530e-52,5.26361e-55,1.15861e-53,1.26789e-53
1.93583e-60,4.54958e-59,8.23219e-62,1.87177e-60,1.95737e-60,3.64179e-58,8.53699e-57,1.55248e-59,3.52178e-58,3.68211e-58,6.84218e-56,1.59889e-54,2.92549e-57,6.61789e-56,6.91748e-56,1.26789e-53,2.95108e-52,5.44136e-55,1.22660e-53,1.28174e-53
1.95737e-60,4.60010e-59,8.32399e-62,1.93583e-60,1.93598e-60,3.68211e-58,8.63126e-57,1.56971e-59,3.64179e-58,3.64198e-58,6.91748e-56,1.61643e-54,2.95777e-57,6.84218e-56,6.84242e-56,1.28174e-53,2.98320e-52,5.50101e-55,1.26789e-53,1.26792e-53
1.93598e-60,4.54990e-59,8.23288e-62,1.95737e-60,1.87205e-60,3.64198e-58,8.53740e-57,1.55257e-59,3.68211e-58,3.52215e-58,6.84242e-56,1.59894e-54,2.92560e-57,6.91748e-56,6.61834e-56,1.26792e-53,2.95114e-52,5.44149e-55,1.28174e-53,1.22665e-53
1.87205e-60,4.39994e-59,7.96062e-62,1.93598e-60,1.76684e-60,3.52215e-58,8.25711e-57,1.50138e-59,3.64198e-58,3.32487e-58,6.61834e-56,1.54672e-54,2.82956e-57,6.84242e-56,6.24938e-56,1.22665e-53,2.85542e-52,5.26388e-55,1.26792e-53,1.15869e-53
1.76684e-60,4.15306e-59,7.51258e-62,1.87205e-60,1.62242e-60,3.32487e-58,7.79556e-57,1.41714e-59,3.52215e-58,3.05398e-58,6.24938e-56,1.46071e-54,2.67146e-57,6.61834e-56,5.74256e-56,1.15869e-53,2.69769e-52,4.97142e-55,1.22665e-53,1.06527e-53
1.62242e-60,3.81407e-59,6.89774e-62,1.76684e-60,1.44171e-60,3.05398e-58,7.16152e-57,1.30150e-59,3.32487e-58,2.71492e-58,5.74256e-56,1.34250e-54,2.45440e-57,6.24938e-56,5.10803e-56,1.06527e-53,2.48076e-52,4.56969e-55,1.15869e-53,9.48252e-54
1.44171e-60,3.38973e-59,6.12868e-62,1.62242e-60,1.22848e-60,2.71492e-58,6.36755e-57,1.15683e-59,3.05398e-58,2.31485e-58,5.10803e-56,1.19441e-54,2.18278e-57,5.74256e-56,4.35929e-56,9.48252e-54,2.20882e-52,4.06677e-55,1.06527e-53,8.10083e-54
1.22848e-60,2.88881e-59,5.22153e-62,1.44171e-60,9.87292e-61,2.31485e-58,5.43022e-57,9.86197e-60,2.71492e-58,1.86272e-58,4.35929e-56,1.01956e-54,1.86246e-57,5.10803e-56,3.51336e-56,8.10083e-54,1.88748e-52,3.47337e-55,9.48252e-54,6.53862e-54
9.87292e-61,2.32199e-59,4.19584e-62,1.22848e-60,7.23465e-61,1.86272e-58,4.37038e-57,7.93451e-60,2.31485e-58,1.36946e-58,3.51336e-56,8.21887e-55,1.50076e-57,4.35929e-56,2.59086e-56,6.53862e-54,1.52388e-52,2.80290e-55,8.10083e-54,4.83291e-54
7.23465e-61,1.70174e-59,3.07423e-62,9.87292e-61,4.42948e-61,1.36946e-58,3.21360e-57,5.83256e-60,1.86272e-58,8.48435e-59,2.59086e-56,6.06203e-55,1.10652e-57,3.51336e-56,1.61560e-56,4.83291e-54,1.12661e-52,2.07128e-55,6.53862e-54,3.02535e-54
4.42948e-61,1.04206e-59,1.88196e-62,7.23465e-61,1.52472e-61,8.48435e-59,1.99125e-57,3.61297e-60,1.36946e-58,3.19548e-59,1.61560e-56,3.78081e-55,6.89885e-58,2.59086e-56,6.33119e-57,3.02535e-54,7.05407e-53,1.29634e-55,4.83291e-54,1.19533e-54
1.88073e-62,4.42682e-61,7.98664e-64,6.47060e-63,3.07237e-62,3.61144e-60,8.48103e-59,1.53700e-61,1.35976e-60,5.83024e-60,6.89693e-58,1.61519e-56,2.94304e-59,2.70169e-58,1.10623e-57,1.29610e-55,3.02485e-54,5.54881e-57,5.11837e-56,2.07093e-55
3.07237e-62,7.23062e-61,1.30488e-63,1.88073e-62,4.19354e-62,5.83024e-60,1.36897e-58,2.48164e-61,3.61144e-60,7.93164e-60,1.10623e-57,2.59025e-56,4.72119e-59,6.89693e-58,1.50041e-57,2.07093e-55,4.83215e-54,8.86763e-57,1.29610e-55,2.80247e-55
4.19354e-62,9.86795e-61,1.78127e-63,3.07237e-62,5.21902e-62,7.93164e-60,1.86210e-58,3.37656e-61,5.83024e-60,9.85882e-60,1.50041e-57,3.51260e-56,6.40447e-59,1.10623e-57,1.86207e-57,2.80247e-55,6.53769e-54,1.20024e-56,2.07093e-55,3.47289e-55
5.21902e-62,1.22794e-60,2.21713e-63,4.19354e-62,6.12618e-62,9.85882e-60,2.31417e-58,4.19758e-61,7.93164e-60,1.15651e-59,1.86207e-57,4.35845e-56,7.94959e-59,1.50041e-57,2.18239e-57,3.47289e-55,8.09979e-54,1.48767e-56,2.80247e-55,4.06629e-55
6.12618e-62,1.44117e-60,2.60283e-63,5.21902e-62,6.89546e-62,1.15651e-59,2.71424e-58,4.92481e-61,9.85882e-60,1.30121e-59,2.18239e-57,5.10718e-56,9.31879e-59,1.86207e-57,2.45404e-57,4.06629e-55,9.48149e-54,1.74224e-56,3.47289e-55,4.56925e-55
6.89546e-62,1.62193e-60,2.93003e-63,6.12618e-62,7.51071e-62,1.30121e-59,3.05336e-58,5.54179e-61,1.15651e-59,1.41690e-59,2.45404e-57,5.74178e-56,1.04805e-58,2.18239e-57,2.67116e-57,4.56925e-55,1.06518e-53,1.95815e-56,4.06629e-55,4.97105e-55
7.51071e-62,1.76644e-60,3.19180e-63,6.89546e-62,7.95929e-62,1.41690e-59,3.32436e-58,6.03527e-61,1.30121e-59,1.50121e-59,2.67116e-57,6.24874e-56,1.14096e-58,2.45404e-57,2.82934e-57,4.97105e-55,1.15861e-53,2.13073e-56,4.56925e-55,5.26361e-55
7.95929e-62,1.87177e-60,3.38271e-63,7.51071e-62,8.23219e-62,1.50121e-59,3.52178e-58,6.39503e-61,1.41690e-59,1.55248e-59,2.82934e-57,6.61789e-56,1.20866e-58,2.67116e-57,2.92549e-57,5.26361e-55,1.22660e-53,2.25645e-56,4.97105e-55,5.44136e-55
8.23219e-62,1.93583e-60,3.49888e-63,7.95929e-62,8.32399e-62,1.55248e-59,3.64179e-58,6.61384e-61,1.50121e-59,1.56971e-59,2.92549e-57,6.84218e-56,1.24983e-58,2.82934e-57,2.95777e-57,5.44136e-55,1.26789e-53,2.33287e-56,5.26361e-55,5.50101e-55
8.32399e-62,1.95737e-60,3.53797e-63,8.23219e-62,8.23288e-62,1.56971e-59,3.68211e-58,6.68740e-61,1.55248e-59,1.55257e-59,2.95777e-57,6.91748e-56,1.26366e-58,2.92549e-57,2.92560e-57,5.50101e-55,1.28174e-53,2.35852e-56,5.44136e-55,5.44149e-55
8.23288e-62,1.93598e-60,3.49920e-63,8.32399e-62,7.96062e-62,1.55257e-59,3.64198e-58,6.61425e-61,1.56971e-59,1.50138e-59,2.92560e-57,6.84242e-56,1.24988e-58,2.95777e-57,2.82956e-57,5.44149e-55,1.26792e-53,2.33293e-56,5.50101e-55,5.26388e-55
7.96062e-62,1.87205e-60,3.38333e-63,8.23288e-62,7.51258e-62,1.50138e-59,3.52215e-58,6.39582e-61,1.55257e-59,1.41714e-59,2.82956e-57,6.61834e-56,1.20876e-58,2.92560e-57,2.67146e-57,5.26388e-55,1.22665e-53,2.25658e-56,5.44149e-55,4.97142e-55
7.51258e-62,1.76684e-60,3.19266e-63,7.96062e-62,6.89774e-62,1.41714e-59,3.32487e-58,6.03637e-61,1.50138e-59,1.30150e-59,2.67146e-57,6.24938e-56,1.14110e-58,2.82956e-57,2.45440e-57,4.97142e-55,1.15869e-53,2.13090e-56,5.26388e-55,4.56969e-55
6.89774e-62,1.62242e-60,2.93108e-63,7.51258e-62,6.12868e-62,1.30150e-59,3.05398e-58,5.54313e-61,1.41714e-59,1.15683e-59,2.45440e-57,5.74256e-56,1.04822e-58,2.67146e-57,2.18278e-57,4.56969e-55,1.06527e-53,1.95835e-56,4.97142e-55,4.06677e-55
6.12868e-62,1.44171e-60,2.60399e-63,6.89774e-62,5.22153e-62,1.15683e-59,2.71492e-58,4.92627e-61,1.30150e-59,9.86197e-60,2.18278e-57,5.10803e-56,9.32063e-59,2.45440e-57,1.86246e-57,4.06677e-55,9.48252e-54,1.74247e-56,4.56969e-55,3.47337e-55
5.22153e-62,1.22848e-60,2.21829e-63,6.12868e-62,4.19584e-62,9.86197e-60,2.31485e-58,4.19905e-61,1.15683e-59,7.93451e-60,1.86246e-57,4.35929e-56,7.95143e-59,2.18278e-57,1.50076e-57,3.47337e-55,8.10083e-54,1.48790e-56,4.06677e-55,2.80290e-55
4.19584e-62,9.87292e-61,1.78233e-63,5.22153e-62,3.07423e-62,7.93451e-60,1.86272e-58,3.37789e-61,9.86197e-60,5.83256e-60,1.50076e-57,3.51336e-56,6.40614e-59,1.86246e-57,1.10652e-57,2.80290e-55,6.53862e-54,1.20044e-56,3.47337e-55,2.07128e-55
3.07423e-62,7.23465e-61,1.30574e-63,4.19584e-62,1.88196e-62,5.83256e-60,1.36946e-58,2.48272e-61,7.93451e-60,3.61297e-60,1.10652e-57,2.59086e-56,4.72253e-59,1.50076e-57,6.89885e-58,2.07128e-55,4.83291e-54,8.86928e-57,2.80290e-55,1.29634e-55
1.88196e-62,4.42948e-61,7.99232e-64,3.07423e-62,6.47523e-63,3.61297e-60,8.48435e-59,1.53772e-61,5.83256e-60,1.36038e-60,6.89885e-58,1.61560e-56,2.94393e-59,1.10652e-57,2.70250e-58,1.29634e-55,3.02535e-54,5.54992e-57,2.07128e-55,5.11938e-56
7.98664e-64,1.88073e-62,3.38464e-65,2.74660e-64,1.30488e-63,1.53700e-61,3.61144e-60,6.52793e-63,5.78546e-62,2.48164e-61,2.94304e-59,6.89693e-58,1.25312e-60,1.15245e-59,4.72119e-59,5.54881e-57,1.29610e-55,2.36997e-58,2.19026e-57,8.86763e-57
1.30488e-63,3.07237e-62,5.53057e-65,7.98664e-64,1.78127e-63,2.48164e-61,5.83024e-60,1.05411e-62,1.53700e-61,3.37656e-61,4.72119e-59,1.10623e-57,2.01050e-60,2.94304e-59,6.40447e-59,8.86763e-57,2.07093e-55,3.78808e-58,5.54881e-57,1.20024e-56
1.78127e-63,4.19354e-62,7.55051e-65,1.30488e-63,2.21713e-63,3.37656e-61,7.93164e-60,1.43441e-62,2.48164e-61,4.19758e-61,6.40447e-59,1.50041e-57,2.72770e-60,4.72119e-59,7.94959e-59,1.20024e-56,2.80247e-55,5.12804e-58,8.86763e-57,1.48767e-56
2.21713e-63,5.21902e-62,9.39908e-65,1.78127e-63,2.60283e-63,4.19758e-61,9.85882e-60,1.78342e-62,3.37656e-61,4.92481e-61,7.94959e-59,1.86207e-57,3.38630e-60,6.40447e-59,9.31879e-59,1.48767e-56,3.47289e-55,6.35730e-58,1.20024e-56,1.74224e-56
2.60283e-63,6.12618e-62,1.10354e-64,2.21713e-63,2.93003e-63,4.92481e-61,1.15651e-59,2.09268e-62,4.19758e-61,5.54179e-61,9.31879e-59,2.18239e-57,3.97017e-60,7.94959e-59,1.04805e-58,1.74224e-56,4.06629e-55,7.44658e-58,1.48767e-56,1.95815e-56
2.93003e-63,6.89546e-62,1.24240e-64,2.60283e-63,3.19180e-63,5.54179e-61,1.30121e-59,2.35515e-62,4.92481e-61,6.03527e-61,1.04805e-58,2.45404e-57,4.46580e-60,9.31879e-59,1.14096e-58,1.95815e-56,4.56925e-55,8.37093e-58,1.74224e-56,2.13073e-56
3.19180e-63,7.51071e-62,1.35352e-64,2.93003e-63,3.38271e-63,6.03527e-61,1.41690e-59,2.56516e-62,5.54179e-61,6.39503e-61,1.14096e-58,2.67116e-57,4.86233e-60,1.04805e-58,1.20866e-58,2.13073e-56,4.97105e-55,9.11020e-58,1.95815e-56,2.25645e-56
3.38271e-63,7.95929e-62,1.43459e-64,3.19180e-63,3.49888e-63,6.39503e-61,1.50121e-59,2.71831e-62,6.03527e-61,6.61384e-61,1.20866e-58,2.82934e-57,5.15143e-60,1.14096e-58,1.24983e-58,2.25645e-56,5.26361e-55,9.64900e-58,2.13073e-56,2.33287e-56
3.49888e-63,8.23219e-62,1.48393e-64,3.38271e-63,3.53797e-63,6.61384e-61,1.55248e-59,2.81149e-62,6.39503e-61,6.68740e-61,1.24983e-58,2.92549e-57,5.32725e-60,1.20866e-58,1.26366e-58,2.33287e-56,5.44136e-55,9.97657e-58,2.25645e-56,2.35852e-56
3.53797e-63,8.32399e-62,1.50054e-64,3.49888e-63,3.49920e-63,6.68740e-61,1.56971e-59,2.84282e-62,6.61384e-61,6.61425e-61,1.26366e-58,2.95777e-57,5.38632e-60,1.24983e-58,1.24988e-58,2.35852e-56,5.50101e-55,1.00866e-57,2.33287e-56,2.33293e-56
3.49920e-63,8.23288e-62,1.48407e-64,3.53797e-63,3.38333e-63,6.61425e-61,1.55257e-59,2.81168e-62,6.68740e-61,6.39582e-61,1.24988e-58,2.92560e-57,5.32749e-60,1.26366e-58,1.20876e-58,2.33293e-56,5.44149e-55,9.97687e-58,2.35852e-56,2.25658e-56
3.38333e-63,7.96062e-62,1.43487e-64,3.49920e-63,3.19266e-63,6.39582e-61,1.50138e-59,2.71868e-62,6.61425e-61,6.03637e-61,1.20876e-58,2.82956e-57,5.15189e-60,1.24988e-58,1.14110e-58,2.25658e-56,5.26388e-55,9.64958e-58,2.33293e-56,2.13090e-56
3.19266e-63,7.51258e-62,1.35392e-64,3.38333e-63,2.93108e-63,6.03637e-61,1.41714e-59,2.56567e-62,6.39582e-61,5.54313e-61,1.14110e-58,2.67146e-57,4.86298e-60,1.20876e-58,1.04822e-58,2.13090e-56,4.97142e-55,9.11101e-58,2.25658e-56,1.95835e-56
2.93108e-63,6.89774e-62,1.24288e-64,3.19266e-63,2.60399e-63,5.54313e-61,1.30150e-59,2.35577e-62,6.03637e-61,4.92627e-61,1.04822e-58,2.45440e-57,4.46659e-60,1.14110e-58,9.32063e-59,1.95835e-56,4.56969e-55,8.37191e-58,2.13090e-56,1.74247e-56
2.60399e-63,6.12868e-62,1.10407e-64,2.93108e-63,2.21829e-63,4.92627e-61,1.15683e-59,2.09336e-62,5.54313e-61,4.19905e-61,9.32063e-59,2.18278e-57,3.97102e-60,1.04822e-58,7.95143e-59,1.74247e-56,4.06677e-55,7.44764e-58,1.95835e-56,1.48790e-56
2.21829e-63,5.22153e-62,9.40443e-65,2.60399e-63,1.78233e-63,4.19905e-61,9.86197e-60,1.78410e-62,4.92627e-61,3.37789e-61,7.95143e-59,1.86246e-57,3.38715e-60,9.32063e-59,6.40614e-59,1.48790e-56,3.47337e-55,6.35836e-58,1.74247e-56,1.20044e-56
1.78233e-63,4.19584e-62,7.55540e-65,2.21829e-63,1.30574e-63,3.37789e-61,7.93451e-60,1.43503e-62,4.19905e-61,2.48272e-61,6.40614e-59,1.50076e-57,2.72848e-60,7.95143e-59,4.72253e-59,1.20044e-56,2.80290e-55,5.12900e-58,1.48790e-56,8.86928e-57
1.30574e-63,3.07423e-62,5.53454e-65,1.78233e-63,7.99232e-64,2.48272e-61,5.83256e-60,1.05461e-62,3.37789e-61,1.53772e-61,4.72253e-59,1.10652e-57,2.01113e-60,6.40614e-59,2.94393e-59,8.86928e-57,2.07128e-55,3.78885e-58,1.20044e-56,5.54992e-57
7.99232e-64,1.88196e-62,3.38726e-65,1.30574e-63,2.74874e-64,1.53772e-61,3.61297e-60,6.53122e-63,2.48272e-61,5.78833e-62,2.94393e-59,6.89885e-58,1.25354e-60,4.72253e-59,1.15282e-59,5.54992e-57,1.29634e-55,2.37049e-58,8.86928e-57,2.19073e-57
3.38464e-65,7.98664e-64,2.63397e-66,1.16353e-65,5.53057e-65,6.52793e-63,1.53700e-61,5.09749e-64,2.45618e-63,1.05411e-62,1.25312e-60,2.94304e-59,9.81203e-62,4.90436e-61,2.01050e-60,2.36997e-58,5.54881e-57,1.86078e-59,9.34900e-59,3.78808e-58
5.53057e-65,1.30488e-63,4.30296e-66,3.38464e-65,7.55051e-65,1.05411e-62,2.48164e-61,8.22757e-64,6.52793e-63,1.43441e-62,2.01050e-60,4.72119e-59,1.57360e-61,1.25312e-60,2.72770e-60,3.78808e-58,8.86763e-57,2.97312e-59,2.36997e-58,5.12804e-58
7.55051e-65,1.78127e-63,5.87444e-66,5.53057e-65,9.39908e-65,1.43441e-62,3.37656e-61,1.11953e-63,1.05411e-62,1.78342e-62,2.72770e-60,6.40447e-59,2.13489e-61,2.01050e-60,3.38630e-60,5.12804e-58,1.20024e-56,4.02478e-59,3.78808e-58,6.35730e-58
9.39908e-65,2.21713e-63,7.31298e-66,7.55051e-65,1.10354e-64,1.78342e-62,4.19758e-61,1.39202e-63,1.43441e-62,2.09268e-62,3.38630e-60,7.94959e-59,2.65056e-61,2.72770e-60,3.97017e-60,6.35730e-58,1.48767e-56,4.99010e-59,5.12804e-58,7.44658e-58
1.10354e-64,2.60283e-63,8.58670e-66,9.39908e-65,1.24240e-64,2.09268e-62,4.92481e-61,1.63356e-63,1.78342e-62,2.35515e-62,3.97017e-60,9.31879e-59,3.10794e-61,3.38630e-60,4.46580e-60,7.44658e-58,1.74224e-56,5.84595e-59,6.35730e-58,8.37093e-58
1.24240e-64,2.93003e-63,9.66784e-66,1.10354e-64,1.35352e-64,2.35515e-62,5.54179e-61,1.83863e-63,2.09268e-62,2.56516e-62,4.46580e-60,1.04805e-58,3.49636e-61,3.97017e-60,4.86233e-60,8.37093e-58,1.95815e-56,6.57259e-59,7.44658e-58,9.11020e-58
1.35352e-64,3.19180e-63,1.05333e-65,1.24240e-64,1.43459e-64,2.56516e-62,6.03527e-61,2.00276e-63,2.35515e-62,2.71831e-62,4.86233e-60,1.14096e-58,3.80722e-61,4.46580e-60,5.15143e-60,9.11020e-58,2.13073e-56,7.15399e-59,8.37093e-58,9.64900e-58
1.43459e-64,3.38271e-63,1.11648e-65,1.35352e-64,1.48393e-64,2.71831e-62,6.39503e-61,2.12249e-63,2.56516e-62,2.81149e-62,5.15143e-60,1.20866e-58,4.03394e-61,4.86233e-60,5.32725e-60,9.64900e-58,2.25645e-56,7.57790e-59,9.11020e-58,9.97657e-58
1.48393e-64,3.49888e-63,1.15492e-65,1.43459e-64,1.50054e-64,2.81149e-62,6.61384e-61,2.19535e-63,2.71831e-62,2.84282e-62,5.32725e-60,1.24983e-58,4.17186e-61,5.15143e-60,5.38632e-60,9.97657e-58,2.33287e-56,7.83569e-59,9.64900e-58,1.00866e-57
1.50054e-64,3.53797e-63,1.16786e-65,1.48393e-64,1.48407e-64,2.84282e-62,6.68740e-61,2.21985e-63,2.81149e-62,2.81168e-62,5.38632e-60,1.26366e-58,4.21821e-61,5.32725e-60,5.32749e-60,1.00866e-57,2.35852e-56,7.92227e-59,9.97657e-58,9.97687e-58
1.48407e-64,3.49920e-63,1.15504e-65,1.50054e-64,1.43487e-64,2.81168e-62,6.61425e-61,2.19551e-63,2.84282e-62,2.71868e-62,5.32749e-60,1.24988e-58,4.17207e-61,5.38632e-60,5.15189e-60,9.97687e-58,2.33293e-56,7.83595e-59,1.00866e-57,9.64958e-58
1.43487e-64,3.38333e-63,1.11671e-65,1.48407e-64,1.35392e-64,2.71868e-62,6.39582e-61,2.12280e-63,2.81168e-62,2.56567e-62,5.15189e-60,1.20876e-58,4.03434e-61,5.32749e-60,4.86298e-60,9.64958e-58,2.25658e-56,7.57839e-59,9.97687e-58,9.11101e-58
1.35392e-64,3.19266e-63,1.05366e-65,1.43487e-64,1.24288e-64,2.56567e-62,6.03637e-61,2.00319e-63,2.71868e-62,2.35577e-62,4.86298e-60,1.14110e-58,3.80778e-61,5.15189e-60,4.46659e-60,9.11101e-58,2.13090e-56,7.15469e-59,9.64958e-58,8.37191e-58
1.24288e-64,2.93108e-63,9.67193e-66,1.35392e-64,1.10407e-64,2.35577e-62,5.54313e-61,1.83915e-63,2.56567e-62,2.09336e-62,4.46659e-60,1.04822e-58,3.49702e-61,4.86298e-60,3.97102e-60,8.37191e-58,1.95835e-56,6.57342e-59,9.11101e-58,7.44764e-58
1.10407e-64,2.60399e-63,8.59118e-66,1.24288e-64,9.40443e-65,2.09336e-62,4.92627e-61,1.63413e-63,2.35577e-62,1.78410e-62,3.97102e-60,9.32063e-59,3.10867e-61,4.46659e-60,3.38715e-60,7.44764e-58,1.74247e-56,5.84686e-59,8.37191e-58,6.35836e-58
9.40443e-65,2.21829e-63,7.31749e-66,1.10407e-64,7.55540e-65,1.78410e-62,4.19905e-61,1.39259e-63,2.09336e-62,1.43503e-62,3.38715e-60,7.95143e-59,2.65129e-61,3.97102e-60,2.72848e-60,6.35836e-58,1.48790e-56,4.99100e-59,7.44764e-58,5.12900e-58
7.55540e-65,1.78233e-63,5.87856e-66,9.40443e-65,5.53454e-65,1.43503e-62,3.37789e-61,1.12005e-63,1.78410e-62,1.05461e-62,2.72848e-60,6.40614e-59,2.13555e-61,3.38715e-60,2.01113e-60,5.12900e-58,1.20044e-56,4.02560e-59,6.35836e-58,3.78885e-58
5.53454e-65,1.30574e-63,4.30630e-66,7.55540e-65,3.38726e-65,1.05461e-62,2.48272e-61,8.23176e-64,1.43503e-62,6.53122e-63,2.01113e-60,4.72253e-59,1.57413e-61,2.72848e-60,1.25354e-60,3.78885e-58,8.86928e-57,2.97378e-59,5.12900e-58,2.37049e-58
3.38726e-65,7.99232e-64,2.63618e-66,5.53454e-65,1.16451e-65,6.53122e-63,1.53772e-61,5.10027e-64,1.05461e-62,2.45751e-63,1.25354e-60,2.94393e-59,9.81555e-62,2.01113e-60,4.90611e-61,2.37049e-58,5.54992e-57,1.86122e-59,3.78885e-58,9.35120e-59
